g,condition,cycles_per_pixel,mean_power,bin_count
32,FS / P=0,0.0,0.0,1
32,FS / P=0,0.00390625,771.5440576601653,8
32,FS / P=0,0.0078125,503.5081635261129,12
32,FS / P=0,0.01171875,377.43276572535797,16
32,FS / P=0,0.015625,218.35342247206867,32
32,FS / P=0,0.01953125,220.63092412297604,28
32,FS / P=0,0.0234375,182.54299730148955,40
32,FS / P=0,0.02734375,192.76372389520702,40
32,FS / P=0,0.03125,163.09982680709635,48
32,FS / P=0,0.03515625,135.57726984755422,68
32,FS / P=0,0.0390625,140.50846901730412,56
32,FS / P=0,0.04296875,129.70014523233823,72
32,FS / P=0,0.046875,131.96591388169736,68
32,FS / P=0,0.05078125,134.82778819616576,88
32,FS / P=0,0.0546875,192.98890989595046,88
32,FS / P=0,0.05859375,170.8159752466808,84
32,FS / P=0,0.0625,125.88132985749591,112
32,FS / P=0,0.06640625,141.36817141737302,112
32,FS / P=0,0.0703125,138.0940712509591,112
32,FS / P=0,0.07421875,133.49554127719165,116
32,FS / P=0,0.078125,116.96368651051803,112
32,FS / P=0,0.08203125,160.15175900829604,144
32,FS / P=0,0.0859375,143.6531312020211,140
32,FS / P=0,0.08984375,148.58290285947132,144
32,FS / P=0,0.09375,132.0956182304919,144
32,FS / P=0,0.09765625,140.34614945731676,168
32,FS / P=0,0.1015625,166.93094512644973,164
32,FS / P=0,0.10546875,185.72763758977163,160
32,FS / P=0,0.109375,186.24349703123738,184
32,FS / P=0,0.11328125,194.39610884062054,172
32,FS / P=0,0.1171875,183.04562294089854,200
32,FS / P=0,0.12109375,199.11701612457708,192
32,FS / P=0,0.125,247.05767999171042,188
32,FS / P=0,0.12890625,252.10867827337066,208
32,FS / P=0,0.1328125,318.2811661568866,224
32,FS / P=0,0.13671875,332.26364674558755,224
32,FS / P=0,0.140625,305.7525025051139,228
32,FS / P=0,0.14453125,253.8077204315486,224
32,FS / P=0,0.1484375,375.12293920648017,248
32,FS / P=0,0.15234375,364.67554418027726,236
32,FS / P=0,0.15625,352.1943887975109,264
32,FS / P=0,0.16015625,384.15027040581384,248
32,FS / P=0,0.1640625,317.24746517179324,264
32,FS / P=0,0.16796875,503.1538209833436,276
32,FS / P=0,0.171875,461.3767404171171,264
32,FS / P=0,0.17578125,470.7108621197089,288
32,FS / P=0,0.1796875,480.2958237744453,276
32,FS / P=0,0.18359375,466.3079778420853,304
32,FS / P=0,0.1875,483.53190717628166,304
32,FS / P=0,0.19140625,514.0128484811974,312
32,FS / P=0,0.1953125,523.2629251124694,316
32,FS / P=0,0.19921875,471.59624827046537,320
32,FS / P=0,0.203125,658.1876719188631,344
32,FS / P=0,0.20703125,769.946831774408,316
32,FS / P=0,0.2109375,758.443679033909,336
32,FS / P=0,0.21484375,676.5593783879815,352
32,FS / P=0,0.21875,831.6826036472812,340
32,FS / P=0,0.22265625,807.6827895903898,376
32,FS / P=0,0.2265625,906.6632116857479,336
32,FS / P=0,0.23046875,1026.5106497923002,392
32,FS / P=0,0.234375,1046.527246242646,380
32,FS / P=0,0.23828125,1143.0869847587353,368
32,FS / P=0,0.2421875,1277.5544850154283,400
32,FS / P=0,0.24609375,1414.0243208815725,364
32,FS / P=0,0.25,1687.677699227748,440
32,FS / P=0,0.25390625,1811.074185086415,400
32,FS / P=0,0.2578125,2524.0543545485257,424
32,FS / P=0,0.26171875,2591.725443337306,420
32,FS / P=0,0.265625,2393.994651142289,416
32,FS / P=0,0.26953125,2382.72870671131,448
32,FS / P=0,0.2734375,2869.527639479041,428
32,FS / P=0,0.27734375,3316.153657627382,432
32,FS / P=0,0.28125,3770.5904051314274,480
32,FS / P=0,0.28515625,4395.072865829255,444
32,FS / P=0,0.2890625,4359.163696728856,472
32,FS / P=0,0.29296875,4922.4831783193895,456
32,FS / P=0,0.296875,4463.199468193986,488
32,FS / P=0,0.30078125,5191.849189543611,500
32,FS / P=0,0.3046875,5825.692003029351,472
32,FS / P=0,0.30859375,7059.299550053799,496
32,FS / P=0,0.3125,9669.611260279533,492
32,FS / P=0,0.31640625,8343.333052602105,536
32,FS / P=0,0.3203125,9181.553054344085,512
32,FS / P=0,0.32421875,9889.984864852111,512
32,FS / P=0,0.328125,11028.869224825885,516
32,FS / P=0,0.33203125,12761.701181238343,552
32,FS / P=0,0.3359375,14444.567052460709,544
32,FS / P=0,0.33984375,14117.2878138421,540
32,FS / P=0,0.34375,14233.893929259299,536
32,FS / P=0,0.34765625,21819.43162559006,584
32,FS / P=0,0.3515625,14632.424077719616,556
32,FS / P=0,0.35546875,19172.95211931058,576
32,FS / P=0,0.359375,17146.46140171808,568
32,FS / P=0,0.36328125,20479.390007870912,592
32,FS / P=0,0.3671875,18929.17902830898,580
32,FS / P=0,0.37109375,15255.22907593989,592
32,FS / P=0,0.375,16074.031025963734,600
32,FS / P=0,0.37890625,15129.317005477027,612
32,FS / P=0,0.3828125,15444.2352297928,664
32,FS / P=0,0.38671875,12926.545491105258,592
32,FS / P=0,0.390625,11883.525884530342,640
32,FS / P=0,0.39453125,10835.296008103323,596
32,FS / P=0,0.3984375,12602.053850361464,664
32,FS / P=0,0.40234375,10393.034947572944,672
32,FS / P=0,0.40625,11675.689450897135,620
32,FS / P=0,0.41015625,11222.135324031577,664
32,FS / P=0,0.4140625,9810.487913645755,656
32,FS / P=0,0.41796875,9998.94031402079,680
32,FS / P=0,0.421875,10569.163292282332,692
32,FS / P=0,0.42578125,9879.731766824358,672
32,FS / P=0,0.4296875,9427.023564743995,720
32,FS / P=0,0.43359375,8693.560858904555,668
32,FS / P=0,0.4375,10132.96305389643,704
32,FS / P=0,0.44140625,9210.53183100648,704
32,FS / P=0,0.4453125,8958.093178724392,716
32,FS / P=0,0.44921875,8833.56207279737,744
32,FS / P=0,0.453125,8943.225522120641,728
32,FS / P=0,0.45703125,8452.232692313408,728
32,FS / P=0,0.4609375,9027.363806045114,724
32,FS / P=0,0.46484375,8167.062960223945,736
32,FS / P=0,0.46875,7282.433365205625,776
32,FS / P=0,0.47265625,8073.138984837008,772
32,FS / P=0,0.4765625,7646.753395808501,768
32,FS / P=0,0.48046875,8097.37871720849,792
32,FS / P=0,0.484375,6786.87820835492,760
32,FS / P=0,0.48828125,6439.3859020230675,780
32,FS / P=0,0.4921875,6426.799201944958,776
32,FS / P=0,0.49609375,7186.785468535596,832
32,FS / P=0,0.5,7028.485291060763,742
32,FS / P=0,0.50390625,5643.664500403916,692
32,FS / P=0,0.5078125,5215.660322582334,620
32,FS / P=0,0.51171875,5160.195851002158,588
32,FS / P=0,0.515625,5057.73091562437,588
32,FS / P=0,0.51953125,5594.731217739703,544
32,FS / P=0,0.5234375,6620.38485965409,524
32,FS / P=0,0.52734375,5184.275187603843,484
32,FS / P=0,0.53125,6085.56087198601,504
32,FS / P=0,0.53515625,5593.738828224435,456
32,FS / P=0,0.5390625,5986.195641746971,424
32,FS / P=0,0.54296875,6099.506460245155,424
32,FS / P=0,0.546875,5940.554613900676,436
32,FS / P=0,0.55078125,5340.089870285849,400
32,FS / P=0,0.5546875,5234.640096541022,368
32,FS / P=0,0.55859375,5536.964186428723,356
32,FS / P=0,0.5625,4780.594729991483,376
32,FS / P=0,0.56640625,5911.655664741934,344
32,FS / P=0,0.5703125,5699.654452098637,348
32,FS / P=0,0.57421875,5830.276003163341,300
32,FS / P=0,0.578125,5638.643535070839,300
32,FS / P=0,0.58203125,6511.924250397276,312
32,FS / P=0,0.5859375,6137.398604772761,268
32,FS / P=0,0.58984375,5674.40514243576,300
32,FS / P=0,0.59375,6550.734796572267,236
32,FS / P=0,0.59765625,6671.158290077295,260
32,FS / P=0,0.6015625,6377.109837102705,244
32,FS / P=0,0.60546875,5812.241536073747,216
32,FS / P=0,0.609375,5976.113076034363,244
32,FS / P=0,0.61328125,6635.5159494246445,200
32,FS / P=0,0.6171875,8514.207282842724,204
32,FS / P=0,0.62109375,8617.070809899735,192
32,FS / P=0,0.625,7005.692334429184,160
32,FS / P=0,0.62890625,7847.396077343974,196
32,FS / P=0,0.6328125,6625.129606256494,152
32,FS / P=0,0.63671875,8759.55788538227,160
32,FS / P=0,0.640625,6888.06524715144,140
32,FS / P=0,0.64453125,8110.428794253369,136
32,FS / P=0,0.6484375,9062.775242482192,128
32,FS / P=0,0.65234375,12772.815209815231,108
32,FS / P=0,0.65625,14016.36347531624,120
32,FS / P=0,0.66015625,14227.4417690586,96
32,FS / P=0,0.6640625,14466.282405512022,96
32,FS / P=0,0.66796875,9640.680728255384,84
32,FS / P=0,0.671875,14231.092799361624,52
32,FS / P=0,0.67578125,15622.904439087963,92
32,FS / P=0,0.6796875,17191.52542985464,40
32,FS / P=0,0.68359375,19798.734047265865,68
32,FS / P=0,0.6875,19997.78293496351,28
32,FS / P=0,0.69140625,14937.724098772485,40
32,FS / P=0,0.6953125,23918.92531473101,20
32,FS / P=0,0.69921875,30944.24715544148,12
32,FS / P=0,0.703125,22283.923384223697,12
32,FS / P=0,0.70703125,961.0,1
32,FS / P=0.5,0.0,0.0,1
32,FS / P=0.5,0.00390625,839.3592232102882,8
32,FS / P=0.5,0.0078125,566.9902662386631,12
32,FS / P=0.5,0.01171875,412.54312311601655,16
32,FS / P=0.5,0.015625,238.36980051330505,32
32,FS / P=0.5,0.01953125,262.23529777758006,28
32,FS / P=0.5,0.0234375,174.64543790624322,40
32,FS / P=0.5,0.02734375,206.10781303867125,40
32,FS / P=0.5,0.03125,159.52901298660228,48
32,FS / P=0.5,0.03515625,143.87064876068192,68
32,FS / P=0.5,0.0390625,143.3306471945962,56
32,FS / P=0.5,0.04296875,150.27828734117222,72
32,FS / P=0.5,0.046875,162.99420857834582,68
32,FS / P=0.5,0.05078125,128.8984028213895,88
32,FS / P=0.5,0.0546875,157.00427230365074,88
32,FS / P=0.5,0.05859375,142.09400056568293,84
32,FS / P=0.5,0.0625,155.43655981502556,112
32,FS / P=0.5,0.06640625,164.44150174652853,112
32,FS / P=0.5,0.0703125,155.11446106360344,112
32,FS / P=0.5,0.07421875,193.75525502057934,116
32,FS / P=0.5,0.078125,187.6844884010664,112
32,FS / P=0.5,0.08203125,195.1226798957256,144
32,FS / P=0.5,0.0859375,204.79911302515274,140
32,FS / P=0.5,0.08984375,202.78569418664753,144
32,FS / P=0.5,0.09375,252.5155097183949,144
32,FS / P=0.5,0.09765625,206.76577757346348,168
32,FS / P=0.5,0.1015625,226.1011060035609,164
32,FS / P=0.5,0.10546875,237.62798076826684,160
32,FS / P=0.5,0.109375,316.28299910086014,184
32,FS / P=0.5,0.11328125,253.39004921762077,172
32,FS / P=0.5,0.1171875,319.1871615078289,200
32,FS / P=0.5,0.12109375,307.52232576667456,192
32,FS / P=0.5,0.125,289.5037095057637,188
32,FS / P=0.5,0.12890625,387.7558788592021,208
32,FS / P=0.5,0.1328125,370.7260914559939,224
32,FS / P=0.5,0.13671875,490.60584183180066,224
32,FS / P=0.5,0.140625,461.5701294076625,228
32,FS / P=0.5,0.14453125,505.33534698718694,224
32,FS / P=0.5,0.1484375,554.3340456643299,248
32,FS / P=0.5,0.15234375,512.919764608486,236
32,FS / P=0.5,0.15625,570.5627992513298,264
32,FS / P=0.5,0.16015625,724.372675139368,248
32,FS / P=0.5,0.1640625,557.4727272994566,264
32,FS / P=0.5,0.16796875,812.1987087944717,276
32,FS / P=0.5,0.171875,677.3102723339509,264
32,FS / P=0.5,0.17578125,804.2899966141634,288
32,FS / P=0.5,0.1796875,808.3752559138678,276
32,FS / P=0.5,0.18359375,884.951265347312,304
32,FS / P=0.5,0.1875,1117.699694645524,304
32,FS / P=0.5,0.19140625,825.6383864796226,312
32,FS / P=0.5,0.1953125,1107.1265245308819,316
32,FS / P=0.5,0.19921875,1150.0731750735774,320
32,FS / P=0.5,0.203125,1327.295146966727,344
32,FS / P=0.5,0.20703125,1482.1521992416222,316
32,FS / P=0.5,0.2109375,1656.7650242379286,336
32,FS / P=0.5,0.21484375,1625.487412591847,352
32,FS / P=0.5,0.21875,1728.7870194249515,340
32,FS / P=0.5,0.22265625,1723.214502840541,376
32,FS / P=0.5,0.2265625,2025.1039572278123,336
32,FS / P=0.5,0.23046875,1960.7249970445698,392
32,FS / P=0.5,0.234375,2130.9794887100807,380
32,FS / P=0.5,0.23828125,2514.047381647786,368
32,FS / P=0.5,0.2421875,2703.031363906048,400
32,FS / P=0.5,0.24609375,2828.770152052579,364
32,FS / P=0.5,0.25,3201.7818293614005,440
32,FS / P=0.5,0.25390625,3517.074095001844,400
32,FS / P=0.5,0.2578125,3773.74447602567,424
32,FS / P=0.5,0.26171875,3420.470425711056,420
32,FS / P=0.5,0.265625,3891.1642108237556,416
32,FS / P=0.5,0.26953125,4139.843307379814,448
32,FS / P=0.5,0.2734375,4959.212874236842,428
32,FS / P=0.5,0.27734375,4758.284901541759,432
32,FS / P=0.5,0.28125,4676.397180058987,480
32,FS / P=0.5,0.28515625,5761.952400741376,444
32,FS / P=0.5,0.2890625,5529.29397369474,472
32,FS / P=0.5,0.29296875,6050.683433810533,456
32,FS / P=0.5,0.296875,6641.5888388517305,488
32,FS / P=0.5,0.30078125,7411.737438453855,500
32,FS / P=0.5,0.3046875,7301.968239738849,472
32,FS / P=0.5,0.30859375,8610.960694564385,496
32,FS / P=0.5,0.3125,8606.549949901384,492
32,FS / P=0.5,0.31640625,9394.173988357736,536
32,FS / P=0.5,0.3203125,8312.73012176074,512
32,FS / P=0.5,0.32421875,9055.59616374943,512
32,FS / P=0.5,0.328125,9908.812422478313,516
32,FS / P=0.5,0.33203125,10118.130937230304,552
32,FS / P=0.5,0.3359375,11540.832719541459,544
32,FS / P=0.5,0.33984375,11013.924729728906,540
32,FS / P=0.5,0.34375,11692.901240585668,536
32,FS / P=0.5,0.34765625,13188.734159744688,584
32,FS / P=0.5,0.3515625,11244.404015916434,556
32,FS / P=0.5,0.35546875,12258.028048950986,576
32,FS / P=0.5,0.359375,13276.64293960212,568
32,FS / P=0.5,0.36328125,11943.825068510727,592
32,FS / P=0.5,0.3671875,11888.28088040688,580
32,FS / P=0.5,0.37109375,11586.789098304365,592
32,FS / P=0.5,0.375,12486.654103675573,600
32,FS / P=0.5,0.37890625,12209.755231184577,612
32,FS / P=0.5,0.3828125,11811.203051430039,664
32,FS / P=0.5,0.38671875,12292.828395127595,592
32,FS / P=0.5,0.390625,12855.485250037407,640
32,FS / P=0.5,0.39453125,10785.508058354413,596
32,FS / P=0.5,0.3984375,12051.687646036686,664
32,FS / P=0.5,0.40234375,11160.23571639087,672
32,FS / P=0.5,0.40625,10162.140531619489,620
32,FS / P=0.5,0.41015625,11553.19060317468,664
32,FS / P=0.5,0.4140625,11025.973550146553,656
32,FS / P=0.5,0.41796875,10209.613225958197,680
32,FS / P=0.5,0.421875,10128.819058383004,692
32,FS / P=0.5,0.42578125,10851.931387302688,672
32,FS / P=0.5,0.4296875,10826.91309033567,720
32,FS / P=0.5,0.43359375,10839.68705754824,668
32,FS / P=0.5,0.4375,10330.133161875185,704
32,FS / P=0.5,0.44140625,9747.517193252588,704
32,FS / P=0.5,0.4453125,9721.143788084628,716
32,FS / P=0.5,0.44921875,9742.621432252889,744
32,FS / P=0.5,0.453125,9002.808728937067,728
32,FS / P=0.5,0.45703125,10294.03024263961,728
32,FS / P=0.5,0.4609375,9514.28485782327,724
32,FS / P=0.5,0.46484375,8250.52412535955,736
32,FS / P=0.5,0.46875,7895.126435616303,776
32,FS / P=0.5,0.47265625,7526.369606846015,772
32,FS / P=0.5,0.4765625,7961.696459734682,768
32,FS / P=0.5,0.48046875,8395.511455706044,792
32,FS / P=0.5,0.484375,8467.323509517679,760
32,FS / P=0.5,0.48828125,9152.26582463664,780
32,FS / P=0.5,0.4921875,9236.529226306233,776
32,FS / P=0.5,0.49609375,8975.028724074851,832
32,FS / P=0.5,0.5,7844.494200417504,742
32,FS / P=0.5,0.50390625,8875.922122798413,692
32,FS / P=0.5,0.5078125,8420.934163817483,620
32,FS / P=0.5,0.51171875,7753.071081609484,588
32,FS / P=0.5,0.515625,7996.222586441042,588
32,FS / P=0.5,0.51953125,8087.614865298116,544
32,FS / P=0.5,0.5234375,7473.734301396042,524
32,FS / P=0.5,0.52734375,7430.518401679669,484
32,FS / P=0.5,0.53125,8394.066887990548,504
32,FS / P=0.5,0.53515625,7802.767647830852,456
32,FS / P=0.5,0.5390625,7775.757578451991,424
32,FS / P=0.5,0.54296875,6997.110400129915,424
32,FS / P=0.5,0.546875,7300.1655571213805,436
32,FS / P=0.5,0.55078125,6987.667374752319,400
32,FS / P=0.5,0.5546875,7129.709674795958,368
32,FS / P=0.5,0.55859375,7784.146349785655,356
32,FS / P=0.5,0.5625,6771.498679361834,376
32,FS / P=0.5,0.56640625,7169.48947101909,344
32,FS / P=0.5,0.5703125,6667.967650654842,348
32,FS / P=0.5,0.57421875,6745.321424484578,300
32,FS / P=0.5,0.578125,6742.084854292988,300
32,FS / P=0.5,0.58203125,6946.508331276535,312
32,FS / P=0.5,0.5859375,7370.448618314143,268
32,FS / P=0.5,0.58984375,6785.74516810116,300
32,FS / P=0.5,0.59375,6677.610196286311,236
32,FS / P=0.5,0.59765625,6567.159006170941,260
32,FS / P=0.5,0.6015625,7153.120546777797,244
32,FS / P=0.5,0.60546875,6803.063902047127,216
32,FS / P=0.5,0.609375,5961.761101584942,244
32,FS / P=0.5,0.61328125,7101.956549252582,200
32,FS / P=0.5,0.6171875,7051.647635514414,204
32,FS / P=0.5,0.62109375,8343.076359742125,192
32,FS / P=0.5,0.625,7474.482441457863,160
32,FS / P=0.5,0.62890625,7179.660447488136,196
32,FS / P=0.5,0.6328125,6910.955804972003,152
32,FS / P=0.5,0.63671875,6694.881402354033,160
32,FS / P=0.5,0.640625,5867.128499292564,140
32,FS / P=0.5,0.64453125,5582.690009092419,136
32,FS / P=0.5,0.6484375,6635.582339352192,128
32,FS / P=0.5,0.65234375,7679.057841055095,108
32,FS / P=0.5,0.65625,8949.516343676216,120
32,FS / P=0.5,0.66015625,6172.733780693025,96
32,FS / P=0.5,0.6640625,6682.079883915284,96
32,FS / P=0.5,0.66796875,7566.643213411,84
32,FS / P=0.5,0.671875,8067.717977267812,52
32,FS / P=0.5,0.67578125,8912.002981053192,92
32,FS / P=0.5,0.6796875,6875.903239658399,40
32,FS / P=0.5,0.68359375,7769.953010724638,68
32,FS / P=0.5,0.6875,7330.062275596376,28
32,FS / P=0.5,0.69140625,8237.581568321877,40
32,FS / P=0.5,0.6953125,10010.247802948072,20
32,FS / P=0.5,0.69921875,24879.077790077223,12
32,FS / P=0.5,0.703125,5416.718094212488,12
32,FS / P=0.5,0.70703125,7056.0,1
32,Serpentine / P=0,0.0,0.0,1
32,Serpentine / P=0,0.00390625,766.9491940723359,8
32,Serpentine / P=0,0.0078125,582.5140853687539,12
32,Serpentine / P=0,0.01171875,456.1123935219861,16
32,Serpentine / P=0,0.015625,240.52354062502957,32
32,Serpentine / P=0,0.01953125,260.32809736638745,28
32,Serpentine / P=0,0.0234375,206.67765065048496,40
32,Serpentine / P=0,0.02734375,196.56219590439372,40
32,Serpentine / P=0,0.03125,185.47745947791415,48
32,Serpentine / P=0,0.03515625,178.43367406970526,68
32,Serpentine / P=0,0.0390625,149.79028790595567,56
32,Serpentine / P=0,0.04296875,163.40304069255336,72
32,Serpentine / P=0,0.046875,138.34545697921502,68
32,Serpentine / P=0,0.05078125,133.85464999889936,88
32,Serpentine / P=0,0.0546875,169.54484909512232,88
32,Serpentine / P=0,0.05859375,175.7689875978546,84
32,Serpentine / P=0,0.0625,123.86070092239096,112
32,Serpentine / P=0,0.06640625,135.89921073226063,112
32,Serpentine / P=0,0.0703125,139.90165180345323,112
32,Serpentine / P=0,0.07421875,145.22066643511727,116
32,Serpentine / P=0,0.078125,161.51540723310467,112
32,Serpentine / P=0,0.08203125,164.2082600572516,144
32,Serpentine / P=0,0.0859375,182.61606123738332,140
32,Serpentine / P=0,0.08984375,186.6107863929628,144
32,Serpentine / P=0,0.09375,165.93519679595545,144
32,Serpentine / P=0,0.09765625,201.70522682323852,168
32,Serpentine / P=0,0.1015625,211.81651283408618,164
32,Serpentine / P=0,0.10546875,184.40295983445324,160
32,Serpentine / P=0,0.109375,246.88553505187437,184
32,Serpentine / P=0,0.11328125,262.8010874752929,172
32,Serpentine / P=0,0.1171875,239.5322252899571,200
32,Serpentine / P=0,0.12109375,270.13362310754843,192
32,Serpentine / P=0,0.125,261.1930998646657,188
32,Serpentine / P=0,0.12890625,244.13702621188105,208
32,Serpentine / P=0,0.1328125,308.9492512814332,224
32,Serpentine / P=0,0.13671875,296.33501623801754,224
32,Serpentine / P=0,0.140625,358.89431587730826,228
32,Serpentine / P=0,0.14453125,367.9676873324255,224
32,Serpentine / P=0,0.1484375,311.99894693038857,248
32,Serpentine / P=0,0.15234375,398.4134682556415,236
32,Serpentine / P=0,0.15625,382.89279800950777,264
32,Serpentine / P=0,0.16015625,475.23626158537365,248
32,Serpentine / P=0,0.1640625,462.0917825902232,264
32,Serpentine / P=0,0.16796875,555.5613068283783,276
32,Serpentine / P=0,0.171875,531.6140273180007,264
32,Serpentine / P=0,0.17578125,529.1543529238786,288
32,Serpentine / P=0,0.1796875,552.5857636621229,276
32,Serpentine / P=0,0.18359375,828.23587573734,304
32,Serpentine / P=0,0.1875,769.175065555943,304
32,Serpentine / P=0,0.19140625,893.2989979537718,312
32,Serpentine / P=0,0.1953125,941.5573348769217,316
32,Serpentine / P=0,0.19921875,1076.3600238548431,320
32,Serpentine / P=0,0.203125,1075.237985481814,344
32,Serpentine / P=0,0.20703125,1105.6538126624223,316
32,Serpentine / P=0,0.2109375,1083.2187056792447,336
32,Serpentine / P=0,0.21484375,1288.2526670195075,352
32,Serpentine / P=0,0.21875,1514.61934275793,340
32,Serpentine / P=0,0.22265625,1751.5847112044114,376
32,Serpentine / P=0,0.2265625,1808.7279914190685,336
32,Serpentine / P=0,0.23046875,2235.7371433445587,392
32,Serpentine / P=0,0.234375,2109.3989422405994,380
32,Serpentine / P=0,0.23828125,2279.4584257525516,368
32,Serpentine / P=0,0.2421875,2645.8263405951666,400
32,Serpentine / P=0,0.24609375,2877.9035622510737,364
32,Serpentine / P=0,0.25,3109.584358272378,440
32,Serpentine / P=0,0.25390625,3204.8080517509284,400
32,Serpentine / P=0,0.2578125,2935.2394866419036,424
32,Serpentine / P=0,0.26171875,3725.1594679856357,420
32,Serpentine / P=0,0.265625,3536.5726028775634,416
32,Serpentine / P=0,0.26953125,4239.490435469826,448
32,Serpentine / P=0,0.2734375,3660.881656797733,428
32,Serpentine / P=0,0.27734375,4354.8481526557325,432
32,Serpentine / P=0,0.28125,4894.483233159125,480
32,Serpentine / P=0,0.28515625,5015.95232963108,444
32,Serpentine / P=0,0.2890625,5021.555069260125,472
32,Serpentine / P=0,0.29296875,5632.200290684151,456
32,Serpentine / P=0,0.296875,6157.2699878317,488
32,Serpentine / P=0,0.30078125,5984.539713903829,500
32,Serpentine / P=0,0.3046875,6090.5564914852175,472
32,Serpentine / P=0,0.30859375,6527.979520644872,496
32,Serpentine / P=0,0.3125,6815.297607817294,492
32,Serpentine / P=0,0.31640625,7359.630054687093,536
32,Serpentine / P=0,0.3203125,8507.453948488643,512
32,Serpentine / P=0,0.32421875,7443.074002335192,512
32,Serpentine / P=0,0.328125,9184.188599731495,516
32,Serpentine / P=0,0.33203125,10772.202807030506,552
32,Serpentine / P=0,0.3359375,11098.416458103202,544
32,Serpentine / P=0,0.33984375,11289.156898780742,540
32,Serpentine / P=0,0.34375,12398.008011770224,536
32,Serpentine / P=0,0.34765625,12159.27113285696,584
32,Serpentine / P=0,0.3515625,11507.942597337667,556
32,Serpentine / P=0,0.35546875,13761.595130159389,576
32,Serpentine / P=0,0.359375,12724.107073969262,568
32,Serpentine / P=0,0.36328125,12311.816289526398,592
32,Serpentine / P=0,0.3671875,13537.187951392378,580
32,Serpentine / P=0,0.37109375,12449.15956709811,592
32,Serpentine / P=0,0.375,14353.813690504574,600
32,Serpentine / P=0,0.37890625,13050.237931353297,612
32,Serpentine / P=0,0.3828125,13021.288554847066,664
32,Serpentine / P=0,0.38671875,13335.844605647299,592
32,Serpentine / P=0,0.390625,15088.564358923637,640
32,Serpentine / P=0,0.39453125,12844.95472577937,596
32,Serpentine / P=0,0.3984375,13894.471808705024,664
32,Serpentine / P=0,0.40234375,13138.876101454465,672
32,Serpentine / P=0,0.40625,13276.009669481125,620
32,Serpentine / P=0,0.41015625,12439.667025776553,664
32,Serpentine / P=0,0.4140625,12064.076325820297,656
32,Serpentine / P=0,0.41796875,12424.497715080115,680
32,Serpentine / P=0,0.421875,12151.030056961474,692
32,Serpentine / P=0,0.42578125,11428.239395274757,672
32,Serpentine / P=0,0.4296875,10717.72320023636,720
32,Serpentine / P=0,0.43359375,10438.830911794605,668
32,Serpentine / P=0,0.4375,10026.721681433526,704
32,Serpentine / P=0,0.44140625,11034.499577914003,704
32,Serpentine / P=0,0.4453125,9856.90950358944,716
32,Serpentine / P=0,0.44921875,10813.526721424509,744
32,Serpentine / P=0,0.453125,9168.940385881777,728
32,Serpentine / P=0,0.45703125,10968.150629154461,728
32,Serpentine / P=0,0.4609375,10533.295957871076,724
32,Serpentine / P=0,0.46484375,9136.194026245601,736
32,Serpentine / P=0,0.46875,9085.233266250387,776
32,Serpentine / P=0,0.47265625,9059.06860734789,772
32,Serpentine / P=0,0.4765625,8825.516525853849,768
32,Serpentine / P=0,0.48046875,8184.779104270811,792
32,Serpentine / P=0,0.484375,7521.7693010530475,760
32,Serpentine / P=0,0.48828125,8157.60145718118,780
32,Serpentine / P=0,0.4921875,7967.606103027094,776
32,Serpentine / P=0,0.49609375,7538.768002551544,832
32,Serpentine / P=0,0.5,7733.621024290031,742
32,Serpentine / P=0,0.50390625,7386.257690223341,692
32,Serpentine / P=0,0.5078125,8035.438943545358,620
32,Serpentine / P=0,0.51171875,7163.48508731709,588
32,Serpentine / P=0,0.515625,6558.209310647025,588
32,Serpentine / P=0,0.51953125,7137.403085037201,544
32,Serpentine / P=0,0.5234375,6932.731155407976,524
32,Serpentine / P=0,0.52734375,7149.5148594028005,484
32,Serpentine / P=0,0.53125,6000.957885249241,504
32,Serpentine / P=0,0.53515625,5774.994463049832,456
32,Serpentine / P=0,0.5390625,5313.915124245816,424
32,Serpentine / P=0,0.54296875,5986.508165188614,424
32,Serpentine / P=0,0.546875,6970.946805082037,436
32,Serpentine / P=0,0.55078125,6275.406964298581,400
32,Serpentine / P=0,0.5546875,5973.435470173157,368
32,Serpentine / P=0,0.55859375,5943.5809982254905,356
32,Serpentine / P=0,0.5625,5924.2090737833205,376
32,Serpentine / P=0,0.56640625,4897.876383893098,344
32,Serpentine / P=0,0.5703125,5611.879649893685,348
32,Serpentine / P=0,0.57421875,5089.502052898675,300
32,Serpentine / P=0,0.578125,6381.803968032619,300
32,Serpentine / P=0,0.58203125,5364.966408172015,312
32,Serpentine / P=0,0.5859375,5940.291881749135,268
32,Serpentine / P=0,0.58984375,5503.606260151244,300
32,Serpentine / P=0,0.59375,5734.257128751339,236
32,Serpentine / P=0,0.59765625,5492.368684043754,260
32,Serpentine / P=0,0.6015625,4794.053444622507,244
32,Serpentine / P=0,0.60546875,5176.852969382309,216
32,Serpentine / P=0,0.609375,5375.070368378321,244
32,Serpentine / P=0,0.61328125,4991.636066358334,200
32,Serpentine / P=0,0.6171875,5558.058859115394,204
32,Serpentine / P=0,0.62109375,6268.429389690317,192
32,Serpentine / P=0,0.625,6438.36538275109,160
32,Serpentine / P=0,0.62890625,6130.87886940554,196
32,Serpentine / P=0,0.6328125,5856.573527711698,152
32,Serpentine / P=0,0.63671875,8132.316228914466,160
32,Serpentine / P=0,0.640625,5961.953645947644,140
32,Serpentine / P=0,0.64453125,7134.725438851666,136
32,Serpentine / P=0,0.6484375,8120.157781130837,128
32,Serpentine / P=0,0.65234375,4885.10309494966,108
32,Serpentine / P=0,0.65625,6249.970299144032,120
32,Serpentine / P=0,0.66015625,4755.774584812026,96
32,Serpentine / P=0,0.6640625,7044.463735524093,96
32,Serpentine / P=0,0.66796875,4378.7849053401205,84
32,Serpentine / P=0,0.671875,6442.234951379917,52
32,Serpentine / P=0,0.67578125,5842.6682667895375,92
32,Serpentine / P=0,0.6796875,5688.81895340379,40
32,Serpentine / P=0,0.68359375,5813.768493477579,68
32,Serpentine / P=0,0.6875,2970.3234833219,28
32,Serpentine / P=0,0.69140625,5442.016760774103,40
32,Serpentine / P=0,0.6953125,5802.287262221003,20
32,Serpentine / P=0,0.69921875,8928.575952107776,12
32,Serpentine / P=0,0.703125,4738.432738272843,12
32,Serpentine / P=0,0.70703125,12544.0,1
32,Serpentine / P=0.5,0.0,0.0,1
32,Serpentine / P=0.5,0.00390625,683.6760555392046,8
32,Serpentine / P=0.5,0.0078125,581.638293450655,12
32,Serpentine / P=0.5,0.01171875,424.5769765253357,16
32,Serpentine / P=0.5,0.015625,223.0218898460844,32
32,Serpentine / P=0.5,0.01953125,194.00615991750334,28
32,Serpentine / P=0.5,0.0234375,166.26315229954957,40
32,Serpentine / P=0.5,0.02734375,163.03399278895327,40
32,Serpentine / P=0.5,0.03125,174.94455251639636,48
32,Serpentine / P=0.5,0.03515625,172.2161218267764,68
32,Serpentine / P=0.5,0.0390625,140.20434512560934,56
32,Serpentine / P=0.5,0.04296875,161.29721332230974,72
32,Serpentine / P=0.5,0.046875,106.98857985931886,68
32,Serpentine / P=0.5,0.05078125,127.3880994374466,88
32,Serpentine / P=0.5,0.0546875,188.0069533122666,88
32,Serpentine / P=0.5,0.05859375,145.04352928783325,84
32,Serpentine / P=0.5,0.0625,169.83807736702238,112
32,Serpentine / P=0.5,0.06640625,141.17352068388567,112
32,Serpentine / P=0.5,0.0703125,151.4698193873226,112
32,Serpentine / P=0.5,0.07421875,216.75479747608802,116
32,Serpentine / P=0.5,0.078125,162.46416211870763,112
32,Serpentine / P=0.5,0.08203125,165.4909220237336,144
32,Serpentine / P=0.5,0.0859375,211.56307770941885,140
32,Serpentine / P=0.5,0.08984375,241.64400430983758,144
32,Serpentine / P=0.5,0.09375,293.91738005702376,144
32,Serpentine / P=0.5,0.09765625,255.05803868085465,168
32,Serpentine / P=0.5,0.1015625,234.58218513945488,164
32,Serpentine / P=0.5,0.10546875,255.32413524974822,160
32,Serpentine / P=0.5,0.109375,290.4226713443013,184
32,Serpentine / P=0.5,0.11328125,360.9492184450523,172
32,Serpentine / P=0.5,0.1171875,334.7128178793329,200
32,Serpentine / P=0.5,0.12109375,385.49424747930925,192
32,Serpentine / P=0.5,0.125,367.89081716588214,188
32,Serpentine / P=0.5,0.12890625,443.11110661590135,208
32,Serpentine / P=0.5,0.1328125,540.7677965169396,224
32,Serpentine / P=0.5,0.13671875,464.85758561541707,224
32,Serpentine / P=0.5,0.140625,447.86083071620186,228
32,Serpentine / P=0.5,0.14453125,627.9605604090482,224
32,Serpentine / P=0.5,0.1484375,608.3160877896587,248
32,Serpentine / P=0.5,0.15234375,578.574412423296,236
32,Serpentine / P=0.5,0.15625,650.0250604258791,264
32,Serpentine / P=0.5,0.16015625,684.0064781799302,248
32,Serpentine / P=0.5,0.1640625,756.5495659145747,264
32,Serpentine / P=0.5,0.16796875,782.5445329951255,276
32,Serpentine / P=0.5,0.171875,890.4367493935416,264
32,Serpentine / P=0.5,0.17578125,1018.1646019711781,288
32,Serpentine / P=0.5,0.1796875,1153.2227891039554,276
32,Serpentine / P=0.5,0.18359375,959.8511994597334,304
32,Serpentine / P=0.5,0.1875,1296.6138948297123,304
32,Serpentine / P=0.5,0.19140625,1148.5744242271508,312
32,Serpentine / P=0.5,0.1953125,1325.0908571967698,316
32,Serpentine / P=0.5,0.19921875,1309.7625400177328,320
32,Serpentine / P=0.5,0.203125,1462.0400116147098,344
32,Serpentine / P=0.5,0.20703125,1678.4143478154017,316
32,Serpentine / P=0.5,0.2109375,1586.6932450862423,336
32,Serpentine / P=0.5,0.21484375,1432.772324557001,352
32,Serpentine / P=0.5,0.21875,1895.94122227823,340
32,Serpentine / P=0.5,0.22265625,2021.1257909202504,376
32,Serpentine / P=0.5,0.2265625,2046.2007055149925,336
32,Serpentine / P=0.5,0.23046875,2835.486839246067,392
32,Serpentine / P=0.5,0.234375,2221.685842629743,380
32,Serpentine / P=0.5,0.23828125,2368.701185535168,368
32,Serpentine / P=0.5,0.2421875,2748.1099759642443,400
32,Serpentine / P=0.5,0.24609375,3189.18698665043,364
32,Serpentine / P=0.5,0.25,3608.975584856568,440
32,Serpentine / P=0.5,0.25390625,3424.6525642862266,400
32,Serpentine / P=0.5,0.2578125,3733.6418938113165,424
32,Serpentine / P=0.5,0.26171875,3870.5776375567534,420
32,Serpentine / P=0.5,0.265625,3500.0375828508895,416
32,Serpentine / P=0.5,0.26953125,4185.656885771623,448
32,Serpentine / P=0.5,0.2734375,4497.196562411712,428
32,Serpentine / P=0.5,0.27734375,4825.477784323027,432
32,Serpentine / P=0.5,0.28125,5315.792771512323,480
32,Serpentine / P=0.5,0.28515625,6595.774420338349,444
32,Serpentine / P=0.5,0.2890625,5916.463601113481,472
32,Serpentine / P=0.5,0.29296875,6588.586406107566,456
32,Serpentine / P=0.5,0.296875,6224.4658023515285,488
32,Serpentine / P=0.5,0.30078125,6084.62325834947,500
32,Serpentine / P=0.5,0.3046875,7107.132147031626,472
32,Serpentine / P=0.5,0.30859375,6938.8026677815915,496
32,Serpentine / P=0.5,0.3125,8110.89495043878,492
32,Serpentine / P=0.5,0.31640625,9443.673498146534,536
32,Serpentine / P=0.5,0.3203125,8601.648466746525,512
32,Serpentine / P=0.5,0.32421875,8794.710062803442,512
32,Serpentine / P=0.5,0.328125,8682.25529672986,516
32,Serpentine / P=0.5,0.33203125,10058.20311054258,552
32,Serpentine / P=0.5,0.3359375,10349.595536207407,544
32,Serpentine / P=0.5,0.33984375,10625.071279750522,540
32,Serpentine / P=0.5,0.34375,10759.887647932721,536
32,Serpentine / P=0.5,0.34765625,11413.655512064071,584
32,Serpentine / P=0.5,0.3515625,11946.061274690308,556
32,Serpentine / P=0.5,0.35546875,11465.784823135788,576
32,Serpentine / P=0.5,0.359375,11634.954648809939,568
32,Serpentine / P=0.5,0.36328125,12127.082953560051,592
32,Serpentine / P=0.5,0.3671875,13015.700221864507,580
32,Serpentine / P=0.5,0.37109375,11631.45517204712,592
32,Serpentine / P=0.5,0.375,12218.50728787649,600
32,Serpentine / P=0.5,0.37890625,11944.279633320779,612
32,Serpentine / P=0.5,0.3828125,12537.09791803432,664
32,Serpentine / P=0.5,0.38671875,12508.070639052225,592
32,Serpentine / P=0.5,0.390625,11845.412986538124,640
32,Serpentine / P=0.5,0.39453125,10736.408387788513,596
32,Serpentine / P=0.5,0.3984375,10803.01757431082,664
32,Serpentine / P=0.5,0.40234375,10907.143021855969,672
32,Serpentine / P=0.5,0.40625,10941.224118046852,620
32,Serpentine / P=0.5,0.41015625,11751.448584157411,664
32,Serpentine / P=0.5,0.4140625,11462.295149108475,656
32,Serpentine / P=0.5,0.41796875,12517.830238022954,680
32,Serpentine / P=0.5,0.421875,11432.216747012855,692
32,Serpentine / P=0.5,0.42578125,10245.935807902799,672
32,Serpentine / P=0.5,0.4296875,10860.289922460073,720
32,Serpentine / P=0.5,0.43359375,10688.86804079042,668
32,Serpentine / P=0.5,0.4375,9340.126328165641,704
32,Serpentine / P=0.5,0.44140625,11381.032489808686,704
32,Serpentine / P=0.5,0.4453125,9508.390005255334,716
32,Serpentine / P=0.5,0.44921875,10157.860735120743,744
32,Serpentine / P=0.5,0.453125,9952.758206844646,728
32,Serpentine / P=0.5,0.45703125,9783.770845301608,728
32,Serpentine / P=0.5,0.4609375,8897.155559866305,724
32,Serpentine / P=0.5,0.46484375,9191.229027267313,736
32,Serpentine / P=0.5,0.46875,9024.573587278017,776
32,Serpentine / P=0.5,0.47265625,9020.438644290538,772
32,Serpentine / P=0.5,0.4765625,9225.214711419094,768
32,Serpentine / P=0.5,0.48046875,8207.023841903596,792
32,Serpentine / P=0.5,0.484375,7861.152652840325,760
32,Serpentine / P=0.5,0.48828125,8627.498536971114,780
32,Serpentine / P=0.5,0.4921875,7861.462532703677,776
32,Serpentine / P=0.5,0.49609375,8407.519596116472,832
32,Serpentine / P=0.5,0.5,8740.340713526,742
32,Serpentine / P=0.5,0.50390625,8135.434944611539,692
32,Serpentine / P=0.5,0.5078125,8855.579310380253,620
32,Serpentine / P=0.5,0.51171875,7585.3564114182345,588
32,Serpentine / P=0.5,0.515625,8254.733227846575,588
32,Serpentine / P=0.5,0.51953125,8156.89887192757,544
32,Serpentine / P=0.5,0.5234375,7858.180691924243,524
32,Serpentine / P=0.5,0.52734375,7871.376539583715,484
32,Serpentine / P=0.5,0.53125,7506.954085907356,504
32,Serpentine / P=0.5,0.53515625,7335.962785564194,456
32,Serpentine / P=0.5,0.5390625,7582.575444380139,424
32,Serpentine / P=0.5,0.54296875,6881.174821448749,424
32,Serpentine / P=0.5,0.546875,7249.9587076748085,436
32,Serpentine / P=0.5,0.55078125,6902.129797413828,400
32,Serpentine / P=0.5,0.5546875,6515.360017469101,368
32,Serpentine / P=0.5,0.55859375,6985.621795533843,356
32,Serpentine / P=0.5,0.5625,7471.1986955181965,376
32,Serpentine / P=0.5,0.56640625,7038.46507010191,344
32,Serpentine / P=0.5,0.5703125,6719.823454515066,348
32,Serpentine / P=0.5,0.57421875,5768.979708266954,300
32,Serpentine / P=0.5,0.578125,7195.990926311268,300
32,Serpentine / P=0.5,0.58203125,5758.012135490819,312
32,Serpentine / P=0.5,0.5859375,6899.20979329402,268
32,Serpentine / P=0.5,0.58984375,6014.217768016559,300
32,Serpentine / P=0.5,0.59375,6839.02657124527,236
32,Serpentine / P=0.5,0.59765625,7398.941979234167,260
32,Serpentine / P=0.5,0.6015625,7621.778850926276,244
32,Serpentine / P=0.5,0.60546875,6011.035584257513,216
32,Serpentine / P=0.5,0.609375,7703.308347524072,244
32,Serpentine / P=0.5,0.61328125,7110.2589413334235,200
32,Serpentine / P=0.5,0.6171875,5986.063521171664,204
32,Serpentine / P=0.5,0.62109375,6765.365611978102,192
32,Serpentine / P=0.5,0.625,6379.018593031355,160
32,Serpentine / P=0.5,0.62890625,7412.54640720001,196
32,Serpentine / P=0.5,0.6328125,6877.108258908214,152
32,Serpentine / P=0.5,0.63671875,8539.412665031306,160
32,Serpentine / P=0.5,0.640625,6227.842278422637,140
32,Serpentine / P=0.5,0.64453125,6782.355129231753,136
32,Serpentine / P=0.5,0.6484375,8611.762588217849,128
32,Serpentine / P=0.5,0.65234375,6267.392580164064,108
32,Serpentine / P=0.5,0.65625,7577.279165539177,120
32,Serpentine / P=0.5,0.66015625,5442.334283953447,96
32,Serpentine / P=0.5,0.6640625,6017.276383829619,96
32,Serpentine / P=0.5,0.66796875,5862.7206197843025,84
32,Serpentine / P=0.5,0.671875,5671.838518474659,52
32,Serpentine / P=0.5,0.67578125,7654.9780876734785,92
32,Serpentine / P=0.5,0.6796875,10249.552670466886,40
32,Serpentine / P=0.5,0.68359375,5753.761651486314,68
32,Serpentine / P=0.5,0.6875,4543.594245445921,28
32,Serpentine / P=0.5,0.69140625,5006.163862754989,40
32,Serpentine / P=0.5,0.6953125,3088.315986140482,20
32,Serpentine / P=0.5,0.69921875,8259.839416875975,12
32,Serpentine / P=0.5,0.703125,2899.436217136063,12
32,Serpentine / P=0.5,0.70703125,225.0,1
64,FS / P=0,0.0,0.0,1
64,FS / P=0,0.00390625,600.7316158202608,8
64,FS / P=0,0.0078125,410.15444114138586,12
64,FS / P=0,0.01171875,265.306788451538,16
64,FS / P=0,0.015625,155.36566816212667,32
64,FS / P=0,0.01953125,152.64408824548227,28
64,FS / P=0,0.0234375,147.2444349436044,40
64,FS / P=0,0.02734375,183.70358156484974,40
64,FS / P=0,0.03125,189.52051427894182,48
64,FS / P=0,0.03515625,111.5449765104783,68
64,FS / P=0,0.0390625,162.573652339537,56
64,FS / P=0,0.04296875,128.8825320692111,72
64,FS / P=0,0.046875,196.12517991137807,68
64,FS / P=0,0.05078125,210.80030686701986,88
64,FS / P=0,0.0546875,157.91805292073417,88
64,FS / P=0,0.05859375,227.41027895292768,84
64,FS / P=0,0.0625,162.41348644533971,112
64,FS / P=0,0.06640625,245.702681460839,112
64,FS / P=0,0.0703125,233.69307068221025,112
64,FS / P=0,0.07421875,211.31140720303034,116
64,FS / P=0,0.078125,208.48552644362326,112
64,FS / P=0,0.08203125,205.65818223502436,144
64,FS / P=0,0.0859375,180.89410624386088,140
64,FS / P=0,0.08984375,214.21597964087925,144
64,FS / P=0,0.09375,241.96988233601573,144
64,FS / P=0,0.09765625,265.710548936003,168
64,FS / P=0,0.1015625,252.38159300041036,164
64,FS / P=0,0.10546875,273.9240226899211,160
64,FS / P=0,0.109375,197.6259452568925,184
64,FS / P=0,0.11328125,159.58263481164602,172
64,FS / P=0,0.1171875,185.32739191124148,200
64,FS / P=0,0.12109375,165.973163675748,192
64,FS / P=0,0.125,189.2117374938709,188
64,FS / P=0,0.12890625,167.78180056843382,208
64,FS / P=0,0.1328125,211.09330249471537,224
64,FS / P=0,0.13671875,241.2257496856855,224
64,FS / P=0,0.140625,207.92504199453234,228
64,FS / P=0,0.14453125,188.27943560496942,224
64,FS / P=0,0.1484375,194.81498122465672,248
64,FS / P=0,0.15234375,211.14169842052445,236
64,FS / P=0,0.15625,218.53134996140506,264
64,FS / P=0,0.16015625,222.15173021666044,248
64,FS / P=0,0.1640625,240.70909949231145,264
64,FS / P=0,0.16796875,355.71335836119056,276
64,FS / P=0,0.171875,388.59153513614257,264
64,FS / P=0,0.17578125,370.7714294053331,288
64,FS / P=0,0.1796875,365.7833622241455,276
64,FS / P=0,0.18359375,354.59531217070696,304
64,FS / P=0,0.1875,346.926394712527,304
64,FS / P=0,0.19140625,305.09890124105925,312
64,FS / P=0,0.1953125,342.53517753501325,316
64,FS / P=0,0.19921875,298.7203713772177,320
64,FS / P=0,0.203125,358.05885018614134,344
64,FS / P=0,0.20703125,400.9977594374068,316
64,FS / P=0,0.2109375,436.9231494757714,336
64,FS / P=0,0.21484375,385.9781923675802,352
64,FS / P=0,0.21875,334.5358782960015,340
64,FS / P=0,0.22265625,454.6426120003007,376
64,FS / P=0,0.2265625,344.5652322867266,336
64,FS / P=0,0.23046875,412.53032313739976,392
64,FS / P=0,0.234375,460.07355464293676,380
64,FS / P=0,0.23828125,465.8947522256066,368
64,FS / P=0,0.2421875,439.41558406193144,400
64,FS / P=0,0.24609375,472.9159712696841,364
64,FS / P=0,0.25,612.4928170842646,440
64,FS / P=0,0.25390625,651.8221198863743,400
64,FS / P=0,0.2578125,649.3396236457535,424
64,FS / P=0,0.26171875,680.4267547136969,420
64,FS / P=0,0.265625,636.2658928578,416
64,FS / P=0,0.26953125,612.3275908255777,448
64,FS / P=0,0.2734375,660.6053359628527,428
64,FS / P=0,0.27734375,703.864855024314,432
64,FS / P=0,0.28125,730.2205186973691,480
64,FS / P=0,0.28515625,907.0961869040262,444
64,FS / P=0,0.2890625,861.0711143053736,472
64,FS / P=0,0.29296875,960.5345791711134,456
64,FS / P=0,0.296875,885.5604248199502,488
64,FS / P=0,0.30078125,1149.3475042731498,500
64,FS / P=0,0.3046875,1314.2212208003318,472
64,FS / P=0,0.30859375,1412.4491121046037,496
64,FS / P=0,0.3125,1521.0644240665079,492
64,FS / P=0,0.31640625,1728.4286705158506,536
64,FS / P=0,0.3203125,1526.0477256703625,512
64,FS / P=0,0.32421875,1652.4537258453815,512
64,FS / P=0,0.328125,2102.899700907455,516
64,FS / P=0,0.33203125,2196.2850650507107,552
64,FS / P=0,0.3359375,2200.5788256223823,544
64,FS / P=0,0.33984375,2525.7187874615147,540
64,FS / P=0,0.34375,2788.771807040758,536
64,FS / P=0,0.34765625,2927.7117959941716,584
64,FS / P=0,0.3515625,2740.4429327011535,556
64,FS / P=0,0.35546875,3447.58072008646,576
64,FS / P=0,0.359375,3867.094745592015,568
64,FS / P=0,0.36328125,4426.881220428346,592
64,FS / P=0,0.3671875,3612.338536368359,580
64,FS / P=0,0.37109375,3881.7067097039535,592
64,FS / P=0,0.375,4427.148011270298,600
64,FS / P=0,0.37890625,4611.776166691961,612
64,FS / P=0,0.3828125,4657.529264589586,664
64,FS / P=0,0.38671875,5219.652471723066,592
64,FS / P=0,0.390625,5694.219866554385,640
64,FS / P=0,0.39453125,4902.432573667497,596
64,FS / P=0,0.3984375,4972.759020357286,664
64,FS / P=0,0.40234375,5298.052381498428,672
64,FS / P=0,0.40625,5475.544995686537,620
64,FS / P=0,0.41015625,5479.843234165211,664
64,FS / P=0,0.4140625,8791.862693065015,656
64,FS / P=0,0.41796875,10793.028905499568,680
64,FS / P=0,0.421875,8421.126036381465,692
64,FS / P=0,0.42578125,9125.681709627559,672
64,FS / P=0,0.4296875,14721.688914501114,720
64,FS / P=0,0.43359375,15711.053129614735,668
64,FS / P=0,0.4375,17452.150295357627,704
64,FS / P=0,0.44140625,17497.83086907597,704
64,FS / P=0,0.4453125,15404.903925982671,716
64,FS / P=0,0.44921875,17025.454030377634,744
64,FS / P=0,0.453125,22245.7149283274,728
64,FS / P=0,0.45703125,19963.56783268149,728
64,FS / P=0,0.4609375,20170.47351350078,724
64,FS / P=0,0.46484375,24460.794190364362,736
64,FS / P=0,0.46875,22567.44906099042,776
64,FS / P=0,0.47265625,43214.76844825359,772
64,FS / P=0,0.4765625,36078.71938966479,768
64,FS / P=0,0.48046875,33041.99744980994,792
64,FS / P=0,0.484375,38342.99024103305,760
64,FS / P=0,0.48828125,34287.61287633266,780
64,FS / P=0,0.4921875,34168.68322505137,776
64,FS / P=0,0.49609375,34020.195130996944,832
64,FS / P=0,0.5,38210.457020185844,742
64,FS / P=0,0.50390625,22394.768820045323,692
64,FS / P=0,0.5078125,21602.232785519154,620
64,FS / P=0,0.51171875,20466.985715606424,588
64,FS / P=0,0.515625,16884.68586219621,588
64,FS / P=0,0.51953125,11540.103142060245,544
64,FS / P=0,0.5234375,14813.169711816485,524
64,FS / P=0,0.52734375,13269.714237961454,484
64,FS / P=0,0.53125,10838.531520517023,504
64,FS / P=0,0.53515625,11965.958254334184,456
64,FS / P=0,0.5390625,12473.621450228551,424
64,FS / P=0,0.54296875,10677.733865549118,424
64,FS / P=0,0.546875,12492.867065796949,436
64,FS / P=0,0.55078125,12061.628560335452,400
64,FS / P=0,0.5546875,11632.465532495135,368
64,FS / P=0,0.55859375,11423.536594949373,356
64,FS / P=0,0.5625,11742.698490002076,376
64,FS / P=0,0.56640625,13035.323255448357,344
64,FS / P=0,0.5703125,11696.266215610147,348
64,FS / P=0,0.57421875,14307.159943725215,300
64,FS / P=0,0.578125,16072.286991828416,300
64,FS / P=0,0.58203125,18231.114722190836,312
64,FS / P=0,0.5859375,17263.553281385128,268
64,FS / P=0,0.58984375,15217.823491716876,300
64,FS / P=0,0.59375,16259.229295757646,236
64,FS / P=0,0.59765625,27640.126639479116,260
64,FS / P=0,0.6015625,21006.91424829545,244
64,FS / P=0,0.60546875,27047.197622061605,216
64,FS / P=0,0.609375,20834.0285723496,244
64,FS / P=0,0.61328125,28274.231704558264,200
64,FS / P=0,0.6171875,18872.773312917987,204
64,FS / P=0,0.62109375,25554.06163434153,192
64,FS / P=0,0.625,30947.92421349594,160
64,FS / P=0,0.62890625,34335.669483327954,196
64,FS / P=0,0.6328125,34463.0173400543,152
64,FS / P=0,0.63671875,38565.058183844565,160
64,FS / P=0,0.640625,45902.9958268248,140
64,FS / P=0,0.64453125,37506.18395393487,136
64,FS / P=0,0.6484375,47086.72823102601,128
64,FS / P=0,0.65234375,43459.74091419019,108
64,FS / P=0,0.65625,49712.91517729628,120
64,FS / P=0,0.66015625,104709.94525757473,96
64,FS / P=0,0.6640625,132398.4451542617,96
64,FS / P=0,0.66796875,217888.67374281873,84
64,FS / P=0,0.671875,164354.80949869446,52
64,FS / P=0,0.67578125,151169.0300626072,92
64,FS / P=0,0.6796875,176291.67926454757,40
64,FS / P=0,0.68359375,142792.67289710316,68
64,FS / P=0,0.6875,204812.808996895,28
64,FS / P=0,0.69140625,164737.63852781928,40
64,FS / P=0,0.6953125,361957.8825741238,20
64,FS / P=0,0.69921875,149051.6665149333,12
64,FS / P=0,0.703125,374932.09205507085,12
64,FS / P=0,0.70703125,101761.0,1
64,FS / P=0.5,0.0,0.0,1
64,FS / P=0.5,0.00390625,447.808017704639,8
64,FS / P=0.5,0.0078125,345.5477902257969,12
64,FS / P=0.5,0.01171875,305.3664674393067,16
64,FS / P=0.5,0.015625,161.55296427800053,32
64,FS / P=0.5,0.01953125,155.9371569999859,28
64,FS / P=0.5,0.0234375,116.08821877399608,40
64,FS / P=0.5,0.02734375,132.31201410652807,40
64,FS / P=0.5,0.03125,106.63748370914696,48
64,FS / P=0.5,0.03515625,103.91421270910902,68
64,FS / P=0.5,0.0390625,132.99185153916758,56
64,FS / P=0.5,0.04296875,109.17034038771298,72
64,FS / P=0.5,0.046875,121.37358251736444,68
64,FS / P=0.5,0.05078125,108.83344291833541,88
64,FS / P=0.5,0.0546875,137.991249142555,88
64,FS / P=0.5,0.05859375,135.23600416949935,84
64,FS / P=0.5,0.0625,106.08916594337211,112
64,FS / P=0.5,0.06640625,115.50089193271943,112
64,FS / P=0.5,0.0703125,136.00452061987474,112
64,FS / P=0.5,0.07421875,145.3610665604306,116
64,FS / P=0.5,0.078125,160.17230121136365,112
64,FS / P=0.5,0.08203125,175.60747474004108,144
64,FS / P=0.5,0.0859375,223.73075388525353,140
64,FS / P=0.5,0.08984375,207.1827073937912,144
64,FS / P=0.5,0.09375,228.49776858281191,144
64,FS / P=0.5,0.09765625,186.5818330654967,168
64,FS / P=0.5,0.1015625,212.46865280367717,164
64,FS / P=0.5,0.10546875,247.82626313171437,160
64,FS / P=0.5,0.109375,206.49603154861353,184
64,FS / P=0.5,0.11328125,236.38911450129916,172
64,FS / P=0.5,0.1171875,270.4424482791166,200
64,FS / P=0.5,0.12109375,261.66301962940287,192
64,FS / P=0.5,0.125,260.2080494051188,188
64,FS / P=0.5,0.12890625,276.45886414291425,208
64,FS / P=0.5,0.1328125,244.44709517506675,224
64,FS / P=0.5,0.13671875,302.5270936839926,224
64,FS / P=0.5,0.140625,339.6934929445822,228
64,FS / P=0.5,0.14453125,388.49323092677815,224
64,FS / P=0.5,0.1484375,404.019145255226,248
64,FS / P=0.5,0.15234375,426.8113401670666,236
64,FS / P=0.5,0.15625,400.72923999482,264
64,FS / P=0.5,0.16015625,497.51862682249987,248
64,FS / P=0.5,0.1640625,490.63663781171783,264
64,FS / P=0.5,0.16796875,467.6343022482124,276
64,FS / P=0.5,0.171875,442.41324838570665,264
64,FS / P=0.5,0.17578125,481.3772637935969,288
64,FS / P=0.5,0.1796875,533.4186962648404,276
64,FS / P=0.5,0.18359375,487.8927992171489,304
64,FS / P=0.5,0.1875,562.7651357454034,304
64,FS / P=0.5,0.19140625,551.4351359627715,312
64,FS / P=0.5,0.1953125,603.0324592488837,316
64,FS / P=0.5,0.19921875,631.6449383699232,320
64,FS / P=0.5,0.203125,652.9846547459656,344
64,FS / P=0.5,0.20703125,715.739502538541,316
64,FS / P=0.5,0.2109375,707.7259084040204,336
64,FS / P=0.5,0.21484375,813.3028580969418,352
64,FS / P=0.5,0.21875,853.6719314477936,340
64,FS / P=0.5,0.22265625,823.4089454204851,376
64,FS / P=0.5,0.2265625,961.4846612111822,336
64,FS / P=0.5,0.23046875,862.4523580834499,392
64,FS / P=0.5,0.234375,965.5295900242419,380
64,FS / P=0.5,0.23828125,1126.3785297816364,368
64,FS / P=0.5,0.2421875,1042.2601549738379,400
64,FS / P=0.5,0.24609375,1040.5201477981957,364
64,FS / P=0.5,0.25,1172.2477144613822,440
64,FS / P=0.5,0.25390625,1215.3058755658828,400
64,FS / P=0.5,0.2578125,1344.4698334205586,424
64,FS / P=0.5,0.26171875,1382.5511879742178,420
64,FS / P=0.5,0.265625,1322.1621399049652,416
64,FS / P=0.5,0.26953125,1535.5019861900705,448
64,FS / P=0.5,0.2734375,1545.6538734667176,428
64,FS / P=0.5,0.27734375,1662.5883929917957,432
64,FS / P=0.5,0.28125,1966.2937719733898,480
64,FS / P=0.5,0.28515625,1897.0836208254073,444
64,FS / P=0.5,0.2890625,1840.119906312991,472
64,FS / P=0.5,0.29296875,2239.686168597805,456
64,FS / P=0.5,0.296875,2068.2512314127903,488
64,FS / P=0.5,0.30078125,2523.2871242449933,500
64,FS / P=0.5,0.3046875,2397.057789303374,472
64,FS / P=0.5,0.30859375,2819.2809143829677,496
64,FS / P=0.5,0.3125,2555.9698545917095,492
64,FS / P=0.5,0.31640625,3071.426670175055,536
64,FS / P=0.5,0.3203125,3713.1788270231705,512
64,FS / P=0.5,0.32421875,3651.896116422781,512
64,FS / P=0.5,0.328125,3510.8483805255732,516
64,FS / P=0.5,0.33203125,3952.3034725077923,552
64,FS / P=0.5,0.3359375,3892.1896717644227,544
64,FS / P=0.5,0.33984375,4195.027354775534,540
64,FS / P=0.5,0.34375,4089.176964690634,536
64,FS / P=0.5,0.34765625,4560.493221903575,584
64,FS / P=0.5,0.3515625,4875.59983539867,556
64,FS / P=0.5,0.35546875,5345.433850107116,576
64,FS / P=0.5,0.359375,5627.035827635936,568
64,FS / P=0.5,0.36328125,5795.405244793192,592
64,FS / P=0.5,0.3671875,6097.069349978095,580
64,FS / P=0.5,0.37109375,6749.176384794622,592
64,FS / P=0.5,0.375,6927.54422587592,600
64,FS / P=0.5,0.37890625,7184.491578185678,612
64,FS / P=0.5,0.3828125,8614.908455133795,664
64,FS / P=0.5,0.38671875,8615.417740717086,592
64,FS / P=0.5,0.390625,8341.772656104764,640
64,FS / P=0.5,0.39453125,9298.56129464849,596
64,FS / P=0.5,0.3984375,9978.520639593675,664
64,FS / P=0.5,0.40234375,9834.191287920054,672
64,FS / P=0.5,0.40625,10339.32721851892,620
64,FS / P=0.5,0.41015625,11287.543926653523,664
64,FS / P=0.5,0.4140625,11982.239021780968,656
64,FS / P=0.5,0.41796875,12570.491320513758,680
64,FS / P=0.5,0.421875,12597.462793092276,692
64,FS / P=0.5,0.42578125,14480.183923975172,672
64,FS / P=0.5,0.4296875,14824.34390275412,720
64,FS / P=0.5,0.43359375,12977.456634409444,668
64,FS / P=0.5,0.4375,15342.146500163804,704
64,FS / P=0.5,0.44140625,15077.787524355203,704
64,FS / P=0.5,0.4453125,18767.306673501953,716
64,FS / P=0.5,0.44921875,15665.229459187161,744
64,FS / P=0.5,0.453125,20207.14945215632,728
64,FS / P=0.5,0.45703125,20068.423587174813,728
64,FS / P=0.5,0.4609375,22516.350943879603,724
64,FS / P=0.5,0.46484375,24596.608261069803,736
64,FS / P=0.5,0.46875,23321.72696059376,776
64,FS / P=0.5,0.47265625,24208.84203124898,772
64,FS / P=0.5,0.4765625,23268.983490755698,768
64,FS / P=0.5,0.48046875,27419.11014303633,792
64,FS / P=0.5,0.484375,29105.81545440165,760
64,FS / P=0.5,0.48828125,29926.245406431262,780
64,FS / P=0.5,0.4921875,31698.23752130596,776
64,FS / P=0.5,0.49609375,27961.84433261299,832
64,FS / P=0.5,0.5,28110.447715918384,742
64,FS / P=0.5,0.50390625,25799.718930618314,692
64,FS / P=0.5,0.5078125,25974.788056562214,620
64,FS / P=0.5,0.51171875,23851.214567112376,588
64,FS / P=0.5,0.515625,18342.065122102962,588
64,FS / P=0.5,0.51953125,21425.287279119697,544
64,FS / P=0.5,0.5234375,19480.912668050583,524
64,FS / P=0.5,0.52734375,20103.719423733855,484
64,FS / P=0.5,0.53125,19970.323951791932,504
64,FS / P=0.5,0.53515625,18593.24563955203,456
64,FS / P=0.5,0.5390625,21610.368707254573,424
64,FS / P=0.5,0.54296875,19050.918851959206,424
64,FS / P=0.5,0.546875,20194.14302140634,436
64,FS / P=0.5,0.55078125,16594.321149241365,400
64,FS / P=0.5,0.5546875,19358.723198602675,368
64,FS / P=0.5,0.55859375,17861.63198455167,356
64,FS / P=0.5,0.5625,20368.46183089119,376
64,FS / P=0.5,0.56640625,20196.042110043254,344
64,FS / P=0.5,0.5703125,19090.887607334793,348
64,FS / P=0.5,0.57421875,21117.386818301686,300
64,FS / P=0.5,0.578125,21481.58698801677,300
64,FS / P=0.5,0.58203125,21636.356187697187,312
64,FS / P=0.5,0.5859375,26493.232693627302,268
64,FS / P=0.5,0.58984375,24497.432260995887,300
64,FS / P=0.5,0.59375,24768.186835635723,236
64,FS / P=0.5,0.59765625,25569.66487548452,260
64,FS / P=0.5,0.6015625,24077.17478954628,244
64,FS / P=0.5,0.60546875,24251.257671048545,216
64,FS / P=0.5,0.609375,24273.62238250232,244
64,FS / P=0.5,0.61328125,27498.77084515506,200
64,FS / P=0.5,0.6171875,25504.67327235881,204
64,FS / P=0.5,0.62109375,29402.892429869244,192
64,FS / P=0.5,0.625,29966.078602379403,160
64,FS / P=0.5,0.62890625,37341.83337264909,196
64,FS / P=0.5,0.6328125,29050.28790321839,152
64,FS / P=0.5,0.63671875,34432.953497977316,160
64,FS / P=0.5,0.640625,32067.314993104497,140
64,FS / P=0.5,0.64453125,39414.08427798452,136
64,FS / P=0.5,0.6484375,43236.300087020114,128
64,FS / P=0.5,0.65234375,36406.97547290707,108
64,FS / P=0.5,0.65625,48266.27557872832,120
64,FS / P=0.5,0.66015625,49697.07305275469,96
64,FS / P=0.5,0.6640625,41308.132696647735,96
64,FS / P=0.5,0.66796875,59348.975953140914,84
64,FS / P=0.5,0.671875,48738.746851228134,52
64,FS / P=0.5,0.67578125,74837.08592210643,92
64,FS / P=0.5,0.6796875,85530.71096934748,40
64,FS / P=0.5,0.68359375,86252.39287749102,68
64,FS / P=0.5,0.6875,58705.40305675607,28
64,FS / P=0.5,0.69140625,67348.38708068326,40
64,FS / P=0.5,0.6953125,84863.88126493206,20
64,FS / P=0.5,0.69921875,48337.22724720115,12
64,FS / P=0.5,0.703125,48089.30637661197,12
64,FS / P=0.5,0.70703125,46656.0,1
64,Serpentine / P=0,0.0,0.0,1
64,Serpentine / P=0,0.00390625,289.63368249112887,8
64,Serpentine / P=0,0.0078125,228.96605324330483,12
64,Serpentine / P=0,0.01171875,223.50512618965092,16
64,Serpentine / P=0,0.015625,158.97744564585437,32
64,Serpentine / P=0,0.01953125,259.181235523216,28
64,Serpentine / P=0,0.0234375,284.9791324609638,40
64,Serpentine / P=0,0.02734375,364.2545915854213,40
64,Serpentine / P=0,0.03125,367.0700556907043,48
64,Serpentine / P=0,0.03515625,271.41775732124296,68
64,Serpentine / P=0,0.0390625,673.9710252362378,56
64,Serpentine / P=0,0.04296875,521.9469385283263,72
64,Serpentine / P=0,0.046875,601.897380816014,68
64,Serpentine / P=0,0.05078125,644.2346194895009,88
64,Serpentine / P=0,0.0546875,507.15147743999006,88
64,Serpentine / P=0,0.05859375,505.1794385973672,84
64,Serpentine / P=0,0.0625,784.7866558721909,112
64,Serpentine / P=0,0.06640625,549.6823250240066,112
64,Serpentine / P=0,0.0703125,744.2274918668248,112
64,Serpentine / P=0,0.07421875,570.9832937537183,116
64,Serpentine / P=0,0.078125,667.3272030044519,112
64,Serpentine / P=0,0.08203125,725.5382132732823,144
64,Serpentine / P=0,0.0859375,1005.274629927622,140
64,Serpentine / P=0,0.08984375,440.45217522509074,144
64,Serpentine / P=0,0.09375,558.3471599043315,144
64,Serpentine / P=0,0.09765625,633.5820813486679,168
64,Serpentine / P=0,0.1015625,557.8221469331119,164
64,Serpentine / P=0,0.10546875,586.4608832792877,160
64,Serpentine / P=0,0.109375,548.5281443186147,184
64,Serpentine / P=0,0.11328125,577.4567222054976,172
64,Serpentine / P=0,0.1171875,617.6070996391657,200
64,Serpentine / P=0,0.12109375,510.9923853726157,192
64,Serpentine / P=0,0.125,799.7093345445509,188
64,Serpentine / P=0,0.12890625,416.19335284404417,208
64,Serpentine / P=0,0.1328125,531.5536586614148,224
64,Serpentine / P=0,0.13671875,531.3379273724341,224
64,Serpentine / P=0,0.140625,421.8160683301652,228
64,Serpentine / P=0,0.14453125,545.835606005058,224
64,Serpentine / P=0,0.1484375,501.55358427271017,248
64,Serpentine / P=0,0.15234375,470.3837920361717,236
64,Serpentine / P=0,0.15625,535.024283384002,264
64,Serpentine / P=0,0.16015625,580.0842957493743,248
64,Serpentine / P=0,0.1640625,478.97848771922565,264
64,Serpentine / P=0,0.16796875,701.8865658857932,276
64,Serpentine / P=0,0.171875,800.7006112237649,264
64,Serpentine / P=0,0.17578125,835.5145619805163,288
64,Serpentine / P=0,0.1796875,836.74971087695,276
64,Serpentine / P=0,0.18359375,1029.418794046392,304
64,Serpentine / P=0,0.1875,706.1632992481428,304
64,Serpentine / P=0,0.19140625,698.9091633532072,312
64,Serpentine / P=0,0.1953125,822.9503955614741,316
64,Serpentine / P=0,0.19921875,728.1695012011127,320
64,Serpentine / P=0,0.203125,701.1321600434501,344
64,Serpentine / P=0,0.20703125,646.2522362482498,316
64,Serpentine / P=0,0.2109375,948.5961522428211,336
64,Serpentine / P=0,0.21484375,796.6642785902168,352
64,Serpentine / P=0,0.21875,689.8127115985377,340
64,Serpentine / P=0,0.22265625,762.1548430919989,376
64,Serpentine / P=0,0.2265625,781.2937853553152,336
64,Serpentine / P=0,0.23046875,710.275400268617,392
64,Serpentine / P=0,0.234375,859.3348454174345,380
64,Serpentine / P=0,0.23828125,619.0433309848426,368
64,Serpentine / P=0,0.2421875,853.7002505107941,400
64,Serpentine / P=0,0.24609375,793.8053259877993,364
64,Serpentine / P=0,0.25,981.1040464019071,440
64,Serpentine / P=0,0.25390625,965.8910155500688,400
64,Serpentine / P=0,0.2578125,893.5072771551071,424
64,Serpentine / P=0,0.26171875,1041.3966420448992,420
64,Serpentine / P=0,0.265625,811.6922513801813,416
64,Serpentine / P=0,0.26953125,932.2950234370749,448
64,Serpentine / P=0,0.2734375,1011.9905606659012,428
64,Serpentine / P=0,0.27734375,804.5465611825531,432
64,Serpentine / P=0,0.28125,1013.6331966520876,480
64,Serpentine / P=0,0.28515625,1110.1573383399484,444
64,Serpentine / P=0,0.2890625,1058.7250148516907,472
64,Serpentine / P=0,0.29296875,1196.9235330563738,456
64,Serpentine / P=0,0.296875,1048.097810090037,488
64,Serpentine / P=0,0.30078125,1097.4686255698225,500
64,Serpentine / P=0,0.3046875,1252.118548926831,472
64,Serpentine / P=0,0.30859375,1115.1613855224557,496
64,Serpentine / P=0,0.3125,1286.2851996594802,492
64,Serpentine / P=0,0.31640625,1329.5879269525765,536
64,Serpentine / P=0,0.3203125,1535.5669330438425,512
64,Serpentine / P=0,0.32421875,1427.2745804534343,512
64,Serpentine / P=0,0.328125,1659.2028337071463,516
64,Serpentine / P=0,0.33203125,1654.4870482795513,552
64,Serpentine / P=0,0.3359375,2019.8306912627866,544
64,Serpentine / P=0,0.33984375,2068.9480425428937,540
64,Serpentine / P=0,0.34375,2096.530459987811,536
64,Serpentine / P=0,0.34765625,2066.801074228096,584
64,Serpentine / P=0,0.3515625,2469.5291499146765,556
64,Serpentine / P=0,0.35546875,2447.482914547534,576
64,Serpentine / P=0,0.359375,2398.320650673796,568
64,Serpentine / P=0,0.36328125,2917.843407233725,592
64,Serpentine / P=0,0.3671875,3378.4607868852595,580
64,Serpentine / P=0,0.37109375,3378.4829246251165,592
64,Serpentine / P=0,0.375,3917.010872511941,600
64,Serpentine / P=0,0.37890625,4034.8763598973833,612
64,Serpentine / P=0,0.3828125,4247.62250517735,664
64,Serpentine / P=0,0.38671875,4367.273933501002,592
64,Serpentine / P=0,0.390625,4107.183592105217,640
64,Serpentine / P=0,0.39453125,4483.654034519338,596
64,Serpentine / P=0,0.3984375,4930.781655243406,664
64,Serpentine / P=0,0.40234375,4755.049845447129,672
64,Serpentine / P=0,0.40625,5459.2985033583645,620
64,Serpentine / P=0,0.41015625,6093.449201441427,664
64,Serpentine / P=0,0.4140625,6274.59575316207,656
64,Serpentine / P=0,0.41796875,7060.927950273025,680
64,Serpentine / P=0,0.421875,6679.590913043871,692
64,Serpentine / P=0,0.42578125,7152.243595303656,672
64,Serpentine / P=0,0.4296875,7692.897613274086,720
64,Serpentine / P=0,0.43359375,9735.375885068901,668
64,Serpentine / P=0,0.4375,9755.340153640125,704
64,Serpentine / P=0,0.44140625,11366.202627263721,704
64,Serpentine / P=0,0.4453125,10981.78080722887,716
64,Serpentine / P=0,0.44921875,12872.380558021334,744
64,Serpentine / P=0,0.453125,14528.410175923833,728
64,Serpentine / P=0,0.45703125,16360.025324183485,728
64,Serpentine / P=0,0.4609375,18730.114450756955,724
64,Serpentine / P=0,0.46484375,19845.1669857072,736
64,Serpentine / P=0,0.46875,21181.168154466697,776
64,Serpentine / P=0,0.47265625,22390.593158714888,772
64,Serpentine / P=0,0.4765625,25860.740088880422,768
64,Serpentine / P=0,0.48046875,28876.0883008913,792
64,Serpentine / P=0,0.484375,34348.82901468989,760
64,Serpentine / P=0,0.48828125,40414.66187405061,780
64,Serpentine / P=0,0.4921875,49606.42959251197,776
64,Serpentine / P=0,0.49609375,44660.243451898874,832
64,Serpentine / P=0,0.5,44879.00131664847,742
64,Serpentine / P=0,0.50390625,36822.57101243239,692
64,Serpentine / P=0,0.5078125,32343.56423030715,620
64,Serpentine / P=0,0.51171875,28027.447223276045,588
64,Serpentine / P=0,0.515625,21508.53795825383,588
64,Serpentine / P=0,0.51953125,21629.80821997312,544
64,Serpentine / P=0,0.5234375,26038.765765935932,524
64,Serpentine / P=0,0.52734375,19528.45882843578,484
64,Serpentine / P=0,0.53125,18863.607118802134,504
64,Serpentine / P=0,0.53515625,22731.406100101663,456
64,Serpentine / P=0,0.5390625,23751.26021727721,424
64,Serpentine / P=0,0.54296875,18046.743522394718,424
64,Serpentine / P=0,0.546875,21815.570995515875,436
64,Serpentine / P=0,0.55078125,30629.692520483375,400
64,Serpentine / P=0,0.5546875,40793.66047235305,368
64,Serpentine / P=0,0.55859375,41907.96249519522,356
64,Serpentine / P=0,0.5625,36299.1198299514,376
64,Serpentine / P=0,0.56640625,40809.66703450975,344
64,Serpentine / P=0,0.5703125,42577.540936082114,348
64,Serpentine / P=0,0.57421875,48027.02103404282,300
64,Serpentine / P=0,0.578125,44809.96524841817,300
64,Serpentine / P=0,0.58203125,49874.08841480284,312
64,Serpentine / P=0,0.5859375,43439.733600179694,268
64,Serpentine / P=0,0.58984375,59621.85048507082,300
64,Serpentine / P=0,0.59375,37941.41258567542,236
64,Serpentine / P=0,0.59765625,34345.771739973934,260
64,Serpentine / P=0,0.6015625,40410.944517407166,244
64,Serpentine / P=0,0.60546875,19034.959492340153,216
64,Serpentine / P=0,0.609375,15491.912262690448,244
64,Serpentine / P=0,0.61328125,23236.660723397497,200
64,Serpentine / P=0,0.6171875,18412.681065123328,204
64,Serpentine / P=0,0.62109375,18326.86305361443,192
64,Serpentine / P=0,0.625,16392.56163918783,160
64,Serpentine / P=0,0.62890625,15088.539435487715,196
64,Serpentine / P=0,0.6328125,13547.983731766784,152
64,Serpentine / P=0,0.63671875,14244.613634720252,160
64,Serpentine / P=0,0.640625,16799.5383901738,140
64,Serpentine / P=0,0.64453125,13975.10330983076,136
64,Serpentine / P=0,0.6484375,13049.062074754098,128
64,Serpentine / P=0,0.65234375,16139.883316786094,108
64,Serpentine / P=0,0.65625,17826.832734569558,120
64,Serpentine / P=0,0.66015625,19370.540470463402,96
64,Serpentine / P=0,0.6640625,14590.675568393262,96
64,Serpentine / P=0,0.66796875,17114.283562736848,84
64,Serpentine / P=0,0.671875,27779.904089638687,52
64,Serpentine / P=0,0.67578125,19813.79522976032,92
64,Serpentine / P=0,0.6796875,17821.80876900043,40
64,Serpentine / P=0,0.68359375,17321.10222298297,68
64,Serpentine / P=0,0.6875,18438.92036503415,28
64,Serpentine / P=0,0.69140625,15597.74232775573,40
64,Serpentine / P=0,0.6953125,28653.80497979402,20
64,Serpentine / P=0,0.69921875,40104.990679126386,12
64,Serpentine / P=0,0.703125,73369.64722268125,12
64,Serpentine / P=0,0.70703125,173056.0,1
64,Serpentine / P=0.5,0.0,0.0,1
64,Serpentine / P=0.5,0.00390625,373.44519524823954,8
64,Serpentine / P=0.5,0.0078125,267.78457150961924,12
64,Serpentine / P=0.5,0.01171875,184.61498055895515,16
64,Serpentine / P=0.5,0.015625,118.1476307655905,32
64,Serpentine / P=0.5,0.01953125,143.55655655597323,28
64,Serpentine / P=0.5,0.0234375,134.6195982225237,40
64,Serpentine / P=0.5,0.02734375,177.3498436032343,40
64,Serpentine / P=0.5,0.03125,150.2028858226724,48
64,Serpentine / P=0.5,0.03515625,107.16091534733252,68
64,Serpentine / P=0.5,0.0390625,202.58045320190868,56
64,Serpentine / P=0.5,0.04296875,180.74826584623597,72
64,Serpentine / P=0.5,0.046875,175.66760877945902,68
64,Serpentine / P=0.5,0.05078125,207.4734340203977,88
64,Serpentine / P=0.5,0.0546875,254.17938766159094,88
64,Serpentine / P=0.5,0.05859375,329.29469839418556,84
64,Serpentine / P=0.5,0.0625,321.56750368564514,112
64,Serpentine / P=0.5,0.06640625,415.7172983620758,112
64,Serpentine / P=0.5,0.0703125,418.1392072250604,112
64,Serpentine / P=0.5,0.07421875,395.1103903216734,116
64,Serpentine / P=0.5,0.078125,435.3745502751762,112
64,Serpentine / P=0.5,0.08203125,350.9342051704404,144
64,Serpentine / P=0.5,0.0859375,396.56711907746853,140
64,Serpentine / P=0.5,0.08984375,462.412983761465,144
64,Serpentine / P=0.5,0.09375,521.9818909835809,144
64,Serpentine / P=0.5,0.09765625,543.3970810403476,168
64,Serpentine / P=0.5,0.1015625,536.6651502256896,164
64,Serpentine / P=0.5,0.10546875,513.9311477000226,160
64,Serpentine / P=0.5,0.109375,670.5188604217018,184
64,Serpentine / P=0.5,0.11328125,664.2878104960694,172
64,Serpentine / P=0.5,0.1171875,669.3728883866601,200
64,Serpentine / P=0.5,0.12109375,553.8443805104653,192
64,Serpentine / P=0.5,0.125,684.0481278456504,188
64,Serpentine / P=0.5,0.12890625,738.8352413769522,208
64,Serpentine / P=0.5,0.1328125,664.1864315559953,224
64,Serpentine / P=0.5,0.13671875,689.3811674095739,224
64,Serpentine / P=0.5,0.140625,856.2636204259761,228
64,Serpentine / P=0.5,0.14453125,727.6274639940538,224
64,Serpentine / P=0.5,0.1484375,897.9439412289723,248
64,Serpentine / P=0.5,0.15234375,683.8688901785437,236
64,Serpentine / P=0.5,0.15625,725.0003745915652,264
64,Serpentine / P=0.5,0.16015625,881.32685150984,248
64,Serpentine / P=0.5,0.1640625,807.0479785109145,264
64,Serpentine / P=0.5,0.16796875,884.893839887383,276
64,Serpentine / P=0.5,0.171875,779.1596111787863,264
64,Serpentine / P=0.5,0.17578125,966.9347700433084,288
64,Serpentine / P=0.5,0.1796875,889.0819923045672,276
64,Serpentine / P=0.5,0.18359375,894.9902620012704,304
64,Serpentine / P=0.5,0.1875,931.492175036586,304
64,Serpentine / P=0.5,0.19140625,946.1420885621313,312
64,Serpentine / P=0.5,0.1953125,1049.543841206017,316
64,Serpentine / P=0.5,0.19921875,867.7795350896938,320
64,Serpentine / P=0.5,0.203125,991.077042000979,344
64,Serpentine / P=0.5,0.20703125,1102.7456399839327,316
64,Serpentine / P=0.5,0.2109375,1161.4060775784317,336
64,Serpentine / P=0.5,0.21484375,1242.3950771192137,352
64,Serpentine / P=0.5,0.21875,1143.4577831830754,340
64,Serpentine / P=0.5,0.22265625,1174.2918713163406,376
64,Serpentine / P=0.5,0.2265625,1066.6930127763587,336
64,Serpentine / P=0.5,0.23046875,1179.3574232805445,392
64,Serpentine / P=0.5,0.234375,1438.5614136994654,380
64,Serpentine / P=0.5,0.23828125,1414.511472774601,368
64,Serpentine / P=0.5,0.2421875,1281.265294647275,400
64,Serpentine / P=0.5,0.24609375,1617.055022475688,364
64,Serpentine / P=0.5,0.25,1653.7438049576065,440
64,Serpentine / P=0.5,0.25390625,1556.1290087989964,400
64,Serpentine / P=0.5,0.2578125,1446.9302509008244,424
64,Serpentine / P=0.5,0.26171875,1504.803550689017,420
64,Serpentine / P=0.5,0.265625,1537.4326966084495,416
64,Serpentine / P=0.5,0.26953125,1872.9102054153302,448
64,Serpentine / P=0.5,0.2734375,1958.477752734216,428
64,Serpentine / P=0.5,0.27734375,1961.2873297247554,432
64,Serpentine / P=0.5,0.28125,2241.1791107851923,480
64,Serpentine / P=0.5,0.28515625,1955.3086109206897,444
64,Serpentine / P=0.5,0.2890625,2106.324370592072,472
64,Serpentine / P=0.5,0.29296875,2144.331070946104,456
64,Serpentine / P=0.5,0.296875,2051.551815764087,488
64,Serpentine / P=0.5,0.30078125,2203.7774960161305,500
64,Serpentine / P=0.5,0.3046875,2480.423414805906,472
64,Serpentine / P=0.5,0.30859375,2794.518074356381,496
64,Serpentine / P=0.5,0.3125,2644.983398879537,492
64,Serpentine / P=0.5,0.31640625,3119.8698858502053,536
64,Serpentine / P=0.5,0.3203125,3355.1209389625246,512
64,Serpentine / P=0.5,0.32421875,2999.7491062731683,512
64,Serpentine / P=0.5,0.328125,3321.4665028609215,516
64,Serpentine / P=0.5,0.33203125,3122.847533672777,552
64,Serpentine / P=0.5,0.3359375,3577.479077509308,544
64,Serpentine / P=0.5,0.33984375,3879.761742805072,540
64,Serpentine / P=0.5,0.34375,3682.273621718312,536
64,Serpentine / P=0.5,0.34765625,3996.1055711201698,584
64,Serpentine / P=0.5,0.3515625,4314.1656848284165,556
64,Serpentine / P=0.5,0.35546875,4697.455527051623,576
64,Serpentine / P=0.5,0.359375,5011.400115351204,568
64,Serpentine / P=0.5,0.36328125,4748.565884362402,592
64,Serpentine / P=0.5,0.3671875,4979.565039096272,580
64,Serpentine / P=0.5,0.37109375,5751.714259829713,592
64,Serpentine / P=0.5,0.375,6505.564063287676,600
64,Serpentine / P=0.5,0.37890625,6340.021025025443,612
64,Serpentine / P=0.5,0.3828125,6099.005760551135,664
64,Serpentine / P=0.5,0.38671875,7298.078845318659,592
64,Serpentine / P=0.5,0.390625,7609.813561521791,640
64,Serpentine / P=0.5,0.39453125,6905.887001929442,596
64,Serpentine / P=0.5,0.3984375,7976.175130620945,664
64,Serpentine / P=0.5,0.40234375,7299.045674217384,672
64,Serpentine / P=0.5,0.40625,9123.21619005778,620
64,Serpentine / P=0.5,0.41015625,9162.167078367289,664
64,Serpentine / P=0.5,0.4140625,10748.25415513435,656
64,Serpentine / P=0.5,0.41796875,9562.422343786984,680
64,Serpentine / P=0.5,0.421875,10403.81853651541,692
64,Serpentine / P=0.5,0.42578125,10951.592458965812,672
64,Serpentine / P=0.5,0.4296875,11939.365584023997,720
64,Serpentine / P=0.5,0.43359375,13302.195950040907,668
64,Serpentine / P=0.5,0.4375,14740.539569887776,704
64,Serpentine / P=0.5,0.44140625,14779.978612500436,704
64,Serpentine / P=0.5,0.4453125,14986.162610703319,716
64,Serpentine / P=0.5,0.44921875,15641.173298561875,744
64,Serpentine / P=0.5,0.453125,18317.578719761892,728
64,Serpentine / P=0.5,0.45703125,19801.463680622008,728
64,Serpentine / P=0.5,0.4609375,19812.117968016573,724
64,Serpentine / P=0.5,0.46484375,20865.182770971627,736
64,Serpentine / P=0.5,0.46875,21623.976231887875,776
64,Serpentine / P=0.5,0.47265625,24738.671451714767,772
64,Serpentine / P=0.5,0.4765625,23971.36616006095,768
64,Serpentine / P=0.5,0.48046875,24148.693011125997,792
64,Serpentine / P=0.5,0.484375,29465.7479769055,760
64,Serpentine / P=0.5,0.48828125,30078.913712732512,780
64,Serpentine / P=0.5,0.4921875,32597.193856599024,776
64,Serpentine / P=0.5,0.49609375,34267.40141835017,832
64,Serpentine / P=0.5,0.5,32825.15890349876,742
64,Serpentine / P=0.5,0.50390625,29528.80250510871,692
64,Serpentine / P=0.5,0.5078125,30496.726454019572,620
64,Serpentine / P=0.5,0.51171875,30518.7557149991,588
64,Serpentine / P=0.5,0.515625,29014.98684900335,588
64,Serpentine / P=0.5,0.51953125,31989.530975748286,544
64,Serpentine / P=0.5,0.5234375,27604.23847562298,524
64,Serpentine / P=0.5,0.52734375,26608.424433814525,484
64,Serpentine / P=0.5,0.53125,29176.451486535632,504
64,Serpentine / P=0.5,0.53515625,28019.5574971946,456
64,Serpentine / P=0.5,0.5390625,27640.7526961725,424
64,Serpentine / P=0.5,0.54296875,32853.8259113535,424
64,Serpentine / P=0.5,0.546875,27605.107143350502,436
64,Serpentine / P=0.5,0.55078125,25300.04615117905,400
64,Serpentine / P=0.5,0.5546875,27313.530568227758,368
64,Serpentine / P=0.5,0.55859375,28559.20097169114,356
64,Serpentine / P=0.5,0.5625,25798.160150930384,376
64,Serpentine / P=0.5,0.56640625,26795.129239107457,344
64,Serpentine / P=0.5,0.5703125,26494.77281503869,348
64,Serpentine / P=0.5,0.57421875,26319.570432123102,300
64,Serpentine / P=0.5,0.578125,23902.201105398104,300
64,Serpentine / P=0.5,0.58203125,19949.926779907993,312
64,Serpentine / P=0.5,0.5859375,25590.15958625131,268
64,Serpentine / P=0.5,0.58984375,27886.3472916085,300
64,Serpentine / P=0.5,0.59375,23138.07962071368,236
64,Serpentine / P=0.5,0.59765625,18713.94394729179,260
64,Serpentine / P=0.5,0.6015625,24878.69313955017,244
64,Serpentine / P=0.5,0.60546875,24619.37273959173,216
64,Serpentine / P=0.5,0.609375,20639.267943020346,244
64,Serpentine / P=0.5,0.61328125,23080.874774255743,200
64,Serpentine / P=0.5,0.6171875,19791.712451865256,204
64,Serpentine / P=0.5,0.62109375,22422.05548419224,192
64,Serpentine / P=0.5,0.625,25923.58801875927,160
64,Serpentine / P=0.5,0.62890625,27167.186988994683,196
64,Serpentine / P=0.5,0.6328125,21908.023654652072,152
64,Serpentine / P=0.5,0.63671875,21726.16116927344,160
64,Serpentine / P=0.5,0.640625,18796.883630536115,140
64,Serpentine / P=0.5,0.64453125,20923.593041677028,136
64,Serpentine / P=0.5,0.6484375,23717.5021747418,128
64,Serpentine / P=0.5,0.65234375,27116.939494571532,108
64,Serpentine / P=0.5,0.65625,26445.16622877938,120
64,Serpentine / P=0.5,0.66015625,25300.693624257638,96
64,Serpentine / P=0.5,0.6640625,23429.782788616056,96
64,Serpentine / P=0.5,0.66796875,22606.42150945046,84
64,Serpentine / P=0.5,0.671875,19313.285750511357,52
64,Serpentine / P=0.5,0.67578125,19964.739060481115,92
64,Serpentine / P=0.5,0.6796875,27322.12361207388,40
64,Serpentine / P=0.5,0.68359375,29337.14182623528,68
64,Serpentine / P=0.5,0.6875,32253.51346464944,28
64,Serpentine / P=0.5,0.69140625,26726.478871076222,40
64,Serpentine / P=0.5,0.6953125,24605.624167711238,20
64,Serpentine / P=0.5,0.69921875,18208.207613314884,12
64,Serpentine / P=0.5,0.703125,22261.12517984275,12
64,Serpentine / P=0.5,0.70703125,20736.0,1
85,FS / P=0,0.0,0.0,1
85,FS / P=0,0.00390625,140.74879567584057,8
85,FS / P=0,0.0078125,80.27692455374485,12
85,FS / P=0,0.01171875,74.9132553897147,16
85,FS / P=0,0.015625,45.02359645008074,32
85,FS / P=0,0.01953125,42.12653278172743,28
85,FS / P=0,0.0234375,32.48356190148508,40
85,FS / P=0,0.02734375,42.77187217935968,40
85,FS / P=0,0.03125,39.688963988732276,48
85,FS / P=0,0.03515625,30.325316358344118,68
85,FS / P=0,0.0390625,52.21698880204293,56
85,FS / P=0,0.04296875,86.09537031326296,72
85,FS / P=0,0.046875,160.20484948366348,68
85,FS / P=0,0.05078125,413.59607802477166,88
85,FS / P=0,0.0546875,672.1907838444246,88
85,FS / P=0,0.05859375,158.8240057118105,84
85,FS / P=0,0.0625,117.95928885332982,112
85,FS / P=0,0.06640625,75.73621839611671,112
85,FS / P=0,0.0703125,108.05478826190664,112
85,FS / P=0,0.07421875,70.83864348300018,116
85,FS / P=0,0.078125,66.66726382415187,112
85,FS / P=0,0.08203125,58.73101803211544,144
85,FS / P=0,0.0859375,48.504951333611906,140
85,FS / P=0,0.08984375,49.2700583810508,144
85,FS / P=0,0.09375,69.39422169677465,144
85,FS / P=0,0.09765625,61.676932624059006,168
85,FS / P=0,0.1015625,65.99754269409426,164
85,FS / P=0,0.10546875,208.20485851731718,160
85,FS / P=0,0.109375,120.8977377055708,184
85,FS / P=0,0.11328125,97.54944787720783,172
85,FS / P=0,0.1171875,105.89952813427433,200
85,FS / P=0,0.12109375,103.54226742153156,192
85,FS / P=0,0.125,63.296785926362716,188
85,FS / P=0,0.12890625,74.92497222384154,208
85,FS / P=0,0.1328125,86.89533136497285,224
85,FS / P=0,0.13671875,91.9989613755309,224
85,FS / P=0,0.140625,126.14471047568193,228
85,FS / P=0,0.14453125,108.97657195181401,224
85,FS / P=0,0.1484375,137.1967571973052,248
85,FS / P=0,0.15234375,110.8078119393029,236
85,FS / P=0,0.15625,89.1814424725801,264
85,FS / P=0,0.16015625,94.91762233257523,248
85,FS / P=0,0.1640625,94.28459450450407,264
85,FS / P=0,0.16796875,135.58843343398092,276
85,FS / P=0,0.171875,158.9435215485896,264
85,FS / P=0,0.17578125,217.03430818216393,288
85,FS / P=0,0.1796875,216.1271788876105,276
85,FS / P=0,0.18359375,191.67857805033577,304
85,FS / P=0,0.1875,172.73694087270525,304
85,FS / P=0,0.19140625,195.13031774821192,312
85,FS / P=0,0.1953125,149.73062500783607,316
85,FS / P=0,0.19921875,154.89801522921454,320
85,FS / P=0,0.203125,172.5836957208286,344
85,FS / P=0,0.20703125,178.61201443269007,316
85,FS / P=0,0.2109375,320.9773701088255,336
85,FS / P=0,0.21484375,283.4505672192378,352
85,FS / P=0,0.21875,473.9964053179396,340
85,FS / P=0,0.22265625,687.0429436401671,376
85,FS / P=0,0.2265625,671.3295049045888,336
85,FS / P=0,0.23046875,608.5425773668068,392
85,FS / P=0,0.234375,525.2316597082463,380
85,FS / P=0,0.23828125,548.0797909325511,368
85,FS / P=0,0.2421875,383.0760925353568,400
85,FS / P=0,0.24609375,499.5713779931104,364
85,FS / P=0,0.25,505.2531345613489,440
85,FS / P=0,0.25390625,562.4183019636663,400
85,FS / P=0,0.2578125,587.320400833652,424
85,FS / P=0,0.26171875,694.9540765916126,420
85,FS / P=0,0.265625,764.2276466665196,416
85,FS / P=0,0.26953125,774.8819243184568,448
85,FS / P=0,0.2734375,567.8868277216261,428
85,FS / P=0,0.27734375,759.0183710136088,432
85,FS / P=0,0.28125,786.756540471996,480
85,FS / P=0,0.28515625,839.1155387910054,444
85,FS / P=0,0.2890625,681.2600283742202,472
85,FS / P=0,0.29296875,848.0273730456744,456
85,FS / P=0,0.296875,802.8902855254694,488
85,FS / P=0,0.30078125,902.8106068103642,500
85,FS / P=0,0.3046875,841.2400715644525,472
85,FS / P=0,0.30859375,1065.3108440976619,496
85,FS / P=0,0.3125,1079.3620167157644,492
85,FS / P=0,0.31640625,1705.8136206040122,536
85,FS / P=0,0.3203125,1661.5561512281981,512
85,FS / P=0,0.32421875,1463.1963296665776,512
85,FS / P=0,0.328125,1752.9176697542882,516
85,FS / P=0,0.33203125,3012.087800230629,552
85,FS / P=0,0.3359375,3227.8576535784127,544
85,FS / P=0,0.33984375,3348.1862047554523,540
85,FS / P=0,0.34375,2951.9940540787115,536
85,FS / P=0,0.34765625,3283.9244190229524,584
85,FS / P=0,0.3515625,3415.82870883729,556
85,FS / P=0,0.35546875,3214.391289868311,576
85,FS / P=0,0.359375,3515.0337805833688,568
85,FS / P=0,0.36328125,3628.541893409397,592
85,FS / P=0,0.3671875,4146.014839540455,580
85,FS / P=0,0.37109375,3659.0637966862187,592
85,FS / P=0,0.375,3868.410612591003,600
85,FS / P=0,0.37890625,3412.931200019225,612
85,FS / P=0,0.3828125,3531.0068936851585,664
85,FS / P=0,0.38671875,3764.309564116041,592
85,FS / P=0,0.390625,3633.176717147836,640
85,FS / P=0,0.39453125,4549.873576137803,596
85,FS / P=0,0.3984375,5636.35043643651,664
85,FS / P=0,0.40234375,6461.912547910541,672
85,FS / P=0,0.40625,5144.475419335219,620
85,FS / P=0,0.41015625,5302.758978100925,664
85,FS / P=0,0.4140625,6468.494612006564,656
85,FS / P=0,0.41796875,5357.953658145328,680
85,FS / P=0,0.421875,8015.371090701309,692
85,FS / P=0,0.42578125,9362.88801188575,672
85,FS / P=0,0.4296875,6758.499130992999,720
85,FS / P=0,0.43359375,8187.2294078680625,668
85,FS / P=0,0.4375,8122.511816833856,704
85,FS / P=0,0.44140625,16576.108770358765,704
85,FS / P=0,0.4453125,15843.884581358549,716
85,FS / P=0,0.44921875,17706.99286548292,744
85,FS / P=0,0.453125,16270.71606424018,728
85,FS / P=0,0.45703125,48911.621805328396,728
85,FS / P=0,0.4609375,33939.610968243986,724
85,FS / P=0,0.46484375,41748.40059925069,736
85,FS / P=0,0.46875,130539.09198365026,776
85,FS / P=0,0.47265625,194685.23803293405,772
85,FS / P=0,0.4765625,198552.3801441292,768
85,FS / P=0,0.48046875,51800.29426013233,792
85,FS / P=0,0.484375,52901.85337404852,760
85,FS / P=0,0.48828125,22168.03738972285,780
85,FS / P=0,0.4921875,24326.98617903876,776
85,FS / P=0,0.49609375,30907.380987719014,832
85,FS / P=0,0.5,17559.49492011785,742
85,FS / P=0,0.50390625,21754.404999685044,692
85,FS / P=0,0.5078125,19919.14103541239,620
85,FS / P=0,0.51171875,9378.659063708374,588
85,FS / P=0,0.515625,20262.846637879138,588
85,FS / P=0,0.51953125,10399.7330733044,544
85,FS / P=0,0.5234375,8963.087728207422,524
85,FS / P=0,0.52734375,10380.321600641642,484
85,FS / P=0,0.53125,7542.581146859036,504
85,FS / P=0,0.53515625,12025.653662924631,456
85,FS / P=0,0.5390625,9046.8567971227,424
85,FS / P=0,0.54296875,9233.675779438876,424
85,FS / P=0,0.546875,9165.850345530658,436
85,FS / P=0,0.55078125,10529.458042845281,400
85,FS / P=0,0.5546875,9683.708188761095,368
85,FS / P=0,0.55859375,10118.08400623965,356
85,FS / P=0,0.5625,9587.14424038829,376
85,FS / P=0,0.56640625,8996.064811717688,344
85,FS / P=0,0.5703125,11328.110679670213,348
85,FS / P=0,0.57421875,9443.72992980754,300
85,FS / P=0,0.578125,10710.716161647224,300
85,FS / P=0,0.58203125,11728.292334232452,312
85,FS / P=0,0.5859375,15747.29160028972,268
85,FS / P=0,0.58984375,11127.450294540073,300
85,FS / P=0,0.59375,12710.51164117633,236
85,FS / P=0,0.59765625,11687.192488529117,260
85,FS / P=0,0.6015625,12273.981645258615,244
85,FS / P=0,0.60546875,9562.184663290174,216
85,FS / P=0,0.609375,13944.935017648437,244
85,FS / P=0,0.61328125,9738.356428983861,200
85,FS / P=0,0.6171875,12415.413033390572,204
85,FS / P=0,0.62109375,11406.10708077997,192
85,FS / P=0,0.625,10893.557246294597,160
85,FS / P=0,0.62890625,10204.380645462361,196
85,FS / P=0,0.6328125,9993.123026079846,152
85,FS / P=0,0.63671875,12040.005292861804,160
85,FS / P=0,0.640625,12069.671592462722,140
85,FS / P=0,0.64453125,10527.156968981131,136
85,FS / P=0,0.6484375,19840.756043689453,128
85,FS / P=0,0.65234375,15352.398895193042,108
85,FS / P=0,0.65625,19940.733270163426,120
85,FS / P=0,0.66015625,13127.012793101565,96
85,FS / P=0,0.6640625,13162.367353140007,96
85,FS / P=0,0.66796875,10858.785105369876,84
85,FS / P=0,0.671875,6032.982811509129,52
85,FS / P=0,0.67578125,6364.417743597759,92
85,FS / P=0,0.6796875,6757.227170107211,40
85,FS / P=0,0.68359375,7337.852068397621,68
85,FS / P=0,0.6875,5956.915152581847,28
85,FS / P=0,0.69140625,4440.403547237937,40
85,FS / P=0,0.6953125,7785.477688523541,20
85,FS / P=0,0.69921875,5373.028395558265,12
85,FS / P=0,0.703125,4408.0127071615925,12
85,FS / P=0,0.70703125,20164.0,1
85,FS / P=0.5,0.0,0.0,1
85,FS / P=0.5,0.00390625,134.48230093872337,8
85,FS / P=0.5,0.0078125,78.59665937896337,12
85,FS / P=0.5,0.01171875,66.55982601508377,16
85,FS / P=0.5,0.015625,52.991086564627125,32
85,FS / P=0.5,0.01953125,38.410144237935604,28
85,FS / P=0.5,0.0234375,54.00071337057297,40
85,FS / P=0.5,0.02734375,44.848871587676854,40
85,FS / P=0.5,0.03125,38.903270752629204,48
85,FS / P=0.5,0.03515625,37.40674153210502,68
85,FS / P=0.5,0.0390625,47.52731576325346,56
85,FS / P=0.5,0.04296875,42.551014267971304,72
85,FS / P=0.5,0.046875,56.38391722567109,68
85,FS / P=0.5,0.05078125,53.451187374912685,88
85,FS / P=0.5,0.0546875,62.660471379818745,88
85,FS / P=0.5,0.05859375,93.53991048804723,84
85,FS / P=0.5,0.0625,109.20507681035596,112
85,FS / P=0.5,0.06640625,84.00036770745372,112
85,FS / P=0.5,0.0703125,98.76064812952639,112
85,FS / P=0.5,0.07421875,101.30164083149727,116
85,FS / P=0.5,0.078125,108.01321271283537,112
85,FS / P=0.5,0.08203125,118.9480809555402,144
85,FS / P=0.5,0.0859375,99.06954088548606,140
85,FS / P=0.5,0.08984375,131.66740474332101,144
85,FS / P=0.5,0.09375,101.18050868367669,144
85,FS / P=0.5,0.09765625,117.63949545492162,168
85,FS / P=0.5,0.1015625,180.9146676346102,164
85,FS / P=0.5,0.10546875,137.66630587598962,160
85,FS / P=0.5,0.109375,142.76959063035181,184
85,FS / P=0.5,0.11328125,154.7617811763072,172
85,FS / P=0.5,0.1171875,198.15490588580525,200
85,FS / P=0.5,0.12109375,173.85925951960246,192
85,FS / P=0.5,0.125,197.12188131966684,188
85,FS / P=0.5,0.12890625,206.8358321419023,208
85,FS / P=0.5,0.1328125,236.71592923146585,224
85,FS / P=0.5,0.13671875,197.56700302849865,224
85,FS / P=0.5,0.140625,285.5447894276879,228
85,FS / P=0.5,0.14453125,242.08889618573633,224
85,FS / P=0.5,0.1484375,266.06772468828586,248
85,FS / P=0.5,0.15234375,285.1890602898347,236
85,FS / P=0.5,0.15625,278.76265649716817,264
85,FS / P=0.5,0.16015625,337.1353089500221,248
85,FS / P=0.5,0.1640625,386.98030178063954,264
85,FS / P=0.5,0.16796875,440.2172289044229,276
85,FS / P=0.5,0.171875,395.8795233790888,264
85,FS / P=0.5,0.17578125,407.952003703879,288
85,FS / P=0.5,0.1796875,454.8917315905848,276
85,FS / P=0.5,0.18359375,489.92411923431627,304
85,FS / P=0.5,0.1875,506.2112962332338,304
85,FS / P=0.5,0.19140625,593.9813344282855,312
85,FS / P=0.5,0.1953125,561.5596089740442,316
85,FS / P=0.5,0.19921875,648.2985271245041,320
85,FS / P=0.5,0.203125,682.5831351069427,344
85,FS / P=0.5,0.20703125,639.0380388649615,316
85,FS / P=0.5,0.2109375,687.3511991810132,336
85,FS / P=0.5,0.21484375,723.6592605939668,352
85,FS / P=0.5,0.21875,784.7276736227907,340
85,FS / P=0.5,0.22265625,841.6989806391263,376
85,FS / P=0.5,0.2265625,855.6189278305719,336
85,FS / P=0.5,0.23046875,942.5371597391322,392
85,FS / P=0.5,0.234375,1061.128581723911,380
85,FS / P=0.5,0.23828125,984.2450992752252,368
85,FS / P=0.5,0.2421875,1181.161361246091,400
85,FS / P=0.5,0.24609375,1209.2300526030247,364
85,FS / P=0.5,0.25,1373.6099410751278,440
85,FS / P=0.5,0.25390625,1414.1785898227388,400
85,FS / P=0.5,0.2578125,1634.5460225928448,424
85,FS / P=0.5,0.26171875,1551.0635889159305,420
85,FS / P=0.5,0.265625,1766.0564681517544,416
85,FS / P=0.5,0.26953125,1842.1600659989035,448
85,FS / P=0.5,0.2734375,2051.741358510076,428
85,FS / P=0.5,0.27734375,2055.4433977255826,432
85,FS / P=0.5,0.28125,2059.715959627842,480
85,FS / P=0.5,0.28515625,2516.368881101613,444
85,FS / P=0.5,0.2890625,2355.8814802837906,472
85,FS / P=0.5,0.29296875,2899.957270896258,456
85,FS / P=0.5,0.296875,2771.783971801637,488
85,FS / P=0.5,0.30078125,3176.8859342753426,500
85,FS / P=0.5,0.3046875,3375.9060043151035,472
85,FS / P=0.5,0.30859375,3807.580060916917,496
85,FS / P=0.5,0.3125,4160.334769082835,492
85,FS / P=0.5,0.31640625,3981.996330406678,536
85,FS / P=0.5,0.3203125,4675.1200392076125,512
85,FS / P=0.5,0.32421875,4512.524066269399,512
85,FS / P=0.5,0.328125,5195.227544302534,516
85,FS / P=0.5,0.33203125,5864.429676752541,552
85,FS / P=0.5,0.3359375,5624.788209284043,544
85,FS / P=0.5,0.33984375,6563.102554889787,540
85,FS / P=0.5,0.34375,6094.406816442457,536
85,FS / P=0.5,0.34765625,6539.355132036989,584
85,FS / P=0.5,0.3515625,7056.222021245459,556
85,FS / P=0.5,0.35546875,7439.170522470438,576
85,FS / P=0.5,0.359375,7852.191483263371,568
85,FS / P=0.5,0.36328125,8896.541674483775,592
85,FS / P=0.5,0.3671875,7960.745353164034,580
85,FS / P=0.5,0.37109375,9565.752208515432,592
85,FS / P=0.5,0.375,11189.644713379319,600
85,FS / P=0.5,0.37890625,11749.537102807428,612
85,FS / P=0.5,0.3828125,11192.217719019436,664
85,FS / P=0.5,0.38671875,10850.947039569362,592
85,FS / P=0.5,0.390625,11295.377637162204,640
85,FS / P=0.5,0.39453125,12721.687319729948,596
85,FS / P=0.5,0.3984375,11904.39199776607,664
85,FS / P=0.5,0.40234375,13401.552812745487,672
85,FS / P=0.5,0.40625,13126.746013657374,620
85,FS / P=0.5,0.41015625,16162.843021853792,664
85,FS / P=0.5,0.4140625,12645.775906507795,656
85,FS / P=0.5,0.41796875,16482.979724121844,680
85,FS / P=0.5,0.421875,17236.36825024601,692
85,FS / P=0.5,0.42578125,18495.097492813966,672
85,FS / P=0.5,0.4296875,23598.94316887201,720
85,FS / P=0.5,0.43359375,19173.12136478233,668
85,FS / P=0.5,0.4375,21828.042938578918,704
85,FS / P=0.5,0.44140625,20789.1104720981,704
85,FS / P=0.5,0.4453125,18773.737339666564,716
85,FS / P=0.5,0.44921875,23027.02997768537,744
85,FS / P=0.5,0.453125,25681.731004383,728
85,FS / P=0.5,0.45703125,29669.428799089685,728
85,FS / P=0.5,0.4609375,24468.20620231072,724
85,FS / P=0.5,0.46484375,20463.232909856,736
85,FS / P=0.5,0.46875,34212.57150068596,776
85,FS / P=0.5,0.47265625,32006.310474492013,772
85,FS / P=0.5,0.4765625,29370.918282419265,768
85,FS / P=0.5,0.48046875,21928.015430484484,792
85,FS / P=0.5,0.484375,27165.618023683786,760
85,FS / P=0.5,0.48828125,27831.05619158712,780
85,FS / P=0.5,0.4921875,24534.378084146043,776
85,FS / P=0.5,0.49609375,37157.81358306231,832
85,FS / P=0.5,0.5,19754.59023284859,742
85,FS / P=0.5,0.50390625,26946.146068550795,692
85,FS / P=0.5,0.5078125,28533.970875728624,620
85,FS / P=0.5,0.51171875,31246.15559652935,588
85,FS / P=0.5,0.515625,32885.08409766691,588
85,FS / P=0.5,0.51953125,29547.594485949805,544
85,FS / P=0.5,0.5234375,36693.56812693037,524
85,FS / P=0.5,0.52734375,29430.454515369765,484
85,FS / P=0.5,0.53125,34290.736921854776,504
85,FS / P=0.5,0.53515625,33742.33267840632,456
85,FS / P=0.5,0.5390625,31885.155715844317,424
85,FS / P=0.5,0.54296875,35511.14909168096,424
85,FS / P=0.5,0.546875,26736.669646243143,436
85,FS / P=0.5,0.55078125,31909.03647431352,400
85,FS / P=0.5,0.5546875,29311.67894452843,368
85,FS / P=0.5,0.55859375,27981.56684216415,356
85,FS / P=0.5,0.5625,27888.35514940523,376
85,FS / P=0.5,0.56640625,26676.58830874889,344
85,FS / P=0.5,0.5703125,31489.414885060047,348
85,FS / P=0.5,0.57421875,31014.131077841335,300
85,FS / P=0.5,0.578125,30323.9101137668,300
85,FS / P=0.5,0.58203125,29911.43032043987,312
85,FS / P=0.5,0.5859375,23339.182448183692,268
85,FS / P=0.5,0.58984375,29688.345826422385,300
85,FS / P=0.5,0.59375,29348.76349539187,236
85,FS / P=0.5,0.59765625,27403.50107094553,260
85,FS / P=0.5,0.6015625,27543.580411400217,244
85,FS / P=0.5,0.60546875,25549.876055159602,216
85,FS / P=0.5,0.609375,26270.72820897345,244
85,FS / P=0.5,0.61328125,28156.11243862573,200
85,FS / P=0.5,0.6171875,27206.414694916402,204
85,FS / P=0.5,0.62109375,24834.290490036772,192
85,FS / P=0.5,0.625,26951.14802900043,160
85,FS / P=0.5,0.62890625,23759.291247638284,196
85,FS / P=0.5,0.6328125,29494.50012939864,152
85,FS / P=0.5,0.63671875,25826.371021308405,160
85,FS / P=0.5,0.640625,23662.9202803417,140
85,FS / P=0.5,0.64453125,23309.087977805597,136
85,FS / P=0.5,0.6484375,21388.939455626638,128
85,FS / P=0.5,0.65234375,32075.345169632976,108
85,FS / P=0.5,0.65625,16987.48533004698,120
85,FS / P=0.5,0.66015625,17992.7066368542,96
85,FS / P=0.5,0.6640625,23152.763769223835,96
85,FS / P=0.5,0.66796875,16180.266306506797,84
85,FS / P=0.5,0.671875,24046.891750895185,52
85,FS / P=0.5,0.67578125,21565.48888405458,92
85,FS / P=0.5,0.6796875,25648.435602071975,40
85,FS / P=0.5,0.68359375,17425.174455542263,68
85,FS / P=0.5,0.6875,23183.16616338543,28
85,FS / P=0.5,0.69140625,29224.179722951005,40
85,FS / P=0.5,0.6953125,14686.187138673518,20
85,FS / P=0.5,0.69921875,19890.302112522746,12
85,FS / P=0.5,0.703125,30046.022746012473,12
85,FS / P=0.5,0.70703125,11236.0,1
85,Serpentine / P=0,0.0,0.0,1
85,Serpentine / P=0,0.00390625,222.4906592525092,8
85,Serpentine / P=0,0.0078125,141.0222113772232,12
85,Serpentine / P=0,0.01171875,112.73672098545003,16
85,Serpentine / P=0,0.015625,73.68442487144986,32
85,Serpentine / P=0,0.01953125,104.46265752586896,28
85,Serpentine / P=0,0.0234375,73.96106197363953,40
85,Serpentine / P=0,0.02734375,86.41247316709277,40
85,Serpentine / P=0,0.03125,57.7211242884783,48
85,Serpentine / P=0,0.03515625,50.72395509986448,68
85,Serpentine / P=0,0.0390625,76.17379179407658,56
85,Serpentine / P=0,0.04296875,52.570669077004396,72
85,Serpentine / P=0,0.046875,88.141470714031,68
85,Serpentine / P=0,0.05078125,73.37706267791242,88
85,Serpentine / P=0,0.0546875,94.468012456322,88
85,Serpentine / P=0,0.05859375,105.79789698067465,84
85,Serpentine / P=0,0.0625,111.83399362375967,112
85,Serpentine / P=0,0.06640625,94.07653980648128,112
85,Serpentine / P=0,0.0703125,123.14809980875225,112
85,Serpentine / P=0,0.07421875,101.40970619572329,116
85,Serpentine / P=0,0.078125,104.2069959682215,112
85,Serpentine / P=0,0.08203125,99.3787384581611,144
85,Serpentine / P=0,0.0859375,133.2340789410511,140
85,Serpentine / P=0,0.08984375,168.843988528119,144
85,Serpentine / P=0,0.09375,139.64447111352646,144
85,Serpentine / P=0,0.09765625,127.73408324970535,168
85,Serpentine / P=0,0.1015625,159.50859583243007,164
85,Serpentine / P=0,0.10546875,160.03155419287543,160
85,Serpentine / P=0,0.109375,163.35386767386993,184
85,Serpentine / P=0,0.11328125,170.5422543304458,172
85,Serpentine / P=0,0.1171875,147.86831288205522,200
85,Serpentine / P=0,0.12109375,187.7392187588781,192
85,Serpentine / P=0,0.125,211.5224913547539,188
85,Serpentine / P=0,0.12890625,224.05123950817142,208
85,Serpentine / P=0,0.1328125,274.0564305498321,224
85,Serpentine / P=0,0.13671875,206.82189102261495,224
85,Serpentine / P=0,0.140625,272.04798640603826,228
85,Serpentine / P=0,0.14453125,293.71780296563196,224
85,Serpentine / P=0,0.1484375,323.0535301981402,248
85,Serpentine / P=0,0.15234375,370.5612270493544,236
85,Serpentine / P=0,0.15625,323.6326157696194,264
85,Serpentine / P=0,0.16015625,364.44082285649876,248
85,Serpentine / P=0,0.1640625,370.08346145239426,264
85,Serpentine / P=0,0.16796875,435.03130434219463,276
85,Serpentine / P=0,0.171875,462.4187692471982,264
85,Serpentine / P=0,0.17578125,449.11081748094614,288
85,Serpentine / P=0,0.1796875,418.6174090830433,276
85,Serpentine / P=0,0.18359375,515.9200759352638,304
85,Serpentine / P=0,0.1875,555.8648003237996,304
85,Serpentine / P=0,0.19140625,565.1000447979742,312
85,Serpentine / P=0,0.1953125,561.1915874297313,316
85,Serpentine / P=0,0.19921875,546.3702630964362,320
85,Serpentine / P=0,0.203125,649.0251650075573,344
85,Serpentine / P=0,0.20703125,790.4207674564831,316
85,Serpentine / P=0,0.2109375,679.671797017677,336
85,Serpentine / P=0,0.21484375,876.2131224255979,352
85,Serpentine / P=0,0.21875,823.8874366351993,340
85,Serpentine / P=0,0.22265625,827.0892555274763,376
85,Serpentine / P=0,0.2265625,898.337398940895,336
85,Serpentine / P=0,0.23046875,885.5780032298983,392
85,Serpentine / P=0,0.234375,886.8523241242382,380
85,Serpentine / P=0,0.23828125,1093.4631164950174,368
85,Serpentine / P=0,0.2421875,1148.8961528293592,400
85,Serpentine / P=0,0.24609375,1231.7584272524193,364
85,Serpentine / P=0,0.25,1195.2851609435588,440
85,Serpentine / P=0,0.25390625,1361.4264688823,400
85,Serpentine / P=0,0.2578125,1282.4063232756953,424
85,Serpentine / P=0,0.26171875,1304.58976785046,420
85,Serpentine / P=0,0.265625,1466.7984416105755,416
85,Serpentine / P=0,0.26953125,1627.6019218858205,448
85,Serpentine / P=0,0.2734375,1853.5081587100067,428
85,Serpentine / P=0,0.27734375,2015.7316786950014,432
85,Serpentine / P=0,0.28125,1985.2770429299442,480
85,Serpentine / P=0,0.28515625,2519.898371849267,444
85,Serpentine / P=0,0.2890625,2448.959348174014,472
85,Serpentine / P=0,0.29296875,2775.5916862353756,456
85,Serpentine / P=0,0.296875,3103.101790684119,488
85,Serpentine / P=0,0.30078125,3491.274570557911,500
85,Serpentine / P=0,0.3046875,3647.41382628403,472
85,Serpentine / P=0,0.30859375,3787.1675391504327,496
85,Serpentine / P=0,0.3125,4957.338245154082,492
85,Serpentine / P=0,0.31640625,6084.992935658499,536
85,Serpentine / P=0,0.3203125,6858.360284541658,512
85,Serpentine / P=0,0.32421875,7422.368711384101,512
85,Serpentine / P=0,0.328125,7362.03352221821,516
85,Serpentine / P=0,0.33203125,11725.14461041822,552
85,Serpentine / P=0,0.3359375,14564.45495382801,544
85,Serpentine / P=0,0.33984375,15814.28770023711,540
85,Serpentine / P=0,0.34375,15776.55168231635,536
85,Serpentine / P=0,0.34765625,13586.182514433613,584
85,Serpentine / P=0,0.3515625,13094.8877901346,556
85,Serpentine / P=0,0.35546875,12110.517774892774,576
85,Serpentine / P=0,0.359375,11446.634540245122,568
85,Serpentine / P=0,0.36328125,9762.4380812948,592
85,Serpentine / P=0,0.3671875,11849.584346066442,580
85,Serpentine / P=0,0.37109375,12960.707950559847,592
85,Serpentine / P=0,0.375,11474.400998065998,600
85,Serpentine / P=0,0.37890625,13904.079529452123,612
85,Serpentine / P=0,0.3828125,12324.918674582612,664
85,Serpentine / P=0,0.38671875,11697.632485096748,592
85,Serpentine / P=0,0.390625,11218.246014393113,640
85,Serpentine / P=0,0.39453125,12214.745499935814,596
85,Serpentine / P=0,0.3984375,12571.915690442152,664
85,Serpentine / P=0,0.40234375,13458.96240517404,672
85,Serpentine / P=0,0.40625,11787.351127262888,620
85,Serpentine / P=0,0.41015625,11421.385347001831,664
85,Serpentine / P=0,0.4140625,11838.685274456639,656
85,Serpentine / P=0,0.41796875,13294.444919869416,680
85,Serpentine / P=0,0.421875,13144.976928929,692
85,Serpentine / P=0,0.42578125,13566.836399417884,672
85,Serpentine / P=0,0.4296875,11968.406897266563,720
85,Serpentine / P=0,0.43359375,11797.960113469973,668
85,Serpentine / P=0,0.4375,13744.329315495423,704
85,Serpentine / P=0,0.44140625,14136.119260265858,704
85,Serpentine / P=0,0.4453125,12289.690057784537,716
85,Serpentine / P=0,0.44921875,14645.566313897625,744
85,Serpentine / P=0,0.453125,14275.714141102488,728
85,Serpentine / P=0,0.45703125,15647.478740215101,728
85,Serpentine / P=0,0.4609375,15170.30789461735,724
85,Serpentine / P=0,0.46484375,12788.564000552082,736
85,Serpentine / P=0,0.46875,15046.853421675427,776
85,Serpentine / P=0,0.47265625,12639.84035030804,772
85,Serpentine / P=0,0.4765625,16088.342470957505,768
85,Serpentine / P=0,0.48046875,13658.75248999944,792
85,Serpentine / P=0,0.484375,14551.54922361294,760
85,Serpentine / P=0,0.48828125,14371.793891848516,780
85,Serpentine / P=0,0.4921875,13608.225339964685,776
85,Serpentine / P=0,0.49609375,13815.986993089247,832
85,Serpentine / P=0,0.5,15305.03453468474,742
85,Serpentine / P=0,0.50390625,15402.967032955685,692
85,Serpentine / P=0,0.5078125,20038.181681312682,620
85,Serpentine / P=0,0.51171875,17704.683245990927,588
85,Serpentine / P=0,0.515625,21400.536027221297,588
85,Serpentine / P=0,0.51953125,19918.037806704524,544
85,Serpentine / P=0,0.5234375,24508.791233741948,524
85,Serpentine / P=0,0.52734375,24582.00355864312,484
85,Serpentine / P=0,0.53125,29080.644663115236,504
85,Serpentine / P=0,0.53515625,33579.872250620516,456
85,Serpentine / P=0,0.5390625,32807.665624646084,424
85,Serpentine / P=0,0.54296875,41684.16273083651,424
85,Serpentine / P=0,0.546875,41391.026122125295,436
85,Serpentine / P=0,0.55078125,53546.51716295397,400
85,Serpentine / P=0,0.5546875,47847.191527707684,368
85,Serpentine / P=0,0.55859375,53903.5997250028,356
85,Serpentine / P=0,0.5625,49878.57095209144,376
85,Serpentine / P=0,0.56640625,49934.76337619364,344
85,Serpentine / P=0,0.5703125,61325.5129767704,348
85,Serpentine / P=0,0.57421875,47473.857564092876,300
85,Serpentine / P=0,0.578125,55070.00359523231,300
85,Serpentine / P=0,0.58203125,51014.10771288265,312
85,Serpentine / P=0,0.5859375,84458.46016091233,268
85,Serpentine / P=0,0.58984375,70268.35993244208,300
85,Serpentine / P=0,0.59375,75641.77614204542,236
85,Serpentine / P=0,0.59765625,83541.98298743721,260
85,Serpentine / P=0,0.6015625,63879.48165709096,244
85,Serpentine / P=0,0.60546875,56924.44931827338,216
85,Serpentine / P=0,0.609375,72877.71982599412,244
85,Serpentine / P=0,0.61328125,42541.33790469981,200
85,Serpentine / P=0,0.6171875,41867.97997182314,204
85,Serpentine / P=0,0.62109375,37707.62725085997,192
85,Serpentine / P=0,0.625,32031.558047535724,160
85,Serpentine / P=0,0.62890625,39437.14003672658,196
85,Serpentine / P=0,0.6328125,33261.40338199107,152
85,Serpentine / P=0,0.63671875,26170.361583280817,160
85,Serpentine / P=0,0.640625,37674.59426071328,140
85,Serpentine / P=0,0.64453125,24562.377492391654,136
85,Serpentine / P=0,0.6484375,24694.844585683386,128
85,Serpentine / P=0,0.65234375,27950.02038393834,108
85,Serpentine / P=0,0.65625,22523.71594253753,120
85,Serpentine / P=0,0.66015625,25503.212112834433,96
85,Serpentine / P=0,0.6640625,20051.513240772565,96
85,Serpentine / P=0,0.66796875,22802.799573002154,84
85,Serpentine / P=0,0.671875,20562.244820586715,52
85,Serpentine / P=0,0.67578125,21212.67605176727,92
85,Serpentine / P=0,0.6796875,17302.8541280272,40
85,Serpentine / P=0,0.68359375,25943.22058136326,68
85,Serpentine / P=0,0.6875,19295.321309715906,28
85,Serpentine / P=0,0.69140625,22730.96204056203,40
85,Serpentine / P=0,0.6953125,30388.45462000087,20
85,Serpentine / P=0,0.69921875,23414.70128585662,12
85,Serpentine / P=0,0.703125,25225.00337544621,12
85,Serpentine / P=0,0.70703125,3481.0,1
85,Serpentine / P=0.5,0.0,0.0,1
85,Serpentine / P=0.5,0.00390625,222.4017248236728,8
85,Serpentine / P=0.5,0.0078125,152.47944843433777,12
85,Serpentine / P=0.5,0.01171875,93.5890621751607,16
85,Serpentine / P=0.5,0.015625,65.0327781299409,32
85,Serpentine / P=0.5,0.01953125,59.88741766146647,28
85,Serpentine / P=0.5,0.0234375,56.783680142162005,40
85,Serpentine / P=0.5,0.02734375,63.09219104113581,40
85,Serpentine / P=0.5,0.03125,50.227142861535015,48
85,Serpentine / P=0.5,0.03515625,64.70903944918074,68
85,Serpentine / P=0.5,0.0390625,67.56494235122766,56
85,Serpentine / P=0.5,0.04296875,75.32094310392714,72
85,Serpentine / P=0.5,0.046875,70.42366485862624,68
85,Serpentine / P=0.5,0.05078125,72.88751842620304,88
85,Serpentine / P=0.5,0.0546875,79.08027945866695,88
85,Serpentine / P=0.5,0.05859375,83.96528332719555,84
85,Serpentine / P=0.5,0.0625,80.24620430923265,112
85,Serpentine / P=0.5,0.06640625,103.19873010803134,112
85,Serpentine / P=0.5,0.0703125,146.10402071233074,112
85,Serpentine / P=0.5,0.07421875,120.13251802713054,116
85,Serpentine / P=0.5,0.078125,134.90433810542407,112
85,Serpentine / P=0.5,0.08203125,135.15756833930226,144
85,Serpentine / P=0.5,0.0859375,160.55620607113988,140
85,Serpentine / P=0.5,0.08984375,192.56719129234438,144
85,Serpentine / P=0.5,0.09375,173.311865545743,144
85,Serpentine / P=0.5,0.09765625,202.88411650146827,168
85,Serpentine / P=0.5,0.1015625,176.30080543938266,164
85,Serpentine / P=0.5,0.10546875,235.3489210557165,160
85,Serpentine / P=0.5,0.109375,232.59403500580783,184
85,Serpentine / P=0.5,0.11328125,242.77163233987477,172
85,Serpentine / P=0.5,0.1171875,270.0153869772346,200
85,Serpentine / P=0.5,0.12109375,266.4279384422184,192
85,Serpentine / P=0.5,0.125,319.5537100203555,188
85,Serpentine / P=0.5,0.12890625,381.3427919987393,208
85,Serpentine / P=0.5,0.1328125,326.06214112651,224
85,Serpentine / P=0.5,0.13671875,376.0815595966188,224
85,Serpentine / P=0.5,0.140625,408.4709415995756,228
85,Serpentine / P=0.5,0.14453125,347.92583177498256,224
85,Serpentine / P=0.5,0.1484375,395.30576276148116,248
85,Serpentine / P=0.5,0.15234375,493.1014200356626,236
85,Serpentine / P=0.5,0.15625,464.9085196082125,264
85,Serpentine / P=0.5,0.16015625,485.51469574483536,248
85,Serpentine / P=0.5,0.1640625,510.8389467362688,264
85,Serpentine / P=0.5,0.16796875,628.9122303725321,276
85,Serpentine / P=0.5,0.171875,528.4675660650352,264
85,Serpentine / P=0.5,0.17578125,604.522815053323,288
85,Serpentine / P=0.5,0.1796875,553.2055632569992,276
85,Serpentine / P=0.5,0.18359375,736.2699581302702,304
85,Serpentine / P=0.5,0.1875,701.8818162530174,304
85,Serpentine / P=0.5,0.19140625,777.6798094095169,312
85,Serpentine / P=0.5,0.1953125,846.864220590216,316
85,Serpentine / P=0.5,0.19921875,827.4170146817274,320
85,Serpentine / P=0.5,0.203125,891.8713893416841,344
85,Serpentine / P=0.5,0.20703125,928.4811886855175,316
85,Serpentine / P=0.5,0.2109375,1022.2301810150225,336
85,Serpentine / P=0.5,0.21484375,1087.2803809203563,352
85,Serpentine / P=0.5,0.21875,1100.2315835437219,340
85,Serpentine / P=0.5,0.22265625,1275.4246544773964,376
85,Serpentine / P=0.5,0.2265625,1265.2763480270594,336
85,Serpentine / P=0.5,0.23046875,1339.280557524961,392
85,Serpentine / P=0.5,0.234375,1514.0516543199758,380
85,Serpentine / P=0.5,0.23828125,1403.8104645161436,368
85,Serpentine / P=0.5,0.2421875,1588.2019494127467,400
85,Serpentine / P=0.5,0.24609375,1549.3684816040661,364
85,Serpentine / P=0.5,0.25,1731.9221782786074,440
85,Serpentine / P=0.5,0.25390625,1837.7626536293733,400
85,Serpentine / P=0.5,0.2578125,1992.1011070003665,424
85,Serpentine / P=0.5,0.26171875,2072.107306349759,420
85,Serpentine / P=0.5,0.265625,2511.3543408220103,416
85,Serpentine / P=0.5,0.26953125,2350.6138609353075,448
85,Serpentine / P=0.5,0.2734375,2473.830925381668,428
85,Serpentine / P=0.5,0.27734375,2835.214661623,432
85,Serpentine / P=0.5,0.28125,2796.735443985184,480
85,Serpentine / P=0.5,0.28515625,2925.803312129492,444
85,Serpentine / P=0.5,0.2890625,3357.460804606176,472
85,Serpentine / P=0.5,0.29296875,3282.626099453982,456
85,Serpentine / P=0.5,0.296875,3700.133907601546,488
85,Serpentine / P=0.5,0.30078125,3763.5430722078604,500
85,Serpentine / P=0.5,0.3046875,4070.924636500994,472
85,Serpentine / P=0.5,0.30859375,4661.903864152341,496
85,Serpentine / P=0.5,0.3125,4387.086692592911,492
85,Serpentine / P=0.5,0.31640625,5015.8149633030625,536
85,Serpentine / P=0.5,0.3203125,5917.101647831872,512
85,Serpentine / P=0.5,0.32421875,5461.221284711524,512
85,Serpentine / P=0.5,0.328125,5762.066166406204,516
85,Serpentine / P=0.5,0.33203125,7172.9631094973465,552
85,Serpentine / P=0.5,0.3359375,8084.8773754771,544
85,Serpentine / P=0.5,0.33984375,7436.9811896436195,540
85,Serpentine / P=0.5,0.34375,10066.841110260135,536
85,Serpentine / P=0.5,0.34765625,9001.463109081575,584
85,Serpentine / P=0.5,0.3515625,9070.615638831407,556
85,Serpentine / P=0.5,0.35546875,8819.089050667118,576
85,Serpentine / P=0.5,0.359375,11277.642356933864,568
85,Serpentine / P=0.5,0.36328125,11174.672543470957,592
85,Serpentine / P=0.5,0.3671875,12760.952711506488,580
85,Serpentine / P=0.5,0.37109375,11527.631819414992,592
85,Serpentine / P=0.5,0.375,11859.426974788837,600
85,Serpentine / P=0.5,0.37890625,12126.377320231753,612
85,Serpentine / P=0.5,0.3828125,12289.309039295513,664
85,Serpentine / P=0.5,0.38671875,12184.1024315499,592
85,Serpentine / P=0.5,0.390625,14343.959264363773,640
85,Serpentine / P=0.5,0.39453125,14755.973889428478,596
85,Serpentine / P=0.5,0.3984375,14678.346302824602,664
85,Serpentine / P=0.5,0.40234375,13561.655021330234,672
85,Serpentine / P=0.5,0.40625,14618.877818656541,620
85,Serpentine / P=0.5,0.41015625,16413.97221327435,664
85,Serpentine / P=0.5,0.4140625,14761.413067530653,656
85,Serpentine / P=0.5,0.41796875,16037.95132236305,680
85,Serpentine / P=0.5,0.421875,17320.700786293786,692
85,Serpentine / P=0.5,0.42578125,16813.156905808122,672
85,Serpentine / P=0.5,0.4296875,16491.273384258177,720
85,Serpentine / P=0.5,0.43359375,17347.234092348524,668
85,Serpentine / P=0.5,0.4375,17283.370000416173,704
85,Serpentine / P=0.5,0.44140625,16855.427932981005,704
85,Serpentine / P=0.5,0.4453125,17383.181358865924,716
85,Serpentine / P=0.5,0.44921875,18997.322713005302,744
85,Serpentine / P=0.5,0.453125,17092.912332323685,728
85,Serpentine / P=0.5,0.45703125,17637.748683358976,728
85,Serpentine / P=0.5,0.4609375,17009.557850164292,724
85,Serpentine / P=0.5,0.46484375,19453.505225359757,736
85,Serpentine / P=0.5,0.46875,20717.44263181778,776
85,Serpentine / P=0.5,0.47265625,17766.165416545624,772
85,Serpentine / P=0.5,0.4765625,20289.567293429773,768
85,Serpentine / P=0.5,0.48046875,17032.15798303533,792
85,Serpentine / P=0.5,0.484375,19511.571964043007,760
85,Serpentine / P=0.5,0.48828125,20492.26175047586,780
85,Serpentine / P=0.5,0.4921875,19132.673755291748,776
85,Serpentine / P=0.5,0.49609375,20583.589458193295,832
85,Serpentine / P=0.5,0.5,21221.087419324496,742
85,Serpentine / P=0.5,0.50390625,23040.538549336216,692
85,Serpentine / P=0.5,0.5078125,22791.949605050075,620
85,Serpentine / P=0.5,0.51171875,26743.864556994256,588
85,Serpentine / P=0.5,0.515625,23966.30906551602,588
85,Serpentine / P=0.5,0.51953125,23639.829786623155,544
85,Serpentine / P=0.5,0.5234375,27903.596573502135,524
85,Serpentine / P=0.5,0.52734375,27303.53519018756,484
85,Serpentine / P=0.5,0.53125,28756.110498601847,504
85,Serpentine / P=0.5,0.53515625,37766.76997935573,456
85,Serpentine / P=0.5,0.5390625,36848.528735652064,424
85,Serpentine / P=0.5,0.54296875,35394.859698773675,424
85,Serpentine / P=0.5,0.546875,31792.45361033403,436
85,Serpentine / P=0.5,0.55078125,35627.888808621225,400
85,Serpentine / P=0.5,0.5546875,43949.33667870899,368
85,Serpentine / P=0.5,0.55859375,38909.18165037575,356
85,Serpentine / P=0.5,0.5625,37846.40691710635,376
85,Serpentine / P=0.5,0.56640625,35591.45529800266,344
85,Serpentine / P=0.5,0.5703125,37468.130872217946,348
85,Serpentine / P=0.5,0.57421875,45247.704511486314,300
85,Serpentine / P=0.5,0.578125,42094.680853037804,300
85,Serpentine / P=0.5,0.58203125,47288.5510486397,312
85,Serpentine / P=0.5,0.5859375,38602.98109634862,268
85,Serpentine / P=0.5,0.58984375,40129.797624556275,300
85,Serpentine / P=0.5,0.59375,42969.41055035277,236
85,Serpentine / P=0.5,0.59765625,42220.437706526194,260
85,Serpentine / P=0.5,0.6015625,46905.97973923252,244
85,Serpentine / P=0.5,0.60546875,34823.69940142772,216
85,Serpentine / P=0.5,0.609375,45785.899731515114,244
85,Serpentine / P=0.5,0.61328125,44414.77603895289,200
85,Serpentine / P=0.5,0.6171875,41286.97949082167,204
85,Serpentine / P=0.5,0.62109375,40743.71904198132,192
85,Serpentine / P=0.5,0.625,38242.22768834124,160
85,Serpentine / P=0.5,0.62890625,39850.809334162,196
85,Serpentine / P=0.5,0.6328125,32946.288657259924,152
85,Serpentine / P=0.5,0.63671875,31822.22634598639,160
85,Serpentine / P=0.5,0.640625,37121.987692027695,140
85,Serpentine / P=0.5,0.64453125,29893.26309633603,136
85,Serpentine / P=0.5,0.6484375,32271.66446182698,128
85,Serpentine / P=0.5,0.65234375,27152.078282969418,108
85,Serpentine / P=0.5,0.65625,33506.068152870386,120
85,Serpentine / P=0.5,0.66015625,28565.556507139336,96
85,Serpentine / P=0.5,0.6640625,28512.14566329856,96
85,Serpentine / P=0.5,0.66796875,30350.837724844776,84
85,Serpentine / P=0.5,0.671875,19036.30672140093,52
85,Serpentine / P=0.5,0.67578125,34353.96121990761,92
85,Serpentine / P=0.5,0.6796875,30441.326126406748,40
85,Serpentine / P=0.5,0.68359375,32101.155579421367,68
85,Serpentine / P=0.5,0.6875,32609.229251536686,28
85,Serpentine / P=0.5,0.69140625,18388.978155698984,40
85,Serpentine / P=0.5,0.6953125,22171.36103338353,20
85,Serpentine / P=0.5,0.69921875,34441.054299789386,12
85,Serpentine / P=0.5,0.703125,32918.20703770576,12
85,Serpentine / P=0.5,0.70703125,84100.0,1
128,FS / P=0,0.0,0.0,1
128,FS / P=0,0.00390625,61.39016932543935,8
128,FS / P=0,0.0078125,34.06034113031513,12
128,FS / P=0,0.01171875,24.289906328581704,16
128,FS / P=0,0.015625,19.425471817406805,32
128,FS / P=0,0.01953125,27.766946250396746,28
128,FS / P=0,0.0234375,19.076868504106532,40
128,FS / P=0,0.02734375,21.337208431637816,40
128,FS / P=0,0.03125,20.46024492779071,48
128,FS / P=0,0.03515625,24.842829597483178,68
128,FS / P=0,0.0390625,26.29048689066775,56
128,FS / P=0,0.04296875,47.15177789731211,72
128,FS / P=0,0.046875,41.11664177155211,68
128,FS / P=0,0.05078125,53.96541351820288,88
128,FS / P=0,0.0546875,86.66833535890925,88
128,FS / P=0,0.05859375,70.69964464166212,84
128,FS / P=0,0.0625,89.74127872863804,112
128,FS / P=0,0.06640625,137.82033865154298,112
128,FS / P=0,0.0703125,238.5059227758949,112
128,FS / P=0,0.07421875,357.939623527634,116
128,FS / P=0,0.078125,945.4006031138359,112
128,FS / P=0,0.08203125,1494.1917504252147,144
128,FS / P=0,0.0859375,709.1276607369509,140
128,FS / P=0,0.08984375,332.5664760981146,144
128,FS / P=0,0.09375,380.503006597786,144
128,FS / P=0,0.09765625,329.5589449190819,168
128,FS / P=0,0.1015625,216.25479917697206,164
128,FS / P=0,0.10546875,172.07702719978286,160
128,FS / P=0,0.109375,178.96906509157378,184
128,FS / P=0,0.11328125,166.45393724596164,172
128,FS / P=0,0.1171875,140.13257610640323,200
128,FS / P=0,0.12109375,187.5078690889205,192
128,FS / P=0,0.125,220.92532970622878,188
128,FS / P=0,0.12890625,263.56553410470326,208
128,FS / P=0,0.1328125,302.15319542768844,224
128,FS / P=0,0.13671875,247.329413470476,224
128,FS / P=0,0.140625,189.90746232639327,228
128,FS / P=0,0.14453125,238.1684449252711,224
128,FS / P=0,0.1484375,237.50454077697916,248
128,FS / P=0,0.15234375,224.4001676326356,236
128,FS / P=0,0.15625,229.22029932818072,264
128,FS / P=0,0.16015625,422.0874787054082,248
128,FS / P=0,0.1640625,975.2314309071072,264
128,FS / P=0,0.16796875,375.81295597746976,276
128,FS / P=0,0.171875,241.4703681910924,264
128,FS / P=0,0.17578125,233.75660014273456,288
128,FS / P=0,0.1796875,261.2967884507603,276
128,FS / P=0,0.18359375,225.41211155764597,304
128,FS / P=0,0.1875,199.8458082102536,304
128,FS / P=0,0.19140625,207.2432632892067,312
128,FS / P=0,0.1953125,209.7590543112011,316
128,FS / P=0,0.19921875,200.64140481119045,320
128,FS / P=0,0.203125,201.8264558479122,344
128,FS / P=0,0.20703125,258.2193326744471,316
128,FS / P=0,0.2109375,219.86755874386304,336
128,FS / P=0,0.21484375,239.77288419665427,352
128,FS / P=0,0.21875,262.25656595377995,340
128,FS / P=0,0.22265625,217.4828232934215,376
128,FS / P=0,0.2265625,226.37171937230562,336
128,FS / P=0,0.23046875,218.87336824954457,392
128,FS / P=0,0.234375,270.2061397062673,380
128,FS / P=0,0.23828125,320.879385852763,368
128,FS / P=0,0.2421875,494.6291276551147,400
128,FS / P=0,0.24609375,754.9442780544763,364
128,FS / P=0,0.25,1024.943437034507,440
128,FS / P=0,0.25390625,570.3571894857706,400
128,FS / P=0,0.2578125,635.4264742430249,424
128,FS / P=0,0.26171875,746.8179224983775,420
128,FS / P=0,0.265625,587.9445567125217,416
128,FS / P=0,0.26953125,501.64242760490896,448
128,FS / P=0,0.2734375,535.5557014959737,428
128,FS / P=0,0.27734375,378.9773393851484,432
128,FS / P=0,0.28125,493.2703694037963,480
128,FS / P=0,0.28515625,504.04780497089183,444
128,FS / P=0,0.2890625,368.9264536423861,472
128,FS / P=0,0.29296875,419.80805479419115,456
128,FS / P=0,0.296875,452.87193259176365,488
128,FS / P=0,0.30078125,592.0784766999116,500
128,FS / P=0,0.3046875,560.4045663673531,472
128,FS / P=0,0.30859375,569.7568252186757,496
128,FS / P=0,0.3125,490.501123172705,492
128,FS / P=0,0.31640625,578.6980374882816,536
128,FS / P=0,0.3203125,575.858841573981,512
128,FS / P=0,0.32421875,550.8333183627476,512
128,FS / P=0,0.328125,809.5551653086337,516
128,FS / P=0,0.33203125,688.325923189259,552
128,FS / P=0,0.3359375,587.9427291597201,544
128,FS / P=0,0.33984375,512.6629210228288,540
128,FS / P=0,0.34375,680.4219078712608,536
128,FS / P=0,0.34765625,664.3829228503072,584
128,FS / P=0,0.3515625,706.9889509014785,556
128,FS / P=0,0.35546875,726.7012404759832,576
128,FS / P=0,0.359375,807.3507741106434,568
128,FS / P=0,0.36328125,856.8270964796653,592
128,FS / P=0,0.3671875,865.0072428134725,580
128,FS / P=0,0.37109375,1213.124198021939,592
128,FS / P=0,0.375,2962.0608119945987,600
128,FS / P=0,0.37890625,4164.045960477907,612
128,FS / P=0,0.3828125,2642.2262933506545,664
128,FS / P=0,0.38671875,2002.135853598369,592
128,FS / P=0,0.390625,1995.5117615788538,640
128,FS / P=0,0.39453125,3191.164880973987,596
128,FS / P=0,0.3984375,2317.765123498591,664
128,FS / P=0,0.40234375,1957.0502107405835,672
128,FS / P=0,0.40625,2054.7175806667524,620
128,FS / P=0,0.41015625,2159.4646186920313,664
128,FS / P=0,0.4140625,2203.168891798628,656
128,FS / P=0,0.41796875,1635.3203561358055,680
128,FS / P=0,0.421875,1914.5733298292055,692
128,FS / P=0,0.42578125,2300.7377235895797,672
128,FS / P=0,0.4296875,2487.4539949960636,720
128,FS / P=0,0.43359375,2578.4012610838367,668
128,FS / P=0,0.4375,2471.044794586568,704
128,FS / P=0,0.44140625,1966.729333440024,704
128,FS / P=0,0.4453125,2027.2191738038516,716
128,FS / P=0,0.44921875,2199.2850457139557,744
128,FS / P=0,0.453125,2359.887934235226,728
128,FS / P=0,0.45703125,2162.545769884632,728
128,FS / P=0,0.4609375,2432.8094293534336,724
128,FS / P=0,0.46484375,3187.3078439114533,736
128,FS / P=0,0.46875,2981.234384233934,776
128,FS / P=0,0.47265625,4467.611086419962,772
128,FS / P=0,0.4765625,3988.8924736496415,768
128,FS / P=0,0.48046875,5397.484184170638,792
128,FS / P=0,0.484375,4798.057599169341,760
128,FS / P=0,0.48828125,5341.106331079593,780
128,FS / P=0,0.4921875,7721.997379043226,776
128,FS / P=0,0.49609375,15704.321408650878,832
128,FS / P=0,0.5,34671.29799181485,742
128,FS / P=0,0.50390625,21550.082998055357,692
128,FS / P=0,0.5078125,23948.44484071485,620
128,FS / P=0,0.51171875,27879.49527971589,588
128,FS / P=0,0.515625,22329.86757260372,588
128,FS / P=0,0.51953125,14213.316669553675,544
128,FS / P=0,0.5234375,21165.873059177415,524
128,FS / P=0,0.52734375,13700.089104737142,484
128,FS / P=0,0.53125,24746.92075261203,504
128,FS / P=0,0.53515625,17674.307872607424,456
128,FS / P=0,0.5390625,21699.311293894825,424
128,FS / P=0,0.54296875,22431.66218716099,424
128,FS / P=0,0.546875,21572.31018940908,436
128,FS / P=0,0.55078125,20136.125867018854,400
128,FS / P=0,0.5546875,14371.805079734915,368
128,FS / P=0,0.55859375,32527.115730789308,356
128,FS / P=0,0.5625,25611.637473986288,376
128,FS / P=0,0.56640625,31868.00692360949,344
128,FS / P=0,0.5703125,18076.016105237417,348
128,FS / P=0,0.57421875,20763.819724535184,300
128,FS / P=0,0.578125,24277.18371708819,300
128,FS / P=0,0.58203125,16151.511280286106,312
128,FS / P=0,0.5859375,30643.753987930155,268
128,FS / P=0,0.58984375,29545.537071474635,300
128,FS / P=0,0.59375,31126.423886281744,236
128,FS / P=0,0.59765625,33966.773791431624,260
128,FS / P=0,0.6015625,50500.6227447835,244
128,FS / P=0,0.60546875,37708.01306003453,216
128,FS / P=0,0.609375,37513.31364175658,244
128,FS / P=0,0.61328125,49753.23073416809,200
128,FS / P=0,0.6171875,53812.89452566979,204
128,FS / P=0,0.62109375,44864.209629764744,192
128,FS / P=0,0.625,46012.267225022144,160
128,FS / P=0,0.62890625,21036.388720927873,196
128,FS / P=0,0.6328125,37348.04811580581,152
128,FS / P=0,0.63671875,29616.337772350984,160
128,FS / P=0,0.640625,77132.79021413483,140
128,FS / P=0,0.64453125,163546.79350466988,136
128,FS / P=0,0.6484375,112082.32647655299,128
128,FS / P=0,0.65234375,154591.94168150722,108
128,FS / P=0,0.65625,101968.74984708628,120
128,FS / P=0,0.66015625,289651.6629943559,96
128,FS / P=0,0.6640625,85503.59840999168,96
128,FS / P=0,0.66796875,416493.29210229265,84
128,FS / P=0,0.671875,237160.29605509987,52
128,FS / P=0,0.67578125,536421.5241529935,92
128,FS / P=0,0.6796875,364041.0145402929,40
128,FS / P=0,0.68359375,457482.43802459695,68
128,FS / P=0,0.6875,192113.92569884224,28
128,FS / P=0,0.69140625,522541.5717421494,40
128,FS / P=0,0.6953125,2239584.5932263555,20
128,FS / P=0,0.69921875,2246226.188887158,12
128,FS / P=0,0.703125,1930337.423866634,12
128,FS / P=0,0.70703125,261145600.0,1
128,FS / P=0.5,0.0,0.0,1
128,FS / P=0.5,0.00390625,15.523603759956279,8
128,FS / P=0.5,0.0078125,13.81410496085359,12
128,FS / P=0.5,0.01171875,7.18209704928203,16
128,FS / P=0.5,0.015625,13.76776628370403,32
128,FS / P=0.5,0.01953125,18.89935371795126,28
128,FS / P=0.5,0.0234375,23.764489714207716,40
128,FS / P=0.5,0.02734375,29.47971346852477,40
128,FS / P=0.5,0.03125,47.688701496779515,48
128,FS / P=0.5,0.03515625,27.114969833265835,68
128,FS / P=0.5,0.0390625,36.864107664099414,56
128,FS / P=0.5,0.04296875,41.522542138377915,72
128,FS / P=0.5,0.046875,63.21642307993269,68
128,FS / P=0.5,0.05078125,64.77363652618425,88
128,FS / P=0.5,0.0546875,68.01653631619463,88
128,FS / P=0.5,0.05859375,123.61288711428386,84
128,FS / P=0.5,0.0625,115.58128614180525,112
128,FS / P=0.5,0.06640625,94.00393330030886,112
128,FS / P=0.5,0.0703125,124.33302044627953,112
128,FS / P=0.5,0.07421875,154.3246063726338,116
128,FS / P=0.5,0.078125,170.95889881826164,112
128,FS / P=0.5,0.08203125,172.4891513870221,144
128,FS / P=0.5,0.0859375,168.62578166789186,140
128,FS / P=0.5,0.08984375,191.57117270146696,144
128,FS / P=0.5,0.09375,195.7877868207112,144
128,FS / P=0.5,0.09765625,223.3340584615109,168
128,FS / P=0.5,0.1015625,259.99869034663163,164
128,FS / P=0.5,0.10546875,341.2044326385477,160
128,FS / P=0.5,0.109375,225.83627233294172,184
128,FS / P=0.5,0.11328125,269.14432467550887,172
128,FS / P=0.5,0.1171875,238.18292539900628,200
128,FS / P=0.5,0.12109375,264.15024192930133,192
128,FS / P=0.5,0.125,289.5867689754596,188
128,FS / P=0.5,0.12890625,306.9366787315764,208
128,FS / P=0.5,0.1328125,286.0239854919416,224
128,FS / P=0.5,0.13671875,306.30943334956163,224
128,FS / P=0.5,0.140625,342.10221162668324,228
128,FS / P=0.5,0.14453125,227.41664052113825,224
128,FS / P=0.5,0.1484375,337.0295217899932,248
128,FS / P=0.5,0.15234375,282.9418055063732,236
128,FS / P=0.5,0.15625,322.9333338839229,264
128,FS / P=0.5,0.16015625,268.74056794380175,248
128,FS / P=0.5,0.1640625,331.1918778635483,264
128,FS / P=0.5,0.16796875,341.8367333408912,276
128,FS / P=0.5,0.171875,375.18752838152017,264
128,FS / P=0.5,0.17578125,322.44887482174425,288
128,FS / P=0.5,0.1796875,327.4448278875867,276
128,FS / P=0.5,0.18359375,349.0913252562014,304
128,FS / P=0.5,0.1875,379.25929324508724,304
128,FS / P=0.5,0.19140625,407.63853257777515,312
128,FS / P=0.5,0.1953125,383.81413474778486,316
128,FS / P=0.5,0.19921875,422.9518578921346,320
128,FS / P=0.5,0.203125,458.05287984319443,344
128,FS / P=0.5,0.20703125,450.2452453940911,316
128,FS / P=0.5,0.2109375,416.59607509910694,336
128,FS / P=0.5,0.21484375,485.2597124727333,352
128,FS / P=0.5,0.21875,405.11261199415645,340
128,FS / P=0.5,0.22265625,451.3539099730559,376
128,FS / P=0.5,0.2265625,527.960171196925,336
128,FS / P=0.5,0.23046875,424.650691721215,392
128,FS / P=0.5,0.234375,552.5402352813047,380
128,FS / P=0.5,0.23828125,519.0226527586511,368
128,FS / P=0.5,0.2421875,519.6066978262138,400
128,FS / P=0.5,0.24609375,616.4297242253828,364
128,FS / P=0.5,0.25,492.5178733021094,440
128,FS / P=0.5,0.25390625,599.7797985725302,400
128,FS / P=0.5,0.2578125,559.7559886435571,424
128,FS / P=0.5,0.26171875,611.4943646507204,420
128,FS / P=0.5,0.265625,777.1417703276819,416
128,FS / P=0.5,0.26953125,713.2025433290636,448
128,FS / P=0.5,0.2734375,711.9011427819994,428
128,FS / P=0.5,0.27734375,743.2034027701754,432
128,FS / P=0.5,0.28125,630.5661177537726,480
128,FS / P=0.5,0.28515625,652.8212015487967,444
128,FS / P=0.5,0.2890625,640.7581254569687,472
128,FS / P=0.5,0.29296875,770.570967874715,456
128,FS / P=0.5,0.296875,812.5372627992417,488
128,FS / P=0.5,0.30078125,697.1034273653268,500
128,FS / P=0.5,0.3046875,902.5829619060589,472
128,FS / P=0.5,0.30859375,838.769477120301,496
128,FS / P=0.5,0.3125,869.245950166555,492
128,FS / P=0.5,0.31640625,1009.8462630460014,536
128,FS / P=0.5,0.3203125,954.096488758515,512
128,FS / P=0.5,0.32421875,951.8885950785211,512
128,FS / P=0.5,0.328125,1006.9792709859329,516
128,FS / P=0.5,0.33203125,941.9208373582373,552
128,FS / P=0.5,0.3359375,1128.8196342941087,544
128,FS / P=0.5,0.33984375,1199.1618700716695,540
128,FS / P=0.5,0.34375,1252.3225862528045,536
128,FS / P=0.5,0.34765625,1312.050860339992,584
128,FS / P=0.5,0.3515625,1478.3968405641442,556
128,FS / P=0.5,0.35546875,1382.632823522627,576
128,FS / P=0.5,0.359375,1402.2905501481837,568
128,FS / P=0.5,0.36328125,1597.201691627269,592
128,FS / P=0.5,0.3671875,1545.777689279011,580
128,FS / P=0.5,0.37109375,1604.3540857715361,592
128,FS / P=0.5,0.375,1925.0415241172464,600
128,FS / P=0.5,0.37890625,1946.1649353103967,612
128,FS / P=0.5,0.3828125,1756.503380069901,664
128,FS / P=0.5,0.38671875,2086.5710639894155,592
128,FS / P=0.5,0.390625,2207.962886565129,640
128,FS / P=0.5,0.39453125,1982.417365799287,596
128,FS / P=0.5,0.3984375,2765.2675047816647,664
128,FS / P=0.5,0.40234375,2667.4262208639125,672
128,FS / P=0.5,0.40625,2669.0581383324984,620
128,FS / P=0.5,0.41015625,2901.910624209435,664
128,FS / P=0.5,0.4140625,3084.761923505412,656
128,FS / P=0.5,0.41796875,3134.0493744411706,680
128,FS / P=0.5,0.421875,3119.471239160163,692
128,FS / P=0.5,0.42578125,3802.6321392116397,672
128,FS / P=0.5,0.4296875,4078.101791561404,720
128,FS / P=0.5,0.43359375,4311.454655298411,668
128,FS / P=0.5,0.4375,4471.32207411773,704
128,FS / P=0.5,0.44140625,4877.179285579503,704
128,FS / P=0.5,0.4453125,5377.84696544648,716
128,FS / P=0.5,0.44921875,5425.034280922758,744
128,FS / P=0.5,0.453125,6161.112140477431,728
128,FS / P=0.5,0.45703125,7053.355122377623,728
128,FS / P=0.5,0.4609375,7040.0852469548245,724
128,FS / P=0.5,0.46484375,7916.487311536441,736
128,FS / P=0.5,0.46875,9071.068280793213,776
128,FS / P=0.5,0.47265625,9304.774850125714,772
128,FS / P=0.5,0.4765625,12867.575958116664,768
128,FS / P=0.5,0.48046875,11696.0018675415,792
128,FS / P=0.5,0.484375,13231.869877296445,760
128,FS / P=0.5,0.48828125,17819.75824362176,780
128,FS / P=0.5,0.4921875,21028.264154702494,776
128,FS / P=0.5,0.49609375,18719.18196137355,832
128,FS / P=0.5,0.5,21911.297087405193,742
128,FS / P=0.5,0.50390625,18001.322348022863,692
128,FS / P=0.5,0.5078125,19990.089869088588,620
128,FS / P=0.5,0.51171875,20587.628730829056,588
128,FS / P=0.5,0.515625,19852.568009373026,588
128,FS / P=0.5,0.51953125,24703.919794627534,544
128,FS / P=0.5,0.5234375,22738.138644031966,524
128,FS / P=0.5,0.52734375,22138.42010525669,484
128,FS / P=0.5,0.53125,28741.062960332507,504
128,FS / P=0.5,0.53515625,24022.76764851972,456
128,FS / P=0.5,0.5390625,25848.43999226097,424
128,FS / P=0.5,0.54296875,25981.970194514084,424
128,FS / P=0.5,0.546875,26752.09175114564,436
128,FS / P=0.5,0.55078125,34734.019711081746,400
128,FS / P=0.5,0.5546875,27601.55705109433,368
128,FS / P=0.5,0.55859375,32170.30356757266,356
128,FS / P=0.5,0.5625,31110.869520264718,376
128,FS / P=0.5,0.56640625,43371.85865998592,344
128,FS / P=0.5,0.5703125,37615.62673370157,348
128,FS / P=0.5,0.57421875,39185.17000805657,300
128,FS / P=0.5,0.578125,52241.28726057903,300
128,FS / P=0.5,0.58203125,47365.11857575659,312
128,FS / P=0.5,0.5859375,58748.92424435022,268
128,FS / P=0.5,0.58984375,42511.833251441436,300
128,FS / P=0.5,0.59375,45873.36467032263,236
128,FS / P=0.5,0.59765625,73487.27344999436,260
128,FS / P=0.5,0.6015625,79482.8865266672,244
128,FS / P=0.5,0.60546875,44703.884337676216,216
128,FS / P=0.5,0.609375,78084.74127177068,244
128,FS / P=0.5,0.61328125,84720.9807128766,200
128,FS / P=0.5,0.6171875,102151.78785471267,204
128,FS / P=0.5,0.62109375,88058.19345286691,192
128,FS / P=0.5,0.625,122248.65040059637,160
128,FS / P=0.5,0.62890625,103850.38986678177,196
128,FS / P=0.5,0.6328125,126033.45969252105,152
128,FS / P=0.5,0.63671875,106461.85384135603,160
128,FS / P=0.5,0.640625,211922.36101129733,140
128,FS / P=0.5,0.64453125,118946.47601617781,136
128,FS / P=0.5,0.6484375,204547.70015412976,128
128,FS / P=0.5,0.65234375,193361.8501895992,108
128,FS / P=0.5,0.65625,149759.44979789126,120
128,FS / P=0.5,0.66015625,272450.7448348692,96
128,FS / P=0.5,0.6640625,198743.08118738284,96
128,FS / P=0.5,0.66796875,448974.51983185235,84
128,FS / P=0.5,0.671875,249987.36574989156,52
128,FS / P=0.5,0.67578125,330828.9931937023,92
128,FS / P=0.5,0.6796875,419776.0585360272,40
128,FS / P=0.5,0.68359375,341549.4470988207,68
128,FS / P=0.5,0.6875,1060670.6213540842,28
128,FS / P=0.5,0.69140625,602300.6734591261,40
128,FS / P=0.5,0.6953125,939491.0852882151,20
128,FS / P=0.5,0.69921875,1393676.7078766555,12
128,FS / P=0.5,0.703125,1512039.9093311746,12
128,FS / P=0.5,0.70703125,17161.0,1
128,Serpentine / P=0,0.0,0.0,1
128,Serpentine / P=0,0.00390625,38.920576985005574,8
128,Serpentine / P=0,0.0078125,22.398489588448587,12
128,Serpentine / P=0,0.01171875,24.33189234464661,16
128,Serpentine / P=0,0.015625,12.18056098136239,32
128,Serpentine / P=0,0.01953125,13.244186914383652,28
128,Serpentine / P=0,0.0234375,13.247672481412422,40
128,Serpentine / P=0,0.02734375,15.79764182975747,40
128,Serpentine / P=0,0.03125,15.696700364297461,48
128,Serpentine / P=0,0.03515625,14.530245415367583,68
128,Serpentine / P=0,0.0390625,15.457917143893834,56
128,Serpentine / P=0,0.04296875,18.91154638253549,72
128,Serpentine / P=0,0.046875,22.456112540120326,68
128,Serpentine / P=0,0.05078125,20.86425065727556,88
128,Serpentine / P=0,0.0546875,25.242868500781356,88
128,Serpentine / P=0,0.05859375,29.81851189910095,84
128,Serpentine / P=0,0.0625,51.35338535765471,112
128,Serpentine / P=0,0.06640625,56.65824132098853,112
128,Serpentine / P=0,0.0703125,144.49077123539521,112
128,Serpentine / P=0,0.07421875,145.0667431571829,116
128,Serpentine / P=0,0.078125,270.76288866392997,112
128,Serpentine / P=0,0.08203125,2994.4382653088674,144
128,Serpentine / P=0,0.0859375,656.2739686854075,140
128,Serpentine / P=0,0.08984375,303.21305394942704,144
128,Serpentine / P=0,0.09375,230.71644859348297,144
128,Serpentine / P=0,0.09765625,203.60443858595508,168
128,Serpentine / P=0,0.1015625,133.44862679357462,164
128,Serpentine / P=0,0.10546875,173.73426318287983,160
128,Serpentine / P=0,0.109375,156.35996574016428,184
128,Serpentine / P=0,0.11328125,118.56557144776585,172
128,Serpentine / P=0,0.1171875,119.45358388185493,200
128,Serpentine / P=0,0.12109375,153.807501328104,192
128,Serpentine / P=0,0.125,263.14796619584456,188
128,Serpentine / P=0,0.12890625,282.46717697372884,208
128,Serpentine / P=0,0.1328125,225.86444212725536,224
128,Serpentine / P=0,0.13671875,249.11511592216388,224
128,Serpentine / P=0,0.140625,181.2460629441044,228
128,Serpentine / P=0,0.14453125,165.02572693054682,224
128,Serpentine / P=0,0.1484375,199.01529632026657,248
128,Serpentine / P=0,0.15234375,202.67267177133152,236
128,Serpentine / P=0,0.15625,150.1686507541571,264
128,Serpentine / P=0,0.16015625,232.20738430743384,248
128,Serpentine / P=0,0.1640625,1351.045159332323,264
128,Serpentine / P=0,0.16796875,528.6759688788148,276
128,Serpentine / P=0,0.171875,227.0516004439697,264
128,Serpentine / P=0,0.17578125,256.70126733031844,288
128,Serpentine / P=0,0.1796875,202.93423128365973,276
128,Serpentine / P=0,0.18359375,217.63674550019545,304
128,Serpentine / P=0,0.1875,177.17175163062294,304
128,Serpentine / P=0,0.19140625,157.38115617830792,312
128,Serpentine / P=0,0.1953125,134.7585567199595,316
128,Serpentine / P=0,0.19921875,148.8273313203371,320
128,Serpentine / P=0,0.203125,157.2142600859073,344
128,Serpentine / P=0,0.20703125,207.35314211416875,316
128,Serpentine / P=0,0.2109375,171.09407252749955,336
128,Serpentine / P=0,0.21484375,161.55733664459743,352
128,Serpentine / P=0,0.21875,147.0005472085889,340
128,Serpentine / P=0,0.22265625,167.6769032129606,376
128,Serpentine / P=0,0.2265625,215.03037075817147,336
128,Serpentine / P=0,0.23046875,249.78299121637934,392
128,Serpentine / P=0,0.234375,189.3301541307303,380
128,Serpentine / P=0,0.23828125,217.79078444688298,368
128,Serpentine / P=0,0.2421875,272.4080412370493,400
128,Serpentine / P=0,0.24609375,940.8786677897632,364
128,Serpentine / P=0,0.25,1283.1616258990016,440
128,Serpentine / P=0,0.25390625,681.0338686503221,400
128,Serpentine / P=0,0.2578125,944.5733455049923,424
128,Serpentine / P=0,0.26171875,619.4487714706827,420
128,Serpentine / P=0,0.265625,539.6159351366822,416
128,Serpentine / P=0,0.26953125,616.6965655330022,448
128,Serpentine / P=0,0.2734375,431.695221367798,428
128,Serpentine / P=0,0.27734375,537.7676141185408,432
128,Serpentine / P=0,0.28125,535.4740564077588,480
128,Serpentine / P=0,0.28515625,493.2383208362552,444
128,Serpentine / P=0,0.2890625,595.3816026333095,472
128,Serpentine / P=0,0.29296875,577.4244492866002,456
128,Serpentine / P=0,0.296875,492.09611886776787,488
128,Serpentine / P=0,0.30078125,467.9906374491198,500
128,Serpentine / P=0,0.3046875,458.86396862292077,472
128,Serpentine / P=0,0.30859375,600.2778245924151,496
128,Serpentine / P=0,0.3125,472.9528477817825,492
128,Serpentine / P=0,0.31640625,570.174100935433,536
128,Serpentine / P=0,0.3203125,554.6327677620665,512
128,Serpentine / P=0,0.32421875,474.53094578866074,512
128,Serpentine / P=0,0.328125,926.3561872344226,516
128,Serpentine / P=0,0.33203125,670.8314482151025,552
128,Serpentine / P=0,0.3359375,546.9820426746332,544
128,Serpentine / P=0,0.33984375,813.9834568285022,540
128,Serpentine / P=0,0.34375,603.1554470109334,536
128,Serpentine / P=0,0.34765625,607.032862554835,584
128,Serpentine / P=0,0.3515625,638.408888009958,556
128,Serpentine / P=0,0.35546875,758.0992655256879,576
128,Serpentine / P=0,0.359375,624.1204504790816,568
128,Serpentine / P=0,0.36328125,864.6462771792166,592
128,Serpentine / P=0,0.3671875,897.5298280301018,580
128,Serpentine / P=0,0.37109375,1185.6892746823455,592
128,Serpentine / P=0,0.375,4197.390195025777,600
128,Serpentine / P=0,0.37890625,3107.3253668826155,612
128,Serpentine / P=0,0.3828125,3819.2565616314937,664
128,Serpentine / P=0,0.38671875,3127.725285518274,592
128,Serpentine / P=0,0.390625,2004.592718594094,640
128,Serpentine / P=0,0.39453125,2289.3019082388596,596
128,Serpentine / P=0,0.3984375,2395.109361626527,664
128,Serpentine / P=0,0.40234375,1765.4836264877417,672
128,Serpentine / P=0,0.40625,2887.4268026672416,620
128,Serpentine / P=0,0.41015625,2649.9678622504302,664
128,Serpentine / P=0,0.4140625,2548.7227386558284,656
128,Serpentine / P=0,0.41796875,2121.213261059029,680
128,Serpentine / P=0,0.421875,1746.9414362008467,692
128,Serpentine / P=0,0.42578125,2017.1669151273347,672
128,Serpentine / P=0,0.4296875,2079.830037512097,720
128,Serpentine / P=0,0.43359375,1605.1704690057688,668
128,Serpentine / P=0,0.4375,1835.0699968934007,704
128,Serpentine / P=0,0.44140625,2073.5072212959185,704
128,Serpentine / P=0,0.4453125,2610.8072740109083,716
128,Serpentine / P=0,0.44921875,2992.3828819718115,744
128,Serpentine / P=0,0.453125,2725.774506153052,728
128,Serpentine / P=0,0.45703125,2244.416665204467,728
128,Serpentine / P=0,0.4609375,2648.162788305311,724
128,Serpentine / P=0,0.46484375,2802.914643955466,736
128,Serpentine / P=0,0.46875,3236.5144145624267,776
128,Serpentine / P=0,0.47265625,3368.3380726986184,772
128,Serpentine / P=0,0.4765625,3394.2821930465566,768
128,Serpentine / P=0,0.48046875,4162.79617944601,792
128,Serpentine / P=0,0.484375,4318.771974558477,760
128,Serpentine / P=0,0.48828125,5385.000060860185,780
128,Serpentine / P=0,0.4921875,8651.850488945656,776
128,Serpentine / P=0,0.49609375,12280.533342606666,832
128,Serpentine / P=0,0.5,22689.352206527154,742
128,Serpentine / P=0,0.50390625,22915.98931218362,692
128,Serpentine / P=0,0.5078125,12995.70259063078,620
128,Serpentine / P=0,0.51171875,14328.13737500515,588
128,Serpentine / P=0,0.515625,13458.813617005842,588
128,Serpentine / P=0,0.51953125,18354.86550726067,544
128,Serpentine / P=0,0.5234375,17805.030941104826,524
128,Serpentine / P=0,0.52734375,18176.943581706408,484
128,Serpentine / P=0,0.53125,16995.38749523068,504
128,Serpentine / P=0,0.53515625,20809.116915854785,456
128,Serpentine / P=0,0.5390625,27533.88787475455,424
128,Serpentine / P=0,0.54296875,11440.620967609024,424
128,Serpentine / P=0,0.546875,15626.031015005461,436
128,Serpentine / P=0,0.55078125,27767.895977439824,400
128,Serpentine / P=0,0.5546875,16251.007910219685,368
128,Serpentine / P=0,0.55859375,34079.907943276856,356
128,Serpentine / P=0,0.5625,28464.168358255905,376
128,Serpentine / P=0,0.56640625,22446.29787329313,344
128,Serpentine / P=0,0.5703125,13196.21762387597,348
128,Serpentine / P=0,0.57421875,17873.13238519223,300
128,Serpentine / P=0,0.578125,27739.29276063544,300
128,Serpentine / P=0,0.58203125,27911.648307697316,312
128,Serpentine / P=0,0.5859375,27076.80073920987,268
128,Serpentine / P=0,0.58984375,44313.04761667797,300
128,Serpentine / P=0,0.59375,24754.621869289706,236
128,Serpentine / P=0,0.59765625,72378.3343252469,260
128,Serpentine / P=0,0.6015625,33410.91724266924,244
128,Serpentine / P=0,0.60546875,73908.75089085933,216
128,Serpentine / P=0,0.609375,42549.265955887706,244
128,Serpentine / P=0,0.61328125,26358.158814971233,200
128,Serpentine / P=0,0.6171875,74150.29021890346,204
128,Serpentine / P=0,0.62109375,68738.51929347505,192
128,Serpentine / P=0,0.625,39492.04511353037,160
128,Serpentine / P=0,0.62890625,83547.00679058637,196
128,Serpentine / P=0,0.6328125,66291.06094006999,152
128,Serpentine / P=0,0.63671875,74459.76448800488,160
128,Serpentine / P=0,0.640625,88107.84449145169,140
128,Serpentine / P=0,0.64453125,136136.2169759943,136
128,Serpentine / P=0,0.6484375,195597.43751605618,128
128,Serpentine / P=0,0.65234375,186993.85633807,108
128,Serpentine / P=0,0.65625,122558.42942340107,120
128,Serpentine / P=0,0.66015625,621643.2014046271,96
128,Serpentine / P=0,0.6640625,179873.58781793623,96
128,Serpentine / P=0,0.66796875,351113.31290827127,84
128,Serpentine / P=0,0.671875,324881.83264927095,52
128,Serpentine / P=0,0.67578125,911129.123667193,92
128,Serpentine / P=0,0.6796875,848998.9069539085,40
128,Serpentine / P=0,0.68359375,753888.8441249297,68
128,Serpentine / P=0,0.6875,1080839.7451726797,28
128,Serpentine / P=0,0.69140625,418715.1537254532,40
128,Serpentine / P=0,0.6953125,1232920.949440074,20
128,Serpentine / P=0,0.69921875,3056513.718505906,12
128,Serpentine / P=0,0.703125,10222923.43522864,12
128,Serpentine / P=0,0.70703125,9928801.0,1
128,Serpentine / P=0.5,0.0,0.0,1
128,Serpentine / P=0.5,0.00390625,36.38700226805342,8
128,Serpentine / P=0.5,0.0078125,25.732188061943436,12
128,Serpentine / P=0.5,0.01171875,21.513026066092092,16
128,Serpentine / P=0.5,0.015625,11.887698908298164,32
128,Serpentine / P=0.5,0.01953125,24.294487651741964,28
128,Serpentine / P=0.5,0.0234375,24.754003361746605,40
128,Serpentine / P=0.5,0.02734375,34.948233551397536,40
128,Serpentine / P=0.5,0.03125,32.24551519794667,48
128,Serpentine / P=0.5,0.03515625,28.37910361162754,68
128,Serpentine / P=0.5,0.0390625,39.65442691187443,56
128,Serpentine / P=0.5,0.04296875,41.12273353971906,72
128,Serpentine / P=0.5,0.046875,56.49878716006956,68
128,Serpentine / P=0.5,0.05078125,53.013644548374934,88
128,Serpentine / P=0.5,0.0546875,75.25061971843697,88
128,Serpentine / P=0.5,0.05859375,91.35109571226683,84
128,Serpentine / P=0.5,0.0625,77.50806929788452,112
128,Serpentine / P=0.5,0.06640625,121.32681014644547,112
128,Serpentine / P=0.5,0.0703125,137.78912214851655,112
128,Serpentine / P=0.5,0.07421875,158.342030653948,116
128,Serpentine / P=0.5,0.078125,143.55556895475988,112
128,Serpentine / P=0.5,0.08203125,159.2394440663365,144
128,Serpentine / P=0.5,0.0859375,231.75922240214314,140
128,Serpentine / P=0.5,0.08984375,169.0780819236128,144
128,Serpentine / P=0.5,0.09375,201.9822544223337,144
128,Serpentine / P=0.5,0.09765625,233.0552259454796,168
128,Serpentine / P=0.5,0.1015625,187.44171212027513,164
128,Serpentine / P=0.5,0.10546875,211.19177116235386,160
128,Serpentine / P=0.5,0.109375,223.88983593895622,184
128,Serpentine / P=0.5,0.11328125,248.22072745694751,172
128,Serpentine / P=0.5,0.1171875,289.272940714429,200
128,Serpentine / P=0.5,0.12109375,252.59830895866995,192
128,Serpentine / P=0.5,0.125,220.12927140936878,188
128,Serpentine / P=0.5,0.12890625,229.06089735544103,208
128,Serpentine / P=0.5,0.1328125,275.045068955502,224
128,Serpentine / P=0.5,0.13671875,284.00572169740786,224
128,Serpentine / P=0.5,0.140625,277.71152493886166,228
128,Serpentine / P=0.5,0.14453125,319.02720265904935,224
128,Serpentine / P=0.5,0.1484375,263.07679620030916,248
128,Serpentine / P=0.5,0.15234375,318.4352776213578,236
128,Serpentine / P=0.5,0.15625,279.289040231446,264
128,Serpentine / P=0.5,0.16015625,313.3085470730587,248
128,Serpentine / P=0.5,0.1640625,258.25556267702177,264
128,Serpentine / P=0.5,0.16796875,328.59993293914243,276
128,Serpentine / P=0.5,0.171875,349.1311276429722,264
128,Serpentine / P=0.5,0.17578125,324.01431158638866,288
128,Serpentine / P=0.5,0.1796875,360.1101597694989,276
128,Serpentine / P=0.5,0.18359375,346.369870314944,304
128,Serpentine / P=0.5,0.1875,318.5512993409846,304
128,Serpentine / P=0.5,0.19140625,367.71729285803394,312
128,Serpentine / P=0.5,0.1953125,349.4863624582503,316
128,Serpentine / P=0.5,0.19921875,339.8088137670447,320
128,Serpentine / P=0.5,0.203125,369.2196203664602,344
128,Serpentine / P=0.5,0.20703125,360.52848856703434,316
128,Serpentine / P=0.5,0.2109375,380.50803150930165,336
128,Serpentine / P=0.5,0.21484375,389.4991374345919,352
128,Serpentine / P=0.5,0.21875,406.45923762717183,340
128,Serpentine / P=0.5,0.22265625,458.876897155427,376
128,Serpentine / P=0.5,0.2265625,370.1080289758299,336
128,Serpentine / P=0.5,0.23046875,485.3924936257996,392
128,Serpentine / P=0.5,0.234375,417.75561733824856,380
128,Serpentine / P=0.5,0.23828125,420.3582911448621,368
128,Serpentine / P=0.5,0.2421875,442.94657490435543,400
128,Serpentine / P=0.5,0.24609375,535.8748071993689,364
128,Serpentine / P=0.5,0.25,501.3689797202519,440
128,Serpentine / P=0.5,0.25390625,510.43044981649,400
128,Serpentine / P=0.5,0.2578125,557.4517668669218,424
128,Serpentine / P=0.5,0.26171875,553.0804558337272,420
128,Serpentine / P=0.5,0.265625,628.4939215626277,416
128,Serpentine / P=0.5,0.26953125,581.808273701585,448
128,Serpentine / P=0.5,0.2734375,569.6606269835336,428
128,Serpentine / P=0.5,0.27734375,630.5226987174412,432
128,Serpentine / P=0.5,0.28125,590.8030507000041,480
128,Serpentine / P=0.5,0.28515625,675.1922974197888,444
128,Serpentine / P=0.5,0.2890625,650.2984557526554,472
128,Serpentine / P=0.5,0.29296875,672.0926490135661,456
128,Serpentine / P=0.5,0.296875,615.9764117590502,488
128,Serpentine / P=0.5,0.30078125,746.6855657940453,500
128,Serpentine / P=0.5,0.3046875,769.3084935409785,472
128,Serpentine / P=0.5,0.30859375,792.3260322696786,496
128,Serpentine / P=0.5,0.3125,894.5865211156148,492
128,Serpentine / P=0.5,0.31640625,786.2584711152628,536
128,Serpentine / P=0.5,0.3203125,840.3292613125392,512
128,Serpentine / P=0.5,0.32421875,907.8308382772609,512
128,Serpentine / P=0.5,0.328125,966.6423425291208,516
128,Serpentine / P=0.5,0.33203125,931.9293076326396,552
128,Serpentine / P=0.5,0.3359375,1035.1990481386667,544
128,Serpentine / P=0.5,0.33984375,954.3984786919254,540
128,Serpentine / P=0.5,0.34375,1085.8229334327493,536
128,Serpentine / P=0.5,0.34765625,1166.414409198631,584
128,Serpentine / P=0.5,0.3515625,1299.876096322798,556
128,Serpentine / P=0.5,0.35546875,1246.7750762482929,576
128,Serpentine / P=0.5,0.359375,1329.059954147127,568
128,Serpentine / P=0.5,0.36328125,1272.263536610395,592
128,Serpentine / P=0.5,0.3671875,1464.89760343245,580
128,Serpentine / P=0.5,0.37109375,1376.969065929442,592
128,Serpentine / P=0.5,0.375,1649.1634842189962,600
128,Serpentine / P=0.5,0.37890625,1613.149801751864,612
128,Serpentine / P=0.5,0.3828125,1792.4686722377194,664
128,Serpentine / P=0.5,0.38671875,1717.9867559812592,592
128,Serpentine / P=0.5,0.390625,1800.9131986137568,640
128,Serpentine / P=0.5,0.39453125,2142.2230135408818,596
128,Serpentine / P=0.5,0.3984375,2126.2423495671696,664
128,Serpentine / P=0.5,0.40234375,2295.2037531109854,672
128,Serpentine / P=0.5,0.40625,2257.8899604948583,620
128,Serpentine / P=0.5,0.41015625,2423.8474479534484,664
128,Serpentine / P=0.5,0.4140625,2649.1660691826414,656
128,Serpentine / P=0.5,0.41796875,2593.722393356937,680
128,Serpentine / P=0.5,0.421875,3219.3015399130386,692
128,Serpentine / P=0.5,0.42578125,3690.4922847903654,672
128,Serpentine / P=0.5,0.4296875,3440.1713808181044,720
128,Serpentine / P=0.5,0.43359375,3565.642718665,668
128,Serpentine / P=0.5,0.4375,3912.35285665635,704
128,Serpentine / P=0.5,0.44140625,4383.647961351467,704
128,Serpentine / P=0.5,0.4453125,4651.705466469478,716
128,Serpentine / P=0.5,0.44921875,5000.7655589654905,744
128,Serpentine / P=0.5,0.453125,5204.955082676963,728
128,Serpentine / P=0.5,0.45703125,5119.6559772480405,728
128,Serpentine / P=0.5,0.4609375,5588.90200497399,724
128,Serpentine / P=0.5,0.46484375,7172.2396492955295,736
128,Serpentine / P=0.5,0.46875,7668.574921593732,776
128,Serpentine / P=0.5,0.47265625,8571.638257462668,772
128,Serpentine / P=0.5,0.4765625,10637.042365176225,768
128,Serpentine / P=0.5,0.48046875,11043.186437986502,792
128,Serpentine / P=0.5,0.484375,12402.764264526366,760
128,Serpentine / P=0.5,0.48828125,15210.236578676926,780
128,Serpentine / P=0.5,0.4921875,16139.575874019662,776
128,Serpentine / P=0.5,0.49609375,15700.324937430258,832
128,Serpentine / P=0.5,0.5,18086.297660114804,742
128,Serpentine / P=0.5,0.50390625,17432.398607702162,692
128,Serpentine / P=0.5,0.5078125,19718.600282354786,620
128,Serpentine / P=0.5,0.51171875,21227.17645344382,588
128,Serpentine / P=0.5,0.515625,19197.24358437576,588
128,Serpentine / P=0.5,0.51953125,19964.406356243373,544
128,Serpentine / P=0.5,0.5234375,28922.072351302937,524
128,Serpentine / P=0.5,0.52734375,24320.71643394835,484
128,Serpentine / P=0.5,0.53125,24907.56558073223,504
128,Serpentine / P=0.5,0.53515625,27958.092717890642,456
128,Serpentine / P=0.5,0.5390625,25124.75746560203,424
128,Serpentine / P=0.5,0.54296875,24320.084333150306,424
128,Serpentine / P=0.5,0.546875,28746.609667022276,436
128,Serpentine / P=0.5,0.55078125,38226.359977422406,400
128,Serpentine / P=0.5,0.5546875,34082.69529836425,368
128,Serpentine / P=0.5,0.55859375,35122.91121532015,356
128,Serpentine / P=0.5,0.5625,35510.20330490018,376
128,Serpentine / P=0.5,0.56640625,35640.96733671618,344
128,Serpentine / P=0.5,0.5703125,33416.94794252478,348
128,Serpentine / P=0.5,0.57421875,32075.29710026972,300
128,Serpentine / P=0.5,0.578125,40381.42243159062,300
128,Serpentine / P=0.5,0.58203125,62918.2410397684,312
128,Serpentine / P=0.5,0.5859375,70342.927552677,268
128,Serpentine / P=0.5,0.58984375,69928.26144201559,300
128,Serpentine / P=0.5,0.59375,60300.34109452947,236
128,Serpentine / P=0.5,0.59765625,78118.23452287835,260
128,Serpentine / P=0.5,0.6015625,73091.7243478207,244
128,Serpentine / P=0.5,0.60546875,80145.78528654,216
128,Serpentine / P=0.5,0.609375,73075.09701094904,244
128,Serpentine / P=0.5,0.61328125,116785.37272931846,200
128,Serpentine / P=0.5,0.6171875,115636.21142205538,204
128,Serpentine / P=0.5,0.62109375,108868.51403880795,192
128,Serpentine / P=0.5,0.625,92547.06034422049,160
128,Serpentine / P=0.5,0.62890625,110317.0849822069,196
128,Serpentine / P=0.5,0.6328125,122914.98304596367,152
128,Serpentine / P=0.5,0.63671875,123838.64381809908,160
128,Serpentine / P=0.5,0.640625,195190.51890260502,140
128,Serpentine / P=0.5,0.64453125,170896.04069849898,136
128,Serpentine / P=0.5,0.6484375,204292.69142444292,128
128,Serpentine / P=0.5,0.65234375,308924.1355865812,108
128,Serpentine / P=0.5,0.65625,207118.2267808277,120
128,Serpentine / P=0.5,0.66015625,325009.9237828428,96
128,Serpentine / P=0.5,0.6640625,300011.4337039983,96
128,Serpentine / P=0.5,0.66796875,238848.55736195363,84
128,Serpentine / P=0.5,0.671875,257715.7680920238,52
128,Serpentine / P=0.5,0.67578125,346783.7110160313,92
128,Serpentine / P=0.5,0.6796875,470336.9859287954,40
128,Serpentine / P=0.5,0.68359375,365697.21064352564,68
128,Serpentine / P=0.5,0.6875,517287.86158911977,28
128,Serpentine / P=0.5,0.69140625,601452.6951080577,40
128,Serpentine / P=0.5,0.6953125,668883.4730788872,20
128,Serpentine / P=0.5,0.69921875,726794.417848995,12
128,Serpentine / P=0.5,0.703125,875871.4985034311,12
128,Serpentine / P=0.5,0.70703125,1085764.0,1
