revision,fixture,width,height,pixels,threads,round,phase,sample,traversal,schedule_position,planner_mode,bands,queue_depth,band_height,overlap_rows,planned_dither_threads,planned_encode_threads,observed_parallel_dither_threads,observed_encode_pool_threads,observed_writer_threads,dither_start_count,dither_finish_count,encode_worker_start_count,encode_worker_finish_count,writer_start_count,writer_finish_count,encoder_abort_count,tail_grow_requested,dither_encode_overlap,encoder_wall_seconds,palette_wall_seconds,dither_encode_wall_seconds,sixel_bytes,sixel_sha256,total_wall_seconds,command
208fb43af9f504501b3f1160cdb37cc803181756,1920x1080,1920,1080,2073600,1,1,warmup,1,ascending,1,serial,0,0,0,0,0,0,0,0,0,0,0,0,0,0,0,0,no,no,0.814967,0.06861800000000001,0.588117,1114189,0dee79433e5fb73e188ea6579751b04036cca248fbb9e01b02391a85b7974486,0.814967,'{img2sixel}' --threads=1 --precision=8bit --quality=full --sampling-policy=full-frame --binning-policy=hard --quantize-model=kmeans:seed=1 --merge-policy=ward -Xoklab -Wgamma --diffusion=fs:scan=raster --gpu-policy=off --lookup-policy=6bit:shared_instance=1 -p 256 -w 1920 -h 1080 -v -J '{log}' -o '{output}' '{input}'
208fb43af9f504501b3f1160cdb37cc803181756,1920x1080,1920,1080,2073600,2,1,warmup,1,ascending,2,pipeline,113,6,678,0,1,1,0,2,1,0,0,180,180,1,1,0,no,no,0.745162,0.06852699999999999,0.5837829999999999,1114189,0dee79433e5fb73e188ea6579751b04036cca248fbb9e01b02391a85b7974486,0.745162,'{img2sixel}' --threads=2 --precision=8bit --quality=full --sampling-policy=full-frame --binning-policy=hard --quantize-model=kmeans:seed=1 --merge-policy=ward -Xoklab -Wgamma --diffusion=fs:scan=raster --gpu-policy=off --lookup-policy=6bit:shared_instance=1 -p 256 -w 1920 -h 1080 -v -J '{log}' -o '{output}' '{input}'
208fb43af9f504501b3f1160cdb37cc803181756,1920x1080,1920,1080,2073600,3,1,warmup,1,ascending,3,pipeline,113,9,678,0,1,2,0,2,1,0,0,180,180,1,1,0,yes,yes,0.728291,0.069254,0.583692,1114189,0dee79433e5fb73e188ea6579751b04036cca248fbb9e01b02391a85b7974486,0.728291,'{img2sixel}' --threads=3 --precision=8bit --quality=full --sampling-policy=full-frame --binning-policy=hard --quantize-model=kmeans:seed=1 --merge-policy=ward -Xoklab -Wgamma --diffusion=fs:scan=raster --gpu-policy=off --lookup-policy=6bit:shared_instance=1 -p 256 -w 1920 -h 1080 -v -J '{log}' -o '{output}' '{input}'
208fb43af9f504501b3f1160cdb37cc803181756,1920x1080,1920,1080,2073600,4,1,warmup,1,ascending,4,pipeline,113,12,342,0,2,2,2,2,1,2,2,180,180,1,1,0,yes,yes,0.437522,0.067679,0.306369,1112109,2dfe38f3bf3164808afd092ab6330aae11349fbecfda4a21833c2c99fd7f24e2,0.437522,'{img2sixel}' --threads=4 --precision=8bit --quality=full --sampling-policy=full-frame --binning-policy=hard --quantize-model=kmeans:seed=1 --merge-policy=ward -Xoklab -Wgamma --diffusion=fs:scan=raster --gpu-policy=off --lookup-policy=6bit:shared_instance=1 -p 256 -w 1920 -h 1080 -v -J '{log}' -o '{output}' '{input}'
208fb43af9f504501b3f1160cdb37cc803181756,1920x1080,1920,1080,2073600,5,1,warmup,1,ascending,5,pipeline,113,15,228,0,3,2,3,2,1,3,3,180,180,1,1,0,yes,yes,0.344364,0.06836600000000001,0.21792599999999998,1110687,7f210772d0cea09d8936b3b53de6b570dc34fbccbbd14e178137bec614255a07,0.344364,'{img2sixel}' --threads=5 --precision=8bit --quality=full --sampling-policy=full-frame --binning-policy=hard --quantize-model=kmeans:seed=1 --merge-policy=ward -Xoklab -Wgamma --diffusion=fs:scan=raster --gpu-policy=off --lookup-policy=6bit:shared_instance=1 -p 256 -w 1920 -h 1080 -v -J '{log}' -o '{output}' '{input}'
208fb43af9f504501b3f1160cdb37cc803181756,1920x1080,1920,1080,2073600,6,1,warmup,1,ascending,6,pipeline,113,18,174,0,4,2,4,2,1,4,4,180,180,1,1,0,yes,yes,0.286766,0.068389,0.164885,1112687,f983921ff065e81bf243edcc24e56c0d506e943475ecf24c196e1a89db6f6891,0.286766,'{img2sixel}' --threads=6 --precision=8bit --quality=full --sampling-policy=full-frame --binning-policy=hard --quantize-model=kmeans:seed=1 --merge-policy=ward -Xoklab -Wgamma --diffusion=fs:scan=raster --gpu-policy=off --lookup-policy=6bit:shared_instance=1 -p 256 -w 1920 -h 1080 -v -J '{log}' -o '{output}' '{input}'
208fb43af9f504501b3f1160cdb37cc803181756,1920x1080,1920,1080,2073600,7,1,warmup,1,ascending,7,pipeline,113,21,138,0,5,2,5,2,1,5,5,180,180,1,1,0,yes,yes,0.25127299999999997,0.068511,0.13227299999999997,1112165,72ca254012a3e3e522ddd8c8a1ac9bdfc00d5af6cb5fb14101fb73d8b4ad558a,0.25127299999999997,'{img2sixel}' --threads=7 --precision=8bit --quality=full --sampling-policy=full-frame --binning-policy=hard --quantize-model=kmeans:seed=1 --merge-policy=ward -Xoklab -Wgamma --diffusion=fs:scan=raster --gpu-policy=off --lookup-policy=6bit:shared_instance=1 -p 256 -w 1920 -h 1080 -v -J '{log}' -o '{output}' '{input}'
208fb43af9f504501b3f1160cdb37cc803181756,1920x1080,1920,1080,2073600,8,1,warmup,1,ascending,8,pipeline,113,24,114,0,6,2,6,2,1,6,6,180,180,1,1,0,yes,yes,0.228064,0.068985,0.111038,1110266,9bfe778ebfad630c52817797049bbd64c93ec8afb743628f4b3cfc94da705d0f,0.228064,'{img2sixel}' --threads=8 --precision=8bit --quality=full --sampling-policy=full-frame --binning-policy=hard --quantize-model=kmeans:seed=1 --merge-policy=ward -Xoklab -Wgamma --diffusion=fs:scan=raster --gpu-policy=off --lookup-policy=6bit:shared_instance=1 -p 256 -w 1920 -h 1080 -v -J '{log}' -o '{output}' '{input}'
208fb43af9f504501b3f1160cdb37cc803181756,1920x1080,1920,1080,2073600,9,1,warmup,1,ascending,9,pipeline,113,27,102,0,7,2,7,2,1,7,7,180,180,1,1,0,yes,yes,0.211521,0.068557,0.096519,1112011,e6899471b079cb9bd831d17515535daf8e5fcac8a8c80d6914af265f817c60d8,0.211521,'{img2sixel}' --threads=9 --precision=8bit --quality=full --sampling-policy=full-frame --binning-policy=hard --quantize-model=kmeans:seed=1 --merge-policy=ward -Xoklab -Wgamma --diffusion=fs:scan=raster --gpu-policy=off --lookup-policy=6bit:shared_instance=1 -p 256 -w 1920 -h 1080 -v -J '{log}' -o '{output}' '{input}'
208fb43af9f504501b3f1160cdb37cc803181756,1920x1080,1920,1080,2073600,10,1,warmup,1,ascending,10,pipeline,113,30,102,0,7,3,7,3,1,7,7,180,180,1,1,0,yes,yes,0.213202,0.069013,0.099335,1112011,e6899471b079cb9bd831d17515535daf8e5fcac8a8c80d6914af265f817c60d8,0.213202,'{img2sixel}' --threads=10 --precision=8bit --quality=full --sampling-policy=full-frame --binning-policy=hard --quantize-model=kmeans:seed=1 --merge-policy=ward -Xoklab -Wgamma --diffusion=fs:scan=raster --gpu-policy=off --lookup-policy=6bit:shared_instance=1 -p 256 -w 1920 -h 1080 -v -J '{log}' -o '{output}' '{input}'
208fb43af9f504501b3f1160cdb37cc803181756,1920x1080,1920,1080,2073600,11,1,warmup,1,ascending,11,pipeline,113,33,90,0,8,3,8,3,1,8,8,180,180,1,1,0,yes,yes,0.206813,0.068578,0.088213,1106783,6cab90aaee14d9032397ebe46bc5103ca33d7b7080cb7c28d1df03adc332b8d7,0.206813,'{img2sixel}' --threads=11 --precision=8bit --quality=full --sampling-policy=full-frame --binning-policy=hard --quantize-model=kmeans:seed=1 --merge-policy=ward -Xoklab -Wgamma --diffusion=fs:scan=raster --gpu-policy=off --lookup-policy=6bit:shared_instance=1 -p 256 -w 1920 -h 1080 -v -J '{log}' -o '{output}' '{input}'
208fb43af9f504501b3f1160cdb37cc803181756,1920x1080,1920,1080,2073600,12,1,warmup,1,ascending,12,pipeline,113,36,78,0,9,3,9,3,1,9,9,180,180,1,1,0,yes,yes,0.195275,0.068714,0.07699600000000001,1107546,88a62cbd9a5a024d4859507db08763ffb3559debc3b978621161b62a724a613e,0.195275,'{img2sixel}' --threads=12 --precision=8bit --quality=full --sampling-policy=full-frame --binning-policy=hard --quantize-model=kmeans:seed=1 --merge-policy=ward -Xoklab -Wgamma --diffusion=fs:scan=raster --gpu-policy=off --lookup-policy=6bit:shared_instance=1 -p 256 -w 1920 -h 1080 -v -J '{log}' -o '{output}' '{input}'
208fb43af9f504501b3f1160cdb37cc803181756,1920x1080,1920,1080,2073600,13,1,warmup,1,ascending,13,pipeline,113,39,72,0,10,3,10,3,1,10,10,180,180,1,1,0,yes,yes,0.184716,0.06834399999999999,0.068412,1110441,5c6cb8bd9a758fecc539dc3acb8a3a6ba2b2b27b5fdd24cdebaaa0919a5a9881,0.184716,'{img2sixel}' --threads=13 --precision=8bit --quality=full --sampling-policy=full-frame --binning-policy=hard --quantize-model=kmeans:seed=1 --merge-policy=ward -Xoklab -Wgamma --diffusion=fs:scan=raster --gpu-policy=off --lookup-policy=6bit:shared_instance=1 -p 256 -w 1920 -h 1080 -v -J '{log}' -o '{output}' '{input}'
208fb43af9f504501b3f1160cdb37cc803181756,1920x1080,1920,1080,2073600,14,1,warmup,1,ascending,14,pipeline,113,42,72,0,10,4,10,4,1,10,10,180,180,1,1,0,yes,yes,0.184722,0.06848900000000001,0.068041,1110441,5c6cb8bd9a758fecc539dc3acb8a3a6ba2b2b27b5fdd24cdebaaa0919a5a9881,0.184722,'{img2sixel}' --threads=14 --precision=8bit --quality=full --sampling-policy=full-frame --binning-policy=hard --quantize-model=kmeans:seed=1 --merge-policy=ward -Xoklab -Wgamma --diffusion=fs:scan=raster --gpu-policy=off --lookup-policy=6bit:shared_instance=1 -p 256 -w 1920 -h 1080 -v -J '{log}' -o '{output}' '{input}'
208fb43af9f504501b3f1160cdb37cc803181756,1920x1080,1920,1080,2073600,15,1,warmup,1,ascending,15,pipeline,113,45,66,0,11,4,11,4,1,11,11,180,180,1,1,0,yes,yes,0.18753,0.069491,0.06876900000000001,1109581,4aae527e86ba442f8de8813cd9b23bea87656927f4ee0a232b05caec50f546d0,0.18753,'{img2sixel}' --threads=15 --precision=8bit --quality=full --sampling-policy=full-frame --binning-policy=hard --quantize-model=kmeans:seed=1 --merge-policy=ward -Xoklab -Wgamma --diffusion=fs:scan=raster --gpu-policy=off --lookup-policy=6bit:shared_instance=1 -p 256 -w 1920 -h 1080 -v -J '{log}' -o '{output}' '{input}'
208fb43af9f504501b3f1160cdb37cc803181756,1920x1080,1920,1080,2073600,16,1,warmup,1,ascending,16,pipeline,113,48,60,0,12,4,12,4,1,12,12,180,180,1,1,0,yes,yes,0.181734,0.06904199999999999,0.06432700000000001,1109809,895b29fa9417beb77a66350ca9d1c646da69650b30ccce01be86acdd497dd934,0.181734,'{img2sixel}' --threads=16 --precision=8bit --quality=full --sampling-policy=full-frame --binning-policy=hard --quantize-model=kmeans:seed=1 --merge-policy=ward -Xoklab -Wgamma --diffusion=fs:scan=raster --gpu-policy=off --lookup-policy=6bit:shared_instance=1 -p 256 -w 1920 -h 1080 -v -J '{log}' -o '{output}' '{input}'
208fb43af9f504501b3f1160cdb37cc803181756,1920x1080,1920,1080,2073600,16,2,warmup,2,descending,1,pipeline,113,48,60,0,12,4,12,4,1,12,12,180,180,1,1,0,yes,yes,0.186752,0.06900900000000001,0.068009,1109809,895b29fa9417beb77a66350ca9d1c646da69650b30ccce01be86acdd497dd934,0.186752,'{img2sixel}' --threads=16 --precision=8bit --quality=full --sampling-policy=full-frame --binning-policy=hard --quantize-model=kmeans:seed=1 --merge-policy=ward -Xoklab -Wgamma --diffusion=fs:scan=raster --gpu-policy=off --lookup-policy=6bit:shared_instance=1 -p 256 -w 1920 -h 1080 -v -J '{log}' -o '{output}' '{input}'
208fb43af9f504501b3f1160cdb37cc803181756,1920x1080,1920,1080,2073600,15,2,warmup,2,descending,2,pipeline,113,45,66,0,11,4,11,4,1,11,11,180,180,1,1,0,yes,yes,0.187382,0.06870000000000001,0.070841,1109581,4aae527e86ba442f8de8813cd9b23bea87656927f4ee0a232b05caec50f546d0,0.187382,'{img2sixel}' --threads=15 --precision=8bit --quality=full --sampling-policy=full-frame --binning-policy=hard --quantize-model=kmeans:seed=1 --merge-policy=ward -Xoklab -Wgamma --diffusion=fs:scan=raster --gpu-policy=off --lookup-policy=6bit:shared_instance=1 -p 256 -w 1920 -h 1080 -v -J '{log}' -o '{output}' '{input}'
208fb43af9f504501b3f1160cdb37cc803181756,1920x1080,1920,1080,2073600,14,2,warmup,2,descending,3,pipeline,113,42,72,0,10,4,10,4,1,10,10,180,180,1,1,0,yes,yes,0.185812,0.068993,0.06857400000000001,1110441,5c6cb8bd9a758fecc539dc3acb8a3a6ba2b2b27b5fdd24cdebaaa0919a5a9881,0.185812,'{img2sixel}' --threads=14 --precision=8bit --quality=full --sampling-policy=full-frame --binning-policy=hard --quantize-model=kmeans:seed=1 --merge-policy=ward -Xoklab -Wgamma --diffusion=fs:scan=raster --gpu-policy=off --lookup-policy=6bit:shared_instance=1 -p 256 -w 1920 -h 1080 -v -J '{log}' -o '{output}' '{input}'
208fb43af9f504501b3f1160cdb37cc803181756,1920x1080,1920,1080,2073600,13,2,warmup,2,descending,4,pipeline,113,39,72,0,10,3,10,3,1,10,10,180,180,1,1,0,yes,yes,0.189121,0.06920000000000001,0.06999400000000001,1110441,5c6cb8bd9a758fecc539dc3acb8a3a6ba2b2b27b5fdd24cdebaaa0919a5a9881,0.189121,'{img2sixel}' --threads=13 --precision=8bit --quality=full --sampling-policy=full-frame --binning-policy=hard --quantize-model=kmeans:seed=1 --merge-policy=ward -Xoklab -Wgamma --diffusion=fs:scan=raster --gpu-policy=off --lookup-policy=6bit:shared_instance=1 -p 256 -w 1920 -h 1080 -v -J '{log}' -o '{output}' '{input}'
208fb43af9f504501b3f1160cdb37cc803181756,1920x1080,1920,1080,2073600,12,2,warmup,2,descending,5,pipeline,113,36,78,0,9,3,9,3,1,9,9,180,180,1,1,0,yes,yes,0.195057,0.068988,0.07550300000000001,1107546,88a62cbd9a5a024d4859507db08763ffb3559debc3b978621161b62a724a613e,0.195057,'{img2sixel}' --threads=12 --precision=8bit --quality=full --sampling-policy=full-frame --binning-policy=hard --quantize-model=kmeans:seed=1 --merge-policy=ward -Xoklab -Wgamma --diffusion=fs:scan=raster --gpu-policy=off --lookup-policy=6bit:shared_instance=1 -p 256 -w 1920 -h 1080 -v -J '{log}' -o '{output}' '{input}'
208fb43af9f504501b3f1160cdb37cc803181756,1920x1080,1920,1080,2073600,11,2,warmup,2,descending,6,pipeline,113,33,90,0,8,3,8,3,1,8,8,180,180,1,1,0,yes,yes,0.205422,0.06881000000000001,0.086304,1106783,6cab90aaee14d9032397ebe46bc5103ca33d7b7080cb7c28d1df03adc332b8d7,0.205422,'{img2sixel}' --threads=11 --precision=8bit --quality=full --sampling-policy=full-frame --binning-policy=hard --quantize-model=kmeans:seed=1 --merge-policy=ward -Xoklab -Wgamma --diffusion=fs:scan=raster --gpu-policy=off --lookup-policy=6bit:shared_instance=1 -p 256 -w 1920 -h 1080 -v -J '{log}' -o '{output}' '{input}'
208fb43af9f504501b3f1160cdb37cc803181756,1920x1080,1920,1080,2073600,10,2,warmup,2,descending,7,pipeline,113,30,102,0,7,3,7,3,1,7,7,180,180,1,1,0,yes,yes,0.214482,0.070389,0.09761,1112011,e6899471b079cb9bd831d17515535daf8e5fcac8a8c80d6914af265f817c60d8,0.214482,'{img2sixel}' --threads=10 --precision=8bit --quality=full --sampling-policy=full-frame --binning-policy=hard --quantize-model=kmeans:seed=1 --merge-policy=ward -Xoklab -Wgamma --diffusion=fs:scan=raster --gpu-policy=off --lookup-policy=6bit:shared_instance=1 -p 256 -w 1920 -h 1080 -v -J '{log}' -o '{output}' '{input}'
208fb43af9f504501b3f1160cdb37cc803181756,1920x1080,1920,1080,2073600,9,2,warmup,2,descending,8,pipeline,113,27,102,0,7,2,7,2,1,7,7,180,180,1,1,0,yes,yes,0.216026,0.069516,0.099157,1112011,e6899471b079cb9bd831d17515535daf8e5fcac8a8c80d6914af265f817c60d8,0.216026,'{img2sixel}' --threads=9 --precision=8bit --quality=full --sampling-policy=full-frame --binning-policy=hard --quantize-model=kmeans:seed=1 --merge-policy=ward -Xoklab -Wgamma --diffusion=fs:scan=raster --gpu-policy=off --lookup-policy=6bit:shared_instance=1 -p 256 -w 1920 -h 1080 -v -J '{log}' -o '{output}' '{input}'
208fb43af9f504501b3f1160cdb37cc803181756,1920x1080,1920,1080,2073600,8,2,warmup,2,descending,9,pipeline,113,24,114,0,6,2,6,2,1,6,6,180,180,1,1,0,yes,yes,0.233871,0.071855,0.113644,1110266,9bfe778ebfad630c52817797049bbd64c93ec8afb743628f4b3cfc94da705d0f,0.233871,'{img2sixel}' --threads=8 --precision=8bit --quality=full --sampling-policy=full-frame --binning-policy=hard --quantize-model=kmeans:seed=1 --merge-policy=ward -Xoklab -Wgamma --diffusion=fs:scan=raster --gpu-policy=off --lookup-policy=6bit:shared_instance=1 -p 256 -w 1920 -h 1080 -v -J '{log}' -o '{output}' '{input}'
208fb43af9f504501b3f1160cdb37cc803181756,1920x1080,1920,1080,2073600,7,2,warmup,2,descending,10,pipeline,113,21,138,0,5,2,5,2,1,5,5,180,180,1,1,0,yes,yes,0.254852,0.069182,0.13269300000000003,1112165,72ca254012a3e3e522ddd8c8a1ac9bdfc00d5af6cb5fb14101fb73d8b4ad558a,0.254852,'{img2sixel}' --threads=7 --precision=8bit --quality=full --sampling-policy=full-frame --binning-policy=hard --quantize-model=kmeans:seed=1 --merge-policy=ward -Xoklab -Wgamma --diffusion=fs:scan=raster --gpu-policy=off --lookup-policy=6bit:shared_instance=1 -p 256 -w 1920 -h 1080 -v -J '{log}' -o '{output}' '{input}'
208fb43af9f504501b3f1160cdb37cc803181756,1920x1080,1920,1080,2073600,6,2,warmup,2,descending,11,pipeline,113,18,174,0,4,2,4,2,1,4,4,180,180,1,1,0,yes,yes,0.290144,0.06908500000000001,0.167174,1112687,f983921ff065e81bf243edcc24e56c0d506e943475ecf24c196e1a89db6f6891,0.290144,'{img2sixel}' --threads=6 --precision=8bit --quality=full --sampling-policy=full-frame --binning-policy=hard --quantize-model=kmeans:seed=1 --merge-policy=ward -Xoklab -Wgamma --diffusion=fs:scan=raster --gpu-policy=off --lookup-policy=6bit:shared_instance=1 -p 256 -w 1920 -h 1080 -v -J '{log}' -o '{output}' '{input}'
208fb43af9f504501b3f1160cdb37cc803181756,1920x1080,1920,1080,2073600,5,2,warmup,2,descending,12,pipeline,113,15,228,0,3,2,3,2,1,3,3,180,180,1,1,0,yes,yes,0.346482,0.069083,0.218905,1110687,7f210772d0cea09d8936b3b53de6b570dc34fbccbbd14e178137bec614255a07,0.346482,'{img2sixel}' --threads=5 --precision=8bit --quality=full --sampling-policy=full-frame --binning-policy=hard --quantize-model=kmeans:seed=1 --merge-policy=ward -Xoklab -Wgamma --diffusion=fs:scan=raster --gpu-policy=off --lookup-policy=6bit:shared_instance=1 -p 256 -w 1920 -h 1080 -v -J '{log}' -o '{output}' '{input}'
208fb43af9f504501b3f1160cdb37cc803181756,1920x1080,1920,1080,2073600,4,2,warmup,2,descending,13,pipeline,113,12,342,0,2,2,2,2,1,2,2,180,180,1,1,0,yes,yes,0.44983900000000004,0.068917,0.31662500000000005,1112109,2dfe38f3bf3164808afd092ab6330aae11349fbecfda4a21833c2c99fd7f24e2,0.44983900000000004,'{img2sixel}' --threads=4 --precision=8bit --quality=full --sampling-policy=full-frame --binning-policy=hard --quantize-model=kmeans:seed=1 --merge-policy=ward -Xoklab -Wgamma --diffusion=fs:scan=raster --gpu-policy=off --lookup-policy=6bit:shared_instance=1 -p 256 -w 1920 -h 1080 -v -J '{log}' -o '{output}' '{input}'
208fb43af9f504501b3f1160cdb37cc803181756,1920x1080,1920,1080,2073600,3,2,warmup,2,descending,14,pipeline,113,9,678,0,1,2,0,2,1,0,0,180,180,1,1,0,yes,yes,0.736428,0.06927200000000001,0.5923539999999999,1114189,0dee79433e5fb73e188ea6579751b04036cca248fbb9e01b02391a85b7974486,0.736428,'{img2sixel}' --threads=3 --precision=8bit --quality=full --sampling-policy=full-frame --binning-policy=hard --quantize-model=kmeans:seed=1 --merge-policy=ward -Xoklab -Wgamma --diffusion=fs:scan=raster --gpu-policy=off --lookup-policy=6bit:shared_instance=1 -p 256 -w 1920 -h 1080 -v -J '{log}' -o '{output}' '{input}'
208fb43af9f504501b3f1160cdb37cc803181756,1920x1080,1920,1080,2073600,2,2,warmup,2,descending,15,pipeline,113,6,678,0,1,1,0,2,1,0,0,180,180,1,1,0,no,no,0.7508980000000001,0.06863299999999999,0.5870270000000001,1114189,0dee79433e5fb73e188ea6579751b04036cca248fbb9e01b02391a85b7974486,0.7508980000000001,'{img2sixel}' --threads=2 --precision=8bit --quality=full --sampling-policy=full-frame --binning-policy=hard --quantize-model=kmeans:seed=1 --merge-policy=ward -Xoklab -Wgamma --diffusion=fs:scan=raster --gpu-policy=off --lookup-policy=6bit:shared_instance=1 -p 256 -w 1920 -h 1080 -v -J '{log}' -o '{output}' '{input}'
208fb43af9f504501b3f1160cdb37cc803181756,1920x1080,1920,1080,2073600,1,2,warmup,2,descending,16,serial,0,0,0,0,0,0,0,0,0,0,0,0,0,0,0,0,no,no,0.826195,0.072496,0.596372,1114189,0dee79433e5fb73e188ea6579751b04036cca248fbb9e01b02391a85b7974486,0.826195,'{img2sixel}' --threads=1 --precision=8bit --quality=full --sampling-policy=full-frame --binning-policy=hard --quantize-model=kmeans:seed=1 --merge-policy=ward -Xoklab -Wgamma --diffusion=fs:scan=raster --gpu-policy=off --lookup-policy=6bit:shared_instance=1 -p 256 -w 1920 -h 1080 -v -J '{log}' -o '{output}' '{input}'
208fb43af9f504501b3f1160cdb37cc803181756,1920x1080,1920,1080,2073600,1,3,timed,1,ascending,1,serial,0,0,0,0,0,0,0,0,0,0,0,0,0,0,0,0,no,no,0.83634,0.06897700000000001,0.6090249999999999,1114189,0dee79433e5fb73e188ea6579751b04036cca248fbb9e01b02391a85b7974486,0.83634,'{img2sixel}' --threads=1 --precision=8bit --quality=full --sampling-policy=full-frame --binning-policy=hard --quantize-model=kmeans:seed=1 --merge-policy=ward -Xoklab -Wgamma --diffusion=fs:scan=raster --gpu-policy=off --lookup-policy=6bit:shared_instance=1 -p 256 -w 1920 -h 1080 -v -J '{log}' -o '{output}' '{input}'
208fb43af9f504501b3f1160cdb37cc803181756,1920x1080,1920,1080,2073600,2,3,timed,1,ascending,2,pipeline,113,6,678,0,1,1,0,2,1,0,0,180,180,1,1,0,no,no,0.7531840000000001,0.06875099999999999,0.5891390000000001,1114189,0dee79433e5fb73e188ea6579751b04036cca248fbb9e01b02391a85b7974486,0.7531840000000001,'{img2sixel}' --threads=2 --precision=8bit --quality=full --sampling-policy=full-frame --binning-policy=hard --quantize-model=kmeans:seed=1 --merge-policy=ward -Xoklab -Wgamma --diffusion=fs:scan=raster --gpu-policy=off --lookup-policy=6bit:shared_instance=1 -p 256 -w 1920 -h 1080 -v -J '{log}' -o '{output}' '{input}'
208fb43af9f504501b3f1160cdb37cc803181756,1920x1080,1920,1080,2073600,3,3,timed,1,ascending,3,pipeline,113,9,678,0,1,2,0,2,1,0,0,180,180,1,1,0,yes,yes,0.731096,0.06830299999999999,0.587012,1114189,0dee79433e5fb73e188ea6579751b04036cca248fbb9e01b02391a85b7974486,0.731096,'{img2sixel}' --threads=3 --precision=8bit --quality=full --sampling-policy=full-frame --binning-policy=hard --quantize-model=kmeans:seed=1 --merge-policy=ward -Xoklab -Wgamma --diffusion=fs:scan=raster --gpu-policy=off --lookup-policy=6bit:shared_instance=1 -p 256 -w 1920 -h 1080 -v -J '{log}' -o '{output}' '{input}'
208fb43af9f504501b3f1160cdb37cc803181756,1920x1080,1920,1080,2073600,4,3,timed,1,ascending,4,pipeline,113,12,342,0,2,2,2,2,1,2,2,180,180,1,1,0,yes,yes,0.444436,0.068995,0.31141599999999997,1112109,2dfe38f3bf3164808afd092ab6330aae11349fbecfda4a21833c2c99fd7f24e2,0.444436,'{img2sixel}' --threads=4 --precision=8bit --quality=full --sampling-policy=full-frame --binning-policy=hard --quantize-model=kmeans:seed=1 --merge-policy=ward -Xoklab -Wgamma --diffusion=fs:scan=raster --gpu-policy=off --lookup-policy=6bit:shared_instance=1 -p 256 -w 1920 -h 1080 -v -J '{log}' -o '{output}' '{input}'
208fb43af9f504501b3f1160cdb37cc803181756,1920x1080,1920,1080,2073600,5,3,timed,1,ascending,5,pipeline,113,15,228,0,3,2,3,2,1,3,3,180,180,1,1,0,yes,yes,0.350362,0.072307,0.219188,1110687,7f210772d0cea09d8936b3b53de6b570dc34fbccbbd14e178137bec614255a07,0.350362,'{img2sixel}' --threads=5 --precision=8bit --quality=full --sampling-policy=full-frame --binning-policy=hard --quantize-model=kmeans:seed=1 --merge-policy=ward -Xoklab -Wgamma --diffusion=fs:scan=raster --gpu-policy=off --lookup-policy=6bit:shared_instance=1 -p 256 -w 1920 -h 1080 -v -J '{log}' -o '{output}' '{input}'
208fb43af9f504501b3f1160cdb37cc803181756,1920x1080,1920,1080,2073600,6,3,timed,1,ascending,6,pipeline,113,18,174,0,4,2,4,2,1,4,4,180,180,1,1,0,yes,yes,0.28892,0.069124,0.165163,1112687,f983921ff065e81bf243edcc24e56c0d506e943475ecf24c196e1a89db6f6891,0.28892,'{img2sixel}' --threads=6 --precision=8bit --quality=full --sampling-policy=full-frame --binning-policy=hard --quantize-model=kmeans:seed=1 --merge-policy=ward -Xoklab -Wgamma --diffusion=fs:scan=raster --gpu-policy=off --lookup-policy=6bit:shared_instance=1 -p 256 -w 1920 -h 1080 -v -J '{log}' -o '{output}' '{input}'
208fb43af9f504501b3f1160cdb37cc803181756,1920x1080,1920,1080,2073600,7,3,timed,1,ascending,7,pipeline,113,21,138,0,5,2,5,2,1,5,5,180,180,1,1,0,yes,yes,0.25568500000000005,0.06889300000000001,0.135666,1112165,72ca254012a3e3e522ddd8c8a1ac9bdfc00d5af6cb5fb14101fb73d8b4ad558a,0.25568500000000005,'{img2sixel}' --threads=7 --precision=8bit --quality=full --sampling-policy=full-frame --binning-policy=hard --quantize-model=kmeans:seed=1 --merge-policy=ward -Xoklab -Wgamma --diffusion=fs:scan=raster --gpu-policy=off --lookup-policy=6bit:shared_instance=1 -p 256 -w 1920 -h 1080 -v -J '{log}' -o '{output}' '{input}'
208fb43af9f504501b3f1160cdb37cc803181756,1920x1080,1920,1080,2073600,8,3,timed,1,ascending,8,pipeline,113,24,114,0,6,2,6,2,1,6,6,180,180,1,1,0,yes,yes,0.232402,0.070433,0.112667,1110266,9bfe778ebfad630c52817797049bbd64c93ec8afb743628f4b3cfc94da705d0f,0.232402,'{img2sixel}' --threads=8 --precision=8bit --quality=full --sampling-policy=full-frame --binning-policy=hard --quantize-model=kmeans:seed=1 --merge-policy=ward -Xoklab -Wgamma --diffusion=fs:scan=raster --gpu-policy=off --lookup-policy=6bit:shared_instance=1 -p 256 -w 1920 -h 1080 -v -J '{log}' -o '{output}' '{input}'
208fb43af9f504501b3f1160cdb37cc803181756,1920x1080,1920,1080,2073600,9,3,timed,1,ascending,9,pipeline,113,27,102,0,7,2,7,2,1,7,7,180,180,1,1,0,yes,yes,0.214728,0.069305,0.09872700000000001,1112011,e6899471b079cb9bd831d17515535daf8e5fcac8a8c80d6914af265f817c60d8,0.214728,'{img2sixel}' --threads=9 --precision=8bit --quality=full --sampling-policy=full-frame --binning-policy=hard --quantize-model=kmeans:seed=1 --merge-policy=ward -Xoklab -Wgamma --diffusion=fs:scan=raster --gpu-policy=off --lookup-policy=6bit:shared_instance=1 -p 256 -w 1920 -h 1080 -v -J '{log}' -o '{output}' '{input}'
208fb43af9f504501b3f1160cdb37cc803181756,1920x1080,1920,1080,2073600,10,3,timed,1,ascending,10,pipeline,113,30,102,0,7,3,7,3,1,7,7,180,180,1,1,0,yes,yes,0.218036,0.070186,0.10042100000000001,1112011,e6899471b079cb9bd831d17515535daf8e5fcac8a8c80d6914af265f817c60d8,0.218036,'{img2sixel}' --threads=10 --precision=8bit --quality=full --sampling-policy=full-frame --binning-policy=hard --quantize-model=kmeans:seed=1 --merge-policy=ward -Xoklab -Wgamma --diffusion=fs:scan=raster --gpu-policy=off --lookup-policy=6bit:shared_instance=1 -p 256 -w 1920 -h 1080 -v -J '{log}' -o '{output}' '{input}'
208fb43af9f504501b3f1160cdb37cc803181756,1920x1080,1920,1080,2073600,11,3,timed,1,ascending,11,pipeline,113,33,90,0,8,3,8,3,1,8,8,180,180,1,1,0,yes,yes,0.207592,0.06898299999999999,0.087803,1106783,6cab90aaee14d9032397ebe46bc5103ca33d7b7080cb7c28d1df03adc332b8d7,0.207592,'{img2sixel}' --threads=11 --precision=8bit --quality=full --sampling-policy=full-frame --binning-policy=hard --quantize-model=kmeans:seed=1 --merge-policy=ward -Xoklab -Wgamma --diffusion=fs:scan=raster --gpu-policy=off --lookup-policy=6bit:shared_instance=1 -p 256 -w 1920 -h 1080 -v -J '{log}' -o '{output}' '{input}'
208fb43af9f504501b3f1160cdb37cc803181756,1920x1080,1920,1080,2073600,12,3,timed,1,ascending,12,pipeline,113,36,78,0,9,3,9,3,1,9,9,180,180,1,1,0,yes,yes,0.195705,0.068881,0.076486,1107546,88a62cbd9a5a024d4859507db08763ffb3559debc3b978621161b62a724a613e,0.195705,'{img2sixel}' --threads=12 --precision=8bit --quality=full --sampling-policy=full-frame --binning-policy=hard --quantize-model=kmeans:seed=1 --merge-policy=ward -Xoklab -Wgamma --diffusion=fs:scan=raster --gpu-policy=off --lookup-policy=6bit:shared_instance=1 -p 256 -w 1920 -h 1080 -v -J '{log}' -o '{output}' '{input}'
208fb43af9f504501b3f1160cdb37cc803181756,1920x1080,1920,1080,2073600,13,3,timed,1,ascending,13,pipeline,113,39,72,0,10,3,10,3,1,10,10,180,180,1,1,0,yes,yes,0.18962299999999999,0.069056,0.07012999999999998,1110441,5c6cb8bd9a758fecc539dc3acb8a3a6ba2b2b27b5fdd24cdebaaa0919a5a9881,0.18962299999999999,'{img2sixel}' --threads=13 --precision=8bit --quality=full --sampling-policy=full-frame --binning-policy=hard --quantize-model=kmeans:seed=1 --merge-policy=ward -Xoklab -Wgamma --diffusion=fs:scan=raster --gpu-policy=off --lookup-policy=6bit:shared_instance=1 -p 256 -w 1920 -h 1080 -v -J '{log}' -o '{output}' '{input}'
208fb43af9f504501b3f1160cdb37cc803181756,1920x1080,1920,1080,2073600,14,3,timed,1,ascending,14,pipeline,113,42,72,0,10,4,10,4,1,10,10,180,180,1,1,0,yes,yes,0.18692,0.06898900000000001,0.0704,1110441,5c6cb8bd9a758fecc539dc3acb8a3a6ba2b2b27b5fdd24cdebaaa0919a5a9881,0.18692,'{img2sixel}' --threads=14 --precision=8bit --quality=full --sampling-policy=full-frame --binning-policy=hard --quantize-model=kmeans:seed=1 --merge-policy=ward -Xoklab -Wgamma --diffusion=fs:scan=raster --gpu-policy=off --lookup-policy=6bit:shared_instance=1 -p 256 -w 1920 -h 1080 -v -J '{log}' -o '{output}' '{input}'
208fb43af9f504501b3f1160cdb37cc803181756,1920x1080,1920,1080,2073600,15,3,timed,1,ascending,15,pipeline,113,45,66,0,11,4,11,4,1,11,11,180,180,1,1,0,yes,yes,0.191133,0.069512,0.071969,1109581,4aae527e86ba442f8de8813cd9b23bea87656927f4ee0a232b05caec50f546d0,0.191133,'{img2sixel}' --threads=15 --precision=8bit --quality=full --sampling-policy=full-frame --binning-policy=hard --quantize-model=kmeans:seed=1 --merge-policy=ward -Xoklab -Wgamma --diffusion=fs:scan=raster --gpu-policy=off --lookup-policy=6bit:shared_instance=1 -p 256 -w 1920 -h 1080 -v -J '{log}' -o '{output}' '{input}'
208fb43af9f504501b3f1160cdb37cc803181756,1920x1080,1920,1080,2073600,16,3,timed,1,ascending,16,pipeline,113,48,60,0,12,4,12,4,1,12,12,180,180,1,1,0,yes,yes,0.184214,0.068878,0.06699499999999999,1109809,895b29fa9417beb77a66350ca9d1c646da69650b30ccce01be86acdd497dd934,0.184214,'{img2sixel}' --threads=16 --precision=8bit --quality=full --sampling-policy=full-frame --binning-policy=hard --quantize-model=kmeans:seed=1 --merge-policy=ward -Xoklab -Wgamma --diffusion=fs:scan=raster --gpu-policy=off --lookup-policy=6bit:shared_instance=1 -p 256 -w 1920 -h 1080 -v -J '{log}' -o '{output}' '{input}'
208fb43af9f504501b3f1160cdb37cc803181756,1920x1080,1920,1080,2073600,16,4,timed,2,descending,1,pipeline,113,48,60,0,12,4,12,4,1,12,12,180,180,1,1,0,yes,yes,0.18481,0.07007,0.06525700000000001,1109809,895b29fa9417beb77a66350ca9d1c646da69650b30ccce01be86acdd497dd934,0.18481,'{img2sixel}' --threads=16 --precision=8bit --quality=full --sampling-policy=full-frame --binning-policy=hard --quantize-model=kmeans:seed=1 --merge-policy=ward -Xoklab -Wgamma --diffusion=fs:scan=raster --gpu-policy=off --lookup-policy=6bit:shared_instance=1 -p 256 -w 1920 -h 1080 -v -J '{log}' -o '{output}' '{input}'
208fb43af9f504501b3f1160cdb37cc803181756,1920x1080,1920,1080,2073600,15,4,timed,2,descending,2,pipeline,113,45,66,0,11,4,11,4,1,11,11,180,180,1,1,0,yes,yes,0.185922,0.069123,0.06860400000000001,1109581,4aae527e86ba442f8de8813cd9b23bea87656927f4ee0a232b05caec50f546d0,0.185922,'{img2sixel}' --threads=15 --precision=8bit --quality=full --sampling-policy=full-frame --binning-policy=hard --quantize-model=kmeans:seed=1 --merge-policy=ward -Xoklab -Wgamma --diffusion=fs:scan=raster --gpu-policy=off --lookup-policy=6bit:shared_instance=1 -p 256 -w 1920 -h 1080 -v -J '{log}' -o '{output}' '{input}'
208fb43af9f504501b3f1160cdb37cc803181756,1920x1080,1920,1080,2073600,14,4,timed,2,descending,3,pipeline,113,42,72,0,10,4,10,4,1,10,10,180,180,1,1,0,yes,yes,0.188154,0.069185,0.070015,1110441,5c6cb8bd9a758fecc539dc3acb8a3a6ba2b2b27b5fdd24cdebaaa0919a5a9881,0.188154,'{img2sixel}' --threads=14 --precision=8bit --quality=full --sampling-policy=full-frame --binning-policy=hard --quantize-model=kmeans:seed=1 --merge-policy=ward -Xoklab -Wgamma --diffusion=fs:scan=raster --gpu-policy=off --lookup-policy=6bit:shared_instance=1 -p 256 -w 1920 -h 1080 -v -J '{log}' -o '{output}' '{input}'
208fb43af9f504501b3f1160cdb37cc803181756,1920x1080,1920,1080,2073600,13,4,timed,2,descending,4,pipeline,113,39,72,0,10,3,10,3,1,10,10,180,180,1,1,0,yes,yes,0.198759,0.06912099999999999,0.08006999999999999,1110441,5c6cb8bd9a758fecc539dc3acb8a3a6ba2b2b27b5fdd24cdebaaa0919a5a9881,0.198759,'{img2sixel}' --threads=13 --precision=8bit --quality=full --sampling-policy=full-frame --binning-policy=hard --quantize-model=kmeans:seed=1 --merge-policy=ward -Xoklab -Wgamma --diffusion=fs:scan=raster --gpu-policy=off --lookup-policy=6bit:shared_instance=1 -p 256 -w 1920 -h 1080 -v -J '{log}' -o '{output}' '{input}'
208fb43af9f504501b3f1160cdb37cc803181756,1920x1080,1920,1080,2073600,12,4,timed,2,descending,5,pipeline,113,36,78,0,9,3,9,3,1,9,9,180,180,1,1,0,yes,yes,0.200261,0.06994800000000001,0.076035,1107546,88a62cbd9a5a024d4859507db08763ffb3559debc3b978621161b62a724a613e,0.200261,'{img2sixel}' --threads=12 --precision=8bit --quality=full --sampling-policy=full-frame --binning-policy=hard --quantize-model=kmeans:seed=1 --merge-policy=ward -Xoklab -Wgamma --diffusion=fs:scan=raster --gpu-policy=off --lookup-policy=6bit:shared_instance=1 -p 256 -w 1920 -h 1080 -v -J '{log}' -o '{output}' '{input}'
208fb43af9f504501b3f1160cdb37cc803181756,1920x1080,1920,1080,2073600,11,4,timed,2,descending,6,pipeline,113,33,90,0,8,3,8,3,1,8,8,180,180,1,1,0,yes,yes,0.206808,0.06963699999999999,0.086754,1106783,6cab90aaee14d9032397ebe46bc5103ca33d7b7080cb7c28d1df03adc332b8d7,0.206808,'{img2sixel}' --threads=11 --precision=8bit --quality=full --sampling-policy=full-frame --binning-policy=hard --quantize-model=kmeans:seed=1 --merge-policy=ward -Xoklab -Wgamma --diffusion=fs:scan=raster --gpu-policy=off --lookup-policy=6bit:shared_instance=1 -p 256 -w 1920 -h 1080 -v -J '{log}' -o '{output}' '{input}'
208fb43af9f504501b3f1160cdb37cc803181756,1920x1080,1920,1080,2073600,10,4,timed,2,descending,7,pipeline,113,30,102,0,7,3,7,3,1,7,7,180,180,1,1,0,yes,yes,0.21426399999999998,0.069424,0.09728399999999998,1112011,e6899471b079cb9bd831d17515535daf8e5fcac8a8c80d6914af265f817c60d8,0.21426399999999998,'{img2sixel}' --threads=10 --precision=8bit --quality=full --sampling-policy=full-frame --binning-policy=hard --quantize-model=kmeans:seed=1 --merge-policy=ward -Xoklab -Wgamma --diffusion=fs:scan=raster --gpu-policy=off --lookup-policy=6bit:shared_instance=1 -p 256 -w 1920 -h 1080 -v -J '{log}' -o '{output}' '{input}'
208fb43af9f504501b3f1160cdb37cc803181756,1920x1080,1920,1080,2073600,9,4,timed,2,descending,8,pipeline,113,27,102,0,7,2,7,2,1,7,7,180,180,1,1,0,yes,yes,0.21737599999999999,0.06997700000000001,0.10042099999999998,1112011,e6899471b079cb9bd831d17515535daf8e5fcac8a8c80d6914af265f817c60d8,0.21737599999999999,'{img2sixel}' --threads=9 --precision=8bit --quality=full --sampling-policy=full-frame --binning-policy=hard --quantize-model=kmeans:seed=1 --merge-policy=ward -Xoklab -Wgamma --diffusion=fs:scan=raster --gpu-policy=off --lookup-policy=6bit:shared_instance=1 -p 256 -w 1920 -h 1080 -v -J '{log}' -o '{output}' '{input}'
208fb43af9f504501b3f1160cdb37cc803181756,1920x1080,1920,1080,2073600,8,4,timed,2,descending,9,pipeline,113,24,114,0,6,2,6,2,1,6,6,180,180,1,1,0,yes,yes,0.231134,0.06946,0.11297000000000001,1110266,9bfe778ebfad630c52817797049bbd64c93ec8afb743628f4b3cfc94da705d0f,0.231134,'{img2sixel}' --threads=8 --precision=8bit --quality=full --sampling-policy=full-frame --binning-policy=hard --quantize-model=kmeans:seed=1 --merge-policy=ward -Xoklab -Wgamma --diffusion=fs:scan=raster --gpu-policy=off --lookup-policy=6bit:shared_instance=1 -p 256 -w 1920 -h 1080 -v -J '{log}' -o '{output}' '{input}'
208fb43af9f504501b3f1160cdb37cc803181756,1920x1080,1920,1080,2073600,7,4,timed,2,descending,10,pipeline,113,21,138,0,5,2,5,2,1,5,5,180,180,1,1,0,yes,yes,0.254583,0.069379,0.134071,1112165,72ca254012a3e3e522ddd8c8a1ac9bdfc00d5af6cb5fb14101fb73d8b4ad558a,0.254583,'{img2sixel}' --threads=7 --precision=8bit --quality=full --sampling-policy=full-frame --binning-policy=hard --quantize-model=kmeans:seed=1 --merge-policy=ward -Xoklab -Wgamma --diffusion=fs:scan=raster --gpu-policy=off --lookup-policy=6bit:shared_instance=1 -p 256 -w 1920 -h 1080 -v -J '{log}' -o '{output}' '{input}'
208fb43af9f504501b3f1160cdb37cc803181756,1920x1080,1920,1080,2073600,6,4,timed,2,descending,11,pipeline,113,18,174,0,4,2,4,2,1,4,4,180,180,1,1,0,yes,yes,0.28974500000000003,0.069111,0.166613,1112687,f983921ff065e81bf243edcc24e56c0d506e943475ecf24c196e1a89db6f6891,0.28974500000000003,'{img2sixel}' --threads=6 --precision=8bit --quality=full --sampling-policy=full-frame --binning-policy=hard --quantize-model=kmeans:seed=1 --merge-policy=ward -Xoklab -Wgamma --diffusion=fs:scan=raster --gpu-policy=off --lookup-policy=6bit:shared_instance=1 -p 256 -w 1920 -h 1080 -v -J '{log}' -o '{output}' '{input}'
208fb43af9f504501b3f1160cdb37cc803181756,1920x1080,1920,1080,2073600,5,4,timed,2,descending,12,pipeline,113,15,228,0,3,2,3,2,1,3,3,180,180,1,1,0,yes,yes,0.34793300000000005,0.069407,0.21915300000000001,1110687,7f210772d0cea09d8936b3b53de6b570dc34fbccbbd14e178137bec614255a07,0.34793300000000005,'{img2sixel}' --threads=5 --precision=8bit --quality=full --sampling-policy=full-frame --binning-policy=hard --quantize-model=kmeans:seed=1 --merge-policy=ward -Xoklab -Wgamma --diffusion=fs:scan=raster --gpu-policy=off --lookup-policy=6bit:shared_instance=1 -p 256 -w 1920 -h 1080 -v -J '{log}' -o '{output}' '{input}'
208fb43af9f504501b3f1160cdb37cc803181756,1920x1080,1920,1080,2073600,4,4,timed,2,descending,13,pipeline,113,12,342,0,2,2,2,2,1,2,2,180,180,1,1,0,yes,yes,0.45220600000000005,0.06874199999999998,0.318542,1112109,2dfe38f3bf3164808afd092ab6330aae11349fbecfda4a21833c2c99fd7f24e2,0.45220600000000005,'{img2sixel}' --threads=4 --precision=8bit --quality=full --sampling-policy=full-frame --binning-policy=hard --quantize-model=kmeans:seed=1 --merge-policy=ward -Xoklab -Wgamma --diffusion=fs:scan=raster --gpu-policy=off --lookup-policy=6bit:shared_instance=1 -p 256 -w 1920 -h 1080 -v -J '{log}' -o '{output}' '{input}'
208fb43af9f504501b3f1160cdb37cc803181756,1920x1080,1920,1080,2073600,3,4,timed,2,descending,14,pipeline,113,9,678,0,1,2,0,2,1,0,0,180,180,1,1,0,yes,yes,0.769081,0.069738,0.623803,1114189,0dee79433e5fb73e188ea6579751b04036cca248fbb9e01b02391a85b7974486,0.769081,'{img2sixel}' --threads=3 --precision=8bit --quality=full --sampling-policy=full-frame --binning-policy=hard --quantize-model=kmeans:seed=1 --merge-policy=ward -Xoklab -Wgamma --diffusion=fs:scan=raster --gpu-policy=off --lookup-policy=6bit:shared_instance=1 -p 256 -w 1920 -h 1080 -v -J '{log}' -o '{output}' '{input}'
208fb43af9f504501b3f1160cdb37cc803181756,1920x1080,1920,1080,2073600,2,4,timed,2,descending,15,pipeline,113,6,678,0,1,1,0,2,1,0,0,180,180,1,1,0,no,no,0.7975490000000001,0.069236,0.6326430000000001,1114189,0dee79433e5fb73e188ea6579751b04036cca248fbb9e01b02391a85b7974486,0.7975490000000001,'{img2sixel}' --threads=2 --precision=8bit --quality=full --sampling-policy=full-frame --binning-policy=hard --quantize-model=kmeans:seed=1 --merge-policy=ward -Xoklab -Wgamma --diffusion=fs:scan=raster --gpu-policy=off --lookup-policy=6bit:shared_instance=1 -p 256 -w 1920 -h 1080 -v -J '{log}' -o '{output}' '{input}'
208fb43af9f504501b3f1160cdb37cc803181756,1920x1080,1920,1080,2073600,1,4,timed,2,descending,16,serial,0,0,0,0,0,0,0,0,0,0,0,0,0,0,0,0,no,no,0.85458,0.06911599999999998,0.628269,1114189,0dee79433e5fb73e188ea6579751b04036cca248fbb9e01b02391a85b7974486,0.85458,'{img2sixel}' --threads=1 --precision=8bit --quality=full --sampling-policy=full-frame --binning-policy=hard --quantize-model=kmeans:seed=1 --merge-policy=ward -Xoklab -Wgamma --diffusion=fs:scan=raster --gpu-policy=off --lookup-policy=6bit:shared_instance=1 -p 256 -w 1920 -h 1080 -v -J '{log}' -o '{output}' '{input}'
208fb43af9f504501b3f1160cdb37cc803181756,1920x1080,1920,1080,2073600,1,5,timed,3,ascending,1,serial,0,0,0,0,0,0,0,0,0,0,0,0,0,0,0,0,no,no,0.8389530000000001,0.068998,0.6117440000000001,1114189,0dee79433e5fb73e188ea6579751b04036cca248fbb9e01b02391a85b7974486,0.8389530000000001,'{img2sixel}' --threads=1 --precision=8bit --quality=full --sampling-policy=full-frame --binning-policy=hard --quantize-model=kmeans:seed=1 --merge-policy=ward -Xoklab -Wgamma --diffusion=fs:scan=raster --gpu-policy=off --lookup-policy=6bit:shared_instance=1 -p 256 -w 1920 -h 1080 -v -J '{log}' -o '{output}' '{input}'
208fb43af9f504501b3f1160cdb37cc803181756,1920x1080,1920,1080,2073600,2,5,timed,3,ascending,2,pipeline,113,6,678,0,1,1,0,2,1,0,0,180,180,1,1,0,no,no,0.7917350000000001,0.06905199999999999,0.6272770000000001,1114189,0dee79433e5fb73e188ea6579751b04036cca248fbb9e01b02391a85b7974486,0.7917350000000001,'{img2sixel}' --threads=2 --precision=8bit --quality=full --sampling-policy=full-frame --binning-policy=hard --quantize-model=kmeans:seed=1 --merge-policy=ward -Xoklab -Wgamma --diffusion=fs:scan=raster --gpu-policy=off --lookup-policy=6bit:shared_instance=1 -p 256 -w 1920 -h 1080 -v -J '{log}' -o '{output}' '{input}'
208fb43af9f504501b3f1160cdb37cc803181756,1920x1080,1920,1080,2073600,3,5,timed,3,ascending,3,pipeline,113,9,678,0,1,2,0,2,1,0,0,180,180,1,1,0,yes,yes,0.766887,0.06999300000000001,0.621759,1114189,0dee79433e5fb73e188ea6579751b04036cca248fbb9e01b02391a85b7974486,0.766887,'{img2sixel}' --threads=3 --precision=8bit --quality=full --sampling-policy=full-frame --binning-policy=hard --quantize-model=kmeans:seed=1 --merge-policy=ward -Xoklab -Wgamma --diffusion=fs:scan=raster --gpu-policy=off --lookup-policy=6bit:shared_instance=1 -p 256 -w 1920 -h 1080 -v -J '{log}' -o '{output}' '{input}'
208fb43af9f504501b3f1160cdb37cc803181756,1920x1080,1920,1080,2073600,4,5,timed,3,ascending,4,pipeline,113,12,342,0,2,2,2,2,1,2,2,180,180,1,1,0,yes,yes,0.454102,0.06975899999999999,0.31990699999999994,1112109,2dfe38f3bf3164808afd092ab6330aae11349fbecfda4a21833c2c99fd7f24e2,0.454102,'{img2sixel}' --threads=4 --precision=8bit --quality=full --sampling-policy=full-frame --binning-policy=hard --quantize-model=kmeans:seed=1 --merge-policy=ward -Xoklab -Wgamma --diffusion=fs:scan=raster --gpu-policy=off --lookup-policy=6bit:shared_instance=1 -p 256 -w 1920 -h 1080 -v -J '{log}' -o '{output}' '{input}'
208fb43af9f504501b3f1160cdb37cc803181756,1920x1080,1920,1080,2073600,5,5,timed,3,ascending,5,pipeline,113,15,228,0,3,2,3,2,1,3,3,180,180,1,1,0,yes,yes,0.34703,0.069801,0.21882,1110687,7f210772d0cea09d8936b3b53de6b570dc34fbccbbd14e178137bec614255a07,0.34703,'{img2sixel}' --threads=5 --precision=8bit --quality=full --sampling-policy=full-frame --binning-policy=hard --quantize-model=kmeans:seed=1 --merge-policy=ward -Xoklab -Wgamma --diffusion=fs:scan=raster --gpu-policy=off --lookup-policy=6bit:shared_instance=1 -p 256 -w 1920 -h 1080 -v -J '{log}' -o '{output}' '{input}'
208fb43af9f504501b3f1160cdb37cc803181756,1920x1080,1920,1080,2073600,6,5,timed,3,ascending,6,pipeline,113,18,174,0,4,2,4,2,1,4,4,180,180,1,1,0,yes,yes,0.29056000000000004,0.070096,0.16520300000000002,1112687,f983921ff065e81bf243edcc24e56c0d506e943475ecf24c196e1a89db6f6891,0.29056000000000004,'{img2sixel}' --threads=6 --precision=8bit --quality=full --sampling-policy=full-frame --binning-policy=hard --quantize-model=kmeans:seed=1 --merge-policy=ward -Xoklab -Wgamma --diffusion=fs:scan=raster --gpu-policy=off --lookup-policy=6bit:shared_instance=1 -p 256 -w 1920 -h 1080 -v -J '{log}' -o '{output}' '{input}'
208fb43af9f504501b3f1160cdb37cc803181756,1920x1080,1920,1080,2073600,7,5,timed,3,ascending,7,pipeline,113,21,138,0,5,2,5,2,1,5,5,180,180,1,1,0,yes,yes,0.256267,0.070237,0.135081,1112165,72ca254012a3e3e522ddd8c8a1ac9bdfc00d5af6cb5fb14101fb73d8b4ad558a,0.256267,'{img2sixel}' --threads=7 --precision=8bit --quality=full --sampling-policy=full-frame --binning-policy=hard --quantize-model=kmeans:seed=1 --merge-policy=ward -Xoklab -Wgamma --diffusion=fs:scan=raster --gpu-policy=off --lookup-policy=6bit:shared_instance=1 -p 256 -w 1920 -h 1080 -v -J '{log}' -o '{output}' '{input}'
208fb43af9f504501b3f1160cdb37cc803181756,1920x1080,1920,1080,2073600,8,5,timed,3,ascending,8,pipeline,113,24,114,0,6,2,6,2,1,6,6,180,180,1,1,0,yes,yes,0.232784,0.070379,0.113594,1110266,9bfe778ebfad630c52817797049bbd64c93ec8afb743628f4b3cfc94da705d0f,0.232784,'{img2sixel}' --threads=8 --precision=8bit --quality=full --sampling-policy=full-frame --binning-policy=hard --quantize-model=kmeans:seed=1 --merge-policy=ward -Xoklab -Wgamma --diffusion=fs:scan=raster --gpu-policy=off --lookup-policy=6bit:shared_instance=1 -p 256 -w 1920 -h 1080 -v -J '{log}' -o '{output}' '{input}'
208fb43af9f504501b3f1160cdb37cc803181756,1920x1080,1920,1080,2073600,9,5,timed,3,ascending,9,pipeline,113,27,102,0,7,2,7,2,1,7,7,180,180,1,1,0,yes,yes,0.216025,0.07032,0.09780699999999999,1112011,e6899471b079cb9bd831d17515535daf8e5fcac8a8c80d6914af265f817c60d8,0.216025,'{img2sixel}' --threads=9 --precision=8bit --quality=full --sampling-policy=full-frame --binning-policy=hard --quantize-model=kmeans:seed=1 --merge-policy=ward -Xoklab -Wgamma --diffusion=fs:scan=raster --gpu-policy=off --lookup-policy=6bit:shared_instance=1 -p 256 -w 1920 -h 1080 -v -J '{log}' -o '{output}' '{input}'
208fb43af9f504501b3f1160cdb37cc803181756,1920x1080,1920,1080,2073600,10,5,timed,3,ascending,10,pipeline,113,30,102,0,7,3,7,3,1,7,7,180,180,1,1,0,yes,yes,0.218216,0.07043100000000001,0.099285,1112011,e6899471b079cb9bd831d17515535daf8e5fcac8a8c80d6914af265f817c60d8,0.218216,'{img2sixel}' --threads=10 --precision=8bit --quality=full --sampling-policy=full-frame --binning-policy=hard --quantize-model=kmeans:seed=1 --merge-policy=ward -Xoklab -Wgamma --diffusion=fs:scan=raster --gpu-policy=off --lookup-policy=6bit:shared_instance=1 -p 256 -w 1920 -h 1080 -v -J '{log}' -o '{output}' '{input}'
208fb43af9f504501b3f1160cdb37cc803181756,1920x1080,1920,1080,2073600,11,5,timed,3,ascending,11,pipeline,113,33,90,0,8,3,8,3,1,8,8,180,180,1,1,0,yes,yes,0.209872,0.071144,0.08713900000000001,1106783,6cab90aaee14d9032397ebe46bc5103ca33d7b7080cb7c28d1df03adc332b8d7,0.209872,'{img2sixel}' --threads=11 --precision=8bit --quality=full --sampling-policy=full-frame --binning-policy=hard --quantize-model=kmeans:seed=1 --merge-policy=ward -Xoklab -Wgamma --diffusion=fs:scan=raster --gpu-policy=off --lookup-policy=6bit:shared_instance=1 -p 256 -w 1920 -h 1080 -v -J '{log}' -o '{output}' '{input}'
208fb43af9f504501b3f1160cdb37cc803181756,1920x1080,1920,1080,2073600,12,5,timed,3,ascending,12,pipeline,113,36,78,0,9,3,9,3,1,9,9,180,180,1,1,0,yes,yes,0.198164,0.070077,0.07743100000000001,1107546,88a62cbd9a5a024d4859507db08763ffb3559debc3b978621161b62a724a613e,0.198164,'{img2sixel}' --threads=12 --precision=8bit --quality=full --sampling-policy=full-frame --binning-policy=hard --quantize-model=kmeans:seed=1 --merge-policy=ward -Xoklab -Wgamma --diffusion=fs:scan=raster --gpu-policy=off --lookup-policy=6bit:shared_instance=1 -p 256 -w 1920 -h 1080 -v -J '{log}' -o '{output}' '{input}'
208fb43af9f504501b3f1160cdb37cc803181756,1920x1080,1920,1080,2073600,13,5,timed,3,ascending,13,pipeline,113,39,72,0,10,3,10,3,1,10,10,180,180,1,1,0,yes,yes,0.191027,0.070216,0.070882,1110441,5c6cb8bd9a758fecc539dc3acb8a3a6ba2b2b27b5fdd24cdebaaa0919a5a9881,0.191027,'{img2sixel}' --threads=13 --precision=8bit --quality=full --sampling-policy=full-frame --binning-policy=hard --quantize-model=kmeans:seed=1 --merge-policy=ward -Xoklab -Wgamma --diffusion=fs:scan=raster --gpu-policy=off --lookup-policy=6bit:shared_instance=1 -p 256 -w 1920 -h 1080 -v -J '{log}' -o '{output}' '{input}'
208fb43af9f504501b3f1160cdb37cc803181756,1920x1080,1920,1080,2073600,14,5,timed,3,ascending,14,pipeline,113,42,72,0,10,4,10,4,1,10,10,180,180,1,1,0,yes,yes,0.186807,0.06969800000000001,0.069574,1110441,5c6cb8bd9a758fecc539dc3acb8a3a6ba2b2b27b5fdd24cdebaaa0919a5a9881,0.186807,'{img2sixel}' --threads=14 --precision=8bit --quality=full --sampling-policy=full-frame --binning-policy=hard --quantize-model=kmeans:seed=1 --merge-policy=ward -Xoklab -Wgamma --diffusion=fs:scan=raster --gpu-policy=off --lookup-policy=6bit:shared_instance=1 -p 256 -w 1920 -h 1080 -v -J '{log}' -o '{output}' '{input}'
208fb43af9f504501b3f1160cdb37cc803181756,1920x1080,1920,1080,2073600,15,5,timed,3,ascending,15,pipeline,113,45,66,0,11,4,11,4,1,11,11,180,180,1,1,0,yes,yes,0.19121,0.071064,0.07117899999999999,1109581,4aae527e86ba442f8de8813cd9b23bea87656927f4ee0a232b05caec50f546d0,0.19121,'{img2sixel}' --threads=15 --precision=8bit --quality=full --sampling-policy=full-frame --binning-policy=hard --quantize-model=kmeans:seed=1 --merge-policy=ward -Xoklab -Wgamma --diffusion=fs:scan=raster --gpu-policy=off --lookup-policy=6bit:shared_instance=1 -p 256 -w 1920 -h 1080 -v -J '{log}' -o '{output}' '{input}'
208fb43af9f504501b3f1160cdb37cc803181756,1920x1080,1920,1080,2073600,16,5,timed,3,ascending,16,pipeline,113,48,60,0,12,4,12,4,1,12,12,180,180,1,1,0,yes,yes,0.186218,0.069877,0.067715,1109809,895b29fa9417beb77a66350ca9d1c646da69650b30ccce01be86acdd497dd934,0.186218,'{img2sixel}' --threads=16 --precision=8bit --quality=full --sampling-policy=full-frame --binning-policy=hard --quantize-model=kmeans:seed=1 --merge-policy=ward -Xoklab -Wgamma --diffusion=fs:scan=raster --gpu-policy=off --lookup-policy=6bit:shared_instance=1 -p 256 -w 1920 -h 1080 -v -J '{log}' -o '{output}' '{input}'
208fb43af9f504501b3f1160cdb37cc803181756,1920x1080,1920,1080,2073600,16,6,timed,4,descending,1,pipeline,113,48,60,0,12,4,12,4,1,12,12,180,180,1,1,0,yes,yes,0.182384,0.06911,0.065354,1109809,895b29fa9417beb77a66350ca9d1c646da69650b30ccce01be86acdd497dd934,0.182384,'{img2sixel}' --threads=16 --precision=8bit --quality=full --sampling-policy=full-frame --binning-policy=hard --quantize-model=kmeans:seed=1 --merge-policy=ward -Xoklab -Wgamma --diffusion=fs:scan=raster --gpu-policy=off --lookup-policy=6bit:shared_instance=1 -p 256 -w 1920 -h 1080 -v -J '{log}' -o '{output}' '{input}'
208fb43af9f504501b3f1160cdb37cc803181756,1920x1080,1920,1080,2073600,15,6,timed,4,descending,2,pipeline,113,45,66,0,11,4,11,4,1,11,11,180,180,1,1,0,yes,yes,0.185059,0.069241,0.067457,1109581,4aae527e86ba442f8de8813cd9b23bea87656927f4ee0a232b05caec50f546d0,0.185059,'{img2sixel}' --threads=15 --precision=8bit --quality=full --sampling-policy=full-frame --binning-policy=hard --quantize-model=kmeans:seed=1 --merge-policy=ward -Xoklab -Wgamma --diffusion=fs:scan=raster --gpu-policy=off --lookup-policy=6bit:shared_instance=1 -p 256 -w 1920 -h 1080 -v -J '{log}' -o '{output}' '{input}'
208fb43af9f504501b3f1160cdb37cc803181756,1920x1080,1920,1080,2073600,14,6,timed,4,descending,3,pipeline,113,42,72,0,10,4,10,4,1,10,10,180,180,1,1,0,yes,yes,0.195651,0.06914799999999999,0.07874199999999999,1110441,5c6cb8bd9a758fecc539dc3acb8a3a6ba2b2b27b5fdd24cdebaaa0919a5a9881,0.195651,'{img2sixel}' --threads=14 --precision=8bit --quality=full --sampling-policy=full-frame --binning-policy=hard --quantize-model=kmeans:seed=1 --merge-policy=ward -Xoklab -Wgamma --diffusion=fs:scan=raster --gpu-policy=off --lookup-policy=6bit:shared_instance=1 -p 256 -w 1920 -h 1080 -v -J '{log}' -o '{output}' '{input}'
208fb43af9f504501b3f1160cdb37cc803181756,1920x1080,1920,1080,2073600,13,6,timed,4,descending,4,pipeline,113,39,72,0,10,3,10,3,1,10,10,180,180,1,1,0,yes,yes,0.191143,0.069514,0.07122600000000001,1110441,5c6cb8bd9a758fecc539dc3acb8a3a6ba2b2b27b5fdd24cdebaaa0919a5a9881,0.191143,'{img2sixel}' --threads=13 --precision=8bit --quality=full --sampling-policy=full-frame --binning-policy=hard --quantize-model=kmeans:seed=1 --merge-policy=ward -Xoklab -Wgamma --diffusion=fs:scan=raster --gpu-policy=off --lookup-policy=6bit:shared_instance=1 -p 256 -w 1920 -h 1080 -v -J '{log}' -o '{output}' '{input}'
208fb43af9f504501b3f1160cdb37cc803181756,1920x1080,1920,1080,2073600,12,6,timed,4,descending,5,pipeline,113,36,78,0,9,3,9,3,1,9,9,180,180,1,1,0,yes,yes,0.196683,0.06950699999999999,0.075716,1107546,88a62cbd9a5a024d4859507db08763ffb3559debc3b978621161b62a724a613e,0.196683,'{img2sixel}' --threads=12 --precision=8bit --quality=full --sampling-policy=full-frame --binning-policy=hard --quantize-model=kmeans:seed=1 --merge-policy=ward -Xoklab -Wgamma --diffusion=fs:scan=raster --gpu-policy=off --lookup-policy=6bit:shared_instance=1 -p 256 -w 1920 -h 1080 -v -J '{log}' -o '{output}' '{input}'
208fb43af9f504501b3f1160cdb37cc803181756,1920x1080,1920,1080,2073600,11,6,timed,4,descending,6,pipeline,113,33,90,0,8,3,8,3,1,8,8,180,180,1,1,0,yes,yes,0.207574,0.069331,0.087136,1106783,6cab90aaee14d9032397ebe46bc5103ca33d7b7080cb7c28d1df03adc332b8d7,0.207574,'{img2sixel}' --threads=11 --precision=8bit --quality=full --sampling-policy=full-frame --binning-policy=hard --quantize-model=kmeans:seed=1 --merge-policy=ward -Xoklab -Wgamma --diffusion=fs:scan=raster --gpu-policy=off --lookup-policy=6bit:shared_instance=1 -p 256 -w 1920 -h 1080 -v -J '{log}' -o '{output}' '{input}'
208fb43af9f504501b3f1160cdb37cc803181756,1920x1080,1920,1080,2073600,10,6,timed,4,descending,7,pipeline,113,30,102,0,7,3,7,3,1,7,7,180,180,1,1,0,yes,yes,0.213361,0.070319,0.09719,1112011,e6899471b079cb9bd831d17515535daf8e5fcac8a8c80d6914af265f817c60d8,0.213361,'{img2sixel}' --threads=10 --precision=8bit --quality=full --sampling-policy=full-frame --binning-policy=hard --quantize-model=kmeans:seed=1 --merge-policy=ward -Xoklab -Wgamma --diffusion=fs:scan=raster --gpu-policy=off --lookup-policy=6bit:shared_instance=1 -p 256 -w 1920 -h 1080 -v -J '{log}' -o '{output}' '{input}'
208fb43af9f504501b3f1160cdb37cc803181756,1920x1080,1920,1080,2073600,9,6,timed,4,descending,8,pipeline,113,27,102,0,7,2,7,2,1,7,7,180,180,1,1,0,yes,yes,0.214283,0.06931400000000001,0.097945,1112011,e6899471b079cb9bd831d17515535daf8e5fcac8a8c80d6914af265f817c60d8,0.214283,'{img2sixel}' --threads=9 --precision=8bit --quality=full --sampling-policy=full-frame --binning-policy=hard --quantize-model=kmeans:seed=1 --merge-policy=ward -Xoklab -Wgamma --diffusion=fs:scan=raster --gpu-policy=off --lookup-policy=6bit:shared_instance=1 -p 256 -w 1920 -h 1080 -v -J '{log}' -o '{output}' '{input}'
208fb43af9f504501b3f1160cdb37cc803181756,1920x1080,1920,1080,2073600,8,6,timed,4,descending,9,pipeline,113,24,114,0,6,2,6,2,1,6,6,180,180,1,1,0,yes,yes,0.230506,0.069302,0.11144899999999999,1110266,9bfe778ebfad630c52817797049bbd64c93ec8afb743628f4b3cfc94da705d0f,0.230506,'{img2sixel}' --threads=8 --precision=8bit --quality=full --sampling-policy=full-frame --binning-policy=hard --quantize-model=kmeans:seed=1 --merge-policy=ward -Xoklab -Wgamma --diffusion=fs:scan=raster --gpu-policy=off --lookup-policy=6bit:shared_instance=1 -p 256 -w 1920 -h 1080 -v -J '{log}' -o '{output}' '{input}'
208fb43af9f504501b3f1160cdb37cc803181756,1920x1080,1920,1080,2073600,7,6,timed,4,descending,10,pipeline,113,21,138,0,5,2,5,2,1,5,5,180,180,1,1,0,yes,yes,0.252747,0.069187,0.13261799999999996,1112165,72ca254012a3e3e522ddd8c8a1ac9bdfc00d5af6cb5fb14101fb73d8b4ad558a,0.252747,'{img2sixel}' --threads=7 --precision=8bit --quality=full --sampling-policy=full-frame --binning-policy=hard --quantize-model=kmeans:seed=1 --merge-policy=ward -Xoklab -Wgamma --diffusion=fs:scan=raster --gpu-policy=off --lookup-policy=6bit:shared_instance=1 -p 256 -w 1920 -h 1080 -v -J '{log}' -o '{output}' '{input}'
208fb43af9f504501b3f1160cdb37cc803181756,1920x1080,1920,1080,2073600,6,6,timed,4,descending,11,pipeline,113,18,174,0,4,2,4,2,1,4,4,180,180,1,1,0,yes,yes,0.289209,0.06928200000000001,0.16583900000000001,1112687,f983921ff065e81bf243edcc24e56c0d506e943475ecf24c196e1a89db6f6891,0.289209,'{img2sixel}' --threads=6 --precision=8bit --quality=full --sampling-policy=full-frame --binning-policy=hard --quantize-model=kmeans:seed=1 --merge-policy=ward -Xoklab -Wgamma --diffusion=fs:scan=raster --gpu-policy=off --lookup-policy=6bit:shared_instance=1 -p 256 -w 1920 -h 1080 -v -J '{log}' -o '{output}' '{input}'
208fb43af9f504501b3f1160cdb37cc803181756,1920x1080,1920,1080,2073600,5,6,timed,4,descending,12,pipeline,113,15,228,0,3,2,3,2,1,3,3,180,180,1,1,0,yes,yes,0.35886700000000005,0.071053,0.22961900000000002,1110687,7f210772d0cea09d8936b3b53de6b570dc34fbccbbd14e178137bec614255a07,0.35886700000000005,'{img2sixel}' --threads=5 --precision=8bit --quality=full --sampling-policy=full-frame --binning-policy=hard --quantize-model=kmeans:seed=1 --merge-policy=ward -Xoklab -Wgamma --diffusion=fs:scan=raster --gpu-policy=off --lookup-policy=6bit:shared_instance=1 -p 256 -w 1920 -h 1080 -v -J '{log}' -o '{output}' '{input}'
208fb43af9f504501b3f1160cdb37cc803181756,1920x1080,1920,1080,2073600,4,6,timed,4,descending,13,pipeline,113,12,342,0,2,2,2,2,1,2,2,180,180,1,1,0,yes,yes,0.457884,0.06909199999999999,0.3238,1112109,2dfe38f3bf3164808afd092ab6330aae11349fbecfda4a21833c2c99fd7f24e2,0.457884,'{img2sixel}' --threads=4 --precision=8bit --quality=full --sampling-policy=full-frame --binning-policy=hard --quantize-model=kmeans:seed=1 --merge-policy=ward -Xoklab -Wgamma --diffusion=fs:scan=raster --gpu-policy=off --lookup-policy=6bit:shared_instance=1 -p 256 -w 1920 -h 1080 -v -J '{log}' -o '{output}' '{input}'
208fb43af9f504501b3f1160cdb37cc803181756,1920x1080,1920,1080,2073600,3,6,timed,4,descending,14,pipeline,113,9,678,0,1,2,0,2,1,0,0,180,180,1,1,0,yes,yes,0.768476,0.06892499999999999,0.624032,1114189,0dee79433e5fb73e188ea6579751b04036cca248fbb9e01b02391a85b7974486,0.768476,'{img2sixel}' --threads=3 --precision=8bit --quality=full --sampling-policy=full-frame --binning-policy=hard --quantize-model=kmeans:seed=1 --merge-policy=ward -Xoklab -Wgamma --diffusion=fs:scan=raster --gpu-policy=off --lookup-policy=6bit:shared_instance=1 -p 256 -w 1920 -h 1080 -v -J '{log}' -o '{output}' '{input}'
208fb43af9f504501b3f1160cdb37cc803181756,1920x1080,1920,1080,2073600,2,6,timed,4,descending,15,pipeline,113,6,678,0,1,1,0,2,1,0,0,180,180,1,1,0,no,no,0.7915610000000001,0.069336,0.6257780000000001,1114189,0dee79433e5fb73e188ea6579751b04036cca248fbb9e01b02391a85b7974486,0.7915610000000001,'{img2sixel}' --threads=2 --precision=8bit --quality=full --sampling-policy=full-frame --binning-policy=hard --quantize-model=kmeans:seed=1 --merge-policy=ward -Xoklab -Wgamma --diffusion=fs:scan=raster --gpu-policy=off --lookup-policy=6bit:shared_instance=1 -p 256 -w 1920 -h 1080 -v -J '{log}' -o '{output}' '{input}'
208fb43af9f504501b3f1160cdb37cc803181756,1920x1080,1920,1080,2073600,1,6,timed,4,descending,16,serial,0,0,0,0,0,0,0,0,0,0,0,0,0,0,0,0,no,no,0.857623,0.069112,0.631267,1114189,0dee79433e5fb73e188ea6579751b04036cca248fbb9e01b02391a85b7974486,0.857623,'{img2sixel}' --threads=1 --precision=8bit --quality=full --sampling-policy=full-frame --binning-policy=hard --quantize-model=kmeans:seed=1 --merge-policy=ward -Xoklab -Wgamma --diffusion=fs:scan=raster --gpu-policy=off --lookup-policy=6bit:shared_instance=1 -p 256 -w 1920 -h 1080 -v -J '{log}' -o '{output}' '{input}'
208fb43af9f504501b3f1160cdb37cc803181756,1920x1080,1920,1080,2073600,1,7,timed,5,ascending,1,serial,0,0,0,0,0,0,0,0,0,0,0,0,0,0,0,0,no,no,0.866659,0.069131,0.6396499999999999,1114189,0dee79433e5fb73e188ea6579751b04036cca248fbb9e01b02391a85b7974486,0.866659,'{img2sixel}' --threads=1 --precision=8bit --quality=full --sampling-policy=full-frame --binning-policy=hard --quantize-model=kmeans:seed=1 --merge-policy=ward -Xoklab -Wgamma --diffusion=fs:scan=raster --gpu-policy=off --lookup-policy=6bit:shared_instance=1 -p 256 -w 1920 -h 1080 -v -J '{log}' -o '{output}' '{input}'
208fb43af9f504501b3f1160cdb37cc803181756,1920x1080,1920,1080,2073600,2,7,timed,5,ascending,2,pipeline,113,6,678,0,1,1,0,2,1,0,0,180,180,1,1,0,no,no,0.790338,0.06901199999999999,0.6255489999999999,1114189,0dee79433e5fb73e188ea6579751b04036cca248fbb9e01b02391a85b7974486,0.790338,'{img2sixel}' --threads=2 --precision=8bit --quality=full --sampling-policy=full-frame --binning-policy=hard --quantize-model=kmeans:seed=1 --merge-policy=ward -Xoklab -Wgamma --diffusion=fs:scan=raster --gpu-policy=off --lookup-policy=6bit:shared_instance=1 -p 256 -w 1920 -h 1080 -v -J '{log}' -o '{output}' '{input}'
208fb43af9f504501b3f1160cdb37cc803181756,1920x1080,1920,1080,2073600,3,7,timed,5,ascending,3,pipeline,113,9,678,0,1,2,0,2,1,0,0,180,180,1,1,0,yes,yes,0.769169,0.06873400000000002,0.625059,1114189,0dee79433e5fb73e188ea6579751b04036cca248fbb9e01b02391a85b7974486,0.769169,'{img2sixel}' --threads=3 --precision=8bit --quality=full --sampling-policy=full-frame --binning-policy=hard --quantize-model=kmeans:seed=1 --merge-policy=ward -Xoklab -Wgamma --diffusion=fs:scan=raster --gpu-policy=off --lookup-policy=6bit:shared_instance=1 -p 256 -w 1920 -h 1080 -v -J '{log}' -o '{output}' '{input}'
208fb43af9f504501b3f1160cdb37cc803181756,1920x1080,1920,1080,2073600,4,7,timed,5,ascending,4,pipeline,113,12,342,0,2,2,2,2,1,2,2,180,180,1,1,0,yes,yes,0.469101,0.06907599999999998,0.33521199999999995,1112109,2dfe38f3bf3164808afd092ab6330aae11349fbecfda4a21833c2c99fd7f24e2,0.469101,'{img2sixel}' --threads=4 --precision=8bit --quality=full --sampling-policy=full-frame --binning-policy=hard --quantize-model=kmeans:seed=1 --merge-policy=ward -Xoklab -Wgamma --diffusion=fs:scan=raster --gpu-policy=off --lookup-policy=6bit:shared_instance=1 -p 256 -w 1920 -h 1080 -v -J '{log}' -o '{output}' '{input}'
208fb43af9f504501b3f1160cdb37cc803181756,1920x1080,1920,1080,2073600,5,7,timed,5,ascending,5,pipeline,113,15,228,0,3,2,3,2,1,3,3,180,180,1,1,0,yes,yes,0.34621500000000005,0.069251,0.21876100000000004,1110687,7f210772d0cea09d8936b3b53de6b570dc34fbccbbd14e178137bec614255a07,0.34621500000000005,'{img2sixel}' --threads=5 --precision=8bit --quality=full --sampling-policy=full-frame --binning-policy=hard --quantize-model=kmeans:seed=1 --merge-policy=ward -Xoklab -Wgamma --diffusion=fs:scan=raster --gpu-policy=off --lookup-policy=6bit:shared_instance=1 -p 256 -w 1920 -h 1080 -v -J '{log}' -o '{output}' '{input}'
208fb43af9f504501b3f1160cdb37cc803181756,1920x1080,1920,1080,2073600,6,7,timed,5,ascending,6,pipeline,113,18,174,0,4,2,4,2,1,4,4,180,180,1,1,0,yes,yes,0.288472,0.069041,0.16390899999999997,1112687,f983921ff065e81bf243edcc24e56c0d506e943475ecf24c196e1a89db6f6891,0.288472,'{img2sixel}' --threads=6 --precision=8bit --quality=full --sampling-policy=full-frame --binning-policy=hard --quantize-model=kmeans:seed=1 --merge-policy=ward -Xoklab -Wgamma --diffusion=fs:scan=raster --gpu-policy=off --lookup-policy=6bit:shared_instance=1 -p 256 -w 1920 -h 1080 -v -J '{log}' -o '{output}' '{input}'
208fb43af9f504501b3f1160cdb37cc803181756,1920x1080,1920,1080,2073600,7,7,timed,5,ascending,7,pipeline,113,21,138,0,5,2,5,2,1,5,5,180,180,1,1,0,yes,yes,0.252865,0.069161,0.132633,1112165,72ca254012a3e3e522ddd8c8a1ac9bdfc00d5af6cb5fb14101fb73d8b4ad558a,0.252865,'{img2sixel}' --threads=7 --precision=8bit --quality=full --sampling-policy=full-frame --binning-policy=hard --quantize-model=kmeans:seed=1 --merge-policy=ward -Xoklab -Wgamma --diffusion=fs:scan=raster --gpu-policy=off --lookup-policy=6bit:shared_instance=1 -p 256 -w 1920 -h 1080 -v -J '{log}' -o '{output}' '{input}'
208fb43af9f504501b3f1160cdb37cc803181756,1920x1080,1920,1080,2073600,8,7,timed,5,ascending,8,pipeline,113,24,114,0,6,2,6,2,1,6,6,180,180,1,1,0,yes,yes,0.231886,0.069048,0.11483700000000001,1110266,9bfe778ebfad630c52817797049bbd64c93ec8afb743628f4b3cfc94da705d0f,0.231886,'{img2sixel}' --threads=8 --precision=8bit --quality=full --sampling-policy=full-frame --binning-policy=hard --quantize-model=kmeans:seed=1 --merge-policy=ward -Xoklab -Wgamma --diffusion=fs:scan=raster --gpu-policy=off --lookup-policy=6bit:shared_instance=1 -p 256 -w 1920 -h 1080 -v -J '{log}' -o '{output}' '{input}'
208fb43af9f504501b3f1160cdb37cc803181756,1920x1080,1920,1080,2073600,9,7,timed,5,ascending,9,pipeline,113,27,102,0,7,2,7,2,1,7,7,180,180,1,1,0,yes,yes,0.214623,0.069021,0.09883800000000001,1112011,e6899471b079cb9bd831d17515535daf8e5fcac8a8c80d6914af265f817c60d8,0.214623,'{img2sixel}' --threads=9 --precision=8bit --quality=full --sampling-policy=full-frame --binning-policy=hard --quantize-model=kmeans:seed=1 --merge-policy=ward -Xoklab -Wgamma --diffusion=fs:scan=raster --gpu-policy=off --lookup-policy=6bit:shared_instance=1 -p 256 -w 1920 -h 1080 -v -J '{log}' -o '{output}' '{input}'
208fb43af9f504501b3f1160cdb37cc803181756,1920x1080,1920,1080,2073600,10,7,timed,5,ascending,10,pipeline,113,30,102,0,7,3,7,3,1,7,7,180,180,1,1,0,yes,yes,0.216866,0.068991,0.101233,1112011,e6899471b079cb9bd831d17515535daf8e5fcac8a8c80d6914af265f817c60d8,0.216866,'{img2sixel}' --threads=10 --precision=8bit --quality=full --sampling-policy=full-frame --binning-policy=hard --quantize-model=kmeans:seed=1 --merge-policy=ward -Xoklab -Wgamma --diffusion=fs:scan=raster --gpu-policy=off --lookup-policy=6bit:shared_instance=1 -p 256 -w 1920 -h 1080 -v -J '{log}' -o '{output}' '{input}'
208fb43af9f504501b3f1160cdb37cc803181756,1920x1080,1920,1080,2073600,11,7,timed,5,ascending,11,pipeline,113,33,90,0,8,3,8,3,1,8,8,180,180,1,1,0,yes,yes,0.20713299999999998,0.068935,0.088026,1106783,6cab90aaee14d9032397ebe46bc5103ca33d7b7080cb7c28d1df03adc332b8d7,0.20713299999999998,'{img2sixel}' --threads=11 --precision=8bit --quality=full --sampling-policy=full-frame --binning-policy=hard --quantize-model=kmeans:seed=1 --merge-policy=ward -Xoklab -Wgamma --diffusion=fs:scan=raster --gpu-policy=off --lookup-policy=6bit:shared_instance=1 -p 256 -w 1920 -h 1080 -v -J '{log}' -o '{output}' '{input}'
208fb43af9f504501b3f1160cdb37cc803181756,1920x1080,1920,1080,2073600,12,7,timed,5,ascending,12,pipeline,113,36,78,0,9,3,9,3,1,9,9,180,180,1,1,0,yes,yes,0.196637,0.06978899999999999,0.07628000000000001,1107546,88a62cbd9a5a024d4859507db08763ffb3559debc3b978621161b62a724a613e,0.196637,'{img2sixel}' --threads=12 --precision=8bit --quality=full --sampling-policy=full-frame --binning-policy=hard --quantize-model=kmeans:seed=1 --merge-policy=ward -Xoklab -Wgamma --diffusion=fs:scan=raster --gpu-policy=off --lookup-policy=6bit:shared_instance=1 -p 256 -w 1920 -h 1080 -v -J '{log}' -o '{output}' '{input}'
208fb43af9f504501b3f1160cdb37cc803181756,1920x1080,1920,1080,2073600,13,7,timed,5,ascending,13,pipeline,113,39,72,0,10,3,10,3,1,10,10,180,180,1,1,0,yes,yes,0.189529,0.068992,0.07197600000000001,1110441,5c6cb8bd9a758fecc539dc3acb8a3a6ba2b2b27b5fdd24cdebaaa0919a5a9881,0.189529,'{img2sixel}' --threads=13 --precision=8bit --quality=full --sampling-policy=full-frame --binning-policy=hard --quantize-model=kmeans:seed=1 --merge-policy=ward -Xoklab -Wgamma --diffusion=fs:scan=raster --gpu-policy=off --lookup-policy=6bit:shared_instance=1 -p 256 -w 1920 -h 1080 -v -J '{log}' -o '{output}' '{input}'
208fb43af9f504501b3f1160cdb37cc803181756,1920x1080,1920,1080,2073600,14,7,timed,5,ascending,14,pipeline,113,42,72,0,10,4,10,4,1,10,10,180,180,1,1,0,yes,yes,0.185684,0.068996,0.069322,1110441,5c6cb8bd9a758fecc539dc3acb8a3a6ba2b2b27b5fdd24cdebaaa0919a5a9881,0.185684,'{img2sixel}' --threads=14 --precision=8bit --quality=full --sampling-policy=full-frame --binning-policy=hard --quantize-model=kmeans:seed=1 --merge-policy=ward -Xoklab -Wgamma --diffusion=fs:scan=raster --gpu-policy=off --lookup-policy=6bit:shared_instance=1 -p 256 -w 1920 -h 1080 -v -J '{log}' -o '{output}' '{input}'
208fb43af9f504501b3f1160cdb37cc803181756,1920x1080,1920,1080,2073600,15,7,timed,5,ascending,15,pipeline,113,45,66,0,11,4,11,4,1,11,11,180,180,1,1,0,yes,yes,0.187676,0.06991599999999999,0.06886700000000001,1109581,4aae527e86ba442f8de8813cd9b23bea87656927f4ee0a232b05caec50f546d0,0.187676,'{img2sixel}' --threads=15 --precision=8bit --quality=full --sampling-policy=full-frame --binning-policy=hard --quantize-model=kmeans:seed=1 --merge-policy=ward -Xoklab -Wgamma --diffusion=fs:scan=raster --gpu-policy=off --lookup-policy=6bit:shared_instance=1 -p 256 -w 1920 -h 1080 -v -J '{log}' -o '{output}' '{input}'
208fb43af9f504501b3f1160cdb37cc803181756,1920x1080,1920,1080,2073600,16,7,timed,5,ascending,16,pipeline,113,48,60,0,12,4,12,4,1,12,12,180,180,1,1,0,yes,yes,0.185488,0.06923800000000001,0.06764799999999999,1109809,895b29fa9417beb77a66350ca9d1c646da69650b30ccce01be86acdd497dd934,0.185488,'{img2sixel}' --threads=16 --precision=8bit --quality=full --sampling-policy=full-frame --binning-policy=hard --quantize-model=kmeans:seed=1 --merge-policy=ward -Xoklab -Wgamma --diffusion=fs:scan=raster --gpu-policy=off --lookup-policy=6bit:shared_instance=1 -p 256 -w 1920 -h 1080 -v -J '{log}' -o '{output}' '{input}'
208fb43af9f504501b3f1160cdb37cc803181756,1920x1080,1920,1080,2073600,16,8,timed,6,descending,1,pipeline,113,48,60,0,12,4,12,4,1,12,12,180,180,1,1,0,yes,yes,0.185285,0.069942,0.06586600000000001,1109809,895b29fa9417beb77a66350ca9d1c646da69650b30ccce01be86acdd497dd934,0.185285,'{img2sixel}' --threads=16 --precision=8bit --quality=full --sampling-policy=full-frame --binning-policy=hard --quantize-model=kmeans:seed=1 --merge-policy=ward -Xoklab -Wgamma --diffusion=fs:scan=raster --gpu-policy=off --lookup-policy=6bit:shared_instance=1 -p 256 -w 1920 -h 1080 -v -J '{log}' -o '{output}' '{input}'
208fb43af9f504501b3f1160cdb37cc803181756,1920x1080,1920,1080,2073600,15,8,timed,6,descending,2,pipeline,113,45,66,0,11,4,11,4,1,11,11,180,180,1,1,0,yes,yes,0.18701399999999999,0.069899,0.06882799999999999,1109581,4aae527e86ba442f8de8813cd9b23bea87656927f4ee0a232b05caec50f546d0,0.18701399999999999,'{img2sixel}' --threads=15 --precision=8bit --quality=full --sampling-policy=full-frame --binning-policy=hard --quantize-model=kmeans:seed=1 --merge-policy=ward -Xoklab -Wgamma --diffusion=fs:scan=raster --gpu-policy=off --lookup-policy=6bit:shared_instance=1 -p 256 -w 1920 -h 1080 -v -J '{log}' -o '{output}' '{input}'
208fb43af9f504501b3f1160cdb37cc803181756,1920x1080,1920,1080,2073600,14,8,timed,6,descending,3,pipeline,113,42,72,0,10,4,10,4,1,10,10,180,180,1,1,0,yes,yes,0.188008,0.06891900000000001,0.070248,1110441,5c6cb8bd9a758fecc539dc3acb8a3a6ba2b2b27b5fdd24cdebaaa0919a5a9881,0.188008,'{img2sixel}' --threads=14 --precision=8bit --quality=full --sampling-policy=full-frame --binning-policy=hard --quantize-model=kmeans:seed=1 --merge-policy=ward -Xoklab -Wgamma --diffusion=fs:scan=raster --gpu-policy=off --lookup-policy=6bit:shared_instance=1 -p 256 -w 1920 -h 1080 -v -J '{log}' -o '{output}' '{input}'
208fb43af9f504501b3f1160cdb37cc803181756,1920x1080,1920,1080,2073600,13,8,timed,6,descending,4,pipeline,113,39,72,0,10,3,10,3,1,10,10,180,180,1,1,0,yes,yes,0.187939,0.068991,0.069283,1110441,5c6cb8bd9a758fecc539dc3acb8a3a6ba2b2b27b5fdd24cdebaaa0919a5a9881,0.187939,'{img2sixel}' --threads=13 --precision=8bit --quality=full --sampling-policy=full-frame --binning-policy=hard --quantize-model=kmeans:seed=1 --merge-policy=ward -Xoklab -Wgamma --diffusion=fs:scan=raster --gpu-policy=off --lookup-policy=6bit:shared_instance=1 -p 256 -w 1920 -h 1080 -v -J '{log}' -o '{output}' '{input}'
208fb43af9f504501b3f1160cdb37cc803181756,1920x1080,1920,1080,2073600,12,8,timed,6,descending,5,pipeline,113,36,78,0,9,3,9,3,1,9,9,180,180,1,1,0,yes,yes,0.197375,0.069111,0.077773,1107546,88a62cbd9a5a024d4859507db08763ffb3559debc3b978621161b62a724a613e,0.197375,'{img2sixel}' --threads=12 --precision=8bit --quality=full --sampling-policy=full-frame --binning-policy=hard --quantize-model=kmeans:seed=1 --merge-policy=ward -Xoklab -Wgamma --diffusion=fs:scan=raster --gpu-policy=off --lookup-policy=6bit:shared_instance=1 -p 256 -w 1920 -h 1080 -v -J '{log}' -o '{output}' '{input}'
208fb43af9f504501b3f1160cdb37cc803181756,1920x1080,1920,1080,2073600,11,8,timed,6,descending,6,pipeline,113,33,90,0,8,3,8,3,1,8,8,180,180,1,1,0,yes,yes,0.20701,0.068998,0.087157,1106783,6cab90aaee14d9032397ebe46bc5103ca33d7b7080cb7c28d1df03adc332b8d7,0.20701,'{img2sixel}' --threads=11 --precision=8bit --quality=full --sampling-policy=full-frame --binning-policy=hard --quantize-model=kmeans:seed=1 --merge-policy=ward -Xoklab -Wgamma --diffusion=fs:scan=raster --gpu-policy=off --lookup-policy=6bit:shared_instance=1 -p 256 -w 1920 -h 1080 -v -J '{log}' -o '{output}' '{input}'
208fb43af9f504501b3f1160cdb37cc803181756,1920x1080,1920,1080,2073600,10,8,timed,6,descending,7,pipeline,113,30,102,0,7,3,7,3,1,7,7,180,180,1,1,0,yes,yes,0.215587,0.069236,0.10054600000000001,1112011,e6899471b079cb9bd831d17515535daf8e5fcac8a8c80d6914af265f817c60d8,0.215587,'{img2sixel}' --threads=10 --precision=8bit --quality=full --sampling-policy=full-frame --binning-policy=hard --quantize-model=kmeans:seed=1 --merge-policy=ward -Xoklab -Wgamma --diffusion=fs:scan=raster --gpu-policy=off --lookup-policy=6bit:shared_instance=1 -p 256 -w 1920 -h 1080 -v -J '{log}' -o '{output}' '{input}'
208fb43af9f504501b3f1160cdb37cc803181756,1920x1080,1920,1080,2073600,9,8,timed,6,descending,8,pipeline,113,27,102,0,7,2,7,2,1,7,7,180,180,1,1,0,yes,yes,0.21526599999999999,0.07046999999999999,0.098103,1112011,e6899471b079cb9bd831d17515535daf8e5fcac8a8c80d6914af265f817c60d8,0.21526599999999999,'{img2sixel}' --threads=9 --precision=8bit --quality=full --sampling-policy=full-frame --binning-policy=hard --quantize-model=kmeans:seed=1 --merge-policy=ward -Xoklab -Wgamma --diffusion=fs:scan=raster --gpu-policy=off --lookup-policy=6bit:shared_instance=1 -p 256 -w 1920 -h 1080 -v -J '{log}' -o '{output}' '{input}'
208fb43af9f504501b3f1160cdb37cc803181756,1920x1080,1920,1080,2073600,8,8,timed,6,descending,9,pipeline,113,24,114,0,6,2,6,2,1,6,6,180,180,1,1,0,yes,yes,0.230911,0.069469,0.11217700000000001,1110266,9bfe778ebfad630c52817797049bbd64c93ec8afb743628f4b3cfc94da705d0f,0.230911,'{img2sixel}' --threads=8 --precision=8bit --quality=full --sampling-policy=full-frame --binning-policy=hard --quantize-model=kmeans:seed=1 --merge-policy=ward -Xoklab -Wgamma --diffusion=fs:scan=raster --gpu-policy=off --lookup-policy=6bit:shared_instance=1 -p 256 -w 1920 -h 1080 -v -J '{log}' -o '{output}' '{input}'
208fb43af9f504501b3f1160cdb37cc803181756,1920x1080,1920,1080,2073600,7,8,timed,6,descending,10,pipeline,113,21,138,0,5,2,5,2,1,5,5,180,180,1,1,0,yes,yes,0.254259,0.069133,0.134061,1112165,72ca254012a3e3e522ddd8c8a1ac9bdfc00d5af6cb5fb14101fb73d8b4ad558a,0.254259,'{img2sixel}' --threads=7 --precision=8bit --quality=full --sampling-policy=full-frame --binning-policy=hard --quantize-model=kmeans:seed=1 --merge-policy=ward -Xoklab -Wgamma --diffusion=fs:scan=raster --gpu-policy=off --lookup-policy=6bit:shared_instance=1 -p 256 -w 1920 -h 1080 -v -J '{log}' -o '{output}' '{input}'
208fb43af9f504501b3f1160cdb37cc803181756,1920x1080,1920,1080,2073600,6,8,timed,6,descending,11,pipeline,113,18,174,0,4,2,4,2,1,4,4,180,180,1,1,0,yes,yes,0.289664,0.069049,0.16657799999999998,1112687,f983921ff065e81bf243edcc24e56c0d506e943475ecf24c196e1a89db6f6891,0.289664,'{img2sixel}' --threads=6 --precision=8bit --quality=full --sampling-policy=full-frame --binning-policy=hard --quantize-model=kmeans:seed=1 --merge-policy=ward -Xoklab -Wgamma --diffusion=fs:scan=raster --gpu-policy=off --lookup-policy=6bit:shared_instance=1 -p 256 -w 1920 -h 1080 -v -J '{log}' -o '{output}' '{input}'
208fb43af9f504501b3f1160cdb37cc803181756,1920x1080,1920,1080,2073600,5,8,timed,6,descending,12,pipeline,113,15,228,0,3,2,3,2,1,3,3,180,180,1,1,0,yes,yes,0.35012800000000005,0.069155,0.221039,1110687,7f210772d0cea09d8936b3b53de6b570dc34fbccbbd14e178137bec614255a07,0.35012800000000005,'{img2sixel}' --threads=5 --precision=8bit --quality=full --sampling-policy=full-frame --binning-policy=hard --quantize-model=kmeans:seed=1 --merge-policy=ward -Xoklab -Wgamma --diffusion=fs:scan=raster --gpu-policy=off --lookup-policy=6bit:shared_instance=1 -p 256 -w 1920 -h 1080 -v -J '{log}' -o '{output}' '{input}'
208fb43af9f504501b3f1160cdb37cc803181756,1920x1080,1920,1080,2073600,4,8,timed,6,descending,13,pipeline,113,12,342,0,2,2,2,2,1,2,2,180,180,1,1,0,yes,yes,0.45489999999999997,0.069551,0.321082,1112109,2dfe38f3bf3164808afd092ab6330aae11349fbecfda4a21833c2c99fd7f24e2,0.45489999999999997,'{img2sixel}' --threads=4 --precision=8bit --quality=full --sampling-policy=full-frame --binning-policy=hard --quantize-model=kmeans:seed=1 --merge-policy=ward -Xoklab -Wgamma --diffusion=fs:scan=raster --gpu-policy=off --lookup-policy=6bit:shared_instance=1 -p 256 -w 1920 -h 1080 -v -J '{log}' -o '{output}' '{input}'
208fb43af9f504501b3f1160cdb37cc803181756,1920x1080,1920,1080,2073600,3,8,timed,6,descending,14,pipeline,113,9,678,0,1,2,0,2,1,0,0,180,180,1,1,0,yes,yes,0.773185,0.06881899999999999,0.628381,1114189,0dee79433e5fb73e188ea6579751b04036cca248fbb9e01b02391a85b7974486,0.773185,'{img2sixel}' --threads=3 --precision=8bit --quality=full --sampling-policy=full-frame --binning-policy=hard --quantize-model=kmeans:seed=1 --merge-policy=ward -Xoklab -Wgamma --diffusion=fs:scan=raster --gpu-policy=off --lookup-policy=6bit:shared_instance=1 -p 256 -w 1920 -h 1080 -v -J '{log}' -o '{output}' '{input}'
208fb43af9f504501b3f1160cdb37cc803181756,1920x1080,1920,1080,2073600,2,8,timed,6,descending,15,pipeline,113,6,678,0,1,1,0,2,1,0,0,180,180,1,1,0,no,no,0.79212,0.06882300000000001,0.626812,1114189,0dee79433e5fb73e188ea6579751b04036cca248fbb9e01b02391a85b7974486,0.79212,'{img2sixel}' --threads=2 --precision=8bit --quality=full --sampling-policy=full-frame --binning-policy=hard --quantize-model=kmeans:seed=1 --merge-policy=ward -Xoklab -Wgamma --diffusion=fs:scan=raster --gpu-policy=off --lookup-policy=6bit:shared_instance=1 -p 256 -w 1920 -h 1080 -v -J '{log}' -o '{output}' '{input}'
208fb43af9f504501b3f1160cdb37cc803181756,1920x1080,1920,1080,2073600,1,8,timed,6,descending,16,serial,0,0,0,0,0,0,0,0,0,0,0,0,0,0,0,0,no,no,0.859886,0.06903299999999998,0.6332690000000001,1114189,0dee79433e5fb73e188ea6579751b04036cca248fbb9e01b02391a85b7974486,0.859886,'{img2sixel}' --threads=1 --precision=8bit --quality=full --sampling-policy=full-frame --binning-policy=hard --quantize-model=kmeans:seed=1 --merge-policy=ward -Xoklab -Wgamma --diffusion=fs:scan=raster --gpu-policy=off --lookup-policy=6bit:shared_instance=1 -p 256 -w 1920 -h 1080 -v -J '{log}' -o '{output}' '{input}'
208fb43af9f504501b3f1160cdb37cc803181756,1920x1080,1920,1080,2073600,1,9,timed,7,ascending,1,serial,0,0,0,0,0,0,0,0,0,0,0,0,0,0,0,0,no,no,0.8608140000000001,0.06918100000000002,0.633349,1114189,0dee79433e5fb73e188ea6579751b04036cca248fbb9e01b02391a85b7974486,0.8608140000000001,'{img2sixel}' --threads=1 --precision=8bit --quality=full --sampling-policy=full-frame --binning-policy=hard --quantize-model=kmeans:seed=1 --merge-policy=ward -Xoklab -Wgamma --diffusion=fs:scan=raster --gpu-policy=off --lookup-policy=6bit:shared_instance=1 -p 256 -w 1920 -h 1080 -v -J '{log}' -o '{output}' '{input}'
208fb43af9f504501b3f1160cdb37cc803181756,1920x1080,1920,1080,2073600,2,9,timed,7,ascending,2,pipeline,113,6,678,0,1,1,0,2,1,0,0,180,180,1,1,0,no,no,0.7955720000000001,0.069926,0.629525,1114189,0dee79433e5fb73e188ea6579751b04036cca248fbb9e01b02391a85b7974486,0.7955720000000001,'{img2sixel}' --threads=2 --precision=8bit --quality=full --sampling-policy=full-frame --binning-policy=hard --quantize-model=kmeans:seed=1 --merge-policy=ward -Xoklab -Wgamma --diffusion=fs:scan=raster --gpu-policy=off --lookup-policy=6bit:shared_instance=1 -p 256 -w 1920 -h 1080 -v -J '{log}' -o '{output}' '{input}'
208fb43af9f504501b3f1160cdb37cc803181756,1920x1080,1920,1080,2073600,3,9,timed,7,ascending,3,pipeline,113,9,678,0,1,2,0,2,1,0,0,180,180,1,1,0,yes,yes,0.76942,0.069058,0.624498,1114189,0dee79433e5fb73e188ea6579751b04036cca248fbb9e01b02391a85b7974486,0.76942,'{img2sixel}' --threads=3 --precision=8bit --quality=full --sampling-policy=full-frame --binning-policy=hard --quantize-model=kmeans:seed=1 --merge-policy=ward -Xoklab -Wgamma --diffusion=fs:scan=raster --gpu-policy=off --lookup-policy=6bit:shared_instance=1 -p 256 -w 1920 -h 1080 -v -J '{log}' -o '{output}' '{input}'
208fb43af9f504501b3f1160cdb37cc803181756,1920x1080,1920,1080,2073600,4,9,timed,7,ascending,4,pipeline,113,12,342,0,2,2,2,2,1,2,2,180,180,1,1,0,yes,yes,0.45526500000000003,0.069274,0.321445,1112109,2dfe38f3bf3164808afd092ab6330aae11349fbecfda4a21833c2c99fd7f24e2,0.45526500000000003,'{img2sixel}' --threads=4 --precision=8bit --quality=full --sampling-policy=full-frame --binning-policy=hard --quantize-model=kmeans:seed=1 --merge-policy=ward -Xoklab -Wgamma --diffusion=fs:scan=raster --gpu-policy=off --lookup-policy=6bit:shared_instance=1 -p 256 -w 1920 -h 1080 -v -J '{log}' -o '{output}' '{input}'
208fb43af9f504501b3f1160cdb37cc803181756,1920x1080,1920,1080,2073600,5,9,timed,7,ascending,5,pipeline,113,15,228,0,3,2,3,2,1,3,3,180,180,1,1,0,yes,yes,0.346569,0.069104,0.219055,1110687,7f210772d0cea09d8936b3b53de6b570dc34fbccbbd14e178137bec614255a07,0.346569,'{img2sixel}' --threads=5 --precision=8bit --quality=full --sampling-policy=full-frame --binning-policy=hard --quantize-model=kmeans:seed=1 --merge-policy=ward -Xoklab -Wgamma --diffusion=fs:scan=raster --gpu-policy=off --lookup-policy=6bit:shared_instance=1 -p 256 -w 1920 -h 1080 -v -J '{log}' -o '{output}' '{input}'
208fb43af9f504501b3f1160cdb37cc803181756,1920x1080,1920,1080,2073600,6,9,timed,7,ascending,6,pipeline,113,18,174,0,4,2,4,2,1,4,4,180,180,1,1,0,yes,yes,0.289145,0.068921,0.16513099999999997,1112687,f983921ff065e81bf243edcc24e56c0d506e943475ecf24c196e1a89db6f6891,0.289145,'{img2sixel}' --threads=6 --precision=8bit --quality=full --sampling-policy=full-frame --binning-policy=hard --quantize-model=kmeans:seed=1 --merge-policy=ward -Xoklab -Wgamma --diffusion=fs:scan=raster --gpu-policy=off --lookup-policy=6bit:shared_instance=1 -p 256 -w 1920 -h 1080 -v -J '{log}' -o '{output}' '{input}'
208fb43af9f504501b3f1160cdb37cc803181756,1920x1080,1920,1080,2073600,7,9,timed,7,ascending,7,pipeline,113,21,138,0,5,2,5,2,1,5,5,180,180,1,1,0,yes,yes,0.251879,0.06945899999999999,0.131875,1112165,72ca254012a3e3e522ddd8c8a1ac9bdfc00d5af6cb5fb14101fb73d8b4ad558a,0.251879,'{img2sixel}' --threads=7 --precision=8bit --quality=full --sampling-policy=full-frame --binning-policy=hard --quantize-model=kmeans:seed=1 --merge-policy=ward -Xoklab -Wgamma --diffusion=fs:scan=raster --gpu-policy=off --lookup-policy=6bit:shared_instance=1 -p 256 -w 1920 -h 1080 -v -J '{log}' -o '{output}' '{input}'
208fb43af9f504501b3f1160cdb37cc803181756,1920x1080,1920,1080,2073600,8,9,timed,7,ascending,8,pipeline,113,24,114,0,6,2,6,2,1,6,6,180,180,1,1,0,yes,yes,0.23127,0.069447,0.11256000000000001,1110266,9bfe778ebfad630c52817797049bbd64c93ec8afb743628f4b3cfc94da705d0f,0.23127,'{img2sixel}' --threads=8 --precision=8bit --quality=full --sampling-policy=full-frame --binning-policy=hard --quantize-model=kmeans:seed=1 --merge-policy=ward -Xoklab -Wgamma --diffusion=fs:scan=raster --gpu-policy=off --lookup-policy=6bit:shared_instance=1 -p 256 -w 1920 -h 1080 -v -J '{log}' -o '{output}' '{input}'
208fb43af9f504501b3f1160cdb37cc803181756,1920x1080,1920,1080,2073600,9,9,timed,7,ascending,9,pipeline,113,27,102,0,7,2,7,2,1,7,7,180,180,1,1,0,yes,yes,0.213929,0.069395,0.09706300000000001,1112011,e6899471b079cb9bd831d17515535daf8e5fcac8a8c80d6914af265f817c60d8,0.213929,'{img2sixel}' --threads=9 --precision=8bit --quality=full --sampling-policy=full-frame --binning-policy=hard --quantize-model=kmeans:seed=1 --merge-policy=ward -Xoklab -Wgamma --diffusion=fs:scan=raster --gpu-policy=off --lookup-policy=6bit:shared_instance=1 -p 256 -w 1920 -h 1080 -v -J '{log}' -o '{output}' '{input}'
208fb43af9f504501b3f1160cdb37cc803181756,1920x1080,1920,1080,2073600,10,9,timed,7,ascending,10,pipeline,113,30,102,0,7,3,7,3,1,7,7,180,180,1,1,0,yes,yes,0.213118,0.069536,0.09792000000000001,1112011,e6899471b079cb9bd831d17515535daf8e5fcac8a8c80d6914af265f817c60d8,0.213118,'{img2sixel}' --threads=10 --precision=8bit --quality=full --sampling-policy=full-frame --binning-policy=hard --quantize-model=kmeans:seed=1 --merge-policy=ward -Xoklab -Wgamma --diffusion=fs:scan=raster --gpu-policy=off --lookup-policy=6bit:shared_instance=1 -p 256 -w 1920 -h 1080 -v -J '{log}' -o '{output}' '{input}'
208fb43af9f504501b3f1160cdb37cc803181756,1920x1080,1920,1080,2073600,11,9,timed,7,ascending,11,pipeline,113,33,90,0,8,3,8,3,1,8,8,180,180,1,1,0,yes,yes,0.207794,0.06920899999999999,0.08782100000000001,1106783,6cab90aaee14d9032397ebe46bc5103ca33d7b7080cb7c28d1df03adc332b8d7,0.207794,'{img2sixel}' --threads=11 --precision=8bit --quality=full --sampling-policy=full-frame --binning-policy=hard --quantize-model=kmeans:seed=1 --merge-policy=ward -Xoklab -Wgamma --diffusion=fs:scan=raster --gpu-policy=off --lookup-policy=6bit:shared_instance=1 -p 256 -w 1920 -h 1080 -v -J '{log}' -o '{output}' '{input}'
208fb43af9f504501b3f1160cdb37cc803181756,1920x1080,1920,1080,2073600,12,9,timed,7,ascending,12,pipeline,113,36,78,0,9,3,9,3,1,9,9,180,180,1,1,0,yes,yes,0.194536,0.06928700000000002,0.076038,1107546,88a62cbd9a5a024d4859507db08763ffb3559debc3b978621161b62a724a613e,0.194536,'{img2sixel}' --threads=12 --precision=8bit --quality=full --sampling-policy=full-frame --binning-policy=hard --quantize-model=kmeans:seed=1 --merge-policy=ward -Xoklab -Wgamma --diffusion=fs:scan=raster --gpu-policy=off --lookup-policy=6bit:shared_instance=1 -p 256 -w 1920 -h 1080 -v -J '{log}' -o '{output}' '{input}'
208fb43af9f504501b3f1160cdb37cc803181756,1920x1080,1920,1080,2073600,13,9,timed,7,ascending,13,pipeline,113,39,72,0,10,3,10,3,1,10,10,180,180,1,1,0,yes,yes,0.190242,0.069498,0.06995799999999999,1110441,5c6cb8bd9a758fecc539dc3acb8a3a6ba2b2b27b5fdd24cdebaaa0919a5a9881,0.190242,'{img2sixel}' --threads=13 --precision=8bit --quality=full --sampling-policy=full-frame --binning-policy=hard --quantize-model=kmeans:seed=1 --merge-policy=ward -Xoklab -Wgamma --diffusion=fs:scan=raster --gpu-policy=off --lookup-policy=6bit:shared_instance=1 -p 256 -w 1920 -h 1080 -v -J '{log}' -o '{output}' '{input}'
208fb43af9f504501b3f1160cdb37cc803181756,1920x1080,1920,1080,2073600,14,9,timed,7,ascending,14,pipeline,113,42,72,0,10,4,10,4,1,10,10,180,180,1,1,0,yes,yes,0.188544,0.069465,0.070682,1110441,5c6cb8bd9a758fecc539dc3acb8a3a6ba2b2b27b5fdd24cdebaaa0919a5a9881,0.188544,'{img2sixel}' --threads=14 --precision=8bit --quality=full --sampling-policy=full-frame --binning-policy=hard --quantize-model=kmeans:seed=1 --merge-policy=ward -Xoklab -Wgamma --diffusion=fs:scan=raster --gpu-policy=off --lookup-policy=6bit:shared_instance=1 -p 256 -w 1920 -h 1080 -v -J '{log}' -o '{output}' '{input}'
208fb43af9f504501b3f1160cdb37cc803181756,1920x1080,1920,1080,2073600,15,9,timed,7,ascending,15,pipeline,113,45,66,0,11,4,11,4,1,11,11,180,180,1,1,0,yes,yes,0.18834599999999999,0.06956399999999999,0.069932,1109581,4aae527e86ba442f8de8813cd9b23bea87656927f4ee0a232b05caec50f546d0,0.18834599999999999,'{img2sixel}' --threads=15 --precision=8bit --quality=full --sampling-policy=full-frame --binning-policy=hard --quantize-model=kmeans:seed=1 --merge-policy=ward -Xoklab -Wgamma --diffusion=fs:scan=raster --gpu-policy=off --lookup-policy=6bit:shared_instance=1 -p 256 -w 1920 -h 1080 -v -J '{log}' -o '{output}' '{input}'
208fb43af9f504501b3f1160cdb37cc803181756,1920x1080,1920,1080,2073600,16,9,timed,7,ascending,16,pipeline,113,48,60,0,12,4,12,4,1,12,12,180,180,1,1,0,yes,yes,0.187432,0.06922,0.06862299999999999,1109809,895b29fa9417beb77a66350ca9d1c646da69650b30ccce01be86acdd497dd934,0.187432,'{img2sixel}' --threads=16 --precision=8bit --quality=full --sampling-policy=full-frame --binning-policy=hard --quantize-model=kmeans:seed=1 --merge-policy=ward -Xoklab -Wgamma --diffusion=fs:scan=raster --gpu-policy=off --lookup-policy=6bit:shared_instance=1 -p 256 -w 1920 -h 1080 -v -J '{log}' -o '{output}' '{input}'
208fb43af9f504501b3f1160cdb37cc803181756,1920x1080,1920,1080,2073600,16,10,timed,8,descending,1,pipeline,113,48,60,0,12,4,12,4,1,12,12,180,180,1,1,0,yes,yes,0.19031599999999999,0.071235,0.06898699999999999,1109809,895b29fa9417beb77a66350ca9d1c646da69650b30ccce01be86acdd497dd934,0.19031599999999999,'{img2sixel}' --threads=16 --precision=8bit --quality=full --sampling-policy=full-frame --binning-policy=hard --quantize-model=kmeans:seed=1 --merge-policy=ward -Xoklab -Wgamma --diffusion=fs:scan=raster --gpu-policy=off --lookup-policy=6bit:shared_instance=1 -p 256 -w 1920 -h 1080 -v -J '{log}' -o '{output}' '{input}'
208fb43af9f504501b3f1160cdb37cc803181756,1920x1080,1920,1080,2073600,15,10,timed,8,descending,2,pipeline,113,45,66,0,11,4,11,4,1,11,11,180,180,1,1,0,yes,yes,0.187252,0.070588,0.067944,1109581,4aae527e86ba442f8de8813cd9b23bea87656927f4ee0a232b05caec50f546d0,0.187252,'{img2sixel}' --threads=15 --precision=8bit --quality=full --sampling-policy=full-frame --binning-policy=hard --quantize-model=kmeans:seed=1 --merge-policy=ward -Xoklab -Wgamma --diffusion=fs:scan=raster --gpu-policy=off --lookup-policy=6bit:shared_instance=1 -p 256 -w 1920 -h 1080 -v -J '{log}' -o '{output}' '{input}'
208fb43af9f504501b3f1160cdb37cc803181756,1920x1080,1920,1080,2073600,14,10,timed,8,descending,3,pipeline,113,42,72,0,10,4,10,4,1,10,10,180,180,1,1,0,yes,yes,0.187413,0.069411,0.06983,1110441,5c6cb8bd9a758fecc539dc3acb8a3a6ba2b2b27b5fdd24cdebaaa0919a5a9881,0.187413,'{img2sixel}' --threads=14 --precision=8bit --quality=full --sampling-policy=full-frame --binning-policy=hard --quantize-model=kmeans:seed=1 --merge-policy=ward -Xoklab -Wgamma --diffusion=fs:scan=raster --gpu-policy=off --lookup-policy=6bit:shared_instance=1 -p 256 -w 1920 -h 1080 -v -J '{log}' -o '{output}' '{input}'
208fb43af9f504501b3f1160cdb37cc803181756,1920x1080,1920,1080,2073600,13,10,timed,8,descending,4,pipeline,113,39,72,0,10,3,10,3,1,10,10,180,180,1,1,0,yes,yes,0.190019,0.069194,0.070112,1110441,5c6cb8bd9a758fecc539dc3acb8a3a6ba2b2b27b5fdd24cdebaaa0919a5a9881,0.190019,'{img2sixel}' --threads=13 --precision=8bit --quality=full --sampling-policy=full-frame --binning-policy=hard --quantize-model=kmeans:seed=1 --merge-policy=ward -Xoklab -Wgamma --diffusion=fs:scan=raster --gpu-policy=off --lookup-policy=6bit:shared_instance=1 -p 256 -w 1920 -h 1080 -v -J '{log}' -o '{output}' '{input}'
208fb43af9f504501b3f1160cdb37cc803181756,1920x1080,1920,1080,2073600,12,10,timed,8,descending,5,pipeline,113,36,78,0,9,3,9,3,1,9,9,180,180,1,1,0,yes,yes,0.195997,0.06911700000000001,0.076424,1107546,88a62cbd9a5a024d4859507db08763ffb3559debc3b978621161b62a724a613e,0.195997,'{img2sixel}' --threads=12 --precision=8bit --quality=full --sampling-policy=full-frame --binning-policy=hard --quantize-model=kmeans:seed=1 --merge-policy=ward -Xoklab -Wgamma --diffusion=fs:scan=raster --gpu-policy=off --lookup-policy=6bit:shared_instance=1 -p 256 -w 1920 -h 1080 -v -J '{log}' -o '{output}' '{input}'
208fb43af9f504501b3f1160cdb37cc803181756,1920x1080,1920,1080,2073600,11,10,timed,8,descending,6,pipeline,113,33,90,0,8,3,8,3,1,8,8,180,180,1,1,0,yes,yes,0.206372,0.06894900000000001,0.086782,1106783,6cab90aaee14d9032397ebe46bc5103ca33d7b7080cb7c28d1df03adc332b8d7,0.206372,'{img2sixel}' --threads=11 --precision=8bit --quality=full --sampling-policy=full-frame --binning-policy=hard --quantize-model=kmeans:seed=1 --merge-policy=ward -Xoklab -Wgamma --diffusion=fs:scan=raster --gpu-policy=off --lookup-policy=6bit:shared_instance=1 -p 256 -w 1920 -h 1080 -v -J '{log}' -o '{output}' '{input}'
208fb43af9f504501b3f1160cdb37cc803181756,1920x1080,1920,1080,2073600,10,10,timed,8,descending,7,pipeline,113,30,102,0,7,3,7,3,1,7,7,180,180,1,1,0,yes,yes,0.212881,0.069101,0.098215,1112011,e6899471b079cb9bd831d17515535daf8e5fcac8a8c80d6914af265f817c60d8,0.212881,'{img2sixel}' --threads=10 --precision=8bit --quality=full --sampling-policy=full-frame --binning-policy=hard --quantize-model=kmeans:seed=1 --merge-policy=ward -Xoklab -Wgamma --diffusion=fs:scan=raster --gpu-policy=off --lookup-policy=6bit:shared_instance=1 -p 256 -w 1920 -h 1080 -v -J '{log}' -o '{output}' '{input}'
208fb43af9f504501b3f1160cdb37cc803181756,1920x1080,1920,1080,2073600,9,10,timed,8,descending,8,pipeline,113,27,102,0,7,2,7,2,1,7,7,180,180,1,1,0,yes,yes,0.21290399999999998,0.06911300000000001,0.09735499999999998,1112011,e6899471b079cb9bd831d17515535daf8e5fcac8a8c80d6914af265f817c60d8,0.21290399999999998,'{img2sixel}' --threads=9 --precision=8bit --quality=full --sampling-policy=full-frame --binning-policy=hard --quantize-model=kmeans:seed=1 --merge-policy=ward -Xoklab -Wgamma --diffusion=fs:scan=raster --gpu-policy=off --lookup-policy=6bit:shared_instance=1 -p 256 -w 1920 -h 1080 -v -J '{log}' -o '{output}' '{input}'
208fb43af9f504501b3f1160cdb37cc803181756,1920x1080,1920,1080,2073600,8,10,timed,8,descending,9,pipeline,113,24,114,0,6,2,6,2,1,6,6,180,180,1,1,0,yes,yes,0.229827,0.06925300000000001,0.11088600000000001,1110266,9bfe778ebfad630c52817797049bbd64c93ec8afb743628f4b3cfc94da705d0f,0.229827,'{img2sixel}' --threads=8 --precision=8bit --quality=full --sampling-policy=full-frame --binning-policy=hard --quantize-model=kmeans:seed=1 --merge-policy=ward -Xoklab -Wgamma --diffusion=fs:scan=raster --gpu-policy=off --lookup-policy=6bit:shared_instance=1 -p 256 -w 1920 -h 1080 -v -J '{log}' -o '{output}' '{input}'
208fb43af9f504501b3f1160cdb37cc803181756,1920x1080,1920,1080,2073600,7,10,timed,8,descending,10,pipeline,113,21,138,0,5,2,5,2,1,5,5,180,180,1,1,0,yes,yes,0.254879,0.069358,0.134534,1112165,72ca254012a3e3e522ddd8c8a1ac9bdfc00d5af6cb5fb14101fb73d8b4ad558a,0.254879,'{img2sixel}' --threads=7 --precision=8bit --quality=full --sampling-policy=full-frame --binning-policy=hard --quantize-model=kmeans:seed=1 --merge-policy=ward -Xoklab -Wgamma --diffusion=fs:scan=raster --gpu-policy=off --lookup-policy=6bit:shared_instance=1 -p 256 -w 1920 -h 1080 -v -J '{log}' -o '{output}' '{input}'
208fb43af9f504501b3f1160cdb37cc803181756,1920x1080,1920,1080,2073600,6,10,timed,8,descending,11,pipeline,113,18,174,0,4,2,4,2,1,4,4,180,180,1,1,0,yes,yes,0.29150200000000004,0.06898599999999999,0.16792100000000001,1112687,f983921ff065e81bf243edcc24e56c0d506e943475ecf24c196e1a89db6f6891,0.29150200000000004,'{img2sixel}' --threads=6 --precision=8bit --quality=full --sampling-policy=full-frame --binning-policy=hard --quantize-model=kmeans:seed=1 --merge-policy=ward -Xoklab -Wgamma --diffusion=fs:scan=raster --gpu-policy=off --lookup-policy=6bit:shared_instance=1 -p 256 -w 1920 -h 1080 -v -J '{log}' -o '{output}' '{input}'
208fb43af9f504501b3f1160cdb37cc803181756,1920x1080,1920,1080,2073600,5,10,timed,8,descending,12,pipeline,113,15,228,0,3,2,3,2,1,3,3,180,180,1,1,0,yes,yes,0.344802,0.068734,0.218062,1110687,7f210772d0cea09d8936b3b53de6b570dc34fbccbbd14e178137bec614255a07,0.344802,'{img2sixel}' --threads=5 --precision=8bit --quality=full --sampling-policy=full-frame --binning-policy=hard --quantize-model=kmeans:seed=1 --merge-policy=ward -Xoklab -Wgamma --diffusion=fs:scan=raster --gpu-policy=off --lookup-policy=6bit:shared_instance=1 -p 256 -w 1920 -h 1080 -v -J '{log}' -o '{output}' '{input}'
208fb43af9f504501b3f1160cdb37cc803181756,1920x1080,1920,1080,2073600,4,10,timed,8,descending,13,pipeline,113,12,342,0,2,2,2,2,1,2,2,180,180,1,1,0,yes,yes,0.45327500000000004,0.06884,0.320024,1112109,2dfe38f3bf3164808afd092ab6330aae11349fbecfda4a21833c2c99fd7f24e2,0.45327500000000004,'{img2sixel}' --threads=4 --precision=8bit --quality=full --sampling-policy=full-frame --binning-policy=hard --quantize-model=kmeans:seed=1 --merge-policy=ward -Xoklab -Wgamma --diffusion=fs:scan=raster --gpu-policy=off --lookup-policy=6bit:shared_instance=1 -p 256 -w 1920 -h 1080 -v -J '{log}' -o '{output}' '{input}'
208fb43af9f504501b3f1160cdb37cc803181756,1920x1080,1920,1080,2073600,3,10,timed,8,descending,14,pipeline,113,9,678,0,1,2,0,2,1,0,0,180,180,1,1,0,yes,yes,0.771008,0.06907500000000001,0.625883,1114189,0dee79433e5fb73e188ea6579751b04036cca248fbb9e01b02391a85b7974486,0.771008,'{img2sixel}' --threads=3 --precision=8bit --quality=full --sampling-policy=full-frame --binning-policy=hard --quantize-model=kmeans:seed=1 --merge-policy=ward -Xoklab -Wgamma --diffusion=fs:scan=raster --gpu-policy=off --lookup-policy=6bit:shared_instance=1 -p 256 -w 1920 -h 1080 -v -J '{log}' -o '{output}' '{input}'
208fb43af9f504501b3f1160cdb37cc803181756,1920x1080,1920,1080,2073600,2,10,timed,8,descending,15,pipeline,113,6,678,0,1,1,0,2,1,0,0,180,180,1,1,0,no,no,0.793755,0.069058,0.627604,1114189,0dee79433e5fb73e188ea6579751b04036cca248fbb9e01b02391a85b7974486,0.793755,'{img2sixel}' --threads=2 --precision=8bit --quality=full --sampling-policy=full-frame --binning-policy=hard --quantize-model=kmeans:seed=1 --merge-policy=ward -Xoklab -Wgamma --diffusion=fs:scan=raster --gpu-policy=off --lookup-policy=6bit:shared_instance=1 -p 256 -w 1920 -h 1080 -v -J '{log}' -o '{output}' '{input}'
208fb43af9f504501b3f1160cdb37cc803181756,1920x1080,1920,1080,2073600,1,10,timed,8,descending,16,serial,0,0,0,0,0,0,0,0,0,0,0,0,0,0,0,0,no,no,0.871347,0.06956000000000001,0.643092,1114189,0dee79433e5fb73e188ea6579751b04036cca248fbb9e01b02391a85b7974486,0.871347,'{img2sixel}' --threads=1 --precision=8bit --quality=full --sampling-policy=full-frame --binning-policy=hard --quantize-model=kmeans:seed=1 --merge-policy=ward -Xoklab -Wgamma --diffusion=fs:scan=raster --gpu-policy=off --lookup-policy=6bit:shared_instance=1 -p 256 -w 1920 -h 1080 -v -J '{log}' -o '{output}' '{input}'
208fb43af9f504501b3f1160cdb37cc803181756,1920x1080,1920,1080,2073600,1,11,timed,9,ascending,1,serial,0,0,0,0,0,0,0,0,0,0,0,0,0,0,0,0,no,no,0.874713,0.06939100000000001,0.647918,1114189,0dee79433e5fb73e188ea6579751b04036cca248fbb9e01b02391a85b7974486,0.874713,'{img2sixel}' --threads=1 --precision=8bit --quality=full --sampling-policy=full-frame --binning-policy=hard --quantize-model=kmeans:seed=1 --merge-policy=ward -Xoklab -Wgamma --diffusion=fs:scan=raster --gpu-policy=off --lookup-policy=6bit:shared_instance=1 -p 256 -w 1920 -h 1080 -v -J '{log}' -o '{output}' '{input}'
208fb43af9f504501b3f1160cdb37cc803181756,1920x1080,1920,1080,2073600,2,11,timed,9,ascending,2,pipeline,113,6,678,0,1,1,0,2,1,0,0,180,180,1,1,0,no,no,0.793398,0.068849,0.628549,1114189,0dee79433e5fb73e188ea6579751b04036cca248fbb9e01b02391a85b7974486,0.793398,'{img2sixel}' --threads=2 --precision=8bit --quality=full --sampling-policy=full-frame --binning-policy=hard --quantize-model=kmeans:seed=1 --merge-policy=ward -Xoklab -Wgamma --diffusion=fs:scan=raster --gpu-policy=off --lookup-policy=6bit:shared_instance=1 -p 256 -w 1920 -h 1080 -v -J '{log}' -o '{output}' '{input}'
208fb43af9f504501b3f1160cdb37cc803181756,1920x1080,1920,1080,2073600,3,11,timed,9,ascending,3,pipeline,113,9,678,0,1,2,0,2,1,0,0,180,180,1,1,0,yes,yes,0.7681180000000001,0.069219,0.623688,1114189,0dee79433e5fb73e188ea6579751b04036cca248fbb9e01b02391a85b7974486,0.7681180000000001,'{img2sixel}' --threads=3 --precision=8bit --quality=full --sampling-policy=full-frame --binning-policy=hard --quantize-model=kmeans:seed=1 --merge-policy=ward -Xoklab -Wgamma --diffusion=fs:scan=raster --gpu-policy=off --lookup-policy=6bit:shared_instance=1 -p 256 -w 1920 -h 1080 -v -J '{log}' -o '{output}' '{input}'
208fb43af9f504501b3f1160cdb37cc803181756,1920x1080,1920,1080,2073600,4,11,timed,9,ascending,4,pipeline,113,12,342,0,2,2,2,2,1,2,2,180,180,1,1,0,yes,yes,0.45319600000000004,0.068717,0.32002300000000006,1112109,2dfe38f3bf3164808afd092ab6330aae11349fbecfda4a21833c2c99fd7f24e2,0.45319600000000004,'{img2sixel}' --threads=4 --precision=8bit --quality=full --sampling-policy=full-frame --binning-policy=hard --quantize-model=kmeans:seed=1 --merge-policy=ward -Xoklab -Wgamma --diffusion=fs:scan=raster --gpu-policy=off --lookup-policy=6bit:shared_instance=1 -p 256 -w 1920 -h 1080 -v -J '{log}' -o '{output}' '{input}'
208fb43af9f504501b3f1160cdb37cc803181756,1920x1080,1920,1080,2073600,5,11,timed,9,ascending,5,pipeline,113,15,228,0,3,2,3,2,1,3,3,180,180,1,1,0,yes,yes,0.34966,0.06886400000000001,0.222497,1110687,7f210772d0cea09d8936b3b53de6b570dc34fbccbbd14e178137bec614255a07,0.34966,'{img2sixel}' --threads=5 --precision=8bit --quality=full --sampling-policy=full-frame --binning-policy=hard --quantize-model=kmeans:seed=1 --merge-policy=ward -Xoklab -Wgamma --diffusion=fs:scan=raster --gpu-policy=off --lookup-policy=6bit:shared_instance=1 -p 256 -w 1920 -h 1080 -v -J '{log}' -o '{output}' '{input}'
208fb43af9f504501b3f1160cdb37cc803181756,1920x1080,1920,1080,2073600,6,11,timed,9,ascending,6,pipeline,113,18,174,0,4,2,4,2,1,4,4,180,180,1,1,0,yes,yes,0.29466000000000003,0.069136,0.16976200000000002,1112687,f983921ff065e81bf243edcc24e56c0d506e943475ecf24c196e1a89db6f6891,0.29466000000000003,'{img2sixel}' --threads=6 --precision=8bit --quality=full --sampling-policy=full-frame --binning-policy=hard --quantize-model=kmeans:seed=1 --merge-policy=ward -Xoklab -Wgamma --diffusion=fs:scan=raster --gpu-policy=off --lookup-policy=6bit:shared_instance=1 -p 256 -w 1920 -h 1080 -v -J '{log}' -o '{output}' '{input}'
208fb43af9f504501b3f1160cdb37cc803181756,1920x1080,1920,1080,2073600,7,11,timed,9,ascending,7,pipeline,113,21,138,0,5,2,5,2,1,5,5,180,180,1,1,0,yes,yes,0.256651,0.070047,0.13380799999999998,1112165,72ca254012a3e3e522ddd8c8a1ac9bdfc00d5af6cb5fb14101fb73d8b4ad558a,0.256651,'{img2sixel}' --threads=7 --precision=8bit --quality=full --sampling-policy=full-frame --binning-policy=hard --quantize-model=kmeans:seed=1 --merge-policy=ward -Xoklab -Wgamma --diffusion=fs:scan=raster --gpu-policy=off --lookup-policy=6bit:shared_instance=1 -p 256 -w 1920 -h 1080 -v -J '{log}' -o '{output}' '{input}'
208fb43af9f504501b3f1160cdb37cc803181756,1920x1080,1920,1080,2073600,8,11,timed,9,ascending,8,pipeline,113,24,114,0,6,2,6,2,1,6,6,180,180,1,1,0,yes,yes,0.230472,0.069148,0.11121800000000001,1110266,9bfe778ebfad630c52817797049bbd64c93ec8afb743628f4b3cfc94da705d0f,0.230472,'{img2sixel}' --threads=8 --precision=8bit --quality=full --sampling-policy=full-frame --binning-policy=hard --quantize-model=kmeans:seed=1 --merge-policy=ward -Xoklab -Wgamma --diffusion=fs:scan=raster --gpu-policy=off --lookup-policy=6bit:shared_instance=1 -p 256 -w 1920 -h 1080 -v -J '{log}' -o '{output}' '{input}'
208fb43af9f504501b3f1160cdb37cc803181756,1920x1080,1920,1080,2073600,9,11,timed,9,ascending,9,pipeline,113,27,102,0,7,2,7,2,1,7,7,180,180,1,1,0,yes,yes,0.215645,0.070033,0.098572,1112011,e6899471b079cb9bd831d17515535daf8e5fcac8a8c80d6914af265f817c60d8,0.215645,'{img2sixel}' --threads=9 --precision=8bit --quality=full --sampling-policy=full-frame --binning-policy=hard --quantize-model=kmeans:seed=1 --merge-policy=ward -Xoklab -Wgamma --diffusion=fs:scan=raster --gpu-policy=off --lookup-policy=6bit:shared_instance=1 -p 256 -w 1920 -h 1080 -v -J '{log}' -o '{output}' '{input}'
208fb43af9f504501b3f1160cdb37cc803181756,1920x1080,1920,1080,2073600,10,11,timed,9,ascending,10,pipeline,113,30,102,0,7,3,7,3,1,7,7,180,180,1,1,0,yes,yes,0.214296,0.06973700000000001,0.09828799999999999,1112011,e6899471b079cb9bd831d17515535daf8e5fcac8a8c80d6914af265f817c60d8,0.214296,'{img2sixel}' --threads=10 --precision=8bit --quality=full --sampling-policy=full-frame --binning-policy=hard --quantize-model=kmeans:seed=1 --merge-policy=ward -Xoklab -Wgamma --diffusion=fs:scan=raster --gpu-policy=off --lookup-policy=6bit:shared_instance=1 -p 256 -w 1920 -h 1080 -v -J '{log}' -o '{output}' '{input}'
208fb43af9f504501b3f1160cdb37cc803181756,1920x1080,1920,1080,2073600,11,11,timed,9,ascending,11,pipeline,113,33,90,0,8,3,8,3,1,8,8,180,180,1,1,0,yes,yes,0.209246,0.070311,0.08802499999999999,1106783,6cab90aaee14d9032397ebe46bc5103ca33d7b7080cb7c28d1df03adc332b8d7,0.209246,'{img2sixel}' --threads=11 --precision=8bit --quality=full --sampling-policy=full-frame --binning-policy=hard --quantize-model=kmeans:seed=1 --merge-policy=ward -Xoklab -Wgamma --diffusion=fs:scan=raster --gpu-policy=off --lookup-policy=6bit:shared_instance=1 -p 256 -w 1920 -h 1080 -v -J '{log}' -o '{output}' '{input}'
208fb43af9f504501b3f1160cdb37cc803181756,1920x1080,1920,1080,2073600,12,11,timed,9,ascending,12,pipeline,113,36,78,0,9,3,9,3,1,9,9,180,180,1,1,0,yes,yes,0.19844499999999998,0.069296,0.077927,1107546,88a62cbd9a5a024d4859507db08763ffb3559debc3b978621161b62a724a613e,0.19844499999999998,'{img2sixel}' --threads=12 --precision=8bit --quality=full --sampling-policy=full-frame --binning-policy=hard --quantize-model=kmeans:seed=1 --merge-policy=ward -Xoklab -Wgamma --diffusion=fs:scan=raster --gpu-policy=off --lookup-policy=6bit:shared_instance=1 -p 256 -w 1920 -h 1080 -v -J '{log}' -o '{output}' '{input}'
208fb43af9f504501b3f1160cdb37cc803181756,1920x1080,1920,1080,2073600,13,11,timed,9,ascending,13,pipeline,113,39,72,0,10,3,10,3,1,10,10,180,180,1,1,0,yes,yes,0.188947,0.06992499999999999,0.069874,1110441,5c6cb8bd9a758fecc539dc3acb8a3a6ba2b2b27b5fdd24cdebaaa0919a5a9881,0.188947,'{img2sixel}' --threads=13 --precision=8bit --quality=full --sampling-policy=full-frame --binning-policy=hard --quantize-model=kmeans:seed=1 --merge-policy=ward -Xoklab -Wgamma --diffusion=fs:scan=raster --gpu-policy=off --lookup-policy=6bit:shared_instance=1 -p 256 -w 1920 -h 1080 -v -J '{log}' -o '{output}' '{input}'
208fb43af9f504501b3f1160cdb37cc803181756,1920x1080,1920,1080,2073600,14,11,timed,9,ascending,14,pipeline,113,42,72,0,10,4,10,4,1,10,10,180,180,1,1,0,yes,yes,0.187389,0.069696,0.069272,1110441,5c6cb8bd9a758fecc539dc3acb8a3a6ba2b2b27b5fdd24cdebaaa0919a5a9881,0.187389,'{img2sixel}' --threads=14 --precision=8bit --quality=full --sampling-policy=full-frame --binning-policy=hard --quantize-model=kmeans:seed=1 --merge-policy=ward -Xoklab -Wgamma --diffusion=fs:scan=raster --gpu-policy=off --lookup-policy=6bit:shared_instance=1 -p 256 -w 1920 -h 1080 -v -J '{log}' -o '{output}' '{input}'
208fb43af9f504501b3f1160cdb37cc803181756,1920x1080,1920,1080,2073600,15,11,timed,9,ascending,15,pipeline,113,45,66,0,11,4,11,4,1,11,11,180,180,1,1,0,yes,yes,0.186866,0.06926299999999999,0.068746,1109581,4aae527e86ba442f8de8813cd9b23bea87656927f4ee0a232b05caec50f546d0,0.186866,'{img2sixel}' --threads=15 --precision=8bit --quality=full --sampling-policy=full-frame --binning-policy=hard --quantize-model=kmeans:seed=1 --merge-policy=ward -Xoklab -Wgamma --diffusion=fs:scan=raster --gpu-policy=off --lookup-policy=6bit:shared_instance=1 -p 256 -w 1920 -h 1080 -v -J '{log}' -o '{output}' '{input}'
208fb43af9f504501b3f1160cdb37cc803181756,1920x1080,1920,1080,2073600,16,11,timed,9,ascending,16,pipeline,113,48,60,0,12,4,12,4,1,12,12,180,180,1,1,0,yes,yes,0.182418,0.06922,0.064839,1109809,895b29fa9417beb77a66350ca9d1c646da69650b30ccce01be86acdd497dd934,0.182418,'{img2sixel}' --threads=16 --precision=8bit --quality=full --sampling-policy=full-frame --binning-policy=hard --quantize-model=kmeans:seed=1 --merge-policy=ward -Xoklab -Wgamma --diffusion=fs:scan=raster --gpu-policy=off --lookup-policy=6bit:shared_instance=1 -p 256 -w 1920 -h 1080 -v -J '{log}' -o '{output}' '{input}'
