revision,fixture,width,height,pixels,ncolors,threads,round,phase,sample,traversal,schedule_position,planner_mode,bands,queue_depth,band_height,overlap_rows,planned_dither_threads,planned_encode_threads,observed_parallel_dither_threads,observed_encode_pool_threads,observed_writer_threads,dither_start_count,dither_finish_count,encode_worker_start_count,encode_worker_finish_count,writer_start_count,writer_finish_count,encoder_abort_count,tail_grow_requested,dither_encode_overlap,encoder_wall_seconds,palette_wall_seconds,dither_encode_wall_seconds,sixel_bytes,sixel_sha256,total_wall_seconds,command
0d8c1807eeccf109afd7c8de63ff038919fcb61b,1920x1080,1920,1080,2073600,2,2,1,warmup,1,ascending,1,pipeline,180,6,1080,6,1,1,0,2,1,0,0,180,180,1,1,0,no,no,0.128496,0.043350999999999994,0.03801700000000001,273903,f04a723725c85c3038ee43a2109c1680d5c006b164956f4444764bec675201f0,0.128496,'{img2sixel}' --threads=2 --precision=8bit --quality=full --sampling-policy=full-frame --binning-policy=hard --quantize-model=kmeans:seed=1 --merge-policy=ward -Xoklab -Wgamma --diffusion=fs:scan=raster --gpu-policy=off --lookup-policy=6bit:shared_instance=1 -p 2 -v -J '{log}' -o '{output}' '{input}'
0d8c1807eeccf109afd7c8de63ff038919fcb61b,1920x1080,1920,1080,2073600,2,4,1,warmup,1,ascending,2,pipeline,180,12,540,6,2,2,2,2,1,2,2,180,180,1,1,0,yes,yes,0.093652,0.043031,0.022786,273634,bdf2c4eb98c1a3543a495f8d874f0ad87772c6f57e304782d7e0622ef17c044b,0.093652,'{img2sixel}' --threads=4 --precision=8bit --quality=full --sampling-policy=full-frame --binning-policy=hard --quantize-model=kmeans:seed=1 --merge-policy=ward -Xoklab -Wgamma --diffusion=fs:scan=raster --gpu-policy=off --lookup-policy=6bit:shared_instance=1 -p 2 -v -J '{log}' -o '{output}' '{input}'
0d8c1807eeccf109afd7c8de63ff038919fcb61b,1920x1080,1920,1080,2073600,2,6,1,warmup,1,ascending,3,pipeline,180,18,270,6,4,2,4,2,1,4,4,180,180,1,1,0,yes,yes,0.078604,0.043118000000000004,0.013202999999999993,273960,896372a37b9d88002e1cd93e20ca1a4b6b01ee4ca18b14a6c8ffee680a318912,0.078604,'{img2sixel}' --threads=6 --precision=8bit --quality=full --sampling-policy=full-frame --binning-policy=hard --quantize-model=kmeans:seed=1 --merge-policy=ward -Xoklab -Wgamma --diffusion=fs:scan=raster --gpu-policy=off --lookup-policy=6bit:shared_instance=1 -p 2 -v -J '{log}' -o '{output}' '{input}'
0d8c1807eeccf109afd7c8de63ff038919fcb61b,1920x1080,1920,1080,2073600,2,8,1,warmup,1,ascending,4,pipeline,180,24,180,6,6,2,6,2,1,6,6,180,180,1,1,0,yes,yes,0.077586,0.04309999999999999,0.010116,273696,203d2423f41af5740017fbca18963a1389d3e15edef596f111a1454f4b643788,0.077586,'{img2sixel}' --threads=8 --precision=8bit --quality=full --sampling-policy=full-frame --binning-policy=hard --quantize-model=kmeans:seed=1 --merge-policy=ward -Xoklab -Wgamma --diffusion=fs:scan=raster --gpu-policy=off --lookup-policy=6bit:shared_instance=1 -p 2 -v -J '{log}' -o '{output}' '{input}'
0d8c1807eeccf109afd7c8de63ff038919fcb61b,1920x1080,1920,1080,2073600,4,2,1,warmup,1,ascending,5,pipeline,180,6,1080,6,1,1,0,2,1,0,0,180,180,1,1,0,no,no,0.13176,0.043246,0.04386499999999999,518456,f48fb762eefd0876aca7b880be2ff1d470ee0eed9e8b27a752c5369bf6511263,0.13176,'{img2sixel}' --threads=2 --precision=8bit --quality=full --sampling-policy=full-frame --binning-policy=hard --quantize-model=kmeans:seed=1 --merge-policy=ward -Xoklab -Wgamma --diffusion=fs:scan=raster --gpu-policy=off --lookup-policy=6bit:shared_instance=1 -p 4 -v -J '{log}' -o '{output}' '{input}'
0d8c1807eeccf109afd7c8de63ff038919fcb61b,1920x1080,1920,1080,2073600,4,4,1,warmup,1,ascending,6,pipeline,180,12,540,6,2,2,2,2,1,2,2,180,180,1,1,0,yes,yes,0.09559,0.04345700000000001,0.024243,518862,3e82217bab61936f11e452db01d56441cc6264c9e4118ea5cd012e2155ac0808,0.09559,'{img2sixel}' --threads=4 --precision=8bit --quality=full --sampling-policy=full-frame --binning-policy=hard --quantize-model=kmeans:seed=1 --merge-policy=ward -Xoklab -Wgamma --diffusion=fs:scan=raster --gpu-policy=off --lookup-policy=6bit:shared_instance=1 -p 4 -v -J '{log}' -o '{output}' '{input}'
0d8c1807eeccf109afd7c8de63ff038919fcb61b,1920x1080,1920,1080,2073600,4,6,1,warmup,1,ascending,7,pipeline,180,18,270,6,4,2,4,2,1,4,4,180,180,1,1,0,yes,yes,0.080978,0.044546,0.014199000000000003,519265,43adf93a566643c9e773f939ae35a239ba18ef7f394e2a40fda4fdeac618278e,0.080978,'{img2sixel}' --threads=6 --precision=8bit --quality=full --sampling-policy=full-frame --binning-policy=hard --quantize-model=kmeans:seed=1 --merge-policy=ward -Xoklab -Wgamma --diffusion=fs:scan=raster --gpu-policy=off --lookup-policy=6bit:shared_instance=1 -p 4 -v -J '{log}' -o '{output}' '{input}'
0d8c1807eeccf109afd7c8de63ff038919fcb61b,1920x1080,1920,1080,2073600,4,8,1,warmup,1,ascending,8,pipeline,180,24,180,6,6,2,6,2,1,6,6,180,180,1,1,0,yes,yes,0.076755,0.043279,0.010831000000000007,518185,8fc76064332dcb33131abde93d715a2da6780e84ac707362106643d95b066fc9,0.076755,'{img2sixel}' --threads=8 --precision=8bit --quality=full --sampling-policy=full-frame --binning-policy=hard --quantize-model=kmeans:seed=1 --merge-policy=ward -Xoklab -Wgamma --diffusion=fs:scan=raster --gpu-policy=off --lookup-policy=6bit:shared_instance=1 -p 4 -v -J '{log}' -o '{output}' '{input}'
0d8c1807eeccf109afd7c8de63ff038919fcb61b,1920x1080,1920,1080,2073600,8,2,1,warmup,1,ascending,9,pipeline,180,6,1080,6,1,1,0,2,1,0,0,180,180,1,1,0,no,no,0.135718,0.043778000000000004,0.04760600000000001,663909,8a73164739b0782a2e4ead97e10f71c52ec4c70c35b9453cf9882bb7b19f37f9,0.135718,'{img2sixel}' --threads=2 --precision=8bit --quality=full --sampling-policy=full-frame --binning-policy=hard --quantize-model=kmeans:seed=1 --merge-policy=ward -Xoklab -Wgamma --diffusion=fs:scan=raster --gpu-policy=off --lookup-policy=6bit:shared_instance=1 -p 8 -v -J '{log}' -o '{output}' '{input}'
0d8c1807eeccf109afd7c8de63ff038919fcb61b,1920x1080,1920,1080,2073600,8,4,1,warmup,1,ascending,10,pipeline,180,12,540,6,2,2,2,2,1,2,2,180,180,1,1,0,yes,yes,0.099337,0.043962,0.027502,663425,3495ae4d367b9ccf9f0e6a856a9f8732f71ec3df6f521d87a2a9660f687fc6fc,0.099337,'{img2sixel}' --threads=4 --precision=8bit --quality=full --sampling-policy=full-frame --binning-policy=hard --quantize-model=kmeans:seed=1 --merge-policy=ward -Xoklab -Wgamma --diffusion=fs:scan=raster --gpu-policy=off --lookup-policy=6bit:shared_instance=1 -p 8 -v -J '{log}' -o '{output}' '{input}'
0d8c1807eeccf109afd7c8de63ff038919fcb61b,1920x1080,1920,1080,2073600,8,6,1,warmup,1,ascending,11,pipeline,180,18,270,6,4,2,4,2,1,4,4,180,180,1,1,0,yes,yes,0.084572,0.04577,0.015808000000000003,663603,bb94b3b3d4d62846b024db824ed69063c2d9318a5fbe82fb631d77849f210807,0.084572,'{img2sixel}' --threads=6 --precision=8bit --quality=full --sampling-policy=full-frame --binning-policy=hard --quantize-model=kmeans:seed=1 --merge-policy=ward -Xoklab -Wgamma --diffusion=fs:scan=raster --gpu-policy=off --lookup-policy=6bit:shared_instance=1 -p 8 -v -J '{log}' -o '{output}' '{input}'
0d8c1807eeccf109afd7c8de63ff038919fcb61b,1920x1080,1920,1080,2073600,8,8,1,warmup,1,ascending,12,pipeline,180,24,180,6,6,2,6,2,1,6,6,180,180,1,1,0,yes,yes,0.075448,0.04402300000000001,0.011790000000000009,663251,eca0d80d7151e0d1019446e80c4499c1593c683128d81ed6b19bffe72702fcbb,0.075448,'{img2sixel}' --threads=8 --precision=8bit --quality=full --sampling-policy=full-frame --binning-policy=hard --quantize-model=kmeans:seed=1 --merge-policy=ward -Xoklab -Wgamma --diffusion=fs:scan=raster --gpu-policy=off --lookup-policy=6bit:shared_instance=1 -p 8 -v -J '{log}' -o '{output}' '{input}'
0d8c1807eeccf109afd7c8de63ff038919fcb61b,1920x1080,1920,1080,2073600,16,2,1,warmup,1,ascending,13,pipeline,180,6,1080,6,1,1,0,2,1,0,0,180,180,1,1,0,no,no,0.13821,0.044608999999999996,0.049135,780306,cd97ff7e86e680bb7a5f5ffc76370d823d4852fb7a0c3ea691f6d65a71a2720a,0.13821,'{img2sixel}' --threads=2 --precision=8bit --quality=full --sampling-policy=full-frame --binning-policy=hard --quantize-model=kmeans:seed=1 --merge-policy=ward -Xoklab -Wgamma --diffusion=fs:scan=raster --gpu-policy=off --lookup-policy=6bit:shared_instance=1 -p 16 -v -J '{log}' -o '{output}' '{input}'
0d8c1807eeccf109afd7c8de63ff038919fcb61b,1920x1080,1920,1080,2073600,16,4,1,warmup,1,ascending,14,pipeline,180,12,540,6,2,2,2,2,1,2,2,180,180,1,1,0,yes,yes,0.105114,0.044187000000000004,0.032917,777860,ca5ae6547f613925edbf899d18e0d73a242789141a202982c52ea0906ae20b50,0.105114,'{img2sixel}' --threads=4 --precision=8bit --quality=full --sampling-policy=full-frame --binning-policy=hard --quantize-model=kmeans:seed=1 --merge-policy=ward -Xoklab -Wgamma --diffusion=fs:scan=raster --gpu-policy=off --lookup-policy=6bit:shared_instance=1 -p 16 -v -J '{log}' -o '{output}' '{input}'
0d8c1807eeccf109afd7c8de63ff038919fcb61b,1920x1080,1920,1080,2073600,16,6,1,warmup,1,ascending,15,pipeline,180,18,270,6,4,2,4,2,1,4,4,180,180,1,1,0,yes,yes,0.085899,0.04467099999999999,0.018242000000000008,778375,ea03ad656c80dc06f39ba5e4910c6f3609f2e882d4fedf1ed01204930807b9ce,0.085899,'{img2sixel}' --threads=6 --precision=8bit --quality=full --sampling-policy=full-frame --binning-policy=hard --quantize-model=kmeans:seed=1 --merge-policy=ward -Xoklab -Wgamma --diffusion=fs:scan=raster --gpu-policy=off --lookup-policy=6bit:shared_instance=1 -p 16 -v -J '{log}' -o '{output}' '{input}'
0d8c1807eeccf109afd7c8de63ff038919fcb61b,1920x1080,1920,1080,2073600,16,8,1,warmup,1,ascending,16,pipeline,180,24,180,6,6,2,6,2,1,6,6,180,180,1,1,0,yes,yes,0.07789599999999999,0.04481299999999999,0.013493999999999992,778304,936c76354d28f1fa470d7824f034ecd6fa69cfc7273747c0a6b13dad7547c6f5,0.07789599999999999,'{img2sixel}' --threads=8 --precision=8bit --quality=full --sampling-policy=full-frame --binning-policy=hard --quantize-model=kmeans:seed=1 --merge-policy=ward -Xoklab -Wgamma --diffusion=fs:scan=raster --gpu-policy=off --lookup-policy=6bit:shared_instance=1 -p 16 -v -J '{log}' -o '{output}' '{input}'
0d8c1807eeccf109afd7c8de63ff038919fcb61b,1920x1080,1920,1080,2073600,24,2,1,warmup,1,ascending,17,pipeline,180,6,1080,6,1,1,0,2,1,0,0,180,180,1,1,0,no,no,0.140354,0.045541000000000005,0.05017200000000001,852843,c64a25db3be8016a9d97455a077fa4a9c5d5e1b14c204ae3433c590ff1242789,0.140354,'{img2sixel}' --threads=2 --precision=8bit --quality=full --sampling-policy=full-frame --binning-policy=hard --quantize-model=kmeans:seed=1 --merge-policy=ward -Xoklab -Wgamma --diffusion=fs:scan=raster --gpu-policy=off --lookup-policy=6bit:shared_instance=1 -p 24 -v -J '{log}' -o '{output}' '{input}'
0d8c1807eeccf109afd7c8de63ff038919fcb61b,1920x1080,1920,1080,2073600,24,4,1,warmup,1,ascending,18,pipeline,180,12,540,6,2,2,2,2,1,2,2,180,180,1,1,0,yes,yes,0.115323,0.048042,0.039021,851828,5fa10ac569cc0d1e728d3a18eeb059393b06153fd7f5916d5ca6b223156bfb16,0.115323,'{img2sixel}' --threads=4 --precision=8bit --quality=full --sampling-policy=full-frame --binning-policy=hard --quantize-model=kmeans:seed=1 --merge-policy=ward -Xoklab -Wgamma --diffusion=fs:scan=raster --gpu-policy=off --lookup-policy=6bit:shared_instance=1 -p 24 -v -J '{log}' -o '{output}' '{input}'
0d8c1807eeccf109afd7c8de63ff038919fcb61b,1920x1080,1920,1080,2073600,24,6,1,warmup,1,ascending,19,pipeline,180,18,270,6,4,2,4,2,1,4,4,180,180,1,1,0,yes,yes,0.09161,0.046537999999999996,0.021943000000000004,852061,ee3216b860be2972ed112e2d9836be0c32df2f8f1a5bfde5902b5bb2a30e6a6f,0.09161,'{img2sixel}' --threads=6 --precision=8bit --quality=full --sampling-policy=full-frame --binning-policy=hard --quantize-model=kmeans:seed=1 --merge-policy=ward -Xoklab -Wgamma --diffusion=fs:scan=raster --gpu-policy=off --lookup-policy=6bit:shared_instance=1 -p 24 -v -J '{log}' -o '{output}' '{input}'
0d8c1807eeccf109afd7c8de63ff038919fcb61b,1920x1080,1920,1080,2073600,24,8,1,warmup,1,ascending,20,pipeline,180,24,180,6,6,2,6,2,1,6,6,180,180,1,1,0,yes,yes,0.081799,0.046327,0.015617000000000006,851406,1618de9c692ae7ca76c7e0f3447d20d780de9698af467f8fd82888e61fb04c4a,0.081799,'{img2sixel}' --threads=8 --precision=8bit --quality=full --sampling-policy=full-frame --binning-policy=hard --quantize-model=kmeans:seed=1 --merge-policy=ward -Xoklab -Wgamma --diffusion=fs:scan=raster --gpu-policy=off --lookup-policy=6bit:shared_instance=1 -p 24 -v -J '{log}' -o '{output}' '{input}'
0d8c1807eeccf109afd7c8de63ff038919fcb61b,1920x1080,1920,1080,2073600,32,2,1,warmup,1,ascending,21,pipeline,180,6,1080,6,1,1,0,2,1,0,0,180,180,1,1,0,no,no,0.146762,0.0487,0.053442,868514,492c029a3e797c359cf5c60aebaee0d03c4a15884c35f4e9c8d03b94eb12dda5,0.146762,'{img2sixel}' --threads=2 --precision=8bit --quality=full --sampling-policy=full-frame --binning-policy=hard --quantize-model=kmeans:seed=1 --merge-policy=ward -Xoklab -Wgamma --diffusion=fs:scan=raster --gpu-policy=off --lookup-policy=6bit:shared_instance=1 -p 32 -v -J '{log}' -o '{output}' '{input}'
0d8c1807eeccf109afd7c8de63ff038919fcb61b,1920x1080,1920,1080,2073600,32,4,1,warmup,1,ascending,22,pipeline,180,12,540,6,2,2,2,2,1,2,2,180,180,1,1,0,yes,yes,0.12609,0.049853999999999996,0.048014000000000015,866519,e32c425303f0136f2a68707137be1d6e26dc6d49f286d028f35c8a431a8d6abf,0.12609,'{img2sixel}' --threads=4 --precision=8bit --quality=full --sampling-policy=full-frame --binning-policy=hard --quantize-model=kmeans:seed=1 --merge-policy=ward -Xoklab -Wgamma --diffusion=fs:scan=raster --gpu-policy=off --lookup-policy=6bit:shared_instance=1 -p 32 -v -J '{log}' -o '{output}' '{input}'
0d8c1807eeccf109afd7c8de63ff038919fcb61b,1920x1080,1920,1080,2073600,32,6,1,warmup,1,ascending,23,pipeline,180,18,270,6,4,2,4,2,1,4,4,180,180,1,1,0,yes,yes,0.09858299999999999,0.048654,0.024833999999999995,866266,502cf9d8c64b1d2e73c7fdb0b9dc9bb09900862558deb1bb3e8622e96744a29f,0.09858299999999999,'{img2sixel}' --threads=6 --precision=8bit --quality=full --sampling-policy=full-frame --binning-policy=hard --quantize-model=kmeans:seed=1 --merge-policy=ward -Xoklab -Wgamma --diffusion=fs:scan=raster --gpu-policy=off --lookup-policy=6bit:shared_instance=1 -p 32 -v -J '{log}' -o '{output}' '{input}'
0d8c1807eeccf109afd7c8de63ff038919fcb61b,1920x1080,1920,1080,2073600,32,8,1,warmup,1,ascending,24,pipeline,180,24,180,6,6,2,6,2,1,6,6,180,180,1,1,0,yes,yes,0.083926,0.046326,0.01741000000000001,866527,b8b43c3d38222192589e79a980311583252284c7b31f5d802e441ba9acd6f1b1,0.083926,'{img2sixel}' --threads=8 --precision=8bit --quality=full --sampling-policy=full-frame --binning-policy=hard --quantize-model=kmeans:seed=1 --merge-policy=ward -Xoklab -Wgamma --diffusion=fs:scan=raster --gpu-policy=off --lookup-policy=6bit:shared_instance=1 -p 32 -v -J '{log}' -o '{output}' '{input}'
0d8c1807eeccf109afd7c8de63ff038919fcb61b,1920x1080,1920,1080,2073600,48,2,1,warmup,1,ascending,25,pipeline,180,6,1080,0,1,1,0,2,1,0,0,180,180,1,1,0,no,no,0.143811,0.04742199999999999,0.051338999999999996,891077,7780e6b5b548a72bd6cdd6744a1b3e9fec2dd1b92e7d8b7a0a76fb8d5fc85061,0.143811,'{img2sixel}' --threads=2 --precision=8bit --quality=full --sampling-policy=full-frame --binning-policy=hard --quantize-model=kmeans:seed=1 --merge-policy=ward -Xoklab -Wgamma --diffusion=fs:scan=raster --gpu-policy=off --lookup-policy=6bit:shared_instance=1 -p 48 -v -J '{log}' -o '{output}' '{input}'
0d8c1807eeccf109afd7c8de63ff038919fcb61b,1920x1080,1920,1080,2073600,48,4,1,warmup,1,ascending,26,pipeline,180,12,540,0,2,2,2,2,1,2,2,180,180,1,1,0,yes,yes,0.13088,0.047340999999999994,0.055682999999999996,888241,8a8344876e49fe5edf0da1147561b61e72a23c474a33a16c23e8ca56704ed02a,0.13088,'{img2sixel}' --threads=4 --precision=8bit --quality=full --sampling-policy=full-frame --binning-policy=hard --quantize-model=kmeans:seed=1 --merge-policy=ward -Xoklab -Wgamma --diffusion=fs:scan=raster --gpu-policy=off --lookup-policy=6bit:shared_instance=1 -p 48 -v -J '{log}' -o '{output}' '{input}'
0d8c1807eeccf109afd7c8de63ff038919fcb61b,1920x1080,1920,1080,2073600,48,6,1,warmup,1,ascending,27,pipeline,180,18,270,0,4,2,4,2,1,4,4,180,180,1,1,0,yes,yes,0.101647,0.048342,0.029520000000000005,887400,ec595f45a1b8101e044204eed515215019022c721faf3334f09fb14b08569867,0.101647,'{img2sixel}' --threads=6 --precision=8bit --quality=full --sampling-policy=full-frame --binning-policy=hard --quantize-model=kmeans:seed=1 --merge-policy=ward -Xoklab -Wgamma --diffusion=fs:scan=raster --gpu-policy=off --lookup-policy=6bit:shared_instance=1 -p 48 -v -J '{log}' -o '{output}' '{input}'
0d8c1807eeccf109afd7c8de63ff038919fcb61b,1920x1080,1920,1080,2073600,48,8,1,warmup,1,ascending,28,pipeline,180,24,180,0,6,2,6,3,1,6,6,180,180,1,1,0,yes,yes,0.09225699999999999,0.050804999999999996,0.02111099999999999,887104,8cffeb5ede0de260e06ab2b717cf35ea7b0f4ea8957ea8c49933d7cb9da30aec,0.09225699999999999,'{img2sixel}' --threads=8 --precision=8bit --quality=full --sampling-policy=full-frame --binning-policy=hard --quantize-model=kmeans:seed=1 --merge-policy=ward -Xoklab -Wgamma --diffusion=fs:scan=raster --gpu-policy=off --lookup-policy=6bit:shared_instance=1 -p 48 -v -J '{log}' -o '{output}' '{input}'
0d8c1807eeccf109afd7c8de63ff038919fcb61b,1920x1080,1920,1080,2073600,64,2,1,warmup,1,ascending,29,pipeline,180,6,1080,0,1,1,0,2,1,0,0,180,180,1,1,0,no,no,0.151673,0.052772999999999994,0.052249000000000004,912800,38fdff26d969de5a6ee7b315c32fc963a2dddef26bba8ff90ce5631697117ce4,0.151673,'{img2sixel}' --threads=2 --precision=8bit --quality=full --sampling-policy=full-frame --binning-policy=hard --quantize-model=kmeans:seed=1 --merge-policy=ward -Xoklab -Wgamma --diffusion=fs:scan=raster --gpu-policy=off --lookup-policy=6bit:shared_instance=1 -p 64 -v -J '{log}' -o '{output}' '{input}'
0d8c1807eeccf109afd7c8de63ff038919fcb61b,1920x1080,1920,1080,2073600,64,4,1,warmup,1,ascending,30,pipeline,180,12,540,0,2,2,2,2,1,2,2,180,180,1,1,0,yes,yes,0.143951,0.04943299999999999,0.06641,909107,42edf14ecc8e80e2d7c0dfae4ba5c80b920b0a350d5b5a2c3ba2f32dd5a2e6c0,0.143951,'{img2sixel}' --threads=4 --precision=8bit --quality=full --sampling-policy=full-frame --binning-policy=hard --quantize-model=kmeans:seed=1 --merge-policy=ward -Xoklab -Wgamma --diffusion=fs:scan=raster --gpu-policy=off --lookup-policy=6bit:shared_instance=1 -p 64 -v -J '{log}' -o '{output}' '{input}'
0d8c1807eeccf109afd7c8de63ff038919fcb61b,1920x1080,1920,1080,2073600,64,6,1,warmup,1,ascending,31,pipeline,180,18,270,0,4,2,4,2,1,4,4,180,180,1,1,0,yes,yes,0.108779,0.050394999999999995,0.03512900000000001,908631,4ef1546450cdcc25ee240aea839ccbd5d104a264520d95c368c7ca479e2f5a2d,0.108779,'{img2sixel}' --threads=6 --precision=8bit --quality=full --sampling-policy=full-frame --binning-policy=hard --quantize-model=kmeans:seed=1 --merge-policy=ward -Xoklab -Wgamma --diffusion=fs:scan=raster --gpu-policy=off --lookup-policy=6bit:shared_instance=1 -p 64 -v -J '{log}' -o '{output}' '{input}'
0d8c1807eeccf109afd7c8de63ff038919fcb61b,1920x1080,1920,1080,2073600,64,8,1,warmup,1,ascending,32,pipeline,180,24,180,0,6,2,6,2,1,6,6,180,180,1,1,0,yes,yes,0.094156,0.050092,0.024158000000000013,907430,9ce3d55b59906a18142ac1c421935bb14e956e41da367cdc0695cd784c27db87,0.094156,'{img2sixel}' --threads=8 --precision=8bit --quality=full --sampling-policy=full-frame --binning-policy=hard --quantize-model=kmeans:seed=1 --merge-policy=ward -Xoklab -Wgamma --diffusion=fs:scan=raster --gpu-policy=off --lookup-policy=6bit:shared_instance=1 -p 64 -v -J '{log}' -o '{output}' '{input}'
0d8c1807eeccf109afd7c8de63ff038919fcb61b,1920x1080,1920,1080,2073600,96,2,1,warmup,1,ascending,33,pipeline,180,6,1080,0,1,1,0,2,1,0,0,180,180,1,1,0,no,no,0.150689,0.053201000000000005,0.052585999999999994,924457,e3ffd159c55635523e5349431c27dbafb656138a2c4e88bbb944a4e52f143f0d,0.150689,'{img2sixel}' --threads=2 --precision=8bit --quality=full --sampling-policy=full-frame --binning-policy=hard --quantize-model=kmeans:seed=1 --merge-policy=ward -Xoklab -Wgamma --diffusion=fs:scan=raster --gpu-policy=off --lookup-policy=6bit:shared_instance=1 -p 96 -v -J '{log}' -o '{output}' '{input}'
0d8c1807eeccf109afd7c8de63ff038919fcb61b,1920x1080,1920,1080,2073600,96,4,1,warmup,1,ascending,34,pipeline,180,12,540,0,2,2,2,2,1,2,2,180,180,1,1,0,yes,yes,0.170519,0.05207899999999999,0.088496,917740,0e9702b7aa0389fc9d15b0855fcaa048fb3ea8980d9c501c7bde9d4eebbea09b,0.170519,'{img2sixel}' --threads=4 --precision=8bit --quality=full --sampling-policy=full-frame --binning-policy=hard --quantize-model=kmeans:seed=1 --merge-policy=ward -Xoklab -Wgamma --diffusion=fs:scan=raster --gpu-policy=off --lookup-policy=6bit:shared_instance=1 -p 96 -v -J '{log}' -o '{output}' '{input}'
0d8c1807eeccf109afd7c8de63ff038919fcb61b,1920x1080,1920,1080,2073600,96,6,1,warmup,1,ascending,35,pipeline,180,18,270,0,4,2,4,2,1,4,4,180,180,1,1,0,yes,yes,0.121846,0.052313,0.046630000000000005,917055,9ecb9fa30789b9320deaae4c39133488853ccd993bdf007e9723872722b71376,0.121846,'{img2sixel}' --threads=6 --precision=8bit --quality=full --sampling-policy=full-frame --binning-policy=hard --quantize-model=kmeans:seed=1 --merge-policy=ward -Xoklab -Wgamma --diffusion=fs:scan=raster --gpu-policy=off --lookup-policy=6bit:shared_instance=1 -p 96 -v -J '{log}' -o '{output}' '{input}'
0d8c1807eeccf109afd7c8de63ff038919fcb61b,1920x1080,1920,1080,2073600,96,8,1,warmup,1,ascending,36,pipeline,180,24,180,0,6,2,6,3,1,6,6,180,180,1,1,0,yes,yes,0.105364,0.053315,0.031631000000000006,916302,415887b83c7061ab1a93a768bc26bc5abb1a19fa6d787757728899710ae400b2,0.105364,'{img2sixel}' --threads=8 --precision=8bit --quality=full --sampling-policy=full-frame --binning-policy=hard --quantize-model=kmeans:seed=1 --merge-policy=ward -Xoklab -Wgamma --diffusion=fs:scan=raster --gpu-policy=off --lookup-policy=6bit:shared_instance=1 -p 96 -v -J '{log}' -o '{output}' '{input}'
0d8c1807eeccf109afd7c8de63ff038919fcb61b,1920x1080,1920,1080,2073600,128,2,1,warmup,1,ascending,37,pipeline,180,6,1080,0,1,1,0,2,1,0,0,180,180,1,1,0,no,no,0.157208,0.05758699999999999,0.053091999999999986,935411,2c55b62d33ca73354b3a6a4f055eef9664068ea68b9694b1f940b514ccc96284,0.157208,'{img2sixel}' --threads=2 --precision=8bit --quality=full --sampling-policy=full-frame --binning-policy=hard --quantize-model=kmeans:seed=1 --merge-policy=ward -Xoklab -Wgamma --diffusion=fs:scan=raster --gpu-policy=off --lookup-policy=6bit:shared_instance=1 -p 128 -v -J '{log}' -o '{output}' '{input}'
0d8c1807eeccf109afd7c8de63ff038919fcb61b,1920x1080,1920,1080,2073600,128,4,1,warmup,1,ascending,38,pipeline,180,12,540,0,2,2,2,2,1,2,2,180,180,1,1,0,yes,yes,0.209433,0.063715,0.11691900000000001,925053,daa306dcf2662851b709ac0899a2e41b67324fec65748ecbbe7a575b8b9afe7b,0.209433,'{img2sixel}' --threads=4 --precision=8bit --quality=full --sampling-policy=full-frame --binning-policy=hard --quantize-model=kmeans:seed=1 --merge-policy=ward -Xoklab -Wgamma --diffusion=fs:scan=raster --gpu-policy=off --lookup-policy=6bit:shared_instance=1 -p 128 -v -J '{log}' -o '{output}' '{input}'
0d8c1807eeccf109afd7c8de63ff038919fcb61b,1920x1080,1920,1080,2073600,128,6,1,warmup,1,ascending,39,pipeline,180,18,270,0,4,2,4,2,1,4,4,180,180,1,1,0,yes,yes,0.148916,0.06259400000000001,0.060801999999999995,924219,a8b497bda6088812479c70c2d83956c856d8b2f575e6759cd0a6c35d6317ef3e,0.148916,'{img2sixel}' --threads=6 --precision=8bit --quality=full --sampling-policy=full-frame --binning-policy=hard --quantize-model=kmeans:seed=1 --merge-policy=ward -Xoklab -Wgamma --diffusion=fs:scan=raster --gpu-policy=off --lookup-policy=6bit:shared_instance=1 -p 128 -v -J '{log}' -o '{output}' '{input}'
0d8c1807eeccf109afd7c8de63ff038919fcb61b,1920x1080,1920,1080,2073600,128,8,1,warmup,1,ascending,40,pipeline,180,24,180,0,6,2,6,2,1,6,6,180,180,1,1,0,yes,yes,0.12603999999999999,0.063338,0.04117499999999999,923734,11d726abf12f48ebc704500352a869da531df0bfae4ef8916e4ac3f7e6c464f0,0.12603999999999999,'{img2sixel}' --threads=8 --precision=8bit --quality=full --sampling-policy=full-frame --binning-policy=hard --quantize-model=kmeans:seed=1 --merge-policy=ward -Xoklab -Wgamma --diffusion=fs:scan=raster --gpu-policy=off --lookup-policy=6bit:shared_instance=1 -p 128 -v -J '{log}' -o '{output}' '{input}'
0d8c1807eeccf109afd7c8de63ff038919fcb61b,1920x1080,1920,1080,2073600,192,2,1,warmup,1,ascending,41,pipeline,180,6,1080,0,1,1,0,2,1,0,0,180,180,1,1,0,no,no,0.162038,0.062584,0.05422199999999999,945977,9b4b09a366576c27437bf8750bca6ca1aad9e78164280ecda79b0382439872cc,0.162038,'{img2sixel}' --threads=2 --precision=8bit --quality=full --sampling-policy=full-frame --binning-policy=hard --quantize-model=kmeans:seed=1 --merge-policy=ward -Xoklab -Wgamma --diffusion=fs:scan=raster --gpu-policy=off --lookup-policy=6bit:shared_instance=1 -p 192 -v -J '{log}' -o '{output}' '{input}'
0d8c1807eeccf109afd7c8de63ff038919fcb61b,1920x1080,1920,1080,2073600,192,4,1,warmup,1,ascending,42,pipeline,180,12,540,0,2,2,2,2,1,2,2,180,180,1,1,0,yes,yes,0.25102,0.061921000000000004,0.160047,937823,e54877651a1c22c47b78c9e5b694e0c34aa7d9bd9fe052e2442c660366c67fcc,0.25102,'{img2sixel}' --threads=4 --precision=8bit --quality=full --sampling-policy=full-frame --binning-policy=hard --quantize-model=kmeans:seed=1 --merge-policy=ward -Xoklab -Wgamma --diffusion=fs:scan=raster --gpu-policy=off --lookup-policy=6bit:shared_instance=1 -p 192 -v -J '{log}' -o '{output}' '{input}'
0d8c1807eeccf109afd7c8de63ff038919fcb61b,1920x1080,1920,1080,2073600,192,6,1,warmup,1,ascending,43,pipeline,180,18,270,0,4,2,4,2,1,4,4,180,180,1,1,0,yes,yes,0.16872399999999999,0.06156999999999999,0.08432499999999998,937739,8ad3bd073748aa5a9e28b32c315b4aec12a492dedf2ffd4c65d6ea61994812d3,0.16872399999999999,'{img2sixel}' --threads=6 --precision=8bit --quality=full --sampling-policy=full-frame --binning-policy=hard --quantize-model=kmeans:seed=1 --merge-policy=ward -Xoklab -Wgamma --diffusion=fs:scan=raster --gpu-policy=off --lookup-policy=6bit:shared_instance=1 -p 192 -v -J '{log}' -o '{output}' '{input}'
0d8c1807eeccf109afd7c8de63ff038919fcb61b,1920x1080,1920,1080,2073600,192,8,1,warmup,1,ascending,44,pipeline,180,24,180,0,6,2,6,2,1,6,6,180,180,1,1,0,yes,yes,0.138369,0.06206299999999999,0.056311,935913,99e99ca6bef5ddecef432cd7e1fc8f77bb32ea31aac5afd2f49c2fc505dc267e,0.138369,'{img2sixel}' --threads=8 --precision=8bit --quality=full --sampling-policy=full-frame --binning-policy=hard --quantize-model=kmeans:seed=1 --merge-policy=ward -Xoklab -Wgamma --diffusion=fs:scan=raster --gpu-policy=off --lookup-policy=6bit:shared_instance=1 -p 192 -v -J '{log}' -o '{output}' '{input}'
0d8c1807eeccf109afd7c8de63ff038919fcb61b,1920x1080,1920,1080,2073600,256,2,1,warmup,1,ascending,45,pipeline,180,6,1080,0,1,1,0,2,1,0,0,180,180,1,1,0,no,no,0.17266499999999999,0.07039599999999999,0.05685499999999999,956076,a49548f54d89f64a4c92e8399dd21a1c5696ef15cdb5ef06c539336fe36614f1,0.17266499999999999,'{img2sixel}' --threads=2 --precision=8bit --quality=full --sampling-policy=full-frame --binning-policy=hard --quantize-model=kmeans:seed=1 --merge-policy=ward -Xoklab -Wgamma --diffusion=fs:scan=raster --gpu-policy=off --lookup-policy=6bit:shared_instance=1 -p 256 -v -J '{log}' -o '{output}' '{input}'
0d8c1807eeccf109afd7c8de63ff038919fcb61b,1920x1080,1920,1080,2073600,256,4,1,warmup,1,ascending,46,pipeline,180,12,540,0,2,2,2,2,1,2,2,180,180,1,1,0,yes,yes,0.305937,0.06955800000000001,0.20649300000000004,943463,1580e35f41a54d02b3a525d3445f61f5ea0759e9a12fb946659bb6a3308af6f8,0.305937,'{img2sixel}' --threads=4 --precision=8bit --quality=full --sampling-policy=full-frame --binning-policy=hard --quantize-model=kmeans:seed=1 --merge-policy=ward -Xoklab -Wgamma --diffusion=fs:scan=raster --gpu-policy=off --lookup-policy=6bit:shared_instance=1 -p 256 -v -J '{log}' -o '{output}' '{input}'
0d8c1807eeccf109afd7c8de63ff038919fcb61b,1920x1080,1920,1080,2073600,256,6,1,warmup,1,ascending,47,pipeline,180,18,270,0,4,2,4,2,1,4,4,180,180,1,1,0,yes,yes,0.198663,0.068863,0.10703300000000002,942990,1c9647bbb528873f3988babda69e55baa91babc41d009a639419298e633ed40a,0.198663,'{img2sixel}' --threads=6 --precision=8bit --quality=full --sampling-policy=full-frame --binning-policy=hard --quantize-model=kmeans:seed=1 --merge-policy=ward -Xoklab -Wgamma --diffusion=fs:scan=raster --gpu-policy=off --lookup-policy=6bit:shared_instance=1 -p 256 -v -J '{log}' -o '{output}' '{input}'
0d8c1807eeccf109afd7c8de63ff038919fcb61b,1920x1080,1920,1080,2073600,256,8,1,warmup,1,ascending,48,pipeline,180,24,180,0,6,2,6,2,1,6,6,180,180,1,1,0,yes,yes,0.160885,0.06934299999999999,0.071386,941823,a056fbe48541fd6e7d350002ac8ff5e4380576548e56478eb19423bde7fb6b24,0.160885,'{img2sixel}' --threads=8 --precision=8bit --quality=full --sampling-policy=full-frame --binning-policy=hard --quantize-model=kmeans:seed=1 --merge-policy=ward -Xoklab -Wgamma --diffusion=fs:scan=raster --gpu-policy=off --lookup-policy=6bit:shared_instance=1 -p 256 -v -J '{log}' -o '{output}' '{input}'
0d8c1807eeccf109afd7c8de63ff038919fcb61b,1920x1080,1920,1080,2073600,256,8,2,warmup,2,descending,1,pipeline,180,24,180,0,6,2,6,2,1,6,6,180,180,1,1,0,yes,yes,0.164414,0.07144299999999999,0.071802,941823,a056fbe48541fd6e7d350002ac8ff5e4380576548e56478eb19423bde7fb6b24,0.164414,'{img2sixel}' --threads=8 --precision=8bit --quality=full --sampling-policy=full-frame --binning-policy=hard --quantize-model=kmeans:seed=1 --merge-policy=ward -Xoklab -Wgamma --diffusion=fs:scan=raster --gpu-policy=off --lookup-policy=6bit:shared_instance=1 -p 256 -v -J '{log}' -o '{output}' '{input}'
0d8c1807eeccf109afd7c8de63ff038919fcb61b,1920x1080,1920,1080,2073600,256,6,2,warmup,2,descending,2,pipeline,180,18,270,0,4,2,4,2,1,4,4,180,180,1,1,0,yes,yes,0.19918,0.069571,0.106486,942990,1c9647bbb528873f3988babda69e55baa91babc41d009a639419298e633ed40a,0.19918,'{img2sixel}' --threads=6 --precision=8bit --quality=full --sampling-policy=full-frame --binning-policy=hard --quantize-model=kmeans:seed=1 --merge-policy=ward -Xoklab -Wgamma --diffusion=fs:scan=raster --gpu-policy=off --lookup-policy=6bit:shared_instance=1 -p 256 -v -J '{log}' -o '{output}' '{input}'
0d8c1807eeccf109afd7c8de63ff038919fcb61b,1920x1080,1920,1080,2073600,256,4,2,warmup,2,descending,3,pipeline,180,12,540,0,2,2,2,2,1,2,2,180,180,1,1,0,yes,yes,0.30580500000000005,0.070322,0.20589400000000002,943463,1580e35f41a54d02b3a525d3445f61f5ea0759e9a12fb946659bb6a3308af6f8,0.30580500000000005,'{img2sixel}' --threads=4 --precision=8bit --quality=full --sampling-policy=full-frame --binning-policy=hard --quantize-model=kmeans:seed=1 --merge-policy=ward -Xoklab -Wgamma --diffusion=fs:scan=raster --gpu-policy=off --lookup-policy=6bit:shared_instance=1 -p 256 -v -J '{log}' -o '{output}' '{input}'
0d8c1807eeccf109afd7c8de63ff038919fcb61b,1920x1080,1920,1080,2073600,256,2,2,warmup,2,descending,4,pipeline,180,6,1080,0,1,1,0,2,1,0,0,180,180,1,1,0,no,no,0.169464,0.06908500000000001,0.05572400000000001,956076,a49548f54d89f64a4c92e8399dd21a1c5696ef15cdb5ef06c539336fe36614f1,0.169464,'{img2sixel}' --threads=2 --precision=8bit --quality=full --sampling-policy=full-frame --binning-policy=hard --quantize-model=kmeans:seed=1 --merge-policy=ward -Xoklab -Wgamma --diffusion=fs:scan=raster --gpu-policy=off --lookup-policy=6bit:shared_instance=1 -p 256 -v -J '{log}' -o '{output}' '{input}'
0d8c1807eeccf109afd7c8de63ff038919fcb61b,1920x1080,1920,1080,2073600,192,8,2,warmup,2,descending,5,pipeline,180,24,180,0,6,2,6,2,1,6,6,180,180,1,1,0,yes,yes,0.140367,0.062664,0.056629,935913,99e99ca6bef5ddecef432cd7e1fc8f77bb32ea31aac5afd2f49c2fc505dc267e,0.140367,'{img2sixel}' --threads=8 --precision=8bit --quality=full --sampling-policy=full-frame --binning-policy=hard --quantize-model=kmeans:seed=1 --merge-policy=ward -Xoklab -Wgamma --diffusion=fs:scan=raster --gpu-policy=off --lookup-policy=6bit:shared_instance=1 -p 192 -v -J '{log}' -o '{output}' '{input}'
0d8c1807eeccf109afd7c8de63ff038919fcb61b,1920x1080,1920,1080,2073600,192,6,2,warmup,2,descending,6,pipeline,180,18,270,0,4,2,4,2,1,4,4,180,180,1,1,0,yes,yes,0.16819499999999998,0.062227,0.08301899999999998,937739,8ad3bd073748aa5a9e28b32c315b4aec12a492dedf2ffd4c65d6ea61994812d3,0.16819499999999998,'{img2sixel}' --threads=6 --precision=8bit --quality=full --sampling-policy=full-frame --binning-policy=hard --quantize-model=kmeans:seed=1 --merge-policy=ward -Xoklab -Wgamma --diffusion=fs:scan=raster --gpu-policy=off --lookup-policy=6bit:shared_instance=1 -p 192 -v -J '{log}' -o '{output}' '{input}'
0d8c1807eeccf109afd7c8de63ff038919fcb61b,1920x1080,1920,1080,2073600,192,4,2,warmup,2,descending,7,pipeline,180,12,540,0,2,2,2,2,1,2,2,180,180,1,1,0,yes,yes,0.251893,0.062261000000000004,0.16092999999999996,937823,e54877651a1c22c47b78c9e5b694e0c34aa7d9bd9fe052e2442c660366c67fcc,0.251893,'{img2sixel}' --threads=4 --precision=8bit --quality=full --sampling-policy=full-frame --binning-policy=hard --quantize-model=kmeans:seed=1 --merge-policy=ward -Xoklab -Wgamma --diffusion=fs:scan=raster --gpu-policy=off --lookup-policy=6bit:shared_instance=1 -p 192 -v -J '{log}' -o '{output}' '{input}'
0d8c1807eeccf109afd7c8de63ff038919fcb61b,1920x1080,1920,1080,2073600,192,2,2,warmup,2,descending,8,pipeline,180,6,1080,0,1,1,0,2,1,0,0,180,180,1,1,0,no,no,0.16075899999999999,0.061576,0.05472099999999999,945977,9b4b09a366576c27437bf8750bca6ca1aad9e78164280ecda79b0382439872cc,0.16075899999999999,'{img2sixel}' --threads=2 --precision=8bit --quality=full --sampling-policy=full-frame --binning-policy=hard --quantize-model=kmeans:seed=1 --merge-policy=ward -Xoklab -Wgamma --diffusion=fs:scan=raster --gpu-policy=off --lookup-policy=6bit:shared_instance=1 -p 192 -v -J '{log}' -o '{output}' '{input}'
0d8c1807eeccf109afd7c8de63ff038919fcb61b,1920x1080,1920,1080,2073600,128,8,2,warmup,2,descending,9,pipeline,180,24,180,0,6,2,6,2,1,6,6,180,180,1,1,0,yes,yes,0.118502,0.056396,0.04063,923734,11d726abf12f48ebc704500352a869da531df0bfae4ef8916e4ac3f7e6c464f0,0.118502,'{img2sixel}' --threads=8 --precision=8bit --quality=full --sampling-policy=full-frame --binning-policy=hard --quantize-model=kmeans:seed=1 --merge-policy=ward -Xoklab -Wgamma --diffusion=fs:scan=raster --gpu-policy=off --lookup-policy=6bit:shared_instance=1 -p 128 -v -J '{log}' -o '{output}' '{input}'
0d8c1807eeccf109afd7c8de63ff038919fcb61b,1920x1080,1920,1080,2073600,128,6,2,warmup,2,descending,10,pipeline,180,18,270,0,4,2,4,2,1,4,4,180,180,1,1,0,yes,yes,0.13883399999999999,0.056314,0.05982399999999999,924219,a8b497bda6088812479c70c2d83956c856d8b2f575e6759cd0a6c35d6317ef3e,0.13883399999999999,'{img2sixel}' --threads=6 --precision=8bit --quality=full --sampling-policy=full-frame --binning-policy=hard --quantize-model=kmeans:seed=1 --merge-policy=ward -Xoklab -Wgamma --diffusion=fs:scan=raster --gpu-policy=off --lookup-policy=6bit:shared_instance=1 -p 128 -v -J '{log}' -o '{output}' '{input}'
0d8c1807eeccf109afd7c8de63ff038919fcb61b,1920x1080,1920,1080,2073600,128,4,2,warmup,2,descending,11,pipeline,180,12,540,0,2,2,2,2,1,2,2,180,180,1,1,0,yes,yes,0.20029,0.0562,0.115381,925053,daa306dcf2662851b709ac0899a2e41b67324fec65748ecbbe7a575b8b9afe7b,0.20029,'{img2sixel}' --threads=4 --precision=8bit --quality=full --sampling-policy=full-frame --binning-policy=hard --quantize-model=kmeans:seed=1 --merge-policy=ward -Xoklab -Wgamma --diffusion=fs:scan=raster --gpu-policy=off --lookup-policy=6bit:shared_instance=1 -p 128 -v -J '{log}' -o '{output}' '{input}'
0d8c1807eeccf109afd7c8de63ff038919fcb61b,1920x1080,1920,1080,2073600,128,2,2,warmup,2,descending,12,pipeline,180,6,1080,0,1,1,0,2,1,0,0,180,180,1,1,0,no,no,0.152278,0.055167999999999995,0.052725999999999995,935411,2c55b62d33ca73354b3a6a4f055eef9664068ea68b9694b1f940b514ccc96284,0.152278,'{img2sixel}' --threads=2 --precision=8bit --quality=full --sampling-policy=full-frame --binning-policy=hard --quantize-model=kmeans:seed=1 --merge-policy=ward -Xoklab -Wgamma --diffusion=fs:scan=raster --gpu-policy=off --lookup-policy=6bit:shared_instance=1 -p 128 -v -J '{log}' -o '{output}' '{input}'
0d8c1807eeccf109afd7c8de63ff038919fcb61b,1920x1080,1920,1080,2073600,96,8,2,warmup,2,descending,13,pipeline,180,24,180,0,6,2,6,3,1,6,6,180,180,1,1,0,yes,yes,0.10488499999999999,0.052686000000000004,0.031513,916302,415887b83c7061ab1a93a768bc26bc5abb1a19fa6d787757728899710ae400b2,0.10488499999999999,'{img2sixel}' --threads=8 --precision=8bit --quality=full --sampling-policy=full-frame --binning-policy=hard --quantize-model=kmeans:seed=1 --merge-policy=ward -Xoklab -Wgamma --diffusion=fs:scan=raster --gpu-policy=off --lookup-policy=6bit:shared_instance=1 -p 96 -v -J '{log}' -o '{output}' '{input}'
0d8c1807eeccf109afd7c8de63ff038919fcb61b,1920x1080,1920,1080,2073600,96,6,2,warmup,2,descending,14,pipeline,180,18,270,0,4,2,4,2,1,4,4,180,180,1,1,0,yes,yes,0.121552,0.05281000000000001,0.04620099999999999,917055,9ecb9fa30789b9320deaae4c39133488853ccd993bdf007e9723872722b71376,0.121552,'{img2sixel}' --threads=6 --precision=8bit --quality=full --sampling-policy=full-frame --binning-policy=hard --quantize-model=kmeans:seed=1 --merge-policy=ward -Xoklab -Wgamma --diffusion=fs:scan=raster --gpu-policy=off --lookup-policy=6bit:shared_instance=1 -p 96 -v -J '{log}' -o '{output}' '{input}'
0d8c1807eeccf109afd7c8de63ff038919fcb61b,1920x1080,1920,1080,2073600,96,4,2,warmup,2,descending,15,pipeline,180,12,540,0,2,2,2,2,1,2,2,180,180,1,1,0,yes,yes,0.170242,0.053065,0.08858600000000001,917740,0e9702b7aa0389fc9d15b0855fcaa048fb3ea8980d9c501c7bde9d4eebbea09b,0.170242,'{img2sixel}' --threads=4 --precision=8bit --quality=full --sampling-policy=full-frame --binning-policy=hard --quantize-model=kmeans:seed=1 --merge-policy=ward -Xoklab -Wgamma --diffusion=fs:scan=raster --gpu-policy=off --lookup-policy=6bit:shared_instance=1 -p 96 -v -J '{log}' -o '{output}' '{input}'
0d8c1807eeccf109afd7c8de63ff038919fcb61b,1920x1080,1920,1080,2073600,96,2,2,warmup,2,descending,16,pipeline,180,6,1080,0,1,1,0,2,1,0,0,180,180,1,1,0,no,no,0.149282,0.052668,0.052309999999999995,924457,e3ffd159c55635523e5349431c27dbafb656138a2c4e88bbb944a4e52f143f0d,0.149282,'{img2sixel}' --threads=2 --precision=8bit --quality=full --sampling-policy=full-frame --binning-policy=hard --quantize-model=kmeans:seed=1 --merge-policy=ward -Xoklab -Wgamma --diffusion=fs:scan=raster --gpu-policy=off --lookup-policy=6bit:shared_instance=1 -p 96 -v -J '{log}' -o '{output}' '{input}'
0d8c1807eeccf109afd7c8de63ff038919fcb61b,1920x1080,1920,1080,2073600,64,8,2,warmup,2,descending,17,pipeline,180,24,180,0,6,2,6,2,1,6,6,180,180,1,1,0,yes,yes,0.094887,0.050064000000000004,0.024190000000000003,907430,9ce3d55b59906a18142ac1c421935bb14e956e41da367cdc0695cd784c27db87,0.094887,'{img2sixel}' --threads=8 --precision=8bit --quality=full --sampling-policy=full-frame --binning-policy=hard --quantize-model=kmeans:seed=1 --merge-policy=ward -Xoklab -Wgamma --diffusion=fs:scan=raster --gpu-policy=off --lookup-policy=6bit:shared_instance=1 -p 64 -v -J '{log}' -o '{output}' '{input}'
0d8c1807eeccf109afd7c8de63ff038919fcb61b,1920x1080,1920,1080,2073600,64,6,2,warmup,2,descending,18,pipeline,180,18,270,0,4,2,4,2,1,4,4,180,180,1,1,0,yes,yes,0.107842,0.050186999999999996,0.03507099999999999,908631,4ef1546450cdcc25ee240aea839ccbd5d104a264520d95c368c7ca479e2f5a2d,0.107842,'{img2sixel}' --threads=6 --precision=8bit --quality=full --sampling-policy=full-frame --binning-policy=hard --quantize-model=kmeans:seed=1 --merge-policy=ward -Xoklab -Wgamma --diffusion=fs:scan=raster --gpu-policy=off --lookup-policy=6bit:shared_instance=1 -p 64 -v -J '{log}' -o '{output}' '{input}'
0d8c1807eeccf109afd7c8de63ff038919fcb61b,1920x1080,1920,1080,2073600,64,4,2,warmup,2,descending,19,pipeline,180,12,540,0,2,2,2,2,1,2,2,180,180,1,1,0,yes,yes,0.145311,0.050493,0.066191,909107,42edf14ecc8e80e2d7c0dfae4ba5c80b920b0a350d5b5a2c3ba2f32dd5a2e6c0,0.145311,'{img2sixel}' --threads=4 --precision=8bit --quality=full --sampling-policy=full-frame --binning-policy=hard --quantize-model=kmeans:seed=1 --merge-policy=ward -Xoklab -Wgamma --diffusion=fs:scan=raster --gpu-policy=off --lookup-policy=6bit:shared_instance=1 -p 64 -v -J '{log}' -o '{output}' '{input}'
0d8c1807eeccf109afd7c8de63ff038919fcb61b,1920x1080,1920,1080,2073600,64,2,2,warmup,2,descending,20,pipeline,180,6,1080,0,1,1,0,2,1,0,0,180,180,1,1,0,no,no,0.144916,0.049555999999999996,0.05110999999999999,912800,38fdff26d969de5a6ee7b315c32fc963a2dddef26bba8ff90ce5631697117ce4,0.144916,'{img2sixel}' --threads=2 --precision=8bit --quality=full --sampling-policy=full-frame --binning-policy=hard --quantize-model=kmeans:seed=1 --merge-policy=ward -Xoklab -Wgamma --diffusion=fs:scan=raster --gpu-policy=off --lookup-policy=6bit:shared_instance=1 -p 64 -v -J '{log}' -o '{output}' '{input}'
0d8c1807eeccf109afd7c8de63ff038919fcb61b,1920x1080,1920,1080,2073600,48,8,2,warmup,2,descending,21,pipeline,180,24,180,0,6,2,6,2,1,6,6,180,180,1,1,0,yes,yes,0.089923,0.04865099999999999,0.020428,887104,8cffeb5ede0de260e06ab2b717cf35ea7b0f4ea8957ea8c49933d7cb9da30aec,0.089923,'{img2sixel}' --threads=8 --precision=8bit --quality=full --sampling-policy=full-frame --binning-policy=hard --quantize-model=kmeans:seed=1 --merge-policy=ward -Xoklab -Wgamma --diffusion=fs:scan=raster --gpu-policy=off --lookup-policy=6bit:shared_instance=1 -p 48 -v -J '{log}' -o '{output}' '{input}'
0d8c1807eeccf109afd7c8de63ff038919fcb61b,1920x1080,1920,1080,2073600,48,6,2,warmup,2,descending,22,pipeline,180,18,270,0,4,2,4,2,1,4,4,180,180,1,1,0,yes,yes,0.10083099999999999,0.04905799999999999,0.02925599999999999,887400,ec595f45a1b8101e044204eed515215019022c721faf3334f09fb14b08569867,0.10083099999999999,'{img2sixel}' --threads=6 --precision=8bit --quality=full --sampling-policy=full-frame --binning-policy=hard --quantize-model=kmeans:seed=1 --merge-policy=ward -Xoklab -Wgamma --diffusion=fs:scan=raster --gpu-policy=off --lookup-policy=6bit:shared_instance=1 -p 48 -v -J '{log}' -o '{output}' '{input}'
0d8c1807eeccf109afd7c8de63ff038919fcb61b,1920x1080,1920,1080,2073600,48,4,2,warmup,2,descending,23,pipeline,180,12,540,0,2,2,2,2,1,2,2,180,180,1,1,0,yes,yes,0.132467,0.049132999999999996,0.054854,888241,8a8344876e49fe5edf0da1147561b61e72a23c474a33a16c23e8ca56704ed02a,0.132467,'{img2sixel}' --threads=4 --precision=8bit --quality=full --sampling-policy=full-frame --binning-policy=hard --quantize-model=kmeans:seed=1 --merge-policy=ward -Xoklab -Wgamma --diffusion=fs:scan=raster --gpu-policy=off --lookup-policy=6bit:shared_instance=1 -p 48 -v -J '{log}' -o '{output}' '{input}'
0d8c1807eeccf109afd7c8de63ff038919fcb61b,1920x1080,1920,1080,2073600,48,2,2,warmup,2,descending,24,pipeline,180,6,1080,0,1,1,0,2,1,0,0,180,180,1,1,0,no,no,0.143422,0.048215,0.050804,891077,7780e6b5b548a72bd6cdd6744a1b3e9fec2dd1b92e7d8b7a0a76fb8d5fc85061,0.143422,'{img2sixel}' --threads=2 --precision=8bit --quality=full --sampling-policy=full-frame --binning-policy=hard --quantize-model=kmeans:seed=1 --merge-policy=ward -Xoklab -Wgamma --diffusion=fs:scan=raster --gpu-policy=off --lookup-policy=6bit:shared_instance=1 -p 48 -v -J '{log}' -o '{output}' '{input}'
0d8c1807eeccf109afd7c8de63ff038919fcb61b,1920x1080,1920,1080,2073600,32,8,2,warmup,2,descending,25,pipeline,180,24,180,6,6,2,6,2,1,6,6,180,180,1,1,0,yes,yes,0.084794,0.047033000000000005,0.017192,866527,b8b43c3d38222192589e79a980311583252284c7b31f5d802e441ba9acd6f1b1,0.084794,'{img2sixel}' --threads=8 --precision=8bit --quality=full --sampling-policy=full-frame --binning-policy=hard --quantize-model=kmeans:seed=1 --merge-policy=ward -Xoklab -Wgamma --diffusion=fs:scan=raster --gpu-policy=off --lookup-policy=6bit:shared_instance=1 -p 32 -v -J '{log}' -o '{output}' '{input}'
0d8c1807eeccf109afd7c8de63ff038919fcb61b,1920x1080,1920,1080,2073600,32,6,2,warmup,2,descending,26,pipeline,180,18,270,6,4,2,4,2,1,4,4,180,180,1,1,0,yes,yes,0.09394,0.047257999999999994,0.023904999999999996,866266,502cf9d8c64b1d2e73c7fdb0b9dc9bb09900862558deb1bb3e8622e96744a29f,0.09394,'{img2sixel}' --threads=6 --precision=8bit --quality=full --sampling-policy=full-frame --binning-policy=hard --quantize-model=kmeans:seed=1 --merge-policy=ward -Xoklab -Wgamma --diffusion=fs:scan=raster --gpu-policy=off --lookup-policy=6bit:shared_instance=1 -p 32 -v -J '{log}' -o '{output}' '{input}'
0d8c1807eeccf109afd7c8de63ff038919fcb61b,1920x1080,1920,1080,2073600,32,4,2,warmup,2,descending,27,pipeline,180,12,540,6,2,2,2,2,1,2,2,180,180,1,1,0,yes,yes,0.120421,0.04727300000000001,0.044424000000000005,866519,e32c425303f0136f2a68707137be1d6e26dc6d49f286d028f35c8a431a8d6abf,0.120421,'{img2sixel}' --threads=4 --precision=8bit --quality=full --sampling-policy=full-frame --binning-policy=hard --quantize-model=kmeans:seed=1 --merge-policy=ward -Xoklab -Wgamma --diffusion=fs:scan=raster --gpu-policy=off --lookup-policy=6bit:shared_instance=1 -p 32 -v -J '{log}' -o '{output}' '{input}'
0d8c1807eeccf109afd7c8de63ff038919fcb61b,1920x1080,1920,1080,2073600,32,2,2,warmup,2,descending,28,pipeline,180,6,1080,6,1,1,0,2,1,0,0,180,180,1,1,0,no,no,0.142306,0.046806999999999994,0.05034499999999999,868514,492c029a3e797c359cf5c60aebaee0d03c4a15884c35f4e9c8d03b94eb12dda5,0.142306,'{img2sixel}' --threads=2 --precision=8bit --quality=full --sampling-policy=full-frame --binning-policy=hard --quantize-model=kmeans:seed=1 --merge-policy=ward -Xoklab -Wgamma --diffusion=fs:scan=raster --gpu-policy=off --lookup-policy=6bit:shared_instance=1 -p 32 -v -J '{log}' -o '{output}' '{input}'
0d8c1807eeccf109afd7c8de63ff038919fcb61b,1920x1080,1920,1080,2073600,24,8,2,warmup,2,descending,29,pipeline,180,24,180,6,6,2,6,2,1,6,6,180,180,1,1,0,yes,yes,0.081604,0.046609000000000005,0.015298999999999993,851406,1618de9c692ae7ca76c7e0f3447d20d780de9698af467f8fd82888e61fb04c4a,0.081604,'{img2sixel}' --threads=8 --precision=8bit --quality=full --sampling-policy=full-frame --binning-policy=hard --quantize-model=kmeans:seed=1 --merge-policy=ward -Xoklab -Wgamma --diffusion=fs:scan=raster --gpu-policy=off --lookup-policy=6bit:shared_instance=1 -p 24 -v -J '{log}' -o '{output}' '{input}'
0d8c1807eeccf109afd7c8de63ff038919fcb61b,1920x1080,1920,1080,2073600,24,6,2,warmup,2,descending,30,pipeline,180,18,270,6,4,2,4,2,1,4,4,180,180,1,1,0,yes,yes,0.090803,0.046866000000000005,0.021213999999999997,852061,ee3216b860be2972ed112e2d9836be0c32df2f8f1a5bfde5902b5bb2a30e6a6f,0.090803,'{img2sixel}' --threads=6 --precision=8bit --quality=full --sampling-policy=full-frame --binning-policy=hard --quantize-model=kmeans:seed=1 --merge-policy=ward -Xoklab -Wgamma --diffusion=fs:scan=raster --gpu-policy=off --lookup-policy=6bit:shared_instance=1 -p 24 -v -J '{log}' -o '{output}' '{input}'
0d8c1807eeccf109afd7c8de63ff038919fcb61b,1920x1080,1920,1080,2073600,24,4,2,warmup,2,descending,31,pipeline,180,12,540,6,2,2,2,2,1,2,2,180,180,1,1,0,yes,yes,0.11498699999999999,0.047397999999999996,0.038813,851828,5fa10ac569cc0d1e728d3a18eeb059393b06153fd7f5916d5ca6b223156bfb16,0.11498699999999999,'{img2sixel}' --threads=4 --precision=8bit --quality=full --sampling-policy=full-frame --binning-policy=hard --quantize-model=kmeans:seed=1 --merge-policy=ward -Xoklab -Wgamma --diffusion=fs:scan=raster --gpu-policy=off --lookup-policy=6bit:shared_instance=1 -p 24 -v -J '{log}' -o '{output}' '{input}'
0d8c1807eeccf109afd7c8de63ff038919fcb61b,1920x1080,1920,1080,2073600,24,2,2,warmup,2,descending,32,pipeline,180,6,1080,6,1,1,0,2,1,0,0,180,180,1,1,0,no,no,0.141513,0.046578999999999995,0.05011600000000001,852843,c64a25db3be8016a9d97455a077fa4a9c5d5e1b14c204ae3433c590ff1242789,0.141513,'{img2sixel}' --threads=2 --precision=8bit --quality=full --sampling-policy=full-frame --binning-policy=hard --quantize-model=kmeans:seed=1 --merge-policy=ward -Xoklab -Wgamma --diffusion=fs:scan=raster --gpu-policy=off --lookup-policy=6bit:shared_instance=1 -p 24 -v -J '{log}' -o '{output}' '{input}'
0d8c1807eeccf109afd7c8de63ff038919fcb61b,1920x1080,1920,1080,2073600,16,8,2,warmup,2,descending,33,pipeline,180,24,180,6,6,2,6,2,1,6,6,180,180,1,1,0,yes,yes,0.078876,0.045642,0.013426000000000007,778304,936c76354d28f1fa470d7824f034ecd6fa69cfc7273747c0a6b13dad7547c6f5,0.078876,'{img2sixel}' --threads=8 --precision=8bit --quality=full --sampling-policy=full-frame --binning-policy=hard --quantize-model=kmeans:seed=1 --merge-policy=ward -Xoklab -Wgamma --diffusion=fs:scan=raster --gpu-policy=off --lookup-policy=6bit:shared_instance=1 -p 16 -v -J '{log}' -o '{output}' '{input}'
0d8c1807eeccf109afd7c8de63ff038919fcb61b,1920x1080,1920,1080,2073600,16,6,2,warmup,2,descending,34,pipeline,180,18,270,6,4,2,4,2,1,4,4,180,180,1,1,0,yes,yes,0.087147,0.045907,0.018625000000000003,778375,ea03ad656c80dc06f39ba5e4910c6f3609f2e882d4fedf1ed01204930807b9ce,0.087147,'{img2sixel}' --threads=6 --precision=8bit --quality=full --sampling-policy=full-frame --binning-policy=hard --quantize-model=kmeans:seed=1 --merge-policy=ward -Xoklab -Wgamma --diffusion=fs:scan=raster --gpu-policy=off --lookup-policy=6bit:shared_instance=1 -p 16 -v -J '{log}' -o '{output}' '{input}'
0d8c1807eeccf109afd7c8de63ff038919fcb61b,1920x1080,1920,1080,2073600,16,4,2,warmup,2,descending,35,pipeline,180,12,540,6,2,2,2,2,1,2,2,180,180,1,1,0,yes,yes,0.108253,0.046084,0.033278,777860,ca5ae6547f613925edbf899d18e0d73a242789141a202982c52ea0906ae20b50,0.108253,'{img2sixel}' --threads=4 --precision=8bit --quality=full --sampling-policy=full-frame --binning-policy=hard --quantize-model=kmeans:seed=1 --merge-policy=ward -Xoklab -Wgamma --diffusion=fs:scan=raster --gpu-policy=off --lookup-policy=6bit:shared_instance=1 -p 16 -v -J '{log}' -o '{output}' '{input}'
0d8c1807eeccf109afd7c8de63ff038919fcb61b,1920x1080,1920,1080,2073600,16,2,2,warmup,2,descending,36,pipeline,180,6,1080,6,1,1,0,2,1,0,0,180,180,1,1,0,no,no,0.140342,0.045691,0.049562999999999996,780306,cd97ff7e86e680bb7a5f5ffc76370d823d4852fb7a0c3ea691f6d65a71a2720a,0.140342,'{img2sixel}' --threads=2 --precision=8bit --quality=full --sampling-policy=full-frame --binning-policy=hard --quantize-model=kmeans:seed=1 --merge-policy=ward -Xoklab -Wgamma --diffusion=fs:scan=raster --gpu-policy=off --lookup-policy=6bit:shared_instance=1 -p 16 -v -J '{log}' -o '{output}' '{input}'
0d8c1807eeccf109afd7c8de63ff038919fcb61b,1920x1080,1920,1080,2073600,8,8,2,warmup,2,descending,37,pipeline,180,24,180,6,6,2,6,2,1,6,6,180,180,1,1,0,yes,yes,0.07667299999999999,0.04522000000000001,0.011796000000000001,663251,eca0d80d7151e0d1019446e80c4499c1593c683128d81ed6b19bffe72702fcbb,0.07667299999999999,'{img2sixel}' --threads=8 --precision=8bit --quality=full --sampling-policy=full-frame --binning-policy=hard --quantize-model=kmeans:seed=1 --merge-policy=ward -Xoklab -Wgamma --diffusion=fs:scan=raster --gpu-policy=off --lookup-policy=6bit:shared_instance=1 -p 8 -v -J '{log}' -o '{output}' '{input}'
0d8c1807eeccf109afd7c8de63ff038919fcb61b,1920x1080,1920,1080,2073600,8,6,2,warmup,2,descending,38,pipeline,180,18,270,6,4,2,4,2,1,4,4,180,180,1,1,0,yes,yes,0.08343199999999999,0.045307,0.015372999999999998,663603,bb94b3b3d4d62846b024db824ed69063c2d9318a5fbe82fb631d77849f210807,0.08343199999999999,'{img2sixel}' --threads=6 --precision=8bit --quality=full --sampling-policy=full-frame --binning-policy=hard --quantize-model=kmeans:seed=1 --merge-policy=ward -Xoklab -Wgamma --diffusion=fs:scan=raster --gpu-policy=off --lookup-policy=6bit:shared_instance=1 -p 8 -v -J '{log}' -o '{output}' '{input}'
0d8c1807eeccf109afd7c8de63ff038919fcb61b,1920x1080,1920,1080,2073600,8,4,2,warmup,2,descending,39,pipeline,180,12,540,6,2,2,2,2,1,2,2,180,180,1,1,0,yes,yes,0.101405,0.045487,0.027152999999999997,663425,3495ae4d367b9ccf9f0e6a856a9f8732f71ec3df6f521d87a2a9660f687fc6fc,0.101405,'{img2sixel}' --threads=4 --precision=8bit --quality=full --sampling-policy=full-frame --binning-policy=hard --quantize-model=kmeans:seed=1 --merge-policy=ward -Xoklab -Wgamma --diffusion=fs:scan=raster --gpu-policy=off --lookup-policy=6bit:shared_instance=1 -p 8 -v -J '{log}' -o '{output}' '{input}'
0d8c1807eeccf109afd7c8de63ff038919fcb61b,1920x1080,1920,1080,2073600,8,2,2,warmup,2,descending,40,pipeline,180,6,1080,6,1,1,0,2,1,0,0,180,180,1,1,0,no,no,0.137372,0.04516100000000001,0.04728399999999999,663909,8a73164739b0782a2e4ead97e10f71c52ec4c70c35b9453cf9882bb7b19f37f9,0.137372,'{img2sixel}' --threads=2 --precision=8bit --quality=full --sampling-policy=full-frame --binning-policy=hard --quantize-model=kmeans:seed=1 --merge-policy=ward -Xoklab -Wgamma --diffusion=fs:scan=raster --gpu-policy=off --lookup-policy=6bit:shared_instance=1 -p 8 -v -J '{log}' -o '{output}' '{input}'
0d8c1807eeccf109afd7c8de63ff038919fcb61b,1920x1080,1920,1080,2073600,4,8,2,warmup,2,descending,41,pipeline,180,24,180,6,6,2,6,2,1,6,6,180,180,1,1,0,yes,yes,0.074441,0.04413800000000001,0.010691999999999993,518185,8fc76064332dcb33131abde93d715a2da6780e84ac707362106643d95b066fc9,0.074441,'{img2sixel}' --threads=8 --precision=8bit --quality=full --sampling-policy=full-frame --binning-policy=hard --quantize-model=kmeans:seed=1 --merge-policy=ward -Xoklab -Wgamma --diffusion=fs:scan=raster --gpu-policy=off --lookup-policy=6bit:shared_instance=1 -p 4 -v -J '{log}' -o '{output}' '{input}'
0d8c1807eeccf109afd7c8de63ff038919fcb61b,1920x1080,1920,1080,2073600,4,6,2,warmup,2,descending,42,pipeline,180,18,270,6,4,2,4,2,1,4,4,180,180,1,1,0,yes,yes,0.082121,0.044725,0.014092000000000007,519265,43adf93a566643c9e773f939ae35a239ba18ef7f394e2a40fda4fdeac618278e,0.082121,'{img2sixel}' --threads=6 --precision=8bit --quality=full --sampling-policy=full-frame --binning-policy=hard --quantize-model=kmeans:seed=1 --merge-policy=ward -Xoklab -Wgamma --diffusion=fs:scan=raster --gpu-policy=off --lookup-policy=6bit:shared_instance=1 -p 4 -v -J '{log}' -o '{output}' '{input}'
0d8c1807eeccf109afd7c8de63ff038919fcb61b,1920x1080,1920,1080,2073600,4,4,2,warmup,2,descending,43,pipeline,180,12,540,6,2,2,2,2,1,2,2,180,180,1,1,0,yes,yes,0.096857,0.044293,0.024303000000000005,518862,3e82217bab61936f11e452db01d56441cc6264c9e4118ea5cd012e2155ac0808,0.096857,'{img2sixel}' --threads=4 --precision=8bit --quality=full --sampling-policy=full-frame --binning-policy=hard --quantize-model=kmeans:seed=1 --merge-policy=ward -Xoklab -Wgamma --diffusion=fs:scan=raster --gpu-policy=off --lookup-policy=6bit:shared_instance=1 -p 4 -v -J '{log}' -o '{output}' '{input}'
0d8c1807eeccf109afd7c8de63ff038919fcb61b,1920x1080,1920,1080,2073600,4,2,2,warmup,2,descending,44,pipeline,180,6,1080,6,1,1,0,2,1,0,0,180,180,1,1,0,no,no,0.132999,0.044476,0.04377200000000002,518456,f48fb762eefd0876aca7b880be2ff1d470ee0eed9e8b27a752c5369bf6511263,0.132999,'{img2sixel}' --threads=2 --precision=8bit --quality=full --sampling-policy=full-frame --binning-policy=hard --quantize-model=kmeans:seed=1 --merge-policy=ward -Xoklab -Wgamma --diffusion=fs:scan=raster --gpu-policy=off --lookup-policy=6bit:shared_instance=1 -p 4 -v -J '{log}' -o '{output}' '{input}'
0d8c1807eeccf109afd7c8de63ff038919fcb61b,1920x1080,1920,1080,2073600,2,8,2,warmup,2,descending,45,pipeline,180,24,180,6,6,2,6,2,1,6,6,180,180,1,1,0,yes,yes,0.074875,0.044381000000000004,0.010436,273696,203d2423f41af5740017fbca18963a1389d3e15edef596f111a1454f4b643788,0.074875,'{img2sixel}' --threads=8 --precision=8bit --quality=full --sampling-policy=full-frame --binning-policy=hard --quantize-model=kmeans:seed=1 --merge-policy=ward -Xoklab -Wgamma --diffusion=fs:scan=raster --gpu-policy=off --lookup-policy=6bit:shared_instance=1 -p 2 -v -J '{log}' -o '{output}' '{input}'
0d8c1807eeccf109afd7c8de63ff038919fcb61b,1920x1080,1920,1080,2073600,2,6,2,warmup,2,descending,46,pipeline,180,18,270,6,4,2,4,2,1,4,4,180,180,1,1,0,yes,yes,0.07985099999999999,0.043933,0.01331199999999999,273960,896372a37b9d88002e1cd93e20ca1a4b6b01ee4ca18b14a6c8ffee680a318912,0.07985099999999999,'{img2sixel}' --threads=6 --precision=8bit --quality=full --sampling-policy=full-frame --binning-policy=hard --quantize-model=kmeans:seed=1 --merge-policy=ward -Xoklab -Wgamma --diffusion=fs:scan=raster --gpu-policy=off --lookup-policy=6bit:shared_instance=1 -p 2 -v -J '{log}' -o '{output}' '{input}'
0d8c1807eeccf109afd7c8de63ff038919fcb61b,1920x1080,1920,1080,2073600,2,4,2,warmup,2,descending,47,pipeline,180,12,540,6,2,2,2,2,1,2,2,180,180,1,1,0,yes,yes,0.095082,0.044162,0.022765000000000007,273634,bdf2c4eb98c1a3543a495f8d874f0ad87772c6f57e304782d7e0622ef17c044b,0.095082,'{img2sixel}' --threads=4 --precision=8bit --quality=full --sampling-policy=full-frame --binning-policy=hard --quantize-model=kmeans:seed=1 --merge-policy=ward -Xoklab -Wgamma --diffusion=fs:scan=raster --gpu-policy=off --lookup-policy=6bit:shared_instance=1 -p 2 -v -J '{log}' -o '{output}' '{input}'
0d8c1807eeccf109afd7c8de63ff038919fcb61b,1920x1080,1920,1080,2073600,2,2,2,warmup,2,descending,48,pipeline,180,6,1080,6,1,1,0,2,1,0,0,180,180,1,1,0,no,no,0.127355,0.044185,0.038369,273903,f04a723725c85c3038ee43a2109c1680d5c006b164956f4444764bec675201f0,0.127355,'{img2sixel}' --threads=2 --precision=8bit --quality=full --sampling-policy=full-frame --binning-policy=hard --quantize-model=kmeans:seed=1 --merge-policy=ward -Xoklab -Wgamma --diffusion=fs:scan=raster --gpu-policy=off --lookup-policy=6bit:shared_instance=1 -p 2 -v -J '{log}' -o '{output}' '{input}'
0d8c1807eeccf109afd7c8de63ff038919fcb61b,1920x1080,1920,1080,2073600,2,2,3,timed,1,ascending,1,pipeline,180,6,1080,6,1,1,0,2,1,0,0,180,180,1,1,0,no,no,0.128137,0.044387,0.038038,273903,f04a723725c85c3038ee43a2109c1680d5c006b164956f4444764bec675201f0,0.128137,'{img2sixel}' --threads=2 --precision=8bit --quality=full --sampling-policy=full-frame --binning-policy=hard --quantize-model=kmeans:seed=1 --merge-policy=ward -Xoklab -Wgamma --diffusion=fs:scan=raster --gpu-policy=off --lookup-policy=6bit:shared_instance=1 -p 2 -v -J '{log}' -o '{output}' '{input}'
0d8c1807eeccf109afd7c8de63ff038919fcb61b,1920x1080,1920,1080,2073600,2,4,3,timed,1,ascending,2,pipeline,180,12,540,6,2,2,2,2,1,2,2,180,180,1,1,0,yes,yes,0.096293,0.044959,0.022887000000000005,273634,bdf2c4eb98c1a3543a495f8d874f0ad87772c6f57e304782d7e0622ef17c044b,0.096293,'{img2sixel}' --threads=4 --precision=8bit --quality=full --sampling-policy=full-frame --binning-policy=hard --quantize-model=kmeans:seed=1 --merge-policy=ward -Xoklab -Wgamma --diffusion=fs:scan=raster --gpu-policy=off --lookup-policy=6bit:shared_instance=1 -p 2 -v -J '{log}' -o '{output}' '{input}'
0d8c1807eeccf109afd7c8de63ff038919fcb61b,1920x1080,1920,1080,2073600,2,6,3,timed,1,ascending,3,pipeline,180,18,270,6,4,2,4,2,1,4,4,180,180,1,1,0,yes,yes,0.08030899999999999,0.04424,0.013288999999999995,273960,896372a37b9d88002e1cd93e20ca1a4b6b01ee4ca18b14a6c8ffee680a318912,0.08030899999999999,'{img2sixel}' --threads=6 --precision=8bit --quality=full --sampling-policy=full-frame --binning-policy=hard --quantize-model=kmeans:seed=1 --merge-policy=ward -Xoklab -Wgamma --diffusion=fs:scan=raster --gpu-policy=off --lookup-policy=6bit:shared_instance=1 -p 2 -v -J '{log}' -o '{output}' '{input}'
0d8c1807eeccf109afd7c8de63ff038919fcb61b,1920x1080,1920,1080,2073600,2,8,3,timed,1,ascending,4,pipeline,180,24,180,6,6,2,6,2,1,6,6,180,180,1,1,0,yes,yes,0.075015,0.044374,0.010498999999999994,273696,203d2423f41af5740017fbca18963a1389d3e15edef596f111a1454f4b643788,0.075015,'{img2sixel}' --threads=8 --precision=8bit --quality=full --sampling-policy=full-frame --binning-policy=hard --quantize-model=kmeans:seed=1 --merge-policy=ward -Xoklab -Wgamma --diffusion=fs:scan=raster --gpu-policy=off --lookup-policy=6bit:shared_instance=1 -p 2 -v -J '{log}' -o '{output}' '{input}'
0d8c1807eeccf109afd7c8de63ff038919fcb61b,1920x1080,1920,1080,2073600,4,2,3,timed,1,ascending,5,pipeline,180,6,1080,6,1,1,0,2,1,0,0,180,180,1,1,0,no,no,0.132103,0.043834,0.043733999999999995,518456,f48fb762eefd0876aca7b880be2ff1d470ee0eed9e8b27a752c5369bf6511263,0.132103,'{img2sixel}' --threads=2 --precision=8bit --quality=full --sampling-policy=full-frame --binning-policy=hard --quantize-model=kmeans:seed=1 --merge-policy=ward -Xoklab -Wgamma --diffusion=fs:scan=raster --gpu-policy=off --lookup-policy=6bit:shared_instance=1 -p 4 -v -J '{log}' -o '{output}' '{input}'
0d8c1807eeccf109afd7c8de63ff038919fcb61b,1920x1080,1920,1080,2073600,4,4,3,timed,1,ascending,6,pipeline,180,12,540,6,2,2,2,2,1,2,2,180,180,1,1,0,yes,yes,0.09645,0.044201000000000004,0.024283,518862,3e82217bab61936f11e452db01d56441cc6264c9e4118ea5cd012e2155ac0808,0.09645,'{img2sixel}' --threads=4 --precision=8bit --quality=full --sampling-policy=full-frame --binning-policy=hard --quantize-model=kmeans:seed=1 --merge-policy=ward -Xoklab -Wgamma --diffusion=fs:scan=raster --gpu-policy=off --lookup-policy=6bit:shared_instance=1 -p 4 -v -J '{log}' -o '{output}' '{input}'
0d8c1807eeccf109afd7c8de63ff038919fcb61b,1920x1080,1920,1080,2073600,4,6,3,timed,1,ascending,7,pipeline,180,18,270,6,4,2,4,2,1,4,4,180,180,1,1,0,yes,yes,0.080193,0.044056,0.013763999999999998,519265,43adf93a566643c9e773f939ae35a239ba18ef7f394e2a40fda4fdeac618278e,0.080193,'{img2sixel}' --threads=6 --precision=8bit --quality=full --sampling-policy=full-frame --binning-policy=hard --quantize-model=kmeans:seed=1 --merge-policy=ward -Xoklab -Wgamma --diffusion=fs:scan=raster --gpu-policy=off --lookup-policy=6bit:shared_instance=1 -p 4 -v -J '{log}' -o '{output}' '{input}'
0d8c1807eeccf109afd7c8de63ff038919fcb61b,1920x1080,1920,1080,2073600,4,8,3,timed,1,ascending,8,pipeline,180,24,180,6,6,2,6,2,1,6,6,180,180,1,1,0,yes,yes,0.074823,0.044150999999999996,0.010799000000000003,518185,8fc76064332dcb33131abde93d715a2da6780e84ac707362106643d95b066fc9,0.074823,'{img2sixel}' --threads=8 --precision=8bit --quality=full --sampling-policy=full-frame --binning-policy=hard --quantize-model=kmeans:seed=1 --merge-policy=ward -Xoklab -Wgamma --diffusion=fs:scan=raster --gpu-policy=off --lookup-policy=6bit:shared_instance=1 -p 4 -v -J '{log}' -o '{output}' '{input}'
0d8c1807eeccf109afd7c8de63ff038919fcb61b,1920x1080,1920,1080,2073600,8,2,3,timed,1,ascending,9,pipeline,180,6,1080,6,1,1,0,2,1,0,0,180,180,1,1,0,no,no,0.136533,0.044565999999999995,0.047581999999999985,663909,8a73164739b0782a2e4ead97e10f71c52ec4c70c35b9453cf9882bb7b19f37f9,0.136533,'{img2sixel}' --threads=2 --precision=8bit --quality=full --sampling-policy=full-frame --binning-policy=hard --quantize-model=kmeans:seed=1 --merge-policy=ward -Xoklab -Wgamma --diffusion=fs:scan=raster --gpu-policy=off --lookup-policy=6bit:shared_instance=1 -p 8 -v -J '{log}' -o '{output}' '{input}'
0d8c1807eeccf109afd7c8de63ff038919fcb61b,1920x1080,1920,1080,2073600,8,4,3,timed,1,ascending,10,pipeline,180,12,540,6,2,2,2,2,1,2,2,180,180,1,1,0,yes,yes,0.09929099999999999,0.044395000000000004,0.026899999999999993,663425,3495ae4d367b9ccf9f0e6a856a9f8732f71ec3df6f521d87a2a9660f687fc6fc,0.09929099999999999,'{img2sixel}' --threads=4 --precision=8bit --quality=full --sampling-policy=full-frame --binning-policy=hard --quantize-model=kmeans:seed=1 --merge-policy=ward -Xoklab -Wgamma --diffusion=fs:scan=raster --gpu-policy=off --lookup-policy=6bit:shared_instance=1 -p 8 -v -J '{log}' -o '{output}' '{input}'
0d8c1807eeccf109afd7c8de63ff038919fcb61b,1920x1080,1920,1080,2073600,8,6,3,timed,1,ascending,11,pipeline,180,18,270,6,4,2,4,2,1,4,4,180,180,1,1,0,yes,yes,0.084808,0.046854999999999994,0.015476000000000004,663603,bb94b3b3d4d62846b024db824ed69063c2d9318a5fbe82fb631d77849f210807,0.084808,'{img2sixel}' --threads=6 --precision=8bit --quality=full --sampling-policy=full-frame --binning-policy=hard --quantize-model=kmeans:seed=1 --merge-policy=ward -Xoklab -Wgamma --diffusion=fs:scan=raster --gpu-policy=off --lookup-policy=6bit:shared_instance=1 -p 8 -v -J '{log}' -o '{output}' '{input}'
0d8c1807eeccf109afd7c8de63ff038919fcb61b,1920x1080,1920,1080,2073600,8,8,3,timed,1,ascending,12,pipeline,180,24,180,6,6,2,6,2,1,6,6,180,180,1,1,0,yes,yes,0.075809,0.04445,0.01162400000000001,663251,eca0d80d7151e0d1019446e80c4499c1593c683128d81ed6b19bffe72702fcbb,0.075809,'{img2sixel}' --threads=8 --precision=8bit --quality=full --sampling-policy=full-frame --binning-policy=hard --quantize-model=kmeans:seed=1 --merge-policy=ward -Xoklab -Wgamma --diffusion=fs:scan=raster --gpu-policy=off --lookup-policy=6bit:shared_instance=1 -p 8 -v -J '{log}' -o '{output}' '{input}'
0d8c1807eeccf109afd7c8de63ff038919fcb61b,1920x1080,1920,1080,2073600,16,2,3,timed,1,ascending,13,pipeline,180,6,1080,6,1,1,0,2,1,0,0,180,180,1,1,0,no,no,0.138707,0.044824,0.049336000000000005,780306,cd97ff7e86e680bb7a5f5ffc76370d823d4852fb7a0c3ea691f6d65a71a2720a,0.138707,'{img2sixel}' --threads=2 --precision=8bit --quality=full --sampling-policy=full-frame --binning-policy=hard --quantize-model=kmeans:seed=1 --merge-policy=ward -Xoklab -Wgamma --diffusion=fs:scan=raster --gpu-policy=off --lookup-policy=6bit:shared_instance=1 -p 16 -v -J '{log}' -o '{output}' '{input}'
0d8c1807eeccf109afd7c8de63ff038919fcb61b,1920x1080,1920,1080,2073600,16,4,3,timed,1,ascending,14,pipeline,180,12,540,6,2,2,2,2,1,2,2,180,180,1,1,0,yes,yes,0.10525999999999999,0.044600999999999995,0.03294699999999999,777860,ca5ae6547f613925edbf899d18e0d73a242789141a202982c52ea0906ae20b50,0.10525999999999999,'{img2sixel}' --threads=4 --precision=8bit --quality=full --sampling-policy=full-frame --binning-policy=hard --quantize-model=kmeans:seed=1 --merge-policy=ward -Xoklab -Wgamma --diffusion=fs:scan=raster --gpu-policy=off --lookup-policy=6bit:shared_instance=1 -p 16 -v -J '{log}' -o '{output}' '{input}'
0d8c1807eeccf109afd7c8de63ff038919fcb61b,1920x1080,1920,1080,2073600,16,6,3,timed,1,ascending,15,pipeline,180,18,270,6,4,2,4,2,1,4,4,180,180,1,1,0,yes,yes,0.08587299999999999,0.044569,0.01843099999999999,778375,ea03ad656c80dc06f39ba5e4910c6f3609f2e882d4fedf1ed01204930807b9ce,0.08587299999999999,'{img2sixel}' --threads=6 --precision=8bit --quality=full --sampling-policy=full-frame --binning-policy=hard --quantize-model=kmeans:seed=1 --merge-policy=ward -Xoklab -Wgamma --diffusion=fs:scan=raster --gpu-policy=off --lookup-policy=6bit:shared_instance=1 -p 16 -v -J '{log}' -o '{output}' '{input}'
0d8c1807eeccf109afd7c8de63ff038919fcb61b,1920x1080,1920,1080,2073600,16,8,3,timed,1,ascending,16,pipeline,180,24,180,6,6,2,6,2,1,6,6,180,180,1,1,0,yes,yes,0.077844,0.044928,0.013523999999999994,778304,936c76354d28f1fa470d7824f034ecd6fa69cfc7273747c0a6b13dad7547c6f5,0.077844,'{img2sixel}' --threads=8 --precision=8bit --quality=full --sampling-policy=full-frame --binning-policy=hard --quantize-model=kmeans:seed=1 --merge-policy=ward -Xoklab -Wgamma --diffusion=fs:scan=raster --gpu-policy=off --lookup-policy=6bit:shared_instance=1 -p 16 -v -J '{log}' -o '{output}' '{input}'
0d8c1807eeccf109afd7c8de63ff038919fcb61b,1920x1080,1920,1080,2073600,24,2,3,timed,1,ascending,17,pipeline,180,6,1080,6,1,1,0,2,1,0,0,180,180,1,1,0,no,no,0.140173,0.045816,0.049851999999999994,852843,c64a25db3be8016a9d97455a077fa4a9c5d5e1b14c204ae3433c590ff1242789,0.140173,'{img2sixel}' --threads=2 --precision=8bit --quality=full --sampling-policy=full-frame --binning-policy=hard --quantize-model=kmeans:seed=1 --merge-policy=ward -Xoklab -Wgamma --diffusion=fs:scan=raster --gpu-policy=off --lookup-policy=6bit:shared_instance=1 -p 24 -v -J '{log}' -o '{output}' '{input}'
0d8c1807eeccf109afd7c8de63ff038919fcb61b,1920x1080,1920,1080,2073600,24,4,3,timed,1,ascending,18,pipeline,180,12,540,6,2,2,2,2,1,2,2,180,180,1,1,0,yes,yes,0.11238,0.04561,0.03851199999999999,851828,5fa10ac569cc0d1e728d3a18eeb059393b06153fd7f5916d5ca6b223156bfb16,0.11238,'{img2sixel}' --threads=4 --precision=8bit --quality=full --sampling-policy=full-frame --binning-policy=hard --quantize-model=kmeans:seed=1 --merge-policy=ward -Xoklab -Wgamma --diffusion=fs:scan=raster --gpu-policy=off --lookup-policy=6bit:shared_instance=1 -p 24 -v -J '{log}' -o '{output}' '{input}'
0d8c1807eeccf109afd7c8de63ff038919fcb61b,1920x1080,1920,1080,2073600,24,6,3,timed,1,ascending,19,pipeline,180,18,270,6,4,2,4,2,1,4,4,180,180,1,1,0,yes,yes,0.090261,0.04571700000000001,0.021544999999999995,852061,ee3216b860be2972ed112e2d9836be0c32df2f8f1a5bfde5902b5bb2a30e6a6f,0.090261,'{img2sixel}' --threads=6 --precision=8bit --quality=full --sampling-policy=full-frame --binning-policy=hard --quantize-model=kmeans:seed=1 --merge-policy=ward -Xoklab -Wgamma --diffusion=fs:scan=raster --gpu-policy=off --lookup-policy=6bit:shared_instance=1 -p 24 -v -J '{log}' -o '{output}' '{input}'
0d8c1807eeccf109afd7c8de63ff038919fcb61b,1920x1080,1920,1080,2073600,24,8,3,timed,1,ascending,20,pipeline,180,24,180,6,6,2,6,2,1,6,6,180,180,1,1,0,yes,yes,0.0814,0.045965000000000006,0.015452000000000007,851406,1618de9c692ae7ca76c7e0f3447d20d780de9698af467f8fd82888e61fb04c4a,0.0814,'{img2sixel}' --threads=8 --precision=8bit --quality=full --sampling-policy=full-frame --binning-policy=hard --quantize-model=kmeans:seed=1 --merge-policy=ward -Xoklab -Wgamma --diffusion=fs:scan=raster --gpu-policy=off --lookup-policy=6bit:shared_instance=1 -p 24 -v -J '{log}' -o '{output}' '{input}'
0d8c1807eeccf109afd7c8de63ff038919fcb61b,1920x1080,1920,1080,2073600,32,2,3,timed,1,ascending,21,pipeline,180,6,1080,6,1,1,0,2,1,0,0,180,180,1,1,0,no,no,0.142124,0.045995,0.051405000000000006,868514,492c029a3e797c359cf5c60aebaee0d03c4a15884c35f4e9c8d03b94eb12dda5,0.142124,'{img2sixel}' --threads=2 --precision=8bit --quality=full --sampling-policy=full-frame --binning-policy=hard --quantize-model=kmeans:seed=1 --merge-policy=ward -Xoklab -Wgamma --diffusion=fs:scan=raster --gpu-policy=off --lookup-policy=6bit:shared_instance=1 -p 32 -v -J '{log}' -o '{output}' '{input}'
0d8c1807eeccf109afd7c8de63ff038919fcb61b,1920x1080,1920,1080,2073600,32,4,3,timed,1,ascending,22,pipeline,180,12,540,6,2,2,2,2,1,2,2,180,180,1,1,0,yes,yes,0.119369,0.046572999999999996,0.044169000000000014,866519,e32c425303f0136f2a68707137be1d6e26dc6d49f286d028f35c8a431a8d6abf,0.119369,'{img2sixel}' --threads=4 --precision=8bit --quality=full --sampling-policy=full-frame --binning-policy=hard --quantize-model=kmeans:seed=1 --merge-policy=ward -Xoklab -Wgamma --diffusion=fs:scan=raster --gpu-policy=off --lookup-policy=6bit:shared_instance=1 -p 32 -v -J '{log}' -o '{output}' '{input}'
0d8c1807eeccf109afd7c8de63ff038919fcb61b,1920x1080,1920,1080,2073600,32,6,3,timed,1,ascending,23,pipeline,180,18,270,6,4,2,4,2,1,4,4,180,180,1,1,0,yes,yes,0.093591,0.046003,0.024500999999999995,866266,502cf9d8c64b1d2e73c7fdb0b9dc9bb09900862558deb1bb3e8622e96744a29f,0.093591,'{img2sixel}' --threads=6 --precision=8bit --quality=full --sampling-policy=full-frame --binning-policy=hard --quantize-model=kmeans:seed=1 --merge-policy=ward -Xoklab -Wgamma --diffusion=fs:scan=raster --gpu-policy=off --lookup-policy=6bit:shared_instance=1 -p 32 -v -J '{log}' -o '{output}' '{input}'
0d8c1807eeccf109afd7c8de63ff038919fcb61b,1920x1080,1920,1080,2073600,32,8,3,timed,1,ascending,24,pipeline,180,24,180,6,6,2,6,2,1,6,6,180,180,1,1,0,yes,yes,0.082715,0.0458,0.017195000000000002,866527,b8b43c3d38222192589e79a980311583252284c7b31f5d802e441ba9acd6f1b1,0.082715,'{img2sixel}' --threads=8 --precision=8bit --quality=full --sampling-policy=full-frame --binning-policy=hard --quantize-model=kmeans:seed=1 --merge-policy=ward -Xoklab -Wgamma --diffusion=fs:scan=raster --gpu-policy=off --lookup-policy=6bit:shared_instance=1 -p 32 -v -J '{log}' -o '{output}' '{input}'
0d8c1807eeccf109afd7c8de63ff038919fcb61b,1920x1080,1920,1080,2073600,48,2,3,timed,1,ascending,25,pipeline,180,6,1080,0,1,1,0,2,1,0,0,180,180,1,1,0,no,no,0.143071,0.047549,0.05098100000000001,891077,7780e6b5b548a72bd6cdd6744a1b3e9fec2dd1b92e7d8b7a0a76fb8d5fc85061,0.143071,'{img2sixel}' --threads=2 --precision=8bit --quality=full --sampling-policy=full-frame --binning-policy=hard --quantize-model=kmeans:seed=1 --merge-policy=ward -Xoklab -Wgamma --diffusion=fs:scan=raster --gpu-policy=off --lookup-policy=6bit:shared_instance=1 -p 48 -v -J '{log}' -o '{output}' '{input}'
0d8c1807eeccf109afd7c8de63ff038919fcb61b,1920x1080,1920,1080,2073600,48,4,3,timed,1,ascending,26,pipeline,180,12,540,0,2,2,2,2,1,2,2,180,180,1,1,0,yes,yes,0.130852,0.047585,0.055355,888241,8a8344876e49fe5edf0da1147561b61e72a23c474a33a16c23e8ca56704ed02a,0.130852,'{img2sixel}' --threads=4 --precision=8bit --quality=full --sampling-policy=full-frame --binning-policy=hard --quantize-model=kmeans:seed=1 --merge-policy=ward -Xoklab -Wgamma --diffusion=fs:scan=raster --gpu-policy=off --lookup-policy=6bit:shared_instance=1 -p 48 -v -J '{log}' -o '{output}' '{input}'
0d8c1807eeccf109afd7c8de63ff038919fcb61b,1920x1080,1920,1080,2073600,48,6,3,timed,1,ascending,27,pipeline,180,18,270,0,4,2,4,2,1,4,4,180,180,1,1,0,yes,yes,0.099641,0.047358,0.029307,887400,ec595f45a1b8101e044204eed515215019022c721faf3334f09fb14b08569867,0.099641,'{img2sixel}' --threads=6 --precision=8bit --quality=full --sampling-policy=full-frame --binning-policy=hard --quantize-model=kmeans:seed=1 --merge-policy=ward -Xoklab -Wgamma --diffusion=fs:scan=raster --gpu-policy=off --lookup-policy=6bit:shared_instance=1 -p 48 -v -J '{log}' -o '{output}' '{input}'
0d8c1807eeccf109afd7c8de63ff038919fcb61b,1920x1080,1920,1080,2073600,48,8,3,timed,1,ascending,28,pipeline,180,24,180,0,6,2,6,2,1,6,6,180,180,1,1,0,yes,yes,0.08762099999999999,0.047686000000000006,0.020391999999999993,887104,8cffeb5ede0de260e06ab2b717cf35ea7b0f4ea8957ea8c49933d7cb9da30aec,0.08762099999999999,'{img2sixel}' --threads=8 --precision=8bit --quality=full --sampling-policy=full-frame --binning-policy=hard --quantize-model=kmeans:seed=1 --merge-policy=ward -Xoklab -Wgamma --diffusion=fs:scan=raster --gpu-policy=off --lookup-policy=6bit:shared_instance=1 -p 48 -v -J '{log}' -o '{output}' '{input}'
0d8c1807eeccf109afd7c8de63ff038919fcb61b,1920x1080,1920,1080,2073600,64,2,3,timed,1,ascending,29,pipeline,180,6,1080,0,1,1,0,2,1,0,0,180,180,1,1,0,no,no,0.144482,0.048792999999999996,0.05107300000000001,912800,38fdff26d969de5a6ee7b315c32fc963a2dddef26bba8ff90ce5631697117ce4,0.144482,'{img2sixel}' --threads=2 --precision=8bit --quality=full --sampling-policy=full-frame --binning-policy=hard --quantize-model=kmeans:seed=1 --merge-policy=ward -Xoklab -Wgamma --diffusion=fs:scan=raster --gpu-policy=off --lookup-policy=6bit:shared_instance=1 -p 64 -v -J '{log}' -o '{output}' '{input}'
0d8c1807eeccf109afd7c8de63ff038919fcb61b,1920x1080,1920,1080,2073600,64,4,3,timed,1,ascending,30,pipeline,180,12,540,0,2,2,2,2,1,2,2,180,180,1,1,0,yes,yes,0.143165,0.048578,0.06662099999999999,909107,42edf14ecc8e80e2d7c0dfae4ba5c80b920b0a350d5b5a2c3ba2f32dd5a2e6c0,0.143165,'{img2sixel}' --threads=4 --precision=8bit --quality=full --sampling-policy=full-frame --binning-policy=hard --quantize-model=kmeans:seed=1 --merge-policy=ward -Xoklab -Wgamma --diffusion=fs:scan=raster --gpu-policy=off --lookup-policy=6bit:shared_instance=1 -p 64 -v -J '{log}' -o '{output}' '{input}'
0d8c1807eeccf109afd7c8de63ff038919fcb61b,1920x1080,1920,1080,2073600,64,6,3,timed,1,ascending,31,pipeline,180,18,270,0,4,2,4,4,1,4,4,180,180,1,1,0,yes,yes,0.106927,0.048849000000000004,0.035217,908631,4ef1546450cdcc25ee240aea839ccbd5d104a264520d95c368c7ca479e2f5a2d,0.106927,'{img2sixel}' --threads=6 --precision=8bit --quality=full --sampling-policy=full-frame --binning-policy=hard --quantize-model=kmeans:seed=1 --merge-policy=ward -Xoklab -Wgamma --diffusion=fs:scan=raster --gpu-policy=off --lookup-policy=6bit:shared_instance=1 -p 64 -v -J '{log}' -o '{output}' '{input}'
0d8c1807eeccf109afd7c8de63ff038919fcb61b,1920x1080,1920,1080,2073600,64,8,3,timed,1,ascending,32,pipeline,180,24,180,0,6,2,6,2,1,6,6,180,180,1,1,0,yes,yes,0.09247999999999999,0.04881500000000001,0.024131,907430,9ce3d55b59906a18142ac1c421935bb14e956e41da367cdc0695cd784c27db87,0.09247999999999999,'{img2sixel}' --threads=8 --precision=8bit --quality=full --sampling-policy=full-frame --binning-policy=hard --quantize-model=kmeans:seed=1 --merge-policy=ward -Xoklab -Wgamma --diffusion=fs:scan=raster --gpu-policy=off --lookup-policy=6bit:shared_instance=1 -p 64 -v -J '{log}' -o '{output}' '{input}'
0d8c1807eeccf109afd7c8de63ff038919fcb61b,1920x1080,1920,1080,2073600,96,2,3,timed,1,ascending,33,pipeline,180,6,1080,0,1,1,0,2,1,0,0,180,180,1,1,0,no,no,0.148877,0.051723,0.05244700000000001,924457,e3ffd159c55635523e5349431c27dbafb656138a2c4e88bbb944a4e52f143f0d,0.148877,'{img2sixel}' --threads=2 --precision=8bit --quality=full --sampling-policy=full-frame --binning-policy=hard --quantize-model=kmeans:seed=1 --merge-policy=ward -Xoklab -Wgamma --diffusion=fs:scan=raster --gpu-policy=off --lookup-policy=6bit:shared_instance=1 -p 96 -v -J '{log}' -o '{output}' '{input}'
0d8c1807eeccf109afd7c8de63ff038919fcb61b,1920x1080,1920,1080,2073600,96,4,3,timed,1,ascending,34,pipeline,180,12,540,0,2,2,2,2,1,2,2,180,180,1,1,0,yes,yes,0.168147,0.051474,0.088894,917740,0e9702b7aa0389fc9d15b0855fcaa048fb3ea8980d9c501c7bde9d4eebbea09b,0.168147,'{img2sixel}' --threads=4 --precision=8bit --quality=full --sampling-policy=full-frame --binning-policy=hard --quantize-model=kmeans:seed=1 --merge-policy=ward -Xoklab -Wgamma --diffusion=fs:scan=raster --gpu-policy=off --lookup-policy=6bit:shared_instance=1 -p 96 -v -J '{log}' -o '{output}' '{input}'
0d8c1807eeccf109afd7c8de63ff038919fcb61b,1920x1080,1920,1080,2073600,96,6,3,timed,1,ascending,35,pipeline,180,18,270,0,4,2,4,2,1,4,4,180,180,1,1,0,yes,yes,0.120904,0.051223000000000005,0.046620999999999996,917055,9ecb9fa30789b9320deaae4c39133488853ccd993bdf007e9723872722b71376,0.120904,'{img2sixel}' --threads=6 --precision=8bit --quality=full --sampling-policy=full-frame --binning-policy=hard --quantize-model=kmeans:seed=1 --merge-policy=ward -Xoklab -Wgamma --diffusion=fs:scan=raster --gpu-policy=off --lookup-policy=6bit:shared_instance=1 -p 96 -v -J '{log}' -o '{output}' '{input}'
0d8c1807eeccf109afd7c8de63ff038919fcb61b,1920x1080,1920,1080,2073600,96,8,3,timed,1,ascending,36,pipeline,180,24,180,0,6,2,6,4,1,6,6,180,180,1,1,0,yes,yes,0.103004,0.051706,0.03163300000000001,916302,415887b83c7061ab1a93a768bc26bc5abb1a19fa6d787757728899710ae400b2,0.103004,'{img2sixel}' --threads=8 --precision=8bit --quality=full --sampling-policy=full-frame --binning-policy=hard --quantize-model=kmeans:seed=1 --merge-policy=ward -Xoklab -Wgamma --diffusion=fs:scan=raster --gpu-policy=off --lookup-policy=6bit:shared_instance=1 -p 96 -v -J '{log}' -o '{output}' '{input}'
0d8c1807eeccf109afd7c8de63ff038919fcb61b,1920x1080,1920,1080,2073600,128,2,3,timed,1,ascending,37,pipeline,180,6,1080,0,1,1,0,2,1,0,0,180,180,1,1,0,no,no,0.151901,0.054251999999999995,0.05315400000000001,935411,2c55b62d33ca73354b3a6a4f055eef9664068ea68b9694b1f940b514ccc96284,0.151901,'{img2sixel}' --threads=2 --precision=8bit --quality=full --sampling-policy=full-frame --binning-policy=hard --quantize-model=kmeans:seed=1 --merge-policy=ward -Xoklab -Wgamma --diffusion=fs:scan=raster --gpu-policy=off --lookup-policy=6bit:shared_instance=1 -p 128 -v -J '{log}' -o '{output}' '{input}'
0d8c1807eeccf109afd7c8de63ff038919fcb61b,1920x1080,1920,1080,2073600,128,4,3,timed,1,ascending,38,pipeline,180,12,540,0,2,2,2,2,1,2,2,180,180,1,1,0,yes,yes,0.198145,0.054399,0.11595599999999999,925053,daa306dcf2662851b709ac0899a2e41b67324fec65748ecbbe7a575b8b9afe7b,0.198145,'{img2sixel}' --threads=4 --precision=8bit --quality=full --sampling-policy=full-frame --binning-policy=hard --quantize-model=kmeans:seed=1 --merge-policy=ward -Xoklab -Wgamma --diffusion=fs:scan=raster --gpu-policy=off --lookup-policy=6bit:shared_instance=1 -p 128 -v -J '{log}' -o '{output}' '{input}'
0d8c1807eeccf109afd7c8de63ff038919fcb61b,1920x1080,1920,1080,2073600,128,6,3,timed,1,ascending,39,pipeline,180,18,270,0,4,2,4,2,1,4,4,180,180,1,1,0,yes,yes,0.140933,0.05428499999999999,0.06073200000000001,924219,a8b497bda6088812479c70c2d83956c856d8b2f575e6759cd0a6c35d6317ef3e,0.140933,'{img2sixel}' --threads=6 --precision=8bit --quality=full --sampling-policy=full-frame --binning-policy=hard --quantize-model=kmeans:seed=1 --merge-policy=ward -Xoklab -Wgamma --diffusion=fs:scan=raster --gpu-policy=off --lookup-policy=6bit:shared_instance=1 -p 128 -v -J '{log}' -o '{output}' '{input}'
0d8c1807eeccf109afd7c8de63ff038919fcb61b,1920x1080,1920,1080,2073600,128,8,3,timed,1,ascending,40,pipeline,180,24,180,0,6,2,6,2,1,6,6,180,180,1,1,0,yes,yes,0.11529199999999999,0.054616,0.04109199999999999,923734,11d726abf12f48ebc704500352a869da531df0bfae4ef8916e4ac3f7e6c464f0,0.11529199999999999,'{img2sixel}' --threads=8 --precision=8bit --quality=full --sampling-policy=full-frame --binning-policy=hard --quantize-model=kmeans:seed=1 --merge-policy=ward -Xoklab -Wgamma --diffusion=fs:scan=raster --gpu-policy=off --lookup-policy=6bit:shared_instance=1 -p 128 -v -J '{log}' -o '{output}' '{input}'
0d8c1807eeccf109afd7c8de63ff038919fcb61b,1920x1080,1920,1080,2073600,192,2,3,timed,1,ascending,41,pipeline,180,6,1080,0,1,1,0,2,1,0,0,180,180,1,1,0,no,no,0.160199,0.060947999999999995,0.05449100000000001,945977,9b4b09a366576c27437bf8750bca6ca1aad9e78164280ecda79b0382439872cc,0.160199,'{img2sixel}' --threads=2 --precision=8bit --quality=full --sampling-policy=full-frame --binning-policy=hard --quantize-model=kmeans:seed=1 --merge-policy=ward -Xoklab -Wgamma --diffusion=fs:scan=raster --gpu-policy=off --lookup-policy=6bit:shared_instance=1 -p 192 -v -J '{log}' -o '{output}' '{input}'
0d8c1807eeccf109afd7c8de63ff038919fcb61b,1920x1080,1920,1080,2073600,192,4,3,timed,1,ascending,42,pipeline,180,12,540,0,2,2,2,2,1,2,2,180,180,1,1,0,yes,yes,0.249449,0.060309,0.16076400000000002,937823,e54877651a1c22c47b78c9e5b694e0c34aa7d9bd9fe052e2442c660366c67fcc,0.249449,'{img2sixel}' --threads=4 --precision=8bit --quality=full --sampling-policy=full-frame --binning-policy=hard --quantize-model=kmeans:seed=1 --merge-policy=ward -Xoklab -Wgamma --diffusion=fs:scan=raster --gpu-policy=off --lookup-policy=6bit:shared_instance=1 -p 192 -v -J '{log}' -o '{output}' '{input}'
0d8c1807eeccf109afd7c8de63ff038919fcb61b,1920x1080,1920,1080,2073600,192,6,3,timed,1,ascending,43,pipeline,180,18,270,0,4,2,4,2,1,4,4,180,180,1,1,0,yes,yes,0.166441,0.06063600000000001,0.083514,937739,8ad3bd073748aa5a9e28b32c315b4aec12a492dedf2ffd4c65d6ea61994812d3,0.166441,'{img2sixel}' --threads=6 --precision=8bit --quality=full --sampling-policy=full-frame --binning-policy=hard --quantize-model=kmeans:seed=1 --merge-policy=ward -Xoklab -Wgamma --diffusion=fs:scan=raster --gpu-policy=off --lookup-policy=6bit:shared_instance=1 -p 192 -v -J '{log}' -o '{output}' '{input}'
0d8c1807eeccf109afd7c8de63ff038919fcb61b,1920x1080,1920,1080,2073600,192,8,3,timed,1,ascending,44,pipeline,180,24,180,0,6,2,6,2,1,6,6,180,180,1,1,0,yes,yes,0.13772399999999999,0.061111000000000006,0.05624299999999999,935913,99e99ca6bef5ddecef432cd7e1fc8f77bb32ea31aac5afd2f49c2fc505dc267e,0.13772399999999999,'{img2sixel}' --threads=8 --precision=8bit --quality=full --sampling-policy=full-frame --binning-policy=hard --quantize-model=kmeans:seed=1 --merge-policy=ward -Xoklab -Wgamma --diffusion=fs:scan=raster --gpu-policy=off --lookup-policy=6bit:shared_instance=1 -p 192 -v -J '{log}' -o '{output}' '{input}'
0d8c1807eeccf109afd7c8de63ff038919fcb61b,1920x1080,1920,1080,2073600,256,2,3,timed,1,ascending,45,pipeline,180,6,1080,0,1,1,0,2,1,0,0,180,180,1,1,0,no,no,0.167816,0.06791,0.055402999999999994,956076,a49548f54d89f64a4c92e8399dd21a1c5696ef15cdb5ef06c539336fe36614f1,0.167816,'{img2sixel}' --threads=2 --precision=8bit --quality=full --sampling-policy=full-frame --binning-policy=hard --quantize-model=kmeans:seed=1 --merge-policy=ward -Xoklab -Wgamma --diffusion=fs:scan=raster --gpu-policy=off --lookup-policy=6bit:shared_instance=1 -p 256 -v -J '{log}' -o '{output}' '{input}'
0d8c1807eeccf109afd7c8de63ff038919fcb61b,1920x1080,1920,1080,2073600,256,4,3,timed,1,ascending,46,pipeline,180,12,540,0,2,2,2,2,1,2,2,180,180,1,1,0,yes,yes,0.2998,0.06768099999999999,0.20421,943463,1580e35f41a54d02b3a525d3445f61f5ea0759e9a12fb946659bb6a3308af6f8,0.2998,'{img2sixel}' --threads=4 --precision=8bit --quality=full --sampling-policy=full-frame --binning-policy=hard --quantize-model=kmeans:seed=1 --merge-policy=ward -Xoklab -Wgamma --diffusion=fs:scan=raster --gpu-policy=off --lookup-policy=6bit:shared_instance=1 -p 256 -v -J '{log}' -o '{output}' '{input}'
0d8c1807eeccf109afd7c8de63ff038919fcb61b,1920x1080,1920,1080,2073600,256,6,3,timed,1,ascending,47,pipeline,180,18,270,0,4,2,4,2,1,4,4,180,180,1,1,0,yes,yes,0.197289,0.068287,0.10629,942990,1c9647bbb528873f3988babda69e55baa91babc41d009a639419298e633ed40a,0.197289,'{img2sixel}' --threads=6 --precision=8bit --quality=full --sampling-policy=full-frame --binning-policy=hard --quantize-model=kmeans:seed=1 --merge-policy=ward -Xoklab -Wgamma --diffusion=fs:scan=raster --gpu-policy=off --lookup-policy=6bit:shared_instance=1 -p 256 -v -J '{log}' -o '{output}' '{input}'
0d8c1807eeccf109afd7c8de63ff038919fcb61b,1920x1080,1920,1080,2073600,256,8,3,timed,1,ascending,48,pipeline,180,24,180,0,6,2,6,2,1,6,6,180,180,1,1,0,yes,yes,0.1598,0.06804099999999999,0.07155,941823,a056fbe48541fd6e7d350002ac8ff5e4380576548e56478eb19423bde7fb6b24,0.1598,'{img2sixel}' --threads=8 --precision=8bit --quality=full --sampling-policy=full-frame --binning-policy=hard --quantize-model=kmeans:seed=1 --merge-policy=ward -Xoklab -Wgamma --diffusion=fs:scan=raster --gpu-policy=off --lookup-policy=6bit:shared_instance=1 -p 256 -v -J '{log}' -o '{output}' '{input}'
0d8c1807eeccf109afd7c8de63ff038919fcb61b,1920x1080,1920,1080,2073600,256,8,4,timed,2,descending,1,pipeline,180,24,180,0,6,2,6,2,1,6,6,180,180,1,1,0,yes,yes,0.159682,0.06834599999999999,0.07160699999999999,941823,a056fbe48541fd6e7d350002ac8ff5e4380576548e56478eb19423bde7fb6b24,0.159682,'{img2sixel}' --threads=8 --precision=8bit --quality=full --sampling-policy=full-frame --binning-policy=hard --quantize-model=kmeans:seed=1 --merge-policy=ward -Xoklab -Wgamma --diffusion=fs:scan=raster --gpu-policy=off --lookup-policy=6bit:shared_instance=1 -p 256 -v -J '{log}' -o '{output}' '{input}'
0d8c1807eeccf109afd7c8de63ff038919fcb61b,1920x1080,1920,1080,2073600,256,6,4,timed,2,descending,2,pipeline,180,18,270,0,4,2,4,2,1,4,4,180,180,1,1,0,yes,yes,0.195765,0.067545,0.105748,942990,1c9647bbb528873f3988babda69e55baa91babc41d009a639419298e633ed40a,0.195765,'{img2sixel}' --threads=6 --precision=8bit --quality=full --sampling-policy=full-frame --binning-policy=hard --quantize-model=kmeans:seed=1 --merge-policy=ward -Xoklab -Wgamma --diffusion=fs:scan=raster --gpu-policy=off --lookup-policy=6bit:shared_instance=1 -p 256 -v -J '{log}' -o '{output}' '{input}'
0d8c1807eeccf109afd7c8de63ff038919fcb61b,1920x1080,1920,1080,2073600,256,4,4,timed,2,descending,3,pipeline,180,12,540,0,2,2,2,2,1,2,2,180,180,1,1,0,yes,yes,0.300424,0.067437,0.204864,943463,1580e35f41a54d02b3a525d3445f61f5ea0759e9a12fb946659bb6a3308af6f8,0.300424,'{img2sixel}' --threads=4 --precision=8bit --quality=full --sampling-policy=full-frame --binning-policy=hard --quantize-model=kmeans:seed=1 --merge-policy=ward -Xoklab -Wgamma --diffusion=fs:scan=raster --gpu-policy=off --lookup-policy=6bit:shared_instance=1 -p 256 -v -J '{log}' -o '{output}' '{input}'
0d8c1807eeccf109afd7c8de63ff038919fcb61b,1920x1080,1920,1080,2073600,256,2,4,timed,2,descending,4,pipeline,180,6,1080,0,1,1,0,2,1,0,0,180,180,1,1,0,no,no,0.167508,0.06775,0.055460999999999996,956076,a49548f54d89f64a4c92e8399dd21a1c5696ef15cdb5ef06c539336fe36614f1,0.167508,'{img2sixel}' --threads=2 --precision=8bit --quality=full --sampling-policy=full-frame --binning-policy=hard --quantize-model=kmeans:seed=1 --merge-policy=ward -Xoklab -Wgamma --diffusion=fs:scan=raster --gpu-policy=off --lookup-policy=6bit:shared_instance=1 -p 256 -v -J '{log}' -o '{output}' '{input}'
0d8c1807eeccf109afd7c8de63ff038919fcb61b,1920x1080,1920,1080,2073600,192,8,4,timed,2,descending,5,pipeline,180,24,180,0,6,2,6,2,1,6,6,180,180,1,1,0,yes,yes,0.137171,0.061179000000000004,0.05599399999999999,935913,99e99ca6bef5ddecef432cd7e1fc8f77bb32ea31aac5afd2f49c2fc505dc267e,0.137171,'{img2sixel}' --threads=8 --precision=8bit --quality=full --sampling-policy=full-frame --binning-policy=hard --quantize-model=kmeans:seed=1 --merge-policy=ward -Xoklab -Wgamma --diffusion=fs:scan=raster --gpu-policy=off --lookup-policy=6bit:shared_instance=1 -p 192 -v -J '{log}' -o '{output}' '{input}'
0d8c1807eeccf109afd7c8de63ff038919fcb61b,1920x1080,1920,1080,2073600,192,6,4,timed,2,descending,6,pipeline,180,18,270,0,4,2,4,2,1,4,4,180,180,1,1,0,yes,yes,0.16624899999999998,0.060738,0.08297999999999998,937739,8ad3bd073748aa5a9e28b32c315b4aec12a492dedf2ffd4c65d6ea61994812d3,0.16624899999999998,'{img2sixel}' --threads=6 --precision=8bit --quality=full --sampling-policy=full-frame --binning-policy=hard --quantize-model=kmeans:seed=1 --merge-policy=ward -Xoklab -Wgamma --diffusion=fs:scan=raster --gpu-policy=off --lookup-policy=6bit:shared_instance=1 -p 192 -v -J '{log}' -o '{output}' '{input}'
0d8c1807eeccf109afd7c8de63ff038919fcb61b,1920x1080,1920,1080,2073600,192,4,4,timed,2,descending,7,pipeline,180,12,540,0,2,2,2,2,1,2,2,180,180,1,1,0,yes,yes,0.249768,0.060905999999999995,0.16080299999999997,937823,e54877651a1c22c47b78c9e5b694e0c34aa7d9bd9fe052e2442c660366c67fcc,0.249768,'{img2sixel}' --threads=4 --precision=8bit --quality=full --sampling-policy=full-frame --binning-policy=hard --quantize-model=kmeans:seed=1 --merge-policy=ward -Xoklab -Wgamma --diffusion=fs:scan=raster --gpu-policy=off --lookup-policy=6bit:shared_instance=1 -p 192 -v -J '{log}' -o '{output}' '{input}'
0d8c1807eeccf109afd7c8de63ff038919fcb61b,1920x1080,1920,1080,2073600,192,2,4,timed,2,descending,8,pipeline,180,6,1080,0,1,1,0,2,1,0,0,180,180,1,1,0,no,no,0.159053,0.060537,0.05414000000000001,945977,9b4b09a366576c27437bf8750bca6ca1aad9e78164280ecda79b0382439872cc,0.159053,'{img2sixel}' --threads=2 --precision=8bit --quality=full --sampling-policy=full-frame --binning-policy=hard --quantize-model=kmeans:seed=1 --merge-policy=ward -Xoklab -Wgamma --diffusion=fs:scan=raster --gpu-policy=off --lookup-policy=6bit:shared_instance=1 -p 192 -v -J '{log}' -o '{output}' '{input}'
0d8c1807eeccf109afd7c8de63ff038919fcb61b,1920x1080,1920,1080,2073600,128,8,4,timed,2,descending,9,pipeline,180,24,180,0,6,2,6,2,1,6,6,180,180,1,1,0,yes,yes,0.11766,0.056326,0.040645,923734,11d726abf12f48ebc704500352a869da531df0bfae4ef8916e4ac3f7e6c464f0,0.11766,'{img2sixel}' --threads=8 --precision=8bit --quality=full --sampling-policy=full-frame --binning-policy=hard --quantize-model=kmeans:seed=1 --merge-policy=ward -Xoklab -Wgamma --diffusion=fs:scan=raster --gpu-policy=off --lookup-policy=6bit:shared_instance=1 -p 128 -v -J '{log}' -o '{output}' '{input}'
0d8c1807eeccf109afd7c8de63ff038919fcb61b,1920x1080,1920,1080,2073600,128,6,4,timed,2,descending,10,pipeline,180,18,270,0,4,2,4,2,1,4,4,180,180,1,1,0,yes,yes,0.13807,0.054454,0.061043,924219,a8b497bda6088812479c70c2d83956c856d8b2f575e6759cd0a6c35d6317ef3e,0.13807,'{img2sixel}' --threads=6 --precision=8bit --quality=full --sampling-policy=full-frame --binning-policy=hard --quantize-model=kmeans:seed=1 --merge-policy=ward -Xoklab -Wgamma --diffusion=fs:scan=raster --gpu-policy=off --lookup-policy=6bit:shared_instance=1 -p 128 -v -J '{log}' -o '{output}' '{input}'
0d8c1807eeccf109afd7c8de63ff038919fcb61b,1920x1080,1920,1080,2073600,128,4,4,timed,2,descending,11,pipeline,180,12,540,0,2,2,2,2,1,2,2,180,180,1,1,0,yes,yes,0.197924,0.054366,0.115448,925053,daa306dcf2662851b709ac0899a2e41b67324fec65748ecbbe7a575b8b9afe7b,0.197924,'{img2sixel}' --threads=4 --precision=8bit --quality=full --sampling-policy=full-frame --binning-policy=hard --quantize-model=kmeans:seed=1 --merge-policy=ward -Xoklab -Wgamma --diffusion=fs:scan=raster --gpu-policy=off --lookup-policy=6bit:shared_instance=1 -p 128 -v -J '{log}' -o '{output}' '{input}'
0d8c1807eeccf109afd7c8de63ff038919fcb61b,1920x1080,1920,1080,2073600,128,2,4,timed,2,descending,12,pipeline,180,6,1080,0,1,1,0,2,1,0,0,180,180,1,1,0,no,no,0.151436,0.054234,0.05281499999999999,935411,2c55b62d33ca73354b3a6a4f055eef9664068ea68b9694b1f940b514ccc96284,0.151436,'{img2sixel}' --threads=2 --precision=8bit --quality=full --sampling-policy=full-frame --binning-policy=hard --quantize-model=kmeans:seed=1 --merge-policy=ward -Xoklab -Wgamma --diffusion=fs:scan=raster --gpu-policy=off --lookup-policy=6bit:shared_instance=1 -p 128 -v -J '{log}' -o '{output}' '{input}'
0d8c1807eeccf109afd7c8de63ff038919fcb61b,1920x1080,1920,1080,2073600,96,8,4,timed,2,descending,13,pipeline,180,24,180,0,6,2,6,2,1,6,6,180,180,1,1,0,yes,yes,0.10416399999999999,0.051641,0.03179699999999999,916302,415887b83c7061ab1a93a768bc26bc5abb1a19fa6d787757728899710ae400b2,0.10416399999999999,'{img2sixel}' --threads=8 --precision=8bit --quality=full --sampling-policy=full-frame --binning-policy=hard --quantize-model=kmeans:seed=1 --merge-policy=ward -Xoklab -Wgamma --diffusion=fs:scan=raster --gpu-policy=off --lookup-policy=6bit:shared_instance=1 -p 96 -v -J '{log}' -o '{output}' '{input}'
0d8c1807eeccf109afd7c8de63ff038919fcb61b,1920x1080,1920,1080,2073600,96,6,4,timed,2,descending,14,pipeline,180,18,270,0,4,2,4,2,1,4,4,180,180,1,1,0,yes,yes,0.121112,0.051692999999999996,0.046483,917055,9ecb9fa30789b9320deaae4c39133488853ccd993bdf007e9723872722b71376,0.121112,'{img2sixel}' --threads=6 --precision=8bit --quality=full --sampling-policy=full-frame --binning-policy=hard --quantize-model=kmeans:seed=1 --merge-policy=ward -Xoklab -Wgamma --diffusion=fs:scan=raster --gpu-policy=off --lookup-policy=6bit:shared_instance=1 -p 96 -v -J '{log}' -o '{output}' '{input}'
0d8c1807eeccf109afd7c8de63ff038919fcb61b,1920x1080,1920,1080,2073600,96,4,4,timed,2,descending,15,pipeline,180,12,540,0,2,2,2,2,1,2,2,180,180,1,1,0,yes,yes,0.168492,0.051462,0.08896000000000001,917740,0e9702b7aa0389fc9d15b0855fcaa048fb3ea8980d9c501c7bde9d4eebbea09b,0.168492,'{img2sixel}' --threads=4 --precision=8bit --quality=full --sampling-policy=full-frame --binning-policy=hard --quantize-model=kmeans:seed=1 --merge-policy=ward -Xoklab -Wgamma --diffusion=fs:scan=raster --gpu-policy=off --lookup-policy=6bit:shared_instance=1 -p 96 -v -J '{log}' -o '{output}' '{input}'
0d8c1807eeccf109afd7c8de63ff038919fcb61b,1920x1080,1920,1080,2073600,96,2,4,timed,2,descending,16,pipeline,180,6,1080,0,1,1,0,2,1,0,0,180,180,1,1,0,no,no,0.148449,0.051288,0.052360000000000004,924457,e3ffd159c55635523e5349431c27dbafb656138a2c4e88bbb944a4e52f143f0d,0.148449,'{img2sixel}' --threads=2 --precision=8bit --quality=full --sampling-policy=full-frame --binning-policy=hard --quantize-model=kmeans:seed=1 --merge-policy=ward -Xoklab -Wgamma --diffusion=fs:scan=raster --gpu-policy=off --lookup-policy=6bit:shared_instance=1 -p 96 -v -J '{log}' -o '{output}' '{input}'
0d8c1807eeccf109afd7c8de63ff038919fcb61b,1920x1080,1920,1080,2073600,64,8,4,timed,2,descending,17,pipeline,180,24,180,0,6,2,6,2,1,6,6,180,180,1,1,0,yes,yes,0.09468599999999999,0.050242999999999996,0.023998999999999993,907430,9ce3d55b59906a18142ac1c421935bb14e956e41da367cdc0695cd784c27db87,0.09468599999999999,'{img2sixel}' --threads=8 --precision=8bit --quality=full --sampling-policy=full-frame --binning-policy=hard --quantize-model=kmeans:seed=1 --merge-policy=ward -Xoklab -Wgamma --diffusion=fs:scan=raster --gpu-policy=off --lookup-policy=6bit:shared_instance=1 -p 64 -v -J '{log}' -o '{output}' '{input}'
0d8c1807eeccf109afd7c8de63ff038919fcb61b,1920x1080,1920,1080,2073600,64,6,4,timed,2,descending,18,pipeline,180,18,270,0,4,2,4,2,1,4,4,180,180,1,1,0,yes,yes,0.106464,0.048960000000000004,0.034932000000000005,908631,4ef1546450cdcc25ee240aea839ccbd5d104a264520d95c368c7ca479e2f5a2d,0.106464,'{img2sixel}' --threads=6 --precision=8bit --quality=full --sampling-policy=full-frame --binning-policy=hard --quantize-model=kmeans:seed=1 --merge-policy=ward -Xoklab -Wgamma --diffusion=fs:scan=raster --gpu-policy=off --lookup-policy=6bit:shared_instance=1 -p 64 -v -J '{log}' -o '{output}' '{input}'
0d8c1807eeccf109afd7c8de63ff038919fcb61b,1920x1080,1920,1080,2073600,64,4,4,timed,2,descending,19,pipeline,180,12,540,0,2,2,2,2,1,2,2,180,180,1,1,0,yes,yes,0.14396699999999998,0.049011000000000006,0.06652099999999998,909107,42edf14ecc8e80e2d7c0dfae4ba5c80b920b0a350d5b5a2c3ba2f32dd5a2e6c0,0.14396699999999998,'{img2sixel}' --threads=4 --precision=8bit --quality=full --sampling-policy=full-frame --binning-policy=hard --quantize-model=kmeans:seed=1 --merge-policy=ward -Xoklab -Wgamma --diffusion=fs:scan=raster --gpu-policy=off --lookup-policy=6bit:shared_instance=1 -p 64 -v -J '{log}' -o '{output}' '{input}'
0d8c1807eeccf109afd7c8de63ff038919fcb61b,1920x1080,1920,1080,2073600,64,2,4,timed,2,descending,20,pipeline,180,6,1080,0,1,1,0,2,1,0,0,180,180,1,1,0,no,no,0.143959,0.04868800000000001,0.051113000000000006,912800,38fdff26d969de5a6ee7b315c32fc963a2dddef26bba8ff90ce5631697117ce4,0.143959,'{img2sixel}' --threads=2 --precision=8bit --quality=full --sampling-policy=full-frame --binning-policy=hard --quantize-model=kmeans:seed=1 --merge-policy=ward -Xoklab -Wgamma --diffusion=fs:scan=raster --gpu-policy=off --lookup-policy=6bit:shared_instance=1 -p 64 -v -J '{log}' -o '{output}' '{input}'
0d8c1807eeccf109afd7c8de63ff038919fcb61b,1920x1080,1920,1080,2073600,48,8,4,timed,2,descending,21,pipeline,180,24,180,0,6,2,6,2,1,6,6,180,180,1,1,0,yes,yes,0.088564,0.047542999999999995,0.020333000000000004,887104,8cffeb5ede0de260e06ab2b717cf35ea7b0f4ea8957ea8c49933d7cb9da30aec,0.088564,'{img2sixel}' --threads=8 --precision=8bit --quality=full --sampling-policy=full-frame --binning-policy=hard --quantize-model=kmeans:seed=1 --merge-policy=ward -Xoklab -Wgamma --diffusion=fs:scan=raster --gpu-policy=off --lookup-policy=6bit:shared_instance=1 -p 48 -v -J '{log}' -o '{output}' '{input}'
0d8c1807eeccf109afd7c8de63ff038919fcb61b,1920x1080,1920,1080,2073600,48,6,4,timed,2,descending,22,pipeline,180,18,270,0,4,2,4,2,1,4,4,180,180,1,1,0,yes,yes,0.09958199999999999,0.047634,0.029317999999999997,887400,ec595f45a1b8101e044204eed515215019022c721faf3334f09fb14b08569867,0.09958199999999999,'{img2sixel}' --threads=6 --precision=8bit --quality=full --sampling-policy=full-frame --binning-policy=hard --quantize-model=kmeans:seed=1 --merge-policy=ward -Xoklab -Wgamma --diffusion=fs:scan=raster --gpu-policy=off --lookup-policy=6bit:shared_instance=1 -p 48 -v -J '{log}' -o '{output}' '{input}'
0d8c1807eeccf109afd7c8de63ff038919fcb61b,1920x1080,1920,1080,2073600,48,4,4,timed,2,descending,23,pipeline,180,12,540,0,2,2,2,2,1,2,2,180,180,1,1,0,yes,yes,0.130699,0.047653999999999995,0.05484900000000001,888241,8a8344876e49fe5edf0da1147561b61e72a23c474a33a16c23e8ca56704ed02a,0.130699,'{img2sixel}' --threads=4 --precision=8bit --quality=full --sampling-policy=full-frame --binning-policy=hard --quantize-model=kmeans:seed=1 --merge-policy=ward -Xoklab -Wgamma --diffusion=fs:scan=raster --gpu-policy=off --lookup-policy=6bit:shared_instance=1 -p 48 -v -J '{log}' -o '{output}' '{input}'
0d8c1807eeccf109afd7c8de63ff038919fcb61b,1920x1080,1920,1080,2073600,48,2,4,timed,2,descending,24,pipeline,180,6,1080,0,1,1,0,2,1,0,0,180,180,1,1,0,no,no,0.142686,0.047468,0.05103500000000001,891077,7780e6b5b548a72bd6cdd6744a1b3e9fec2dd1b92e7d8b7a0a76fb8d5fc85061,0.142686,'{img2sixel}' --threads=2 --precision=8bit --quality=full --sampling-policy=full-frame --binning-policy=hard --quantize-model=kmeans:seed=1 --merge-policy=ward -Xoklab -Wgamma --diffusion=fs:scan=raster --gpu-policy=off --lookup-policy=6bit:shared_instance=1 -p 48 -v -J '{log}' -o '{output}' '{input}'
0d8c1807eeccf109afd7c8de63ff038919fcb61b,1920x1080,1920,1080,2073600,32,8,4,timed,2,descending,25,pipeline,180,24,180,6,6,2,6,2,1,6,6,180,180,1,1,0,yes,yes,0.083287,0.045450000000000004,0.017046000000000006,866527,b8b43c3d38222192589e79a980311583252284c7b31f5d802e441ba9acd6f1b1,0.083287,'{img2sixel}' --threads=8 --precision=8bit --quality=full --sampling-policy=full-frame --binning-policy=hard --quantize-model=kmeans:seed=1 --merge-policy=ward -Xoklab -Wgamma --diffusion=fs:scan=raster --gpu-policy=off --lookup-policy=6bit:shared_instance=1 -p 32 -v -J '{log}' -o '{output}' '{input}'
0d8c1807eeccf109afd7c8de63ff038919fcb61b,1920x1080,1920,1080,2073600,32,6,4,timed,2,descending,26,pipeline,180,18,270,6,4,2,4,2,1,4,4,180,180,1,1,0,yes,yes,0.092407,0.045792,0.024199000000000012,866266,502cf9d8c64b1d2e73c7fdb0b9dc9bb09900862558deb1bb3e8622e96744a29f,0.092407,'{img2sixel}' --threads=6 --precision=8bit --quality=full --sampling-policy=full-frame --binning-policy=hard --quantize-model=kmeans:seed=1 --merge-policy=ward -Xoklab -Wgamma --diffusion=fs:scan=raster --gpu-policy=off --lookup-policy=6bit:shared_instance=1 -p 32 -v -J '{log}' -o '{output}' '{input}'
0d8c1807eeccf109afd7c8de63ff038919fcb61b,1920x1080,1920,1080,2073600,32,4,4,timed,2,descending,27,pipeline,180,12,540,6,2,2,2,2,1,2,2,180,180,1,1,0,yes,yes,0.1178,0.045668,0.04410800000000001,866519,e32c425303f0136f2a68707137be1d6e26dc6d49f286d028f35c8a431a8d6abf,0.1178,'{img2sixel}' --threads=4 --precision=8bit --quality=full --sampling-policy=full-frame --binning-policy=hard --quantize-model=kmeans:seed=1 --merge-policy=ward -Xoklab -Wgamma --diffusion=fs:scan=raster --gpu-policy=off --lookup-policy=6bit:shared_instance=1 -p 32 -v -J '{log}' -o '{output}' '{input}'
0d8c1807eeccf109afd7c8de63ff038919fcb61b,1920x1080,1920,1080,2073600,32,2,4,timed,2,descending,28,pipeline,180,6,1080,6,1,1,0,2,1,0,0,180,180,1,1,0,no,no,0.139775,0.045324,0.05023800000000002,868514,492c029a3e797c359cf5c60aebaee0d03c4a15884c35f4e9c8d03b94eb12dda5,0.139775,'{img2sixel}' --threads=2 --precision=8bit --quality=full --sampling-policy=full-frame --binning-policy=hard --quantize-model=kmeans:seed=1 --merge-policy=ward -Xoklab -Wgamma --diffusion=fs:scan=raster --gpu-policy=off --lookup-policy=6bit:shared_instance=1 -p 32 -v -J '{log}' -o '{output}' '{input}'
0d8c1807eeccf109afd7c8de63ff038919fcb61b,1920x1080,1920,1080,2073600,24,8,4,timed,2,descending,29,pipeline,180,24,180,6,6,2,6,2,1,6,6,180,180,1,1,0,yes,yes,0.084336,0.048379000000000005,0.015338999999999992,851406,1618de9c692ae7ca76c7e0f3447d20d780de9698af467f8fd82888e61fb04c4a,0.084336,'{img2sixel}' --threads=8 --precision=8bit --quality=full --sampling-policy=full-frame --binning-policy=hard --quantize-model=kmeans:seed=1 --merge-policy=ward -Xoklab -Wgamma --diffusion=fs:scan=raster --gpu-policy=off --lookup-policy=6bit:shared_instance=1 -p 24 -v -J '{log}' -o '{output}' '{input}'
0d8c1807eeccf109afd7c8de63ff038919fcb61b,1920x1080,1920,1080,2073600,24,6,4,timed,2,descending,30,pipeline,180,18,270,6,4,2,4,2,1,4,4,180,180,1,1,0,yes,yes,0.089651,0.045791,0.021473999999999993,852061,ee3216b860be2972ed112e2d9836be0c32df2f8f1a5bfde5902b5bb2a30e6a6f,0.089651,'{img2sixel}' --threads=6 --precision=8bit --quality=full --sampling-policy=full-frame --binning-policy=hard --quantize-model=kmeans:seed=1 --merge-policy=ward -Xoklab -Wgamma --diffusion=fs:scan=raster --gpu-policy=off --lookup-policy=6bit:shared_instance=1 -p 24 -v -J '{log}' -o '{output}' '{input}'
0d8c1807eeccf109afd7c8de63ff038919fcb61b,1920x1080,1920,1080,2073600,24,4,4,timed,2,descending,31,pipeline,180,12,540,6,2,2,2,2,1,2,2,180,180,1,1,0,yes,yes,0.113767,0.046662,0.038701,851828,5fa10ac569cc0d1e728d3a18eeb059393b06153fd7f5916d5ca6b223156bfb16,0.113767,'{img2sixel}' --threads=4 --precision=8bit --quality=full --sampling-policy=full-frame --binning-policy=hard --quantize-model=kmeans:seed=1 --merge-policy=ward -Xoklab -Wgamma --diffusion=fs:scan=raster --gpu-policy=off --lookup-policy=6bit:shared_instance=1 -p 24 -v -J '{log}' -o '{output}' '{input}'
0d8c1807eeccf109afd7c8de63ff038919fcb61b,1920x1080,1920,1080,2073600,24,2,4,timed,2,descending,32,pipeline,180,6,1080,6,1,1,0,2,1,0,0,180,180,1,1,0,no,no,0.14013,0.045805,0.049737,852843,c64a25db3be8016a9d97455a077fa4a9c5d5e1b14c204ae3433c590ff1242789,0.14013,'{img2sixel}' --threads=2 --precision=8bit --quality=full --sampling-policy=full-frame --binning-policy=hard --quantize-model=kmeans:seed=1 --merge-policy=ward -Xoklab -Wgamma --diffusion=fs:scan=raster --gpu-policy=off --lookup-policy=6bit:shared_instance=1 -p 24 -v -J '{log}' -o '{output}' '{input}'
0d8c1807eeccf109afd7c8de63ff038919fcb61b,1920x1080,1920,1080,2073600,16,8,4,timed,2,descending,33,pipeline,180,24,180,6,6,2,6,2,1,6,6,180,180,1,1,0,yes,yes,0.078779,0.045423,0.013555000000000011,778304,936c76354d28f1fa470d7824f034ecd6fa69cfc7273747c0a6b13dad7547c6f5,0.078779,'{img2sixel}' --threads=8 --precision=8bit --quality=full --sampling-policy=full-frame --binning-policy=hard --quantize-model=kmeans:seed=1 --merge-policy=ward -Xoklab -Wgamma --diffusion=fs:scan=raster --gpu-policy=off --lookup-policy=6bit:shared_instance=1 -p 16 -v -J '{log}' -o '{output}' '{input}'
0d8c1807eeccf109afd7c8de63ff038919fcb61b,1920x1080,1920,1080,2073600,16,6,4,timed,2,descending,34,pipeline,180,18,270,6,4,2,4,2,1,4,4,180,180,1,1,0,yes,yes,0.086327,0.045029,0.01827100000000001,778375,ea03ad656c80dc06f39ba5e4910c6f3609f2e882d4fedf1ed01204930807b9ce,0.086327,'{img2sixel}' --threads=6 --precision=8bit --quality=full --sampling-policy=full-frame --binning-policy=hard --quantize-model=kmeans:seed=1 --merge-policy=ward -Xoklab -Wgamma --diffusion=fs:scan=raster --gpu-policy=off --lookup-policy=6bit:shared_instance=1 -p 16 -v -J '{log}' -o '{output}' '{input}'
0d8c1807eeccf109afd7c8de63ff038919fcb61b,1920x1080,1920,1080,2073600,16,4,4,timed,2,descending,35,pipeline,180,12,540,6,2,2,2,2,1,2,2,180,180,1,1,0,yes,yes,0.106247,0.044618000000000005,0.033488000000000004,777860,ca5ae6547f613925edbf899d18e0d73a242789141a202982c52ea0906ae20b50,0.106247,'{img2sixel}' --threads=4 --precision=8bit --quality=full --sampling-policy=full-frame --binning-policy=hard --quantize-model=kmeans:seed=1 --merge-policy=ward -Xoklab -Wgamma --diffusion=fs:scan=raster --gpu-policy=off --lookup-policy=6bit:shared_instance=1 -p 16 -v -J '{log}' -o '{output}' '{input}'
0d8c1807eeccf109afd7c8de63ff038919fcb61b,1920x1080,1920,1080,2073600,16,2,4,timed,2,descending,36,pipeline,180,6,1080,6,1,1,0,2,1,0,0,180,180,1,1,0,no,no,0.13947,0.04491300000000001,0.04949500000000001,780306,cd97ff7e86e680bb7a5f5ffc76370d823d4852fb7a0c3ea691f6d65a71a2720a,0.13947,'{img2sixel}' --threads=2 --precision=8bit --quality=full --sampling-policy=full-frame --binning-policy=hard --quantize-model=kmeans:seed=1 --merge-policy=ward -Xoklab -Wgamma --diffusion=fs:scan=raster --gpu-policy=off --lookup-policy=6bit:shared_instance=1 -p 16 -v -J '{log}' -o '{output}' '{input}'
0d8c1807eeccf109afd7c8de63ff038919fcb61b,1920x1080,1920,1080,2073600,8,8,4,timed,2,descending,37,pipeline,180,24,180,6,6,2,6,2,1,6,6,180,180,1,1,0,yes,yes,0.076481,0.044981999999999994,0.011494999999999991,663251,eca0d80d7151e0d1019446e80c4499c1593c683128d81ed6b19bffe72702fcbb,0.076481,'{img2sixel}' --threads=8 --precision=8bit --quality=full --sampling-policy=full-frame --binning-policy=hard --quantize-model=kmeans:seed=1 --merge-policy=ward -Xoklab -Wgamma --diffusion=fs:scan=raster --gpu-policy=off --lookup-policy=6bit:shared_instance=1 -p 8 -v -J '{log}' -o '{output}' '{input}'
0d8c1807eeccf109afd7c8de63ff038919fcb61b,1920x1080,1920,1080,2073600,8,6,4,timed,2,descending,38,pipeline,180,18,270,6,4,2,4,2,1,4,4,180,180,1,1,0,yes,yes,0.08265,0.044305,0.01548300000000001,663603,bb94b3b3d4d62846b024db824ed69063c2d9318a5fbe82fb631d77849f210807,0.08265,'{img2sixel}' --threads=6 --precision=8bit --quality=full --sampling-policy=full-frame --binning-policy=hard --quantize-model=kmeans:seed=1 --merge-policy=ward -Xoklab -Wgamma --diffusion=fs:scan=raster --gpu-policy=off --lookup-policy=6bit:shared_instance=1 -p 8 -v -J '{log}' -o '{output}' '{input}'
0d8c1807eeccf109afd7c8de63ff038919fcb61b,1920x1080,1920,1080,2073600,8,4,4,timed,2,descending,39,pipeline,180,12,540,6,2,2,2,2,1,2,2,180,180,1,1,0,yes,yes,0.10198499999999999,0.045503,0.027639999999999998,663425,3495ae4d367b9ccf9f0e6a856a9f8732f71ec3df6f521d87a2a9660f687fc6fc,0.10198499999999999,'{img2sixel}' --threads=4 --precision=8bit --quality=full --sampling-policy=full-frame --binning-policy=hard --quantize-model=kmeans:seed=1 --merge-policy=ward -Xoklab -Wgamma --diffusion=fs:scan=raster --gpu-policy=off --lookup-policy=6bit:shared_instance=1 -p 8 -v -J '{log}' -o '{output}' '{input}'
0d8c1807eeccf109afd7c8de63ff038919fcb61b,1920x1080,1920,1080,2073600,8,2,4,timed,2,descending,40,pipeline,180,6,1080,6,1,1,0,2,1,0,0,180,180,1,1,0,no,no,0.136326,0.044323,0.04758000000000001,663909,8a73164739b0782a2e4ead97e10f71c52ec4c70c35b9453cf9882bb7b19f37f9,0.136326,'{img2sixel}' --threads=2 --precision=8bit --quality=full --sampling-policy=full-frame --binning-policy=hard --quantize-model=kmeans:seed=1 --merge-policy=ward -Xoklab -Wgamma --diffusion=fs:scan=raster --gpu-policy=off --lookup-policy=6bit:shared_instance=1 -p 8 -v -J '{log}' -o '{output}' '{input}'
0d8c1807eeccf109afd7c8de63ff038919fcb61b,1920x1080,1920,1080,2073600,4,8,4,timed,2,descending,41,pipeline,180,24,180,6,6,2,6,2,1,6,6,180,180,1,1,0,yes,yes,0.074041,0.043807,0.010624999999999996,518185,8fc76064332dcb33131abde93d715a2da6780e84ac707362106643d95b066fc9,0.074041,'{img2sixel}' --threads=8 --precision=8bit --quality=full --sampling-policy=full-frame --binning-policy=hard --quantize-model=kmeans:seed=1 --merge-policy=ward -Xoklab -Wgamma --diffusion=fs:scan=raster --gpu-policy=off --lookup-policy=6bit:shared_instance=1 -p 4 -v -J '{log}' -o '{output}' '{input}'
0d8c1807eeccf109afd7c8de63ff038919fcb61b,1920x1080,1920,1080,2073600,4,6,4,timed,2,descending,42,pipeline,180,18,270,6,4,2,4,2,1,4,4,180,180,1,1,0,yes,yes,0.080139,0.043546,0.014010000000000009,519265,43adf93a566643c9e773f939ae35a239ba18ef7f394e2a40fda4fdeac618278e,0.080139,'{img2sixel}' --threads=6 --precision=8bit --quality=full --sampling-policy=full-frame --binning-policy=hard --quantize-model=kmeans:seed=1 --merge-policy=ward -Xoklab -Wgamma --diffusion=fs:scan=raster --gpu-policy=off --lookup-policy=6bit:shared_instance=1 -p 4 -v -J '{log}' -o '{output}' '{input}'
0d8c1807eeccf109afd7c8de63ff038919fcb61b,1920x1080,1920,1080,2073600,4,4,4,timed,2,descending,43,pipeline,180,12,540,6,2,2,2,2,1,2,2,180,180,1,1,0,yes,yes,0.09582299999999999,0.043362000000000005,0.024474999999999997,518862,3e82217bab61936f11e452db01d56441cc6264c9e4118ea5cd012e2155ac0808,0.09582299999999999,'{img2sixel}' --threads=4 --precision=8bit --quality=full --sampling-policy=full-frame --binning-policy=hard --quantize-model=kmeans:seed=1 --merge-policy=ward -Xoklab -Wgamma --diffusion=fs:scan=raster --gpu-policy=off --lookup-policy=6bit:shared_instance=1 -p 4 -v -J '{log}' -o '{output}' '{input}'
0d8c1807eeccf109afd7c8de63ff038919fcb61b,1920x1080,1920,1080,2073600,4,2,4,timed,2,descending,44,pipeline,180,6,1080,6,1,1,0,2,1,0,0,180,180,1,1,0,no,no,0.13298,0.044281999999999995,0.04369799999999999,518456,f48fb762eefd0876aca7b880be2ff1d470ee0eed9e8b27a752c5369bf6511263,0.13298,'{img2sixel}' --threads=2 --precision=8bit --quality=full --sampling-policy=full-frame --binning-policy=hard --quantize-model=kmeans:seed=1 --merge-policy=ward -Xoklab -Wgamma --diffusion=fs:scan=raster --gpu-policy=off --lookup-policy=6bit:shared_instance=1 -p 4 -v -J '{log}' -o '{output}' '{input}'
0d8c1807eeccf109afd7c8de63ff038919fcb61b,1920x1080,1920,1080,2073600,2,8,4,timed,2,descending,45,pipeline,180,24,180,6,6,2,6,2,1,6,6,180,180,1,1,0,yes,yes,0.074875,0.044331,0.010342000000000004,273696,203d2423f41af5740017fbca18963a1389d3e15edef596f111a1454f4b643788,0.074875,'{img2sixel}' --threads=8 --precision=8bit --quality=full --sampling-policy=full-frame --binning-policy=hard --quantize-model=kmeans:seed=1 --merge-policy=ward -Xoklab -Wgamma --diffusion=fs:scan=raster --gpu-policy=off --lookup-policy=6bit:shared_instance=1 -p 2 -v -J '{log}' -o '{output}' '{input}'
0d8c1807eeccf109afd7c8de63ff038919fcb61b,1920x1080,1920,1080,2073600,2,6,4,timed,2,descending,46,pipeline,180,18,270,6,4,2,4,2,1,4,4,180,180,1,1,0,yes,yes,0.079717,0.043593999999999994,0.013585,273960,896372a37b9d88002e1cd93e20ca1a4b6b01ee4ca18b14a6c8ffee680a318912,0.079717,'{img2sixel}' --threads=6 --precision=8bit --quality=full --sampling-policy=full-frame --binning-policy=hard --quantize-model=kmeans:seed=1 --merge-policy=ward -Xoklab -Wgamma --diffusion=fs:scan=raster --gpu-policy=off --lookup-policy=6bit:shared_instance=1 -p 2 -v -J '{log}' -o '{output}' '{input}'
0d8c1807eeccf109afd7c8de63ff038919fcb61b,1920x1080,1920,1080,2073600,2,4,4,timed,2,descending,47,pipeline,180,12,540,6,2,2,2,2,1,2,2,180,180,1,1,0,yes,yes,0.095153,0.04323,0.023781999999999998,273634,bdf2c4eb98c1a3543a495f8d874f0ad87772c6f57e304782d7e0622ef17c044b,0.095153,'{img2sixel}' --threads=4 --precision=8bit --quality=full --sampling-policy=full-frame --binning-policy=hard --quantize-model=kmeans:seed=1 --merge-policy=ward -Xoklab -Wgamma --diffusion=fs:scan=raster --gpu-policy=off --lookup-policy=6bit:shared_instance=1 -p 2 -v -J '{log}' -o '{output}' '{input}'
0d8c1807eeccf109afd7c8de63ff038919fcb61b,1920x1080,1920,1080,2073600,2,2,4,timed,2,descending,48,pipeline,180,6,1080,6,1,1,0,2,1,0,0,180,180,1,1,0,no,no,0.126878,0.044029000000000006,0.038085999999999995,273903,f04a723725c85c3038ee43a2109c1680d5c006b164956f4444764bec675201f0,0.126878,'{img2sixel}' --threads=2 --precision=8bit --quality=full --sampling-policy=full-frame --binning-policy=hard --quantize-model=kmeans:seed=1 --merge-policy=ward -Xoklab -Wgamma --diffusion=fs:scan=raster --gpu-policy=off --lookup-policy=6bit:shared_instance=1 -p 2 -v -J '{log}' -o '{output}' '{input}'
0d8c1807eeccf109afd7c8de63ff038919fcb61b,1920x1080,1920,1080,2073600,2,2,5,timed,3,ascending,1,pipeline,180,6,1080,6,1,1,0,2,1,0,0,180,180,1,1,0,no,no,0.12726099999999999,0.044056000000000005,0.03789399999999998,273903,f04a723725c85c3038ee43a2109c1680d5c006b164956f4444764bec675201f0,0.12726099999999999,'{img2sixel}' --threads=2 --precision=8bit --quality=full --sampling-policy=full-frame --binning-policy=hard --quantize-model=kmeans:seed=1 --merge-policy=ward -Xoklab -Wgamma --diffusion=fs:scan=raster --gpu-policy=off --lookup-policy=6bit:shared_instance=1 -p 2 -v -J '{log}' -o '{output}' '{input}'
0d8c1807eeccf109afd7c8de63ff038919fcb61b,1920x1080,1920,1080,2073600,2,4,5,timed,3,ascending,2,pipeline,180,12,540,6,2,2,2,2,1,2,2,180,180,1,1,0,yes,yes,0.095175,0.043786000000000005,0.02287,273634,bdf2c4eb98c1a3543a495f8d874f0ad87772c6f57e304782d7e0622ef17c044b,0.095175,'{img2sixel}' --threads=4 --precision=8bit --quality=full --sampling-policy=full-frame --binning-policy=hard --quantize-model=kmeans:seed=1 --merge-policy=ward -Xoklab -Wgamma --diffusion=fs:scan=raster --gpu-policy=off --lookup-policy=6bit:shared_instance=1 -p 2 -v -J '{log}' -o '{output}' '{input}'
0d8c1807eeccf109afd7c8de63ff038919fcb61b,1920x1080,1920,1080,2073600,2,6,5,timed,3,ascending,3,pipeline,180,18,270,6,4,2,4,2,1,4,4,180,180,1,1,0,yes,yes,0.079161,0.04344,0.013282000000000002,273960,896372a37b9d88002e1cd93e20ca1a4b6b01ee4ca18b14a6c8ffee680a318912,0.079161,'{img2sixel}' --threads=6 --precision=8bit --quality=full --sampling-policy=full-frame --binning-policy=hard --quantize-model=kmeans:seed=1 --merge-policy=ward -Xoklab -Wgamma --diffusion=fs:scan=raster --gpu-policy=off --lookup-policy=6bit:shared_instance=1 -p 2 -v -J '{log}' -o '{output}' '{input}'
0d8c1807eeccf109afd7c8de63ff038919fcb61b,1920x1080,1920,1080,2073600,2,8,5,timed,3,ascending,4,pipeline,180,24,180,6,6,2,6,2,1,6,6,180,180,1,1,0,yes,yes,0.073867,0.04403699999999999,0.010141000000000011,273696,203d2423f41af5740017fbca18963a1389d3e15edef596f111a1454f4b643788,0.073867,'{img2sixel}' --threads=8 --precision=8bit --quality=full --sampling-policy=full-frame --binning-policy=hard --quantize-model=kmeans:seed=1 --merge-policy=ward -Xoklab -Wgamma --diffusion=fs:scan=raster --gpu-policy=off --lookup-policy=6bit:shared_instance=1 -p 2 -v -J '{log}' -o '{output}' '{input}'
0d8c1807eeccf109afd7c8de63ff038919fcb61b,1920x1080,1920,1080,2073600,4,2,5,timed,3,ascending,5,pipeline,180,6,1080,6,1,1,0,2,1,0,0,180,180,1,1,0,no,no,0.132497,0.043874,0.043937000000000004,518456,f48fb762eefd0876aca7b880be2ff1d470ee0eed9e8b27a752c5369bf6511263,0.132497,'{img2sixel}' --threads=2 --precision=8bit --quality=full --sampling-policy=full-frame --binning-policy=hard --quantize-model=kmeans:seed=1 --merge-policy=ward -Xoklab -Wgamma --diffusion=fs:scan=raster --gpu-policy=off --lookup-policy=6bit:shared_instance=1 -p 4 -v -J '{log}' -o '{output}' '{input}'
0d8c1807eeccf109afd7c8de63ff038919fcb61b,1920x1080,1920,1080,2073600,4,4,5,timed,3,ascending,6,pipeline,180,12,540,6,2,2,2,2,1,2,2,180,180,1,1,0,yes,yes,0.096388,0.043683,0.024702,518862,3e82217bab61936f11e452db01d56441cc6264c9e4118ea5cd012e2155ac0808,0.096388,'{img2sixel}' --threads=4 --precision=8bit --quality=full --sampling-policy=full-frame --binning-policy=hard --quantize-model=kmeans:seed=1 --merge-policy=ward -Xoklab -Wgamma --diffusion=fs:scan=raster --gpu-policy=off --lookup-policy=6bit:shared_instance=1 -p 4 -v -J '{log}' -o '{output}' '{input}'
0d8c1807eeccf109afd7c8de63ff038919fcb61b,1920x1080,1920,1080,2073600,4,6,5,timed,3,ascending,7,pipeline,180,18,270,6,4,2,4,2,1,4,4,180,180,1,1,0,yes,yes,0.080675,0.043975999999999994,0.013980999999999993,519265,43adf93a566643c9e773f939ae35a239ba18ef7f394e2a40fda4fdeac618278e,0.080675,'{img2sixel}' --threads=6 --precision=8bit --quality=full --sampling-policy=full-frame --binning-policy=hard --quantize-model=kmeans:seed=1 --merge-policy=ward -Xoklab -Wgamma --diffusion=fs:scan=raster --gpu-policy=off --lookup-policy=6bit:shared_instance=1 -p 4 -v -J '{log}' -o '{output}' '{input}'
0d8c1807eeccf109afd7c8de63ff038919fcb61b,1920x1080,1920,1080,2073600,4,8,5,timed,3,ascending,8,pipeline,180,24,180,6,6,2,6,2,1,6,6,180,180,1,1,0,yes,yes,0.075316,0.043963,0.010771000000000003,518185,8fc76064332dcb33131abde93d715a2da6780e84ac707362106643d95b066fc9,0.075316,'{img2sixel}' --threads=8 --precision=8bit --quality=full --sampling-policy=full-frame --binning-policy=hard --quantize-model=kmeans:seed=1 --merge-policy=ward -Xoklab -Wgamma --diffusion=fs:scan=raster --gpu-policy=off --lookup-policy=6bit:shared_instance=1 -p 4 -v -J '{log}' -o '{output}' '{input}'
0d8c1807eeccf109afd7c8de63ff038919fcb61b,1920x1080,1920,1080,2073600,8,2,5,timed,3,ascending,9,pipeline,180,6,1080,6,1,1,0,2,1,0,0,180,180,1,1,0,no,no,0.136431,0.044132000000000005,0.047647999999999996,663909,8a73164739b0782a2e4ead97e10f71c52ec4c70c35b9453cf9882bb7b19f37f9,0.136431,'{img2sixel}' --threads=2 --precision=8bit --quality=full --sampling-policy=full-frame --binning-policy=hard --quantize-model=kmeans:seed=1 --merge-policy=ward -Xoklab -Wgamma --diffusion=fs:scan=raster --gpu-policy=off --lookup-policy=6bit:shared_instance=1 -p 8 -v -J '{log}' -o '{output}' '{input}'
0d8c1807eeccf109afd7c8de63ff038919fcb61b,1920x1080,1920,1080,2073600,8,4,5,timed,3,ascending,10,pipeline,180,12,540,6,2,2,2,2,1,2,2,180,180,1,1,0,yes,yes,0.099221,0.04417299999999999,0.02687600000000001,663425,3495ae4d367b9ccf9f0e6a856a9f8732f71ec3df6f521d87a2a9660f687fc6fc,0.099221,'{img2sixel}' --threads=4 --precision=8bit --quality=full --sampling-policy=full-frame --binning-policy=hard --quantize-model=kmeans:seed=1 --merge-policy=ward -Xoklab -Wgamma --diffusion=fs:scan=raster --gpu-policy=off --lookup-policy=6bit:shared_instance=1 -p 8 -v -J '{log}' -o '{output}' '{input}'
0d8c1807eeccf109afd7c8de63ff038919fcb61b,1920x1080,1920,1080,2073600,8,6,5,timed,3,ascending,11,pipeline,180,18,270,6,4,2,4,2,1,4,4,180,180,1,1,0,yes,yes,0.084151,0.045607999999999996,0.015576000000000007,663603,bb94b3b3d4d62846b024db824ed69063c2d9318a5fbe82fb631d77849f210807,0.084151,'{img2sixel}' --threads=6 --precision=8bit --quality=full --sampling-policy=full-frame --binning-policy=hard --quantize-model=kmeans:seed=1 --merge-policy=ward -Xoklab -Wgamma --diffusion=fs:scan=raster --gpu-policy=off --lookup-policy=6bit:shared_instance=1 -p 8 -v -J '{log}' -o '{output}' '{input}'
0d8c1807eeccf109afd7c8de63ff038919fcb61b,1920x1080,1920,1080,2073600,8,8,5,timed,3,ascending,12,pipeline,180,24,180,6,6,2,6,2,1,6,6,180,180,1,1,0,yes,yes,0.07832499999999999,0.045201000000000005,0.011524999999999994,663251,eca0d80d7151e0d1019446e80c4499c1593c683128d81ed6b19bffe72702fcbb,0.07832499999999999,'{img2sixel}' --threads=8 --precision=8bit --quality=full --sampling-policy=full-frame --binning-policy=hard --quantize-model=kmeans:seed=1 --merge-policy=ward -Xoklab -Wgamma --diffusion=fs:scan=raster --gpu-policy=off --lookup-policy=6bit:shared_instance=1 -p 8 -v -J '{log}' -o '{output}' '{input}'
0d8c1807eeccf109afd7c8de63ff038919fcb61b,1920x1080,1920,1080,2073600,16,2,5,timed,3,ascending,13,pipeline,180,6,1080,6,1,1,0,2,1,0,0,180,180,1,1,0,no,no,0.138794,0.044695,0.049321000000000004,780306,cd97ff7e86e680bb7a5f5ffc76370d823d4852fb7a0c3ea691f6d65a71a2720a,0.138794,'{img2sixel}' --threads=2 --precision=8bit --quality=full --sampling-policy=full-frame --binning-policy=hard --quantize-model=kmeans:seed=1 --merge-policy=ward -Xoklab -Wgamma --diffusion=fs:scan=raster --gpu-policy=off --lookup-policy=6bit:shared_instance=1 -p 16 -v -J '{log}' -o '{output}' '{input}'
0d8c1807eeccf109afd7c8de63ff038919fcb61b,1920x1080,1920,1080,2073600,16,4,5,timed,3,ascending,14,pipeline,180,12,540,6,2,2,2,2,1,2,2,180,180,1,1,0,yes,yes,0.106166,0.044851,0.033073000000000005,777860,ca5ae6547f613925edbf899d18e0d73a242789141a202982c52ea0906ae20b50,0.106166,'{img2sixel}' --threads=4 --precision=8bit --quality=full --sampling-policy=full-frame --binning-policy=hard --quantize-model=kmeans:seed=1 --merge-policy=ward -Xoklab -Wgamma --diffusion=fs:scan=raster --gpu-policy=off --lookup-policy=6bit:shared_instance=1 -p 16 -v -J '{log}' -o '{output}' '{input}'
0d8c1807eeccf109afd7c8de63ff038919fcb61b,1920x1080,1920,1080,2073600,16,6,5,timed,3,ascending,15,pipeline,180,18,270,6,4,2,4,2,1,4,4,180,180,1,1,0,yes,yes,0.086905,0.045576,0.018625000000000003,778375,ea03ad656c80dc06f39ba5e4910c6f3609f2e882d4fedf1ed01204930807b9ce,0.086905,'{img2sixel}' --threads=6 --precision=8bit --quality=full --sampling-policy=full-frame --binning-policy=hard --quantize-model=kmeans:seed=1 --merge-policy=ward -Xoklab -Wgamma --diffusion=fs:scan=raster --gpu-policy=off --lookup-policy=6bit:shared_instance=1 -p 16 -v -J '{log}' -o '{output}' '{input}'
0d8c1807eeccf109afd7c8de63ff038919fcb61b,1920x1080,1920,1080,2073600,16,8,5,timed,3,ascending,16,pipeline,180,24,180,6,6,2,6,2,1,6,6,180,180,1,1,0,yes,yes,0.07887,0.045268,0.013509999999999994,778304,936c76354d28f1fa470d7824f034ecd6fa69cfc7273747c0a6b13dad7547c6f5,0.07887,'{img2sixel}' --threads=8 --precision=8bit --quality=full --sampling-policy=full-frame --binning-policy=hard --quantize-model=kmeans:seed=1 --merge-policy=ward -Xoklab -Wgamma --diffusion=fs:scan=raster --gpu-policy=off --lookup-policy=6bit:shared_instance=1 -p 16 -v -J '{log}' -o '{output}' '{input}'
0d8c1807eeccf109afd7c8de63ff038919fcb61b,1920x1080,1920,1080,2073600,24,2,5,timed,3,ascending,17,pipeline,180,6,1080,6,1,1,0,2,1,0,0,180,180,1,1,0,no,no,0.140733,0.046077,0.050268999999999994,852843,c64a25db3be8016a9d97455a077fa4a9c5d5e1b14c204ae3433c590ff1242789,0.140733,'{img2sixel}' --threads=2 --precision=8bit --quality=full --sampling-policy=full-frame --binning-policy=hard --quantize-model=kmeans:seed=1 --merge-policy=ward -Xoklab -Wgamma --diffusion=fs:scan=raster --gpu-policy=off --lookup-policy=6bit:shared_instance=1 -p 24 -v -J '{log}' -o '{output}' '{input}'
0d8c1807eeccf109afd7c8de63ff038919fcb61b,1920x1080,1920,1080,2073600,24,4,5,timed,3,ascending,18,pipeline,180,12,540,6,2,2,2,2,1,2,2,180,180,1,1,0,yes,yes,0.112917,0.04549500000000001,0.039568000000000006,851828,5fa10ac569cc0d1e728d3a18eeb059393b06153fd7f5916d5ca6b223156bfb16,0.112917,'{img2sixel}' --threads=4 --precision=8bit --quality=full --sampling-policy=full-frame --binning-policy=hard --quantize-model=kmeans:seed=1 --merge-policy=ward -Xoklab -Wgamma --diffusion=fs:scan=raster --gpu-policy=off --lookup-policy=6bit:shared_instance=1 -p 24 -v -J '{log}' -o '{output}' '{input}'
0d8c1807eeccf109afd7c8de63ff038919fcb61b,1920x1080,1920,1080,2073600,24,6,5,timed,3,ascending,19,pipeline,180,18,270,6,4,2,4,2,1,4,4,180,180,1,1,0,yes,yes,0.089616,0.045532,0.021245,852061,ee3216b860be2972ed112e2d9836be0c32df2f8f1a5bfde5902b5bb2a30e6a6f,0.089616,'{img2sixel}' --threads=6 --precision=8bit --quality=full --sampling-policy=full-frame --binning-policy=hard --quantize-model=kmeans:seed=1 --merge-policy=ward -Xoklab -Wgamma --diffusion=fs:scan=raster --gpu-policy=off --lookup-policy=6bit:shared_instance=1 -p 24 -v -J '{log}' -o '{output}' '{input}'
0d8c1807eeccf109afd7c8de63ff038919fcb61b,1920x1080,1920,1080,2073600,24,8,5,timed,3,ascending,20,pipeline,180,24,180,6,6,2,6,2,1,6,6,180,180,1,1,0,yes,yes,0.08101299999999999,0.045749,0.015630999999999992,851406,1618de9c692ae7ca76c7e0f3447d20d780de9698af467f8fd82888e61fb04c4a,0.08101299999999999,'{img2sixel}' --threads=8 --precision=8bit --quality=full --sampling-policy=full-frame --binning-policy=hard --quantize-model=kmeans:seed=1 --merge-policy=ward -Xoklab -Wgamma --diffusion=fs:scan=raster --gpu-policy=off --lookup-policy=6bit:shared_instance=1 -p 24 -v -J '{log}' -o '{output}' '{input}'
0d8c1807eeccf109afd7c8de63ff038919fcb61b,1920x1080,1920,1080,2073600,32,2,5,timed,3,ascending,21,pipeline,180,6,1080,6,1,1,0,2,1,0,0,180,180,1,1,0,no,no,0.140456,0.04557,0.050402,868514,492c029a3e797c359cf5c60aebaee0d03c4a15884c35f4e9c8d03b94eb12dda5,0.140456,'{img2sixel}' --threads=2 --precision=8bit --quality=full --sampling-policy=full-frame --binning-policy=hard --quantize-model=kmeans:seed=1 --merge-policy=ward -Xoklab -Wgamma --diffusion=fs:scan=raster --gpu-policy=off --lookup-policy=6bit:shared_instance=1 -p 32 -v -J '{log}' -o '{output}' '{input}'
0d8c1807eeccf109afd7c8de63ff038919fcb61b,1920x1080,1920,1080,2073600,32,4,5,timed,3,ascending,22,pipeline,180,12,540,6,2,2,2,2,1,2,2,180,180,1,1,0,yes,yes,0.11709,0.045224999999999994,0.044116,866519,e32c425303f0136f2a68707137be1d6e26dc6d49f286d028f35c8a431a8d6abf,0.11709,'{img2sixel}' --threads=4 --precision=8bit --quality=full --sampling-policy=full-frame --binning-policy=hard --quantize-model=kmeans:seed=1 --merge-policy=ward -Xoklab -Wgamma --diffusion=fs:scan=raster --gpu-policy=off --lookup-policy=6bit:shared_instance=1 -p 32 -v -J '{log}' -o '{output}' '{input}'
0d8c1807eeccf109afd7c8de63ff038919fcb61b,1920x1080,1920,1080,2073600,32,6,5,timed,3,ascending,23,pipeline,180,18,270,6,4,2,4,2,1,4,4,180,180,1,1,0,yes,yes,0.092649,0.04571600000000001,0.023959999999999995,866266,502cf9d8c64b1d2e73c7fdb0b9dc9bb09900862558deb1bb3e8622e96744a29f,0.092649,'{img2sixel}' --threads=6 --precision=8bit --quality=full --sampling-policy=full-frame --binning-policy=hard --quantize-model=kmeans:seed=1 --merge-policy=ward -Xoklab -Wgamma --diffusion=fs:scan=raster --gpu-policy=off --lookup-policy=6bit:shared_instance=1 -p 32 -v -J '{log}' -o '{output}' '{input}'
0d8c1807eeccf109afd7c8de63ff038919fcb61b,1920x1080,1920,1080,2073600,32,8,5,timed,3,ascending,24,pipeline,180,24,180,6,6,2,6,2,1,6,6,180,180,1,1,0,yes,yes,0.082745,0.045817,0.017303,866527,b8b43c3d38222192589e79a980311583252284c7b31f5d802e441ba9acd6f1b1,0.082745,'{img2sixel}' --threads=8 --precision=8bit --quality=full --sampling-policy=full-frame --binning-policy=hard --quantize-model=kmeans:seed=1 --merge-policy=ward -Xoklab -Wgamma --diffusion=fs:scan=raster --gpu-policy=off --lookup-policy=6bit:shared_instance=1 -p 32 -v -J '{log}' -o '{output}' '{input}'
0d8c1807eeccf109afd7c8de63ff038919fcb61b,1920x1080,1920,1080,2073600,48,2,5,timed,3,ascending,25,pipeline,180,6,1080,0,1,1,0,2,1,0,0,180,180,1,1,0,no,no,0.14287,0.04736799999999999,0.051089999999999997,891077,7780e6b5b548a72bd6cdd6744a1b3e9fec2dd1b92e7d8b7a0a76fb8d5fc85061,0.14287,'{img2sixel}' --threads=2 --precision=8bit --quality=full --sampling-policy=full-frame --binning-policy=hard --quantize-model=kmeans:seed=1 --merge-policy=ward -Xoklab -Wgamma --diffusion=fs:scan=raster --gpu-policy=off --lookup-policy=6bit:shared_instance=1 -p 48 -v -J '{log}' -o '{output}' '{input}'
0d8c1807eeccf109afd7c8de63ff038919fcb61b,1920x1080,1920,1080,2073600,48,4,5,timed,3,ascending,26,pipeline,180,12,540,0,2,2,2,2,1,2,2,180,180,1,1,0,yes,yes,0.12992599999999999,0.047229999999999994,0.05480399999999999,888241,8a8344876e49fe5edf0da1147561b61e72a23c474a33a16c23e8ca56704ed02a,0.12992599999999999,'{img2sixel}' --threads=4 --precision=8bit --quality=full --sampling-policy=full-frame --binning-policy=hard --quantize-model=kmeans:seed=1 --merge-policy=ward -Xoklab -Wgamma --diffusion=fs:scan=raster --gpu-policy=off --lookup-policy=6bit:shared_instance=1 -p 48 -v -J '{log}' -o '{output}' '{input}'
0d8c1807eeccf109afd7c8de63ff038919fcb61b,1920x1080,1920,1080,2073600,48,6,5,timed,3,ascending,27,pipeline,180,18,270,0,4,2,4,2,1,4,4,180,180,1,1,0,yes,yes,0.100137,0.047715999999999995,0.029406,887400,ec595f45a1b8101e044204eed515215019022c721faf3334f09fb14b08569867,0.100137,'{img2sixel}' --threads=6 --precision=8bit --quality=full --sampling-policy=full-frame --binning-policy=hard --quantize-model=kmeans:seed=1 --merge-policy=ward -Xoklab -Wgamma --diffusion=fs:scan=raster --gpu-policy=off --lookup-policy=6bit:shared_instance=1 -p 48 -v -J '{log}' -o '{output}' '{input}'
0d8c1807eeccf109afd7c8de63ff038919fcb61b,1920x1080,1920,1080,2073600,48,8,5,timed,3,ascending,28,pipeline,180,24,180,0,6,2,6,2,1,6,6,180,180,1,1,0,yes,yes,0.087293,0.047662,0.020134,887104,8cffeb5ede0de260e06ab2b717cf35ea7b0f4ea8957ea8c49933d7cb9da30aec,0.087293,'{img2sixel}' --threads=8 --precision=8bit --quality=full --sampling-policy=full-frame --binning-policy=hard --quantize-model=kmeans:seed=1 --merge-policy=ward -Xoklab -Wgamma --diffusion=fs:scan=raster --gpu-policy=off --lookup-policy=6bit:shared_instance=1 -p 48 -v -J '{log}' -o '{output}' '{input}'
0d8c1807eeccf109afd7c8de63ff038919fcb61b,1920x1080,1920,1080,2073600,64,2,5,timed,3,ascending,29,pipeline,180,6,1080,0,1,1,0,2,1,0,0,180,180,1,1,0,no,no,0.144448,0.048820999999999996,0.051273,912800,38fdff26d969de5a6ee7b315c32fc963a2dddef26bba8ff90ce5631697117ce4,0.144448,'{img2sixel}' --threads=2 --precision=8bit --quality=full --sampling-policy=full-frame --binning-policy=hard --quantize-model=kmeans:seed=1 --merge-policy=ward -Xoklab -Wgamma --diffusion=fs:scan=raster --gpu-policy=off --lookup-policy=6bit:shared_instance=1 -p 64 -v -J '{log}' -o '{output}' '{input}'
0d8c1807eeccf109afd7c8de63ff038919fcb61b,1920x1080,1920,1080,2073600,64,4,5,timed,3,ascending,30,pipeline,180,12,540,0,2,2,2,2,1,2,2,180,180,1,1,0,yes,yes,0.14285899999999999,0.048713,0.066296,909107,42edf14ecc8e80e2d7c0dfae4ba5c80b920b0a350d5b5a2c3ba2f32dd5a2e6c0,0.14285899999999999,'{img2sixel}' --threads=4 --precision=8bit --quality=full --sampling-policy=full-frame --binning-policy=hard --quantize-model=kmeans:seed=1 --merge-policy=ward -Xoklab -Wgamma --diffusion=fs:scan=raster --gpu-policy=off --lookup-policy=6bit:shared_instance=1 -p 64 -v -J '{log}' -o '{output}' '{input}'
0d8c1807eeccf109afd7c8de63ff038919fcb61b,1920x1080,1920,1080,2073600,64,6,5,timed,3,ascending,31,pipeline,180,18,270,0,4,2,4,2,1,4,4,180,180,1,1,0,yes,yes,0.106441,0.048652999999999995,0.03491999999999999,908631,4ef1546450cdcc25ee240aea839ccbd5d104a264520d95c368c7ca479e2f5a2d,0.106441,'{img2sixel}' --threads=6 --precision=8bit --quality=full --sampling-policy=full-frame --binning-policy=hard --quantize-model=kmeans:seed=1 --merge-policy=ward -Xoklab -Wgamma --diffusion=fs:scan=raster --gpu-policy=off --lookup-policy=6bit:shared_instance=1 -p 64 -v -J '{log}' -o '{output}' '{input}'
0d8c1807eeccf109afd7c8de63ff038919fcb61b,1920x1080,1920,1080,2073600,64,8,5,timed,3,ascending,32,pipeline,180,24,180,0,6,2,6,2,1,6,6,180,180,1,1,0,yes,yes,0.092649,0.04899100000000001,0.024285,907430,9ce3d55b59906a18142ac1c421935bb14e956e41da367cdc0695cd784c27db87,0.092649,'{img2sixel}' --threads=8 --precision=8bit --quality=full --sampling-policy=full-frame --binning-policy=hard --quantize-model=kmeans:seed=1 --merge-policy=ward -Xoklab -Wgamma --diffusion=fs:scan=raster --gpu-policy=off --lookup-policy=6bit:shared_instance=1 -p 64 -v -J '{log}' -o '{output}' '{input}'
0d8c1807eeccf109afd7c8de63ff038919fcb61b,1920x1080,1920,1080,2073600,96,2,5,timed,3,ascending,33,pipeline,180,6,1080,0,1,1,0,2,1,0,0,180,180,1,1,0,no,no,0.14898999999999998,0.05171,0.05251599999999999,924457,e3ffd159c55635523e5349431c27dbafb656138a2c4e88bbb944a4e52f143f0d,0.14898999999999998,'{img2sixel}' --threads=2 --precision=8bit --quality=full --sampling-policy=full-frame --binning-policy=hard --quantize-model=kmeans:seed=1 --merge-policy=ward -Xoklab -Wgamma --diffusion=fs:scan=raster --gpu-policy=off --lookup-policy=6bit:shared_instance=1 -p 96 -v -J '{log}' -o '{output}' '{input}'
0d8c1807eeccf109afd7c8de63ff038919fcb61b,1920x1080,1920,1080,2073600,96,4,5,timed,3,ascending,34,pipeline,180,12,540,0,2,2,2,2,1,2,2,180,180,1,1,0,yes,yes,0.167541,0.051194,0.088453,917740,0e9702b7aa0389fc9d15b0855fcaa048fb3ea8980d9c501c7bde9d4eebbea09b,0.167541,'{img2sixel}' --threads=4 --precision=8bit --quality=full --sampling-policy=full-frame --binning-policy=hard --quantize-model=kmeans:seed=1 --merge-policy=ward -Xoklab -Wgamma --diffusion=fs:scan=raster --gpu-policy=off --lookup-policy=6bit:shared_instance=1 -p 96 -v -J '{log}' -o '{output}' '{input}'
0d8c1807eeccf109afd7c8de63ff038919fcb61b,1920x1080,1920,1080,2073600,96,6,5,timed,3,ascending,35,pipeline,180,18,270,0,4,2,4,2,1,4,4,180,180,1,1,0,yes,yes,0.120581,0.051206,0.046461,917055,9ecb9fa30789b9320deaae4c39133488853ccd993bdf007e9723872722b71376,0.120581,'{img2sixel}' --threads=6 --precision=8bit --quality=full --sampling-policy=full-frame --binning-policy=hard --quantize-model=kmeans:seed=1 --merge-policy=ward -Xoklab -Wgamma --diffusion=fs:scan=raster --gpu-policy=off --lookup-policy=6bit:shared_instance=1 -p 96 -v -J '{log}' -o '{output}' '{input}'
0d8c1807eeccf109afd7c8de63ff038919fcb61b,1920x1080,1920,1080,2073600,96,8,5,timed,3,ascending,36,pipeline,180,24,180,0,6,2,6,2,1,6,6,180,180,1,1,0,yes,yes,0.102864,0.051428,0.03170400000000001,916302,415887b83c7061ab1a93a768bc26bc5abb1a19fa6d787757728899710ae400b2,0.102864,'{img2sixel}' --threads=8 --precision=8bit --quality=full --sampling-policy=full-frame --binning-policy=hard --quantize-model=kmeans:seed=1 --merge-policy=ward -Xoklab -Wgamma --diffusion=fs:scan=raster --gpu-policy=off --lookup-policy=6bit:shared_instance=1 -p 96 -v -J '{log}' -o '{output}' '{input}'
0d8c1807eeccf109afd7c8de63ff038919fcb61b,1920x1080,1920,1080,2073600,128,2,5,timed,3,ascending,37,pipeline,180,6,1080,0,1,1,0,2,1,0,0,180,180,1,1,0,no,no,0.152168,0.054673,0.052971000000000004,935411,2c55b62d33ca73354b3a6a4f055eef9664068ea68b9694b1f940b514ccc96284,0.152168,'{img2sixel}' --threads=2 --precision=8bit --quality=full --sampling-policy=full-frame --binning-policy=hard --quantize-model=kmeans:seed=1 --merge-policy=ward -Xoklab -Wgamma --diffusion=fs:scan=raster --gpu-policy=off --lookup-policy=6bit:shared_instance=1 -p 128 -v -J '{log}' -o '{output}' '{input}'
0d8c1807eeccf109afd7c8de63ff038919fcb61b,1920x1080,1920,1080,2073600,128,4,5,timed,3,ascending,38,pipeline,180,12,540,0,2,2,2,2,1,2,2,180,180,1,1,0,yes,yes,0.197628,0.05452900000000001,0.115272,925053,daa306dcf2662851b709ac0899a2e41b67324fec65748ecbbe7a575b8b9afe7b,0.197628,'{img2sixel}' --threads=4 --precision=8bit --quality=full --sampling-policy=full-frame --binning-policy=hard --quantize-model=kmeans:seed=1 --merge-policy=ward -Xoklab -Wgamma --diffusion=fs:scan=raster --gpu-policy=off --lookup-policy=6bit:shared_instance=1 -p 128 -v -J '{log}' -o '{output}' '{input}'
0d8c1807eeccf109afd7c8de63ff038919fcb61b,1920x1080,1920,1080,2073600,128,6,5,timed,3,ascending,39,pipeline,180,18,270,0,4,2,4,2,1,4,4,180,180,1,1,0,yes,yes,0.137989,0.05471499999999999,0.060141,924219,a8b497bda6088812479c70c2d83956c856d8b2f575e6759cd0a6c35d6317ef3e,0.137989,'{img2sixel}' --threads=6 --precision=8bit --quality=full --sampling-policy=full-frame --binning-policy=hard --quantize-model=kmeans:seed=1 --merge-policy=ward -Xoklab -Wgamma --diffusion=fs:scan=raster --gpu-policy=off --lookup-policy=6bit:shared_instance=1 -p 128 -v -J '{log}' -o '{output}' '{input}'
0d8c1807eeccf109afd7c8de63ff038919fcb61b,1920x1080,1920,1080,2073600,128,8,5,timed,3,ascending,40,pipeline,180,24,180,0,6,2,6,2,1,6,6,180,180,1,1,0,yes,yes,0.11499,0.05456799999999999,0.04082999999999999,923734,11d726abf12f48ebc704500352a869da531df0bfae4ef8916e4ac3f7e6c464f0,0.11499,'{img2sixel}' --threads=8 --precision=8bit --quality=full --sampling-policy=full-frame --binning-policy=hard --quantize-model=kmeans:seed=1 --merge-policy=ward -Xoklab -Wgamma --diffusion=fs:scan=raster --gpu-policy=off --lookup-policy=6bit:shared_instance=1 -p 128 -v -J '{log}' -o '{output}' '{input}'
0d8c1807eeccf109afd7c8de63ff038919fcb61b,1920x1080,1920,1080,2073600,192,2,5,timed,3,ascending,41,pipeline,180,6,1080,0,1,1,0,2,1,0,0,180,180,1,1,0,no,no,0.15914999999999999,0.060647,0.05402599999999999,945977,9b4b09a366576c27437bf8750bca6ca1aad9e78164280ecda79b0382439872cc,0.15914999999999999,'{img2sixel}' --threads=2 --precision=8bit --quality=full --sampling-policy=full-frame --binning-policy=hard --quantize-model=kmeans:seed=1 --merge-policy=ward -Xoklab -Wgamma --diffusion=fs:scan=raster --gpu-policy=off --lookup-policy=6bit:shared_instance=1 -p 192 -v -J '{log}' -o '{output}' '{input}'
0d8c1807eeccf109afd7c8de63ff038919fcb61b,1920x1080,1920,1080,2073600,192,4,5,timed,3,ascending,42,pipeline,180,12,540,0,2,2,2,2,1,2,2,180,180,1,1,0,yes,yes,0.24908,0.06075,0.160302,937823,e54877651a1c22c47b78c9e5b694e0c34aa7d9bd9fe052e2442c660366c67fcc,0.24908,'{img2sixel}' --threads=4 --precision=8bit --quality=full --sampling-policy=full-frame --binning-policy=hard --quantize-model=kmeans:seed=1 --merge-policy=ward -Xoklab -Wgamma --diffusion=fs:scan=raster --gpu-policy=off --lookup-policy=6bit:shared_instance=1 -p 192 -v -J '{log}' -o '{output}' '{input}'
0d8c1807eeccf109afd7c8de63ff038919fcb61b,1920x1080,1920,1080,2073600,192,6,5,timed,3,ascending,43,pipeline,180,18,270,0,4,2,4,2,1,4,4,180,180,1,1,0,yes,yes,0.166534,0.060520000000000004,0.08298599999999999,937739,8ad3bd073748aa5a9e28b32c315b4aec12a492dedf2ffd4c65d6ea61994812d3,0.166534,'{img2sixel}' --threads=6 --precision=8bit --quality=full --sampling-policy=full-frame --binning-policy=hard --quantize-model=kmeans:seed=1 --merge-policy=ward -Xoklab -Wgamma --diffusion=fs:scan=raster --gpu-policy=off --lookup-policy=6bit:shared_instance=1 -p 192 -v -J '{log}' -o '{output}' '{input}'
0d8c1807eeccf109afd7c8de63ff038919fcb61b,1920x1080,1920,1080,2073600,192,8,5,timed,3,ascending,44,pipeline,180,24,180,0,6,2,6,2,1,6,6,180,180,1,1,0,yes,yes,0.136865,0.061207000000000004,0.056042999999999996,935913,99e99ca6bef5ddecef432cd7e1fc8f77bb32ea31aac5afd2f49c2fc505dc267e,0.136865,'{img2sixel}' --threads=8 --precision=8bit --quality=full --sampling-policy=full-frame --binning-policy=hard --quantize-model=kmeans:seed=1 --merge-policy=ward -Xoklab -Wgamma --diffusion=fs:scan=raster --gpu-policy=off --lookup-policy=6bit:shared_instance=1 -p 192 -v -J '{log}' -o '{output}' '{input}'
0d8c1807eeccf109afd7c8de63ff038919fcb61b,1920x1080,1920,1080,2073600,256,2,5,timed,3,ascending,45,pipeline,180,6,1080,0,1,1,0,2,1,0,0,180,180,1,1,0,no,no,0.16786199999999998,0.067819,0.055436999999999986,956076,a49548f54d89f64a4c92e8399dd21a1c5696ef15cdb5ef06c539336fe36614f1,0.16786199999999998,'{img2sixel}' --threads=2 --precision=8bit --quality=full --sampling-policy=full-frame --binning-policy=hard --quantize-model=kmeans:seed=1 --merge-policy=ward -Xoklab -Wgamma --diffusion=fs:scan=raster --gpu-policy=off --lookup-policy=6bit:shared_instance=1 -p 256 -v -J '{log}' -o '{output}' '{input}'
0d8c1807eeccf109afd7c8de63ff038919fcb61b,1920x1080,1920,1080,2073600,256,4,5,timed,3,ascending,46,pipeline,180,12,540,0,2,2,2,2,1,2,2,180,180,1,1,0,yes,yes,0.301566,0.06770000000000001,0.205835,943463,1580e35f41a54d02b3a525d3445f61f5ea0759e9a12fb946659bb6a3308af6f8,0.301566,'{img2sixel}' --threads=4 --precision=8bit --quality=full --sampling-policy=full-frame --binning-policy=hard --quantize-model=kmeans:seed=1 --merge-policy=ward -Xoklab -Wgamma --diffusion=fs:scan=raster --gpu-policy=off --lookup-policy=6bit:shared_instance=1 -p 256 -v -J '{log}' -o '{output}' '{input}'
0d8c1807eeccf109afd7c8de63ff038919fcb61b,1920x1080,1920,1080,2073600,256,6,5,timed,3,ascending,47,pipeline,180,18,270,0,4,2,4,2,1,4,4,180,180,1,1,0,yes,yes,0.197461,0.06867,0.105868,942990,1c9647bbb528873f3988babda69e55baa91babc41d009a639419298e633ed40a,0.197461,'{img2sixel}' --threads=6 --precision=8bit --quality=full --sampling-policy=full-frame --binning-policy=hard --quantize-model=kmeans:seed=1 --merge-policy=ward -Xoklab -Wgamma --diffusion=fs:scan=raster --gpu-policy=off --lookup-policy=6bit:shared_instance=1 -p 256 -v -J '{log}' -o '{output}' '{input}'
0d8c1807eeccf109afd7c8de63ff038919fcb61b,1920x1080,1920,1080,2073600,256,8,5,timed,3,ascending,48,pipeline,180,24,180,0,6,2,6,2,1,6,6,180,180,1,1,0,yes,yes,0.166765,0.068221,0.078067,941823,a056fbe48541fd6e7d350002ac8ff5e4380576548e56478eb19423bde7fb6b24,0.166765,'{img2sixel}' --threads=8 --precision=8bit --quality=full --sampling-policy=full-frame --binning-policy=hard --quantize-model=kmeans:seed=1 --merge-policy=ward -Xoklab -Wgamma --diffusion=fs:scan=raster --gpu-policy=off --lookup-policy=6bit:shared_instance=1 -p 256 -v -J '{log}' -o '{output}' '{input}'
0d8c1807eeccf109afd7c8de63ff038919fcb61b,1920x1080,1920,1080,2073600,256,8,6,timed,4,descending,1,pipeline,180,24,180,0,6,2,6,2,1,6,6,180,180,1,1,0,yes,yes,0.16003699999999998,0.068369,0.07164399999999999,941823,a056fbe48541fd6e7d350002ac8ff5e4380576548e56478eb19423bde7fb6b24,0.16003699999999998,'{img2sixel}' --threads=8 --precision=8bit --quality=full --sampling-policy=full-frame --binning-policy=hard --quantize-model=kmeans:seed=1 --merge-policy=ward -Xoklab -Wgamma --diffusion=fs:scan=raster --gpu-policy=off --lookup-policy=6bit:shared_instance=1 -p 256 -v -J '{log}' -o '{output}' '{input}'
0d8c1807eeccf109afd7c8de63ff038919fcb61b,1920x1080,1920,1080,2073600,256,6,6,timed,4,descending,2,pipeline,180,18,270,0,4,2,4,2,1,4,4,180,180,1,1,0,yes,yes,0.196632,0.067843,0.106227,942990,1c9647bbb528873f3988babda69e55baa91babc41d009a639419298e633ed40a,0.196632,'{img2sixel}' --threads=6 --precision=8bit --quality=full --sampling-policy=full-frame --binning-policy=hard --quantize-model=kmeans:seed=1 --merge-policy=ward -Xoklab -Wgamma --diffusion=fs:scan=raster --gpu-policy=off --lookup-policy=6bit:shared_instance=1 -p 256 -v -J '{log}' -o '{output}' '{input}'
0d8c1807eeccf109afd7c8de63ff038919fcb61b,1920x1080,1920,1080,2073600,256,4,6,timed,4,descending,3,pipeline,180,12,540,0,2,2,2,2,1,2,2,180,180,1,1,0,yes,yes,0.30168900000000004,0.068219,0.205303,943463,1580e35f41a54d02b3a525d3445f61f5ea0759e9a12fb946659bb6a3308af6f8,0.30168900000000004,'{img2sixel}' --threads=4 --precision=8bit --quality=full --sampling-policy=full-frame --binning-policy=hard --quantize-model=kmeans:seed=1 --merge-policy=ward -Xoklab -Wgamma --diffusion=fs:scan=raster --gpu-policy=off --lookup-policy=6bit:shared_instance=1 -p 256 -v -J '{log}' -o '{output}' '{input}'
0d8c1807eeccf109afd7c8de63ff038919fcb61b,1920x1080,1920,1080,2073600,256,2,6,timed,4,descending,4,pipeline,180,6,1080,0,1,1,0,2,1,0,0,180,180,1,1,0,no,no,0.168222,0.06814,0.05525000000000001,956076,a49548f54d89f64a4c92e8399dd21a1c5696ef15cdb5ef06c539336fe36614f1,0.168222,'{img2sixel}' --threads=2 --precision=8bit --quality=full --sampling-policy=full-frame --binning-policy=hard --quantize-model=kmeans:seed=1 --merge-policy=ward -Xoklab -Wgamma --diffusion=fs:scan=raster --gpu-policy=off --lookup-policy=6bit:shared_instance=1 -p 256 -v -J '{log}' -o '{output}' '{input}'
0d8c1807eeccf109afd7c8de63ff038919fcb61b,1920x1080,1920,1080,2073600,192,8,6,timed,4,descending,5,pipeline,180,24,180,0,6,2,6,2,1,6,6,180,180,1,1,0,yes,yes,0.13738899999999998,0.061236,0.05602499999999999,935913,99e99ca6bef5ddecef432cd7e1fc8f77bb32ea31aac5afd2f49c2fc505dc267e,0.13738899999999998,'{img2sixel}' --threads=8 --precision=8bit --quality=full --sampling-policy=full-frame --binning-policy=hard --quantize-model=kmeans:seed=1 --merge-policy=ward -Xoklab -Wgamma --diffusion=fs:scan=raster --gpu-policy=off --lookup-policy=6bit:shared_instance=1 -p 192 -v -J '{log}' -o '{output}' '{input}'
0d8c1807eeccf109afd7c8de63ff038919fcb61b,1920x1080,1920,1080,2073600,192,6,6,timed,4,descending,6,pipeline,180,18,270,0,4,2,4,2,1,4,4,180,180,1,1,0,yes,yes,0.16639099999999998,0.060718,0.08300699999999998,937739,8ad3bd073748aa5a9e28b32c315b4aec12a492dedf2ffd4c65d6ea61994812d3,0.16639099999999998,'{img2sixel}' --threads=6 --precision=8bit --quality=full --sampling-policy=full-frame --binning-policy=hard --quantize-model=kmeans:seed=1 --merge-policy=ward -Xoklab -Wgamma --diffusion=fs:scan=raster --gpu-policy=off --lookup-policy=6bit:shared_instance=1 -p 192 -v -J '{log}' -o '{output}' '{input}'
0d8c1807eeccf109afd7c8de63ff038919fcb61b,1920x1080,1920,1080,2073600,192,4,6,timed,4,descending,7,pipeline,180,12,540,0,2,2,2,2,1,2,2,180,180,1,1,0,yes,yes,0.24917999999999998,0.060633000000000006,0.16053499999999998,937823,e54877651a1c22c47b78c9e5b694e0c34aa7d9bd9fe052e2442c660366c67fcc,0.24917999999999998,'{img2sixel}' --threads=4 --precision=8bit --quality=full --sampling-policy=full-frame --binning-policy=hard --quantize-model=kmeans:seed=1 --merge-policy=ward -Xoklab -Wgamma --diffusion=fs:scan=raster --gpu-policy=off --lookup-policy=6bit:shared_instance=1 -p 192 -v -J '{log}' -o '{output}' '{input}'
0d8c1807eeccf109afd7c8de63ff038919fcb61b,1920x1080,1920,1080,2073600,192,2,6,timed,4,descending,8,pipeline,180,6,1080,0,1,1,0,2,1,0,0,180,180,1,1,0,no,no,0.159855,0.061115,0.05395,945977,9b4b09a366576c27437bf8750bca6ca1aad9e78164280ecda79b0382439872cc,0.159855,'{img2sixel}' --threads=2 --precision=8bit --quality=full --sampling-policy=full-frame --binning-policy=hard --quantize-model=kmeans:seed=1 --merge-policy=ward -Xoklab -Wgamma --diffusion=fs:scan=raster --gpu-policy=off --lookup-policy=6bit:shared_instance=1 -p 192 -v -J '{log}' -o '{output}' '{input}'
0d8c1807eeccf109afd7c8de63ff038919fcb61b,1920x1080,1920,1080,2073600,128,8,6,timed,4,descending,9,pipeline,180,24,180,0,6,2,6,2,1,6,6,180,180,1,1,0,yes,yes,0.116478,0.055227,0.041202,923734,11d726abf12f48ebc704500352a869da531df0bfae4ef8916e4ac3f7e6c464f0,0.116478,'{img2sixel}' --threads=8 --precision=8bit --quality=full --sampling-policy=full-frame --binning-policy=hard --quantize-model=kmeans:seed=1 --merge-policy=ward -Xoklab -Wgamma --diffusion=fs:scan=raster --gpu-policy=off --lookup-policy=6bit:shared_instance=1 -p 128 -v -J '{log}' -o '{output}' '{input}'
0d8c1807eeccf109afd7c8de63ff038919fcb61b,1920x1080,1920,1080,2073600,128,6,6,timed,4,descending,10,pipeline,180,18,270,0,4,2,4,2,1,4,4,180,180,1,1,0,yes,yes,0.136727,0.054504,0.059442999999999996,924219,a8b497bda6088812479c70c2d83956c856d8b2f575e6759cd0a6c35d6317ef3e,0.136727,'{img2sixel}' --threads=6 --precision=8bit --quality=full --sampling-policy=full-frame --binning-policy=hard --quantize-model=kmeans:seed=1 --merge-policy=ward -Xoklab -Wgamma --diffusion=fs:scan=raster --gpu-policy=off --lookup-policy=6bit:shared_instance=1 -p 128 -v -J '{log}' -o '{output}' '{input}'
0d8c1807eeccf109afd7c8de63ff038919fcb61b,1920x1080,1920,1080,2073600,128,4,6,timed,4,descending,11,pipeline,180,12,540,0,2,2,2,2,1,2,2,180,180,1,1,0,yes,yes,0.199691,0.054654999999999995,0.117027,925053,daa306dcf2662851b709ac0899a2e41b67324fec65748ecbbe7a575b8b9afe7b,0.199691,'{img2sixel}' --threads=4 --precision=8bit --quality=full --sampling-policy=full-frame --binning-policy=hard --quantize-model=kmeans:seed=1 --merge-policy=ward -Xoklab -Wgamma --diffusion=fs:scan=raster --gpu-policy=off --lookup-policy=6bit:shared_instance=1 -p 128 -v -J '{log}' -o '{output}' '{input}'
0d8c1807eeccf109afd7c8de63ff038919fcb61b,1920x1080,1920,1080,2073600,128,2,6,timed,4,descending,12,pipeline,180,6,1080,0,1,1,0,2,1,0,0,180,180,1,1,0,no,no,0.153519,0.055000999999999994,0.05285799999999999,935411,2c55b62d33ca73354b3a6a4f055eef9664068ea68b9694b1f940b514ccc96284,0.153519,'{img2sixel}' --threads=2 --precision=8bit --quality=full --sampling-policy=full-frame --binning-policy=hard --quantize-model=kmeans:seed=1 --merge-policy=ward -Xoklab -Wgamma --diffusion=fs:scan=raster --gpu-policy=off --lookup-policy=6bit:shared_instance=1 -p 128 -v -J '{log}' -o '{output}' '{input}'
0d8c1807eeccf109afd7c8de63ff038919fcb61b,1920x1080,1920,1080,2073600,96,8,6,timed,4,descending,13,pipeline,180,24,180,0,6,2,6,2,1,6,6,180,180,1,1,0,yes,yes,0.103446,0.05189,0.03160399999999999,916302,415887b83c7061ab1a93a768bc26bc5abb1a19fa6d787757728899710ae400b2,0.103446,'{img2sixel}' --threads=8 --precision=8bit --quality=full --sampling-policy=full-frame --binning-policy=hard --quantize-model=kmeans:seed=1 --merge-policy=ward -Xoklab -Wgamma --diffusion=fs:scan=raster --gpu-policy=off --lookup-policy=6bit:shared_instance=1 -p 96 -v -J '{log}' -o '{output}' '{input}'
0d8c1807eeccf109afd7c8de63ff038919fcb61b,1920x1080,1920,1080,2073600,96,6,6,timed,4,descending,14,pipeline,180,18,270,0,4,2,4,2,1,4,4,180,180,1,1,0,yes,yes,0.120766,0.051592,0.046425999999999995,917055,9ecb9fa30789b9320deaae4c39133488853ccd993bdf007e9723872722b71376,0.120766,'{img2sixel}' --threads=6 --precision=8bit --quality=full --sampling-policy=full-frame --binning-policy=hard --quantize-model=kmeans:seed=1 --merge-policy=ward -Xoklab -Wgamma --diffusion=fs:scan=raster --gpu-policy=off --lookup-policy=6bit:shared_instance=1 -p 96 -v -J '{log}' -o '{output}' '{input}'
0d8c1807eeccf109afd7c8de63ff038919fcb61b,1920x1080,1920,1080,2073600,96,4,6,timed,4,descending,15,pipeline,180,12,540,0,2,2,2,2,1,2,2,180,180,1,1,0,yes,yes,0.16824599999999998,0.051544000000000006,0.08865799999999999,917740,0e9702b7aa0389fc9d15b0855fcaa048fb3ea8980d9c501c7bde9d4eebbea09b,0.16824599999999998,'{img2sixel}' --threads=4 --precision=8bit --quality=full --sampling-policy=full-frame --binning-policy=hard --quantize-model=kmeans:seed=1 --merge-policy=ward -Xoklab -Wgamma --diffusion=fs:scan=raster --gpu-policy=off --lookup-policy=6bit:shared_instance=1 -p 96 -v -J '{log}' -o '{output}' '{input}'
0d8c1807eeccf109afd7c8de63ff038919fcb61b,1920x1080,1920,1080,2073600,96,2,6,timed,4,descending,16,pipeline,180,6,1080,0,1,1,0,2,1,0,0,180,180,1,1,0,no,no,0.147968,0.050968000000000006,0.05266799999999999,924457,e3ffd159c55635523e5349431c27dbafb656138a2c4e88bbb944a4e52f143f0d,0.147968,'{img2sixel}' --threads=2 --precision=8bit --quality=full --sampling-policy=full-frame --binning-policy=hard --quantize-model=kmeans:seed=1 --merge-policy=ward -Xoklab -Wgamma --diffusion=fs:scan=raster --gpu-policy=off --lookup-policy=6bit:shared_instance=1 -p 96 -v -J '{log}' -o '{output}' '{input}'
0d8c1807eeccf109afd7c8de63ff038919fcb61b,1920x1080,1920,1080,2073600,64,8,6,timed,4,descending,17,pipeline,180,24,180,0,6,2,6,2,1,6,6,180,180,1,1,0,yes,yes,0.094885,0.050313,0.024049,907430,9ce3d55b59906a18142ac1c421935bb14e956e41da367cdc0695cd784c27db87,0.094885,'{img2sixel}' --threads=8 --precision=8bit --quality=full --sampling-policy=full-frame --binning-policy=hard --quantize-model=kmeans:seed=1 --merge-policy=ward -Xoklab -Wgamma --diffusion=fs:scan=raster --gpu-policy=off --lookup-policy=6bit:shared_instance=1 -p 64 -v -J '{log}' -o '{output}' '{input}'
0d8c1807eeccf109afd7c8de63ff038919fcb61b,1920x1080,1920,1080,2073600,64,6,6,timed,4,descending,18,pipeline,180,18,270,0,4,2,4,2,1,4,4,180,180,1,1,0,yes,yes,0.106419,0.04894799999999999,0.03501900000000001,908631,4ef1546450cdcc25ee240aea839ccbd5d104a264520d95c368c7ca479e2f5a2d,0.106419,'{img2sixel}' --threads=6 --precision=8bit --quality=full --sampling-policy=full-frame --binning-policy=hard --quantize-model=kmeans:seed=1 --merge-policy=ward -Xoklab -Wgamma --diffusion=fs:scan=raster --gpu-policy=off --lookup-policy=6bit:shared_instance=1 -p 64 -v -J '{log}' -o '{output}' '{input}'
0d8c1807eeccf109afd7c8de63ff038919fcb61b,1920x1080,1920,1080,2073600,64,4,6,timed,4,descending,19,pipeline,180,12,540,0,2,2,2,2,1,2,2,180,180,1,1,0,yes,yes,0.143564,0.049019,0.066378,909107,42edf14ecc8e80e2d7c0dfae4ba5c80b920b0a350d5b5a2c3ba2f32dd5a2e6c0,0.143564,'{img2sixel}' --threads=4 --precision=8bit --quality=full --sampling-policy=full-frame --binning-policy=hard --quantize-model=kmeans:seed=1 --merge-policy=ward -Xoklab -Wgamma --diffusion=fs:scan=raster --gpu-policy=off --lookup-policy=6bit:shared_instance=1 -p 64 -v -J '{log}' -o '{output}' '{input}'
0d8c1807eeccf109afd7c8de63ff038919fcb61b,1920x1080,1920,1080,2073600,64,2,6,timed,4,descending,20,pipeline,180,6,1080,0,1,1,0,2,1,0,0,180,180,1,1,0,no,no,0.144169,0.048747000000000006,0.051045999999999994,912800,38fdff26d969de5a6ee7b315c32fc963a2dddef26bba8ff90ce5631697117ce4,0.144169,'{img2sixel}' --threads=2 --precision=8bit --quality=full --sampling-policy=full-frame --binning-policy=hard --quantize-model=kmeans:seed=1 --merge-policy=ward -Xoklab -Wgamma --diffusion=fs:scan=raster --gpu-policy=off --lookup-policy=6bit:shared_instance=1 -p 64 -v -J '{log}' -o '{output}' '{input}'
0d8c1807eeccf109afd7c8de63ff038919fcb61b,1920x1080,1920,1080,2073600,48,8,6,timed,4,descending,21,pipeline,180,24,180,0,6,2,6,2,1,6,6,180,180,1,1,0,yes,yes,0.090257,0.049208999999999996,0.020495000000000013,887104,8cffeb5ede0de260e06ab2b717cf35ea7b0f4ea8957ea8c49933d7cb9da30aec,0.090257,'{img2sixel}' --threads=8 --precision=8bit --quality=full --sampling-policy=full-frame --binning-policy=hard --quantize-model=kmeans:seed=1 --merge-policy=ward -Xoklab -Wgamma --diffusion=fs:scan=raster --gpu-policy=off --lookup-policy=6bit:shared_instance=1 -p 48 -v -J '{log}' -o '{output}' '{input}'
0d8c1807eeccf109afd7c8de63ff038919fcb61b,1920x1080,1920,1080,2073600,48,6,6,timed,4,descending,22,pipeline,180,18,270,0,4,2,4,2,1,4,4,180,180,1,1,0,yes,yes,0.099504,0.047457,0.029366000000000003,887400,ec595f45a1b8101e044204eed515215019022c721faf3334f09fb14b08569867,0.099504,'{img2sixel}' --threads=6 --precision=8bit --quality=full --sampling-policy=full-frame --binning-policy=hard --quantize-model=kmeans:seed=1 --merge-policy=ward -Xoklab -Wgamma --diffusion=fs:scan=raster --gpu-policy=off --lookup-policy=6bit:shared_instance=1 -p 48 -v -J '{log}' -o '{output}' '{input}'
0d8c1807eeccf109afd7c8de63ff038919fcb61b,1920x1080,1920,1080,2073600,48,4,6,timed,4,descending,23,pipeline,180,12,540,0,2,2,2,2,1,2,2,180,180,1,1,0,yes,yes,0.130474,0.047481999999999996,0.054943000000000006,888241,8a8344876e49fe5edf0da1147561b61e72a23c474a33a16c23e8ca56704ed02a,0.130474,'{img2sixel}' --threads=4 --precision=8bit --quality=full --sampling-policy=full-frame --binning-policy=hard --quantize-model=kmeans:seed=1 --merge-policy=ward -Xoklab -Wgamma --diffusion=fs:scan=raster --gpu-policy=off --lookup-policy=6bit:shared_instance=1 -p 48 -v -J '{log}' -o '{output}' '{input}'
0d8c1807eeccf109afd7c8de63ff038919fcb61b,1920x1080,1920,1080,2073600,48,2,6,timed,4,descending,24,pipeline,180,6,1080,0,1,1,0,2,1,0,0,180,180,1,1,0,no,no,0.142855,0.04740099999999999,0.050899000000000014,891077,7780e6b5b548a72bd6cdd6744a1b3e9fec2dd1b92e7d8b7a0a76fb8d5fc85061,0.142855,'{img2sixel}' --threads=2 --precision=8bit --quality=full --sampling-policy=full-frame --binning-policy=hard --quantize-model=kmeans:seed=1 --merge-policy=ward -Xoklab -Wgamma --diffusion=fs:scan=raster --gpu-policy=off --lookup-policy=6bit:shared_instance=1 -p 48 -v -J '{log}' -o '{output}' '{input}'
0d8c1807eeccf109afd7c8de63ff038919fcb61b,1920x1080,1920,1080,2073600,32,8,6,timed,4,descending,25,pipeline,180,24,180,6,6,2,6,2,1,6,6,180,180,1,1,0,yes,yes,0.085862,0.047208,0.017365000000000005,866527,b8b43c3d38222192589e79a980311583252284c7b31f5d802e441ba9acd6f1b1,0.085862,'{img2sixel}' --threads=8 --precision=8bit --quality=full --sampling-policy=full-frame --binning-policy=hard --quantize-model=kmeans:seed=1 --merge-policy=ward -Xoklab -Wgamma --diffusion=fs:scan=raster --gpu-policy=off --lookup-policy=6bit:shared_instance=1 -p 32 -v -J '{log}' -o '{output}' '{input}'
0d8c1807eeccf109afd7c8de63ff038919fcb61b,1920x1080,1920,1080,2073600,32,6,6,timed,4,descending,26,pipeline,180,18,270,6,4,2,4,2,1,4,4,180,180,1,1,0,yes,yes,0.092332,0.045794,0.024015999999999996,866266,502cf9d8c64b1d2e73c7fdb0b9dc9bb09900862558deb1bb3e8622e96744a29f,0.092332,'{img2sixel}' --threads=6 --precision=8bit --quality=full --sampling-policy=full-frame --binning-policy=hard --quantize-model=kmeans:seed=1 --merge-policy=ward -Xoklab -Wgamma --diffusion=fs:scan=raster --gpu-policy=off --lookup-policy=6bit:shared_instance=1 -p 32 -v -J '{log}' -o '{output}' '{input}'
0d8c1807eeccf109afd7c8de63ff038919fcb61b,1920x1080,1920,1080,2073600,32,4,6,timed,4,descending,27,pipeline,180,12,540,6,2,2,2,2,1,2,2,180,180,1,1,0,yes,yes,0.11823299999999999,0.045824000000000004,0.04436799999999999,866519,e32c425303f0136f2a68707137be1d6e26dc6d49f286d028f35c8a431a8d6abf,0.11823299999999999,'{img2sixel}' --threads=4 --precision=8bit --quality=full --sampling-policy=full-frame --binning-policy=hard --quantize-model=kmeans:seed=1 --merge-policy=ward -Xoklab -Wgamma --diffusion=fs:scan=raster --gpu-policy=off --lookup-policy=6bit:shared_instance=1 -p 32 -v -J '{log}' -o '{output}' '{input}'
0d8c1807eeccf109afd7c8de63ff038919fcb61b,1920x1080,1920,1080,2073600,32,2,6,timed,4,descending,28,pipeline,180,6,1080,6,1,1,0,2,1,0,0,180,180,1,1,0,no,no,0.140507,0.045465000000000005,0.050539,868514,492c029a3e797c359cf5c60aebaee0d03c4a15884c35f4e9c8d03b94eb12dda5,0.140507,'{img2sixel}' --threads=2 --precision=8bit --quality=full --sampling-policy=full-frame --binning-policy=hard --quantize-model=kmeans:seed=1 --merge-policy=ward -Xoklab -Wgamma --diffusion=fs:scan=raster --gpu-policy=off --lookup-policy=6bit:shared_instance=1 -p 32 -v -J '{log}' -o '{output}' '{input}'
0d8c1807eeccf109afd7c8de63ff038919fcb61b,1920x1080,1920,1080,2073600,24,8,6,timed,4,descending,29,pipeline,180,24,180,6,6,2,6,2,1,6,6,180,180,1,1,0,yes,yes,0.081662,0.045552999999999996,0.015508999999999995,851406,1618de9c692ae7ca76c7e0f3447d20d780de9698af467f8fd82888e61fb04c4a,0.081662,'{img2sixel}' --threads=8 --precision=8bit --quality=full --sampling-policy=full-frame --binning-policy=hard --quantize-model=kmeans:seed=1 --merge-policy=ward -Xoklab -Wgamma --diffusion=fs:scan=raster --gpu-policy=off --lookup-policy=6bit:shared_instance=1 -p 24 -v -J '{log}' -o '{output}' '{input}'
0d8c1807eeccf109afd7c8de63ff038919fcb61b,1920x1080,1920,1080,2073600,24,6,6,timed,4,descending,30,pipeline,180,18,270,6,4,2,4,2,1,4,4,180,180,1,1,0,yes,yes,0.09003799999999999,0.045836,0.02152799999999999,852061,ee3216b860be2972ed112e2d9836be0c32df2f8f1a5bfde5902b5bb2a30e6a6f,0.09003799999999999,'{img2sixel}' --threads=6 --precision=8bit --quality=full --sampling-policy=full-frame --binning-policy=hard --quantize-model=kmeans:seed=1 --merge-policy=ward -Xoklab -Wgamma --diffusion=fs:scan=raster --gpu-policy=off --lookup-policy=6bit:shared_instance=1 -p 24 -v -J '{log}' -o '{output}' '{input}'
0d8c1807eeccf109afd7c8de63ff038919fcb61b,1920x1080,1920,1080,2073600,24,4,6,timed,4,descending,31,pipeline,180,12,540,6,2,2,2,2,1,2,2,180,180,1,1,0,yes,yes,0.11285300000000001,0.045756000000000005,0.039024,851828,5fa10ac569cc0d1e728d3a18eeb059393b06153fd7f5916d5ca6b223156bfb16,0.11285300000000001,'{img2sixel}' --threads=4 --precision=8bit --quality=full --sampling-policy=full-frame --binning-policy=hard --quantize-model=kmeans:seed=1 --merge-policy=ward -Xoklab -Wgamma --diffusion=fs:scan=raster --gpu-policy=off --lookup-policy=6bit:shared_instance=1 -p 24 -v -J '{log}' -o '{output}' '{input}'
0d8c1807eeccf109afd7c8de63ff038919fcb61b,1920x1080,1920,1080,2073600,24,2,6,timed,4,descending,32,pipeline,180,6,1080,6,1,1,0,2,1,0,0,180,180,1,1,0,no,no,0.139959,0.045413,0.04999200000000001,852843,c64a25db3be8016a9d97455a077fa4a9c5d5e1b14c204ae3433c590ff1242789,0.139959,'{img2sixel}' --threads=2 --precision=8bit --quality=full --sampling-policy=full-frame --binning-policy=hard --quantize-model=kmeans:seed=1 --merge-policy=ward -Xoklab -Wgamma --diffusion=fs:scan=raster --gpu-policy=off --lookup-policy=6bit:shared_instance=1 -p 24 -v -J '{log}' -o '{output}' '{input}'
0d8c1807eeccf109afd7c8de63ff038919fcb61b,1920x1080,1920,1080,2073600,16,8,6,timed,4,descending,33,pipeline,180,24,180,6,6,2,6,2,1,6,6,180,180,1,1,0,yes,yes,0.078807,0.044685,0.013629000000000002,778304,936c76354d28f1fa470d7824f034ecd6fa69cfc7273747c0a6b13dad7547c6f5,0.078807,'{img2sixel}' --threads=8 --precision=8bit --quality=full --sampling-policy=full-frame --binning-policy=hard --quantize-model=kmeans:seed=1 --merge-policy=ward -Xoklab -Wgamma --diffusion=fs:scan=raster --gpu-policy=off --lookup-policy=6bit:shared_instance=1 -p 16 -v -J '{log}' -o '{output}' '{input}'
0d8c1807eeccf109afd7c8de63ff038919fcb61b,1920x1080,1920,1080,2073600,16,6,6,timed,4,descending,34,pipeline,180,18,270,6,4,2,4,2,1,4,4,180,180,1,1,0,yes,yes,0.085741,0.044752,0.018435000000000007,778375,ea03ad656c80dc06f39ba5e4910c6f3609f2e882d4fedf1ed01204930807b9ce,0.085741,'{img2sixel}' --threads=6 --precision=8bit --quality=full --sampling-policy=full-frame --binning-policy=hard --quantize-model=kmeans:seed=1 --merge-policy=ward -Xoklab -Wgamma --diffusion=fs:scan=raster --gpu-policy=off --lookup-policy=6bit:shared_instance=1 -p 16 -v -J '{log}' -o '{output}' '{input}'
0d8c1807eeccf109afd7c8de63ff038919fcb61b,1920x1080,1920,1080,2073600,16,4,6,timed,4,descending,35,pipeline,180,12,540,6,2,2,2,2,1,2,2,180,180,1,1,0,yes,yes,0.106027,0.044728000000000004,0.033125,777860,ca5ae6547f613925edbf899d18e0d73a242789141a202982c52ea0906ae20b50,0.106027,'{img2sixel}' --threads=4 --precision=8bit --quality=full --sampling-policy=full-frame --binning-policy=hard --quantize-model=kmeans:seed=1 --merge-policy=ward -Xoklab -Wgamma --diffusion=fs:scan=raster --gpu-policy=off --lookup-policy=6bit:shared_instance=1 -p 16 -v -J '{log}' -o '{output}' '{input}'
0d8c1807eeccf109afd7c8de63ff038919fcb61b,1920x1080,1920,1080,2073600,16,2,6,timed,4,descending,36,pipeline,180,6,1080,6,1,1,0,2,1,0,0,180,180,1,1,0,no,no,0.138051,0.044399999999999995,0.049277000000000015,780306,cd97ff7e86e680bb7a5f5ffc76370d823d4852fb7a0c3ea691f6d65a71a2720a,0.138051,'{img2sixel}' --threads=2 --precision=8bit --quality=full --sampling-policy=full-frame --binning-policy=hard --quantize-model=kmeans:seed=1 --merge-policy=ward -Xoklab -Wgamma --diffusion=fs:scan=raster --gpu-policy=off --lookup-policy=6bit:shared_instance=1 -p 16 -v -J '{log}' -o '{output}' '{input}'
0d8c1807eeccf109afd7c8de63ff038919fcb61b,1920x1080,1920,1080,2073600,8,8,6,timed,4,descending,37,pipeline,180,24,180,6,6,2,6,2,1,6,6,180,180,1,1,0,yes,yes,0.07654999999999999,0.044064000000000006,0.011841999999999991,663251,eca0d80d7151e0d1019446e80c4499c1593c683128d81ed6b19bffe72702fcbb,0.07654999999999999,'{img2sixel}' --threads=8 --precision=8bit --quality=full --sampling-policy=full-frame --binning-policy=hard --quantize-model=kmeans:seed=1 --merge-policy=ward -Xoklab -Wgamma --diffusion=fs:scan=raster --gpu-policy=off --lookup-policy=6bit:shared_instance=1 -p 8 -v -J '{log}' -o '{output}' '{input}'
0d8c1807eeccf109afd7c8de63ff038919fcb61b,1920x1080,1920,1080,2073600,8,6,6,timed,4,descending,38,pipeline,180,18,270,6,4,2,4,2,1,4,4,180,180,1,1,0,yes,yes,0.08286199999999999,0.04452199999999999,0.015724000000000002,663603,bb94b3b3d4d62846b024db824ed69063c2d9318a5fbe82fb631d77849f210807,0.08286199999999999,'{img2sixel}' --threads=6 --precision=8bit --quality=full --sampling-policy=full-frame --binning-policy=hard --quantize-model=kmeans:seed=1 --merge-policy=ward -Xoklab -Wgamma --diffusion=fs:scan=raster --gpu-policy=off --lookup-policy=6bit:shared_instance=1 -p 8 -v -J '{log}' -o '{output}' '{input}'
0d8c1807eeccf109afd7c8de63ff038919fcb61b,1920x1080,1920,1080,2073600,8,4,6,timed,4,descending,39,pipeline,180,12,540,6,2,2,2,2,1,2,2,180,180,1,1,0,yes,yes,0.099547,0.044211,0.027101,663425,3495ae4d367b9ccf9f0e6a856a9f8732f71ec3df6f521d87a2a9660f687fc6fc,0.099547,'{img2sixel}' --threads=4 --precision=8bit --quality=full --sampling-policy=full-frame --binning-policy=hard --quantize-model=kmeans:seed=1 --merge-policy=ward -Xoklab -Wgamma --diffusion=fs:scan=raster --gpu-policy=off --lookup-policy=6bit:shared_instance=1 -p 8 -v -J '{log}' -o '{output}' '{input}'
0d8c1807eeccf109afd7c8de63ff038919fcb61b,1920x1080,1920,1080,2073600,8,2,6,timed,4,descending,40,pipeline,180,6,1080,6,1,1,0,2,1,0,0,180,180,1,1,0,no,no,0.137157,0.044915,0.047484,663909,8a73164739b0782a2e4ead97e10f71c52ec4c70c35b9453cf9882bb7b19f37f9,0.137157,'{img2sixel}' --threads=2 --precision=8bit --quality=full --sampling-policy=full-frame --binning-policy=hard --quantize-model=kmeans:seed=1 --merge-policy=ward -Xoklab -Wgamma --diffusion=fs:scan=raster --gpu-policy=off --lookup-policy=6bit:shared_instance=1 -p 8 -v -J '{log}' -o '{output}' '{input}'
0d8c1807eeccf109afd7c8de63ff038919fcb61b,1920x1080,1920,1080,2073600,4,8,6,timed,4,descending,41,pipeline,180,24,180,6,6,2,6,2,1,6,6,180,180,1,1,0,yes,yes,0.07486899999999999,0.043459,0.010756999999999989,518185,8fc76064332dcb33131abde93d715a2da6780e84ac707362106643d95b066fc9,0.07486899999999999,'{img2sixel}' --threads=8 --precision=8bit --quality=full --sampling-policy=full-frame --binning-policy=hard --quantize-model=kmeans:seed=1 --merge-policy=ward -Xoklab -Wgamma --diffusion=fs:scan=raster --gpu-policy=off --lookup-policy=6bit:shared_instance=1 -p 4 -v -J '{log}' -o '{output}' '{input}'
0d8c1807eeccf109afd7c8de63ff038919fcb61b,1920x1080,1920,1080,2073600,4,6,6,timed,4,descending,42,pipeline,180,18,270,6,4,2,4,2,1,4,4,180,180,1,1,0,yes,yes,0.08043199999999999,0.04409500000000001,0.01392199999999999,519265,43adf93a566643c9e773f939ae35a239ba18ef7f394e2a40fda4fdeac618278e,0.08043199999999999,'{img2sixel}' --threads=6 --precision=8bit --quality=full --sampling-policy=full-frame --binning-policy=hard --quantize-model=kmeans:seed=1 --merge-policy=ward -Xoklab -Wgamma --diffusion=fs:scan=raster --gpu-policy=off --lookup-policy=6bit:shared_instance=1 -p 4 -v -J '{log}' -o '{output}' '{input}'
0d8c1807eeccf109afd7c8de63ff038919fcb61b,1920x1080,1920,1080,2073600,4,4,6,timed,4,descending,43,pipeline,180,12,540,6,2,2,2,2,1,2,2,180,180,1,1,0,yes,yes,0.09608699999999999,0.04384300000000001,0.024156999999999998,518862,3e82217bab61936f11e452db01d56441cc6264c9e4118ea5cd012e2155ac0808,0.09608699999999999,'{img2sixel}' --threads=4 --precision=8bit --quality=full --sampling-policy=full-frame --binning-policy=hard --quantize-model=kmeans:seed=1 --merge-policy=ward -Xoklab -Wgamma --diffusion=fs:scan=raster --gpu-policy=off --lookup-policy=6bit:shared_instance=1 -p 4 -v -J '{log}' -o '{output}' '{input}'
0d8c1807eeccf109afd7c8de63ff038919fcb61b,1920x1080,1920,1080,2073600,4,2,6,timed,4,descending,44,pipeline,180,6,1080,6,1,1,0,2,1,0,0,180,180,1,1,0,no,no,0.13089,0.043167,0.043523000000000006,518456,f48fb762eefd0876aca7b880be2ff1d470ee0eed9e8b27a752c5369bf6511263,0.13089,'{img2sixel}' --threads=2 --precision=8bit --quality=full --sampling-policy=full-frame --binning-policy=hard --quantize-model=kmeans:seed=1 --merge-policy=ward -Xoklab -Wgamma --diffusion=fs:scan=raster --gpu-policy=off --lookup-policy=6bit:shared_instance=1 -p 4 -v -J '{log}' -o '{output}' '{input}'
0d8c1807eeccf109afd7c8de63ff038919fcb61b,1920x1080,1920,1080,2073600,2,8,6,timed,4,descending,45,pipeline,180,24,180,6,6,2,6,2,1,6,6,180,180,1,1,0,yes,yes,0.074617,0.04355200000000001,0.010384000000000004,273696,203d2423f41af5740017fbca18963a1389d3e15edef596f111a1454f4b643788,0.074617,'{img2sixel}' --threads=8 --precision=8bit --quality=full --sampling-policy=full-frame --binning-policy=hard --quantize-model=kmeans:seed=1 --merge-policy=ward -Xoklab -Wgamma --diffusion=fs:scan=raster --gpu-policy=off --lookup-policy=6bit:shared_instance=1 -p 2 -v -J '{log}' -o '{output}' '{input}'
0d8c1807eeccf109afd7c8de63ff038919fcb61b,1920x1080,1920,1080,2073600,2,6,6,timed,4,descending,46,pipeline,180,18,270,6,4,2,4,2,1,4,4,180,180,1,1,0,yes,yes,0.079145,0.043292,0.013353000000000004,273960,896372a37b9d88002e1cd93e20ca1a4b6b01ee4ca18b14a6c8ffee680a318912,0.079145,'{img2sixel}' --threads=6 --precision=8bit --quality=full --sampling-policy=full-frame --binning-policy=hard --quantize-model=kmeans:seed=1 --merge-policy=ward -Xoklab -Wgamma --diffusion=fs:scan=raster --gpu-policy=off --lookup-policy=6bit:shared_instance=1 -p 2 -v -J '{log}' -o '{output}' '{input}'
0d8c1807eeccf109afd7c8de63ff038919fcb61b,1920x1080,1920,1080,2073600,2,4,6,timed,4,descending,47,pipeline,180,12,540,6,2,2,2,2,1,2,2,180,180,1,1,0,yes,yes,0.094327,0.043629999999999995,0.022598999999999994,273634,bdf2c4eb98c1a3543a495f8d874f0ad87772c6f57e304782d7e0622ef17c044b,0.094327,'{img2sixel}' --threads=4 --precision=8bit --quality=full --sampling-policy=full-frame --binning-policy=hard --quantize-model=kmeans:seed=1 --merge-policy=ward -Xoklab -Wgamma --diffusion=fs:scan=raster --gpu-policy=off --lookup-policy=6bit:shared_instance=1 -p 2 -v -J '{log}' -o '{output}' '{input}'
0d8c1807eeccf109afd7c8de63ff038919fcb61b,1920x1080,1920,1080,2073600,2,2,6,timed,4,descending,48,pipeline,180,6,1080,6,1,1,0,2,1,0,0,180,180,1,1,0,no,no,0.12705,0.04422399999999999,0.037666000000000005,273903,f04a723725c85c3038ee43a2109c1680d5c006b164956f4444764bec675201f0,0.12705,'{img2sixel}' --threads=2 --precision=8bit --quality=full --sampling-policy=full-frame --binning-policy=hard --quantize-model=kmeans:seed=1 --merge-policy=ward -Xoklab -Wgamma --diffusion=fs:scan=raster --gpu-policy=off --lookup-policy=6bit:shared_instance=1 -p 2 -v -J '{log}' -o '{output}' '{input}'
0d8c1807eeccf109afd7c8de63ff038919fcb61b,1920x1080,1920,1080,2073600,2,2,7,timed,5,ascending,1,pipeline,180,6,1080,6,1,1,0,2,1,0,0,180,180,1,1,0,no,no,0.127081,0.04402500000000001,0.037761,273903,f04a723725c85c3038ee43a2109c1680d5c006b164956f4444764bec675201f0,0.127081,'{img2sixel}' --threads=2 --precision=8bit --quality=full --sampling-policy=full-frame --binning-policy=hard --quantize-model=kmeans:seed=1 --merge-policy=ward -Xoklab -Wgamma --diffusion=fs:scan=raster --gpu-policy=off --lookup-policy=6bit:shared_instance=1 -p 2 -v -J '{log}' -o '{output}' '{input}'
0d8c1807eeccf109afd7c8de63ff038919fcb61b,1920x1080,1920,1080,2073600,2,4,7,timed,5,ascending,2,pipeline,180,12,540,6,2,2,2,2,1,2,2,180,180,1,1,0,yes,yes,0.094416,0.04326699999999999,0.022858000000000003,273634,bdf2c4eb98c1a3543a495f8d874f0ad87772c6f57e304782d7e0622ef17c044b,0.094416,'{img2sixel}' --threads=4 --precision=8bit --quality=full --sampling-policy=full-frame --binning-policy=hard --quantize-model=kmeans:seed=1 --merge-policy=ward -Xoklab -Wgamma --diffusion=fs:scan=raster --gpu-policy=off --lookup-policy=6bit:shared_instance=1 -p 2 -v -J '{log}' -o '{output}' '{input}'
0d8c1807eeccf109afd7c8de63ff038919fcb61b,1920x1080,1920,1080,2073600,2,6,7,timed,5,ascending,3,pipeline,180,18,270,6,4,2,4,2,1,4,4,180,180,1,1,0,yes,yes,0.07887999999999999,0.04317,0.01331199999999999,273960,896372a37b9d88002e1cd93e20ca1a4b6b01ee4ca18b14a6c8ffee680a318912,0.07887999999999999,'{img2sixel}' --threads=6 --precision=8bit --quality=full --sampling-policy=full-frame --binning-policy=hard --quantize-model=kmeans:seed=1 --merge-policy=ward -Xoklab -Wgamma --diffusion=fs:scan=raster --gpu-policy=off --lookup-policy=6bit:shared_instance=1 -p 2 -v -J '{log}' -o '{output}' '{input}'
0d8c1807eeccf109afd7c8de63ff038919fcb61b,1920x1080,1920,1080,2073600,2,8,7,timed,5,ascending,4,pipeline,180,24,180,6,6,2,6,2,1,6,6,180,180,1,1,0,yes,yes,0.073969,0.043859999999999996,0.010239999999999999,273696,203d2423f41af5740017fbca18963a1389d3e15edef596f111a1454f4b643788,0.073969,'{img2sixel}' --threads=8 --precision=8bit --quality=full --sampling-policy=full-frame --binning-policy=hard --quantize-model=kmeans:seed=1 --merge-policy=ward -Xoklab -Wgamma --diffusion=fs:scan=raster --gpu-policy=off --lookup-policy=6bit:shared_instance=1 -p 2 -v -J '{log}' -o '{output}' '{input}'
0d8c1807eeccf109afd7c8de63ff038919fcb61b,1920x1080,1920,1080,2073600,4,2,7,timed,5,ascending,5,pipeline,180,6,1080,6,1,1,0,2,1,0,0,180,180,1,1,0,no,no,0.13330999999999998,0.044224000000000006,0.043640999999999985,518456,f48fb762eefd0876aca7b880be2ff1d470ee0eed9e8b27a752c5369bf6511263,0.13330999999999998,'{img2sixel}' --threads=2 --precision=8bit --quality=full --sampling-policy=full-frame --binning-policy=hard --quantize-model=kmeans:seed=1 --merge-policy=ward -Xoklab -Wgamma --diffusion=fs:scan=raster --gpu-policy=off --lookup-policy=6bit:shared_instance=1 -p 4 -v -J '{log}' -o '{output}' '{input}'
0d8c1807eeccf109afd7c8de63ff038919fcb61b,1920x1080,1920,1080,2073600,4,4,7,timed,5,ascending,6,pipeline,180,12,540,6,2,2,2,2,1,2,2,180,180,1,1,0,yes,yes,0.096553,0.043855000000000005,0.02414100000000001,518862,3e82217bab61936f11e452db01d56441cc6264c9e4118ea5cd012e2155ac0808,0.096553,'{img2sixel}' --threads=4 --precision=8bit --quality=full --sampling-policy=full-frame --binning-policy=hard --quantize-model=kmeans:seed=1 --merge-policy=ward -Xoklab -Wgamma --diffusion=fs:scan=raster --gpu-policy=off --lookup-policy=6bit:shared_instance=1 -p 4 -v -J '{log}' -o '{output}' '{input}'
0d8c1807eeccf109afd7c8de63ff038919fcb61b,1920x1080,1920,1080,2073600,4,6,7,timed,5,ascending,7,pipeline,180,18,270,6,4,2,4,2,1,4,4,180,180,1,1,0,yes,yes,0.082416,0.045094,0.01402500000000001,519265,43adf93a566643c9e773f939ae35a239ba18ef7f394e2a40fda4fdeac618278e,0.082416,'{img2sixel}' --threads=6 --precision=8bit --quality=full --sampling-policy=full-frame --binning-policy=hard --quantize-model=kmeans:seed=1 --merge-policy=ward -Xoklab -Wgamma --diffusion=fs:scan=raster --gpu-policy=off --lookup-policy=6bit:shared_instance=1 -p 4 -v -J '{log}' -o '{output}' '{input}'
0d8c1807eeccf109afd7c8de63ff038919fcb61b,1920x1080,1920,1080,2073600,4,8,7,timed,5,ascending,8,pipeline,180,24,180,6,6,2,6,2,1,6,6,180,180,1,1,0,yes,yes,0.077414,0.045047000000000004,0.010769,518185,8fc76064332dcb33131abde93d715a2da6780e84ac707362106643d95b066fc9,0.077414,'{img2sixel}' --threads=8 --precision=8bit --quality=full --sampling-policy=full-frame --binning-policy=hard --quantize-model=kmeans:seed=1 --merge-policy=ward -Xoklab -Wgamma --diffusion=fs:scan=raster --gpu-policy=off --lookup-policy=6bit:shared_instance=1 -p 4 -v -J '{log}' -o '{output}' '{input}'
0d8c1807eeccf109afd7c8de63ff038919fcb61b,1920x1080,1920,1080,2073600,8,2,7,timed,5,ascending,9,pipeline,180,6,1080,6,1,1,0,2,1,0,0,180,180,1,1,0,no,no,0.137514,0.045312,0.047323000000000004,663909,8a73164739b0782a2e4ead97e10f71c52ec4c70c35b9453cf9882bb7b19f37f9,0.137514,'{img2sixel}' --threads=2 --precision=8bit --quality=full --sampling-policy=full-frame --binning-policy=hard --quantize-model=kmeans:seed=1 --merge-policy=ward -Xoklab -Wgamma --diffusion=fs:scan=raster --gpu-policy=off --lookup-policy=6bit:shared_instance=1 -p 8 -v -J '{log}' -o '{output}' '{input}'
0d8c1807eeccf109afd7c8de63ff038919fcb61b,1920x1080,1920,1080,2073600,8,4,7,timed,5,ascending,10,pipeline,180,12,540,6,2,2,2,2,1,2,2,180,180,1,1,0,yes,yes,0.099891,0.044227,0.026887999999999995,663425,3495ae4d367b9ccf9f0e6a856a9f8732f71ec3df6f521d87a2a9660f687fc6fc,0.099891,'{img2sixel}' --threads=4 --precision=8bit --quality=full --sampling-policy=full-frame --binning-policy=hard --quantize-model=kmeans:seed=1 --merge-policy=ward -Xoklab -Wgamma --diffusion=fs:scan=raster --gpu-policy=off --lookup-policy=6bit:shared_instance=1 -p 8 -v -J '{log}' -o '{output}' '{input}'
0d8c1807eeccf109afd7c8de63ff038919fcb61b,1920x1080,1920,1080,2073600,8,6,7,timed,5,ascending,11,pipeline,180,18,270,6,4,2,4,2,1,4,4,180,180,1,1,0,yes,yes,0.081944,0.044207,0.015310000000000004,663603,bb94b3b3d4d62846b024db824ed69063c2d9318a5fbe82fb631d77849f210807,0.081944,'{img2sixel}' --threads=6 --precision=8bit --quality=full --sampling-policy=full-frame --binning-policy=hard --quantize-model=kmeans:seed=1 --merge-policy=ward -Xoklab -Wgamma --diffusion=fs:scan=raster --gpu-policy=off --lookup-policy=6bit:shared_instance=1 -p 8 -v -J '{log}' -o '{output}' '{input}'
0d8c1807eeccf109afd7c8de63ff038919fcb61b,1920x1080,1920,1080,2073600,8,8,7,timed,5,ascending,12,pipeline,180,24,180,6,6,2,6,2,1,6,6,180,180,1,1,0,yes,yes,0.07547,0.044319,0.011615,663251,eca0d80d7151e0d1019446e80c4499c1593c683128d81ed6b19bffe72702fcbb,0.07547,'{img2sixel}' --threads=8 --precision=8bit --quality=full --sampling-policy=full-frame --binning-policy=hard --quantize-model=kmeans:seed=1 --merge-policy=ward -Xoklab -Wgamma --diffusion=fs:scan=raster --gpu-policy=off --lookup-policy=6bit:shared_instance=1 -p 8 -v -J '{log}' -o '{output}' '{input}'
0d8c1807eeccf109afd7c8de63ff038919fcb61b,1920x1080,1920,1080,2073600,16,2,7,timed,5,ascending,13,pipeline,180,6,1080,6,1,1,0,2,1,0,0,180,180,1,1,0,no,no,0.139293,0.04541099999999999,0.049122,780306,cd97ff7e86e680bb7a5f5ffc76370d823d4852fb7a0c3ea691f6d65a71a2720a,0.139293,'{img2sixel}' --threads=2 --precision=8bit --quality=full --sampling-policy=full-frame --binning-policy=hard --quantize-model=kmeans:seed=1 --merge-policy=ward -Xoklab -Wgamma --diffusion=fs:scan=raster --gpu-policy=off --lookup-policy=6bit:shared_instance=1 -p 16 -v -J '{log}' -o '{output}' '{input}'
0d8c1807eeccf109afd7c8de63ff038919fcb61b,1920x1080,1920,1080,2073600,16,4,7,timed,5,ascending,14,pipeline,180,12,540,6,2,2,2,2,1,2,2,180,180,1,1,0,yes,yes,0.10997599999999999,0.045241,0.03609599999999999,777860,ca5ae6547f613925edbf899d18e0d73a242789141a202982c52ea0906ae20b50,0.10997599999999999,'{img2sixel}' --threads=4 --precision=8bit --quality=full --sampling-policy=full-frame --binning-policy=hard --quantize-model=kmeans:seed=1 --merge-policy=ward -Xoklab -Wgamma --diffusion=fs:scan=raster --gpu-policy=off --lookup-policy=6bit:shared_instance=1 -p 16 -v -J '{log}' -o '{output}' '{input}'
0d8c1807eeccf109afd7c8de63ff038919fcb61b,1920x1080,1920,1080,2073600,16,6,7,timed,5,ascending,15,pipeline,180,18,270,6,4,2,4,2,1,4,4,180,180,1,1,0,yes,yes,0.085204,0.044656999999999995,0.018217999999999998,778375,ea03ad656c80dc06f39ba5e4910c6f3609f2e882d4fedf1ed01204930807b9ce,0.085204,'{img2sixel}' --threads=6 --precision=8bit --quality=full --sampling-policy=full-frame --binning-policy=hard --quantize-model=kmeans:seed=1 --merge-policy=ward -Xoklab -Wgamma --diffusion=fs:scan=raster --gpu-policy=off --lookup-policy=6bit:shared_instance=1 -p 16 -v -J '{log}' -o '{output}' '{input}'
0d8c1807eeccf109afd7c8de63ff038919fcb61b,1920x1080,1920,1080,2073600,16,8,7,timed,5,ascending,16,pipeline,180,24,180,6,6,2,6,2,1,6,6,180,180,1,1,0,yes,yes,0.07829699999999999,0.045,0.013483999999999996,778304,936c76354d28f1fa470d7824f034ecd6fa69cfc7273747c0a6b13dad7547c6f5,0.07829699999999999,'{img2sixel}' --threads=8 --precision=8bit --quality=full --sampling-policy=full-frame --binning-policy=hard --quantize-model=kmeans:seed=1 --merge-policy=ward -Xoklab -Wgamma --diffusion=fs:scan=raster --gpu-policy=off --lookup-policy=6bit:shared_instance=1 -p 16 -v -J '{log}' -o '{output}' '{input}'
0d8c1807eeccf109afd7c8de63ff038919fcb61b,1920x1080,1920,1080,2073600,24,2,7,timed,5,ascending,17,pipeline,180,6,1080,6,1,1,0,2,1,0,0,180,180,1,1,0,no,no,0.142278,0.04683099999999999,0.05026499999999999,852843,c64a25db3be8016a9d97455a077fa4a9c5d5e1b14c204ae3433c590ff1242789,0.142278,'{img2sixel}' --threads=2 --precision=8bit --quality=full --sampling-policy=full-frame --binning-policy=hard --quantize-model=kmeans:seed=1 --merge-policy=ward -Xoklab -Wgamma --diffusion=fs:scan=raster --gpu-policy=off --lookup-policy=6bit:shared_instance=1 -p 24 -v -J '{log}' -o '{output}' '{input}'
0d8c1807eeccf109afd7c8de63ff038919fcb61b,1920x1080,1920,1080,2073600,24,4,7,timed,5,ascending,18,pipeline,180,12,540,6,2,2,2,2,1,2,2,180,180,1,1,0,yes,yes,0.11380699999999999,0.046265,0.038807999999999995,851828,5fa10ac569cc0d1e728d3a18eeb059393b06153fd7f5916d5ca6b223156bfb16,0.11380699999999999,'{img2sixel}' --threads=4 --precision=8bit --quality=full --sampling-policy=full-frame --binning-policy=hard --quantize-model=kmeans:seed=1 --merge-policy=ward -Xoklab -Wgamma --diffusion=fs:scan=raster --gpu-policy=off --lookup-policy=6bit:shared_instance=1 -p 24 -v -J '{log}' -o '{output}' '{input}'
0d8c1807eeccf109afd7c8de63ff038919fcb61b,1920x1080,1920,1080,2073600,24,6,7,timed,5,ascending,19,pipeline,180,18,270,6,4,2,4,2,1,4,4,180,180,1,1,0,yes,yes,0.089513,0.045759,0.021303000000000002,852061,ee3216b860be2972ed112e2d9836be0c32df2f8f1a5bfde5902b5bb2a30e6a6f,0.089513,'{img2sixel}' --threads=6 --precision=8bit --quality=full --sampling-policy=full-frame --binning-policy=hard --quantize-model=kmeans:seed=1 --merge-policy=ward -Xoklab -Wgamma --diffusion=fs:scan=raster --gpu-policy=off --lookup-policy=6bit:shared_instance=1 -p 24 -v -J '{log}' -o '{output}' '{input}'
0d8c1807eeccf109afd7c8de63ff038919fcb61b,1920x1080,1920,1080,2073600,24,8,7,timed,5,ascending,20,pipeline,180,24,180,6,6,2,6,2,1,6,6,180,180,1,1,0,yes,yes,0.08158699999999999,0.04617,0.015535999999999994,851406,1618de9c692ae7ca76c7e0f3447d20d780de9698af467f8fd82888e61fb04c4a,0.08158699999999999,'{img2sixel}' --threads=8 --precision=8bit --quality=full --sampling-policy=full-frame --binning-policy=hard --quantize-model=kmeans:seed=1 --merge-policy=ward -Xoklab -Wgamma --diffusion=fs:scan=raster --gpu-policy=off --lookup-policy=6bit:shared_instance=1 -p 24 -v -J '{log}' -o '{output}' '{input}'
0d8c1807eeccf109afd7c8de63ff038919fcb61b,1920x1080,1920,1080,2073600,32,2,7,timed,5,ascending,21,pipeline,180,6,1080,6,1,1,0,2,1,0,0,180,180,1,1,0,no,no,0.14152399999999998,0.046228,0.05028399999999998,868514,492c029a3e797c359cf5c60aebaee0d03c4a15884c35f4e9c8d03b94eb12dda5,0.14152399999999998,'{img2sixel}' --threads=2 --precision=8bit --quality=full --sampling-policy=full-frame --binning-policy=hard --quantize-model=kmeans:seed=1 --merge-policy=ward -Xoklab -Wgamma --diffusion=fs:scan=raster --gpu-policy=off --lookup-policy=6bit:shared_instance=1 -p 32 -v -J '{log}' -o '{output}' '{input}'
0d8c1807eeccf109afd7c8de63ff038919fcb61b,1920x1080,1920,1080,2073600,32,4,7,timed,5,ascending,22,pipeline,180,12,540,6,2,2,2,2,1,2,2,180,180,1,1,0,yes,yes,0.119486,0.046259999999999996,0.04439799999999999,866519,e32c425303f0136f2a68707137be1d6e26dc6d49f286d028f35c8a431a8d6abf,0.119486,'{img2sixel}' --threads=4 --precision=8bit --quality=full --sampling-policy=full-frame --binning-policy=hard --quantize-model=kmeans:seed=1 --merge-policy=ward -Xoklab -Wgamma --diffusion=fs:scan=raster --gpu-policy=off --lookup-policy=6bit:shared_instance=1 -p 32 -v -J '{log}' -o '{output}' '{input}'
0d8c1807eeccf109afd7c8de63ff038919fcb61b,1920x1080,1920,1080,2073600,32,6,7,timed,5,ascending,23,pipeline,180,18,270,6,4,2,4,2,1,4,4,180,180,1,1,0,yes,yes,0.092703,0.04597,0.024106000000000002,866266,502cf9d8c64b1d2e73c7fdb0b9dc9bb09900862558deb1bb3e8622e96744a29f,0.092703,'{img2sixel}' --threads=6 --precision=8bit --quality=full --sampling-policy=full-frame --binning-policy=hard --quantize-model=kmeans:seed=1 --merge-policy=ward -Xoklab -Wgamma --diffusion=fs:scan=raster --gpu-policy=off --lookup-policy=6bit:shared_instance=1 -p 32 -v -J '{log}' -o '{output}' '{input}'
0d8c1807eeccf109afd7c8de63ff038919fcb61b,1920x1080,1920,1080,2073600,32,8,7,timed,5,ascending,24,pipeline,180,24,180,6,6,2,6,2,1,6,6,180,180,1,1,0,yes,yes,0.083089,0.046085,0.017380999999999994,866527,b8b43c3d38222192589e79a980311583252284c7b31f5d802e441ba9acd6f1b1,0.083089,'{img2sixel}' --threads=8 --precision=8bit --quality=full --sampling-policy=full-frame --binning-policy=hard --quantize-model=kmeans:seed=1 --merge-policy=ward -Xoklab -Wgamma --diffusion=fs:scan=raster --gpu-policy=off --lookup-policy=6bit:shared_instance=1 -p 32 -v -J '{log}' -o '{output}' '{input}'
0d8c1807eeccf109afd7c8de63ff038919fcb61b,1920x1080,1920,1080,2073600,48,2,7,timed,5,ascending,25,pipeline,180,6,1080,0,1,1,0,2,1,0,0,180,180,1,1,0,no,no,0.144146,0.048044,0.051107,891077,7780e6b5b548a72bd6cdd6744a1b3e9fec2dd1b92e7d8b7a0a76fb8d5fc85061,0.144146,'{img2sixel}' --threads=2 --precision=8bit --quality=full --sampling-policy=full-frame --binning-policy=hard --quantize-model=kmeans:seed=1 --merge-policy=ward -Xoklab -Wgamma --diffusion=fs:scan=raster --gpu-policy=off --lookup-policy=6bit:shared_instance=1 -p 48 -v -J '{log}' -o '{output}' '{input}'
0d8c1807eeccf109afd7c8de63ff038919fcb61b,1920x1080,1920,1080,2073600,48,4,7,timed,5,ascending,26,pipeline,180,12,540,0,2,2,2,2,1,2,2,180,180,1,1,0,yes,yes,0.13206299999999999,0.048112999999999996,0.055126999999999995,888241,8a8344876e49fe5edf0da1147561b61e72a23c474a33a16c23e8ca56704ed02a,0.13206299999999999,'{img2sixel}' --threads=4 --precision=8bit --quality=full --sampling-policy=full-frame --binning-policy=hard --quantize-model=kmeans:seed=1 --merge-policy=ward -Xoklab -Wgamma --diffusion=fs:scan=raster --gpu-policy=off --lookup-policy=6bit:shared_instance=1 -p 48 -v -J '{log}' -o '{output}' '{input}'
0d8c1807eeccf109afd7c8de63ff038919fcb61b,1920x1080,1920,1080,2073600,48,6,7,timed,5,ascending,27,pipeline,180,18,270,0,4,2,4,2,1,4,4,180,180,1,1,0,yes,yes,0.099386,0.047644000000000006,0.029135000000000008,887400,ec595f45a1b8101e044204eed515215019022c721faf3334f09fb14b08569867,0.099386,'{img2sixel}' --threads=6 --precision=8bit --quality=full --sampling-policy=full-frame --binning-policy=hard --quantize-model=kmeans:seed=1 --merge-policy=ward -Xoklab -Wgamma --diffusion=fs:scan=raster --gpu-policy=off --lookup-policy=6bit:shared_instance=1 -p 48 -v -J '{log}' -o '{output}' '{input}'
0d8c1807eeccf109afd7c8de63ff038919fcb61b,1920x1080,1920,1080,2073600,48,8,7,timed,5,ascending,28,pipeline,180,24,180,0,6,2,6,2,1,6,6,180,180,1,1,0,yes,yes,0.087911,0.04796199999999999,0.020412,887104,8cffeb5ede0de260e06ab2b717cf35ea7b0f4ea8957ea8c49933d7cb9da30aec,0.087911,'{img2sixel}' --threads=8 --precision=8bit --quality=full --sampling-policy=full-frame --binning-policy=hard --quantize-model=kmeans:seed=1 --merge-policy=ward -Xoklab -Wgamma --diffusion=fs:scan=raster --gpu-policy=off --lookup-policy=6bit:shared_instance=1 -p 48 -v -J '{log}' -o '{output}' '{input}'
0d8c1807eeccf109afd7c8de63ff038919fcb61b,1920x1080,1920,1080,2073600,64,2,7,timed,5,ascending,29,pipeline,180,6,1080,0,1,1,0,2,1,0,0,180,180,1,1,0,no,no,0.145739,0.049305,0.051598000000000005,912800,38fdff26d969de5a6ee7b315c32fc963a2dddef26bba8ff90ce5631697117ce4,0.145739,'{img2sixel}' --threads=2 --precision=8bit --quality=full --sampling-policy=full-frame --binning-policy=hard --quantize-model=kmeans:seed=1 --merge-policy=ward -Xoklab -Wgamma --diffusion=fs:scan=raster --gpu-policy=off --lookup-policy=6bit:shared_instance=1 -p 64 -v -J '{log}' -o '{output}' '{input}'
0d8c1807eeccf109afd7c8de63ff038919fcb61b,1920x1080,1920,1080,2073600,64,4,7,timed,5,ascending,30,pipeline,180,12,540,0,2,2,2,2,1,2,2,180,180,1,1,0,yes,yes,0.145081,0.04968500000000001,0.06648199999999999,909107,42edf14ecc8e80e2d7c0dfae4ba5c80b920b0a350d5b5a2c3ba2f32dd5a2e6c0,0.145081,'{img2sixel}' --threads=4 --precision=8bit --quality=full --sampling-policy=full-frame --binning-policy=hard --quantize-model=kmeans:seed=1 --merge-policy=ward -Xoklab -Wgamma --diffusion=fs:scan=raster --gpu-policy=off --lookup-policy=6bit:shared_instance=1 -p 64 -v -J '{log}' -o '{output}' '{input}'
0d8c1807eeccf109afd7c8de63ff038919fcb61b,1920x1080,1920,1080,2073600,64,6,7,timed,5,ascending,31,pipeline,180,18,270,0,4,2,4,2,1,4,4,180,180,1,1,0,yes,yes,0.107075,0.048907,0.035112000000000004,908631,4ef1546450cdcc25ee240aea839ccbd5d104a264520d95c368c7ca479e2f5a2d,0.107075,'{img2sixel}' --threads=6 --precision=8bit --quality=full --sampling-policy=full-frame --binning-policy=hard --quantize-model=kmeans:seed=1 --merge-policy=ward -Xoklab -Wgamma --diffusion=fs:scan=raster --gpu-policy=off --lookup-policy=6bit:shared_instance=1 -p 64 -v -J '{log}' -o '{output}' '{input}'
0d8c1807eeccf109afd7c8de63ff038919fcb61b,1920x1080,1920,1080,2073600,64,8,7,timed,5,ascending,32,pipeline,180,24,180,0,6,2,6,2,1,6,6,180,180,1,1,0,yes,yes,0.093071,0.04924300000000001,0.024105,907430,9ce3d55b59906a18142ac1c421935bb14e956e41da367cdc0695cd784c27db87,0.093071,'{img2sixel}' --threads=8 --precision=8bit --quality=full --sampling-policy=full-frame --binning-policy=hard --quantize-model=kmeans:seed=1 --merge-policy=ward -Xoklab -Wgamma --diffusion=fs:scan=raster --gpu-policy=off --lookup-policy=6bit:shared_instance=1 -p 64 -v -J '{log}' -o '{output}' '{input}'
0d8c1807eeccf109afd7c8de63ff038919fcb61b,1920x1080,1920,1080,2073600,96,2,7,timed,5,ascending,33,pipeline,180,6,1080,0,1,1,0,2,1,0,0,180,180,1,1,0,no,no,0.149221,0.05187800000000001,0.05272099999999999,924457,e3ffd159c55635523e5349431c27dbafb656138a2c4e88bbb944a4e52f143f0d,0.149221,'{img2sixel}' --threads=2 --precision=8bit --quality=full --sampling-policy=full-frame --binning-policy=hard --quantize-model=kmeans:seed=1 --merge-policy=ward -Xoklab -Wgamma --diffusion=fs:scan=raster --gpu-policy=off --lookup-policy=6bit:shared_instance=1 -p 96 -v -J '{log}' -o '{output}' '{input}'
0d8c1807eeccf109afd7c8de63ff038919fcb61b,1920x1080,1920,1080,2073600,96,4,7,timed,5,ascending,34,pipeline,180,12,540,0,2,2,2,2,1,2,2,180,180,1,1,0,yes,yes,0.167846,0.051301,0.08854,917740,0e9702b7aa0389fc9d15b0855fcaa048fb3ea8980d9c501c7bde9d4eebbea09b,0.167846,'{img2sixel}' --threads=4 --precision=8bit --quality=full --sampling-policy=full-frame --binning-policy=hard --quantize-model=kmeans:seed=1 --merge-policy=ward -Xoklab -Wgamma --diffusion=fs:scan=raster --gpu-policy=off --lookup-policy=6bit:shared_instance=1 -p 96 -v -J '{log}' -o '{output}' '{input}'
0d8c1807eeccf109afd7c8de63ff038919fcb61b,1920x1080,1920,1080,2073600,96,6,7,timed,5,ascending,35,pipeline,180,18,270,0,4,2,4,2,1,4,4,180,180,1,1,0,yes,yes,0.12118999999999999,0.051376000000000005,0.046454999999999996,917055,9ecb9fa30789b9320deaae4c39133488853ccd993bdf007e9723872722b71376,0.12118999999999999,'{img2sixel}' --threads=6 --precision=8bit --quality=full --sampling-policy=full-frame --binning-policy=hard --quantize-model=kmeans:seed=1 --merge-policy=ward -Xoklab -Wgamma --diffusion=fs:scan=raster --gpu-policy=off --lookup-policy=6bit:shared_instance=1 -p 96 -v -J '{log}' -o '{output}' '{input}'
0d8c1807eeccf109afd7c8de63ff038919fcb61b,1920x1080,1920,1080,2073600,96,8,7,timed,5,ascending,36,pipeline,180,24,180,0,6,2,6,2,1,6,6,180,180,1,1,0,yes,yes,0.102769,0.051701,0.03153,916302,415887b83c7061ab1a93a768bc26bc5abb1a19fa6d787757728899710ae400b2,0.102769,'{img2sixel}' --threads=8 --precision=8bit --quality=full --sampling-policy=full-frame --binning-policy=hard --quantize-model=kmeans:seed=1 --merge-policy=ward -Xoklab -Wgamma --diffusion=fs:scan=raster --gpu-policy=off --lookup-policy=6bit:shared_instance=1 -p 96 -v -J '{log}' -o '{output}' '{input}'
0d8c1807eeccf109afd7c8de63ff038919fcb61b,1920x1080,1920,1080,2073600,128,2,7,timed,5,ascending,37,pipeline,180,6,1080,0,1,1,0,2,1,0,0,180,180,1,1,0,no,no,0.152382,0.054879000000000004,0.052793999999999994,935411,2c55b62d33ca73354b3a6a4f055eef9664068ea68b9694b1f940b514ccc96284,0.152382,'{img2sixel}' --threads=2 --precision=8bit --quality=full --sampling-policy=full-frame --binning-policy=hard --quantize-model=kmeans:seed=1 --merge-policy=ward -Xoklab -Wgamma --diffusion=fs:scan=raster --gpu-policy=off --lookup-policy=6bit:shared_instance=1 -p 128 -v -J '{log}' -o '{output}' '{input}'
0d8c1807eeccf109afd7c8de63ff038919fcb61b,1920x1080,1920,1080,2073600,128,4,7,timed,5,ascending,38,pipeline,180,12,540,0,2,2,2,2,1,2,2,180,180,1,1,0,yes,yes,0.19733699999999998,0.054424999999999994,0.11511499999999998,925053,daa306dcf2662851b709ac0899a2e41b67324fec65748ecbbe7a575b8b9afe7b,0.19733699999999998,'{img2sixel}' --threads=4 --precision=8bit --quality=full --sampling-policy=full-frame --binning-policy=hard --quantize-model=kmeans:seed=1 --merge-policy=ward -Xoklab -Wgamma --diffusion=fs:scan=raster --gpu-policy=off --lookup-policy=6bit:shared_instance=1 -p 128 -v -J '{log}' -o '{output}' '{input}'
0d8c1807eeccf109afd7c8de63ff038919fcb61b,1920x1080,1920,1080,2073600,128,6,7,timed,5,ascending,39,pipeline,180,18,270,0,4,2,4,2,1,4,4,180,180,1,1,0,yes,yes,0.137302,0.054367000000000006,0.05981700000000001,924219,a8b497bda6088812479c70c2d83956c856d8b2f575e6759cd0a6c35d6317ef3e,0.137302,'{img2sixel}' --threads=6 --precision=8bit --quality=full --sampling-policy=full-frame --binning-policy=hard --quantize-model=kmeans:seed=1 --merge-policy=ward -Xoklab -Wgamma --diffusion=fs:scan=raster --gpu-policy=off --lookup-policy=6bit:shared_instance=1 -p 128 -v -J '{log}' -o '{output}' '{input}'
0d8c1807eeccf109afd7c8de63ff038919fcb61b,1920x1080,1920,1080,2073600,128,8,7,timed,5,ascending,40,pipeline,180,24,180,0,6,2,6,2,1,6,6,180,180,1,1,0,yes,yes,0.11498699999999999,0.054606999999999996,0.04085699999999999,923734,11d726abf12f48ebc704500352a869da531df0bfae4ef8916e4ac3f7e6c464f0,0.11498699999999999,'{img2sixel}' --threads=8 --precision=8bit --quality=full --sampling-policy=full-frame --binning-policy=hard --quantize-model=kmeans:seed=1 --merge-policy=ward -Xoklab -Wgamma --diffusion=fs:scan=raster --gpu-policy=off --lookup-policy=6bit:shared_instance=1 -p 128 -v -J '{log}' -o '{output}' '{input}'
0d8c1807eeccf109afd7c8de63ff038919fcb61b,1920x1080,1920,1080,2073600,192,2,7,timed,5,ascending,41,pipeline,180,6,1080,0,1,1,0,2,1,0,0,180,180,1,1,0,no,no,0.160125,0.061173000000000005,0.054348999999999995,945977,9b4b09a366576c27437bf8750bca6ca1aad9e78164280ecda79b0382439872cc,0.160125,'{img2sixel}' --threads=2 --precision=8bit --quality=full --sampling-policy=full-frame --binning-policy=hard --quantize-model=kmeans:seed=1 --merge-policy=ward -Xoklab -Wgamma --diffusion=fs:scan=raster --gpu-policy=off --lookup-policy=6bit:shared_instance=1 -p 192 -v -J '{log}' -o '{output}' '{input}'
0d8c1807eeccf109afd7c8de63ff038919fcb61b,1920x1080,1920,1080,2073600,192,4,7,timed,5,ascending,42,pipeline,180,12,540,0,2,2,2,2,1,2,2,180,180,1,1,0,yes,yes,0.25136,0.062266,0.16048999999999997,937823,e54877651a1c22c47b78c9e5b694e0c34aa7d9bd9fe052e2442c660366c67fcc,0.25136,'{img2sixel}' --threads=4 --precision=8bit --quality=full --sampling-policy=full-frame --binning-policy=hard --quantize-model=kmeans:seed=1 --merge-policy=ward -Xoklab -Wgamma --diffusion=fs:scan=raster --gpu-policy=off --lookup-policy=6bit:shared_instance=1 -p 192 -v -J '{log}' -o '{output}' '{input}'
0d8c1807eeccf109afd7c8de63ff038919fcb61b,1920x1080,1920,1080,2073600,192,6,7,timed,5,ascending,43,pipeline,180,18,270,0,4,2,4,2,1,4,4,180,180,1,1,0,yes,yes,0.166773,0.060572,0.08315800000000001,937739,8ad3bd073748aa5a9e28b32c315b4aec12a492dedf2ffd4c65d6ea61994812d3,0.166773,'{img2sixel}' --threads=6 --precision=8bit --quality=full --sampling-policy=full-frame --binning-policy=hard --quantize-model=kmeans:seed=1 --merge-policy=ward -Xoklab -Wgamma --diffusion=fs:scan=raster --gpu-policy=off --lookup-policy=6bit:shared_instance=1 -p 192 -v -J '{log}' -o '{output}' '{input}'
0d8c1807eeccf109afd7c8de63ff038919fcb61b,1920x1080,1920,1080,2073600,192,8,7,timed,5,ascending,44,pipeline,180,24,180,0,6,2,6,2,1,6,6,180,180,1,1,0,yes,yes,0.136872,0.060818,0.05637199999999999,935913,99e99ca6bef5ddecef432cd7e1fc8f77bb32ea31aac5afd2f49c2fc505dc267e,0.136872,'{img2sixel}' --threads=8 --precision=8bit --quality=full --sampling-policy=full-frame --binning-policy=hard --quantize-model=kmeans:seed=1 --merge-policy=ward -Xoklab -Wgamma --diffusion=fs:scan=raster --gpu-policy=off --lookup-policy=6bit:shared_instance=1 -p 192 -v -J '{log}' -o '{output}' '{input}'
0d8c1807eeccf109afd7c8de63ff038919fcb61b,1920x1080,1920,1080,2073600,256,2,7,timed,5,ascending,45,pipeline,180,6,1080,0,1,1,0,2,1,0,0,180,180,1,1,0,no,no,0.1682,0.06815099999999999,0.055296999999999985,956076,a49548f54d89f64a4c92e8399dd21a1c5696ef15cdb5ef06c539336fe36614f1,0.1682,'{img2sixel}' --threads=2 --precision=8bit --quality=full --sampling-policy=full-frame --binning-policy=hard --quantize-model=kmeans:seed=1 --merge-policy=ward -Xoklab -Wgamma --diffusion=fs:scan=raster --gpu-policy=off --lookup-policy=6bit:shared_instance=1 -p 256 -v -J '{log}' -o '{output}' '{input}'
0d8c1807eeccf109afd7c8de63ff038919fcb61b,1920x1080,1920,1080,2073600,256,4,7,timed,5,ascending,46,pipeline,180,12,540,0,2,2,2,2,1,2,2,180,180,1,1,0,yes,yes,0.300443,0.067644,0.20496599999999998,943463,1580e35f41a54d02b3a525d3445f61f5ea0759e9a12fb946659bb6a3308af6f8,0.300443,'{img2sixel}' --threads=4 --precision=8bit --quality=full --sampling-policy=full-frame --binning-policy=hard --quantize-model=kmeans:seed=1 --merge-policy=ward -Xoklab -Wgamma --diffusion=fs:scan=raster --gpu-policy=off --lookup-policy=6bit:shared_instance=1 -p 256 -v -J '{log}' -o '{output}' '{input}'
0d8c1807eeccf109afd7c8de63ff038919fcb61b,1920x1080,1920,1080,2073600,256,6,7,timed,5,ascending,47,pipeline,180,18,270,0,4,2,4,2,1,4,4,180,180,1,1,0,yes,yes,0.196684,0.06742000000000001,0.106254,942990,1c9647bbb528873f3988babda69e55baa91babc41d009a639419298e633ed40a,0.196684,'{img2sixel}' --threads=6 --precision=8bit --quality=full --sampling-policy=full-frame --binning-policy=hard --quantize-model=kmeans:seed=1 --merge-policy=ward -Xoklab -Wgamma --diffusion=fs:scan=raster --gpu-policy=off --lookup-policy=6bit:shared_instance=1 -p 256 -v -J '{log}' -o '{output}' '{input}'
0d8c1807eeccf109afd7c8de63ff038919fcb61b,1920x1080,1920,1080,2073600,256,8,7,timed,5,ascending,48,pipeline,180,24,180,0,6,2,6,2,1,6,6,180,180,1,1,0,yes,yes,0.15839799999999998,0.06798399999999999,0.07078199999999998,941823,a056fbe48541fd6e7d350002ac8ff5e4380576548e56478eb19423bde7fb6b24,0.15839799999999998,'{img2sixel}' --threads=8 --precision=8bit --quality=full --sampling-policy=full-frame --binning-policy=hard --quantize-model=kmeans:seed=1 --merge-policy=ward -Xoklab -Wgamma --diffusion=fs:scan=raster --gpu-policy=off --lookup-policy=6bit:shared_instance=1 -p 256 -v -J '{log}' -o '{output}' '{input}'
0d8c1807eeccf109afd7c8de63ff038919fcb61b,1920x1080,1920,1080,2073600,256,8,8,timed,6,descending,1,pipeline,180,24,180,0,6,2,6,2,1,6,6,180,180,1,1,0,yes,yes,0.160486,0.068754,0.071597,941823,a056fbe48541fd6e7d350002ac8ff5e4380576548e56478eb19423bde7fb6b24,0.160486,'{img2sixel}' --threads=8 --precision=8bit --quality=full --sampling-policy=full-frame --binning-policy=hard --quantize-model=kmeans:seed=1 --merge-policy=ward -Xoklab -Wgamma --diffusion=fs:scan=raster --gpu-policy=off --lookup-policy=6bit:shared_instance=1 -p 256 -v -J '{log}' -o '{output}' '{input}'
0d8c1807eeccf109afd7c8de63ff038919fcb61b,1920x1080,1920,1080,2073600,256,6,8,timed,6,descending,2,pipeline,180,18,270,0,4,2,4,2,1,4,4,180,180,1,1,0,yes,yes,0.198862,0.069786,0.10630400000000001,942990,1c9647bbb528873f3988babda69e55baa91babc41d009a639419298e633ed40a,0.198862,'{img2sixel}' --threads=6 --precision=8bit --quality=full --sampling-policy=full-frame --binning-policy=hard --quantize-model=kmeans:seed=1 --merge-policy=ward -Xoklab -Wgamma --diffusion=fs:scan=raster --gpu-policy=off --lookup-policy=6bit:shared_instance=1 -p 256 -v -J '{log}' -o '{output}' '{input}'
0d8c1807eeccf109afd7c8de63ff038919fcb61b,1920x1080,1920,1080,2073600,256,4,8,timed,6,descending,3,pipeline,180,12,540,0,2,2,2,2,1,2,2,180,180,1,1,0,yes,yes,0.30379,0.068974,0.20606899999999997,943463,1580e35f41a54d02b3a525d3445f61f5ea0759e9a12fb946659bb6a3308af6f8,0.30379,'{img2sixel}' --threads=4 --precision=8bit --quality=full --sampling-policy=full-frame --binning-policy=hard --quantize-model=kmeans:seed=1 --merge-policy=ward -Xoklab -Wgamma --diffusion=fs:scan=raster --gpu-policy=off --lookup-policy=6bit:shared_instance=1 -p 256 -v -J '{log}' -o '{output}' '{input}'
0d8c1807eeccf109afd7c8de63ff038919fcb61b,1920x1080,1920,1080,2073600,256,2,8,timed,6,descending,4,pipeline,180,6,1080,0,1,1,0,2,1,0,0,180,180,1,1,0,no,no,0.171634,0.06945200000000001,0.05552700000000001,956076,a49548f54d89f64a4c92e8399dd21a1c5696ef15cdb5ef06c539336fe36614f1,0.171634,'{img2sixel}' --threads=2 --precision=8bit --quality=full --sampling-policy=full-frame --binning-policy=hard --quantize-model=kmeans:seed=1 --merge-policy=ward -Xoklab -Wgamma --diffusion=fs:scan=raster --gpu-policy=off --lookup-policy=6bit:shared_instance=1 -p 256 -v -J '{log}' -o '{output}' '{input}'
0d8c1807eeccf109afd7c8de63ff038919fcb61b,1920x1080,1920,1080,2073600,192,8,8,timed,6,descending,5,pipeline,180,24,180,0,6,2,6,2,1,6,6,180,180,1,1,0,yes,yes,0.13808299999999998,0.061482999999999996,0.05630199999999999,935913,99e99ca6bef5ddecef432cd7e1fc8f77bb32ea31aac5afd2f49c2fc505dc267e,0.13808299999999998,'{img2sixel}' --threads=8 --precision=8bit --quality=full --sampling-policy=full-frame --binning-policy=hard --quantize-model=kmeans:seed=1 --merge-policy=ward -Xoklab -Wgamma --diffusion=fs:scan=raster --gpu-policy=off --lookup-policy=6bit:shared_instance=1 -p 192 -v -J '{log}' -o '{output}' '{input}'
0d8c1807eeccf109afd7c8de63ff038919fcb61b,1920x1080,1920,1080,2073600,192,6,8,timed,6,descending,6,pipeline,180,18,270,0,4,2,4,2,1,4,4,180,180,1,1,0,yes,yes,0.167598,0.061607,0.083092,937739,8ad3bd073748aa5a9e28b32c315b4aec12a492dedf2ffd4c65d6ea61994812d3,0.167598,'{img2sixel}' --threads=6 --precision=8bit --quality=full --sampling-policy=full-frame --binning-policy=hard --quantize-model=kmeans:seed=1 --merge-policy=ward -Xoklab -Wgamma --diffusion=fs:scan=raster --gpu-policy=off --lookup-policy=6bit:shared_instance=1 -p 192 -v -J '{log}' -o '{output}' '{input}'
0d8c1807eeccf109afd7c8de63ff038919fcb61b,1920x1080,1920,1080,2073600,192,4,8,timed,6,descending,7,pipeline,180,12,540,0,2,2,2,2,1,2,2,180,180,1,1,0,yes,yes,0.250065,0.06126500000000001,0.15978399999999998,937823,e54877651a1c22c47b78c9e5b694e0c34aa7d9bd9fe052e2442c660366c67fcc,0.250065,'{img2sixel}' --threads=4 --precision=8bit --quality=full --sampling-policy=full-frame --binning-policy=hard --quantize-model=kmeans:seed=1 --merge-policy=ward -Xoklab -Wgamma --diffusion=fs:scan=raster --gpu-policy=off --lookup-policy=6bit:shared_instance=1 -p 192 -v -J '{log}' -o '{output}' '{input}'
0d8c1807eeccf109afd7c8de63ff038919fcb61b,1920x1080,1920,1080,2073600,192,2,8,timed,6,descending,8,pipeline,180,6,1080,0,1,1,0,2,1,0,0,180,180,1,1,0,no,no,0.160061,0.06098900000000001,0.05415600000000001,945977,9b4b09a366576c27437bf8750bca6ca1aad9e78164280ecda79b0382439872cc,0.160061,'{img2sixel}' --threads=2 --precision=8bit --quality=full --sampling-policy=full-frame --binning-policy=hard --quantize-model=kmeans:seed=1 --merge-policy=ward -Xoklab -Wgamma --diffusion=fs:scan=raster --gpu-policy=off --lookup-policy=6bit:shared_instance=1 -p 192 -v -J '{log}' -o '{output}' '{input}'
0d8c1807eeccf109afd7c8de63ff038919fcb61b,1920x1080,1920,1080,2073600,128,8,8,timed,6,descending,9,pipeline,180,24,180,0,6,2,6,2,1,6,6,180,180,1,1,0,yes,yes,0.115561,0.054838000000000005,0.041031,923734,11d726abf12f48ebc704500352a869da531df0bfae4ef8916e4ac3f7e6c464f0,0.115561,'{img2sixel}' --threads=8 --precision=8bit --quality=full --sampling-policy=full-frame --binning-policy=hard --quantize-model=kmeans:seed=1 --merge-policy=ward -Xoklab -Wgamma --diffusion=fs:scan=raster --gpu-policy=off --lookup-policy=6bit:shared_instance=1 -p 128 -v -J '{log}' -o '{output}' '{input}'
0d8c1807eeccf109afd7c8de63ff038919fcb61b,1920x1080,1920,1080,2073600,128,6,8,timed,6,descending,10,pipeline,180,18,270,0,4,2,4,2,1,4,4,180,180,1,1,0,yes,yes,0.137699,0.054702,0.060402,924219,a8b497bda6088812479c70c2d83956c856d8b2f575e6759cd0a6c35d6317ef3e,0.137699,'{img2sixel}' --threads=6 --precision=8bit --quality=full --sampling-policy=full-frame --binning-policy=hard --quantize-model=kmeans:seed=1 --merge-policy=ward -Xoklab -Wgamma --diffusion=fs:scan=raster --gpu-policy=off --lookup-policy=6bit:shared_instance=1 -p 128 -v -J '{log}' -o '{output}' '{input}'
0d8c1807eeccf109afd7c8de63ff038919fcb61b,1920x1080,1920,1080,2073600,128,4,8,timed,6,descending,11,pipeline,180,12,540,0,2,2,2,2,1,2,2,180,180,1,1,0,yes,yes,0.199968,0.05555099999999999,0.116041,925053,daa306dcf2662851b709ac0899a2e41b67324fec65748ecbbe7a575b8b9afe7b,0.199968,'{img2sixel}' --threads=4 --precision=8bit --quality=full --sampling-policy=full-frame --binning-policy=hard --quantize-model=kmeans:seed=1 --merge-policy=ward -Xoklab -Wgamma --diffusion=fs:scan=raster --gpu-policy=off --lookup-policy=6bit:shared_instance=1 -p 128 -v -J '{log}' -o '{output}' '{input}'
0d8c1807eeccf109afd7c8de63ff038919fcb61b,1920x1080,1920,1080,2073600,128,2,8,timed,6,descending,12,pipeline,180,6,1080,0,1,1,0,2,1,0,0,180,180,1,1,0,no,no,0.154823,0.056078,0.05273299999999999,935411,2c55b62d33ca73354b3a6a4f055eef9664068ea68b9694b1f940b514ccc96284,0.154823,'{img2sixel}' --threads=2 --precision=8bit --quality=full --sampling-policy=full-frame --binning-policy=hard --quantize-model=kmeans:seed=1 --merge-policy=ward -Xoklab -Wgamma --diffusion=fs:scan=raster --gpu-policy=off --lookup-policy=6bit:shared_instance=1 -p 128 -v -J '{log}' -o '{output}' '{input}'
0d8c1807eeccf109afd7c8de63ff038919fcb61b,1920x1080,1920,1080,2073600,96,8,8,timed,6,descending,13,pipeline,180,24,180,0,6,2,6,2,1,6,6,180,180,1,1,0,yes,yes,0.106295,0.052841000000000006,0.031664,916302,415887b83c7061ab1a93a768bc26bc5abb1a19fa6d787757728899710ae400b2,0.106295,'{img2sixel}' --threads=8 --precision=8bit --quality=full --sampling-policy=full-frame --binning-policy=hard --quantize-model=kmeans:seed=1 --merge-policy=ward -Xoklab -Wgamma --diffusion=fs:scan=raster --gpu-policy=off --lookup-policy=6bit:shared_instance=1 -p 96 -v -J '{log}' -o '{output}' '{input}'
0d8c1807eeccf109afd7c8de63ff038919fcb61b,1920x1080,1920,1080,2073600,96,6,8,timed,6,descending,14,pipeline,180,18,270,0,4,2,4,2,1,4,4,180,180,1,1,0,yes,yes,0.12331299999999999,0.05337600000000001,0.046716999999999995,917055,9ecb9fa30789b9320deaae4c39133488853ccd993bdf007e9723872722b71376,0.12331299999999999,'{img2sixel}' --threads=6 --precision=8bit --quality=full --sampling-policy=full-frame --binning-policy=hard --quantize-model=kmeans:seed=1 --merge-policy=ward -Xoklab -Wgamma --diffusion=fs:scan=raster --gpu-policy=off --lookup-policy=6bit:shared_instance=1 -p 96 -v -J '{log}' -o '{output}' '{input}'
0d8c1807eeccf109afd7c8de63ff038919fcb61b,1920x1080,1920,1080,2073600,96,4,8,timed,6,descending,15,pipeline,180,12,540,0,2,2,2,2,1,2,2,180,180,1,1,0,yes,yes,0.169161,0.051879999999999996,0.08864300000000001,917740,0e9702b7aa0389fc9d15b0855fcaa048fb3ea8980d9c501c7bde9d4eebbea09b,0.169161,'{img2sixel}' --threads=4 --precision=8bit --quality=full --sampling-policy=full-frame --binning-policy=hard --quantize-model=kmeans:seed=1 --merge-policy=ward -Xoklab -Wgamma --diffusion=fs:scan=raster --gpu-policy=off --lookup-policy=6bit:shared_instance=1 -p 96 -v -J '{log}' -o '{output}' '{input}'
0d8c1807eeccf109afd7c8de63ff038919fcb61b,1920x1080,1920,1080,2073600,96,2,8,timed,6,descending,16,pipeline,180,6,1080,0,1,1,0,2,1,0,0,180,180,1,1,0,no,no,0.14954699999999999,0.052228,0.052410999999999985,924457,e3ffd159c55635523e5349431c27dbafb656138a2c4e88bbb944a4e52f143f0d,0.14954699999999999,'{img2sixel}' --threads=2 --precision=8bit --quality=full --sampling-policy=full-frame --binning-policy=hard --quantize-model=kmeans:seed=1 --merge-policy=ward -Xoklab -Wgamma --diffusion=fs:scan=raster --gpu-policy=off --lookup-policy=6bit:shared_instance=1 -p 96 -v -J '{log}' -o '{output}' '{input}'
0d8c1807eeccf109afd7c8de63ff038919fcb61b,1920x1080,1920,1080,2073600,64,8,8,timed,6,descending,17,pipeline,180,24,180,0,6,2,6,2,1,6,6,180,180,1,1,0,yes,yes,0.093069,0.04903299999999999,0.024028000000000008,907430,9ce3d55b59906a18142ac1c421935bb14e956e41da367cdc0695cd784c27db87,0.093069,'{img2sixel}' --threads=8 --precision=8bit --quality=full --sampling-policy=full-frame --binning-policy=hard --quantize-model=kmeans:seed=1 --merge-policy=ward -Xoklab -Wgamma --diffusion=fs:scan=raster --gpu-policy=off --lookup-policy=6bit:shared_instance=1 -p 64 -v -J '{log}' -o '{output}' '{input}'
0d8c1807eeccf109afd7c8de63ff038919fcb61b,1920x1080,1920,1080,2073600,64,6,8,timed,6,descending,18,pipeline,180,18,270,0,4,2,4,2,1,4,4,180,180,1,1,0,yes,yes,0.10646,0.048874,0.035060999999999995,908631,4ef1546450cdcc25ee240aea839ccbd5d104a264520d95c368c7ca479e2f5a2d,0.10646,'{img2sixel}' --threads=6 --precision=8bit --quality=full --sampling-policy=full-frame --binning-policy=hard --quantize-model=kmeans:seed=1 --merge-policy=ward -Xoklab -Wgamma --diffusion=fs:scan=raster --gpu-policy=off --lookup-policy=6bit:shared_instance=1 -p 64 -v -J '{log}' -o '{output}' '{input}'
0d8c1807eeccf109afd7c8de63ff038919fcb61b,1920x1080,1920,1080,2073600,64,4,8,timed,6,descending,19,pipeline,180,12,540,0,2,2,2,2,1,2,2,180,180,1,1,0,yes,yes,0.143964,0.049291,0.06612200000000001,909107,42edf14ecc8e80e2d7c0dfae4ba5c80b920b0a350d5b5a2c3ba2f32dd5a2e6c0,0.143964,'{img2sixel}' --threads=4 --precision=8bit --quality=full --sampling-policy=full-frame --binning-policy=hard --quantize-model=kmeans:seed=1 --merge-policy=ward -Xoklab -Wgamma --diffusion=fs:scan=raster --gpu-policy=off --lookup-policy=6bit:shared_instance=1 -p 64 -v -J '{log}' -o '{output}' '{input}'
0d8c1807eeccf109afd7c8de63ff038919fcb61b,1920x1080,1920,1080,2073600,64,2,8,timed,6,descending,20,pipeline,180,6,1080,0,1,1,0,2,1,0,0,180,180,1,1,0,no,no,0.145711,0.049387999999999994,0.051100000000000007,912800,38fdff26d969de5a6ee7b315c32fc963a2dddef26bba8ff90ce5631697117ce4,0.145711,'{img2sixel}' --threads=2 --precision=8bit --quality=full --sampling-policy=full-frame --binning-policy=hard --quantize-model=kmeans:seed=1 --merge-policy=ward -Xoklab -Wgamma --diffusion=fs:scan=raster --gpu-policy=off --lookup-policy=6bit:shared_instance=1 -p 64 -v -J '{log}' -o '{output}' '{input}'
0d8c1807eeccf109afd7c8de63ff038919fcb61b,1920x1080,1920,1080,2073600,48,8,8,timed,6,descending,21,pipeline,180,24,180,0,6,2,6,2,1,6,6,180,180,1,1,0,yes,yes,0.08791199999999999,0.047883999999999996,0.020259,887104,8cffeb5ede0de260e06ab2b717cf35ea7b0f4ea8957ea8c49933d7cb9da30aec,0.08791199999999999,'{img2sixel}' --threads=8 --precision=8bit --quality=full --sampling-policy=full-frame --binning-policy=hard --quantize-model=kmeans:seed=1 --merge-policy=ward -Xoklab -Wgamma --diffusion=fs:scan=raster --gpu-policy=off --lookup-policy=6bit:shared_instance=1 -p 48 -v -J '{log}' -o '{output}' '{input}'
0d8c1807eeccf109afd7c8de63ff038919fcb61b,1920x1080,1920,1080,2073600,48,6,8,timed,6,descending,22,pipeline,180,18,270,0,4,2,4,2,1,4,4,180,180,1,1,0,yes,yes,0.100268,0.048652999999999995,0.029121999999999995,887400,ec595f45a1b8101e044204eed515215019022c721faf3334f09fb14b08569867,0.100268,'{img2sixel}' --threads=6 --precision=8bit --quality=full --sampling-policy=full-frame --binning-policy=hard --quantize-model=kmeans:seed=1 --merge-policy=ward -Xoklab -Wgamma --diffusion=fs:scan=raster --gpu-policy=off --lookup-policy=6bit:shared_instance=1 -p 48 -v -J '{log}' -o '{output}' '{input}'
0d8c1807eeccf109afd7c8de63ff038919fcb61b,1920x1080,1920,1080,2073600,48,4,8,timed,6,descending,23,pipeline,180,12,540,0,2,2,2,2,1,2,2,180,180,1,1,0,yes,yes,0.13073099999999999,0.047531000000000004,0.05491599999999999,888241,8a8344876e49fe5edf0da1147561b61e72a23c474a33a16c23e8ca56704ed02a,0.13073099999999999,'{img2sixel}' --threads=4 --precision=8bit --quality=full --sampling-policy=full-frame --binning-policy=hard --quantize-model=kmeans:seed=1 --merge-policy=ward -Xoklab -Wgamma --diffusion=fs:scan=raster --gpu-policy=off --lookup-policy=6bit:shared_instance=1 -p 48 -v -J '{log}' -o '{output}' '{input}'
0d8c1807eeccf109afd7c8de63ff038919fcb61b,1920x1080,1920,1080,2073600,48,2,8,timed,6,descending,24,pipeline,180,6,1080,0,1,1,0,2,1,0,0,180,180,1,1,0,no,no,0.142616,0.047352000000000005,0.050954,891077,7780e6b5b548a72bd6cdd6744a1b3e9fec2dd1b92e7d8b7a0a76fb8d5fc85061,0.142616,'{img2sixel}' --threads=2 --precision=8bit --quality=full --sampling-policy=full-frame --binning-policy=hard --quantize-model=kmeans:seed=1 --merge-policy=ward -Xoklab -Wgamma --diffusion=fs:scan=raster --gpu-policy=off --lookup-policy=6bit:shared_instance=1 -p 48 -v -J '{log}' -o '{output}' '{input}'
0d8c1807eeccf109afd7c8de63ff038919fcb61b,1920x1080,1920,1080,2073600,32,8,8,timed,6,descending,25,pipeline,180,24,180,6,6,2,6,2,1,6,6,180,180,1,1,0,yes,yes,0.083495,0.045752,0.017210000000000003,866527,b8b43c3d38222192589e79a980311583252284c7b31f5d802e441ba9acd6f1b1,0.083495,'{img2sixel}' --threads=8 --precision=8bit --quality=full --sampling-policy=full-frame --binning-policy=hard --quantize-model=kmeans:seed=1 --merge-policy=ward -Xoklab -Wgamma --diffusion=fs:scan=raster --gpu-policy=off --lookup-policy=6bit:shared_instance=1 -p 32 -v -J '{log}' -o '{output}' '{input}'
0d8c1807eeccf109afd7c8de63ff038919fcb61b,1920x1080,1920,1080,2073600,32,6,8,timed,6,descending,26,pipeline,180,18,270,6,4,2,4,2,1,4,4,180,180,1,1,0,yes,yes,0.092016,0.045627,0.023927000000000004,866266,502cf9d8c64b1d2e73c7fdb0b9dc9bb09900862558deb1bb3e8622e96744a29f,0.092016,'{img2sixel}' --threads=6 --precision=8bit --quality=full --sampling-policy=full-frame --binning-policy=hard --quantize-model=kmeans:seed=1 --merge-policy=ward -Xoklab -Wgamma --diffusion=fs:scan=raster --gpu-policy=off --lookup-policy=6bit:shared_instance=1 -p 32 -v -J '{log}' -o '{output}' '{input}'
0d8c1807eeccf109afd7c8de63ff038919fcb61b,1920x1080,1920,1080,2073600,32,4,8,timed,6,descending,27,pipeline,180,12,540,6,2,2,2,2,1,2,2,180,180,1,1,0,yes,yes,0.118894,0.046044,0.04431500000000001,866519,e32c425303f0136f2a68707137be1d6e26dc6d49f286d028f35c8a431a8d6abf,0.118894,'{img2sixel}' --threads=4 --precision=8bit --quality=full --sampling-policy=full-frame --binning-policy=hard --quantize-model=kmeans:seed=1 --merge-policy=ward -Xoklab -Wgamma --diffusion=fs:scan=raster --gpu-policy=off --lookup-policy=6bit:shared_instance=1 -p 32 -v -J '{log}' -o '{output}' '{input}'
0d8c1807eeccf109afd7c8de63ff038919fcb61b,1920x1080,1920,1080,2073600,32,2,8,timed,6,descending,28,pipeline,180,6,1080,6,1,1,0,2,1,0,0,180,180,1,1,0,no,no,0.140144,0.045374,0.050426,868514,492c029a3e797c359cf5c60aebaee0d03c4a15884c35f4e9c8d03b94eb12dda5,0.140144,'{img2sixel}' --threads=2 --precision=8bit --quality=full --sampling-policy=full-frame --binning-policy=hard --quantize-model=kmeans:seed=1 --merge-policy=ward -Xoklab -Wgamma --diffusion=fs:scan=raster --gpu-policy=off --lookup-policy=6bit:shared_instance=1 -p 32 -v -J '{log}' -o '{output}' '{input}'
0d8c1807eeccf109afd7c8de63ff038919fcb61b,1920x1080,1920,1080,2073600,24,8,8,timed,6,descending,29,pipeline,180,24,180,6,6,2,6,2,1,6,6,180,180,1,1,0,yes,yes,0.081784,0.045757000000000006,0.015414999999999998,851406,1618de9c692ae7ca76c7e0f3447d20d780de9698af467f8fd82888e61fb04c4a,0.081784,'{img2sixel}' --threads=8 --precision=8bit --quality=full --sampling-policy=full-frame --binning-policy=hard --quantize-model=kmeans:seed=1 --merge-policy=ward -Xoklab -Wgamma --diffusion=fs:scan=raster --gpu-policy=off --lookup-policy=6bit:shared_instance=1 -p 24 -v -J '{log}' -o '{output}' '{input}'
0d8c1807eeccf109afd7c8de63ff038919fcb61b,1920x1080,1920,1080,2073600,24,6,8,timed,6,descending,30,pipeline,180,18,270,6,4,2,4,2,1,4,4,180,180,1,1,0,yes,yes,0.089239,0.045550999999999994,0.021224000000000007,852061,ee3216b860be2972ed112e2d9836be0c32df2f8f1a5bfde5902b5bb2a30e6a6f,0.089239,'{img2sixel}' --threads=6 --precision=8bit --quality=full --sampling-policy=full-frame --binning-policy=hard --quantize-model=kmeans:seed=1 --merge-policy=ward -Xoklab -Wgamma --diffusion=fs:scan=raster --gpu-policy=off --lookup-policy=6bit:shared_instance=1 -p 24 -v -J '{log}' -o '{output}' '{input}'
0d8c1807eeccf109afd7c8de63ff038919fcb61b,1920x1080,1920,1080,2073600,24,4,8,timed,6,descending,31,pipeline,180,12,540,6,2,2,2,2,1,2,2,180,180,1,1,0,yes,yes,0.113381,0.046046,0.038876999999999995,851828,5fa10ac569cc0d1e728d3a18eeb059393b06153fd7f5916d5ca6b223156bfb16,0.113381,'{img2sixel}' --threads=4 --precision=8bit --quality=full --sampling-policy=full-frame --binning-policy=hard --quantize-model=kmeans:seed=1 --merge-policy=ward -Xoklab -Wgamma --diffusion=fs:scan=raster --gpu-policy=off --lookup-policy=6bit:shared_instance=1 -p 24 -v -J '{log}' -o '{output}' '{input}'
0d8c1807eeccf109afd7c8de63ff038919fcb61b,1920x1080,1920,1080,2073600,24,2,8,timed,6,descending,32,pipeline,180,6,1080,6,1,1,0,2,1,0,0,180,180,1,1,0,no,no,0.13979,0.045531,0.049986,852843,c64a25db3be8016a9d97455a077fa4a9c5d5e1b14c204ae3433c590ff1242789,0.13979,'{img2sixel}' --threads=2 --precision=8bit --quality=full --sampling-policy=full-frame --binning-policy=hard --quantize-model=kmeans:seed=1 --merge-policy=ward -Xoklab -Wgamma --diffusion=fs:scan=raster --gpu-policy=off --lookup-policy=6bit:shared_instance=1 -p 24 -v -J '{log}' -o '{output}' '{input}'
0d8c1807eeccf109afd7c8de63ff038919fcb61b,1920x1080,1920,1080,2073600,16,8,8,timed,6,descending,33,pipeline,180,24,180,6,6,2,6,2,1,6,6,180,180,1,1,0,yes,yes,0.080263,0.04610500000000001,0.013536000000000006,778304,936c76354d28f1fa470d7824f034ecd6fa69cfc7273747c0a6b13dad7547c6f5,0.080263,'{img2sixel}' --threads=8 --precision=8bit --quality=full --sampling-policy=full-frame --binning-policy=hard --quantize-model=kmeans:seed=1 --merge-policy=ward -Xoklab -Wgamma --diffusion=fs:scan=raster --gpu-policy=off --lookup-policy=6bit:shared_instance=1 -p 16 -v -J '{log}' -o '{output}' '{input}'
0d8c1807eeccf109afd7c8de63ff038919fcb61b,1920x1080,1920,1080,2073600,16,6,8,timed,6,descending,34,pipeline,180,18,270,6,4,2,4,2,1,4,4,180,180,1,1,0,yes,yes,0.086182,0.04533499999999999,0.018192,778375,ea03ad656c80dc06f39ba5e4910c6f3609f2e882d4fedf1ed01204930807b9ce,0.086182,'{img2sixel}' --threads=6 --precision=8bit --quality=full --sampling-policy=full-frame --binning-policy=hard --quantize-model=kmeans:seed=1 --merge-policy=ward -Xoklab -Wgamma --diffusion=fs:scan=raster --gpu-policy=off --lookup-policy=6bit:shared_instance=1 -p 16 -v -J '{log}' -o '{output}' '{input}'
0d8c1807eeccf109afd7c8de63ff038919fcb61b,1920x1080,1920,1080,2073600,16,4,8,timed,6,descending,35,pipeline,180,12,540,6,2,2,2,2,1,2,2,180,180,1,1,0,yes,yes,0.107727,0.045697,0.033182,777860,ca5ae6547f613925edbf899d18e0d73a242789141a202982c52ea0906ae20b50,0.107727,'{img2sixel}' --threads=4 --precision=8bit --quality=full --sampling-policy=full-frame --binning-policy=hard --quantize-model=kmeans:seed=1 --merge-policy=ward -Xoklab -Wgamma --diffusion=fs:scan=raster --gpu-policy=off --lookup-policy=6bit:shared_instance=1 -p 16 -v -J '{log}' -o '{output}' '{input}'
0d8c1807eeccf109afd7c8de63ff038919fcb61b,1920x1080,1920,1080,2073600,16,2,8,timed,6,descending,36,pipeline,180,6,1080,6,1,1,0,2,1,0,0,180,180,1,1,0,no,no,0.13777,0.04436199999999999,0.04907500000000001,780306,cd97ff7e86e680bb7a5f5ffc76370d823d4852fb7a0c3ea691f6d65a71a2720a,0.13777,'{img2sixel}' --threads=2 --precision=8bit --quality=full --sampling-policy=full-frame --binning-policy=hard --quantize-model=kmeans:seed=1 --merge-policy=ward -Xoklab -Wgamma --diffusion=fs:scan=raster --gpu-policy=off --lookup-policy=6bit:shared_instance=1 -p 16 -v -J '{log}' -o '{output}' '{input}'
0d8c1807eeccf109afd7c8de63ff038919fcb61b,1920x1080,1920,1080,2073600,8,8,8,timed,6,descending,37,pipeline,180,24,180,6,6,2,6,2,1,6,6,180,180,1,1,0,yes,yes,0.076416,0.04425799999999999,0.011589000000000002,663251,eca0d80d7151e0d1019446e80c4499c1593c683128d81ed6b19bffe72702fcbb,0.076416,'{img2sixel}' --threads=8 --precision=8bit --quality=full --sampling-policy=full-frame --binning-policy=hard --quantize-model=kmeans:seed=1 --merge-policy=ward -Xoklab -Wgamma --diffusion=fs:scan=raster --gpu-policy=off --lookup-policy=6bit:shared_instance=1 -p 8 -v -J '{log}' -o '{output}' '{input}'
0d8c1807eeccf109afd7c8de63ff038919fcb61b,1920x1080,1920,1080,2073600,8,6,8,timed,6,descending,38,pipeline,180,18,270,6,4,2,4,2,1,4,4,180,180,1,1,0,yes,yes,0.082568,0.044456999999999997,0.015472,663603,bb94b3b3d4d62846b024db824ed69063c2d9318a5fbe82fb631d77849f210807,0.082568,'{img2sixel}' --threads=6 --precision=8bit --quality=full --sampling-policy=full-frame --binning-policy=hard --quantize-model=kmeans:seed=1 --merge-policy=ward -Xoklab -Wgamma --diffusion=fs:scan=raster --gpu-policy=off --lookup-policy=6bit:shared_instance=1 -p 8 -v -J '{log}' -o '{output}' '{input}'
0d8c1807eeccf109afd7c8de63ff038919fcb61b,1920x1080,1920,1080,2073600,8,4,8,timed,6,descending,39,pipeline,180,12,540,6,2,2,2,2,1,2,2,180,180,1,1,0,yes,yes,0.100608,0.044768,0.027186000000000002,663425,3495ae4d367b9ccf9f0e6a856a9f8732f71ec3df6f521d87a2a9660f687fc6fc,0.100608,'{img2sixel}' --threads=4 --precision=8bit --quality=full --sampling-policy=full-frame --binning-policy=hard --quantize-model=kmeans:seed=1 --merge-policy=ward -Xoklab -Wgamma --diffusion=fs:scan=raster --gpu-policy=off --lookup-policy=6bit:shared_instance=1 -p 8 -v -J '{log}' -o '{output}' '{input}'
0d8c1807eeccf109afd7c8de63ff038919fcb61b,1920x1080,1920,1080,2073600,8,2,8,timed,6,descending,40,pipeline,180,6,1080,6,1,1,0,2,1,0,0,180,180,1,1,0,no,no,0.13604,0.044085,0.04747799999999999,663909,8a73164739b0782a2e4ead97e10f71c52ec4c70c35b9453cf9882bb7b19f37f9,0.13604,'{img2sixel}' --threads=2 --precision=8bit --quality=full --sampling-policy=full-frame --binning-policy=hard --quantize-model=kmeans:seed=1 --merge-policy=ward -Xoklab -Wgamma --diffusion=fs:scan=raster --gpu-policy=off --lookup-policy=6bit:shared_instance=1 -p 8 -v -J '{log}' -o '{output}' '{input}'
0d8c1807eeccf109afd7c8de63ff038919fcb61b,1920x1080,1920,1080,2073600,4,8,8,timed,6,descending,41,pipeline,180,24,180,6,6,2,6,2,1,6,6,180,180,1,1,0,yes,yes,0.076742,0.045084,0.010989000000000013,518185,8fc76064332dcb33131abde93d715a2da6780e84ac707362106643d95b066fc9,0.076742,'{img2sixel}' --threads=8 --precision=8bit --quality=full --sampling-policy=full-frame --binning-policy=hard --quantize-model=kmeans:seed=1 --merge-policy=ward -Xoklab -Wgamma --diffusion=fs:scan=raster --gpu-policy=off --lookup-policy=6bit:shared_instance=1 -p 4 -v -J '{log}' -o '{output}' '{input}'
0d8c1807eeccf109afd7c8de63ff038919fcb61b,1920x1080,1920,1080,2073600,4,6,8,timed,6,descending,42,pipeline,180,18,270,6,4,2,4,2,1,4,4,180,180,1,1,0,yes,yes,0.080416,0.04392,0.013840000000000005,519265,43adf93a566643c9e773f939ae35a239ba18ef7f394e2a40fda4fdeac618278e,0.080416,'{img2sixel}' --threads=6 --precision=8bit --quality=full --sampling-policy=full-frame --binning-policy=hard --quantize-model=kmeans:seed=1 --merge-policy=ward -Xoklab -Wgamma --diffusion=fs:scan=raster --gpu-policy=off --lookup-policy=6bit:shared_instance=1 -p 4 -v -J '{log}' -o '{output}' '{input}'
0d8c1807eeccf109afd7c8de63ff038919fcb61b,1920x1080,1920,1080,2073600,4,4,8,timed,6,descending,43,pipeline,180,12,540,6,2,2,2,2,1,2,2,180,180,1,1,0,yes,yes,0.09786,0.044557,0.024241,518862,3e82217bab61936f11e452db01d56441cc6264c9e4118ea5cd012e2155ac0808,0.09786,'{img2sixel}' --threads=4 --precision=8bit --quality=full --sampling-policy=full-frame --binning-policy=hard --quantize-model=kmeans:seed=1 --merge-policy=ward -Xoklab -Wgamma --diffusion=fs:scan=raster --gpu-policy=off --lookup-policy=6bit:shared_instance=1 -p 4 -v -J '{log}' -o '{output}' '{input}'
0d8c1807eeccf109afd7c8de63ff038919fcb61b,1920x1080,1920,1080,2073600,4,2,8,timed,6,descending,44,pipeline,180,6,1080,6,1,1,0,2,1,0,0,180,180,1,1,0,no,no,0.13264299999999998,0.043825,0.04357599999999999,518456,f48fb762eefd0876aca7b880be2ff1d470ee0eed9e8b27a752c5369bf6511263,0.13264299999999998,'{img2sixel}' --threads=2 --precision=8bit --quality=full --sampling-policy=full-frame --binning-policy=hard --quantize-model=kmeans:seed=1 --merge-policy=ward -Xoklab -Wgamma --diffusion=fs:scan=raster --gpu-policy=off --lookup-policy=6bit:shared_instance=1 -p 4 -v -J '{log}' -o '{output}' '{input}'
0d8c1807eeccf109afd7c8de63ff038919fcb61b,1920x1080,1920,1080,2073600,2,8,8,timed,6,descending,45,pipeline,180,24,180,6,6,2,6,2,1,6,6,180,180,1,1,0,yes,yes,0.07652099999999999,0.045437,0.010444999999999996,273696,203d2423f41af5740017fbca18963a1389d3e15edef596f111a1454f4b643788,0.07652099999999999,'{img2sixel}' --threads=8 --precision=8bit --quality=full --sampling-policy=full-frame --binning-policy=hard --quantize-model=kmeans:seed=1 --merge-policy=ward -Xoklab -Wgamma --diffusion=fs:scan=raster --gpu-policy=off --lookup-policy=6bit:shared_instance=1 -p 2 -v -J '{log}' -o '{output}' '{input}'
0d8c1807eeccf109afd7c8de63ff038919fcb61b,1920x1080,1920,1080,2073600,2,6,8,timed,6,descending,46,pipeline,180,18,270,6,4,2,4,2,1,4,4,180,180,1,1,0,yes,yes,0.079679,0.043605,0.013326000000000005,273960,896372a37b9d88002e1cd93e20ca1a4b6b01ee4ca18b14a6c8ffee680a318912,0.079679,'{img2sixel}' --threads=6 --precision=8bit --quality=full --sampling-policy=full-frame --binning-policy=hard --quantize-model=kmeans:seed=1 --merge-policy=ward -Xoklab -Wgamma --diffusion=fs:scan=raster --gpu-policy=off --lookup-policy=6bit:shared_instance=1 -p 2 -v -J '{log}' -o '{output}' '{input}'
0d8c1807eeccf109afd7c8de63ff038919fcb61b,1920x1080,1920,1080,2073600,2,4,8,timed,6,descending,47,pipeline,180,12,540,6,2,2,2,2,1,2,2,180,180,1,1,0,yes,yes,0.096375,0.044458,0.023007,273634,bdf2c4eb98c1a3543a495f8d874f0ad87772c6f57e304782d7e0622ef17c044b,0.096375,'{img2sixel}' --threads=4 --precision=8bit --quality=full --sampling-policy=full-frame --binning-policy=hard --quantize-model=kmeans:seed=1 --merge-policy=ward -Xoklab -Wgamma --diffusion=fs:scan=raster --gpu-policy=off --lookup-policy=6bit:shared_instance=1 -p 2 -v -J '{log}' -o '{output}' '{input}'
0d8c1807eeccf109afd7c8de63ff038919fcb61b,1920x1080,1920,1080,2073600,2,2,8,timed,6,descending,48,pipeline,180,6,1080,6,1,1,0,2,1,0,0,180,180,1,1,0,no,no,0.125667,0.043247999999999995,0.03800300000000001,273903,f04a723725c85c3038ee43a2109c1680d5c006b164956f4444764bec675201f0,0.125667,'{img2sixel}' --threads=2 --precision=8bit --quality=full --sampling-policy=full-frame --binning-policy=hard --quantize-model=kmeans:seed=1 --merge-policy=ward -Xoklab -Wgamma --diffusion=fs:scan=raster --gpu-policy=off --lookup-policy=6bit:shared_instance=1 -p 2 -v -J '{log}' -o '{output}' '{input}'
0d8c1807eeccf109afd7c8de63ff038919fcb61b,1920x1080,1920,1080,2073600,2,2,9,timed,7,ascending,1,pipeline,180,6,1080,6,1,1,0,2,1,0,0,180,180,1,1,0,no,no,0.126492,0.043491999999999996,0.037757,273903,f04a723725c85c3038ee43a2109c1680d5c006b164956f4444764bec675201f0,0.126492,'{img2sixel}' --threads=2 --precision=8bit --quality=full --sampling-policy=full-frame --binning-policy=hard --quantize-model=kmeans:seed=1 --merge-policy=ward -Xoklab -Wgamma --diffusion=fs:scan=raster --gpu-policy=off --lookup-policy=6bit:shared_instance=1 -p 2 -v -J '{log}' -o '{output}' '{input}'
0d8c1807eeccf109afd7c8de63ff038919fcb61b,1920x1080,1920,1080,2073600,2,4,9,timed,7,ascending,2,pipeline,180,12,540,6,2,2,2,2,1,2,2,180,180,1,1,0,yes,yes,0.094168,0.04326200000000001,0.022917000000000007,273634,bdf2c4eb98c1a3543a495f8d874f0ad87772c6f57e304782d7e0622ef17c044b,0.094168,'{img2sixel}' --threads=4 --precision=8bit --quality=full --sampling-policy=full-frame --binning-policy=hard --quantize-model=kmeans:seed=1 --merge-policy=ward -Xoklab -Wgamma --diffusion=fs:scan=raster --gpu-policy=off --lookup-policy=6bit:shared_instance=1 -p 2 -v -J '{log}' -o '{output}' '{input}'
0d8c1807eeccf109afd7c8de63ff038919fcb61b,1920x1080,1920,1080,2073600,2,6,9,timed,7,ascending,3,pipeline,180,18,270,6,4,2,4,2,1,4,4,180,180,1,1,0,yes,yes,0.07969699999999999,0.043389,0.013240999999999989,273960,896372a37b9d88002e1cd93e20ca1a4b6b01ee4ca18b14a6c8ffee680a318912,0.07969699999999999,'{img2sixel}' --threads=6 --precision=8bit --quality=full --sampling-policy=full-frame --binning-policy=hard --quantize-model=kmeans:seed=1 --merge-policy=ward -Xoklab -Wgamma --diffusion=fs:scan=raster --gpu-policy=off --lookup-policy=6bit:shared_instance=1 -p 2 -v -J '{log}' -o '{output}' '{input}'
0d8c1807eeccf109afd7c8de63ff038919fcb61b,1920x1080,1920,1080,2073600,2,8,9,timed,7,ascending,4,pipeline,180,24,180,6,6,2,6,2,1,6,6,180,180,1,1,0,yes,yes,0.073549,0.043606000000000006,0.010281000000000012,273696,203d2423f41af5740017fbca18963a1389d3e15edef596f111a1454f4b643788,0.073549,'{img2sixel}' --threads=8 --precision=8bit --quality=full --sampling-policy=full-frame --binning-policy=hard --quantize-model=kmeans:seed=1 --merge-policy=ward -Xoklab -Wgamma --diffusion=fs:scan=raster --gpu-policy=off --lookup-policy=6bit:shared_instance=1 -p 2 -v -J '{log}' -o '{output}' '{input}'
0d8c1807eeccf109afd7c8de63ff038919fcb61b,1920x1080,1920,1080,2073600,4,2,9,timed,7,ascending,5,pipeline,180,6,1080,6,1,1,0,2,1,0,0,180,180,1,1,0,no,no,0.132584,0.043991999999999996,0.043907000000000015,518456,f48fb762eefd0876aca7b880be2ff1d470ee0eed9e8b27a752c5369bf6511263,0.132584,'{img2sixel}' --threads=2 --precision=8bit --quality=full --sampling-policy=full-frame --binning-policy=hard --quantize-model=kmeans:seed=1 --merge-policy=ward -Xoklab -Wgamma --diffusion=fs:scan=raster --gpu-policy=off --lookup-policy=6bit:shared_instance=1 -p 4 -v -J '{log}' -o '{output}' '{input}'
0d8c1807eeccf109afd7c8de63ff038919fcb61b,1920x1080,1920,1080,2073600,4,4,9,timed,7,ascending,6,pipeline,180,12,540,6,2,2,2,2,1,2,2,180,180,1,1,0,yes,yes,0.095927,0.043575,0.024402000000000007,518862,3e82217bab61936f11e452db01d56441cc6264c9e4118ea5cd012e2155ac0808,0.095927,'{img2sixel}' --threads=4 --precision=8bit --quality=full --sampling-policy=full-frame --binning-policy=hard --quantize-model=kmeans:seed=1 --merge-policy=ward -Xoklab -Wgamma --diffusion=fs:scan=raster --gpu-policy=off --lookup-policy=6bit:shared_instance=1 -p 4 -v -J '{log}' -o '{output}' '{input}'
0d8c1807eeccf109afd7c8de63ff038919fcb61b,1920x1080,1920,1080,2073600,4,6,9,timed,7,ascending,7,pipeline,180,18,270,6,4,2,4,2,1,4,4,180,180,1,1,0,yes,yes,0.081443,0.044203000000000006,0.014211000000000001,519265,43adf93a566643c9e773f939ae35a239ba18ef7f394e2a40fda4fdeac618278e,0.081443,'{img2sixel}' --threads=6 --precision=8bit --quality=full --sampling-policy=full-frame --binning-policy=hard --quantize-model=kmeans:seed=1 --merge-policy=ward -Xoklab -Wgamma --diffusion=fs:scan=raster --gpu-policy=off --lookup-policy=6bit:shared_instance=1 -p 4 -v -J '{log}' -o '{output}' '{input}'
0d8c1807eeccf109afd7c8de63ff038919fcb61b,1920x1080,1920,1080,2073600,4,8,9,timed,7,ascending,8,pipeline,180,24,180,6,6,2,6,2,1,6,6,180,180,1,1,0,yes,yes,0.07517599999999999,0.043834,0.010732999999999993,518185,8fc76064332dcb33131abde93d715a2da6780e84ac707362106643d95b066fc9,0.07517599999999999,'{img2sixel}' --threads=8 --precision=8bit --quality=full --sampling-policy=full-frame --binning-policy=hard --quantize-model=kmeans:seed=1 --merge-policy=ward -Xoklab -Wgamma --diffusion=fs:scan=raster --gpu-policy=off --lookup-policy=6bit:shared_instance=1 -p 4 -v -J '{log}' -o '{output}' '{input}'
0d8c1807eeccf109afd7c8de63ff038919fcb61b,1920x1080,1920,1080,2073600,8,2,9,timed,7,ascending,9,pipeline,180,6,1080,6,1,1,0,2,1,0,0,180,180,1,1,0,no,no,0.136458,0.04424,0.047199000000000005,663909,8a73164739b0782a2e4ead97e10f71c52ec4c70c35b9453cf9882bb7b19f37f9,0.136458,'{img2sixel}' --threads=2 --precision=8bit --quality=full --sampling-policy=full-frame --binning-policy=hard --quantize-model=kmeans:seed=1 --merge-policy=ward -Xoklab -Wgamma --diffusion=fs:scan=raster --gpu-policy=off --lookup-policy=6bit:shared_instance=1 -p 8 -v -J '{log}' -o '{output}' '{input}'
0d8c1807eeccf109afd7c8de63ff038919fcb61b,1920x1080,1920,1080,2073600,8,4,9,timed,7,ascending,10,pipeline,180,12,540,6,2,2,2,2,1,2,2,180,180,1,1,0,yes,yes,0.100933,0.045008000000000006,0.027053999999999995,663425,3495ae4d367b9ccf9f0e6a856a9f8732f71ec3df6f521d87a2a9660f687fc6fc,0.100933,'{img2sixel}' --threads=4 --precision=8bit --quality=full --sampling-policy=full-frame --binning-policy=hard --quantize-model=kmeans:seed=1 --merge-policy=ward -Xoklab -Wgamma --diffusion=fs:scan=raster --gpu-policy=off --lookup-policy=6bit:shared_instance=1 -p 8 -v -J '{log}' -o '{output}' '{input}'
0d8c1807eeccf109afd7c8de63ff038919fcb61b,1920x1080,1920,1080,2073600,8,6,9,timed,7,ascending,11,pipeline,180,18,270,6,4,2,4,2,1,4,4,180,180,1,1,0,yes,yes,0.08259699999999999,0.04444000000000001,0.015381999999999993,663603,bb94b3b3d4d62846b024db824ed69063c2d9318a5fbe82fb631d77849f210807,0.08259699999999999,'{img2sixel}' --threads=6 --precision=8bit --quality=full --sampling-policy=full-frame --binning-policy=hard --quantize-model=kmeans:seed=1 --merge-policy=ward -Xoklab -Wgamma --diffusion=fs:scan=raster --gpu-policy=off --lookup-policy=6bit:shared_instance=1 -p 8 -v -J '{log}' -o '{output}' '{input}'
0d8c1807eeccf109afd7c8de63ff038919fcb61b,1920x1080,1920,1080,2073600,8,8,9,timed,7,ascending,12,pipeline,180,24,180,6,6,2,6,2,1,6,6,180,180,1,1,0,yes,yes,0.075711,0.044392,0.011748000000000008,663251,eca0d80d7151e0d1019446e80c4499c1593c683128d81ed6b19bffe72702fcbb,0.075711,'{img2sixel}' --threads=8 --precision=8bit --quality=full --sampling-policy=full-frame --binning-policy=hard --quantize-model=kmeans:seed=1 --merge-policy=ward -Xoklab -Wgamma --diffusion=fs:scan=raster --gpu-policy=off --lookup-policy=6bit:shared_instance=1 -p 8 -v -J '{log}' -o '{output}' '{input}'
0d8c1807eeccf109afd7c8de63ff038919fcb61b,1920x1080,1920,1080,2073600,16,2,9,timed,7,ascending,13,pipeline,180,6,1080,6,1,1,0,2,1,0,0,180,180,1,1,0,no,no,0.13895,0.044961999999999995,0.04921099999999999,780306,cd97ff7e86e680bb7a5f5ffc76370d823d4852fb7a0c3ea691f6d65a71a2720a,0.13895,'{img2sixel}' --threads=2 --precision=8bit --quality=full --sampling-policy=full-frame --binning-policy=hard --quantize-model=kmeans:seed=1 --merge-policy=ward -Xoklab -Wgamma --diffusion=fs:scan=raster --gpu-policy=off --lookup-policy=6bit:shared_instance=1 -p 16 -v -J '{log}' -o '{output}' '{input}'
0d8c1807eeccf109afd7c8de63ff038919fcb61b,1920x1080,1920,1080,2073600,16,4,9,timed,7,ascending,14,pipeline,180,12,540,6,2,2,2,2,1,2,2,180,180,1,1,0,yes,yes,0.106929,0.045466999999999994,0.032782000000000006,777860,ca5ae6547f613925edbf899d18e0d73a242789141a202982c52ea0906ae20b50,0.106929,'{img2sixel}' --threads=4 --precision=8bit --quality=full --sampling-policy=full-frame --binning-policy=hard --quantize-model=kmeans:seed=1 --merge-policy=ward -Xoklab -Wgamma --diffusion=fs:scan=raster --gpu-policy=off --lookup-policy=6bit:shared_instance=1 -p 16 -v -J '{log}' -o '{output}' '{input}'
0d8c1807eeccf109afd7c8de63ff038919fcb61b,1920x1080,1920,1080,2073600,16,6,9,timed,7,ascending,15,pipeline,180,18,270,6,4,2,4,2,1,4,4,180,180,1,1,0,yes,yes,0.086334,0.04521700000000001,0.018373,778375,ea03ad656c80dc06f39ba5e4910c6f3609f2e882d4fedf1ed01204930807b9ce,0.086334,'{img2sixel}' --threads=6 --precision=8bit --quality=full --sampling-policy=full-frame --binning-policy=hard --quantize-model=kmeans:seed=1 --merge-policy=ward -Xoklab -Wgamma --diffusion=fs:scan=raster --gpu-policy=off --lookup-policy=6bit:shared_instance=1 -p 16 -v -J '{log}' -o '{output}' '{input}'
0d8c1807eeccf109afd7c8de63ff038919fcb61b,1920x1080,1920,1080,2073600,16,8,9,timed,7,ascending,16,pipeline,180,24,180,6,6,2,6,2,1,6,6,180,180,1,1,0,yes,yes,0.081719,0.045582,0.013854000000000005,778304,936c76354d28f1fa470d7824f034ecd6fa69cfc7273747c0a6b13dad7547c6f5,0.081719,'{img2sixel}' --threads=8 --precision=8bit --quality=full --sampling-policy=full-frame --binning-policy=hard --quantize-model=kmeans:seed=1 --merge-policy=ward -Xoklab -Wgamma --diffusion=fs:scan=raster --gpu-policy=off --lookup-policy=6bit:shared_instance=1 -p 16 -v -J '{log}' -o '{output}' '{input}'
0d8c1807eeccf109afd7c8de63ff038919fcb61b,1920x1080,1920,1080,2073600,24,2,9,timed,7,ascending,17,pipeline,180,6,1080,6,1,1,0,2,1,0,0,180,180,1,1,0,no,no,0.142094,0.045839000000000005,0.050986000000000004,852843,c64a25db3be8016a9d97455a077fa4a9c5d5e1b14c204ae3433c590ff1242789,0.142094,'{img2sixel}' --threads=2 --precision=8bit --quality=full --sampling-policy=full-frame --binning-policy=hard --quantize-model=kmeans:seed=1 --merge-policy=ward -Xoklab -Wgamma --diffusion=fs:scan=raster --gpu-policy=off --lookup-policy=6bit:shared_instance=1 -p 24 -v -J '{log}' -o '{output}' '{input}'
0d8c1807eeccf109afd7c8de63ff038919fcb61b,1920x1080,1920,1080,2073600,24,4,9,timed,7,ascending,18,pipeline,180,12,540,6,2,2,2,2,1,2,2,180,180,1,1,0,yes,yes,0.113608,0.045984000000000004,0.038678000000000004,851828,5fa10ac569cc0d1e728d3a18eeb059393b06153fd7f5916d5ca6b223156bfb16,0.113608,'{img2sixel}' --threads=4 --precision=8bit --quality=full --sampling-policy=full-frame --binning-policy=hard --quantize-model=kmeans:seed=1 --merge-policy=ward -Xoklab -Wgamma --diffusion=fs:scan=raster --gpu-policy=off --lookup-policy=6bit:shared_instance=1 -p 24 -v -J '{log}' -o '{output}' '{input}'
0d8c1807eeccf109afd7c8de63ff038919fcb61b,1920x1080,1920,1080,2073600,24,6,9,timed,7,ascending,19,pipeline,180,18,270,6,4,2,4,2,1,4,4,180,180,1,1,0,yes,yes,0.09004999999999999,0.045913999999999996,0.02147099999999999,852061,ee3216b860be2972ed112e2d9836be0c32df2f8f1a5bfde5902b5bb2a30e6a6f,0.09004999999999999,'{img2sixel}' --threads=6 --precision=8bit --quality=full --sampling-policy=full-frame --binning-policy=hard --quantize-model=kmeans:seed=1 --merge-policy=ward -Xoklab -Wgamma --diffusion=fs:scan=raster --gpu-policy=off --lookup-policy=6bit:shared_instance=1 -p 24 -v -J '{log}' -o '{output}' '{input}'
0d8c1807eeccf109afd7c8de63ff038919fcb61b,1920x1080,1920,1080,2073600,24,8,9,timed,7,ascending,20,pipeline,180,24,180,6,6,2,6,2,1,6,6,180,180,1,1,0,yes,yes,0.082208,0.04636200000000001,0.015641000000000002,851406,1618de9c692ae7ca76c7e0f3447d20d780de9698af467f8fd82888e61fb04c4a,0.082208,'{img2sixel}' --threads=8 --precision=8bit --quality=full --sampling-policy=full-frame --binning-policy=hard --quantize-model=kmeans:seed=1 --merge-policy=ward -Xoklab -Wgamma --diffusion=fs:scan=raster --gpu-policy=off --lookup-policy=6bit:shared_instance=1 -p 24 -v -J '{log}' -o '{output}' '{input}'
0d8c1807eeccf109afd7c8de63ff038919fcb61b,1920x1080,1920,1080,2073600,32,2,9,timed,7,ascending,21,pipeline,180,6,1080,6,1,1,0,2,1,0,0,180,180,1,1,0,no,no,0.14216299999999998,0.046754,0.050396999999999983,868514,492c029a3e797c359cf5c60aebaee0d03c4a15884c35f4e9c8d03b94eb12dda5,0.14216299999999998,'{img2sixel}' --threads=2 --precision=8bit --quality=full --sampling-policy=full-frame --binning-policy=hard --quantize-model=kmeans:seed=1 --merge-policy=ward -Xoklab -Wgamma --diffusion=fs:scan=raster --gpu-policy=off --lookup-policy=6bit:shared_instance=1 -p 32 -v -J '{log}' -o '{output}' '{input}'
0d8c1807eeccf109afd7c8de63ff038919fcb61b,1920x1080,1920,1080,2073600,32,4,9,timed,7,ascending,22,pipeline,180,12,540,6,2,2,2,2,1,2,2,180,180,1,1,0,yes,yes,0.119597,0.046495999999999996,0.044187000000000004,866519,e32c425303f0136f2a68707137be1d6e26dc6d49f286d028f35c8a431a8d6abf,0.119597,'{img2sixel}' --threads=4 --precision=8bit --quality=full --sampling-policy=full-frame --binning-policy=hard --quantize-model=kmeans:seed=1 --merge-policy=ward -Xoklab -Wgamma --diffusion=fs:scan=raster --gpu-policy=off --lookup-policy=6bit:shared_instance=1 -p 32 -v -J '{log}' -o '{output}' '{input}'
0d8c1807eeccf109afd7c8de63ff038919fcb61b,1920x1080,1920,1080,2073600,32,6,9,timed,7,ascending,23,pipeline,180,18,270,6,4,2,4,2,1,4,4,180,180,1,1,0,yes,yes,0.092768,0.04587999999999999,0.024026000000000006,866266,502cf9d8c64b1d2e73c7fdb0b9dc9bb09900862558deb1bb3e8622e96744a29f,0.092768,'{img2sixel}' --threads=6 --precision=8bit --quality=full --sampling-policy=full-frame --binning-policy=hard --quantize-model=kmeans:seed=1 --merge-policy=ward -Xoklab -Wgamma --diffusion=fs:scan=raster --gpu-policy=off --lookup-policy=6bit:shared_instance=1 -p 32 -v -J '{log}' -o '{output}' '{input}'
0d8c1807eeccf109afd7c8de63ff038919fcb61b,1920x1080,1920,1080,2073600,32,8,9,timed,7,ascending,24,pipeline,180,24,180,6,6,2,6,2,1,6,6,180,180,1,1,0,yes,yes,0.08420599999999999,0.04692,0.017313999999999996,866527,b8b43c3d38222192589e79a980311583252284c7b31f5d802e441ba9acd6f1b1,0.08420599999999999,'{img2sixel}' --threads=8 --precision=8bit --quality=full --sampling-policy=full-frame --binning-policy=hard --quantize-model=kmeans:seed=1 --merge-policy=ward -Xoklab -Wgamma --diffusion=fs:scan=raster --gpu-policy=off --lookup-policy=6bit:shared_instance=1 -p 32 -v -J '{log}' -o '{output}' '{input}'
0d8c1807eeccf109afd7c8de63ff038919fcb61b,1920x1080,1920,1080,2073600,48,2,9,timed,7,ascending,25,pipeline,180,6,1080,0,1,1,0,2,1,0,0,180,180,1,1,0,no,no,0.144386,0.04843100000000001,0.050856999999999986,891077,7780e6b5b548a72bd6cdd6744a1b3e9fec2dd1b92e7d8b7a0a76fb8d5fc85061,0.144386,'{img2sixel}' --threads=2 --precision=8bit --quality=full --sampling-policy=full-frame --binning-policy=hard --quantize-model=kmeans:seed=1 --merge-policy=ward -Xoklab -Wgamma --diffusion=fs:scan=raster --gpu-policy=off --lookup-policy=6bit:shared_instance=1 -p 48 -v -J '{log}' -o '{output}' '{input}'
0d8c1807eeccf109afd7c8de63ff038919fcb61b,1920x1080,1920,1080,2073600,48,4,9,timed,7,ascending,26,pipeline,180,12,540,0,2,2,2,2,1,2,2,180,180,1,1,0,yes,yes,0.132359,0.048329,0.05483800000000001,888241,8a8344876e49fe5edf0da1147561b61e72a23c474a33a16c23e8ca56704ed02a,0.132359,'{img2sixel}' --threads=4 --precision=8bit --quality=full --sampling-policy=full-frame --binning-policy=hard --quantize-model=kmeans:seed=1 --merge-policy=ward -Xoklab -Wgamma --diffusion=fs:scan=raster --gpu-policy=off --lookup-policy=6bit:shared_instance=1 -p 48 -v -J '{log}' -o '{output}' '{input}'
0d8c1807eeccf109afd7c8de63ff038919fcb61b,1920x1080,1920,1080,2073600,48,6,9,timed,7,ascending,27,pipeline,180,18,270,0,4,2,4,2,1,4,4,180,180,1,1,0,yes,yes,0.09978,0.047563999999999995,0.029255000000000003,887400,ec595f45a1b8101e044204eed515215019022c721faf3334f09fb14b08569867,0.09978,'{img2sixel}' --threads=6 --precision=8bit --quality=full --sampling-policy=full-frame --binning-policy=hard --quantize-model=kmeans:seed=1 --merge-policy=ward -Xoklab -Wgamma --diffusion=fs:scan=raster --gpu-policy=off --lookup-policy=6bit:shared_instance=1 -p 48 -v -J '{log}' -o '{output}' '{input}'
0d8c1807eeccf109afd7c8de63ff038919fcb61b,1920x1080,1920,1080,2073600,48,8,9,timed,7,ascending,28,pipeline,180,24,180,0,6,2,6,2,1,6,6,180,180,1,1,0,yes,yes,0.087422,0.047742999999999994,0.02011600000000001,887104,8cffeb5ede0de260e06ab2b717cf35ea7b0f4ea8957ea8c49933d7cb9da30aec,0.087422,'{img2sixel}' --threads=8 --precision=8bit --quality=full --sampling-policy=full-frame --binning-policy=hard --quantize-model=kmeans:seed=1 --merge-policy=ward -Xoklab -Wgamma --diffusion=fs:scan=raster --gpu-policy=off --lookup-policy=6bit:shared_instance=1 -p 48 -v -J '{log}' -o '{output}' '{input}'
0d8c1807eeccf109afd7c8de63ff038919fcb61b,1920x1080,1920,1080,2073600,64,2,9,timed,7,ascending,29,pipeline,180,6,1080,0,1,1,0,2,1,0,0,180,180,1,1,0,no,no,0.145611,0.049597,0.051382,912800,38fdff26d969de5a6ee7b315c32fc963a2dddef26bba8ff90ce5631697117ce4,0.145611,'{img2sixel}' --threads=2 --precision=8bit --quality=full --sampling-policy=full-frame --binning-policy=hard --quantize-model=kmeans:seed=1 --merge-policy=ward -Xoklab -Wgamma --diffusion=fs:scan=raster --gpu-policy=off --lookup-policy=6bit:shared_instance=1 -p 64 -v -J '{log}' -o '{output}' '{input}'
0d8c1807eeccf109afd7c8de63ff038919fcb61b,1920x1080,1920,1080,2073600,64,4,9,timed,7,ascending,30,pipeline,180,12,540,0,2,2,2,2,1,2,2,180,180,1,1,0,yes,yes,0.145064,0.049359,0.06692000000000001,909107,42edf14ecc8e80e2d7c0dfae4ba5c80b920b0a350d5b5a2c3ba2f32dd5a2e6c0,0.145064,'{img2sixel}' --threads=4 --precision=8bit --quality=full --sampling-policy=full-frame --binning-policy=hard --quantize-model=kmeans:seed=1 --merge-policy=ward -Xoklab -Wgamma --diffusion=fs:scan=raster --gpu-policy=off --lookup-policy=6bit:shared_instance=1 -p 64 -v -J '{log}' -o '{output}' '{input}'
0d8c1807eeccf109afd7c8de63ff038919fcb61b,1920x1080,1920,1080,2073600,64,6,9,timed,7,ascending,31,pipeline,180,18,270,0,4,2,4,2,1,4,4,180,180,1,1,0,yes,yes,0.110701,0.04951,0.03552899999999999,908631,4ef1546450cdcc25ee240aea839ccbd5d104a264520d95c368c7ca479e2f5a2d,0.110701,'{img2sixel}' --threads=6 --precision=8bit --quality=full --sampling-policy=full-frame --binning-policy=hard --quantize-model=kmeans:seed=1 --merge-policy=ward -Xoklab -Wgamma --diffusion=fs:scan=raster --gpu-policy=off --lookup-policy=6bit:shared_instance=1 -p 64 -v -J '{log}' -o '{output}' '{input}'
0d8c1807eeccf109afd7c8de63ff038919fcb61b,1920x1080,1920,1080,2073600,64,8,9,timed,7,ascending,32,pipeline,180,24,180,0,6,2,6,2,1,6,6,180,180,1,1,0,yes,yes,0.093328,0.049253000000000005,0.024221999999999994,907430,9ce3d55b59906a18142ac1c421935bb14e956e41da367cdc0695cd784c27db87,0.093328,'{img2sixel}' --threads=8 --precision=8bit --quality=full --sampling-policy=full-frame --binning-policy=hard --quantize-model=kmeans:seed=1 --merge-policy=ward -Xoklab -Wgamma --diffusion=fs:scan=raster --gpu-policy=off --lookup-policy=6bit:shared_instance=1 -p 64 -v -J '{log}' -o '{output}' '{input}'
0d8c1807eeccf109afd7c8de63ff038919fcb61b,1920x1080,1920,1080,2073600,96,2,9,timed,7,ascending,33,pipeline,180,6,1080,0,1,1,0,2,1,0,0,180,180,1,1,0,no,no,0.149754,0.052128999999999995,0.052597000000000005,924457,e3ffd159c55635523e5349431c27dbafb656138a2c4e88bbb944a4e52f143f0d,0.149754,'{img2sixel}' --threads=2 --precision=8bit --quality=full --sampling-policy=full-frame --binning-policy=hard --quantize-model=kmeans:seed=1 --merge-policy=ward -Xoklab -Wgamma --diffusion=fs:scan=raster --gpu-policy=off --lookup-policy=6bit:shared_instance=1 -p 96 -v -J '{log}' -o '{output}' '{input}'
0d8c1807eeccf109afd7c8de63ff038919fcb61b,1920x1080,1920,1080,2073600,96,4,9,timed,7,ascending,34,pipeline,180,12,540,0,2,2,2,2,1,2,2,180,180,1,1,0,yes,yes,0.170431,0.05222099999999999,0.089268,917740,0e9702b7aa0389fc9d15b0855fcaa048fb3ea8980d9c501c7bde9d4eebbea09b,0.170431,'{img2sixel}' --threads=4 --precision=8bit --quality=full --sampling-policy=full-frame --binning-policy=hard --quantize-model=kmeans:seed=1 --merge-policy=ward -Xoklab -Wgamma --diffusion=fs:scan=raster --gpu-policy=off --lookup-policy=6bit:shared_instance=1 -p 96 -v -J '{log}' -o '{output}' '{input}'
0d8c1807eeccf109afd7c8de63ff038919fcb61b,1920x1080,1920,1080,2073600,96,6,9,timed,7,ascending,35,pipeline,180,18,270,0,4,2,4,2,1,4,4,180,180,1,1,0,yes,yes,0.120923,0.051805000000000004,0.04646600000000001,917055,9ecb9fa30789b9320deaae4c39133488853ccd993bdf007e9723872722b71376,0.120923,'{img2sixel}' --threads=6 --precision=8bit --quality=full --sampling-policy=full-frame --binning-policy=hard --quantize-model=kmeans:seed=1 --merge-policy=ward -Xoklab -Wgamma --diffusion=fs:scan=raster --gpu-policy=off --lookup-policy=6bit:shared_instance=1 -p 96 -v -J '{log}' -o '{output}' '{input}'
0d8c1807eeccf109afd7c8de63ff038919fcb61b,1920x1080,1920,1080,2073600,96,8,9,timed,7,ascending,36,pipeline,180,24,180,0,6,2,6,2,1,6,6,180,180,1,1,0,yes,yes,0.103113,0.05170999999999999,0.031677,916302,415887b83c7061ab1a93a768bc26bc5abb1a19fa6d787757728899710ae400b2,0.103113,'{img2sixel}' --threads=8 --precision=8bit --quality=full --sampling-policy=full-frame --binning-policy=hard --quantize-model=kmeans:seed=1 --merge-policy=ward -Xoklab -Wgamma --diffusion=fs:scan=raster --gpu-policy=off --lookup-policy=6bit:shared_instance=1 -p 96 -v -J '{log}' -o '{output}' '{input}'
0d8c1807eeccf109afd7c8de63ff038919fcb61b,1920x1080,1920,1080,2073600,128,2,9,timed,7,ascending,37,pipeline,180,6,1080,0,1,1,0,2,1,0,0,180,180,1,1,0,no,no,0.152438,0.054985,0.05283399999999999,935411,2c55b62d33ca73354b3a6a4f055eef9664068ea68b9694b1f940b514ccc96284,0.152438,'{img2sixel}' --threads=2 --precision=8bit --quality=full --sampling-policy=full-frame --binning-policy=hard --quantize-model=kmeans:seed=1 --merge-policy=ward -Xoklab -Wgamma --diffusion=fs:scan=raster --gpu-policy=off --lookup-policy=6bit:shared_instance=1 -p 128 -v -J '{log}' -o '{output}' '{input}'
0d8c1807eeccf109afd7c8de63ff038919fcb61b,1920x1080,1920,1080,2073600,128,4,9,timed,7,ascending,38,pipeline,180,12,540,0,2,2,2,2,1,2,2,180,180,1,1,0,yes,yes,0.200595,0.05504100000000001,0.116622,925053,daa306dcf2662851b709ac0899a2e41b67324fec65748ecbbe7a575b8b9afe7b,0.200595,'{img2sixel}' --threads=4 --precision=8bit --quality=full --sampling-policy=full-frame --binning-policy=hard --quantize-model=kmeans:seed=1 --merge-policy=ward -Xoklab -Wgamma --diffusion=fs:scan=raster --gpu-policy=off --lookup-policy=6bit:shared_instance=1 -p 128 -v -J '{log}' -o '{output}' '{input}'
0d8c1807eeccf109afd7c8de63ff038919fcb61b,1920x1080,1920,1080,2073600,128,6,9,timed,7,ascending,39,pipeline,180,18,270,0,4,2,4,2,1,4,4,180,180,1,1,0,yes,yes,0.137819,0.054654,0.06016199999999999,924219,a8b497bda6088812479c70c2d83956c856d8b2f575e6759cd0a6c35d6317ef3e,0.137819,'{img2sixel}' --threads=6 --precision=8bit --quality=full --sampling-policy=full-frame --binning-policy=hard --quantize-model=kmeans:seed=1 --merge-policy=ward -Xoklab -Wgamma --diffusion=fs:scan=raster --gpu-policy=off --lookup-policy=6bit:shared_instance=1 -p 128 -v -J '{log}' -o '{output}' '{input}'
0d8c1807eeccf109afd7c8de63ff038919fcb61b,1920x1080,1920,1080,2073600,128,8,9,timed,7,ascending,40,pipeline,180,24,180,0,6,2,6,2,1,6,6,180,180,1,1,0,yes,yes,0.115318,0.054851,0.040798,923734,11d726abf12f48ebc704500352a869da531df0bfae4ef8916e4ac3f7e6c464f0,0.115318,'{img2sixel}' --threads=8 --precision=8bit --quality=full --sampling-policy=full-frame --binning-policy=hard --quantize-model=kmeans:seed=1 --merge-policy=ward -Xoklab -Wgamma --diffusion=fs:scan=raster --gpu-policy=off --lookup-policy=6bit:shared_instance=1 -p 128 -v -J '{log}' -o '{output}' '{input}'
0d8c1807eeccf109afd7c8de63ff038919fcb61b,1920x1080,1920,1080,2073600,192,2,9,timed,7,ascending,41,pipeline,180,6,1080,0,1,1,0,2,1,0,0,180,180,1,1,0,no,no,0.160624,0.061393,0.054214999999999985,945977,9b4b09a366576c27437bf8750bca6ca1aad9e78164280ecda79b0382439872cc,0.160624,'{img2sixel}' --threads=2 --precision=8bit --quality=full --sampling-policy=full-frame --binning-policy=hard --quantize-model=kmeans:seed=1 --merge-policy=ward -Xoklab -Wgamma --diffusion=fs:scan=raster --gpu-policy=off --lookup-policy=6bit:shared_instance=1 -p 192 -v -J '{log}' -o '{output}' '{input}'
0d8c1807eeccf109afd7c8de63ff038919fcb61b,1920x1080,1920,1080,2073600,192,4,9,timed,7,ascending,42,pipeline,180,12,540,0,2,2,2,2,1,2,2,180,180,1,1,0,yes,yes,0.249788,0.06085399999999999,0.16098500000000002,937823,e54877651a1c22c47b78c9e5b694e0c34aa7d9bd9fe052e2442c660366c67fcc,0.249788,'{img2sixel}' --threads=4 --precision=8bit --quality=full --sampling-policy=full-frame --binning-policy=hard --quantize-model=kmeans:seed=1 --merge-policy=ward -Xoklab -Wgamma --diffusion=fs:scan=raster --gpu-policy=off --lookup-policy=6bit:shared_instance=1 -p 192 -v -J '{log}' -o '{output}' '{input}'
0d8c1807eeccf109afd7c8de63ff038919fcb61b,1920x1080,1920,1080,2073600,192,6,9,timed,7,ascending,43,pipeline,180,18,270,0,4,2,4,2,1,4,4,180,180,1,1,0,yes,yes,0.167267,0.060844,0.083274,937739,8ad3bd073748aa5a9e28b32c315b4aec12a492dedf2ffd4c65d6ea61994812d3,0.167267,'{img2sixel}' --threads=6 --precision=8bit --quality=full --sampling-policy=full-frame --binning-policy=hard --quantize-model=kmeans:seed=1 --merge-policy=ward -Xoklab -Wgamma --diffusion=fs:scan=raster --gpu-policy=off --lookup-policy=6bit:shared_instance=1 -p 192 -v -J '{log}' -o '{output}' '{input}'
0d8c1807eeccf109afd7c8de63ff038919fcb61b,1920x1080,1920,1080,2073600,192,8,9,timed,7,ascending,44,pipeline,180,24,180,0,6,2,6,2,1,6,6,180,180,1,1,0,yes,yes,0.13744499999999998,0.061265,0.05624399999999999,935913,99e99ca6bef5ddecef432cd7e1fc8f77bb32ea31aac5afd2f49c2fc505dc267e,0.13744499999999998,'{img2sixel}' --threads=8 --precision=8bit --quality=full --sampling-policy=full-frame --binning-policy=hard --quantize-model=kmeans:seed=1 --merge-policy=ward -Xoklab -Wgamma --diffusion=fs:scan=raster --gpu-policy=off --lookup-policy=6bit:shared_instance=1 -p 192 -v -J '{log}' -o '{output}' '{input}'
0d8c1807eeccf109afd7c8de63ff038919fcb61b,1920x1080,1920,1080,2073600,256,2,9,timed,7,ascending,45,pipeline,180,6,1080,0,1,1,0,2,1,0,0,180,180,1,1,0,no,no,0.168849,0.068452,0.055608000000000005,956076,a49548f54d89f64a4c92e8399dd21a1c5696ef15cdb5ef06c539336fe36614f1,0.168849,'{img2sixel}' --threads=2 --precision=8bit --quality=full --sampling-policy=full-frame --binning-policy=hard --quantize-model=kmeans:seed=1 --merge-policy=ward -Xoklab -Wgamma --diffusion=fs:scan=raster --gpu-policy=off --lookup-policy=6bit:shared_instance=1 -p 256 -v -J '{log}' -o '{output}' '{input}'
0d8c1807eeccf109afd7c8de63ff038919fcb61b,1920x1080,1920,1080,2073600,256,4,9,timed,7,ascending,46,pipeline,180,12,540,0,2,2,2,2,1,2,2,180,180,1,1,0,yes,yes,0.300418,0.06742,0.205001,943463,1580e35f41a54d02b3a525d3445f61f5ea0759e9a12fb946659bb6a3308af6f8,0.300418,'{img2sixel}' --threads=4 --precision=8bit --quality=full --sampling-policy=full-frame --binning-policy=hard --quantize-model=kmeans:seed=1 --merge-policy=ward -Xoklab -Wgamma --diffusion=fs:scan=raster --gpu-policy=off --lookup-policy=6bit:shared_instance=1 -p 256 -v -J '{log}' -o '{output}' '{input}'
0d8c1807eeccf109afd7c8de63ff038919fcb61b,1920x1080,1920,1080,2073600,256,6,9,timed,7,ascending,47,pipeline,180,18,270,0,4,2,4,2,1,4,4,180,180,1,1,0,yes,yes,0.197181,0.067746,0.10646699999999999,942990,1c9647bbb528873f3988babda69e55baa91babc41d009a639419298e633ed40a,0.197181,'{img2sixel}' --threads=6 --precision=8bit --quality=full --sampling-policy=full-frame --binning-policy=hard --quantize-model=kmeans:seed=1 --merge-policy=ward -Xoklab -Wgamma --diffusion=fs:scan=raster --gpu-policy=off --lookup-policy=6bit:shared_instance=1 -p 256 -v -J '{log}' -o '{output}' '{input}'
0d8c1807eeccf109afd7c8de63ff038919fcb61b,1920x1080,1920,1080,2073600,256,8,9,timed,7,ascending,48,pipeline,180,24,180,0,6,2,6,2,1,6,6,180,180,1,1,0,yes,yes,0.159155,0.067981,0.071589,941823,a056fbe48541fd6e7d350002ac8ff5e4380576548e56478eb19423bde7fb6b24,0.159155,'{img2sixel}' --threads=8 --precision=8bit --quality=full --sampling-policy=full-frame --binning-policy=hard --quantize-model=kmeans:seed=1 --merge-policy=ward -Xoklab -Wgamma --diffusion=fs:scan=raster --gpu-policy=off --lookup-policy=6bit:shared_instance=1 -p 256 -v -J '{log}' -o '{output}' '{input}'
0d8c1807eeccf109afd7c8de63ff038919fcb61b,1920x1080,1920,1080,2073600,256,8,10,timed,8,descending,1,pipeline,180,24,180,0,6,2,6,2,1,6,6,180,180,1,1,0,yes,yes,0.160663,0.069291,0.071285,941823,a056fbe48541fd6e7d350002ac8ff5e4380576548e56478eb19423bde7fb6b24,0.160663,'{img2sixel}' --threads=8 --precision=8bit --quality=full --sampling-policy=full-frame --binning-policy=hard --quantize-model=kmeans:seed=1 --merge-policy=ward -Xoklab -Wgamma --diffusion=fs:scan=raster --gpu-policy=off --lookup-policy=6bit:shared_instance=1 -p 256 -v -J '{log}' -o '{output}' '{input}'
0d8c1807eeccf109afd7c8de63ff038919fcb61b,1920x1080,1920,1080,2073600,256,6,10,timed,8,descending,2,pipeline,180,18,270,0,4,2,4,2,1,4,4,180,180,1,1,0,yes,yes,0.196014,0.06834599999999999,0.104829,942990,1c9647bbb528873f3988babda69e55baa91babc41d009a639419298e633ed40a,0.196014,'{img2sixel}' --threads=6 --precision=8bit --quality=full --sampling-policy=full-frame --binning-policy=hard --quantize-model=kmeans:seed=1 --merge-policy=ward -Xoklab -Wgamma --diffusion=fs:scan=raster --gpu-policy=off --lookup-policy=6bit:shared_instance=1 -p 256 -v -J '{log}' -o '{output}' '{input}'
0d8c1807eeccf109afd7c8de63ff038919fcb61b,1920x1080,1920,1080,2073600,256,4,10,timed,8,descending,3,pipeline,180,12,540,0,2,2,2,2,1,2,2,180,180,1,1,0,yes,yes,0.302147,0.06835,0.20516999999999996,943463,1580e35f41a54d02b3a525d3445f61f5ea0759e9a12fb946659bb6a3308af6f8,0.302147,'{img2sixel}' --threads=4 --precision=8bit --quality=full --sampling-policy=full-frame --binning-policy=hard --quantize-model=kmeans:seed=1 --merge-policy=ward -Xoklab -Wgamma --diffusion=fs:scan=raster --gpu-policy=off --lookup-policy=6bit:shared_instance=1 -p 256 -v -J '{log}' -o '{output}' '{input}'
0d8c1807eeccf109afd7c8de63ff038919fcb61b,1920x1080,1920,1080,2073600,256,2,10,timed,8,descending,4,pipeline,180,6,1080,0,1,1,0,2,1,0,0,180,180,1,1,0,no,no,0.167305,0.067537,0.055382000000000015,956076,a49548f54d89f64a4c92e8399dd21a1c5696ef15cdb5ef06c539336fe36614f1,0.167305,'{img2sixel}' --threads=2 --precision=8bit --quality=full --sampling-policy=full-frame --binning-policy=hard --quantize-model=kmeans:seed=1 --merge-policy=ward -Xoklab -Wgamma --diffusion=fs:scan=raster --gpu-policy=off --lookup-policy=6bit:shared_instance=1 -p 256 -v -J '{log}' -o '{output}' '{input}'
0d8c1807eeccf109afd7c8de63ff038919fcb61b,1920x1080,1920,1080,2073600,192,8,10,timed,8,descending,5,pipeline,180,24,180,0,6,2,6,2,1,6,6,180,180,1,1,0,yes,yes,0.137461,0.060723000000000006,0.05606,935913,99e99ca6bef5ddecef432cd7e1fc8f77bb32ea31aac5afd2f49c2fc505dc267e,0.137461,'{img2sixel}' --threads=8 --precision=8bit --quality=full --sampling-policy=full-frame --binning-policy=hard --quantize-model=kmeans:seed=1 --merge-policy=ward -Xoklab -Wgamma --diffusion=fs:scan=raster --gpu-policy=off --lookup-policy=6bit:shared_instance=1 -p 192 -v -J '{log}' -o '{output}' '{input}'
0d8c1807eeccf109afd7c8de63ff038919fcb61b,1920x1080,1920,1080,2073600,192,6,10,timed,8,descending,6,pipeline,180,18,270,0,4,2,4,2,1,4,4,180,180,1,1,0,yes,yes,0.16725,0.061331,0.08314200000000001,937739,8ad3bd073748aa5a9e28b32c315b4aec12a492dedf2ffd4c65d6ea61994812d3,0.16725,'{img2sixel}' --threads=6 --precision=8bit --quality=full --sampling-policy=full-frame --binning-policy=hard --quantize-model=kmeans:seed=1 --merge-policy=ward -Xoklab -Wgamma --diffusion=fs:scan=raster --gpu-policy=off --lookup-policy=6bit:shared_instance=1 -p 192 -v -J '{log}' -o '{output}' '{input}'
0d8c1807eeccf109afd7c8de63ff038919fcb61b,1920x1080,1920,1080,2073600,192,4,10,timed,8,descending,7,pipeline,180,12,540,0,2,2,2,2,1,2,2,180,180,1,1,0,yes,yes,0.250296,0.061443,0.16013900000000003,937823,e54877651a1c22c47b78c9e5b694e0c34aa7d9bd9fe052e2442c660366c67fcc,0.250296,'{img2sixel}' --threads=4 --precision=8bit --quality=full --sampling-policy=full-frame --binning-policy=hard --quantize-model=kmeans:seed=1 --merge-policy=ward -Xoklab -Wgamma --diffusion=fs:scan=raster --gpu-policy=off --lookup-policy=6bit:shared_instance=1 -p 192 -v -J '{log}' -o '{output}' '{input}'
0d8c1807eeccf109afd7c8de63ff038919fcb61b,1920x1080,1920,1080,2073600,192,2,10,timed,8,descending,8,pipeline,180,6,1080,0,1,1,0,2,1,0,0,180,180,1,1,0,no,no,0.160667,0.06167400000000001,0.05433000000000002,945977,9b4b09a366576c27437bf8750bca6ca1aad9e78164280ecda79b0382439872cc,0.160667,'{img2sixel}' --threads=2 --precision=8bit --quality=full --sampling-policy=full-frame --binning-policy=hard --quantize-model=kmeans:seed=1 --merge-policy=ward -Xoklab -Wgamma --diffusion=fs:scan=raster --gpu-policy=off --lookup-policy=6bit:shared_instance=1 -p 192 -v -J '{log}' -o '{output}' '{input}'
0d8c1807eeccf109afd7c8de63ff038919fcb61b,1920x1080,1920,1080,2073600,128,8,10,timed,8,descending,9,pipeline,180,24,180,0,6,2,6,2,1,6,6,180,180,1,1,0,yes,yes,0.116925,0.05513,0.040970000000000006,923734,11d726abf12f48ebc704500352a869da531df0bfae4ef8916e4ac3f7e6c464f0,0.116925,'{img2sixel}' --threads=8 --precision=8bit --quality=full --sampling-policy=full-frame --binning-policy=hard --quantize-model=kmeans:seed=1 --merge-policy=ward -Xoklab -Wgamma --diffusion=fs:scan=raster --gpu-policy=off --lookup-policy=6bit:shared_instance=1 -p 128 -v -J '{log}' -o '{output}' '{input}'
0d8c1807eeccf109afd7c8de63ff038919fcb61b,1920x1080,1920,1080,2073600,128,6,10,timed,8,descending,10,pipeline,180,18,270,0,4,2,4,2,1,4,4,180,180,1,1,0,yes,yes,0.138178,0.055175,0.060333,924219,a8b497bda6088812479c70c2d83956c856d8b2f575e6759cd0a6c35d6317ef3e,0.138178,'{img2sixel}' --threads=6 --precision=8bit --quality=full --sampling-policy=full-frame --binning-policy=hard --quantize-model=kmeans:seed=1 --merge-policy=ward -Xoklab -Wgamma --diffusion=fs:scan=raster --gpu-policy=off --lookup-policy=6bit:shared_instance=1 -p 128 -v -J '{log}' -o '{output}' '{input}'
0d8c1807eeccf109afd7c8de63ff038919fcb61b,1920x1080,1920,1080,2073600,128,4,10,timed,8,descending,11,pipeline,180,12,540,0,2,2,2,2,1,2,2,180,180,1,1,0,yes,yes,0.199189,0.055136000000000004,0.115346,925053,daa306dcf2662851b709ac0899a2e41b67324fec65748ecbbe7a575b8b9afe7b,0.199189,'{img2sixel}' --threads=4 --precision=8bit --quality=full --sampling-policy=full-frame --binning-policy=hard --quantize-model=kmeans:seed=1 --merge-policy=ward -Xoklab -Wgamma --diffusion=fs:scan=raster --gpu-policy=off --lookup-policy=6bit:shared_instance=1 -p 128 -v -J '{log}' -o '{output}' '{input}'
0d8c1807eeccf109afd7c8de63ff038919fcb61b,1920x1080,1920,1080,2073600,128,2,10,timed,8,descending,12,pipeline,180,6,1080,0,1,1,0,2,1,0,0,180,180,1,1,0,no,no,0.152578,0.054716,0.052919999999999995,935411,2c55b62d33ca73354b3a6a4f055eef9664068ea68b9694b1f940b514ccc96284,0.152578,'{img2sixel}' --threads=2 --precision=8bit --quality=full --sampling-policy=full-frame --binning-policy=hard --quantize-model=kmeans:seed=1 --merge-policy=ward -Xoklab -Wgamma --diffusion=fs:scan=raster --gpu-policy=off --lookup-policy=6bit:shared_instance=1 -p 128 -v -J '{log}' -o '{output}' '{input}'
0d8c1807eeccf109afd7c8de63ff038919fcb61b,1920x1080,1920,1080,2073600,96,8,10,timed,8,descending,13,pipeline,180,24,180,0,6,2,6,2,1,6,6,180,180,1,1,0,yes,yes,0.103259,0.051670999999999995,0.03166400000000001,916302,415887b83c7061ab1a93a768bc26bc5abb1a19fa6d787757728899710ae400b2,0.103259,'{img2sixel}' --threads=8 --precision=8bit --quality=full --sampling-policy=full-frame --binning-policy=hard --quantize-model=kmeans:seed=1 --merge-policy=ward -Xoklab -Wgamma --diffusion=fs:scan=raster --gpu-policy=off --lookup-policy=6bit:shared_instance=1 -p 96 -v -J '{log}' -o '{output}' '{input}'
0d8c1807eeccf109afd7c8de63ff038919fcb61b,1920x1080,1920,1080,2073600,96,6,10,timed,8,descending,14,pipeline,180,18,270,0,4,2,4,2,1,4,4,180,180,1,1,0,yes,yes,0.122044,0.052529,0.046658000000000005,917055,9ecb9fa30789b9320deaae4c39133488853ccd993bdf007e9723872722b71376,0.122044,'{img2sixel}' --threads=6 --precision=8bit --quality=full --sampling-policy=full-frame --binning-policy=hard --quantize-model=kmeans:seed=1 --merge-policy=ward -Xoklab -Wgamma --diffusion=fs:scan=raster --gpu-policy=off --lookup-policy=6bit:shared_instance=1 -p 96 -v -J '{log}' -o '{output}' '{input}'
0d8c1807eeccf109afd7c8de63ff038919fcb61b,1920x1080,1920,1080,2073600,96,4,10,timed,8,descending,15,pipeline,180,12,540,0,2,2,2,2,1,2,2,180,180,1,1,0,yes,yes,0.17038,0.05224600000000001,0.089395,917740,0e9702b7aa0389fc9d15b0855fcaa048fb3ea8980d9c501c7bde9d4eebbea09b,0.17038,'{img2sixel}' --threads=4 --precision=8bit --quality=full --sampling-policy=full-frame --binning-policy=hard --quantize-model=kmeans:seed=1 --merge-policy=ward -Xoklab -Wgamma --diffusion=fs:scan=raster --gpu-policy=off --lookup-policy=6bit:shared_instance=1 -p 96 -v -J '{log}' -o '{output}' '{input}'
0d8c1807eeccf109afd7c8de63ff038919fcb61b,1920x1080,1920,1080,2073600,96,2,10,timed,8,descending,16,pipeline,180,6,1080,0,1,1,0,2,1,0,0,180,180,1,1,0,no,no,0.149309,0.051897000000000006,0.052398,924457,e3ffd159c55635523e5349431c27dbafb656138a2c4e88bbb944a4e52f143f0d,0.149309,'{img2sixel}' --threads=2 --precision=8bit --quality=full --sampling-policy=full-frame --binning-policy=hard --quantize-model=kmeans:seed=1 --merge-policy=ward -Xoklab -Wgamma --diffusion=fs:scan=raster --gpu-policy=off --lookup-policy=6bit:shared_instance=1 -p 96 -v -J '{log}' -o '{output}' '{input}'
0d8c1807eeccf109afd7c8de63ff038919fcb61b,1920x1080,1920,1080,2073600,64,8,10,timed,8,descending,17,pipeline,180,24,180,0,6,2,6,2,1,6,6,180,180,1,1,0,yes,yes,0.092778,0.049065000000000004,0.024047,907430,9ce3d55b59906a18142ac1c421935bb14e956e41da367cdc0695cd784c27db87,0.092778,'{img2sixel}' --threads=8 --precision=8bit --quality=full --sampling-policy=full-frame --binning-policy=hard --quantize-model=kmeans:seed=1 --merge-policy=ward -Xoklab -Wgamma --diffusion=fs:scan=raster --gpu-policy=off --lookup-policy=6bit:shared_instance=1 -p 64 -v -J '{log}' -o '{output}' '{input}'
0d8c1807eeccf109afd7c8de63ff038919fcb61b,1920x1080,1920,1080,2073600,64,6,10,timed,8,descending,18,pipeline,180,18,270,0,4,2,4,2,1,4,4,180,180,1,1,0,yes,yes,0.107946,0.049802,0.03514300000000001,908631,4ef1546450cdcc25ee240aea839ccbd5d104a264520d95c368c7ca479e2f5a2d,0.107946,'{img2sixel}' --threads=6 --precision=8bit --quality=full --sampling-policy=full-frame --binning-policy=hard --quantize-model=kmeans:seed=1 --merge-policy=ward -Xoklab -Wgamma --diffusion=fs:scan=raster --gpu-policy=off --lookup-policy=6bit:shared_instance=1 -p 64 -v -J '{log}' -o '{output}' '{input}'
0d8c1807eeccf109afd7c8de63ff038919fcb61b,1920x1080,1920,1080,2073600,64,4,10,timed,8,descending,19,pipeline,180,12,540,0,2,2,2,2,1,2,2,180,180,1,1,0,yes,yes,0.144919,0.049566,0.066537,909107,42edf14ecc8e80e2d7c0dfae4ba5c80b920b0a350d5b5a2c3ba2f32dd5a2e6c0,0.144919,'{img2sixel}' --threads=4 --precision=8bit --quality=full --sampling-policy=full-frame --binning-policy=hard --quantize-model=kmeans:seed=1 --merge-policy=ward -Xoklab -Wgamma --diffusion=fs:scan=raster --gpu-policy=off --lookup-policy=6bit:shared_instance=1 -p 64 -v -J '{log}' -o '{output}' '{input}'
0d8c1807eeccf109afd7c8de63ff038919fcb61b,1920x1080,1920,1080,2073600,64,2,10,timed,8,descending,20,pipeline,180,6,1080,0,1,1,0,2,1,0,0,180,180,1,1,0,no,no,0.145331,0.049128,0.051296999999999995,912800,38fdff26d969de5a6ee7b315c32fc963a2dddef26bba8ff90ce5631697117ce4,0.145331,'{img2sixel}' --threads=2 --precision=8bit --quality=full --sampling-policy=full-frame --binning-policy=hard --quantize-model=kmeans:seed=1 --merge-policy=ward -Xoklab -Wgamma --diffusion=fs:scan=raster --gpu-policy=off --lookup-policy=6bit:shared_instance=1 -p 64 -v -J '{log}' -o '{output}' '{input}'
0d8c1807eeccf109afd7c8de63ff038919fcb61b,1920x1080,1920,1080,2073600,48,8,10,timed,8,descending,21,pipeline,180,24,180,0,6,2,6,2,1,6,6,180,180,1,1,0,yes,yes,0.08774,0.047854,0.020332000000000003,887104,8cffeb5ede0de260e06ab2b717cf35ea7b0f4ea8957ea8c49933d7cb9da30aec,0.08774,'{img2sixel}' --threads=8 --precision=8bit --quality=full --sampling-policy=full-frame --binning-policy=hard --quantize-model=kmeans:seed=1 --merge-policy=ward -Xoklab -Wgamma --diffusion=fs:scan=raster --gpu-policy=off --lookup-policy=6bit:shared_instance=1 -p 48 -v -J '{log}' -o '{output}' '{input}'
0d8c1807eeccf109afd7c8de63ff038919fcb61b,1920x1080,1920,1080,2073600,48,6,10,timed,8,descending,22,pipeline,180,18,270,0,4,2,4,2,1,4,4,180,180,1,1,0,yes,yes,0.102199,0.049377000000000004,0.029613,887400,ec595f45a1b8101e044204eed515215019022c721faf3334f09fb14b08569867,0.102199,'{img2sixel}' --threads=6 --precision=8bit --quality=full --sampling-policy=full-frame --binning-policy=hard --quantize-model=kmeans:seed=1 --merge-policy=ward -Xoklab -Wgamma --diffusion=fs:scan=raster --gpu-policy=off --lookup-policy=6bit:shared_instance=1 -p 48 -v -J '{log}' -o '{output}' '{input}'
0d8c1807eeccf109afd7c8de63ff038919fcb61b,1920x1080,1920,1080,2073600,48,4,10,timed,8,descending,23,pipeline,180,12,540,0,2,2,2,2,1,2,2,180,180,1,1,0,yes,yes,0.134645,0.049269999999999994,0.05513199999999999,888241,8a8344876e49fe5edf0da1147561b61e72a23c474a33a16c23e8ca56704ed02a,0.134645,'{img2sixel}' --threads=4 --precision=8bit --quality=full --sampling-policy=full-frame --binning-policy=hard --quantize-model=kmeans:seed=1 --merge-policy=ward -Xoklab -Wgamma --diffusion=fs:scan=raster --gpu-policy=off --lookup-policy=6bit:shared_instance=1 -p 48 -v -J '{log}' -o '{output}' '{input}'
0d8c1807eeccf109afd7c8de63ff038919fcb61b,1920x1080,1920,1080,2073600,48,2,10,timed,8,descending,24,pipeline,180,6,1080,0,1,1,0,2,1,0,0,180,180,1,1,0,no,no,0.145083,0.04862099999999999,0.05098499999999999,891077,7780e6b5b548a72bd6cdd6744a1b3e9fec2dd1b92e7d8b7a0a76fb8d5fc85061,0.145083,'{img2sixel}' --threads=2 --precision=8bit --quality=full --sampling-policy=full-frame --binning-policy=hard --quantize-model=kmeans:seed=1 --merge-policy=ward -Xoklab -Wgamma --diffusion=fs:scan=raster --gpu-policy=off --lookup-policy=6bit:shared_instance=1 -p 48 -v -J '{log}' -o '{output}' '{input}'
0d8c1807eeccf109afd7c8de63ff038919fcb61b,1920x1080,1920,1080,2073600,32,8,10,timed,8,descending,25,pipeline,180,24,180,6,6,2,6,2,1,6,6,180,180,1,1,0,yes,yes,0.082799,0.045912,0.017089000000000007,866527,b8b43c3d38222192589e79a980311583252284c7b31f5d802e441ba9acd6f1b1,0.082799,'{img2sixel}' --threads=8 --precision=8bit --quality=full --sampling-policy=full-frame --binning-policy=hard --quantize-model=kmeans:seed=1 --merge-policy=ward -Xoklab -Wgamma --diffusion=fs:scan=raster --gpu-policy=off --lookup-policy=6bit:shared_instance=1 -p 32 -v -J '{log}' -o '{output}' '{input}'
0d8c1807eeccf109afd7c8de63ff038919fcb61b,1920x1080,1920,1080,2073600,32,6,10,timed,8,descending,26,pipeline,180,18,270,6,4,2,4,2,1,4,4,180,180,1,1,0,yes,yes,0.092904,0.04624299999999999,0.023994,866266,502cf9d8c64b1d2e73c7fdb0b9dc9bb09900862558deb1bb3e8622e96744a29f,0.092904,'{img2sixel}' --threads=6 --precision=8bit --quality=full --sampling-policy=full-frame --binning-policy=hard --quantize-model=kmeans:seed=1 --merge-policy=ward -Xoklab -Wgamma --diffusion=fs:scan=raster --gpu-policy=off --lookup-policy=6bit:shared_instance=1 -p 32 -v -J '{log}' -o '{output}' '{input}'
0d8c1807eeccf109afd7c8de63ff038919fcb61b,1920x1080,1920,1080,2073600,32,4,10,timed,8,descending,27,pipeline,180,12,540,6,2,2,2,2,1,2,2,180,180,1,1,0,yes,yes,0.119793,0.046568000000000005,0.04425,866519,e32c425303f0136f2a68707137be1d6e26dc6d49f286d028f35c8a431a8d6abf,0.119793,'{img2sixel}' --threads=4 --precision=8bit --quality=full --sampling-policy=full-frame --binning-policy=hard --quantize-model=kmeans:seed=1 --merge-policy=ward -Xoklab -Wgamma --diffusion=fs:scan=raster --gpu-policy=off --lookup-policy=6bit:shared_instance=1 -p 32 -v -J '{log}' -o '{output}' '{input}'
0d8c1807eeccf109afd7c8de63ff038919fcb61b,1920x1080,1920,1080,2073600,32,2,10,timed,8,descending,28,pipeline,180,6,1080,6,1,1,0,2,1,0,0,180,180,1,1,0,no,no,0.14138799999999999,0.045944,0.050615999999999994,868514,492c029a3e797c359cf5c60aebaee0d03c4a15884c35f4e9c8d03b94eb12dda5,0.14138799999999999,'{img2sixel}' --threads=2 --precision=8bit --quality=full --sampling-policy=full-frame --binning-policy=hard --quantize-model=kmeans:seed=1 --merge-policy=ward -Xoklab -Wgamma --diffusion=fs:scan=raster --gpu-policy=off --lookup-policy=6bit:shared_instance=1 -p 32 -v -J '{log}' -o '{output}' '{input}'
0d8c1807eeccf109afd7c8de63ff038919fcb61b,1920x1080,1920,1080,2073600,24,8,10,timed,8,descending,29,pipeline,180,24,180,6,6,2,6,2,1,6,6,180,180,1,1,0,yes,yes,0.08070999999999999,0.045723,0.015427999999999997,851406,1618de9c692ae7ca76c7e0f3447d20d780de9698af467f8fd82888e61fb04c4a,0.08070999999999999,'{img2sixel}' --threads=8 --precision=8bit --quality=full --sampling-policy=full-frame --binning-policy=hard --quantize-model=kmeans:seed=1 --merge-policy=ward -Xoklab -Wgamma --diffusion=fs:scan=raster --gpu-policy=off --lookup-policy=6bit:shared_instance=1 -p 24 -v -J '{log}' -o '{output}' '{input}'
0d8c1807eeccf109afd7c8de63ff038919fcb61b,1920x1080,1920,1080,2073600,24,6,10,timed,8,descending,30,pipeline,180,18,270,6,4,2,4,2,1,4,4,180,180,1,1,0,yes,yes,0.090527,0.04636099999999999,0.021425,852061,ee3216b860be2972ed112e2d9836be0c32df2f8f1a5bfde5902b5bb2a30e6a6f,0.090527,'{img2sixel}' --threads=6 --precision=8bit --quality=full --sampling-policy=full-frame --binning-policy=hard --quantize-model=kmeans:seed=1 --merge-policy=ward -Xoklab -Wgamma --diffusion=fs:scan=raster --gpu-policy=off --lookup-policy=6bit:shared_instance=1 -p 24 -v -J '{log}' -o '{output}' '{input}'
0d8c1807eeccf109afd7c8de63ff038919fcb61b,1920x1080,1920,1080,2073600,24,4,10,timed,8,descending,31,pipeline,180,12,540,6,2,2,2,2,1,2,2,180,180,1,1,0,yes,yes,0.114338,0.046587,0.038782,851828,5fa10ac569cc0d1e728d3a18eeb059393b06153fd7f5916d5ca6b223156bfb16,0.114338,'{img2sixel}' --threads=4 --precision=8bit --quality=full --sampling-policy=full-frame --binning-policy=hard --quantize-model=kmeans:seed=1 --merge-policy=ward -Xoklab -Wgamma --diffusion=fs:scan=raster --gpu-policy=off --lookup-policy=6bit:shared_instance=1 -p 24 -v -J '{log}' -o '{output}' '{input}'
0d8c1807eeccf109afd7c8de63ff038919fcb61b,1920x1080,1920,1080,2073600,24,2,10,timed,8,descending,32,pipeline,180,6,1080,6,1,1,0,2,1,0,0,180,180,1,1,0,no,no,0.141451,0.046203,0.050939,852843,c64a25db3be8016a9d97455a077fa4a9c5d5e1b14c204ae3433c590ff1242789,0.141451,'{img2sixel}' --threads=2 --precision=8bit --quality=full --sampling-policy=full-frame --binning-policy=hard --quantize-model=kmeans:seed=1 --merge-policy=ward -Xoklab -Wgamma --diffusion=fs:scan=raster --gpu-policy=off --lookup-policy=6bit:shared_instance=1 -p 24 -v -J '{log}' -o '{output}' '{input}'
0d8c1807eeccf109afd7c8de63ff038919fcb61b,1920x1080,1920,1080,2073600,16,8,10,timed,8,descending,33,pipeline,180,24,180,6,6,2,6,2,1,6,6,180,180,1,1,0,yes,yes,0.08009799999999999,0.045133999999999994,0.01379799999999999,778304,936c76354d28f1fa470d7824f034ecd6fa69cfc7273747c0a6b13dad7547c6f5,0.08009799999999999,'{img2sixel}' --threads=8 --precision=8bit --quality=full --sampling-policy=full-frame --binning-policy=hard --quantize-model=kmeans:seed=1 --merge-policy=ward -Xoklab -Wgamma --diffusion=fs:scan=raster --gpu-policy=off --lookup-policy=6bit:shared_instance=1 -p 16 -v -J '{log}' -o '{output}' '{input}'
0d8c1807eeccf109afd7c8de63ff038919fcb61b,1920x1080,1920,1080,2073600,16,6,10,timed,8,descending,34,pipeline,180,18,270,6,4,2,4,2,1,4,4,180,180,1,1,0,yes,yes,0.08645399999999999,0.045361000000000005,0.01837799999999999,778375,ea03ad656c80dc06f39ba5e4910c6f3609f2e882d4fedf1ed01204930807b9ce,0.08645399999999999,'{img2sixel}' --threads=6 --precision=8bit --quality=full --sampling-policy=full-frame --binning-policy=hard --quantize-model=kmeans:seed=1 --merge-policy=ward -Xoklab -Wgamma --diffusion=fs:scan=raster --gpu-policy=off --lookup-policy=6bit:shared_instance=1 -p 16 -v -J '{log}' -o '{output}' '{input}'
0d8c1807eeccf109afd7c8de63ff038919fcb61b,1920x1080,1920,1080,2073600,16,4,10,timed,8,descending,35,pipeline,180,12,540,6,2,2,2,2,1,2,2,180,180,1,1,0,yes,yes,0.107085,0.045309999999999996,0.032946,777860,ca5ae6547f613925edbf899d18e0d73a242789141a202982c52ea0906ae20b50,0.107085,'{img2sixel}' --threads=4 --precision=8bit --quality=full --sampling-policy=full-frame --binning-policy=hard --quantize-model=kmeans:seed=1 --merge-policy=ward -Xoklab -Wgamma --diffusion=fs:scan=raster --gpu-policy=off --lookup-policy=6bit:shared_instance=1 -p 16 -v -J '{log}' -o '{output}' '{input}'
0d8c1807eeccf109afd7c8de63ff038919fcb61b,1920x1080,1920,1080,2073600,16,2,10,timed,8,descending,36,pipeline,180,6,1080,6,1,1,0,2,1,0,0,180,180,1,1,0,no,no,0.137819,0.044451,0.049059000000000005,780306,cd97ff7e86e680bb7a5f5ffc76370d823d4852fb7a0c3ea691f6d65a71a2720a,0.137819,'{img2sixel}' --threads=2 --precision=8bit --quality=full --sampling-policy=full-frame --binning-policy=hard --quantize-model=kmeans:seed=1 --merge-policy=ward -Xoklab -Wgamma --diffusion=fs:scan=raster --gpu-policy=off --lookup-policy=6bit:shared_instance=1 -p 16 -v -J '{log}' -o '{output}' '{input}'
0d8c1807eeccf109afd7c8de63ff038919fcb61b,1920x1080,1920,1080,2073600,8,8,10,timed,8,descending,37,pipeline,180,24,180,6,6,2,6,2,1,6,6,180,180,1,1,0,yes,yes,0.076582,0.044322999999999994,0.011594000000000007,663251,eca0d80d7151e0d1019446e80c4499c1593c683128d81ed6b19bffe72702fcbb,0.076582,'{img2sixel}' --threads=8 --precision=8bit --quality=full --sampling-policy=full-frame --binning-policy=hard --quantize-model=kmeans:seed=1 --merge-policy=ward -Xoklab -Wgamma --diffusion=fs:scan=raster --gpu-policy=off --lookup-policy=6bit:shared_instance=1 -p 8 -v -J '{log}' -o '{output}' '{input}'
0d8c1807eeccf109afd7c8de63ff038919fcb61b,1920x1080,1920,1080,2073600,8,6,10,timed,8,descending,38,pipeline,180,18,270,6,4,2,4,2,1,4,4,180,180,1,1,0,yes,yes,0.08347299999999999,0.045074,0.015496999999999997,663603,bb94b3b3d4d62846b024db824ed69063c2d9318a5fbe82fb631d77849f210807,0.08347299999999999,'{img2sixel}' --threads=6 --precision=8bit --quality=full --sampling-policy=full-frame --binning-policy=hard --quantize-model=kmeans:seed=1 --merge-policy=ward -Xoklab -Wgamma --diffusion=fs:scan=raster --gpu-policy=off --lookup-policy=6bit:shared_instance=1 -p 8 -v -J '{log}' -o '{output}' '{input}'
0d8c1807eeccf109afd7c8de63ff038919fcb61b,1920x1080,1920,1080,2073600,8,4,10,timed,8,descending,39,pipeline,180,12,540,6,2,2,2,2,1,2,2,180,180,1,1,0,yes,yes,0.10043700000000001,0.044707000000000004,0.026913000000000006,663425,3495ae4d367b9ccf9f0e6a856a9f8732f71ec3df6f521d87a2a9660f687fc6fc,0.10043700000000001,'{img2sixel}' --threads=4 --precision=8bit --quality=full --sampling-policy=full-frame --binning-policy=hard --quantize-model=kmeans:seed=1 --merge-policy=ward -Xoklab -Wgamma --diffusion=fs:scan=raster --gpu-policy=off --lookup-policy=6bit:shared_instance=1 -p 8 -v -J '{log}' -o '{output}' '{input}'
0d8c1807eeccf109afd7c8de63ff038919fcb61b,1920x1080,1920,1080,2073600,8,2,10,timed,8,descending,40,pipeline,180,6,1080,6,1,1,0,2,1,0,0,180,180,1,1,0,no,no,0.135955,0.04401700000000001,0.047479999999999994,663909,8a73164739b0782a2e4ead97e10f71c52ec4c70c35b9453cf9882bb7b19f37f9,0.135955,'{img2sixel}' --threads=2 --precision=8bit --quality=full --sampling-policy=full-frame --binning-policy=hard --quantize-model=kmeans:seed=1 --merge-policy=ward -Xoklab -Wgamma --diffusion=fs:scan=raster --gpu-policy=off --lookup-policy=6bit:shared_instance=1 -p 8 -v -J '{log}' -o '{output}' '{input}'
0d8c1807eeccf109afd7c8de63ff038919fcb61b,1920x1080,1920,1080,2073600,4,8,10,timed,8,descending,41,pipeline,180,24,180,6,6,2,6,2,1,6,6,180,180,1,1,0,yes,yes,0.075103,0.04375899999999999,0.010863999999999999,518185,8fc76064332dcb33131abde93d715a2da6780e84ac707362106643d95b066fc9,0.075103,'{img2sixel}' --threads=8 --precision=8bit --quality=full --sampling-policy=full-frame --binning-policy=hard --quantize-model=kmeans:seed=1 --merge-policy=ward -Xoklab -Wgamma --diffusion=fs:scan=raster --gpu-policy=off --lookup-policy=6bit:shared_instance=1 -p 4 -v -J '{log}' -o '{output}' '{input}'
0d8c1807eeccf109afd7c8de63ff038919fcb61b,1920x1080,1920,1080,2073600,4,6,10,timed,8,descending,42,pipeline,180,18,270,6,4,2,4,2,1,4,4,180,180,1,1,0,yes,yes,0.081236,0.044252,0.014115000000000003,519265,43adf93a566643c9e773f939ae35a239ba18ef7f394e2a40fda4fdeac618278e,0.081236,'{img2sixel}' --threads=6 --precision=8bit --quality=full --sampling-policy=full-frame --binning-policy=hard --quantize-model=kmeans:seed=1 --merge-policy=ward -Xoklab -Wgamma --diffusion=fs:scan=raster --gpu-policy=off --lookup-policy=6bit:shared_instance=1 -p 4 -v -J '{log}' -o '{output}' '{input}'
0d8c1807eeccf109afd7c8de63ff038919fcb61b,1920x1080,1920,1080,2073600,4,4,10,timed,8,descending,43,pipeline,180,12,540,6,2,2,2,2,1,2,2,180,180,1,1,0,yes,yes,0.099202,0.045675999999999994,0.024010000000000004,518862,3e82217bab61936f11e452db01d56441cc6264c9e4118ea5cd012e2155ac0808,0.099202,'{img2sixel}' --threads=4 --precision=8bit --quality=full --sampling-policy=full-frame --binning-policy=hard --quantize-model=kmeans:seed=1 --merge-policy=ward -Xoklab -Wgamma --diffusion=fs:scan=raster --gpu-policy=off --lookup-policy=6bit:shared_instance=1 -p 4 -v -J '{log}' -o '{output}' '{input}'
0d8c1807eeccf109afd7c8de63ff038919fcb61b,1920x1080,1920,1080,2073600,4,2,10,timed,8,descending,44,pipeline,180,6,1080,6,1,1,0,2,1,0,0,180,180,1,1,0,no,no,0.133174,0.043442999999999996,0.045375999999999986,518456,f48fb762eefd0876aca7b880be2ff1d470ee0eed9e8b27a752c5369bf6511263,0.133174,'{img2sixel}' --threads=2 --precision=8bit --quality=full --sampling-policy=full-frame --binning-policy=hard --quantize-model=kmeans:seed=1 --merge-policy=ward -Xoklab -Wgamma --diffusion=fs:scan=raster --gpu-policy=off --lookup-policy=6bit:shared_instance=1 -p 4 -v -J '{log}' -o '{output}' '{input}'
0d8c1807eeccf109afd7c8de63ff038919fcb61b,1920x1080,1920,1080,2073600,2,8,10,timed,8,descending,45,pipeline,180,24,180,6,6,2,6,2,1,6,6,180,180,1,1,0,yes,yes,0.077127,0.045235,0.010897000000000004,273696,203d2423f41af5740017fbca18963a1389d3e15edef596f111a1454f4b643788,0.077127,'{img2sixel}' --threads=8 --precision=8bit --quality=full --sampling-policy=full-frame --binning-policy=hard --quantize-model=kmeans:seed=1 --merge-policy=ward -Xoklab -Wgamma --diffusion=fs:scan=raster --gpu-policy=off --lookup-policy=6bit:shared_instance=1 -p 2 -v -J '{log}' -o '{output}' '{input}'
0d8c1807eeccf109afd7c8de63ff038919fcb61b,1920x1080,1920,1080,2073600,2,6,10,timed,8,descending,46,pipeline,180,18,270,6,4,2,4,2,1,4,4,180,180,1,1,0,yes,yes,0.082912,0.045849999999999995,0.013346999999999998,273960,896372a37b9d88002e1cd93e20ca1a4b6b01ee4ca18b14a6c8ffee680a318912,0.082912,'{img2sixel}' --threads=6 --precision=8bit --quality=full --sampling-policy=full-frame --binning-policy=hard --quantize-model=kmeans:seed=1 --merge-policy=ward -Xoklab -Wgamma --diffusion=fs:scan=raster --gpu-policy=off --lookup-policy=6bit:shared_instance=1 -p 2 -v -J '{log}' -o '{output}' '{input}'
0d8c1807eeccf109afd7c8de63ff038919fcb61b,1920x1080,1920,1080,2073600,2,4,10,timed,8,descending,47,pipeline,180,12,540,6,2,2,2,2,1,2,2,180,180,1,1,0,yes,yes,0.097839,0.044861000000000005,0.022802000000000003,273634,bdf2c4eb98c1a3543a495f8d874f0ad87772c6f57e304782d7e0622ef17c044b,0.097839,'{img2sixel}' --threads=4 --precision=8bit --quality=full --sampling-policy=full-frame --binning-policy=hard --quantize-model=kmeans:seed=1 --merge-policy=ward -Xoklab -Wgamma --diffusion=fs:scan=raster --gpu-policy=off --lookup-policy=6bit:shared_instance=1 -p 2 -v -J '{log}' -o '{output}' '{input}'
0d8c1807eeccf109afd7c8de63ff038919fcb61b,1920x1080,1920,1080,2073600,2,2,10,timed,8,descending,48,pipeline,180,6,1080,6,1,1,0,2,1,0,0,180,180,1,1,0,no,no,0.12519,0.043159,0.037673,273903,f04a723725c85c3038ee43a2109c1680d5c006b164956f4444764bec675201f0,0.12519,'{img2sixel}' --threads=2 --precision=8bit --quality=full --sampling-policy=full-frame --binning-policy=hard --quantize-model=kmeans:seed=1 --merge-policy=ward -Xoklab -Wgamma --diffusion=fs:scan=raster --gpu-policy=off --lookup-policy=6bit:shared_instance=1 -p 2 -v -J '{log}' -o '{output}' '{input}'
0d8c1807eeccf109afd7c8de63ff038919fcb61b,1920x1080,1920,1080,2073600,2,2,11,timed,9,ascending,1,pipeline,180,6,1080,6,1,1,0,2,1,0,0,180,180,1,1,0,no,no,0.126811,0.043334,0.03802900000000001,273903,f04a723725c85c3038ee43a2109c1680d5c006b164956f4444764bec675201f0,0.126811,'{img2sixel}' --threads=2 --precision=8bit --quality=full --sampling-policy=full-frame --binning-policy=hard --quantize-model=kmeans:seed=1 --merge-policy=ward -Xoklab -Wgamma --diffusion=fs:scan=raster --gpu-policy=off --lookup-policy=6bit:shared_instance=1 -p 2 -v -J '{log}' -o '{output}' '{input}'
0d8c1807eeccf109afd7c8de63ff038919fcb61b,1920x1080,1920,1080,2073600,2,4,11,timed,9,ascending,2,pipeline,180,12,540,6,2,2,2,2,1,2,2,180,180,1,1,0,yes,yes,0.09392,0.043338,0.022583000000000006,273634,bdf2c4eb98c1a3543a495f8d874f0ad87772c6f57e304782d7e0622ef17c044b,0.09392,'{img2sixel}' --threads=4 --precision=8bit --quality=full --sampling-policy=full-frame --binning-policy=hard --quantize-model=kmeans:seed=1 --merge-policy=ward -Xoklab -Wgamma --diffusion=fs:scan=raster --gpu-policy=off --lookup-policy=6bit:shared_instance=1 -p 2 -v -J '{log}' -o '{output}' '{input}'
0d8c1807eeccf109afd7c8de63ff038919fcb61b,1920x1080,1920,1080,2073600,2,6,11,timed,9,ascending,3,pipeline,180,18,270,6,4,2,4,2,1,4,4,180,180,1,1,0,yes,yes,0.079677,0.043368,0.013279,273960,896372a37b9d88002e1cd93e20ca1a4b6b01ee4ca18b14a6c8ffee680a318912,0.079677,'{img2sixel}' --threads=6 --precision=8bit --quality=full --sampling-policy=full-frame --binning-policy=hard --quantize-model=kmeans:seed=1 --merge-policy=ward -Xoklab -Wgamma --diffusion=fs:scan=raster --gpu-policy=off --lookup-policy=6bit:shared_instance=1 -p 2 -v -J '{log}' -o '{output}' '{input}'
0d8c1807eeccf109afd7c8de63ff038919fcb61b,1920x1080,1920,1080,2073600,2,8,11,timed,9,ascending,4,pipeline,180,24,180,6,6,2,6,2,1,6,6,180,180,1,1,0,yes,yes,0.07416299999999999,0.043845999999999996,0.010396000000000002,273696,203d2423f41af5740017fbca18963a1389d3e15edef596f111a1454f4b643788,0.07416299999999999,'{img2sixel}' --threads=8 --precision=8bit --quality=full --sampling-policy=full-frame --binning-policy=hard --quantize-model=kmeans:seed=1 --merge-policy=ward -Xoklab -Wgamma --diffusion=fs:scan=raster --gpu-policy=off --lookup-policy=6bit:shared_instance=1 -p 2 -v -J '{log}' -o '{output}' '{input}'
0d8c1807eeccf109afd7c8de63ff038919fcb61b,1920x1080,1920,1080,2073600,4,2,11,timed,9,ascending,5,pipeline,180,6,1080,6,1,1,0,2,1,0,0,180,180,1,1,0,no,no,0.133263,0.044259,0.043998999999999996,518456,f48fb762eefd0876aca7b880be2ff1d470ee0eed9e8b27a752c5369bf6511263,0.133263,'{img2sixel}' --threads=2 --precision=8bit --quality=full --sampling-policy=full-frame --binning-policy=hard --quantize-model=kmeans:seed=1 --merge-policy=ward -Xoklab -Wgamma --diffusion=fs:scan=raster --gpu-policy=off --lookup-policy=6bit:shared_instance=1 -p 4 -v -J '{log}' -o '{output}' '{input}'
0d8c1807eeccf109afd7c8de63ff038919fcb61b,1920x1080,1920,1080,2073600,4,4,11,timed,9,ascending,6,pipeline,180,12,540,6,2,2,2,2,1,2,2,180,180,1,1,0,yes,yes,0.095959,0.043514,0.02437700000000001,518862,3e82217bab61936f11e452db01d56441cc6264c9e4118ea5cd012e2155ac0808,0.095959,'{img2sixel}' --threads=4 --precision=8bit --quality=full --sampling-policy=full-frame --binning-policy=hard --quantize-model=kmeans:seed=1 --merge-policy=ward -Xoklab -Wgamma --diffusion=fs:scan=raster --gpu-policy=off --lookup-policy=6bit:shared_instance=1 -p 4 -v -J '{log}' -o '{output}' '{input}'
0d8c1807eeccf109afd7c8de63ff038919fcb61b,1920x1080,1920,1080,2073600,4,6,11,timed,9,ascending,7,pipeline,180,18,270,6,4,2,4,2,1,4,4,180,180,1,1,0,yes,yes,0.080874,0.043613000000000006,0.01413600000000001,519265,43adf93a566643c9e773f939ae35a239ba18ef7f394e2a40fda4fdeac618278e,0.080874,'{img2sixel}' --threads=6 --precision=8bit --quality=full --sampling-policy=full-frame --binning-policy=hard --quantize-model=kmeans:seed=1 --merge-policy=ward -Xoklab -Wgamma --diffusion=fs:scan=raster --gpu-policy=off --lookup-policy=6bit:shared_instance=1 -p 4 -v -J '{log}' -o '{output}' '{input}'
0d8c1807eeccf109afd7c8de63ff038919fcb61b,1920x1080,1920,1080,2073600,4,8,11,timed,9,ascending,8,pipeline,180,24,180,6,6,2,6,2,1,6,6,180,180,1,1,0,yes,yes,0.074832,0.04405100000000001,0.010873999999999995,518185,8fc76064332dcb33131abde93d715a2da6780e84ac707362106643d95b066fc9,0.074832,'{img2sixel}' --threads=8 --precision=8bit --quality=full --sampling-policy=full-frame --binning-policy=hard --quantize-model=kmeans:seed=1 --merge-policy=ward -Xoklab -Wgamma --diffusion=fs:scan=raster --gpu-policy=off --lookup-policy=6bit:shared_instance=1 -p 4 -v -J '{log}' -o '{output}' '{input}'
0d8c1807eeccf109afd7c8de63ff038919fcb61b,1920x1080,1920,1080,2073600,8,2,11,timed,9,ascending,9,pipeline,180,6,1080,6,1,1,0,2,1,0,0,180,180,1,1,0,no,no,0.137487,0.045071,0.047335,663909,8a73164739b0782a2e4ead97e10f71c52ec4c70c35b9453cf9882bb7b19f37f9,0.137487,'{img2sixel}' --threads=2 --precision=8bit --quality=full --sampling-policy=full-frame --binning-policy=hard --quantize-model=kmeans:seed=1 --merge-policy=ward -Xoklab -Wgamma --diffusion=fs:scan=raster --gpu-policy=off --lookup-policy=6bit:shared_instance=1 -p 8 -v -J '{log}' -o '{output}' '{input}'
0d8c1807eeccf109afd7c8de63ff038919fcb61b,1920x1080,1920,1080,2073600,8,4,11,timed,9,ascending,10,pipeline,180,12,540,6,2,2,2,2,1,2,2,180,180,1,1,0,yes,yes,0.099505,0.044369,0.027165999999999996,663425,3495ae4d367b9ccf9f0e6a856a9f8732f71ec3df6f521d87a2a9660f687fc6fc,0.099505,'{img2sixel}' --threads=4 --precision=8bit --quality=full --sampling-policy=full-frame --binning-policy=hard --quantize-model=kmeans:seed=1 --merge-policy=ward -Xoklab -Wgamma --diffusion=fs:scan=raster --gpu-policy=off --lookup-policy=6bit:shared_instance=1 -p 8 -v -J '{log}' -o '{output}' '{input}'
0d8c1807eeccf109afd7c8de63ff038919fcb61b,1920x1080,1920,1080,2073600,8,6,11,timed,9,ascending,11,pipeline,180,18,270,6,4,2,4,2,1,4,4,180,180,1,1,0,yes,yes,0.082759,0.044098000000000005,0.015467000000000009,663603,bb94b3b3d4d62846b024db824ed69063c2d9318a5fbe82fb631d77849f210807,0.082759,'{img2sixel}' --threads=6 --precision=8bit --quality=full --sampling-policy=full-frame --binning-policy=hard --quantize-model=kmeans:seed=1 --merge-policy=ward -Xoklab -Wgamma --diffusion=fs:scan=raster --gpu-policy=off --lookup-policy=6bit:shared_instance=1 -p 8 -v -J '{log}' -o '{output}' '{input}'
0d8c1807eeccf109afd7c8de63ff038919fcb61b,1920x1080,1920,1080,2073600,8,8,11,timed,9,ascending,12,pipeline,180,24,180,6,6,2,6,2,1,6,6,180,180,1,1,0,yes,yes,0.076671,0.044824,0.011607999999999993,663251,eca0d80d7151e0d1019446e80c4499c1593c683128d81ed6b19bffe72702fcbb,0.076671,'{img2sixel}' --threads=8 --precision=8bit --quality=full --sampling-policy=full-frame --binning-policy=hard --quantize-model=kmeans:seed=1 --merge-policy=ward -Xoklab -Wgamma --diffusion=fs:scan=raster --gpu-policy=off --lookup-policy=6bit:shared_instance=1 -p 8 -v -J '{log}' -o '{output}' '{input}'
0d8c1807eeccf109afd7c8de63ff038919fcb61b,1920x1080,1920,1080,2073600,16,2,11,timed,9,ascending,13,pipeline,180,6,1080,6,1,1,0,2,1,0,0,180,180,1,1,0,no,no,0.140228,0.045751999999999994,0.04961199999999999,780306,cd97ff7e86e680bb7a5f5ffc76370d823d4852fb7a0c3ea691f6d65a71a2720a,0.140228,'{img2sixel}' --threads=2 --precision=8bit --quality=full --sampling-policy=full-frame --binning-policy=hard --quantize-model=kmeans:seed=1 --merge-policy=ward -Xoklab -Wgamma --diffusion=fs:scan=raster --gpu-policy=off --lookup-policy=6bit:shared_instance=1 -p 16 -v -J '{log}' -o '{output}' '{input}'
0d8c1807eeccf109afd7c8de63ff038919fcb61b,1920x1080,1920,1080,2073600,16,4,11,timed,9,ascending,14,pipeline,180,12,540,6,2,2,2,2,1,2,2,180,180,1,1,0,yes,yes,0.106309,0.044537,0.033013,777860,ca5ae6547f613925edbf899d18e0d73a242789141a202982c52ea0906ae20b50,0.106309,'{img2sixel}' --threads=4 --precision=8bit --quality=full --sampling-policy=full-frame --binning-policy=hard --quantize-model=kmeans:seed=1 --merge-policy=ward -Xoklab -Wgamma --diffusion=fs:scan=raster --gpu-policy=off --lookup-policy=6bit:shared_instance=1 -p 16 -v -J '{log}' -o '{output}' '{input}'
0d8c1807eeccf109afd7c8de63ff038919fcb61b,1920x1080,1920,1080,2073600,16,6,11,timed,9,ascending,15,pipeline,180,18,270,6,4,2,4,2,1,4,4,180,180,1,1,0,yes,yes,0.086522,0.045041000000000005,0.018337000000000006,778375,ea03ad656c80dc06f39ba5e4910c6f3609f2e882d4fedf1ed01204930807b9ce,0.086522,'{img2sixel}' --threads=6 --precision=8bit --quality=full --sampling-policy=full-frame --binning-policy=hard --quantize-model=kmeans:seed=1 --merge-policy=ward -Xoklab -Wgamma --diffusion=fs:scan=raster --gpu-policy=off --lookup-policy=6bit:shared_instance=1 -p 16 -v -J '{log}' -o '{output}' '{input}'
0d8c1807eeccf109afd7c8de63ff038919fcb61b,1920x1080,1920,1080,2073600,16,8,11,timed,9,ascending,16,pipeline,180,24,180,6,6,2,6,2,1,6,6,180,180,1,1,0,yes,yes,0.079094,0.045379,0.013694999999999999,778304,936c76354d28f1fa470d7824f034ecd6fa69cfc7273747c0a6b13dad7547c6f5,0.079094,'{img2sixel}' --threads=8 --precision=8bit --quality=full --sampling-policy=full-frame --binning-policy=hard --quantize-model=kmeans:seed=1 --merge-policy=ward -Xoklab -Wgamma --diffusion=fs:scan=raster --gpu-policy=off --lookup-policy=6bit:shared_instance=1 -p 16 -v -J '{log}' -o '{output}' '{input}'
0d8c1807eeccf109afd7c8de63ff038919fcb61b,1920x1080,1920,1080,2073600,24,2,11,timed,9,ascending,17,pipeline,180,6,1080,6,1,1,0,2,1,0,0,180,180,1,1,0,no,no,0.142842,0.046945999999999995,0.050666,852843,c64a25db3be8016a9d97455a077fa4a9c5d5e1b14c204ae3433c590ff1242789,0.142842,'{img2sixel}' --threads=2 --precision=8bit --quality=full --sampling-policy=full-frame --binning-policy=hard --quantize-model=kmeans:seed=1 --merge-policy=ward -Xoklab -Wgamma --diffusion=fs:scan=raster --gpu-policy=off --lookup-policy=6bit:shared_instance=1 -p 24 -v -J '{log}' -o '{output}' '{input}'
0d8c1807eeccf109afd7c8de63ff038919fcb61b,1920x1080,1920,1080,2073600,24,4,11,timed,9,ascending,18,pipeline,180,12,540,6,2,2,2,2,1,2,2,180,180,1,1,0,yes,yes,0.114275,0.04695100000000001,0.038842,851828,5fa10ac569cc0d1e728d3a18eeb059393b06153fd7f5916d5ca6b223156bfb16,0.114275,'{img2sixel}' --threads=4 --precision=8bit --quality=full --sampling-policy=full-frame --binning-policy=hard --quantize-model=kmeans:seed=1 --merge-policy=ward -Xoklab -Wgamma --diffusion=fs:scan=raster --gpu-policy=off --lookup-policy=6bit:shared_instance=1 -p 24 -v -J '{log}' -o '{output}' '{input}'
0d8c1807eeccf109afd7c8de63ff038919fcb61b,1920x1080,1920,1080,2073600,24,6,11,timed,9,ascending,19,pipeline,180,18,270,6,4,2,4,2,1,4,4,180,180,1,1,0,yes,yes,0.091824,0.046618,0.021225000000000008,852061,ee3216b860be2972ed112e2d9836be0c32df2f8f1a5bfde5902b5bb2a30e6a6f,0.091824,'{img2sixel}' --threads=6 --precision=8bit --quality=full --sampling-policy=full-frame --binning-policy=hard --quantize-model=kmeans:seed=1 --merge-policy=ward -Xoklab -Wgamma --diffusion=fs:scan=raster --gpu-policy=off --lookup-policy=6bit:shared_instance=1 -p 24 -v -J '{log}' -o '{output}' '{input}'
0d8c1807eeccf109afd7c8de63ff038919fcb61b,1920x1080,1920,1080,2073600,24,8,11,timed,9,ascending,20,pipeline,180,24,180,6,6,2,6,2,1,6,6,180,180,1,1,0,yes,yes,0.0828,0.047417,0.015446000000000001,851406,1618de9c692ae7ca76c7e0f3447d20d780de9698af467f8fd82888e61fb04c4a,0.0828,'{img2sixel}' --threads=8 --precision=8bit --quality=full --sampling-policy=full-frame --binning-policy=hard --quantize-model=kmeans:seed=1 --merge-policy=ward -Xoklab -Wgamma --diffusion=fs:scan=raster --gpu-policy=off --lookup-policy=6bit:shared_instance=1 -p 24 -v -J '{log}' -o '{output}' '{input}'
0d8c1807eeccf109afd7c8de63ff038919fcb61b,1920x1080,1920,1080,2073600,32,2,11,timed,9,ascending,21,pipeline,180,6,1080,6,1,1,0,2,1,0,0,180,180,1,1,0,no,no,0.142566,0.046879,0.050515000000000004,868514,492c029a3e797c359cf5c60aebaee0d03c4a15884c35f4e9c8d03b94eb12dda5,0.142566,'{img2sixel}' --threads=2 --precision=8bit --quality=full --sampling-policy=full-frame --binning-policy=hard --quantize-model=kmeans:seed=1 --merge-policy=ward -Xoklab -Wgamma --diffusion=fs:scan=raster --gpu-policy=off --lookup-policy=6bit:shared_instance=1 -p 32 -v -J '{log}' -o '{output}' '{input}'
0d8c1807eeccf109afd7c8de63ff038919fcb61b,1920x1080,1920,1080,2073600,32,4,11,timed,9,ascending,22,pipeline,180,12,540,6,2,2,2,2,1,2,2,180,180,1,1,0,yes,yes,0.12103699999999999,0.046687000000000006,0.044626,866519,e32c425303f0136f2a68707137be1d6e26dc6d49f286d028f35c8a431a8d6abf,0.12103699999999999,'{img2sixel}' --threads=4 --precision=8bit --quality=full --sampling-policy=full-frame --binning-policy=hard --quantize-model=kmeans:seed=1 --merge-policy=ward -Xoklab -Wgamma --diffusion=fs:scan=raster --gpu-policy=off --lookup-policy=6bit:shared_instance=1 -p 32 -v -J '{log}' -o '{output}' '{input}'
0d8c1807eeccf109afd7c8de63ff038919fcb61b,1920x1080,1920,1080,2073600,32,6,11,timed,9,ascending,23,pipeline,180,18,270,6,4,2,4,2,1,4,4,180,180,1,1,0,yes,yes,0.092851,0.046072,0.024081000000000005,866266,502cf9d8c64b1d2e73c7fdb0b9dc9bb09900862558deb1bb3e8622e96744a29f,0.092851,'{img2sixel}' --threads=6 --precision=8bit --quality=full --sampling-policy=full-frame --binning-policy=hard --quantize-model=kmeans:seed=1 --merge-policy=ward -Xoklab -Wgamma --diffusion=fs:scan=raster --gpu-policy=off --lookup-policy=6bit:shared_instance=1 -p 32 -v -J '{log}' -o '{output}' '{input}'
0d8c1807eeccf109afd7c8de63ff038919fcb61b,1920x1080,1920,1080,2073600,32,8,11,timed,9,ascending,24,pipeline,180,24,180,6,6,2,6,2,1,6,6,180,180,1,1,0,yes,yes,0.085469,0.04757299999999999,0.017072000000000004,866527,b8b43c3d38222192589e79a980311583252284c7b31f5d802e441ba9acd6f1b1,0.085469,'{img2sixel}' --threads=8 --precision=8bit --quality=full --sampling-policy=full-frame --binning-policy=hard --quantize-model=kmeans:seed=1 --merge-policy=ward -Xoklab -Wgamma --diffusion=fs:scan=raster --gpu-policy=off --lookup-policy=6bit:shared_instance=1 -p 32 -v -J '{log}' -o '{output}' '{input}'
0d8c1807eeccf109afd7c8de63ff038919fcb61b,1920x1080,1920,1080,2073600,48,2,11,timed,9,ascending,25,pipeline,180,6,1080,0,1,1,0,2,1,0,0,180,180,1,1,0,no,no,0.145024,0.048436,0.05104299999999999,891077,7780e6b5b548a72bd6cdd6744a1b3e9fec2dd1b92e7d8b7a0a76fb8d5fc85061,0.145024,'{img2sixel}' --threads=2 --precision=8bit --quality=full --sampling-policy=full-frame --binning-policy=hard --quantize-model=kmeans:seed=1 --merge-policy=ward -Xoklab -Wgamma --diffusion=fs:scan=raster --gpu-policy=off --lookup-policy=6bit:shared_instance=1 -p 48 -v -J '{log}' -o '{output}' '{input}'
0d8c1807eeccf109afd7c8de63ff038919fcb61b,1920x1080,1920,1080,2073600,48,4,11,timed,9,ascending,26,pipeline,180,12,540,0,2,2,2,2,1,2,2,180,180,1,1,0,yes,yes,0.132064,0.048069,0.054916999999999994,888241,8a8344876e49fe5edf0da1147561b61e72a23c474a33a16c23e8ca56704ed02a,0.132064,'{img2sixel}' --threads=4 --precision=8bit --quality=full --sampling-policy=full-frame --binning-policy=hard --quantize-model=kmeans:seed=1 --merge-policy=ward -Xoklab -Wgamma --diffusion=fs:scan=raster --gpu-policy=off --lookup-policy=6bit:shared_instance=1 -p 48 -v -J '{log}' -o '{output}' '{input}'
0d8c1807eeccf109afd7c8de63ff038919fcb61b,1920x1080,1920,1080,2073600,48,6,11,timed,9,ascending,27,pipeline,180,18,270,0,4,2,4,2,1,4,4,180,180,1,1,0,yes,yes,0.10002699999999999,0.04786399999999999,0.02921499999999999,887400,ec595f45a1b8101e044204eed515215019022c721faf3334f09fb14b08569867,0.10002699999999999,'{img2sixel}' --threads=6 --precision=8bit --quality=full --sampling-policy=full-frame --binning-policy=hard --quantize-model=kmeans:seed=1 --merge-policy=ward -Xoklab -Wgamma --diffusion=fs:scan=raster --gpu-policy=off --lookup-policy=6bit:shared_instance=1 -p 48 -v -J '{log}' -o '{output}' '{input}'
0d8c1807eeccf109afd7c8de63ff038919fcb61b,1920x1080,1920,1080,2073600,48,8,11,timed,9,ascending,28,pipeline,180,24,180,0,6,2,6,2,1,6,6,180,180,1,1,0,yes,yes,0.088461,0.048139,0.020411,887104,8cffeb5ede0de260e06ab2b717cf35ea7b0f4ea8957ea8c49933d7cb9da30aec,0.088461,'{img2sixel}' --threads=8 --precision=8bit --quality=full --sampling-policy=full-frame --binning-policy=hard --quantize-model=kmeans:seed=1 --merge-policy=ward -Xoklab -Wgamma --diffusion=fs:scan=raster --gpu-policy=off --lookup-policy=6bit:shared_instance=1 -p 48 -v -J '{log}' -o '{output}' '{input}'
0d8c1807eeccf109afd7c8de63ff038919fcb61b,1920x1080,1920,1080,2073600,64,2,11,timed,9,ascending,29,pipeline,180,6,1080,0,1,1,0,2,1,0,0,180,180,1,1,0,no,no,0.145986,0.049878,0.05110600000000001,912800,38fdff26d969de5a6ee7b315c32fc963a2dddef26bba8ff90ce5631697117ce4,0.145986,'{img2sixel}' --threads=2 --precision=8bit --quality=full --sampling-policy=full-frame --binning-policy=hard --quantize-model=kmeans:seed=1 --merge-policy=ward -Xoklab -Wgamma --diffusion=fs:scan=raster --gpu-policy=off --lookup-policy=6bit:shared_instance=1 -p 64 -v -J '{log}' -o '{output}' '{input}'
0d8c1807eeccf109afd7c8de63ff038919fcb61b,1920x1080,1920,1080,2073600,64,4,11,timed,9,ascending,30,pipeline,180,12,540,0,2,2,2,2,1,2,2,180,180,1,1,0,yes,yes,0.144171,0.049212000000000006,0.066341,909107,42edf14ecc8e80e2d7c0dfae4ba5c80b920b0a350d5b5a2c3ba2f32dd5a2e6c0,0.144171,'{img2sixel}' --threads=4 --precision=8bit --quality=full --sampling-policy=full-frame --binning-policy=hard --quantize-model=kmeans:seed=1 --merge-policy=ward -Xoklab -Wgamma --diffusion=fs:scan=raster --gpu-policy=off --lookup-policy=6bit:shared_instance=1 -p 64 -v -J '{log}' -o '{output}' '{input}'
0d8c1807eeccf109afd7c8de63ff038919fcb61b,1920x1080,1920,1080,2073600,64,6,11,timed,9,ascending,31,pipeline,180,18,270,0,4,2,4,2,1,4,4,180,180,1,1,0,yes,yes,0.106262,0.04871299999999999,0.03509999999999999,908631,4ef1546450cdcc25ee240aea839ccbd5d104a264520d95c368c7ca479e2f5a2d,0.106262,'{img2sixel}' --threads=6 --precision=8bit --quality=full --sampling-policy=full-frame --binning-policy=hard --quantize-model=kmeans:seed=1 --merge-policy=ward -Xoklab -Wgamma --diffusion=fs:scan=raster --gpu-policy=off --lookup-policy=6bit:shared_instance=1 -p 64 -v -J '{log}' -o '{output}' '{input}'
0d8c1807eeccf109afd7c8de63ff038919fcb61b,1920x1080,1920,1080,2073600,64,8,11,timed,9,ascending,32,pipeline,180,24,180,0,6,2,6,2,1,6,6,180,180,1,1,0,yes,yes,0.094788,0.050121000000000006,0.023994,907430,9ce3d55b59906a18142ac1c421935bb14e956e41da367cdc0695cd784c27db87,0.094788,'{img2sixel}' --threads=8 --precision=8bit --quality=full --sampling-policy=full-frame --binning-policy=hard --quantize-model=kmeans:seed=1 --merge-policy=ward -Xoklab -Wgamma --diffusion=fs:scan=raster --gpu-policy=off --lookup-policy=6bit:shared_instance=1 -p 64 -v -J '{log}' -o '{output}' '{input}'
0d8c1807eeccf109afd7c8de63ff038919fcb61b,1920x1080,1920,1080,2073600,96,2,11,timed,9,ascending,33,pipeline,180,6,1080,0,1,1,0,2,1,0,0,180,180,1,1,0,no,no,0.151033,0.052745,0.05272400000000001,924457,e3ffd159c55635523e5349431c27dbafb656138a2c4e88bbb944a4e52f143f0d,0.151033,'{img2sixel}' --threads=2 --precision=8bit --quality=full --sampling-policy=full-frame --binning-policy=hard --quantize-model=kmeans:seed=1 --merge-policy=ward -Xoklab -Wgamma --diffusion=fs:scan=raster --gpu-policy=off --lookup-policy=6bit:shared_instance=1 -p 96 -v -J '{log}' -o '{output}' '{input}'
0d8c1807eeccf109afd7c8de63ff038919fcb61b,1920x1080,1920,1080,2073600,96,4,11,timed,9,ascending,34,pipeline,180,12,540,0,2,2,2,2,1,2,2,180,180,1,1,0,yes,yes,0.170756,0.052472000000000005,0.088654,917740,0e9702b7aa0389fc9d15b0855fcaa048fb3ea8980d9c501c7bde9d4eebbea09b,0.170756,'{img2sixel}' --threads=4 --precision=8bit --quality=full --sampling-policy=full-frame --binning-policy=hard --quantize-model=kmeans:seed=1 --merge-policy=ward -Xoklab -Wgamma --diffusion=fs:scan=raster --gpu-policy=off --lookup-policy=6bit:shared_instance=1 -p 96 -v -J '{log}' -o '{output}' '{input}'
0d8c1807eeccf109afd7c8de63ff038919fcb61b,1920x1080,1920,1080,2073600,96,6,11,timed,9,ascending,35,pipeline,180,18,270,0,4,2,4,2,1,4,4,180,180,1,1,0,yes,yes,0.120423,0.051616,0.04623200000000001,917055,9ecb9fa30789b9320deaae4c39133488853ccd993bdf007e9723872722b71376,0.120423,'{img2sixel}' --threads=6 --precision=8bit --quality=full --sampling-policy=full-frame --binning-policy=hard --quantize-model=kmeans:seed=1 --merge-policy=ward -Xoklab -Wgamma --diffusion=fs:scan=raster --gpu-policy=off --lookup-policy=6bit:shared_instance=1 -p 96 -v -J '{log}' -o '{output}' '{input}'
0d8c1807eeccf109afd7c8de63ff038919fcb61b,1920x1080,1920,1080,2073600,96,8,11,timed,9,ascending,36,pipeline,180,24,180,0,6,2,6,2,1,6,6,180,180,1,1,0,yes,yes,0.10314,0.051900999999999996,0.031574000000000005,916302,415887b83c7061ab1a93a768bc26bc5abb1a19fa6d787757728899710ae400b2,0.10314,'{img2sixel}' --threads=8 --precision=8bit --quality=full --sampling-policy=full-frame --binning-policy=hard --quantize-model=kmeans:seed=1 --merge-policy=ward -Xoklab -Wgamma --diffusion=fs:scan=raster --gpu-policy=off --lookup-policy=6bit:shared_instance=1 -p 96 -v -J '{log}' -o '{output}' '{input}'
0d8c1807eeccf109afd7c8de63ff038919fcb61b,1920x1080,1920,1080,2073600,128,2,11,timed,9,ascending,37,pipeline,180,6,1080,0,1,1,0,2,1,0,0,180,180,1,1,0,no,no,0.153065,0.055529,0.05279900000000001,935411,2c55b62d33ca73354b3a6a4f055eef9664068ea68b9694b1f940b514ccc96284,0.153065,'{img2sixel}' --threads=2 --precision=8bit --quality=full --sampling-policy=full-frame --binning-policy=hard --quantize-model=kmeans:seed=1 --merge-policy=ward -Xoklab -Wgamma --diffusion=fs:scan=raster --gpu-policy=off --lookup-policy=6bit:shared_instance=1 -p 128 -v -J '{log}' -o '{output}' '{input}'
0d8c1807eeccf109afd7c8de63ff038919fcb61b,1920x1080,1920,1080,2073600,128,4,11,timed,9,ascending,38,pipeline,180,12,540,0,2,2,2,2,1,2,2,180,180,1,1,0,yes,yes,0.19905699999999998,0.054796,0.11555199999999999,925053,daa306dcf2662851b709ac0899a2e41b67324fec65748ecbbe7a575b8b9afe7b,0.19905699999999998,'{img2sixel}' --threads=4 --precision=8bit --quality=full --sampling-policy=full-frame --binning-policy=hard --quantize-model=kmeans:seed=1 --merge-policy=ward -Xoklab -Wgamma --diffusion=fs:scan=raster --gpu-policy=off --lookup-policy=6bit:shared_instance=1 -p 128 -v -J '{log}' -o '{output}' '{input}'
0d8c1807eeccf109afd7c8de63ff038919fcb61b,1920x1080,1920,1080,2073600,128,6,11,timed,9,ascending,39,pipeline,180,18,270,0,4,2,4,2,1,4,4,180,180,1,1,0,yes,yes,0.13739099999999999,0.054492,0.06033099999999998,924219,a8b497bda6088812479c70c2d83956c856d8b2f575e6759cd0a6c35d6317ef3e,0.13739099999999999,'{img2sixel}' --threads=6 --precision=8bit --quality=full --sampling-policy=full-frame --binning-policy=hard --quantize-model=kmeans:seed=1 --merge-policy=ward -Xoklab -Wgamma --diffusion=fs:scan=raster --gpu-policy=off --lookup-policy=6bit:shared_instance=1 -p 128 -v -J '{log}' -o '{output}' '{input}'
0d8c1807eeccf109afd7c8de63ff038919fcb61b,1920x1080,1920,1080,2073600,128,8,11,timed,9,ascending,40,pipeline,180,24,180,0,6,2,6,2,1,6,6,180,180,1,1,0,yes,yes,0.115614,0.05481899999999999,0.041014999999999996,923734,11d726abf12f48ebc704500352a869da531df0bfae4ef8916e4ac3f7e6c464f0,0.115614,'{img2sixel}' --threads=8 --precision=8bit --quality=full --sampling-policy=full-frame --binning-policy=hard --quantize-model=kmeans:seed=1 --merge-policy=ward -Xoklab -Wgamma --diffusion=fs:scan=raster --gpu-policy=off --lookup-policy=6bit:shared_instance=1 -p 128 -v -J '{log}' -o '{output}' '{input}'
0d8c1807eeccf109afd7c8de63ff038919fcb61b,1920x1080,1920,1080,2073600,192,2,11,timed,9,ascending,41,pipeline,180,6,1080,0,1,1,0,2,1,0,0,180,180,1,1,0,no,no,0.160745,0.061519000000000004,0.05427800000000001,945977,9b4b09a366576c27437bf8750bca6ca1aad9e78164280ecda79b0382439872cc,0.160745,'{img2sixel}' --threads=2 --precision=8bit --quality=full --sampling-policy=full-frame --binning-policy=hard --quantize-model=kmeans:seed=1 --merge-policy=ward -Xoklab -Wgamma --diffusion=fs:scan=raster --gpu-policy=off --lookup-policy=6bit:shared_instance=1 -p 192 -v -J '{log}' -o '{output}' '{input}'
0d8c1807eeccf109afd7c8de63ff038919fcb61b,1920x1080,1920,1080,2073600,192,4,11,timed,9,ascending,42,pipeline,180,12,540,0,2,2,2,2,1,2,2,180,180,1,1,0,yes,yes,0.251456,0.06157,0.16114,937823,e54877651a1c22c47b78c9e5b694e0c34aa7d9bd9fe052e2442c660366c67fcc,0.251456,'{img2sixel}' --threads=4 --precision=8bit --quality=full --sampling-policy=full-frame --binning-policy=hard --quantize-model=kmeans:seed=1 --merge-policy=ward -Xoklab -Wgamma --diffusion=fs:scan=raster --gpu-policy=off --lookup-policy=6bit:shared_instance=1 -p 192 -v -J '{log}' -o '{output}' '{input}'
0d8c1807eeccf109afd7c8de63ff038919fcb61b,1920x1080,1920,1080,2073600,192,6,11,timed,9,ascending,43,pipeline,180,18,270,0,4,2,4,2,1,4,4,180,180,1,1,0,yes,yes,0.165957,0.060815999999999995,0.082608,937739,8ad3bd073748aa5a9e28b32c315b4aec12a492dedf2ffd4c65d6ea61994812d3,0.165957,'{img2sixel}' --threads=6 --precision=8bit --quality=full --sampling-policy=full-frame --binning-policy=hard --quantize-model=kmeans:seed=1 --merge-policy=ward -Xoklab -Wgamma --diffusion=fs:scan=raster --gpu-policy=off --lookup-policy=6bit:shared_instance=1 -p 192 -v -J '{log}' -o '{output}' '{input}'
0d8c1807eeccf109afd7c8de63ff038919fcb61b,1920x1080,1920,1080,2073600,192,8,11,timed,9,ascending,44,pipeline,180,24,180,0,6,2,6,2,1,6,6,180,180,1,1,0,yes,yes,0.1378,0.061865,0.05604500000000001,935913,99e99ca6bef5ddecef432cd7e1fc8f77bb32ea31aac5afd2f49c2fc505dc267e,0.1378,'{img2sixel}' --threads=8 --precision=8bit --quality=full --sampling-policy=full-frame --binning-policy=hard --quantize-model=kmeans:seed=1 --merge-policy=ward -Xoklab -Wgamma --diffusion=fs:scan=raster --gpu-policy=off --lookup-policy=6bit:shared_instance=1 -p 192 -v -J '{log}' -o '{output}' '{input}'
0d8c1807eeccf109afd7c8de63ff038919fcb61b,1920x1080,1920,1080,2073600,256,2,11,timed,9,ascending,45,pipeline,180,6,1080,0,1,1,0,2,1,0,0,180,180,1,1,0,no,no,0.16919299999999998,0.068591,0.05558099999999999,956076,a49548f54d89f64a4c92e8399dd21a1c5696ef15cdb5ef06c539336fe36614f1,0.16919299999999998,'{img2sixel}' --threads=2 --precision=8bit --quality=full --sampling-policy=full-frame --binning-policy=hard --quantize-model=kmeans:seed=1 --merge-policy=ward -Xoklab -Wgamma --diffusion=fs:scan=raster --gpu-policy=off --lookup-policy=6bit:shared_instance=1 -p 256 -v -J '{log}' -o '{output}' '{input}'
0d8c1807eeccf109afd7c8de63ff038919fcb61b,1920x1080,1920,1080,2073600,256,4,11,timed,9,ascending,46,pipeline,180,12,540,0,2,2,2,2,1,2,2,180,180,1,1,0,yes,yes,0.301433,0.06770599999999999,0.205717,943463,1580e35f41a54d02b3a525d3445f61f5ea0759e9a12fb946659bb6a3308af6f8,0.301433,'{img2sixel}' --threads=4 --precision=8bit --quality=full --sampling-policy=full-frame --binning-policy=hard --quantize-model=kmeans:seed=1 --merge-policy=ward -Xoklab -Wgamma --diffusion=fs:scan=raster --gpu-policy=off --lookup-policy=6bit:shared_instance=1 -p 256 -v -J '{log}' -o '{output}' '{input}'
0d8c1807eeccf109afd7c8de63ff038919fcb61b,1920x1080,1920,1080,2073600,256,6,11,timed,9,ascending,47,pipeline,180,18,270,0,4,2,4,2,1,4,4,180,180,1,1,0,yes,yes,0.19730899999999998,0.067742,0.10645699999999998,942990,1c9647bbb528873f3988babda69e55baa91babc41d009a639419298e633ed40a,0.19730899999999998,'{img2sixel}' --threads=6 --precision=8bit --quality=full --sampling-policy=full-frame --binning-policy=hard --quantize-model=kmeans:seed=1 --merge-policy=ward -Xoklab -Wgamma --diffusion=fs:scan=raster --gpu-policy=off --lookup-policy=6bit:shared_instance=1 -p 256 -v -J '{log}' -o '{output}' '{input}'
0d8c1807eeccf109afd7c8de63ff038919fcb61b,1920x1080,1920,1080,2073600,256,8,11,timed,9,ascending,48,pipeline,180,24,180,0,6,2,6,2,1,6,6,180,180,1,1,0,yes,yes,0.160022,0.068582,0.071429,941823,a056fbe48541fd6e7d350002ac8ff5e4380576548e56478eb19423bde7fb6b24,0.160022,'{img2sixel}' --threads=8 --precision=8bit --quality=full --sampling-policy=full-frame --binning-policy=hard --quantize-model=kmeans:seed=1 --merge-policy=ward -Xoklab -Wgamma --diffusion=fs:scan=raster --gpu-policy=off --lookup-policy=6bit:shared_instance=1 -p 256 -v -J '{log}' -o '{output}' '{input}'
