revision,platform,fixture_id,fixture_label,fixture_class,input,width,height,colors,colorspace,label,binbits,source_points,effective_points,effective_points_per_color,seeds,MS-SSIM_regret_median,MS-SSIM_regret_p90,MS-SSIM_regret_max,Delta E00_regret_median,Delta E00_regret_p90,Delta E00_regret_max,Delta Chroma_regret_median,Delta Chroma_regret_p90,Delta Chroma_regret_max,encoded_size_ratio_median,encoded_size_ratio_p90,encoded_size_ratio_max,strict_pass_count,strict_pass_rate,balanced_pass_count,balanced_pass_rate,relaxed_pass_count,relaxed_pass_rate
85a2674e53a2d7b75c6944b5a87b04ee9ea182b1,macOS-26.5.1-arm64-arm-64bit,a98-gamut,Adobe RGB gamut ramps,broad-gamut,images/measurements/palette-pipeline/a98-gamut-600x450.png,600,450,64,cielab,CIELAB,4,270000,99,1.546875,5,0.007591000000000014,0.01010079999999993,0.01019799999999993,0.34346200000000016,0.37471920000000003,0.38908200000000015,0.5212409999999998,0.5415252,0.5429740000000001,0.9475502331740457,0.97454856578045,0.981623633403117,0,0.0,0,0.0,0,0.0
85a2674e53a2d7b75c6944b5a87b04ee9ea182b1,macOS-26.5.1-arm64-arm-64bit,a98-gamut,Adobe RGB gamut ramps,broad-gamut,images/measurements/palette-pipeline/a98-gamut-600x450.png,600,450,64,cielab,CIELAB,5,270000,278,4.34375,5,0.006377999999999995,0.011538200000000009,0.013658999999999977,0.1600729999999997,0.18749840000000004,0.20190799999999998,0.28082300000000027,0.28682980000000013,0.29021700000000017,0.9696441032798325,0.9795284124943654,0.980814521224654,0,0.0,0,0.0,1,0.2
85a2674e53a2d7b75c6944b5a87b04ee9ea182b1,macOS-26.5.1-arm64-arm-64bit,a98-gamut,Adobe RGB gamut ramps,broad-gamut,images/measurements/palette-pipeline/a98-gamut-600x450.png,600,450,64,cielab,CIELAB,6,270000,883,13.796875,5,0.007993000000000028,0.012049400000000033,0.013527000000000067,0.1466829999999999,0.20949339999999994,0.21270899999999981,0.14979200000000015,0.20427860000000006,0.22749700000000006,0.9545166676262307,0.9679216102987827,0.9709920156241024,0,0.0,0,0.0,1,0.2
85a2674e53a2d7b75c6944b5a87b04ee9ea182b1,macOS-26.5.1-arm64-arm-64bit,a98-gamut,Adobe RGB gamut ramps,broad-gamut,images/measurements/palette-pipeline/a98-gamut-600x450.png,600,450,64,cielab,CIELAB,7,270000,2999,46.859375,5,0.003774999999999973,0.004949800000000027,0.00548700000000002,0.10274599999999978,0.12949840000000012,0.13427200000000017,0.09942699999999993,0.20465960000000002,0.27276999999999996,0.9401232080142783,0.9625099862930165,0.9688031431419691,0,0.0,1,0.2,4,0.8
85a2674e53a2d7b75c6944b5a87b04ee9ea182b1,macOS-26.5.1-arm64-arm-64bit,a98-gamut,Adobe RGB gamut ramps,broad-gamut,images/measurements/palette-pipeline/a98-gamut-600x450.png,600,450,64,cielab,CIELAB,8,270000,10306,161.03125,5,0.0027850000000000374,0.004809000000000019,0.004947000000000035,0.06410600000000022,0.09521839999999981,0.11468799999999968,0.09735499999999986,0.1735103999999999,0.18527799999999983,0.9610625696358412,0.9679306702659076,0.9690044196324726,1,0.2,2,0.4,5,1.0
85a2674e53a2d7b75c6944b5a87b04ee9ea182b1,macOS-26.5.1-arm64-arm-64bit,a98-gamut,Adobe RGB gamut ramps,broad-gamut,images/measurements/palette-pipeline/a98-gamut-600x450.png,600,450,64,din99d,DIN99d,4,270000,82,1.28125,5,0.009983999999999993,0.016789799999999987,0.019032999999999967,0.473684,0.511463,0.5205190000000002,0.6875909999999998,0.8577729999999999,0.9424049999999999,0.9281350852927617,0.9405465875106198,0.9435398230088495,0,0.0,0,0.0,0,0.0
85a2674e53a2d7b75c6944b5a87b04ee9ea182b1,macOS-26.5.1-arm64-arm-64bit,a98-gamut,Adobe RGB gamut ramps,broad-gamut,images/measurements/palette-pipeline/a98-gamut-600x450.png,600,450,64,din99d,DIN99d,5,270000,227,3.546875,5,0.0029130000000000544,0.008389800000000003,0.009417000000000009,0.15886400000000034,0.2298739999999997,0.24856199999999973,0.15763099999999985,0.2760413999999998,0.29034499999999985,0.9840009480919649,1.0068445309408112,1.020589970501475,0,0.0,1,0.2,3,0.6
85a2674e53a2d7b75c6944b5a87b04ee9ea182b1,macOS-26.5.1-arm64-arm-64bit,a98-gamut,Adobe RGB gamut ramps,broad-gamut,images/measurements/palette-pipeline/a98-gamut-600x450.png,600,450,64,din99d,DIN99d,6,270000,701,10.953125,5,0.004705999999999988,0.010354200000000025,0.010411000000000059,0.11576399999999998,0.12920779999999982,0.13733099999999965,0.12143899999999963,0.293144,0.30934799999999996,0.9670613058258117,0.987175906717819,0.9962076321403176,0,0.0,1,0.2,3,0.6
85a2674e53a2d7b75c6944b5a87b04ee9ea182b1,macOS-26.5.1-arm64-arm-64bit,a98-gamut,Adobe RGB gamut ramps,broad-gamut,images/measurements/palette-pipeline/a98-gamut-600x450.png,600,450,64,din99d,DIN99d,7,270000,2395,37.421875,5,0.0024800000000000377,0.006558199999999982,0.00906499999999999,0.08891800000000005,0.18540139999999994,0.19663699999999995,0.196863,0.34822839999999977,0.41420599999999963,0.960655927685711,1.0053279632163048,1.0078810144584025,0,0.0,1,0.2,4,0.8
85a2674e53a2d7b75c6944b5a87b04ee9ea182b1,macOS-26.5.1-arm64-arm-64bit,a98-gamut,Adobe RGB gamut ramps,broad-gamut,images/measurements/palette-pipeline/a98-gamut-600x450.png,600,450,64,din99d,DIN99d,8,270000,8258,129.03125,5,0.0007550000000000612,0.003818599999999983,0.005010999999999988,0.05861699999999992,0.0931872000000002,0.10796600000000023,0.1380079999999997,0.1726399999999999,0.1844459999999999,0.9911924904392166,1.0163853448474767,1.028849557522124,2,0.4,3,0.6,4,0.8
85a2674e53a2d7b75c6944b5a87b04ee9ea182b1,macOS-26.5.1-arm64-arm-64bit,a98-gamut,Adobe RGB gamut ramps,broad-gamut,images/measurements/palette-pipeline/a98-gamut-600x450.png,600,450,64,gamma,gamma sRGB,4,270000,209,3.265625,5,0.005643000000000065,0.008363400000000043,0.00836900000000007,0.16512599999999988,0.24859900000000001,0.2999170000000002,0.07235099999999983,0.15219619999999995,0.1577329999999999,0.9342486831982009,0.9664547544809354,0.9868013384558185,0,0.0,0,0.0,2,0.4
85a2674e53a2d7b75c6944b5a87b04ee9ea182b1,macOS-26.5.1-arm64-arm-64bit,a98-gamut,Adobe RGB gamut ramps,broad-gamut,images/measurements/palette-pipeline/a98-gamut-600x450.png,600,450,64,gamma,gamma sRGB,5,270000,731,11.421875,5,0.0037080000000000446,0.006805999999999979,0.006935999999999942,0.09289099999999983,0.11062860000000008,0.11194900000000008,0.08484200000000008,0.08888139999999992,0.08931699999999987,0.9960852544584602,0.9989293335263928,0.9990830735375023,0,0.0,1,0.2,3,0.6
85a2674e53a2d7b75c6944b5a87b04ee9ea182b1,macOS-26.5.1-arm64-arm-64bit,a98-gamut,Adobe RGB gamut ramps,broad-gamut,images/measurements/palette-pipeline/a98-gamut-600x450.png,600,450,64,gamma,gamma sRGB,6,270000,2534,39.59375,5,0.003587000000000007,0.00534899999999996,0.006440999999999919,0.02941299999999991,0.08843560000000023,0.12465200000000021,0.0023260000000000502,0.09577540000000005,0.14682899999999988,1.0000619655471559,1.016871750026144,1.0218228498074455,1,0.2,1,0.2,4,0.8
85a2674e53a2d7b75c6944b5a87b04ee9ea182b1,macOS-26.5.1-arm64-arm-64bit,a98-gamut,Adobe RGB gamut ramps,broad-gamut,images/measurements/palette-pipeline/a98-gamut-600x450.png,600,450,64,gamma,gamma sRGB,7,270000,9733,152.078125,5,0.0004690000000000527,0.0025912000000000157,0.003269999999999995,0.03570999999999991,0.05544900000000022,0.058941000000000354,-0.003263000000000016,0.039583000000000014,0.05261300000000002,0.9780640456948411,0.9950966950935523,1.0026098303610265,2,0.4,4,0.8,5,1.0
85a2674e53a2d7b75c6944b5a87b04ee9ea182b1,macOS-26.5.1-arm64-arm-64bit,a98-gamut,Adobe RGB gamut ramps,broad-gamut,images/measurements/palette-pipeline/a98-gamut-600x450.png,600,450,64,gamma,gamma sRGB,8,270000,38459,600.921875,5,0.001442999999999972,0.0027434000000000182,0.0035450000000000204,0.011340000000000128,0.07671859999999998,0.11721300000000001,0.053001000000000076,0.07349320000000006,0.07454800000000006,0.9839581940815458,0.9937363855709275,0.9969551979121357,2,0.4,4,0.8,5,1.0
85a2674e53a2d7b75c6944b5a87b04ee9ea182b1,macOS-26.5.1-arm64-arm-64bit,a98-gamut,Adobe RGB gamut ramps,broad-gamut,images/measurements/palette-pipeline/a98-gamut-600x450.png,600,450,64,linear,linear RGB,4,270000,263,4.109375,5,0.0015260000000000273,0.008983200000000035,0.010270000000000001,0.13149999999999995,0.40602459999999985,0.470399,0.11130300000000037,0.5755958000000001,0.7648670000000002,0.9139889646218761,0.9492425411174983,0.9694069389847889,0,0.0,3,0.6,3,0.6
85a2674e53a2d7b75c6944b5a87b04ee9ea182b1,macOS-26.5.1-arm64-arm-64bit,a98-gamut,Adobe RGB gamut ramps,broad-gamut,images/measurements/palette-pipeline/a98-gamut-600x450.png,600,450,64,linear,linear RGB,5,270000,968,15.125,5,0.00012999999999996348,0.009856999999999939,0.01309299999999991,0.0867,0.31361319999999987,0.4646699999999999,0.296122,0.3780176,0.41079,0.9684590128639862,0.9811369814307673,0.9819686506631591,2,0.4,3,0.6,3,0.6
85a2674e53a2d7b75c6944b5a87b04ee9ea182b1,macOS-26.5.1-arm64-arm-64bit,a98-gamut,Adobe RGB gamut ramps,broad-gamut,images/measurements/palette-pipeline/a98-gamut-600x450.png,600,450,64,linear,linear RGB,6,270000,3629,56.703125,5,0.002413999999999916,0.00986959999999999,0.01377600000000001,0.21843499999999993,0.2812196000000003,0.28933200000000037,0.26490400000000003,0.4063121999999999,0.40995099999999995,0.9825101122315274,1.0005940345090107,1.0054258467609338,1,0.2,1,0.2,2,0.4
85a2674e53a2d7b75c6944b5a87b04ee9ea182b1,macOS-26.5.1-arm64-arm-64bit,a98-gamut,Adobe RGB gamut ramps,broad-gamut,images/measurements/palette-pipeline/a98-gamut-600x450.png,600,450,64,linear,linear RGB,7,270000,14043,219.421875,5,0.00241900000000006,0.005779999999999963,0.006233999999999962,0.10897300000000021,0.18191560000000015,0.2147540000000001,0.021342000000000194,0.2923679999999999,0.30308199999999985,0.9827762527584908,1.0055201492394275,1.0182305019085056,0,0.0,1,0.2,3,0.6
85a2674e53a2d7b75c6944b5a87b04ee9ea182b1,macOS-26.5.1-arm64-arm-64bit,a98-gamut,Adobe RGB gamut ramps,broad-gamut,images/measurements/palette-pipeline/a98-gamut-600x450.png,600,450,64,linear,linear RGB,8,270000,25173,393.328125,5,-0.003477999999999981,0.0027927999999999733,0.005195999999999978,0.0010660000000002334,0.1717256000000001,0.18692200000000003,0.19291300000000033,0.25387060000000006,0.2694550000000002,0.9752125034274747,1.0012734880089658,1.0130987613723557,3,0.6,4,0.8,4,0.8
85a2674e53a2d7b75c6944b5a87b04ee9ea182b1,macOS-26.5.1-arm64-arm-64bit,a98-gamut,Adobe RGB gamut ramps,broad-gamut,images/measurements/palette-pipeline/a98-gamut-600x450.png,600,450,64,oklab,OKLab,4,270000,87,1.359375,5,0.01706200000000002,0.02016119999999997,0.020843999999999974,0.46755099999999983,0.5938219999999998,0.5939999999999999,0.7522440000000001,0.9455800000000002,0.9559160000000002,0.9342764843488917,0.9479903095789071,0.9530450430186133,0,0.0,0,0.0,0,0.0
85a2674e53a2d7b75c6944b5a87b04ee9ea182b1,macOS-26.5.1-arm64-arm-64bit,a98-gamut,Adobe RGB gamut ramps,broad-gamut,images/measurements/palette-pipeline/a98-gamut-600x450.png,600,450,64,oklab,OKLab,5,270000,248,3.875,5,0.0067069999999999075,0.010188999999999983,0.011742999999999948,0.19963299999999995,0.22423239999999983,0.23114599999999985,0.08741500000000002,0.31194999999999995,0.4603099999999998,0.9431786057556397,0.9496911800364118,0.9517614873541399,0,0.0,0,0.0,0,0.0
85a2674e53a2d7b75c6944b5a87b04ee9ea182b1,macOS-26.5.1-arm64-arm-64bit,a98-gamut,Adobe RGB gamut ramps,broad-gamut,images/measurements/palette-pipeline/a98-gamut-600x450.png,600,450,64,oklab,OKLab,6,270000,780,12.1875,5,0.0025760000000000227,0.005050999999999939,0.006136999999999948,0.1377980000000001,0.16594079999999983,0.18021999999999982,0.12813600000000003,0.34439520000000007,0.4302259999999998,0.9640832818901173,0.9838531875926819,0.9886933273922246,1,0.2,2,0.4,4,0.8
85a2674e53a2d7b75c6944b5a87b04ee9ea182b1,macOS-26.5.1-arm64-arm-64bit,a98-gamut,Adobe RGB gamut ramps,broad-gamut,images/measurements/palette-pipeline/a98-gamut-600x450.png,600,450,64,oklab,OKLab,7,270000,2622,40.96875,5,0.004176999999999986,0.0069017999999999805,0.008682999999999996,0.0920700000000001,0.11646359999999997,0.12563000000000013,0.17737399999999992,0.2349766000000001,0.260599,0.9852965935237668,0.9922925682705657,0.9955893026631679,1,0.2,2,0.4,4,0.8
85a2674e53a2d7b75c6944b5a87b04ee9ea182b1,macOS-26.5.1-arm64-arm-64bit,a98-gamut,Adobe RGB gamut ramps,broad-gamut,images/measurements/palette-pipeline/a98-gamut-600x450.png,600,450,64,oklab,OKLab,8,270000,9062,141.59375,5,0.00309399999999993,0.0036385999999999806,0.003940999999999972,0.11364200000000002,0.18023299999999978,0.20678299999999972,0.23664400000000008,0.2602323999999999,0.26433399999999985,0.9833210832815061,1.0034770176480696,1.0165261571101558,0,0.0,0,0.0,5,1.0
85a2674e53a2d7b75c6944b5a87b04ee9ea182b1,macOS-26.5.1-arm64-arm-64bit,a98-gamut,Adobe RGB gamut ramps,broad-gamut,images/measurements/palette-pipeline/a98-gamut-600x450.png,600,450,128,cielab,CIELAB,4,270000,99,0.7734375,5,0.02341699999999991,0.02419440000000006,0.024388000000000076,0.6917289999999998,0.7469478,0.760769,1.0216090000000002,1.0344824,1.0410419999999998,0.8051531116233125,0.8136236619432199,0.8158905920753625,0,0.0,0,0.0,0,0.0
85a2674e53a2d7b75c6944b5a87b04ee9ea182b1,macOS-26.5.1-arm64-arm-64bit,a98-gamut,Adobe RGB gamut ramps,broad-gamut,images/measurements/palette-pipeline/a98-gamut-600x450.png,600,450,128,cielab,CIELAB,5,270000,278,2.171875,5,0.006512000000000073,0.009552000000000005,0.01074200000000003,0.20167999999999986,0.2414624,0.26593599999999995,0.3583560000000001,0.37506780000000006,0.382671,1.038548940214023,1.0534571017781198,1.0608051904841125,0,0.0,1,0.2,1,0.2
85a2674e53a2d7b75c6944b5a87b04ee9ea182b1,macOS-26.5.1-arm64-arm-64bit,a98-gamut,Adobe RGB gamut ramps,broad-gamut,images/measurements/palette-pipeline/a98-gamut-600x450.png,600,450,128,cielab,CIELAB,6,270000,883,6.8984375,5,0.0023450000000000415,0.004206600000000016,0.004388999999999976,0.11886899999999989,0.20325619999999994,0.20743299999999998,0.15120200000000028,0.28100780000000003,0.36605900000000013,1.0251208527868445,1.0407126705510827,1.04088338046914,0,0.0,2,0.4,5,1.0
85a2674e53a2d7b75c6944b5a87b04ee9ea182b1,macOS-26.5.1-arm64-arm-64bit,a98-gamut,Adobe RGB gamut ramps,broad-gamut,images/measurements/palette-pipeline/a98-gamut-600x450.png,600,450,128,cielab,CIELAB,7,270000,2999,23.4296875,5,0.0017380000000000173,0.004630200000000007,0.005413000000000001,0.10827399999999998,0.12217199999999995,0.12280999999999986,0.10980200000000018,0.2662728,0.28034400000000015,1.0195059058392946,1.035532386377323,1.0444015444015444,0,0.0,3,0.6,4,0.8
85a2674e53a2d7b75c6944b5a87b04ee9ea182b1,macOS-26.5.1-arm64-arm-64bit,a98-gamut,Adobe RGB gamut ramps,broad-gamut,images/measurements/palette-pipeline/a98-gamut-600x450.png,600,450,128,cielab,CIELAB,8,270000,10306,80.515625,5,0.003286000000000011,0.004215400000000047,0.004375000000000018,0.09814499999999993,0.1256310000000001,0.12885500000000016,0.14416199999999968,0.2143196000000001,0.2201700000000002,0.9970622796709753,0.9998518712333591,1.0016940048754286,1,0.2,2,0.4,5,1.0
85a2674e53a2d7b75c6944b5a87b04ee9ea182b1,macOS-26.5.1-arm64-arm-64bit,a98-gamut,Adobe RGB gamut ramps,broad-gamut,images/measurements/palette-pipeline/a98-gamut-600x450.png,600,450,128,din99d,DIN99d,4,270000,82,0.640625,5,0.025505,0.02587139999999999,0.026110999999999995,0.9013730000000002,0.9896702,1.012561,1.232498,1.5351682,1.547329,0.7211801809278778,0.7270758953298349,0.7290441794053418,0,0.0,0,0.0,0,0.0
85a2674e53a2d7b75c6944b5a87b04ee9ea182b1,macOS-26.5.1-arm64-arm-64bit,a98-gamut,Adobe RGB gamut ramps,broad-gamut,images/measurements/palette-pipeline/a98-gamut-600x450.png,600,450,128,din99d,DIN99d,5,270000,227,1.7734375,5,0.010050000000000003,0.011387600000000008,0.011942000000000008,0.29438699999999995,0.3380351999999999,0.3554219999999999,0.5059969999999998,0.5716952,0.595488,0.9900470351083487,1.019660854313098,1.0314125146787452,0,0.0,0,0.0,0,0.0
85a2674e53a2d7b75c6944b5a87b04ee9ea182b1,macOS-26.5.1-arm64-arm-64bit,a98-gamut,Adobe RGB gamut ramps,broad-gamut,images/measurements/palette-pipeline/a98-gamut-600x450.png,600,450,128,din99d,DIN99d,6,270000,701,5.4765625,5,0.003157999999999994,0.0070626000000000525,0.0074390000000000844,0.129162,0.15067320000000003,0.1547860000000001,0.1901320000000002,0.2579527999999998,0.2617079999999996,1.002821810938667,1.039059755198645,1.047349438013756,1,0.2,2,0.4,3,0.6
85a2674e53a2d7b75c6944b5a87b04ee9ea182b1,macOS-26.5.1-arm64-arm-64bit,a98-gamut,Adobe RGB gamut ramps,broad-gamut,images/measurements/palette-pipeline/a98-gamut-600x450.png,600,450,128,din99d,DIN99d,7,270000,2395,18.7109375,5,0.0036519999999999886,0.006180000000000008,0.006460000000000021,0.08238500000000015,0.15930019999999995,0.196793,0.21657799999999972,0.3213656,0.37760799999999994,0.9964300040112315,1.035582963488556,1.043759449017302,1,0.2,1,0.2,3,0.6
85a2674e53a2d7b75c6944b5a87b04ee9ea182b1,macOS-26.5.1-arm64-arm-64bit,a98-gamut,Adobe RGB gamut ramps,broad-gamut,images/measurements/palette-pipeline/a98-gamut-600x450.png,600,450,128,din99d,DIN99d,8,270000,8258,64.515625,5,0.0006770000000000387,0.0035244000000000052,0.0035760000000000236,0.08048699999999998,0.08585800000000003,0.08849400000000007,0.17379800000000012,0.2357163999999999,0.256386,1.008714416134119,1.025893775693528,1.0318326894003023,0,0.0,3,0.6,5,1.0
85a2674e53a2d7b75c6944b5a87b04ee9ea182b1,macOS-26.5.1-arm64-arm-64bit,a98-gamut,Adobe RGB gamut ramps,broad-gamut,images/measurements/palette-pipeline/a98-gamut-600x450.png,600,450,128,gamma,gamma sRGB,4,270000,209,1.6328125,5,0.0022410000000000485,0.0034935999999999635,0.0035039999999999516,0.0831630000000001,0.13047299999999998,0.144509,0.14743899999999988,0.20637160000000002,0.20867199999999997,1.0017755231452123,1.0188265691563565,1.023901343391109,0,0.0,1,0.2,5,1.0
85a2674e53a2d7b75c6944b5a87b04ee9ea182b1,macOS-26.5.1-arm64-arm-64bit,a98-gamut,Adobe RGB gamut ramps,broad-gamut,images/measurements/palette-pipeline/a98-gamut-600x450.png,600,450,128,gamma,gamma sRGB,5,270000,731,5.7109375,5,0.0011879999999999669,0.005427599999999977,0.006151999999999935,0.08426400000000012,0.12137580000000003,0.12925500000000012,0.1176600000000001,0.2177690000000001,0.23727700000000018,1.031058490015425,1.0480804839904603,1.0530120481927712,1,0.2,3,0.6,4,0.8
85a2674e53a2d7b75c6944b5a87b04ee9ea182b1,macOS-26.5.1-arm64-arm-64bit,a98-gamut,Adobe RGB gamut ramps,broad-gamut,images/measurements/palette-pipeline/a98-gamut-600x450.png,600,450,128,gamma,gamma sRGB,6,270000,2534,19.796875,5,0.0007779999999999454,0.002221999999999969,0.0031759999999999566,0.039654999999999996,0.062899,0.07392500000000002,0.05980500000000011,0.12767099999999992,0.14224899999999985,1.0011672989535998,1.023686259570683,1.025153244557176,4,0.8,4,0.8,5,1.0
85a2674e53a2d7b75c6944b5a87b04ee9ea182b1,macOS-26.5.1-arm64-arm-64bit,a98-gamut,Adobe RGB gamut ramps,broad-gamut,images/measurements/palette-pipeline/a98-gamut-600x450.png,600,450,128,gamma,gamma sRGB,7,270000,9733,76.0390625,5,-0.0006450000000000067,0.0014174000000000133,0.0027770000000000294,0.03581400000000001,0.057523599999999946,0.07046399999999986,0.09599199999999986,0.1101135999999999,0.11154199999999981,0.9963730353941719,1.0164337840630784,1.0175861340097232,3,0.6,4,0.8,5,1.0
85a2674e53a2d7b75c6944b5a87b04ee9ea182b1,macOS-26.5.1-arm64-arm-64bit,a98-gamut,Adobe RGB gamut ramps,broad-gamut,images/measurements/palette-pipeline/a98-gamut-600x450.png,600,450,128,gamma,gamma sRGB,8,270000,38459,300.4609375,5,-0.00020500000000001073,0.0009249999999999315,0.001474999999999893,0.021339999999999915,0.06522499999999995,0.07761299999999993,0.07821099999999981,0.09343459999999996,0.09874099999999997,0.9790646978982437,1.046105094146445,1.0579310929355425,3,0.6,5,1.0,5,1.0
85a2674e53a2d7b75c6944b5a87b04ee9ea182b1,macOS-26.5.1-arm64-arm-64bit,a98-gamut,Adobe RGB gamut ramps,broad-gamut,images/measurements/palette-pipeline/a98-gamut-600x450.png,600,450,128,linear,linear RGB,4,270000,263,2.0546875,5,0.011492000000000058,0.015690800000000026,0.018476000000000048,0.30821200000000015,0.3221051999999999,0.3282639999999999,0.28390499999999985,0.32566780000000006,0.343197,0.9464785401805068,0.9499250817285055,0.951441695294708,0,0.0,0,0.0,1,0.2
85a2674e53a2d7b75c6944b5a87b04ee9ea182b1,macOS-26.5.1-arm64-arm-64bit,a98-gamut,Adobe RGB gamut ramps,broad-gamut,images/measurements/palette-pipeline/a98-gamut-600x450.png,600,450,128,linear,linear RGB,5,270000,968,7.5625,5,0.0008759999999999879,0.004411999999999994,0.006062000000000012,0.08645199999999997,0.12227479999999998,0.136544,0.14648299999999992,0.24956180000000006,0.30391100000000026,0.9743382267945903,1.0018942204787449,1.0069668582224671,2,0.4,4,0.8,4,0.8
85a2674e53a2d7b75c6944b5a87b04ee9ea182b1,macOS-26.5.1-arm64-arm-64bit,a98-gamut,Adobe RGB gamut ramps,broad-gamut,images/measurements/palette-pipeline/a98-gamut-600x450.png,600,450,128,linear,linear RGB,6,270000,3629,28.3515625,5,0.0020540000000000003,0.009538199999999964,0.01253699999999991,0.0748089999999999,0.20028459999999998,0.22968900000000003,0.061806999999999945,0.24945379999999978,0.2576189999999996,0.9880553307902747,0.9943670493962358,0.9957435068773893,1,0.2,1,0.2,3,0.6
85a2674e53a2d7b75c6944b5a87b04ee9ea182b1,macOS-26.5.1-arm64-arm-64bit,a98-gamut,Adobe RGB gamut ramps,broad-gamut,images/measurements/palette-pipeline/a98-gamut-600x450.png,600,450,128,linear,linear RGB,7,270000,14043,109.7109375,5,0.007403999999999966,0.013626600000000022,0.01708900000000002,0.1443700000000001,0.2179744,0.241614,0.130614,0.26501220000000014,0.3120750000000001,0.9924478865641737,1.0160316850051379,1.025302486895519,1,0.2,1,0.2,2,0.4
85a2674e53a2d7b75c6944b5a87b04ee9ea182b1,macOS-26.5.1-arm64-arm-64bit,a98-gamut,Adobe RGB gamut ramps,broad-gamut,images/measurements/palette-pipeline/a98-gamut-600x450.png,600,450,128,linear,linear RGB,8,270000,25173,196.6640625,5,0.003295000000000048,0.006663799999999998,0.008703000000000016,0.019650000000000167,0.11442959999999999,0.16533599999999993,0.0756439999999996,0.20545020000000003,0.2776830000000001,1.0106534913343883,1.032330694447875,1.0400819769045837,2,0.4,2,0.4,4,0.8
85a2674e53a2d7b75c6944b5a87b04ee9ea182b1,macOS-26.5.1-arm64-arm-64bit,a98-gamut,Adobe RGB gamut ramps,broad-gamut,images/measurements/palette-pipeline/a98-gamut-600x450.png,600,450,128,oklab,OKLab,4,270000,87,0.6796875,5,0.028845999999999927,0.03198179999999995,0.032876999999999934,0.8433070000000003,0.868606,0.878716,1.1285119999999997,1.2835028,1.3395359999999998,0.7407527316875758,0.7547417863088369,0.7560008178286649,0,0.0,0,0.0,0,0.0
85a2674e53a2d7b75c6944b5a87b04ee9ea182b1,macOS-26.5.1-arm64-arm-64bit,a98-gamut,Adobe RGB gamut ramps,broad-gamut,images/measurements/palette-pipeline/a98-gamut-600x450.png,600,450,128,oklab,OKLab,5,270000,248,1.9375,5,0.009629999999999916,0.01379619999999997,0.014176999999999995,0.18719099999999989,0.2168682,0.2256609999999999,0.27603100000000014,0.4464612000000001,0.47269000000000005,0.991057884231537,1.0187043671008147,1.0234307912492333,0,0.0,0,0.0,1,0.2
85a2674e53a2d7b75c6944b5a87b04ee9ea182b1,macOS-26.5.1-arm64-arm-64bit,a98-gamut,Adobe RGB gamut ramps,broad-gamut,images/measurements/palette-pipeline/a98-gamut-600x450.png,600,450,128,oklab,OKLab,6,270000,780,6.09375,5,0.0007800000000000029,0.009900399999999965,0.01034999999999997,0.07470599999999994,0.14096539999999994,0.1766669999999999,0.09257300000000024,0.21329519999999988,0.2876639999999999,1.0167543504653986,1.0340860213737317,1.035928143712575,2,0.4,3,0.6,3,0.6
85a2674e53a2d7b75c6944b5a87b04ee9ea182b1,macOS-26.5.1-arm64-arm-64bit,a98-gamut,Adobe RGB gamut ramps,broad-gamut,images/measurements/palette-pipeline/a98-gamut-600x450.png,600,450,128,oklab,OKLab,7,270000,2622,20.484375,5,0.0006699999999999484,0.003937799999999969,0.00436700000000001,0.013588000000000156,0.0536169999999999,0.05809099999999989,0.026122999999999674,0.1480436,0.1523699999999999,0.9916632942128693,1.0177836317517794,1.0193620060307889,3,0.6,3,0.6,5,1.0
85a2674e53a2d7b75c6944b5a87b04ee9ea182b1,macOS-26.5.1-arm64-arm-64bit,a98-gamut,Adobe RGB gamut ramps,broad-gamut,images/measurements/palette-pipeline/a98-gamut-600x450.png,600,450,128,oklab,OKLab,8,270000,9062,70.796875,5,0.0026249999999999885,0.005871599999999955,0.007929999999999993,0.01186200000000004,0.09766899999999992,0.10911899999999997,0.0977079999999999,0.13016320000000015,0.13385200000000008,0.9879779186260479,1.0086400214544606,1.017806556050182,2,0.4,2,0.4,4,0.8
85a2674e53a2d7b75c6944b5a87b04ee9ea182b1,macOS-26.5.1-arm64-arm-64bit,a98-gamut,Adobe RGB gamut ramps,broad-gamut,images/measurements/palette-pipeline/a98-gamut-600x450.png,600,450,256,cielab,CIELAB,4,270000,99,0.38671875,5,0.03767600000000004,0.037795800000000046,0.03781900000000005,1.086149,1.1318628,1.133796,1.446757,1.4578492,1.4602620000000002,0.5386869053265995,0.5516768027936145,0.5596904937361827,0,0.0,0,0.0,0,0.0
85a2674e53a2d7b75c6944b5a87b04ee9ea182b1,macOS-26.5.1-arm64-arm-64bit,a98-gamut,Adobe RGB gamut ramps,broad-gamut,images/measurements/palette-pipeline/a98-gamut-600x450.png,600,450,256,cielab,CIELAB,5,270000,278,1.0859375,5,0.011592999999999964,0.013186400000000063,0.013808000000000042,0.30385299999999993,0.33228280000000004,0.3493740000000001,0.45675,0.5029515999999998,0.5206479999999998,0.9354602126879354,0.9486309354494797,0.9514766736579559,0,0.0,0,0.0,0,0.0
85a2674e53a2d7b75c6944b5a87b04ee9ea182b1,macOS-26.5.1-arm64-arm-64bit,a98-gamut,Adobe RGB gamut ramps,broad-gamut,images/measurements/palette-pipeline/a98-gamut-600x450.png,600,450,256,cielab,CIELAB,6,270000,883,3.44921875,5,0.0029170000000000584,0.003489999999999993,0.003854000000000024,0.07088499999999986,0.07295979999999988,0.07374099999999983,0.04503199999999996,0.067908,0.07308599999999998,1.001984014511649,1.0104630989935295,1.0122140419170123,0,0.0,1,0.2,5,1.0
85a2674e53a2d7b75c6944b5a87b04ee9ea182b1,macOS-26.5.1-arm64-arm-64bit,a98-gamut,Adobe RGB gamut ramps,broad-gamut,images/measurements/palette-pipeline/a98-gamut-600x450.png,600,450,256,cielab,CIELAB,7,270000,2999,11.71484375,5,0.0011270000000001001,0.0023432000000000123,0.0025720000000000187,0.04334300000000013,0.06737180000000001,0.06809500000000002,0.020862999999999854,0.09490839999999996,0.10063599999999995,1.0001115542292998,1.0104464303921463,1.0131795249702398,1,0.2,3,0.6,5,1.0
85a2674e53a2d7b75c6944b5a87b04ee9ea182b1,macOS-26.5.1-arm64-arm-64bit,a98-gamut,Adobe RGB gamut ramps,broad-gamut,images/measurements/palette-pipeline/a98-gamut-600x450.png,600,450,256,cielab,CIELAB,8,270000,10306,40.2578125,5,0.00011899999999998023,0.0014959999999999642,0.0019879999999999898,0.02624800000000005,0.03589020000000005,0.03991100000000003,0.035107,0.08671899999999994,0.09213099999999996,0.9920756717542342,0.9995588917429108,1.0034295107987075,4,0.8,5,1.0,5,1.0
85a2674e53a2d7b75c6944b5a87b04ee9ea182b1,macOS-26.5.1-arm64-arm-64bit,a98-gamut,Adobe RGB gamut ramps,broad-gamut,images/measurements/palette-pipeline/a98-gamut-600x450.png,600,450,256,din99d,DIN99d,4,270000,82,0.3203125,5,0.03975700000000004,0.04303840000000001,0.04447800000000002,1.1969760000000003,1.3708072000000002,1.38802,1.673061,2.1105304,2.135686,0.5029566838533018,0.507004769524988,0.5079290771841536,0,0.0,0,0.0,0,0.0
85a2674e53a2d7b75c6944b5a87b04ee9ea182b1,macOS-26.5.1-arm64-arm-64bit,a98-gamut,Adobe RGB gamut ramps,broad-gamut,images/measurements/palette-pipeline/a98-gamut-600x450.png,600,450,256,din99d,DIN99d,5,270000,227,0.88671875,5,0.021905000000000063,0.023814200000000008,0.02381500000000003,0.4069910000000001,0.47707620000000006,0.5035430000000001,0.6844799999999998,0.770386,0.8243399999999999,0.8865390777476769,0.8900036228585009,0.8908775131730005,0,0.0,0,0.0,0,0.0
85a2674e53a2d7b75c6944b5a87b04ee9ea182b1,macOS-26.5.1-arm64-arm-64bit,a98-gamut,Adobe RGB gamut ramps,broad-gamut,images/measurements/palette-pipeline/a98-gamut-600x450.png,600,450,256,din99d,DIN99d,6,270000,701,2.73828125,5,0.004014000000000073,0.0058497999999999935,0.005874999999999964,0.08094100000000015,0.10720439999999995,0.11186999999999991,0.20207299999999995,0.22228319999999996,0.23150199999999987,0.9986248463924162,1.0191368579019815,1.020120014119308,0,0.0,1,0.2,3,0.6
85a2674e53a2d7b75c6944b5a87b04ee9ea182b1,macOS-26.5.1-arm64-arm-64bit,a98-gamut,Adobe RGB gamut ramps,broad-gamut,images/measurements/palette-pipeline/a98-gamut-600x450.png,600,450,256,din99d,DIN99d,7,270000,2395,9.35546875,5,6.4000000000064e-05,0.0019128000000000257,0.002798000000000078,0.015276999999999985,0.0489916,0.05732399999999993,0.06477899999999992,0.1334168,0.14267200000000013,1.0125871697676438,1.0255600563111922,1.0297852419685178,3,0.6,4,0.8,5,1.0
85a2674e53a2d7b75c6944b5a87b04ee9ea182b1,macOS-26.5.1-arm64-arm-64bit,a98-gamut,Adobe RGB gamut ramps,broad-gamut,images/measurements/palette-pipeline/a98-gamut-600x450.png,600,450,256,din99d,DIN99d,8,270000,8258,32.2578125,5,0.002134999999999998,0.003844599999999976,0.004292999999999991,0.0239879999999999,0.05589440000000003,0.057468000000000075,0.12522600000000006,0.13264520000000002,0.13278600000000007,1.0090371198963821,1.0317944469536062,1.0364593882924853,1,0.2,2,0.4,5,1.0
85a2674e53a2d7b75c6944b5a87b04ee9ea182b1,macOS-26.5.1-arm64-arm-64bit,a98-gamut,Adobe RGB gamut ramps,broad-gamut,images/measurements/palette-pipeline/a98-gamut-600x450.png,600,450,256,gamma,gamma sRGB,4,270000,209,0.81640625,5,0.006863999999999981,0.007655799999999945,0.00801699999999994,0.16343399999999986,0.1747420000000001,0.17506200000000005,0.11718200000000012,0.12573299999999996,0.12947299999999995,0.765106129198406,0.7701420337033157,0.7722243523032262,0,0.0,0,0.0,0,0.0
85a2674e53a2d7b75c6944b5a87b04ee9ea182b1,macOS-26.5.1-arm64-arm-64bit,a98-gamut,Adobe RGB gamut ramps,broad-gamut,images/measurements/palette-pipeline/a98-gamut-600x450.png,600,450,256,gamma,gamma sRGB,5,270000,731,2.85546875,5,0.0020019999999999483,0.003648799999999985,0.0039919999999999956,0.06738500000000003,0.0855788,0.09212799999999999,0.06646999999999981,0.07468860000000004,0.07801900000000006,0.9854865636275513,0.9992917052042695,1.0081064797064139,0,0.0,2,0.4,5,1.0
85a2674e53a2d7b75c6944b5a87b04ee9ea182b1,macOS-26.5.1-arm64-arm-64bit,a98-gamut,Adobe RGB gamut ramps,broad-gamut,images/measurements/palette-pipeline/a98-gamut-600x450.png,600,450,256,gamma,gamma sRGB,6,270000,2534,9.8984375,5,0.0012039999999999829,0.0014714000000000116,0.0015650000000000386,0.047123000000000026,0.057624600000000074,0.061921000000000115,0.029595999999999956,0.05808880000000012,0.06598800000000016,0.9876203950590412,1.0056014770348705,1.0123240400942104,0,0.0,5,1.0,5,1.0
85a2674e53a2d7b75c6944b5a87b04ee9ea182b1,macOS-26.5.1-arm64-arm-64bit,a98-gamut,Adobe RGB gamut ramps,broad-gamut,images/measurements/palette-pipeline/a98-gamut-600x450.png,600,450,256,gamma,gamma sRGB,7,270000,9733,38.01953125,5,-0.00040600000000001746,0.0011963999999999866,0.0022619999999999862,0.016777000000000042,0.029299599999999915,0.029699999999999838,0.019737000000000116,0.02571699999999999,0.028869000000000034,0.9891755075663741,1.01271619031428,1.025277975571014,4,0.8,4,0.8,5,1.0
85a2674e53a2d7b75c6944b5a87b04ee9ea182b1,macOS-26.5.1-arm64-arm-64bit,a98-gamut,Adobe RGB gamut ramps,broad-gamut,images/measurements/palette-pipeline/a98-gamut-600x450.png,600,450,256,gamma,gamma sRGB,8,270000,38459,150.23046875,5,0.0004049999999999887,0.0008075999999999751,0.0010599999999999499,0.01593599999999995,0.04536680000000004,0.05381999999999998,0.015604000000000173,0.04098199999999999,0.05591400000000002,0.9769004734178592,0.9924349778884298,0.9992409661416682,3,0.6,5,1.0,5,1.0
85a2674e53a2d7b75c6944b5a87b04ee9ea182b1,macOS-26.5.1-arm64-arm-64bit,a98-gamut,Adobe RGB gamut ramps,broad-gamut,images/measurements/palette-pipeline/a98-gamut-600x450.png,600,450,256,linear,linear RGB,4,270000,263,1.02734375,5,0.018259000000000025,0.02009639999999997,0.02085999999999999,0.5467770000000001,0.5652456,0.5718560000000001,0.611413,0.6249852000000001,0.63174,0.8246379788435864,0.833090660356214,0.8358115998442974,0,0.0,0,0.0,0,0.0
85a2674e53a2d7b75c6944b5a87b04ee9ea182b1,macOS-26.5.1-arm64-arm-64bit,a98-gamut,Adobe RGB gamut ramps,broad-gamut,images/measurements/palette-pipeline/a98-gamut-600x450.png,600,450,256,linear,linear RGB,5,270000,968,3.78125,5,-0.00013299999999993872,0.001118000000000019,0.0012699999999999934,0.04376099999999994,0.09706099999999998,0.09879499999999997,0.02590300000000001,0.07036940000000005,0.07133900000000004,0.9849029475197699,0.9934808113711187,0.9936680939405735,3,0.6,5,1.0,5,1.0
85a2674e53a2d7b75c6944b5a87b04ee9ea182b1,macOS-26.5.1-arm64-arm-64bit,a98-gamut,Adobe RGB gamut ramps,broad-gamut,images/measurements/palette-pipeline/a98-gamut-600x450.png,600,450,256,linear,linear RGB,6,270000,3629,14.17578125,5,0.0036840000000000206,0.00773080000000006,0.010252000000000039,0.11882700000000002,0.1746274,0.20965900000000004,0.22090600000000005,0.2459692,0.2518719999999999,0.9703646036071104,0.9759497431160014,0.9785611584677005,0,0.0,1,0.2,4,0.8
85a2674e53a2d7b75c6944b5a87b04ee9ea182b1,macOS-26.5.1-arm64-arm-64bit,a98-gamut,Adobe RGB gamut ramps,broad-gamut,images/measurements/palette-pipeline/a98-gamut-600x450.png,600,450,256,linear,linear RGB,7,270000,14043,54.85546875,5,0.0031330000000000524,0.009560199999999996,0.010907,0.080403,0.17650580000000002,0.19281100000000007,0.14899000000000018,0.2799508000000001,0.3128280000000001,0.9832901255165687,0.9958664429878412,0.9963150382768912,1,0.2,2,0.4,3,0.6
85a2674e53a2d7b75c6944b5a87b04ee9ea182b1,macOS-26.5.1-arm64-arm-64bit,a98-gamut,Adobe RGB gamut ramps,broad-gamut,images/measurements/palette-pipeline/a98-gamut-600x450.png,600,450,256,linear,linear RGB,8,270000,25173,98.33203125,5,-0.002622000000000013,0.000492999999999988,0.001338999999999979,-0.07008400000000004,0.038684200000000016,0.04663499999999998,0.08768300000000018,0.09906740000000007,0.10148900000000016,0.9920663448700832,1.000735327395937,1.0014471032094683,4,0.8,5,1.0,5,1.0
85a2674e53a2d7b75c6944b5a87b04ee9ea182b1,macOS-26.5.1-arm64-arm-64bit,a98-gamut,Adobe RGB gamut ramps,broad-gamut,images/measurements/palette-pipeline/a98-gamut-600x450.png,600,450,256,oklab,OKLab,4,270000,87,0.33984375,5,0.04212399999999994,0.04442159999999999,0.04511799999999999,1.2408320000000002,1.2505812,1.2528380000000001,1.698761,1.7238509999999998,1.7326409999999999,0.5100454203472009,0.5167261993884542,0.5180873527450545,0,0.0,0,0.0,0,0.0
85a2674e53a2d7b75c6944b5a87b04ee9ea182b1,macOS-26.5.1-arm64-arm-64bit,a98-gamut,Adobe RGB gamut ramps,broad-gamut,images/measurements/palette-pipeline/a98-gamut-600x450.png,600,450,256,oklab,OKLab,5,270000,248,0.96875,5,0.013935999999999948,0.014616799999999963,0.014859999999999984,0.3329000000000002,0.34058580000000005,0.34148500000000004,0.5391009999999998,0.567021,0.5749489999999999,0.9113136252500555,0.9228607738513568,0.9245829312008824,0,0.0,0,0.0,0,0.0
85a2674e53a2d7b75c6944b5a87b04ee9ea182b1,macOS-26.5.1-arm64-arm-64bit,a98-gamut,Adobe RGB gamut ramps,broad-gamut,images/measurements/palette-pipeline/a98-gamut-600x450.png,600,450,256,oklab,OKLab,6,270000,780,3.046875,5,0.0018489999999999895,0.003373200000000032,0.00431400000000004,0.034413999999999945,0.09608139999999996,0.10870899999999994,0.09164499999999998,0.14567640000000007,0.17526200000000003,0.9959889007939778,1.018224628399881,1.0186152478328518,1,0.2,4,0.8,5,1.0
85a2674e53a2d7b75c6944b5a87b04ee9ea182b1,macOS-26.5.1-arm64-arm-64bit,a98-gamut,Adobe RGB gamut ramps,broad-gamut,images/measurements/palette-pipeline/a98-gamut-600x450.png,600,450,256,oklab,OKLab,7,270000,2622,10.2421875,5,0.0024329999999999075,0.0037382000000000474,0.003843000000000041,0.03407999999999989,0.05881060000000016,0.0632830000000002,0.048805999999999905,0.11115399999999989,0.13868599999999986,1.0034192747828485,1.0168804806033465,1.0183353303424638,1,0.2,2,0.4,5,1.0
85a2674e53a2d7b75c6944b5a87b04ee9ea182b1,macOS-26.5.1-arm64-arm-64bit,a98-gamut,Adobe RGB gamut ramps,broad-gamut,images/measurements/palette-pipeline/a98-gamut-600x450.png,600,450,256,oklab,OKLab,8,270000,9062,35.3984375,5,-0.0013020000000000254,0.0015043999999999618,0.003149999999999986,-0.02232299999999987,0.041927000000000006,0.05223500000000003,0.010233999999999854,0.06617439999999998,0.08700799999999997,0.9954501585550807,1.0228094053780004,1.036587064953883,3,0.6,4,0.8,5,1.0
85a2674e53a2d7b75c6944b5a87b04ee9ea182b1,macOS-26.5.1-arm64-arm-64bit,flat-artwork,flat artwork,flat-artwork,images/vimperator3.png,582,746,64,cielab,CIELAB,4,434172,138,2.15625,5,0.0013729999999999576,0.001555200000000023,0.0015720000000000178,0.266134,0.3226288,0.33824600000000005,0.490958,0.5503857999999999,0.5663929999999999,1.0490119459640506,1.0581188648504134,1.063205136196472,0,0.0,0,0.0,1,0.2
85a2674e53a2d7b75c6944b5a87b04ee9ea182b1,macOS-26.5.1-arm64-arm-64bit,flat-artwork,flat artwork,flat-artwork,images/vimperator3.png,582,746,64,cielab,CIELAB,5,434172,492,7.6875,5,9.099999999995223e-05,0.0002196000000000309,0.00025200000000003,-0.016490000000000005,0.07379539999999998,0.119151,0.00954300000000008,0.0847228,0.127334,1.098647385152403,1.1209233173486428,1.1354076708153416,4,0.8,5,1.0,5,1.0
85a2674e53a2d7b75c6944b5a87b04ee9ea182b1,macOS-26.5.1-arm64-arm-64bit,flat-artwork,flat artwork,flat-artwork,images/vimperator3.png,582,746,64,cielab,CIELAB,6,434172,1489,23.265625,5,-4.099999999995774e-05,-1.1400000000016952e-05,-9.000000000036756e-06,-0.035387999999999975,0.03646580000000002,0.06125900000000006,-0.02433300000000005,0.045172800000000034,0.07496600000000003,1.0452658480334103,1.067451078125048,1.071812248995984,4,0.8,5,1.0,5,1.0
85a2674e53a2d7b75c6944b5a87b04ee9ea182b1,macOS-26.5.1-arm64-arm-64bit,flat-artwork,flat artwork,flat-artwork,images/vimperator3.png,582,746,64,cielab,CIELAB,7,434172,3547,55.421875,5,4.099999999995774e-05,0.0004902000000000184,0.0007329999999999837,0.0052009999999999,0.05909280000000004,0.08146600000000004,-0.014866000000000046,0.026594399999999963,0.03237399999999996,0.9646489400808724,1.0105757429309707,1.0382846101103285,4,0.8,5,1.0,5,1.0
85a2674e53a2d7b75c6944b5a87b04ee9ea182b1,macOS-26.5.1-arm64-arm-64bit,flat-artwork,flat artwork,flat-artwork,images/vimperator3.png,582,746,64,cielab,CIELAB,8,434172,6615,103.359375,5,1.399999999995849e-05,7.16000000000383e-05,9.80000000000425e-05,-0.0015370000000000106,0.0751796,0.10143000000000002,0.013305999999999929,0.0752718,0.09359299999999998,1.0660948413184659,1.102681268500354,1.105511811023622,4,0.8,5,1.0,5,1.0
85a2674e53a2d7b75c6944b5a87b04ee9ea182b1,macOS-26.5.1-arm64-arm-64bit,flat-artwork,flat artwork,flat-artwork,images/vimperator3.png,582,746,64,din99d,DIN99d,4,434172,196,3.0625,5,0.0005889999999999507,0.0006162000000000001,0.0006329999999999947,0.10588700000000006,0.12569059999999999,0.135861,0.24298699999999995,0.24502020000000002,0.24627300000000008,1.0391123069837345,1.0562691578684005,1.066636474569448,0,0.0,5,1.0,5,1.0
85a2674e53a2d7b75c6944b5a87b04ee9ea182b1,macOS-26.5.1-arm64-arm-64bit,flat-artwork,flat artwork,flat-artwork,images/vimperator3.png,582,746,64,din99d,DIN99d,5,434172,750,11.71875,5,2.9000000000056758e-05,0.00011619999999998854,0.00015900000000002024,0.0044319999999999915,0.01544899999999996,0.02227099999999993,0.018150999999999973,0.04634920000000002,0.04822800000000005,1.0483327980205321,1.0692825234290924,1.0764614862059856,5,1.0,5,1.0,5,1.0
85a2674e53a2d7b75c6944b5a87b04ee9ea182b1,macOS-26.5.1-arm64-arm-64bit,flat-artwork,flat artwork,flat-artwork,images/vimperator3.png,582,746,64,din99d,DIN99d,6,434172,2202,34.40625,5,8.500000000000174e-05,0.0001711999999999936,0.00018399999999996197,0.03254699999999999,0.06233280000000001,0.07266600000000001,0.058958000000000066,0.07474300000000002,0.08008100000000001,1.0585411970038543,1.0827587068205966,1.0899221295492572,4,0.8,5,1.0,5,1.0
85a2674e53a2d7b75c6944b5a87b04ee9ea182b1,macOS-26.5.1-arm64-arm-64bit,flat-artwork,flat artwork,flat-artwork,images/vimperator3.png,582,746,64,din99d,DIN99d,7,434172,4872,76.125,5,0.00012799999999990597,0.0001684000000000463,0.000180000000000069,0.03498000000000001,0.05846860000000001,0.06306100000000003,0.02383200000000002,0.07787419999999999,0.07860499999999998,0.9615645408800543,1.0180851206934625,1.0303452959939843,3,0.6,5,1.0,5,1.0
85a2674e53a2d7b75c6944b5a87b04ee9ea182b1,macOS-26.5.1-arm64-arm-64bit,flat-artwork,flat artwork,flat-artwork,images/vimperator3.png,582,746,64,din99d,DIN99d,8,434172,8245,128.828125,5,0.00015500000000001624,0.0001617999999999675,0.00016499999999997073,0.04385899999999998,0.0935212,0.11970999999999998,0.04804799999999998,0.09814820000000002,0.11993900000000002,1.0120476086587642,1.0237238825158148,1.031223660540187,3,0.6,5,1.0,5,1.0
85a2674e53a2d7b75c6944b5a87b04ee9ea182b1,macOS-26.5.1-arm64-arm-64bit,flat-artwork,flat artwork,flat-artwork,images/vimperator3.png,582,746,64,gamma,gamma sRGB,4,434172,512,8.0,5,0.00018600000000001948,0.0002257999999999871,0.00023499999999998522,0.03023400000000004,0.037238800000000016,0.03854800000000003,0.005950000000000011,0.0155462,0.017448999999999992,0.9629568595138602,0.9866658566308835,0.9926265492735695,5,1.0,5,1.0,5,1.0
85a2674e53a2d7b75c6944b5a87b04ee9ea182b1,macOS-26.5.1-arm64-arm-64bit,flat-artwork,flat artwork,flat-artwork,images/vimperator3.png,582,746,64,gamma,gamma sRGB,5,434172,1614,25.21875,5,-5.099999999991223e-05,7.539999999999214e-05,8.500000000000174e-05,0.014653000000000027,0.025199800000000015,0.02599499999999999,0.020387000000000016,0.027797200000000005,0.032058,1.0287782871279925,1.0409123180127193,1.0412569909342404,5,1.0,5,1.0,5,1.0
85a2674e53a2d7b75c6944b5a87b04ee9ea182b1,macOS-26.5.1-arm64-arm-64bit,flat-artwork,flat artwork,flat-artwork,images/vimperator3.png,582,746,64,gamma,gamma sRGB,6,434172,3652,57.0625,5,0.00014799999999992597,0.00023899999999998922,0.0002710000000000212,0.030857000000000023,0.053883400000000005,0.063913,0.03487699999999999,0.051229800000000006,0.057507,0.941839797539874,0.9968535398461335,1.0074583424288728,4,0.8,5,1.0,5,1.0
85a2674e53a2d7b75c6944b5a87b04ee9ea182b1,macOS-26.5.1-arm64-arm-64bit,flat-artwork,flat artwork,flat-artwork,images/vimperator3.png,582,746,64,gamma,gamma sRGB,7,434172,6696,104.625,5,7.999999999996898e-05,0.00010880000000001999,0.0001100000000000545,0.03178399999999998,0.05043079999999999,0.052613999999999994,0.043683,0.0503344,0.053348000000000007,0.9764847437035653,1.0063287741248848,1.0147954109971138,4,0.8,5,1.0,5,1.0
85a2674e53a2d7b75c6944b5a87b04ee9ea182b1,macOS-26.5.1-arm64-arm-64bit,flat-artwork,flat artwork,flat-artwork,images/vimperator3.png,582,746,64,gamma,gamma sRGB,8,434172,10465,163.515625,5,0.00015299999999995872,0.0002321999999999491,0.0002729999999999677,0.07717099999999999,0.1009862,0.10673699999999997,0.102023,0.12180580000000002,0.12411700000000003,0.9716908951798011,1.0334838550198278,1.0411239661403382,1,0.2,5,1.0,5,1.0
85a2674e53a2d7b75c6944b5a87b04ee9ea182b1,macOS-26.5.1-arm64-arm-64bit,flat-artwork,flat artwork,flat-artwork,images/vimperator3.png,582,746,64,linear,linear RGB,4,434172,434,6.78125,5,0.003493999999999997,0.003540200000000016,0.003542999999999963,0.19039800000000007,0.2509144,0.257352,0.030458000000000013,0.12261879999999997,0.12944399999999998,0.7847164193157343,0.8118452199519516,0.8125517207808013,0,0.0,0,0.0,4,0.8
85a2674e53a2d7b75c6944b5a87b04ee9ea182b1,macOS-26.5.1-arm64-arm-64bit,flat-artwork,flat artwork,flat-artwork,images/vimperator3.png,582,746,64,linear,linear RGB,5,434172,1222,19.09375,5,0.0003349999999999742,0.00037559999999996484,0.00038399999999993994,0.035931000000000046,0.03839339999999998,0.03873899999999997,0.03320999999999999,0.035408600000000005,0.036471,0.8831782739164186,0.9134453074375124,0.9136445504551429,5,1.0,5,1.0,5,1.0
85a2674e53a2d7b75c6944b5a87b04ee9ea182b1,macOS-26.5.1-arm64-arm-64bit,flat-artwork,flat artwork,flat-artwork,images/vimperator3.png,582,746,64,linear,linear RGB,6,434172,2778,43.40625,5,0.0004730000000000567,0.0005577999999999639,0.0005849999999999467,0.07460299999999997,0.13656819999999995,0.17368299999999992,0.06371899999999997,0.1326272,0.169258,0.834924147021785,0.8893319922163885,0.8921287056418244,2,0.4,4,0.8,5,1.0
85a2674e53a2d7b75c6944b5a87b04ee9ea182b1,macOS-26.5.1-arm64-arm-64bit,flat-artwork,flat artwork,flat-artwork,images/vimperator3.png,582,746,64,linear,linear RGB,7,434172,5055,78.984375,5,0.0005640000000000089,0.0006293999999999577,0.0006429999999999492,0.14273000000000002,0.19077919999999998,0.20869399999999994,0.14197000000000004,0.1921556,0.211498,0.7782400111245017,0.8116643768898693,0.8151131199961532,0,0.0,3,0.6,5,1.0
85a2674e53a2d7b75c6944b5a87b04ee9ea182b1,macOS-26.5.1-arm64-arm-64bit,flat-artwork,flat artwork,flat-artwork,images/vimperator3.png,582,746,64,linear,linear RGB,8,434172,7244,113.1875,5,0.000260000000000038,0.0005264000000000158,0.0005739999999999634,0.11975000000000002,0.12320000000000006,0.1250960000000001,0.118864,0.14241879999999998,0.146142,0.8644433113933438,0.888591851606582,0.8964849854542831,0,0.0,5,1.0,5,1.0
85a2674e53a2d7b75c6944b5a87b04ee9ea182b1,macOS-26.5.1-arm64-arm-64bit,flat-artwork,flat artwork,flat-artwork,images/vimperator3.png,582,746,64,oklab,OKLab,4,434172,125,1.953125,5,0.0009000000000000119,0.0009009999999999963,0.0009010000000000407,0.01991300000000007,0.06742079999999998,0.07150199999999995,0.06311299999999997,0.07560779999999996,0.08240099999999995,0.9599508775276612,0.9800260022931656,0.9899022489902249,3,0.6,5,1.0,5,1.0
85a2674e53a2d7b75c6944b5a87b04ee9ea182b1,macOS-26.5.1-arm64-arm-64bit,flat-artwork,flat artwork,flat-artwork,images/vimperator3.png,582,746,64,oklab,OKLab,5,434172,464,7.25,5,0.00012100000000003774,0.00015139999999997934,0.00016700000000002824,-0.035053,0.020784400000000196,0.040168000000000204,0.02211199999999991,0.025604600000000047,0.026119000000000003,1.031810377718428,1.0372912584809375,1.0379563802867815,5,1.0,5,1.0,5,1.0
85a2674e53a2d7b75c6944b5a87b04ee9ea182b1,macOS-26.5.1-arm64-arm-64bit,flat-artwork,flat artwork,flat-artwork,images/vimperator3.png,582,746,64,oklab,OKLab,6,434172,1515,23.671875,5,3.300000000006076e-05,0.00021620000000002195,0.0002830000000000332,-0.011805999999999983,0.04206780000000015,0.04669500000000015,0.04258099999999998,0.07598039999999995,0.0934839999999999,1.0769221506412185,1.1017026207494143,1.1096035666947826,5,1.0,5,1.0,5,1.0
85a2674e53a2d7b75c6944b5a87b04ee9ea182b1,macOS-26.5.1-arm64-arm-64bit,flat-artwork,flat artwork,flat-artwork,images/vimperator3.png,582,746,64,oklab,OKLab,7,434172,3661,57.203125,5,5.2000000000052005e-05,0.00011200000000002319,0.000148000000000037,0.022850000000000037,0.08587479999999999,0.09992800000000002,0.05301700000000009,0.061591799999999974,0.06530499999999995,0.9899572520922392,1.0204269415905916,1.0293047355103024,3,0.6,5,1.0,5,1.0
85a2674e53a2d7b75c6944b5a87b04ee9ea182b1,macOS-26.5.1-arm64-arm-64bit,flat-artwork,flat artwork,flat-artwork,images/vimperator3.png,582,746,64,oklab,OKLab,8,434172,6873,107.390625,5,8.599999999991947e-05,0.00019960000000001087,0.00022400000000000198,0.005933999999999884,0.04065200000000009,0.046124000000000054,0.06010599999999999,0.06717879999999994,0.07060999999999984,1.0077548317177434,1.0575998633837964,1.0755957075595708,5,1.0,5,1.0,5,1.0
85a2674e53a2d7b75c6944b5a87b04ee9ea182b1,macOS-26.5.1-arm64-arm-64bit,flat-artwork,flat artwork,flat-artwork,images/vimperator3.png,582,746,128,cielab,CIELAB,4,434172,138,1.078125,5,0.0013159999999999838,0.0013644000000000212,0.0013739999999999863,0.3155309999999999,0.3345998,0.34587899999999994,0.5200209999999998,0.5423122,0.5430030000000001,1.006387523590286,1.0252213872595153,1.0322573837436293,0,0.0,0,0.0,0,0.0
85a2674e53a2d7b75c6944b5a87b04ee9ea182b1,macOS-26.5.1-arm64-arm-64bit,flat-artwork,flat artwork,flat-artwork,images/vimperator3.png,582,746,128,cielab,CIELAB,5,434172,492,3.84375,5,0.000128000000000017,0.00017099999999998784,0.00019299999999999873,0.014054000000000011,0.09242019999999998,0.123745,0.03632299999999994,0.07351840000000004,0.09801000000000004,1.0602109339595436,1.0959120835998615,1.1025984631168995,4,0.8,5,1.0,5,1.0
85a2674e53a2d7b75c6944b5a87b04ee9ea182b1,macOS-26.5.1-arm64-arm-64bit,flat-artwork,flat artwork,flat-artwork,images/vimperator3.png,582,746,128,cielab,CIELAB,6,434172,1489,11.6328125,5,8.000000000008e-06,2.1400000000038057e-05,2.5000000000052758e-05,0.009399000000000046,0.07950319999999998,0.10320399999999996,0.02385799999999999,0.05312339999999998,0.07255299999999998,1.0838155084095482,1.0994957652114001,1.10085010155154,4,0.8,5,1.0,5,1.0
85a2674e53a2d7b75c6944b5a87b04ee9ea182b1,macOS-26.5.1-arm64-arm-64bit,flat-artwork,flat artwork,flat-artwork,images/vimperator3.png,582,746,128,cielab,CIELAB,7,434172,3547,27.7109375,5,3.000000000086267e-06,8.28000000000717e-05,8.800000000008801e-05,0.007736000000000076,0.08429519999999996,0.12502999999999997,0.013780999999999988,0.04784040000000003,0.06549000000000005,1.0466670786470564,1.083889060758838,1.084774557080902,4,0.8,5,1.0,5,1.0
85a2674e53a2d7b75c6944b5a87b04ee9ea182b1,macOS-26.5.1-arm64-arm-64bit,flat-artwork,flat artwork,flat-artwork,images/vimperator3.png,582,746,128,cielab,CIELAB,8,434172,6615,51.6796875,5,2.6000000000081513e-05,0.00014500000000003955,0.00020100000000000673,0.013779999999999903,0.0867762,0.130703,0.033469999999999944,0.10005820000000004,0.12830300000000006,1.041692415441025,1.058942348061964,1.0633388471282899,4,0.8,5,1.0,5,1.0
85a2674e53a2d7b75c6944b5a87b04ee9ea182b1,macOS-26.5.1-arm64-arm-64bit,flat-artwork,flat artwork,flat-artwork,images/vimperator3.png,582,746,128,din99d,DIN99d,4,434172,196,1.53125,5,0.0007110000000000172,0.0007241999999999971,0.0007329999999999837,0.10391899999999998,0.11181059999999994,0.1132749999999999,0.21367299999999995,0.23199980000000003,0.23824700000000004,0.9748637989917059,0.9919150133947381,0.9959116079283755,0,0.0,5,1.0,5,1.0
85a2674e53a2d7b75c6944b5a87b04ee9ea182b1,macOS-26.5.1-arm64-arm-64bit,flat-artwork,flat artwork,flat-artwork,images/vimperator3.png,582,746,128,din99d,DIN99d,5,434172,750,5.859375,5,1.8000000000073513e-05,0.0001328000000000218,0.00018200000000001548,0.003746000000000027,0.022574399999999994,0.03024400000000005,0.023218000000000016,0.033353400000000005,0.036455000000000015,1.0273166101147198,1.0543846251894804,1.0545941893543385,5,1.0,5,1.0,5,1.0
85a2674e53a2d7b75c6944b5a87b04ee9ea182b1,macOS-26.5.1-arm64-arm-64bit,flat-artwork,flat artwork,flat-artwork,images/vimperator3.png,582,746,128,din99d,DIN99d,6,434172,2202,17.203125,5,3.300000000006076e-05,0.00010020000000001694,0.00011300000000002974,0.03568500000000008,0.043352199999999994,0.046208999999999945,0.029486999999999985,0.06390360000000002,0.07541200000000003,1.067380074558656,1.075562970353592,1.0781866169849401,5,1.0,5,1.0,5,1.0
85a2674e53a2d7b75c6944b5a87b04ee9ea182b1,macOS-26.5.1-arm64-arm-64bit,flat-artwork,flat artwork,flat-artwork,images/vimperator3.png,582,746,128,din99d,DIN99d,7,434172,4872,38.0625,5,3.2000000000032e-05,9.959999999995529e-05,0.00010199999999993548,0.02335100000000001,0.035751599999999974,0.03811599999999993,0.039256999999999986,0.06018600000000003,0.06388000000000005,1.0514412912668727,1.0810023735262657,1.0891725632362155,5,1.0,5,1.0,5,1.0
85a2674e53a2d7b75c6944b5a87b04ee9ea182b1,macOS-26.5.1-arm64-arm-64bit,flat-artwork,flat artwork,flat-artwork,images/vimperator3.png,582,746,128,din99d,DIN99d,8,434172,8245,64.4140625,5,8.900000000000574e-05,0.00011919999999998598,0.000136000000000025,0.022576999999999958,0.033976000000000006,0.03519800000000006,0.047646999999999995,0.06131040000000003,0.06931600000000004,1.0478126524638152,1.0728715085714706,1.0816125860373649,5,1.0,5,1.0,5,1.0
85a2674e53a2d7b75c6944b5a87b04ee9ea182b1,macOS-26.5.1-arm64-arm-64bit,flat-artwork,flat artwork,flat-artwork,images/vimperator3.png,582,746,128,gamma,gamma sRGB,4,434172,512,4.0,5,0.00011399999999994748,0.000132800000000044,0.000140000000000029,0.06859399999999999,0.07084139999999998,0.07170099999999996,0.04912,0.0564254,0.056783,0.9569532893270135,0.961107441567399,0.9623401371235487,0,0.0,5,1.0,5,1.0
85a2674e53a2d7b75c6944b5a87b04ee9ea182b1,macOS-26.5.1-arm64-arm-64bit,flat-artwork,flat artwork,flat-artwork,images/vimperator3.png,582,746,128,gamma,gamma sRGB,5,434172,1614,12.609375,5,-1.399999999995849e-05,1.780000000000115e-05,2.6999999999999247e-05,0.010338999999999987,0.01518099999999999,0.015818999999999972,0.0045560000000000045,0.017790599999999997,0.022252999999999995,1.002506577373834,1.023288534770841,1.0275378754834394,5,1.0,5,1.0,5,1.0
85a2674e53a2d7b75c6944b5a87b04ee9ea182b1,macOS-26.5.1-arm64-arm-64bit,flat-artwork,flat artwork,flat-artwork,images/vimperator3.png,582,746,128,gamma,gamma sRGB,6,434172,3652,28.53125,5,2.5000000000052758e-05,5.5799999999961444e-05,6.899999999998574e-05,0.036626999999999965,0.0398944,0.040980000000000016,0.020189000000000012,0.029842800000000003,0.03414600000000001,1.0160214757970423,1.0417249756171598,1.044869654047895,5,1.0,5,1.0,5,1.0
85a2674e53a2d7b75c6944b5a87b04ee9ea182b1,macOS-26.5.1-arm64-arm-64bit,flat-artwork,flat artwork,flat-artwork,images/vimperator3.png,582,746,128,gamma,gamma sRGB,7,434172,6696,52.3125,5,8.900000000000574e-05,0.00010080000000001199,0.00010799999999999699,0.046031000000000044,0.05139779999999998,0.054066999999999976,0.04257,0.044418,0.044576000000000005,1.0109845286992156,1.0318502750900607,1.0415103235565684,4,0.8,5,1.0,5,1.0
85a2674e53a2d7b75c6944b5a87b04ee9ea182b1,macOS-26.5.1-arm64-arm-64bit,flat-artwork,flat artwork,flat-artwork,images/vimperator3.png,582,746,128,gamma,gamma sRGB,8,434172,10465,81.7578125,5,0.00016300000000002424,0.00018160000000000398,0.00018200000000001548,0.07158700000000001,0.102262,0.11985600000000002,0.06403700000000001,0.10059900000000001,0.119863,0.9747568677593088,0.9900328838213284,0.9974559456220655,0,0.0,5,1.0,5,1.0
85a2674e53a2d7b75c6944b5a87b04ee9ea182b1,macOS-26.5.1-arm64-arm-64bit,flat-artwork,flat artwork,flat-artwork,images/vimperator3.png,582,746,128,linear,linear RGB,4,434172,434,3.390625,5,0.0031809999999999894,0.0031880000000000354,0.0031880000000000797,0.244124,0.2456198,0.245653,0.075855,0.07938020000000001,0.080785,0.782624144976459,0.811879445307664,0.812834761986112,0,0.0,0,0.0,5,1.0
85a2674e53a2d7b75c6944b5a87b04ee9ea182b1,macOS-26.5.1-arm64-arm-64bit,flat-artwork,flat artwork,flat-artwork,images/vimperator3.png,582,746,128,linear,linear RGB,5,434172,1222,9.546875,5,0.0003450000000000397,0.00035340000000001477,0.0003589999999999982,0.049846999999999975,0.05153839999999997,0.052232,0.027503,0.0305252,0.03106399999999998,0.8712284643450079,0.8823941754896782,0.8842037563686427,3,0.6,5,1.0,5,1.0
85a2674e53a2d7b75c6944b5a87b04ee9ea182b1,macOS-26.5.1-arm64-arm-64bit,flat-artwork,flat artwork,flat-artwork,images/vimperator3.png,582,746,128,linear,linear RGB,6,434172,2778,21.703125,5,0.00036800000000003497,0.0003737999999999575,0.0003749999999999032,0.06604100000000002,0.06728400000000001,0.06797000000000003,0.06258,0.06395139999999999,0.064115,0.8908562872446262,0.9077651820478039,0.9171445502160034,1,0.2,5,1.0,5,1.0
85a2674e53a2d7b75c6944b5a87b04ee9ea182b1,macOS-26.5.1-arm64-arm-64bit,flat-artwork,flat artwork,flat-artwork,images/vimperator3.png,582,746,128,linear,linear RGB,7,434172,5055,39.4921875,5,0.0004650000000000487,0.0005522000000000027,0.0005530000000000257,0.106792,0.11295699999999995,0.11593299999999995,0.09591799999999998,0.10740200000000001,0.11084,0.823271990674387,0.8897292004289747,0.9050255750620534,0,0.0,5,1.0,5,1.0
85a2674e53a2d7b75c6944b5a87b04ee9ea182b1,macOS-26.5.1-arm64-arm-64bit,flat-artwork,flat artwork,flat-artwork,images/vimperator3.png,582,746,128,linear,linear RGB,8,434172,7244,56.59375,5,0.00014700000000000824,0.0003558000000000172,0.0004730000000000567,0.06241399999999997,0.0857338,0.09747100000000003,0.06804199999999999,0.0880976,0.09945999999999999,0.9082613982373808,0.9336932455351179,0.9362569462951448,2,0.4,5,1.0,5,1.0
85a2674e53a2d7b75c6944b5a87b04ee9ea182b1,macOS-26.5.1-arm64-arm-64bit,flat-artwork,flat artwork,flat-artwork,images/vimperator3.png,582,746,128,oklab,OKLab,4,434172,125,0.9765625,5,0.0009049999999999336,0.0009315999999999881,0.0009379999999999944,0.058814000000000144,0.08453500000000003,0.09176300000000004,0.09873200000000004,0.10767659999999987,0.11349299999999984,0.9337387673595353,0.9409125542739061,0.9450938219242792,1,0.2,5,1.0,5,1.0
85a2674e53a2d7b75c6944b5a87b04ee9ea182b1,macOS-26.5.1-arm64-arm-64bit,flat-artwork,flat artwork,flat-artwork,images/vimperator3.png,582,746,128,oklab,OKLab,5,434172,464,3.625,5,4.399999999993298e-05,0.00012979999999997993,0.00014899999999995472,0.019406000000000034,0.03081920000000009,0.03492000000000006,0.012631999999999977,0.03917719999999996,0.05493199999999998,1.030181760832709,1.0404082641280024,1.0431252710457575,5,1.0,5,1.0,5,1.0
85a2674e53a2d7b75c6944b5a87b04ee9ea182b1,macOS-26.5.1-arm64-arm-64bit,flat-artwork,flat artwork,flat-artwork,images/vimperator3.png,582,746,128,oklab,OKLab,6,434172,1515,11.8359375,5,-5.000000000032756e-06,4.739999999998634e-05,6.099999999997774e-05,-0.011730999999999936,0.02563940000000007,0.026807000000000025,0.030977000000000032,0.06550439999999993,0.0697239999999999,1.0711679749138165,1.0834808428093616,1.0911621433542102,5,1.0,5,1.0,5,1.0
85a2674e53a2d7b75c6944b5a87b04ee9ea182b1,macOS-26.5.1-arm64-arm-64bit,flat-artwork,flat artwork,flat-artwork,images/vimperator3.png,582,746,128,oklab,OKLab,7,434172,3661,28.6015625,5,3.300000000006076e-05,6.48000000000204e-05,7.40000000000185e-05,0.008949000000000096,0.04147200000000005,0.06062400000000001,0.00853399999999982,0.033494000000000045,0.03506000000000009,1.0444773538210768,1.05710983463918,1.06532328825149,4,0.8,5,1.0,5,1.0
85a2674e53a2d7b75c6944b5a87b04ee9ea182b1,macOS-26.5.1-arm64-arm-64bit,flat-artwork,flat artwork,flat-artwork,images/vimperator3.png,582,746,128,oklab,OKLab,8,434172,6873,53.6953125,5,8.199999999991547e-05,0.0001144000000000256,0.00012000000000000899,-0.02396200000000004,0.006754200000000133,0.009637000000000118,0.011285999999999907,0.021354999999999968,0.02349099999999993,1.0342509915789062,1.061664259865991,1.0754346883255135,5,1.0,5,1.0,5,1.0
85a2674e53a2d7b75c6944b5a87b04ee9ea182b1,macOS-26.5.1-arm64-arm-64bit,flat-artwork,flat artwork,flat-artwork,images/vimperator3.png,582,746,256,cielab,CIELAB,4,434172,138,0.5390625,5,0.0013919999999999488,0.0013960000000000196,0.0013960000000000639,0.31844799999999995,0.330597,0.33620300000000003,0.5398480000000001,0.5431402000000001,0.544925,0.8379385683074155,0.8518945149049537,0.8519129173716378,0,0.0,0,0.0,0,0.0
85a2674e53a2d7b75c6944b5a87b04ee9ea182b1,macOS-26.5.1-arm64-arm-64bit,flat-artwork,flat artwork,flat-artwork,images/vimperator3.png,582,746,256,cielab,CIELAB,5,434172,492,1.921875,5,0.00017499999999992522,0.00017919999999997936,0.00017999999999995797,0.09875100000000003,0.10927200000000001,0.110618,0.09512399999999999,0.10917940000000001,0.112761,1.0090806671579715,1.0176302210479506,1.0230475945679647,0,0.0,5,1.0,5,1.0
85a2674e53a2d7b75c6944b5a87b04ee9ea182b1,macOS-26.5.1-arm64-arm-64bit,flat-artwork,flat artwork,flat-artwork,images/vimperator3.png,582,746,256,cielab,CIELAB,6,434172,1489,5.81640625,5,4.999999999921734e-06,1.0399999999943788e-05,1.399999999995849e-05,0.015762000000000054,0.06483760000000005,0.08616600000000008,0.026105999999999963,0.0531008,0.06481599999999998,1.0677290148820828,1.0700907981039185,1.0705393479844065,4,0.8,5,1.0,5,1.0
85a2674e53a2d7b75c6944b5a87b04ee9ea182b1,macOS-26.5.1-arm64-arm-64bit,flat-artwork,flat artwork,flat-artwork,images/vimperator3.png,582,746,256,cielab,CIELAB,7,434172,3547,13.85546875,5,5.999999999950489e-06,7.200000000029404e-06,8.000000000008e-06,0.004296999999999995,0.03357460000000004,0.05152500000000004,0.02143600000000001,0.034907999999999974,0.041215999999999975,1.0656131855061381,1.0815156326123478,1.0865198283618243,4,0.8,5,1.0,5,1.0
85a2674e53a2d7b75c6944b5a87b04ee9ea182b1,macOS-26.5.1-arm64-arm-64bit,flat-artwork,flat artwork,flat-artwork,images/vimperator3.png,582,746,256,cielab,CIELAB,8,434172,6615,25.83984375,5,3.799999999998249e-05,4.819999999996494e-05,5.299999999996974e-05,-0.04319899999999999,-0.01453059999999997,-0.012234999999999996,-0.01632,0.010914800000000014,0.013828000000000007,1.0439446515015207,1.0841512155372133,1.0885760160215463,5,1.0,5,1.0,5,1.0
85a2674e53a2d7b75c6944b5a87b04ee9ea182b1,macOS-26.5.1-arm64-arm-64bit,flat-artwork,flat artwork,flat-artwork,images/vimperator3.png,582,746,256,din99d,DIN99d,4,434172,196,0.765625,5,0.0007650000000000157,0.0007672000000000124,0.0007679999999999909,0.13177099999999997,0.17253759999999999,0.17340599999999995,0.21800600000000003,0.2376346,0.23814899999999994,0.8814405572808538,0.8826533663516152,0.8828509733969463,0,0.0,3,0.6,5,1.0
85a2674e53a2d7b75c6944b5a87b04ee9ea182b1,macOS-26.5.1-arm64-arm-64bit,flat-artwork,flat artwork,flat-artwork,images/vimperator3.png,582,746,256,din99d,DIN99d,5,434172,750,2.9296875,5,2.4999999999941735e-05,2.799999999996139e-05,2.999999999997449e-05,0.006529000000000007,0.046455600000000014,0.048628000000000005,0.00190499999999999,0.022330200000000012,0.023895,0.9638038014116603,0.973404335250323,0.9772403616835098,5,1.0,5,1.0,5,1.0
85a2674e53a2d7b75c6944b5a87b04ee9ea182b1,macOS-26.5.1-arm64-arm-64bit,flat-artwork,flat artwork,flat-artwork,images/vimperator3.png,582,746,256,din99d,DIN99d,6,434172,2202,8.6015625,5,8.000000000008e-06,2.0200000000025753e-05,2.1000000000048757e-05,-0.02312000000000003,0.021648399999999967,0.026295999999999986,-0.04869600000000002,-0.025189400000000008,-0.024529000000000023,1.0239636918929524,1.0416723381871558,1.0475048435139587,5,1.0,5,1.0,5,1.0
85a2674e53a2d7b75c6944b5a87b04ee9ea182b1,macOS-26.5.1-arm64-arm-64bit,flat-artwork,flat artwork,flat-artwork,images/vimperator3.png,582,746,256,din99d,DIN99d,7,434172,4872,19.03125,5,3.399999999997849e-05,8.36000000000059e-05,9.40000000000385e-05,-0.098306,-0.016540799999999967,0.021120000000000028,-0.16025099999999998,-0.05572939999999999,-1.8999999999991246e-05,1.0661326235507895,1.086919591092429,1.0913226420408477,5,1.0,5,1.0,5,1.0
85a2674e53a2d7b75c6944b5a87b04ee9ea182b1,macOS-26.5.1-arm64-arm-64bit,flat-artwork,flat artwork,flat-artwork,images/vimperator3.png,582,746,256,din99d,DIN99d,8,434172,8245,32.20703125,5,2.0000000000020002e-05,3.359999999996699e-05,4.199999999998649e-05,-0.04873099999999997,0.020975000000000014,0.03589500000000001,-0.043984999999999996,0.02461920000000001,0.038173999999999986,1.0672571433377913,1.0930021695565344,1.0957353330091537,5,1.0,5,1.0,5,1.0
85a2674e53a2d7b75c6944b5a87b04ee9ea182b1,macOS-26.5.1-arm64-arm-64bit,flat-artwork,flat artwork,flat-artwork,images/vimperator3.png,582,746,256,gamma,gamma sRGB,4,434172,512,2.0,5,8.20000000000265e-05,0.00010179999999995194,0.00011299999999991872,0.08497900000000003,0.08752559999999995,0.08877599999999997,0.073994,0.0770672,0.078532,0.8856251934017281,0.8943377946084068,0.8995119857569784,0,0.0,5,1.0,5,1.0
85a2674e53a2d7b75c6944b5a87b04ee9ea182b1,macOS-26.5.1-arm64-arm-64bit,flat-artwork,flat artwork,flat-artwork,images/vimperator3.png,582,746,256,gamma,gamma sRGB,5,434172,1614,6.3046875,5,-5.000000000032756e-06,8.999999999970146e-06,1.6999999999933735e-05,0.008832000000000007,0.016418999999999996,0.017776999999999987,0.003844,0.010974599999999998,0.014344999999999997,0.9623114581101775,0.9709327765547835,0.9755367390344717,5,1.0,5,1.0,5,1.0
85a2674e53a2d7b75c6944b5a87b04ee9ea182b1,macOS-26.5.1-arm64-arm-64bit,flat-artwork,flat artwork,flat-artwork,images/vimperator3.png,582,746,256,gamma,gamma sRGB,6,434172,3652,14.265625,5,3.399999999997849e-05,4.779999999993123e-05,5.499999999991623e-05,0.021513000000000004,0.026478199999999973,0.02843699999999999,0.014260999999999982,0.016174599999999997,0.016447000000000003,1.0301270302222434,1.0316479570191983,1.0322404590874432,5,1.0,5,1.0,5,1.0
85a2674e53a2d7b75c6944b5a87b04ee9ea182b1,macOS-26.5.1-arm64-arm-64bit,flat-artwork,flat artwork,flat-artwork,images/vimperator3.png,582,746,256,gamma,gamma sRGB,7,434172,6696,26.15625,5,3.2999999999949736e-05,4.739999999998634e-05,5.299999999996974e-05,0.031499,0.04618019999999997,0.04840099999999997,0.03018399999999999,0.0383108,0.039971999999999994,0.9986194092023518,1.0192175762078022,1.032468048578877,5,1.0,5,1.0,5,1.0
85a2674e53a2d7b75c6944b5a87b04ee9ea182b1,macOS-26.5.1-arm64-arm-64bit,flat-artwork,flat artwork,flat-artwork,images/vimperator3.png,582,746,256,gamma,gamma sRGB,8,434172,10465,40.87890625,5,5.699999999997374e-05,0.00010519999999993867,0.00012599999999995948,0.04881000000000002,0.05575279999999999,0.056398000000000004,0.048597000000000015,0.05346300000000001,0.05663700000000001,0.9918037339426975,1.01413744473086,1.020673046353405,3,0.6,5,1.0,5,1.0
85a2674e53a2d7b75c6944b5a87b04ee9ea182b1,macOS-26.5.1-arm64-arm-64bit,flat-artwork,flat artwork,flat-artwork,images/vimperator3.png,582,746,256,linear,linear RGB,4,434172,434,1.6953125,5,0.0031849999999999934,0.00318719999999999,0.0031879999999999686,0.26588,0.26805239999999997,0.269232,0.09292,0.0939474,0.09457299999999999,0.7303560681632687,0.7456225849538449,0.7541461942213205,0,0.0,0,0.0,0,0.0
85a2674e53a2d7b75c6944b5a87b04ee9ea182b1,macOS-26.5.1-arm64-arm-64bit,flat-artwork,flat artwork,flat-artwork,images/vimperator3.png,582,746,256,linear,linear RGB,5,434172,1222,4.7734375,5,0.0002710000000000212,0.0002836000000000283,0.00028600000000000847,0.05475799999999997,0.06159559999999997,0.062185999999999964,0.03590200000000002,0.041040199999999985,0.04178499999999999,0.8774539889851799,0.8948407026865122,0.9048848791776365,0,0.0,5,1.0,5,1.0
85a2674e53a2d7b75c6944b5a87b04ee9ea182b1,macOS-26.5.1-arm64-arm-64bit,flat-artwork,flat artwork,flat-artwork,images/vimperator3.png,582,746,256,linear,linear RGB,6,434172,2778,10.8515625,5,0.00024599999999996847,0.0002522000000000135,0.0002550000000000052,0.04728199999999999,0.05816919999999996,0.062019999999999964,0.043169999999999986,0.06077779999999999,0.06581699999999999,0.9163458288333595,0.9196925713488987,0.9215131578947369,3,0.6,5,1.0,5,1.0
85a2674e53a2d7b75c6944b5a87b04ee9ea182b1,macOS-26.5.1-arm64-arm-64bit,flat-artwork,flat artwork,flat-artwork,images/vimperator3.png,582,746,256,linear,linear RGB,7,434172,5055,19.74609375,5,6.799999999995698e-05,0.00023620000000004193,0.00024900000000005473,0.045097,0.14642099999999997,0.14961899999999995,0.067138,0.12055179999999999,0.12499899999999997,0.9409160467761603,1.0055524955669564,1.0146898529337782,3,0.6,5,1.0,5,1.0
85a2674e53a2d7b75c6944b5a87b04ee9ea182b1,macOS-26.5.1-arm64-arm-64bit,flat-artwork,flat artwork,flat-artwork,images/vimperator3.png,582,746,256,linear,linear RGB,8,434172,7244,28.296875,5,5.199999999994098e-05,0.00026239999999999597,0.00037599999999993194,0.04665399999999997,0.0631204,0.06365399999999999,0.05279300000000001,0.06476920000000001,0.072718,0.9761945454989379,0.9920920101326915,0.9949215561802848,3,0.6,5,1.0,5,1.0
85a2674e53a2d7b75c6944b5a87b04ee9ea182b1,macOS-26.5.1-arm64-arm-64bit,flat-artwork,flat artwork,flat-artwork,images/vimperator3.png,582,746,256,oklab,OKLab,4,434172,125,0.48828125,5,0.0009709999999999441,0.0009731999999999408,0.0009739999999999194,0.11782100000000006,0.1191768,0.11964999999999992,0.13026000000000004,0.13738859999999997,0.13953499999999996,0.776099003503889,0.7905645002038261,0.7931422336005373,0,0.0,5,1.0,5,1.0
85a2674e53a2d7b75c6944b5a87b04ee9ea182b1,macOS-26.5.1-arm64-arm-64bit,flat-artwork,flat artwork,flat-artwork,images/vimperator3.png,582,746,256,oklab,OKLab,5,434172,464,1.8125,5,2.999999999997449e-05,5.900000000000905e-05,7.100000000004325e-05,0.033499999999999974,0.05731079999999995,0.06759599999999999,0.003906999999999883,0.017450199999999996,0.02417899999999995,0.9574165481469087,0.9683257018480416,0.9724849960129265,4,0.8,5,1.0,5,1.0
85a2674e53a2d7b75c6944b5a87b04ee9ea182b1,macOS-26.5.1-arm64-arm-64bit,flat-artwork,flat artwork,flat-artwork,images/vimperator3.png,582,746,256,oklab,OKLab,6,434172,1515,5.91796875,5,0.0,4.479999999997819e-05,6.60000000000105e-05,0.00875999999999999,0.03208739999999999,0.04112899999999997,-0.011357000000000061,0.018080200000000036,0.02796299999999996,1.0220170394930121,1.0302117016095456,1.0338743411695808,5,1.0,5,1.0,5,1.0
85a2674e53a2d7b75c6944b5a87b04ee9ea182b1,macOS-26.5.1-arm64-arm-64bit,flat-artwork,flat artwork,flat-artwork,images/vimperator3.png,582,746,256,oklab,OKLab,7,434172,3661,14.30078125,5,-2.9999999999752447e-06,2.6599999999987748e-05,4.300000000001525e-05,-0.016096,0.004199800000000021,0.008379000000000025,0.0036920000000000286,0.016235999999999962,0.02117199999999997,1.0294831519047967,1.0610573489575599,1.0672779834828492,5,1.0,5,1.0,5,1.0
85a2674e53a2d7b75c6944b5a87b04ee9ea182b1,macOS-26.5.1-arm64-arm-64bit,flat-artwork,flat artwork,flat-artwork,images/vimperator3.png,582,746,256,oklab,OKLab,8,434172,6873,26.84765625,5,1.0999999999983245e-05,2.67999999999935e-05,3.199999999992098e-05,0.01905799999999991,0.029060000000000044,0.03002400000000005,0.011251000000000122,0.036890999999999924,0.03844099999999995,1.0356897849912157,1.0592805399690532,1.0691904142359507,5,1.0,5,1.0,5,1.0
85a2674e53a2d7b75c6944b5a87b04ee9ea182b1,macOS-26.5.1-arm64-arm-64bit,natural-snake,natural photograph,natural,images/snake.png,600,450,64,cielab,CIELAB,4,270000,135,2.109375,5,0.01292799999999994,0.014906599999999992,0.016051000000000037,0.743614,0.7892196,0.8055179999999997,0.6701869999999999,0.7539411999999996,0.7651419999999998,0.9662062796585758,0.9870615285005473,0.9907637839599444,0,0.0,0,0.0,0,0.0
85a2674e53a2d7b75c6944b5a87b04ee9ea182b1,macOS-26.5.1-arm64-arm-64bit,natural-snake,natural photograph,natural,images/snake.png,600,450,64,cielab,CIELAB,5,270000,538,8.40625,5,0.0031050000000000244,0.0068769999999999335,0.008572999999999942,0.30110499999999973,0.3539836000000002,0.3793200000000003,0.3341179999999999,0.36087899999999973,0.3702709999999998,0.9704968237844722,1.024179972679989,1.048928984090303,0,0.0,0,0.0,0,0.0
85a2674e53a2d7b75c6944b5a87b04ee9ea182b1,macOS-26.5.1-arm64-arm-64bit,natural-snake,natural photograph,natural,images/snake.png,600,450,64,cielab,CIELAB,6,270000,2519,39.359375,5,0.0031879999999999686,0.006267800000000001,0.006761000000000017,0.15260200000000035,0.24042399999999986,0.25505999999999984,0.17807400000000007,0.2291325999999998,0.25888699999999965,0.962355402598584,0.9964063238308525,1.0182355468779447,0,0.0,1,0.2,3,0.6
85a2674e53a2d7b75c6944b5a87b04ee9ea182b1,macOS-26.5.1-arm64-arm-64bit,natural-snake,natural photograph,natural,images/snake.png,600,450,64,cielab,CIELAB,7,270000,11187,174.796875,5,0.004317000000000015,0.006518200000000007,0.0070550000000000335,0.07376300000000002,0.21537599999999985,0.27632999999999974,0.06720700000000024,0.15954700000000002,0.2013450000000001,0.9344280508399253,0.9563499624852305,0.9698221622523082,0,0.0,2,0.4,3,0.6
85a2674e53a2d7b75c6944b5a87b04ee9ea182b1,macOS-26.5.1-arm64-arm-64bit,natural-snake,natural photograph,natural,images/snake.png,600,450,64,cielab,CIELAB,8,270000,37601,587.515625,5,0.0017779999999999463,0.004894600000000038,0.0063910000000000355,0.05295899999999998,0.18313240000000014,0.258772,0.07101599999999975,0.1434762,0.16183499999999995,1.0124686211393636,1.031033900904677,1.0424202913931382,1,0.2,3,0.6,4,0.8
85a2674e53a2d7b75c6944b5a87b04ee9ea182b1,macOS-26.5.1-arm64-arm-64bit,natural-snake,natural photograph,natural,images/snake.png,600,450,64,din99d,DIN99d,4,270000,208,3.25,5,0.012939999999999952,0.013670999999999989,0.013857000000000008,0.40108299999999986,0.45055860000000003,0.46172499999999994,0.426345,0.5069753999999997,0.5188389999999998,0.8873678288591088,0.9085138168270908,0.9170270373336384,0,0.0,0,0.0,0,0.0
85a2674e53a2d7b75c6944b5a87b04ee9ea182b1,macOS-26.5.1-arm64-arm-64bit,natural-snake,natural photograph,natural,images/snake.png,600,450,64,din99d,DIN99d,5,270000,933,14.578125,5,0.006950000000000012,0.008684000000000004,0.009838000000000013,0.23666300000000007,0.31603020000000015,0.3337810000000001,0.24041699999999988,0.34932499999999983,0.3756149999999998,0.9279357099869012,0.9812808405192066,0.98500600496607,0,0.0,0,0.0,0,0.0
85a2674e53a2d7b75c6944b5a87b04ee9ea182b1,macOS-26.5.1-arm64-arm-64bit,natural-snake,natural photograph,natural,images/snake.png,600,450,64,din99d,DIN99d,6,270000,4206,65.71875,5,0.005037999999999987,0.006242999999999954,0.0064349999999999685,0.18104599999999982,0.2585098,0.28098899999999993,0.2131470000000002,0.38369319999999996,0.49333399999999994,0.8959925140545678,0.9401774142029498,0.9540479731533387,0,0.0,0,0.0,1,0.2
85a2674e53a2d7b75c6944b5a87b04ee9ea182b1,macOS-26.5.1-arm64-arm-64bit,natural-snake,natural photograph,natural,images/snake.png,600,450,64,din99d,DIN99d,7,270000,16161,252.515625,5,0.004491000000000023,0.006028400000000022,0.006170000000000009,0.09116800000000014,0.16278219999999993,0.1661269999999999,0.07318200000000008,0.2081757999999998,0.2682829999999998,0.9447225307617962,0.9939123671510475,1.0100522442130955,0,0.0,1,0.2,3,0.6
85a2674e53a2d7b75c6944b5a87b04ee9ea182b1,macOS-26.5.1-arm64-arm-64bit,natural-snake,natural photograph,natural,images/snake.png,600,450,64,din99d,DIN99d,8,270000,41675,651.171875,5,0.004198000000000035,0.004495999999999967,0.004577999999999971,0.020527999999999658,0.1574108,0.16356599999999988,0.07330700000000023,0.15667279999999995,0.19805199999999967,0.9860075299684088,1.009526892808267,1.015848682454334,0,0.0,1,0.2,5,1.0
85a2674e53a2d7b75c6944b5a87b04ee9ea182b1,macOS-26.5.1-arm64-arm-64bit,natural-snake,natural photograph,natural,images/snake.png,600,450,64,gamma,gamma sRGB,4,270000,612,9.5625,5,0.004141999999999979,0.00531600000000001,0.005854000000000026,0.16931200000000013,0.20169579999999987,0.21960699999999989,0.15966000000000014,0.2063504000000001,0.23293000000000008,0.9506866371790325,0.982344225616633,0.9848962544788243,0,0.0,0,0.0,4,0.8
85a2674e53a2d7b75c6944b5a87b04ee9ea182b1,macOS-26.5.1-arm64-arm-64bit,natural-snake,natural photograph,natural,images/snake.png,600,450,64,gamma,gamma sRGB,5,270000,2967,46.359375,5,0.005907999999999913,0.007704999999999984,0.00815699999999997,0.23898699999999984,0.28825439999999974,0.3016899999999998,0.21603200000000022,0.26627159999999994,0.2670699999999999,0.9335731918312979,0.9802448880154668,1.007299486442223,0,0.0,1,0.2,1,0.2
85a2674e53a2d7b75c6944b5a87b04ee9ea182b1,macOS-26.5.1-arm64-arm-64bit,natural-snake,natural photograph,natural,images/snake.png,600,450,64,gamma,gamma sRGB,6,270000,13201,206.265625,5,0.001890999999999976,0.00671839999999997,0.008685999999999972,0.13566499999999992,0.22859519999999992,0.2778100000000001,0.11907900000000016,0.23022680000000026,0.2843720000000003,0.9186311054460838,0.9508435602249488,0.9695106119390806,0,0.0,2,0.4,4,0.8
85a2674e53a2d7b75c6944b5a87b04ee9ea182b1,macOS-26.5.1-arm64-arm-64bit,natural-snake,natural photograph,natural,images/snake.png,600,450,64,gamma,gamma sRGB,7,270000,43827,684.796875,5,0.0026279999999999637,0.004730800000000012,0.005260000000000042,0.03593899999999994,0.14009979999999997,0.16838700000000006,0.05691700000000033,0.12263319999999998,0.13526400000000005,0.9590223023203425,0.9717670558444615,0.9743251162825202,1,0.2,1,0.2,4,0.8
85a2674e53a2d7b75c6944b5a87b04ee9ea182b1,macOS-26.5.1-arm64-arm-64bit,natural-snake,natural photograph,natural,images/snake.png,600,450,64,gamma,gamma sRGB,8,270000,62586,977.90625,5,0.0030719999999999636,0.0037805999999999786,0.003910999999999998,0.06306000000000012,0.13138799999999975,0.1423059999999996,0.060043999999999986,0.08055899999999996,0.08210899999999999,0.9777606509511564,0.9958483914867136,1.0017062187965964,0,0.0,1,0.2,5,1.0
85a2674e53a2d7b75c6944b5a87b04ee9ea182b1,macOS-26.5.1-arm64-arm-64bit,natural-snake,natural photograph,natural,images/snake.png,600,450,64,linear,linear RGB,4,270000,560,8.75,5,0.031908999999999965,0.033241599999999955,0.03334599999999999,1.0559600000000002,1.1171531999999997,1.1370959999999997,1.3871509999999998,1.4224706000000005,1.4278490000000006,0.7865050505050505,0.8277806406851023,0.8350619070590127,0,0.0,0,0.0,0,0.0
85a2674e53a2d7b75c6944b5a87b04ee9ea182b1,macOS-26.5.1-arm64-arm-64bit,natural-snake,natural photograph,natural,images/snake.png,600,450,64,linear,linear RGB,5,270000,2197,34.328125,5,0.007735999999999965,0.02136119999999997,0.02230999999999994,0.3351519999999999,0.6407789999999999,0.6589749999999999,0.24631900000000018,0.5597889999999999,0.5843469999999997,0.9310235244579682,0.9721665998512913,0.9918707070707071,0,0.0,0,0.0,1,0.2
85a2674e53a2d7b75c6944b5a87b04ee9ea182b1,macOS-26.5.1-arm64-arm-64bit,natural-snake,natural photograph,natural,images/snake.png,600,450,64,linear,linear RGB,6,270000,7400,115.625,5,0.0026639999999999997,0.019236800000000012,0.025449999999999973,0.2572209999999999,0.5485411999999998,0.6066419999999999,0.22360900000000017,0.5217594000000002,0.6403670000000004,0.9177716514789186,1.036933458387753,1.0614210838449085,0,0.0,1,0.2,2,0.4
85a2674e53a2d7b75c6944b5a87b04ee9ea182b1,macOS-26.5.1-arm64-arm-64bit,natural-snake,natural photograph,natural,images/snake.png,600,450,64,linear,linear RGB,7,270000,19853,310.203125,5,0.004610000000000003,0.00509679999999999,0.005315999999999987,0.07399200000000006,0.20520419999999986,0.2701229999999999,0.07605700000000004,0.283335,0.344179,0.9340428601195724,1.0117985939462317,1.0155330438977328,0,0.0,2,0.4,4,0.8
85a2674e53a2d7b75c6944b5a87b04ee9ea182b1,macOS-26.5.1-arm64-arm-64bit,natural-snake,natural photograph,natural,images/snake.png,600,450,64,linear,linear RGB,8,270000,38564,602.5625,5,0.001730999999999927,0.00301079999999998,0.003465999999999969,0.03144599999999986,0.12679219999999997,0.166115,-0.02375700000000025,0.017843000000000053,0.024509000000000114,0.9806942138254853,0.9943519182528777,0.9981252525252525,1,0.2,3,0.6,5,1.0
85a2674e53a2d7b75c6944b5a87b04ee9ea182b1,macOS-26.5.1-arm64-arm-64bit,natural-snake,natural photograph,natural,images/snake.png,600,450,64,oklab,OKLab,4,270000,126,1.96875,5,0.02471699999999999,0.025972800000000042,0.02652600000000005,0.7574130000000001,0.8332118,0.8416429999999999,0.678979,0.7409245999999999,0.7557429999999998,0.8508488076865635,0.8574583557917866,0.8616613926336931,0,0.0,0,0.0,0,0.0
85a2674e53a2d7b75c6944b5a87b04ee9ea182b1,macOS-26.5.1-arm64-arm-64bit,natural-snake,natural photograph,natural,images/snake.png,600,450,64,oklab,OKLab,5,270000,472,7.375,5,0.007664999999999922,0.008246399999999942,0.008305999999999925,0.203306,0.23991159999999995,0.25761199999999995,0.3703590000000001,0.4334542000000001,0.46144700000000016,0.9499320811612344,0.9908687127383008,1.0086840926495875,0,0.0,0,0.0,0,0.0
85a2674e53a2d7b75c6944b5a87b04ee9ea182b1,macOS-26.5.1-arm64-arm-64bit,natural-snake,natural photograph,natural,images/snake.png,600,450,64,oklab,OKLab,6,270000,2145,33.515625,5,0.0017570000000000086,0.006342799999999982,0.00791799999999998,0.1566639999999997,0.2530295999999999,0.26878599999999997,0.16565399999999997,0.2837663999999999,0.3118859999999999,0.9304998290407441,0.9768093764009247,1.0051205826085101,0,0.0,2,0.4,4,0.8
85a2674e53a2d7b75c6944b5a87b04ee9ea182b1,macOS-26.5.1-arm64-arm-64bit,natural-snake,natural photograph,natural,images/snake.png,600,450,64,oklab,OKLab,7,270000,9368,146.375,5,0.0029519999999999547,0.003894199999999959,0.00437299999999996,0.045784999999999965,0.16236759999999978,0.21082399999999968,0.05404700000000018,0.1363402,0.17840299999999987,0.958669397259121,0.9982659094994082,1.0001300446486627,0,0.0,1,0.2,5,1.0
85a2674e53a2d7b75c6944b5a87b04ee9ea182b1,macOS-26.5.1-arm64-arm-64bit,natural-snake,natural photograph,natural,images/snake.png,600,450,64,oklab,OKLab,8,270000,31855,497.734375,5,0.0014760000000000328,0.003499799999999986,0.0036249999999999893,0.01175499999999996,0.08486640000000013,0.10763999999999996,0.015176999999999996,0.10654580000000005,0.144231,0.9703749421385589,1.0217374041701996,1.0322510728683514,1,0.2,3,0.6,5,1.0
85a2674e53a2d7b75c6944b5a87b04ee9ea182b1,macOS-26.5.1-arm64-arm-64bit,natural-snake,natural photograph,natural,images/snake.png,600,450,128,cielab,CIELAB,4,270000,135,1.0546875,5,0.01874500000000001,0.019669800000000025,0.02007100000000006,1.094801,1.1124406,1.121397,1.0400820000000002,1.0711405999999999,1.080285,0.7756388859914467,0.7929011275136318,0.7952053402368446,0,0.0,0,0.0,0,0.0
85a2674e53a2d7b75c6944b5a87b04ee9ea182b1,macOS-26.5.1-arm64-arm-64bit,natural-snake,natural photograph,natural,images/snake.png,600,450,128,cielab,CIELAB,5,270000,538,4.203125,5,0.003487000000000018,0.0042411999999999676,0.004553999999999947,0.2958050000000001,0.3769654,0.408185,0.297307,0.3340248,0.3421700000000001,0.9628101511979051,0.9737005309166875,0.9749596510011346,0,0.0,0,0.0,0,0.0
85a2674e53a2d7b75c6944b5a87b04ee9ea182b1,macOS-26.5.1-arm64-arm-64bit,natural-snake,natural photograph,natural,images/snake.png,600,450,128,cielab,CIELAB,6,270000,2519,19.6796875,5,0.0005060000000000064,0.003188800000000036,0.0032520000000000326,0.16710500000000028,0.19890240000000006,0.19905799999999996,0.13935199999999992,0.20303140000000003,0.22540099999999996,0.9427215934071552,0.9569257114697961,0.9588410231174916,0,0.0,2,0.4,5,1.0
85a2674e53a2d7b75c6944b5a87b04ee9ea182b1,macOS-26.5.1-arm64-arm-64bit,natural-snake,natural photograph,natural,images/snake.png,600,450,128,cielab,CIELAB,7,270000,11187,87.3984375,5,0.0021260000000000723,0.002558199999999977,0.0028169999999999584,0.09600100000000023,0.12146240000000005,0.13369199999999992,0.07074100000000016,0.11224319999999996,0.11463999999999985,0.9469630387190591,0.9887491725979997,1.0004065084136544,1,0.2,2,0.4,5,1.0
85a2674e53a2d7b75c6944b5a87b04ee9ea182b1,macOS-26.5.1-arm64-arm-64bit,natural-snake,natural photograph,natural,images/snake.png,600,450,128,cielab,CIELAB,8,270000,37601,293.7578125,5,0.001294999999999935,0.0030098000000000845,0.0037250000000000894,0.04372799999999977,0.11847620000000011,0.14272300000000016,0.06699999999999995,0.0977874,0.11659700000000006,0.9719307395431314,0.9946997264373845,1.008435049583329,1,0.2,4,0.8,5,1.0
85a2674e53a2d7b75c6944b5a87b04ee9ea182b1,macOS-26.5.1-arm64-arm-64bit,natural-snake,natural photograph,natural,images/snake.png,600,450,128,din99d,DIN99d,4,270000,208,1.625,5,0.017015000000000002,0.017836800000000007,0.017988000000000004,0.7013540000000003,0.7180635999999998,0.7241619999999998,0.6672479999999998,0.7362711999999998,0.7630479999999997,0.7596081268084036,0.7644574902626533,0.7666643725746595,0,0.0,0,0.0,0,0.0
85a2674e53a2d7b75c6944b5a87b04ee9ea182b1,macOS-26.5.1-arm64-arm-64bit,natural-snake,natural photograph,natural,images/snake.png,600,450,128,din99d,DIN99d,5,270000,933,7.2890625,5,0.003394000000000008,0.003861800000000049,0.003929000000000071,0.1637360000000001,0.17661759999999982,0.1786399999999997,0.23391699999999993,0.2746731999999999,0.2882319999999998,0.9830333757586595,0.9960325364829208,0.9963947461763663,0,0.0,0,0.0,5,1.0
85a2674e53a2d7b75c6944b5a87b04ee9ea182b1,macOS-26.5.1-arm64-arm-64bit,natural-snake,natural photograph,natural,images/snake.png,600,450,128,din99d,DIN99d,6,270000,4206,32.859375,5,0.0025479999999999947,0.004645199999999994,0.005427999999999988,0.140698,0.15824399999999994,0.16662199999999983,0.18787500000000001,0.2590450000000001,0.26069699999999996,0.955027334899287,0.9801658293516883,0.9824864046113875,0,0.0,1,0.2,4,0.8
85a2674e53a2d7b75c6944b5a87b04ee9ea182b1,macOS-26.5.1-arm64-arm-64bit,natural-snake,natural photograph,natural,images/snake.png,600,450,128,din99d,DIN99d,7,270000,16161,126.2578125,5,0.0015600000000000058,0.003966599999999998,0.005417000000000005,0.04901400000000011,0.09300619999999996,0.11610299999999985,0.10302999999999995,0.1477444,0.1720919999999999,0.9379040472280541,0.9508648824996039,0.9590770913757376,1,0.2,4,0.8,4,0.8
85a2674e53a2d7b75c6944b5a87b04ee9ea182b1,macOS-26.5.1-arm64-arm-64bit,natural-snake,natural photograph,natural,images/snake.png,600,450,128,din99d,DIN99d,8,270000,41675,325.5859375,5,0.0005249999999999977,0.004049000000000036,0.005091000000000068,0.06777199999999972,0.08560379999999981,0.09656299999999973,0.07527299999999992,0.1511005999999999,0.17947499999999983,0.9582063493703318,0.9754985265208679,0.9849489917465628,2,0.4,3,0.6,4,0.8
85a2674e53a2d7b75c6944b5a87b04ee9ea182b1,macOS-26.5.1-arm64-arm-64bit,natural-snake,natural photograph,natural,images/snake.png,600,450,128,gamma,gamma sRGB,4,270000,612,4.78125,5,0.004865000000000008,0.005216199999999982,0.005305000000000004,0.17265200000000025,0.17833139999999997,0.17960500000000001,0.23757200000000012,0.258571,0.271533,0.9254009678444365,0.9485094634354894,0.9524704174383664,0,0.0,0,0.0,3,0.6
85a2674e53a2d7b75c6944b5a87b04ee9ea182b1,macOS-26.5.1-arm64-arm-64bit,natural-snake,natural photograph,natural,images/snake.png,600,450,128,gamma,gamma sRGB,5,270000,2967,23.1796875,5,0.0019089999999999385,0.003113599999999961,0.0031719999999999526,0.1514359999999999,0.26272400000000024,0.3188500000000003,0.12556699999999998,0.20714739999999995,0.22483299999999984,0.9711665936016142,0.9847080594546003,0.9879441557204399,0,0.0,1,0.2,4,0.8
85a2674e53a2d7b75c6944b5a87b04ee9ea182b1,macOS-26.5.1-arm64-arm-64bit,natural-snake,natural photograph,natural,images/snake.png,600,450,128,gamma,gamma sRGB,6,270000,13201,103.1328125,5,0.002211000000000074,0.0036037999999999574,0.004218999999999973,0.08685199999999993,0.24394640000000012,0.3031600000000001,0.11975500000000006,0.22907380000000005,0.2956430000000001,0.9347089767880014,0.9538877223437143,0.9592702701260161,0,0.0,2,0.4,4,0.8
85a2674e53a2d7b75c6944b5a87b04ee9ea182b1,macOS-26.5.1-arm64-arm-64bit,natural-snake,natural photograph,natural,images/snake.png,600,450,128,gamma,gamma sRGB,7,270000,43827,342.3984375,5,0.002230999999999983,0.002613199999999982,0.0026760000000000117,0.09255099999999983,0.17861100000000008,0.21172900000000006,0.11569999999999991,0.1335677999999999,0.13594899999999988,0.9531420345692603,0.9657707115588482,0.9713461751765445,0,0.0,2,0.4,5,1.0
85a2674e53a2d7b75c6944b5a87b04ee9ea182b1,macOS-26.5.1-arm64-arm-64bit,natural-snake,natural photograph,natural,images/snake.png,600,450,128,gamma,gamma sRGB,8,270000,62586,488.953125,5,0.0018329999999999735,0.0025697999999999333,0.002626999999999935,0.057466999999999935,0.08254180000000008,0.09041500000000013,0.07664099999999996,0.1327549999999999,0.16530899999999993,0.9654795205575785,0.9849354393592049,0.9905581323355946,0,0.0,3,0.6,5,1.0
85a2674e53a2d7b75c6944b5a87b04ee9ea182b1,macOS-26.5.1-arm64-arm-64bit,natural-snake,natural photograph,natural,images/snake.png,600,450,128,linear,linear RGB,4,270000,560,4.375,5,0.03435899999999992,0.03464960000000006,0.0347900000000001,1.1497219999999997,1.1938596000000001,1.1990220000000003,1.5898380000000003,1.7341546,1.7792009999999998,0.6845446271672495,0.7036111650872452,0.7135938523857747,0,0.0,0,0.0,0,0.0
85a2674e53a2d7b75c6944b5a87b04ee9ea182b1,macOS-26.5.1-arm64-arm-64bit,natural-snake,natural photograph,natural,images/snake.png,600,450,128,linear,linear RGB,5,270000,2197,17.1640625,5,0.005971999999999977,0.007151599999999992,0.007506000000000013,0.25357699999999994,0.3111807999999999,0.3267739999999999,0.3058270000000003,0.43825459999999994,0.46495299999999995,0.895748785080966,0.9197797417393845,0.9301900279978554,0,0.0,0,0.0,0,0.0
85a2674e53a2d7b75c6944b5a87b04ee9ea182b1,macOS-26.5.1-arm64-arm-64bit,natural-snake,natural photograph,natural,images/snake.png,600,450,128,linear,linear RGB,6,270000,7400,57.8125,5,0.004043000000000019,0.00550659999999994,0.005880999999999914,0.0765819999999997,0.17046220000000006,0.20374900000000018,0.05332499999999962,0.17304579999999986,0.2450589999999997,0.9817145274851644,0.9962355951697406,0.9974504080538512,0,0.0,0,0.0,4,0.8
85a2674e53a2d7b75c6944b5a87b04ee9ea182b1,macOS-26.5.1-arm64-arm-64bit,natural-snake,natural photograph,natural,images/snake.png,600,450,128,linear,linear RGB,7,270000,19853,155.1015625,5,0.0025260000000000282,0.003745799999999999,0.004202999999999957,0.01601299999999961,0.08478480000000001,0.11097199999999985,0.07635100000000028,0.16616380000000003,0.2020470000000001,0.9345632274833314,0.9477949864701594,0.9563948293322213,0,0.0,1,0.2,5,1.0
85a2674e53a2d7b75c6944b5a87b04ee9ea182b1,macOS-26.5.1-arm64-arm-64bit,natural-snake,natural photograph,natural,images/snake.png,600,450,128,linear,linear RGB,8,270000,38564,301.28125,5,0.002442999999999973,0.003238400000000064,0.0035440000000001026,-0.015035000000000132,0.08552699999999999,0.090055,0.05201099999999981,0.2064256,0.22431999999999985,0.969562185809557,1.011996198055467,1.0371656639065945,2,0.4,2,0.4,5,1.0
85a2674e53a2d7b75c6944b5a87b04ee9ea182b1,macOS-26.5.1-arm64-arm-64bit,natural-snake,natural photograph,natural,images/snake.png,600,450,128,oklab,OKLab,4,270000,126,0.984375,5,0.03026400000000007,0.03080339999999999,0.031054999999999944,1.201476,1.2231076,1.23103,1.073625,1.0752213999999998,1.0762569999999998,0.6702869010076148,0.6843036665037594,0.6847676855264109,0,0.0,0,0.0,0,0.0
85a2674e53a2d7b75c6944b5a87b04ee9ea182b1,macOS-26.5.1-arm64-arm-64bit,natural-snake,natural photograph,natural,images/snake.png,600,450,128,oklab,OKLab,5,270000,472,3.6875,5,0.00913799999999998,0.009824599999999961,0.01012499999999994,0.27517199999999997,0.3223723999999999,0.3509039999999999,0.21677499999999994,0.23701979999999995,0.246413,0.8927487037354219,0.911734089949255,0.9172886149907611,0,0.0,0,0.0,0,0.0
85a2674e53a2d7b75c6944b5a87b04ee9ea182b1,macOS-26.5.1-arm64-arm-64bit,natural-snake,natural photograph,natural,images/snake.png,600,450,128,oklab,OKLab,6,270000,2145,16.7578125,5,0.003078000000000025,0.003349000000000002,0.003430999999999962,0.1407370000000001,0.15784900000000013,0.1675270000000002,0.05227399999999993,0.09542779999999995,0.11670099999999994,0.9656231571930365,0.9843545477845381,0.9965277237126886,0,0.0,0,0.0,5,1.0
85a2674e53a2d7b75c6944b5a87b04ee9ea182b1,macOS-26.5.1-arm64-arm-64bit,natural-snake,natural photograph,natural,images/snake.png,600,450,128,oklab,OKLab,7,270000,9368,73.1875,5,0.0024250000000000105,0.003611399999999998,0.004264999999999963,0.09211500000000017,0.13585340000000007,0.14510500000000004,0.003646000000000038,0.09633539999999986,0.11492899999999984,0.9562261930568889,0.9642721118987536,0.9692074968592159,0,0.0,2,0.4,5,1.0
85a2674e53a2d7b75c6944b5a87b04ee9ea182b1,macOS-26.5.1-arm64-arm-64bit,natural-snake,natural photograph,natural,images/snake.png,600,450,128,oklab,OKLab,8,270000,31855,248.8671875,5,0.001923000000000008,0.002078800000000003,0.0021400000000000308,0.02878700000000034,0.07890999999999995,0.10861199999999993,-0.020199999999999996,0.0302890000000001,0.04484700000000008,0.9845330592882093,1.0136085306938791,1.0200520268805549,1,0.2,4,0.8,5,1.0
85a2674e53a2d7b75c6944b5a87b04ee9ea182b1,macOS-26.5.1-arm64-arm-64bit,natural-snake,natural photograph,natural,images/snake.png,600,450,256,cielab,CIELAB,4,270000,135,0.52734375,5,0.023707000000000034,0.02434039999999995,0.024737999999999927,1.3956449999999998,1.4360667999999999,1.4436959999999999,1.3154670000000002,1.3231256,1.3251739999999999,0.571331519116824,0.5761831486390054,0.579237568630505,0,0.0,0,0.0,0,0.0
85a2674e53a2d7b75c6944b5a87b04ee9ea182b1,macOS-26.5.1-arm64-arm-64bit,natural-snake,natural photograph,natural,images/snake.png,600,450,256,cielab,CIELAB,5,270000,538,2.1015625,5,0.005197000000000007,0.005917999999999979,0.006303999999999976,0.4021490000000001,0.4588924,0.4862059999999999,0.3854390000000001,0.3960302,0.3964970000000001,0.8903076763938533,0.8990287424136101,0.9016120867567462,0,0.0,0,0.0,0,0.0
85a2674e53a2d7b75c6944b5a87b04ee9ea182b1,macOS-26.5.1-arm64-arm-64bit,natural-snake,natural photograph,natural,images/snake.png,600,450,256,cielab,CIELAB,6,270000,2519,9.83984375,5,0.00119899999999995,0.0020117999999999412,0.002274999999999916,0.08960499999999993,0.14920639999999996,0.16677999999999993,0.09038600000000008,0.12358420000000003,0.12999300000000003,0.9922726530178063,0.9950758959509818,0.9962579338810794,1,0.2,3,0.6,5,1.0
85a2674e53a2d7b75c6944b5a87b04ee9ea182b1,macOS-26.5.1-arm64-arm-64bit,natural-snake,natural photograph,natural,images/snake.png,600,450,256,cielab,CIELAB,7,270000,11187,43.69921875,5,0.0008469999999999311,0.0013964000000000311,0.0015500000000000513,0.08760699999999999,0.09975540000000001,0.106541,0.051386000000000154,0.09599280000000002,0.10875999999999997,0.961828112635825,0.9778685376572813,0.9875043806705346,0,0.0,5,1.0,5,1.0
85a2674e53a2d7b75c6944b5a87b04ee9ea182b1,macOS-26.5.1-arm64-arm-64bit,natural-snake,natural photograph,natural,images/snake.png,600,450,256,cielab,CIELAB,8,270000,37601,146.87890625,5,0.0013570000000000526,0.002123800000000009,0.002578999999999998,0.0774379999999999,0.08346299999999998,0.08505699999999994,0.01854700000000009,0.03719839999999999,0.0429139999999999,0.9823424168936599,0.9944815013904007,0.9964564877540386,1,0.2,4,0.8,5,1.0
85a2674e53a2d7b75c6944b5a87b04ee9ea182b1,macOS-26.5.1-arm64-arm-64bit,natural-snake,natural photograph,natural,images/snake.png,600,450,256,din99d,DIN99d,4,270000,208,0.8125,5,0.022147000000000028,0.02230439999999998,0.022340000000000027,1.029015,1.0566038,1.0629849999999998,0.971965,1.0104748,1.0165739999999999,0.5907321908641032,0.5983695778088118,0.5989516662556321,0,0.0,0,0.0,0,0.0
85a2674e53a2d7b75c6944b5a87b04ee9ea182b1,macOS-26.5.1-arm64-arm-64bit,natural-snake,natural photograph,natural,images/snake.png,600,450,256,din99d,DIN99d,5,270000,933,3.64453125,5,0.0044079999999999675,0.004959599999999953,0.0049599999999999644,0.2671910000000002,0.28452840000000007,0.28736800000000007,0.2808759999999999,0.3010556,0.303018,0.9431928196464594,0.9594727604744138,0.9604428211843274,0,0.0,0,0.0,2,0.4
85a2674e53a2d7b75c6944b5a87b04ee9ea182b1,macOS-26.5.1-arm64-arm-64bit,natural-snake,natural photograph,natural,images/snake.png,600,450,256,din99d,DIN99d,6,270000,4206,16.4296875,5,0.0007169999999999677,0.0015135999999999817,0.0017159999999999398,0.09412600000000015,0.13528340000000005,0.14419300000000002,0.13041199999999997,0.15715659999999998,0.16011299999999995,1.0040264039180007,1.0187255673334672,1.0241264365136717,0,0.0,5,1.0,5,1.0
85a2674e53a2d7b75c6944b5a87b04ee9ea182b1,macOS-26.5.1-arm64-arm-64bit,natural-snake,natural photograph,natural,images/snake.png,600,450,256,din99d,DIN99d,7,270000,16161,63.12890625,5,0.0013419999999999543,0.0015465999999999536,0.001546999999999965,0.08588700000000005,0.1322808000000001,0.15592200000000012,0.06284999999999985,0.14189159999999998,0.1694199999999999,0.9517954277086277,0.9752089714036113,0.9886123866229796,0,0.0,4,0.8,5,1.0
85a2674e53a2d7b75c6944b5a87b04ee9ea182b1,macOS-26.5.1-arm64-arm-64bit,natural-snake,natural photograph,natural,images/snake.png,600,450,256,din99d,DIN99d,8,270000,41675,162.79296875,5,0.001466999999999996,0.002085199999999987,0.0024279999999999857,0.0264930000000001,0.07569119999999999,0.0861019999999999,0.04280200000000001,0.0777979999999999,0.07943199999999995,0.9769458495536026,0.9948013221301935,1.000127760893552,2,0.4,4,0.8,5,1.0
85a2674e53a2d7b75c6944b5a87b04ee9ea182b1,macOS-26.5.1-arm64-arm-64bit,natural-snake,natural photograph,natural,images/snake.png,600,450,256,gamma,gamma sRGB,4,270000,612,2.390625,5,0.006059000000000037,0.006518199999999963,0.006548999999999916,0.32050500000000026,0.32717779999999996,0.327885,0.37039600000000017,0.371587,0.37199099999999996,0.8388228714153279,0.8401036566377811,0.840582157606276,0,0.0,0,0.0,0,0.0
85a2674e53a2d7b75c6944b5a87b04ee9ea182b1,macOS-26.5.1-arm64-arm-64bit,natural-snake,natural photograph,natural,images/snake.png,600,450,256,gamma,gamma sRGB,5,270000,2967,11.58984375,5,0.0010890000000000066,0.0020961999999999483,0.002734999999999932,0.14534599999999998,0.18059120000000006,0.19930800000000004,0.11630000000000007,0.15666199999999994,0.16856399999999994,0.9908788624052834,0.9952806947299149,0.9953250586745077,0,0.0,3,0.6,5,1.0
85a2674e53a2d7b75c6944b5a87b04ee9ea182b1,macOS-26.5.1-arm64-arm-64bit,natural-snake,natural photograph,natural,images/snake.png,600,450,256,gamma,gamma sRGB,6,270000,13201,51.56640625,5,0.0011280000000000179,0.0017074000000000034,0.0017650000000000166,0.11159799999999986,0.12960060000000012,0.14090500000000006,0.05729899999999999,0.11131120000000005,0.12192000000000003,0.9454374626746447,0.963183552937501,0.968931817750536,0,0.0,5,1.0,5,1.0
85a2674e53a2d7b75c6944b5a87b04ee9ea182b1,macOS-26.5.1-arm64-arm-64bit,natural-snake,natural photograph,natural,images/snake.png,600,450,256,gamma,gamma sRGB,7,270000,43827,171.19921875,5,0.0011419999999999764,0.0018921999999999663,0.002082999999999946,0.07009500000000002,0.07535960000000014,0.07611600000000007,0.047817999999999916,0.09249800000000005,0.1020620000000001,0.9681775346495967,0.9768682236981995,0.9819112025423339,1,0.2,4,0.8,5,1.0
85a2674e53a2d7b75c6944b5a87b04ee9ea182b1,macOS-26.5.1-arm64-arm-64bit,natural-snake,natural photograph,natural,images/snake.png,600,450,256,gamma,gamma sRGB,8,270000,62586,244.4765625,5,0.0009569999999999856,0.0016653999999999504,0.002078999999999942,0.022276000000000185,0.0417036,0.04829400000000006,0.032280000000000086,0.05925519999999991,0.06209399999999987,0.9821906053432015,0.9940658802632001,0.9989525020399643,3,0.6,4,0.8,5,1.0
85a2674e53a2d7b75c6944b5a87b04ee9ea182b1,macOS-26.5.1-arm64-arm-64bit,natural-snake,natural photograph,natural,images/snake.png,600,450,256,linear,linear RGB,4,270000,560,2.1875,5,0.03820900000000005,0.038538800000000026,0.038694000000000006,1.4757609999999999,1.4932950000000003,1.4960870000000002,2.055048,2.0773628,2.084174,0.5602355689270223,0.5664144044366951,0.567720998876348,0,0.0,0,0.0,0,0.0
85a2674e53a2d7b75c6944b5a87b04ee9ea182b1,macOS-26.5.1-arm64-arm-64bit,natural-snake,natural photograph,natural,images/snake.png,600,450,256,linear,linear RGB,5,270000,2197,8.58203125,5,0.007017999999999969,0.007674999999999965,0.00807099999999994,0.36906399999999984,0.3831052,0.38981200000000005,0.5457349999999999,0.5752063999999999,0.5820999999999998,0.8571141966278516,0.8689013694389413,0.8767588508561558,0,0.0,0,0.0,0,0.0
85a2674e53a2d7b75c6944b5a87b04ee9ea182b1,macOS-26.5.1-arm64-arm-64bit,natural-snake,natural photograph,natural,images/snake.png,600,450,256,linear,linear RGB,6,270000,7400,28.90625,5,0.0019329999999999625,0.0025092000000000335,0.0025120000000000697,0.132193,0.18532460000000003,0.2149390000000002,0.14558500000000008,0.20467779999999994,0.2317229999999999,0.9998784107870595,1.003689577108946,1.0041545804876826,0,0.0,3,0.6,5,1.0
85a2674e53a2d7b75c6944b5a87b04ee9ea182b1,macOS-26.5.1-arm64-arm-64bit,natural-snake,natural photograph,natural,images/snake.png,600,450,256,linear,linear RGB,7,270000,19853,77.55078125,5,0.001346999999999987,0.0017607999999999847,0.0018639999999999768,0.03631999999999991,0.07492620000000016,0.08327300000000015,0.05285300000000004,0.07507160000000007,0.08577000000000012,0.9800542287263678,1.0051734487531683,1.008188404581817,1,0.2,5,1.0,5,1.0
85a2674e53a2d7b75c6944b5a87b04ee9ea182b1,macOS-26.5.1-arm64-arm-64bit,natural-snake,natural photograph,natural,images/snake.png,600,450,256,linear,linear RGB,8,270000,38564,150.640625,5,0.0009930000000000216,0.0016003999999999908,0.0017719999999999958,0.009879999999999889,0.05078079999999989,0.06603199999999987,0.07020099999999996,0.11196599999999998,0.12979999999999992,0.9721964284977322,0.9910356957790678,0.9961087379939312,3,0.6,5,1.0,5,1.0
85a2674e53a2d7b75c6944b5a87b04ee9ea182b1,macOS-26.5.1-arm64-arm-64bit,natural-snake,natural photograph,natural,images/snake.png,600,450,256,oklab,OKLab,4,270000,126,0.4921875,5,0.03390099999999996,0.03403360000000007,0.03404800000000008,1.523442,1.5624946,1.572209,1.4855069999999997,1.5048110000000001,1.5054450000000001,0.49191226176559566,0.49306884891741914,0.4937385330490088,0,0.0,0,0.0,0,0.0
85a2674e53a2d7b75c6944b5a87b04ee9ea182b1,macOS-26.5.1-arm64-arm-64bit,natural-snake,natural photograph,natural,images/snake.png,600,450,256,oklab,OKLab,5,270000,472,1.84375,5,0.010404999999999998,0.01044980000000002,0.010463,0.46740300000000023,0.4826924,0.49205999999999994,0.5028889999999999,0.5221818000000001,0.5223090000000001,0.7818664939878752,0.7850069116730851,0.7869699833053845,0,0.0,0,0.0,0,0.0
85a2674e53a2d7b75c6944b5a87b04ee9ea182b1,macOS-26.5.1-arm64-arm-64bit,natural-snake,natural photograph,natural,images/snake.png,600,450,256,oklab,OKLab,6,270000,2145,8.37890625,5,0.003434999999999966,0.003792400000000029,0.003970000000000029,0.17881700000000023,0.20108959999999992,0.20218000000000003,0.172134,0.2027182,0.219827,0.954961386930616,0.9649658251249145,0.9667370035019557,0,0.0,0,0.0,5,1.0
85a2674e53a2d7b75c6944b5a87b04ee9ea182b1,macOS-26.5.1-arm64-arm-64bit,natural-snake,natural photograph,natural,images/snake.png,600,450,256,oklab,OKLab,7,270000,9368,36.59375,5,0.001782999999999979,0.0019000000000000572,0.0019480000000000608,0.10795599999999994,0.15635400000000002,0.17589600000000005,0.035984000000000016,0.1379304,0.17059000000000002,0.944723129714495,0.9624421521120652,0.9628922831599696,1,0.2,4,0.8,5,1.0
85a2674e53a2d7b75c6944b5a87b04ee9ea182b1,macOS-26.5.1-arm64-arm-64bit,natural-snake,natural photograph,natural,images/snake.png,600,450,256,oklab,OKLab,8,270000,31855,124.43359375,5,0.0006939999999999724,0.0010431999999999998,0.0010780000000000234,0.048866000000000076,0.09241479999999998,0.09906799999999993,0.022275000000000045,0.11421900000000013,0.14065100000000008,0.9745781718412416,0.9859155206346237,0.9883776753117708,3,0.6,5,1.0,5,1.0
85a2674e53a2d7b75c6944b5a87b04ee9ea182b1,macOS-26.5.1-arm64-arm-64bit,rare-colors,sparse rare colors,rare-color,images/measurements/palette-pipeline/rare-colors-600x450.png,600,450,64,cielab,CIELAB,4,270000,200,3.125,5,0.019306000000000045,0.020971800000000006,0.02141700000000002,0.22582499999999994,0.3302870000000001,0.3808530000000001,-0.19624799999999998,-0.10380859999999997,-0.075631,1.000837180376492,1.0079206276255643,1.0089274898854084,0,0.0,0,0.0,0,0.0
85a2674e53a2d7b75c6944b5a87b04ee9ea182b1,macOS-26.5.1-arm64-arm-64bit,rare-colors,sparse rare colors,rare-color,images/measurements/palette-pipeline/rare-colors-600x450.png,600,450,64,cielab,CIELAB,5,270000,760,11.875,5,0.0011680000000000579,0.003356000000000048,0.0043880000000000585,-0.005325000000000024,0.09332420000000005,0.14747100000000013,-0.08558200000000005,-0.009063000000000036,0.026866999999999974,1.000736706078429,1.014399541719841,1.0172884771813955,2,0.4,4,0.8,5,1.0
85a2674e53a2d7b75c6944b5a87b04ee9ea182b1,macOS-26.5.1-arm64-arm-64bit,rare-colors,sparse rare colors,rare-color,images/measurements/palette-pipeline/rare-colors-600x450.png,600,450,64,cielab,CIELAB,6,270000,3120,48.75,5,-0.00011899999999998023,0.0047184000000000115,0.005576000000000025,-0.18414799999999998,0.08818880000000004,0.09521000000000002,-0.15529700000000002,0.05817099999999997,0.06140499999999993,0.9926208620668833,1.0088850023162068,1.0097369091990724,3,0.6,3,0.6,4,0.8
85a2674e53a2d7b75c6944b5a87b04ee9ea182b1,macOS-26.5.1-arm64-arm-64bit,rare-colors,sparse rare colors,rare-color,images/measurements/palette-pipeline/rare-colors-600x450.png,600,450,64,cielab,CIELAB,7,270000,6508,101.6875,5,0.04272900000000002,0.04383379999999995,0.044386999999999954,0.04110400000000025,0.13229539999999998,0.14343099999999986,-0.4092739999999999,-0.18077660000000007,-0.13319500000000017,0.9879349283221217,0.9932692568802968,0.994208845775614,0,0.0,0,0.0,0,0.0
85a2674e53a2d7b75c6944b5a87b04ee9ea182b1,macOS-26.5.1-arm64-arm-64bit,rare-colors,sparse rare colors,rare-color,images/measurements/palette-pipeline/rare-colors-600x450.png,600,450,64,cielab,CIELAB,8,270000,7860,122.8125,5,0.044354000000000005,0.053908000000000005,0.06013999999999997,0.13259999999999983,0.40089260000000004,0.4392309999999999,-0.351996,-0.034653000000000087,0.1334209999999998,0.9883817828287098,0.9984410961466428,1.0009469811939247,0,0.0,0,0.0,0,0.0
85a2674e53a2d7b75c6944b5a87b04ee9ea182b1,macOS-26.5.1-arm64-arm-64bit,rare-colors,sparse rare colors,rare-color,images/measurements/palette-pipeline/rare-colors-600x450.png,600,450,64,din99d,DIN99d,4,270000,166,2.59375,5,0.02486900000000003,0.025367600000000046,0.02545200000000003,0.672837,0.7004789999999999,0.7078869999999999,-0.03847299999999998,0.03161580000000002,0.04567699999999997,0.9957614942528735,1.0035411918852377,1.0045221040445698,0,0.0,0,0.0,0,0.0
85a2674e53a2d7b75c6944b5a87b04ee9ea182b1,macOS-26.5.1-arm64-arm-64bit,rare-colors,sparse rare colors,rare-color,images/measurements/palette-pipeline/rare-colors-600x450.png,600,450,64,din99d,DIN99d,5,270000,565,8.828125,5,0.0027800000000000047,0.003666000000000036,0.003854000000000024,0.14326800000000006,0.1927984000000001,0.19395000000000007,0.05624399999999996,0.1353766,0.13923699999999994,0.9946458288112293,1.0044747727419787,1.0047857194132708,1,0.2,1,0.2,5,1.0
85a2674e53a2d7b75c6944b5a87b04ee9ea182b1,macOS-26.5.1-arm64-arm-64bit,rare-colors,sparse rare colors,rare-color,images/measurements/palette-pipeline/rare-colors-600x450.png,600,450,64,din99d,DIN99d,6,270000,2311,36.109375,5,0.011128000000000027,0.017951200000000056,0.02192800000000006,0.1787780000000001,0.26093619999999995,0.28295899999999996,-0.009655999999999998,0.04365560000000002,0.04436600000000002,0.9920019157088122,0.996758898795679,0.9982273352145287,1,0.2,1,0.2,2,0.4
85a2674e53a2d7b75c6944b5a87b04ee9ea182b1,macOS-26.5.1-arm64-arm-64bit,rare-colors,sparse rare colors,rare-color,images/measurements/palette-pipeline/rare-colors-600x450.png,600,450,64,din99d,DIN99d,7,270000,5858,91.53125,5,0.020885000000000042,0.032276799999999994,0.032955999999999985,0.3437929999999999,0.37827540000000004,0.378973,-0.029098999999999986,0.05255879999999998,0.09612399999999999,0.9822612932011673,0.9895160276785029,0.9922710631475676,0,0.0,0,0.0,0,0.0
85a2674e53a2d7b75c6944b5a87b04ee9ea182b1,macOS-26.5.1-arm64-arm-64bit,rare-colors,sparse rare colors,rare-color,images/measurements/palette-pipeline/rare-colors-600x450.png,600,450,64,din99d,DIN99d,8,270000,7561,118.140625,5,0.02667799999999998,0.04051680000000005,0.04664400000000002,0.264922,0.42937539999999996,0.5133449999999999,-0.11079700000000003,0.04229839999999998,0.11383399999999999,0.9861350574712644,0.9947041215468437,0.9978655668909631,0,0.0,0,0.0,0,0.0
85a2674e53a2d7b75c6944b5a87b04ee9ea182b1,macOS-26.5.1-arm64-arm-64bit,rare-colors,sparse rare colors,rare-color,images/measurements/palette-pipeline/rare-colors-600x450.png,600,450,64,gamma,gamma sRGB,4,270000,1520,23.75,5,0.021584999999999965,0.02249600000000003,0.02268800000000004,0.7225320000000001,0.7302950000000001,0.733813,-0.044620999999999994,-0.0258508,-0.025111999999999995,0.9785624813599761,0.9859685927326963,0.9886106691231891,0,0.0,0,0.0,0,0.0
85a2674e53a2d7b75c6944b5a87b04ee9ea182b1,macOS-26.5.1-arm64-arm-64bit,rare-colors,sparse rare colors,rare-color,images/measurements/palette-pipeline/rare-colors-600x450.png,600,450,64,gamma,gamma sRGB,5,270000,6940,108.4375,5,0.005463999999999913,0.0065469999999999695,0.0067789999999999795,0.20988300000000004,0.21515120000000004,0.21743,-0.04625099999999999,-0.029285600000000005,-0.027796000000000015,0.9945933071335,0.9983825887360045,1.0001435629942454,0,0.0,0,0.0,2,0.4
85a2674e53a2d7b75c6944b5a87b04ee9ea182b1,macOS-26.5.1-arm64-arm-64bit,rare-colors,sparse rare colors,rare-color,images/measurements/palette-pipeline/rare-colors-600x450.png,600,450,64,gamma,gamma sRGB,6,270000,8240,128.75,5,0.002754000000000034,0.0035411999999999996,0.003605999999999998,0.21285300000000007,0.2582184,0.26126400000000005,-0.043227000000000015,-0.014048799999999993,-0.00986999999999999,0.9892514166418133,0.9923337367341771,0.9941856987330566,0,0.0,0,0.0,3,0.6
85a2674e53a2d7b75c6944b5a87b04ee9ea182b1,macOS-26.5.1-arm64-arm-64bit,rare-colors,sparse rare colors,rare-color,images/measurements/palette-pipeline/rare-colors-600x450.png,600,450,64,gamma,gamma sRGB,7,270000,8256,129.0,5,0.035138,0.03586480000000001,0.035984000000000016,0.6786409999999999,0.7221656,0.7415799999999999,-0.04028699999999999,-0.020521200000000003,-0.011716000000000004,0.9817553888293438,0.9888063200086578,0.9894241927572469,0,0.0,0,0.0,0,0.0
85a2674e53a2d7b75c6944b5a87b04ee9ea182b1,macOS-26.5.1-arm64-arm-64bit,rare-colors,sparse rare colors,rare-color,images/measurements/palette-pipeline/rare-colors-600x450.png,600,450,64,gamma,gamma sRGB,8,270000,8256,129.0,5,0.03524299999999991,0.06493080000000001,0.065218,0.7439870000000001,1.1148044000000001,1.1249120000000001,-0.047312999999999994,-0.025307600000000006,-0.02237,0.9805168512564011,0.990741971967602,0.9940182085731035,0,0.0,0,0.0,0,0.0
85a2674e53a2d7b75c6944b5a87b04ee9ea182b1,macOS-26.5.1-arm64-arm-64bit,rare-colors,sparse rare colors,rare-color,images/measurements/palette-pipeline/rare-colors-600x450.png,600,450,64,linear,linear RGB,4,270000,670,10.46875,5,0.06985400000000008,0.07032799999999997,0.07040999999999997,1.4178990000000002,1.4446414,1.447809,-0.044634000000000035,-0.040215599999999976,-0.03869799999999998,0.9729605053049927,0.9828157405995495,0.985159803722585,0,0.0,0,0.0,0,0.0
85a2674e53a2d7b75c6944b5a87b04ee9ea182b1,macOS-26.5.1-arm64-arm-64bit,rare-colors,sparse rare colors,rare-color,images/measurements/palette-pipeline/rare-colors-600x450.png,600,450,64,linear,linear RGB,5,270000,2498,39.03125,5,0.022526000000000046,0.022909000000000023,0.022990999999999984,0.4179409999999999,0.44111500000000003,0.45029699999999995,-0.04235100000000003,-0.03598419999999999,-0.03487499999999999,0.983595870521163,0.9867179169190561,0.9870005214011471,0,0.0,0,0.0,0,0.0
85a2674e53a2d7b75c6944b5a87b04ee9ea182b1,macOS-26.5.1-arm64-arm-64bit,rare-colors,sparse rare colors,rare-color,images/measurements/palette-pipeline/rare-colors-600x450.png,600,450,64,linear,linear RGB,6,270000,5205,81.328125,5,0.02262900000000001,0.022781400000000042,0.022785000000000055,0.352313,0.35869719999999994,0.36268599999999995,-0.023392999999999997,-0.003960200000000013,0.002238999999999991,0.9732484680392087,0.9819460689560016,0.9832137441946537,0,0.0,0,0.0,0,0.0
85a2674e53a2d7b75c6944b5a87b04ee9ea182b1,macOS-26.5.1-arm64-arm-64bit,rare-colors,sparse rare colors,rare-color,images/measurements/palette-pipeline/rare-colors-600x450.png,600,450,64,linear,linear RGB,7,270000,7252,113.3125,5,0.007411000000000056,0.018786800000000013,0.019510000000000027,0.300963,0.4590096,0.4936900000000001,-0.01500199999999996,-0.002827999999999996,0.0042220000000000035,0.9776508508318719,0.9802055958977931,0.9811693457767053,0,0.0,0,0.0,2,0.4
85a2674e53a2d7b75c6944b5a87b04ee9ea182b1,macOS-26.5.1-arm64-arm-64bit,rare-colors,sparse rare colors,rare-color,images/measurements/palette-pipeline/rare-colors-600x450.png,600,450,64,linear,linear RGB,8,270000,8034,125.53125,5,0.012097000000000024,0.0230372,0.023514000000000035,0.320661,0.4766454,0.48709100000000005,-0.03400399999999998,-0.013471999999999984,-0.009421999999999986,0.9783214213751497,0.9840736789645294,0.9845594160307153,0,0.0,0,0.0,0,0.0
85a2674e53a2d7b75c6944b5a87b04ee9ea182b1,macOS-26.5.1-arm64-arm-64bit,rare-colors,sparse rare colors,rare-color,images/measurements/palette-pipeline/rare-colors-600x450.png,600,450,64,oklab,OKLab,4,270000,191,2.984375,5,0.022521000000000013,0.024228199999999943,0.024480999999999975,0.04576100000000016,0.16974340000000004,0.21290500000000012,-0.28303100000000003,-0.15259720000000002,-0.08688200000000013,1.0078739208025853,1.0108357575092621,1.0125346000894466,0,0.0,0,0.0,0,0.0
85a2674e53a2d7b75c6944b5a87b04ee9ea182b1,macOS-26.5.1-arm64-arm-64bit,rare-colors,sparse rare colors,rare-color,images/measurements/palette-pipeline/rare-colors-600x450.png,600,450,64,oklab,OKLab,5,270000,701,10.953125,5,0.0027089999999999614,0.003747799999999946,0.0038289999999999713,-0.014666999999999986,0.0968332000000001,0.1394540000000002,-0.08404300000000009,0.025337999999999923,0.09509599999999985,1.0031826629900025,1.004918284397305,1.0058763661036663,1,0.2,2,0.4,5,1.0
85a2674e53a2d7b75c6944b5a87b04ee9ea182b1,macOS-26.5.1-arm64-arm-64bit,rare-colors,sparse rare colors,rare-color,images/measurements/palette-pipeline/rare-colors-600x450.png,600,450,64,oklab,OKLab,6,270000,2949,46.078125,5,0.015245999999999982,0.0254008,0.03117599999999998,-0.1528130000000001,0.06896120000000014,0.14028000000000018,-0.2688250000000001,0.010017999999999971,0.11644799999999988,0.9994426539365595,1.0043078329876327,1.0059325712632037,0,0.0,1,0.2,1,0.2
85a2674e53a2d7b75c6944b5a87b04ee9ea182b1,macOS-26.5.1-arm64-arm-64bit,rare-colors,sparse rare colors,rare-color,images/measurements/palette-pipeline/rare-colors-600x450.png,600,450,64,oklab,OKLab,7,270000,6196,96.8125,5,0.00459900000000002,0.011895999999999995,0.013449999999999962,-0.0877349999999999,0.0505532000000001,0.056116000000000055,-0.117502,-0.06994200000000017,-0.040592000000000183,0.9989991800511262,1.0046947169327243,1.0052720448002332,1,0.2,2,0.4,3,0.6
85a2674e53a2d7b75c6944b5a87b04ee9ea182b1,macOS-26.5.1-arm64-arm-64bit,rare-colors,sparse rare colors,rare-color,images/measurements/palette-pipeline/rare-colors-600x450.png,600,450,64,oklab,OKLab,8,270000,7704,120.375,5,0.020134999999999903,0.027954799999999988,0.030025999999999997,0.07422000000000017,0.23939539999999998,0.28856100000000007,-0.18627700000000003,-0.026633600000000066,0.026893999999999973,0.9980781085687348,1.0050509934324012,1.0068755238638987,0,0.0,0,0.0,0,0.0
85a2674e53a2d7b75c6944b5a87b04ee9ea182b1,macOS-26.5.1-arm64-arm-64bit,rare-colors,sparse rare colors,rare-color,images/measurements/palette-pipeline/rare-colors-600x450.png,600,450,128,cielab,CIELAB,4,270000,200,1.5625,5,0.02263599999999999,0.02337280000000006,0.02357000000000009,0.32741599999999993,0.40601279999999995,0.41446399999999994,-0.17122799999999994,-0.11016980000000011,-0.0812790000000001,0.9968644889116927,1.0021597925879138,1.0041495202833595,0,0.0,0,0.0,0,0.0
85a2674e53a2d7b75c6944b5a87b04ee9ea182b1,macOS-26.5.1-arm64-arm-64bit,rare-colors,sparse rare colors,rare-color,images/measurements/palette-pipeline/rare-colors-600x450.png,600,450,128,cielab,CIELAB,5,270000,760,5.9375,5,0.0048599999999999755,0.005589999999999961,0.005647999999999986,0.09669700000000003,0.18119020000000002,0.2005730000000001,-0.04187800000000008,0.010812799999999892,0.027607999999999855,1.010843167436292,1.0136235384892536,1.013732390330013,0,0.0,0,0.0,3,0.6
85a2674e53a2d7b75c6944b5a87b04ee9ea182b1,macOS-26.5.1-arm64-arm-64bit,rare-colors,sparse rare colors,rare-color,images/measurements/palette-pipeline/rare-colors-600x450.png,600,450,128,cielab,CIELAB,6,270000,3120,24.375,5,-0.0027449999999999974,-0.002062199999999992,-0.0019249999999999545,-0.22548600000000008,-0.12998999999999997,-0.1099699999999999,-0.1630830000000001,-0.09817000000000013,-0.08482200000000018,1.0112635837233284,1.0212065895539137,1.0229798153366783,5,1.0,5,1.0,5,1.0
85a2674e53a2d7b75c6944b5a87b04ee9ea182b1,macOS-26.5.1-arm64-arm-64bit,rare-colors,sparse rare colors,rare-color,images/measurements/palette-pipeline/rare-colors-600x450.png,600,450,128,cielab,CIELAB,7,270000,6508,50.84375,5,-0.004105000000000025,-0.0033399999999999654,-0.0031359999999999166,-0.19651399999999986,-0.09818559999999991,-0.07807199999999992,-0.17237499999999994,-0.11596400000000004,-0.10285000000000011,0.9954865168281898,1.00623422768039,1.0113481355815632,5,1.0,5,1.0,5,1.0
85a2674e53a2d7b75c6944b5a87b04ee9ea182b1,macOS-26.5.1-arm64-arm-64bit,rare-colors,sparse rare colors,rare-color,images/measurements/palette-pipeline/rare-colors-600x450.png,600,450,128,cielab,CIELAB,8,270000,7860,61.40625,5,-0.003709999999999991,-0.0036890000000000312,-0.0036770000000000413,-0.19419300000000006,-0.1074548,-0.09351799999999999,-0.16781599999999997,-0.11432699999999998,-0.08995500000000001,0.9954148947145198,1.0075973942086467,1.0118793960638761,5,1.0,5,1.0,5,1.0
85a2674e53a2d7b75c6944b5a87b04ee9ea182b1,macOS-26.5.1-arm64-arm-64bit,rare-colors,sparse rare colors,rare-color,images/measurements/palette-pipeline/rare-colors-600x450.png,600,450,128,din99d,DIN99d,4,270000,166,1.296875,5,0.027158000000000015,0.0279326,0.028169,0.64727,0.7579498,0.767081,-0.10106400000000004,-0.01071140000000001,0.01800299999999999,0.9623340879833089,0.9723107523793867,0.9757754106431544,0,0.0,0,0.0,0,0.0
85a2674e53a2d7b75c6944b5a87b04ee9ea182b1,macOS-26.5.1-arm64-arm-64bit,rare-colors,sparse rare colors,rare-color,images/measurements/palette-pipeline/rare-colors-600x450.png,600,450,128,din99d,DIN99d,5,270000,565,4.4140625,5,0.005638000000000032,0.005740200000000018,0.00575900000000007,0.10426100000000005,0.2012524000000001,0.2264640000000001,-0.07844399999999996,0.012723600000000064,0.04376600000000008,0.9826774618715872,0.9861050248492287,0.9878037864208029,0,0.0,0,0.0,1,0.2
85a2674e53a2d7b75c6944b5a87b04ee9ea182b1,macOS-26.5.1-arm64-arm-64bit,rare-colors,sparse rare colors,rare-color,images/measurements/palette-pipeline/rare-colors-600x450.png,600,450,128,din99d,DIN99d,6,270000,2311,18.0546875,5,-0.0008630000000000582,-0.0006807999999999481,-0.0006299999999999084,-0.05754199999999998,0.04813260000000002,0.07366899999999998,-0.05010199999999998,0.06143160000000002,0.09141200000000005,0.9845271190758359,0.9928483415022491,0.9947194866538924,4,0.8,5,1.0,5,1.0
85a2674e53a2d7b75c6944b5a87b04ee9ea182b1,macOS-26.5.1-arm64-arm-64bit,rare-colors,sparse rare colors,rare-color,images/measurements/palette-pipeline/rare-colors-600x450.png,600,450,128,din99d,DIN99d,7,270000,5858,45.765625,5,-0.0025570000000000315,-0.0025391999999999195,-0.002529999999999921,-0.20411100000000004,-0.10450459999999999,-0.08154099999999997,-0.09244399999999997,0.018067800000000064,0.04787700000000006,0.9840977234869517,0.9890584424333309,0.989238447484515,5,1.0,5,1.0,5,1.0
85a2674e53a2d7b75c6944b5a87b04ee9ea182b1,macOS-26.5.1-arm64-arm-64bit,rare-colors,sparse rare colors,rare-color,images/measurements/palette-pipeline/rare-colors-600x450.png,600,450,128,din99d,DIN99d,8,270000,7561,59.0703125,5,-0.002642999999999951,-0.002358400000000005,-0.0022180000000000533,-0.20607299999999995,-0.08697239999999996,-0.06163399999999997,-0.09745599999999999,0.03373300000000004,0.06325900000000007,0.9699545474800588,0.9708873582457795,0.9712159911160466,5,1.0,5,1.0,5,1.0
85a2674e53a2d7b75c6944b5a87b04ee9ea182b1,macOS-26.5.1-arm64-arm-64bit,rare-colors,sparse rare colors,rare-color,images/measurements/palette-pipeline/rare-colors-600x450.png,600,450,128,gamma,gamma sRGB,4,270000,1520,11.875,5,0.026859999999999995,0.02750760000000003,0.02769200000000005,0.896081,0.9080636,0.911686,0.0061239999999999906,0.016464,0.020982,0.9648375836538675,0.9678785105396472,0.9694895954273466,0,0.0,0,0.0,0,0.0
85a2674e53a2d7b75c6944b5a87b04ee9ea182b1,macOS-26.5.1-arm64-arm-64bit,rare-colors,sparse rare colors,rare-color,images/measurements/palette-pipeline/rare-colors-600x450.png,600,450,128,gamma,gamma sRGB,5,270000,6940,54.21875,5,0.010261999999999993,0.010754200000000047,0.011025000000000063,0.370683,0.3775808,0.378278,-0.00703899999999999,0.005386199999999991,0.006598999999999994,0.9709246582978439,0.9780757593287801,0.9784540501920157,0,0.0,0,0.0,0,0.0
85a2674e53a2d7b75c6944b5a87b04ee9ea182b1,macOS-26.5.1-arm64-arm-64bit,rare-colors,sparse rare colors,rare-color,images/measurements/palette-pipeline/rare-colors-600x450.png,600,450,128,gamma,gamma sRGB,6,270000,8240,64.375,5,0.0007439999999999669,0.0011040000000000604,0.0012720000000000509,0.03633799999999998,0.052086199999999985,0.05650099999999997,-0.0030000000000000027,0.006608199999999999,0.011454999999999993,0.9831980492367305,0.9873298825816146,0.9879208716620523,3,0.6,5,1.0,5,1.0
85a2674e53a2d7b75c6944b5a87b04ee9ea182b1,macOS-26.5.1-arm64-arm-64bit,rare-colors,sparse rare colors,rare-color,images/measurements/palette-pipeline/rare-colors-600x450.png,600,450,128,gamma,gamma sRGB,7,270000,8256,64.5,5,-0.0008389999999999231,-0.0007895999999999904,-0.0007679999999999909,-0.06201200000000001,-0.04293859999999999,-0.036441,0.005094999999999988,0.0117758,0.01586499999999999,0.9739422371434289,0.9798578023174757,0.9820375993569707,5,1.0,5,1.0,5,1.0
85a2674e53a2d7b75c6944b5a87b04ee9ea182b1,macOS-26.5.1-arm64-arm-64bit,rare-colors,sparse rare colors,rare-color,images/measurements/palette-pipeline/rare-colors-600x450.png,600,450,128,gamma,gamma sRGB,8,270000,8256,64.5,5,-0.0009919999999999929,-0.0007492000000000054,-0.0006720000000000059,-0.06307800000000002,-0.04354279999999999,-0.03939199999999998,0.007693000000000005,0.011714399999999996,0.011731999999999992,0.9724192364986549,0.9797987549851546,0.9807202822184514,5,1.0,5,1.0,5,1.0
85a2674e53a2d7b75c6944b5a87b04ee9ea182b1,macOS-26.5.1-arm64-arm-64bit,rare-colors,sparse rare colors,rare-color,images/measurements/palette-pipeline/rare-colors-600x450.png,600,450,128,linear,linear RGB,4,270000,670,5.234375,5,0.07535099999999995,0.07579960000000002,0.07600800000000008,1.6139719999999997,1.6536594,1.665079,-0.005702000000000013,0.0005590000000000048,0.004725000000000007,0.9681820723592238,0.9701365278582268,0.9702743645850866,0,0.0,0,0.0,0,0.0
85a2674e53a2d7b75c6944b5a87b04ee9ea182b1,macOS-26.5.1-arm64-arm-64bit,rare-colors,sparse rare colors,rare-color,images/measurements/palette-pipeline/rare-colors-600x450.png,600,450,128,linear,linear RGB,5,270000,2498,19.515625,5,0.028943000000000052,0.029550000000000035,0.029750000000000054,0.614166,0.6681014000000001,0.6789270000000001,-0.0021770000000000123,-0.0005809999999999981,8.500000000000174e-05,0.9759013240293434,0.9785580813807393,0.9799809875300565,0,0.0,0,0.0,0,0.0
85a2674e53a2d7b75c6944b5a87b04ee9ea182b1,macOS-26.5.1-arm64-arm-64bit,rare-colors,sparse rare colors,rare-color,images/measurements/palette-pipeline/rare-colors-600x450.png,600,450,128,linear,linear RGB,6,270000,5205,40.6640625,5,0.0018099999999999783,0.0024585999999999775,0.002599000000000018,0.153094,0.19202740000000001,0.20047699999999996,0.003183000000000019,0.011235199999999983,0.013279999999999986,0.9886831275720165,0.994015497675254,0.9963248064360707,0,0.0,2,0.4,5,1.0
85a2674e53a2d7b75c6944b5a87b04ee9ea182b1,macOS-26.5.1-arm64-arm-64bit,rare-colors,sparse rare colors,rare-color,images/measurements/palette-pipeline/rare-colors-600x450.png,600,450,128,linear,linear RGB,7,270000,7252,56.65625,5,0.0006309999999999372,0.0012817999999999996,0.0013130000000000086,0.006840000000000013,0.05201220000000002,0.06616900000000003,0.013704999999999995,0.01684880000000001,0.017656000000000005,0.9877979091734176,0.994855148780285,0.9952704666920101,3,0.6,5,1.0,5,1.0
85a2674e53a2d7b75c6944b5a87b04ee9ea182b1,macOS-26.5.1-arm64-arm-64bit,rare-colors,sparse rare colors,rare-color,images/measurements/palette-pipeline/rare-colors-600x450.png,600,450,128,linear,linear RGB,8,270000,8034,62.765625,5,-0.0009100000000000774,-0.00037700000000000504,-0.00017100000000003224,-0.054889999999999994,-0.01216359999999997,0.00031200000000003447,0.011096999999999996,0.020113999999999993,0.021779999999999994,0.9747517252987713,0.979998026362836,0.9829155392562445,5,1.0,5,1.0,5,1.0
85a2674e53a2d7b75c6944b5a87b04ee9ea182b1,macOS-26.5.1-arm64-arm-64bit,rare-colors,sparse rare colors,rare-color,images/measurements/palette-pipeline/rare-colors-600x450.png,600,450,128,oklab,OKLab,4,270000,191,1.4921875,5,0.026044999999999985,0.027261999999999988,0.02766599999999997,0.339237,0.3710240000000001,0.37599800000000005,-0.08702900000000002,-0.049254200000000026,-0.047263000000000055,0.9910814955125603,1.003480135593909,1.0114389406346544,0,0.0,0,0.0,0,0.0
85a2674e53a2d7b75c6944b5a87b04ee9ea182b1,macOS-26.5.1-arm64-arm-64bit,rare-colors,sparse rare colors,rare-color,images/measurements/palette-pipeline/rare-colors-600x450.png,600,450,128,oklab,OKLab,5,270000,701,5.4765625,5,0.006381999999999999,0.007853399999999965,0.00794499999999998,0.257444,0.2644728,0.26835600000000004,0.051568999999999976,0.07458580000000006,0.07588100000000009,0.9955933199249735,1.009999045638423,1.01750295735664,0,0.0,0,0.0,0,0.0
85a2674e53a2d7b75c6944b5a87b04ee9ea182b1,macOS-26.5.1-arm64-arm-64bit,rare-colors,sparse rare colors,rare-color,images/measurements/palette-pipeline/rare-colors-600x450.png,600,450,128,oklab,OKLab,6,270000,2949,23.0390625,5,-0.0022440000000000238,-0.0008478000000000429,-0.0007830000000000892,-0.11591299999999993,-0.11148660000000002,-0.11003300000000005,-0.136687,-0.10106899999999994,-0.09804499999999994,0.9981657193324124,1.0050115158986033,1.009337207566239,5,1.0,5,1.0,5,1.0
85a2674e53a2d7b75c6944b5a87b04ee9ea182b1,macOS-26.5.1-arm64-arm-64bit,rare-colors,sparse rare colors,rare-color,images/measurements/palette-pipeline/rare-colors-600x450.png,600,450,128,oklab,OKLab,7,270000,6196,48.40625,5,-0.0036160000000000636,-0.002160000000000006,-0.0019959999999999978,-0.0170300000000001,-0.01000359999999998,-0.009935999999999945,-0.0002510000000000012,0.032831400000000066,0.03323900000000002,0.9986327992587738,1.003869768911547,1.0055701668753088,5,1.0,5,1.0,5,1.0
85a2674e53a2d7b75c6944b5a87b04ee9ea182b1,macOS-26.5.1-arm64-arm-64bit,rare-colors,sparse rare colors,rare-color,images/measurements/palette-pipeline/rare-colors-600x450.png,600,450,128,oklab,OKLab,8,270000,7704,60.1875,5,-0.003717999999999999,-0.0024137999999999772,-0.002342999999999984,-0.020405000000000006,-0.009786600000000022,-0.007400999999999991,0.00518200000000002,0.0320618,0.03334499999999996,0.9919662832478362,1.004809223122308,1.0066038060892835,5,1.0,5,1.0,5,1.0
85a2674e53a2d7b75c6944b5a87b04ee9ea182b1,macOS-26.5.1-arm64-arm-64bit,rare-colors,sparse rare colors,rare-color,images/measurements/palette-pipeline/rare-colors-600x450.png,600,450,256,cielab,CIELAB,4,270000,200,0.78125,5,0.021213999999999955,0.0227244,0.022921999999999998,0.34729699999999997,0.39935739999999986,0.4193849999999999,-0.08616099999999993,-0.058645600000000006,-0.04752000000000001,0.9726286186576216,0.9752311776685585,0.9763490216360659,0,0.0,0,0.0,0,0.0
85a2674e53a2d7b75c6944b5a87b04ee9ea182b1,macOS-26.5.1-arm64-arm-64bit,rare-colors,sparse rare colors,rare-color,images/measurements/palette-pipeline/rare-colors-600x450.png,600,450,256,cielab,CIELAB,5,270000,760,2.96875,5,0.006572000000000022,0.006604999999999927,0.0066109999999999225,0.15223399999999998,0.1649453999999999,0.1694389999999999,-0.00809100000000007,0.006705799999999985,0.01086699999999996,1.0112491010379656,1.015191321950341,1.0165287475217655,0,0.0,0,0.0,0,0.0
85a2674e53a2d7b75c6944b5a87b04ee9ea182b1,macOS-26.5.1-arm64-arm-64bit,rare-colors,sparse rare colors,rare-color,images/measurements/palette-pipeline/rare-colors-600x450.png,600,450,256,cielab,CIELAB,6,270000,3120,12.1875,5,-0.0005580000000000584,-0.000349200000000005,-0.00025399999999997647,-0.14954,-0.1405562000000001,-0.1376090000000001,-0.11464799999999986,-0.09315179999999995,-0.08401499999999995,1.0074600431501777,1.0125581085330904,1.0139911239106374,5,1.0,5,1.0,5,1.0
85a2674e53a2d7b75c6944b5a87b04ee9ea182b1,macOS-26.5.1-arm64-arm-64bit,rare-colors,sparse rare colors,rare-color,images/measurements/palette-pipeline/rare-colors-600x450.png,600,450,256,cielab,CIELAB,7,270000,6508,25.421875,5,-0.001623000000000041,-0.0014769999999999948,-0.0014170000000000016,-0.11670499999999984,-0.10485980000000006,-0.10034100000000001,-0.11843099999999995,-0.09151379999999994,-0.08342899999999998,0.9922522270817439,0.9972700842412987,0.9979743125592622,5,1.0,5,1.0,5,1.0
85a2674e53a2d7b75c6944b5a87b04ee9ea182b1,macOS-26.5.1-arm64-arm-64bit,rare-colors,sparse rare colors,rare-color,images/measurements/palette-pipeline/rare-colors-600x450.png,600,450,256,cielab,CIELAB,8,270000,7860,30.703125,5,-0.0022810000000000885,-0.002002999999999999,-0.0019090000000000495,-0.12770900000000007,-0.11535020000000004,-0.11225700000000005,-0.13748799999999983,-0.11424339999999997,-0.10531099999999993,1.0046314703575152,1.0106297034313045,1.0107749331954141,5,1.0,5,1.0,5,1.0
85a2674e53a2d7b75c6944b5a87b04ee9ea182b1,macOS-26.5.1-arm64-arm-64bit,rare-colors,sparse rare colors,rare-color,images/measurements/palette-pipeline/rare-colors-600x450.png,600,450,256,din99d,DIN99d,4,270000,166,0.6484375,5,0.026569999999999983,0.029120000000000056,0.02925600000000006,0.8604890000000001,0.9744424,0.998576,0.007627999999999968,0.20269640000000005,0.20771800000000007,0.9184989374384491,0.9197141148436574,0.9204649421941279,0,0.0,0,0.0,0,0.0
85a2674e53a2d7b75c6944b5a87b04ee9ea182b1,macOS-26.5.1-arm64-arm-64bit,rare-colors,sparse rare colors,rare-color,images/measurements/palette-pipeline/rare-colors-600x450.png,600,450,256,din99d,DIN99d,5,270000,565,2.20703125,5,0.00734900000000005,0.007367600000000008,0.007369999999999988,0.30912699999999993,0.3190684,0.324912,0.029370000000000007,0.040047000000000055,0.046295000000000086,0.9809342230695901,0.98256570397762,0.9833964068868003,0,0.0,0,0.0,0,0.0
85a2674e53a2d7b75c6944b5a87b04ee9ea182b1,macOS-26.5.1-arm64-arm-64bit,rare-colors,sparse rare colors,rare-color,images/measurements/palette-pipeline/rare-colors-600x450.png,600,450,256,din99d,DIN99d,6,270000,2311,9.02734375,5,0.0007780000000000564,0.0009881999999999946,0.0010949999999999571,0.15705799999999992,0.16674380000000005,0.1728130000000001,0.073326,0.08261940000000004,0.08638500000000005,0.9763646537074646,0.9802171328019129,0.9817619398569605,0,0.0,1,0.2,5,1.0
85a2674e53a2d7b75c6944b5a87b04ee9ea182b1,macOS-26.5.1-arm64-arm-64bit,rare-colors,sparse rare colors,rare-color,images/measurements/palette-pipeline/rare-colors-600x450.png,600,450,256,din99d,DIN99d,7,270000,5858,22.8828125,5,-0.0005769999999999387,-0.00037380000000000193,-0.00024100000000004673,0.009184999999999999,0.024345600000000057,0.0315700000000001,0.044072,0.05882440000000007,0.0672640000000001,0.9551850623782484,0.957123927700229,0.9572487430674338,5,1.0,5,1.0,5,1.0
85a2674e53a2d7b75c6944b5a87b04ee9ea182b1,macOS-26.5.1-arm64-arm-64bit,rare-colors,sparse rare colors,rare-color,images/measurements/palette-pipeline/rare-colors-600x450.png,600,450,256,din99d,DIN99d,8,270000,7561,29.53515625,5,-0.0005109999999999282,-0.0002871999999999763,-0.00015599999999993397,0.009579000000000004,0.02637180000000001,0.034911000000000025,0.03914700000000004,0.06030780000000005,0.07425900000000007,0.9645985590628725,0.9658497747090956,0.966149857402126,5,1.0,5,1.0,5,1.0
85a2674e53a2d7b75c6944b5a87b04ee9ea182b1,macOS-26.5.1-arm64-arm-64bit,rare-colors,sparse rare colors,rare-color,images/measurements/palette-pipeline/rare-colors-600x450.png,600,450,256,gamma,gamma sRGB,4,270000,1520,5.9375,5,0.028078999999999965,0.028323999999999995,0.028474,0.951009,0.9619798000000002,0.9662870000000001,0.0030919999999999975,0.0135336,0.013794,0.9612377238891553,0.9641845498015369,0.9647114926084883,0,0.0,0,0.0,0,0.0
85a2674e53a2d7b75c6944b5a87b04ee9ea182b1,macOS-26.5.1-arm64-arm-64bit,rare-colors,sparse rare colors,rare-color,images/measurements/palette-pipeline/rare-colors-600x450.png,600,450,256,gamma,gamma sRGB,5,270000,6940,27.109375,5,0.011709999999999998,0.012228000000000037,0.012434000000000056,0.42954100000000006,0.44567719999999994,0.45187399999999994,0.01047999999999999,0.01998680000000001,0.025498000000000007,0.9584749473508622,0.966080631159225,0.966875550261536,0,0.0,0,0.0,0,0.0
85a2674e53a2d7b75c6944b5a87b04ee9ea182b1,macOS-26.5.1-arm64-arm-64bit,rare-colors,sparse rare colors,rare-color,images/measurements/palette-pipeline/rare-colors-600x450.png,600,450,256,gamma,gamma sRGB,6,270000,8240,32.1875,5,0.0017490000000000006,0.0020988000000000673,0.002100000000000102,0.09190799999999999,0.11048959999999998,0.11058799999999996,0.00515800000000001,0.013098600000000018,0.015779000000000015,0.9677727282159829,0.9688345106429279,0.9689734981963761,0,0.0,3,0.6,5,1.0
85a2674e53a2d7b75c6944b5a87b04ee9ea182b1,macOS-26.5.1-arm64-arm-64bit,rare-colors,sparse rare colors,rare-color,images/measurements/palette-pipeline/rare-colors-600x450.png,600,450,256,gamma,gamma sRGB,7,270000,8256,32.25,5,-0.00019499999999994522,0.00017820000000001723,0.00019299999999999873,-0.010163000000000033,0.005274199999999984,0.005346999999999991,0.005083000000000004,0.009744800000000005,0.011604000000000003,0.9663163344550867,0.9703070605690667,0.9719343605996789,5,1.0,5,1.0,5,1.0
85a2674e53a2d7b75c6944b5a87b04ee9ea182b1,macOS-26.5.1-arm64-arm-64bit,rare-colors,sparse rare colors,rare-color,images/measurements/palette-pipeline/rare-colors-600x450.png,600,450,256,gamma,gamma sRGB,8,270000,8256,32.25,5,0.00014900000000006575,0.00034259999999999293,0.0004089999999999927,-0.0027810000000000334,0.007816999999999985,0.010504999999999987,0.007525000000000018,0.017044199999999995,0.01941699999999999,0.9648770385710588,0.9746940611812295,0.9788360891594904,5,1.0,5,1.0,5,1.0
85a2674e53a2d7b75c6944b5a87b04ee9ea182b1,macOS-26.5.1-arm64-arm-64bit,rare-colors,sparse rare colors,rare-color,images/measurements/palette-pipeline/rare-colors-600x450.png,600,450,256,linear,linear RGB,4,270000,670,2.6171875,5,0.07719399999999998,0.07735580000000002,0.077403,1.696567,1.6996132,1.700678,-0.0004210000000000047,0.001147399999999993,0.0017129999999999923,0.9592441373534338,0.9601733259852022,0.960332673433261,0,0.0,0,0.0,0,0.0
85a2674e53a2d7b75c6944b5a87b04ee9ea182b1,macOS-26.5.1-arm64-arm-64bit,rare-colors,sparse rare colors,rare-color,images/measurements/palette-pipeline/rare-colors-600x450.png,600,450,256,linear,linear RGB,5,270000,2498,9.7578125,5,0.030538999999999983,0.030646400000000032,0.03066000000000002,0.7078310000000001,0.7104111999999999,0.710494,0.011893999999999988,0.014336999999999996,0.015816999999999998,0.9707852954395794,0.9730479574899313,0.9739520676200141,0,0.0,0,0.0,0,0.0
85a2674e53a2d7b75c6944b5a87b04ee9ea182b1,macOS-26.5.1-arm64-arm-64bit,rare-colors,sparse rare colors,rare-color,images/measurements/palette-pipeline/rare-colors-600x450.png,600,450,256,linear,linear RGB,6,270000,5205,20.33203125,5,0.0036519999999999886,0.004080200000000044,0.004341000000000039,0.23473599999999994,0.24121540000000002,0.24394700000000002,0.011137000000000008,0.017633800000000005,0.02143500000000001,0.9806637353433836,0.9821789895058941,0.9831192315330665,0,0.0,0,0.0,5,1.0
85a2674e53a2d7b75c6944b5a87b04ee9ea182b1,macOS-26.5.1-arm64-arm-64bit,rare-colors,sparse rare colors,rare-color,images/measurements/palette-pipeline/rare-colors-600x450.png,600,450,256,linear,linear RGB,7,270000,7252,28.328125,5,0.0025140000000000162,0.0027326000000000407,0.00286300000000006,0.08944000000000002,0.09353539999999999,0.09420299999999998,0.01592099999999999,0.025148199999999992,0.026416999999999996,0.9823073701842546,0.9849091109959812,0.9858368784689195,0,0.0,0,0.0,5,1.0
85a2674e53a2d7b75c6944b5a87b04ee9ea182b1,macOS-26.5.1-arm64-arm-64bit,rare-colors,sparse rare colors,rare-color,images/measurements/palette-pipeline/rare-colors-600x450.png,600,450,256,linear,linear RGB,8,270000,8034,31.3828125,5,0.0016969999999999485,0.001881200000000005,0.0019000000000000128,0.041101,0.041360799999999996,0.04139999999999999,0.030106999999999995,0.03545939999999999,0.03714299999999998,0.9612523929576433,0.9648498422657374,0.9654253373329014,0,0.0,5,1.0,5,1.0
85a2674e53a2d7b75c6944b5a87b04ee9ea182b1,macOS-26.5.1-arm64-arm-64bit,rare-colors,sparse rare colors,rare-color,images/measurements/palette-pipeline/rare-colors-600x450.png,600,450,256,oklab,OKLab,4,270000,191,0.74609375,5,0.024121999999999977,0.026648800000000028,0.02675000000000005,0.3813470000000001,0.41100960000000003,0.4239219999999999,0.018590000000000106,0.10012040000000001,0.14523400000000009,0.947185748933679,0.9650972859969634,0.9725576760284175,0,0.0,0,0.0,0,0.0
85a2674e53a2d7b75c6944b5a87b04ee9ea182b1,macOS-26.5.1-arm64-arm-64bit,rare-colors,sparse rare colors,rare-color,images/measurements/palette-pipeline/rare-colors-600x450.png,600,450,256,oklab,OKLab,5,270000,701,2.73828125,5,0.008041999999999994,0.008615400000000006,0.008790999999999993,0.20231899999999992,0.24317740000000004,0.24673900000000004,0.0008760000000000989,0.027348600000000015,0.035609,0.9866605335786569,1.0035155784765535,1.0111976683132775,0,0.0,0,0.0,0,0.0
85a2674e53a2d7b75c6944b5a87b04ee9ea182b1,macOS-26.5.1-arm64-arm-64bit,rare-colors,sparse rare colors,rare-color,images/measurements/palette-pipeline/rare-colors-600x450.png,600,450,256,oklab,OKLab,6,270000,2949,11.51953125,5,-0.0003689999999999527,9.600000000000724e-05,0.00024000000000001798,-0.17477699999999996,-0.13267819999999983,-0.12809499999999985,-0.1843769999999998,-0.1555414,-0.14715100000000003,0.9804586241276172,0.9928413272459188,1.0000214309441402,5,1.0,5,1.0,5,1.0
85a2674e53a2d7b75c6944b5a87b04ee9ea182b1,macOS-26.5.1-arm64-arm-64bit,rare-colors,sparse rare colors,rare-color,images/measurements/palette-pipeline/rare-colors-600x450.png,600,450,256,oklab,OKLab,7,270000,6196,24.203125,5,-0.001826999999999912,-0.0011878000000000277,-0.0010170000000000456,-0.07703100000000007,-0.035874799999999894,-0.030913999999999886,-0.05223499999999981,-0.01946879999999993,-0.007627999999999968,0.9819457221711132,1.0003178072380656,1.0077151398904878,5,1.0,5,1.0,5,1.0
85a2674e53a2d7b75c6944b5a87b04ee9ea182b1,macOS-26.5.1-arm64-arm-64bit,rare-colors,sparse rare colors,rare-color,images/measurements/palette-pipeline/rare-colors-600x450.png,600,450,256,oklab,OKLab,8,270000,7704,30.09375,5,-0.00160299999999991,-0.0011906000000000195,-0.0010930000000000106,-0.07441399999999998,-0.031141799999999976,-0.027986999999999984,-0.04537499999999994,-0.014429599999999973,-0.00611000000000006,0.9836392907920046,0.9965235132434179,1.004029017498366,5,1.0,5,1.0,5,1.0
85a2674e53a2d7b75c6944b5a87b04ee9ea182b1,macOS-26.5.1-arm64-arm-64bit,smooth-gradient-medium,smooth gradient,gradient,images/measurements/palette-pipeline/smooth-gradient-600x450.png,600,450,64,cielab,CIELAB,4,270000,147,2.296875,5,0.0049480000000000635,0.010952800000000052,0.014102000000000059,0.3088949999999997,0.45906120000000017,0.5014020000000001,0.5508829999999998,0.7154200000000002,0.7240060000000001,0.9396728016359919,0.9584368192342929,0.9680068252106218,0,0.0,0,0.0,0,0.0
85a2674e53a2d7b75c6944b5a87b04ee9ea182b1,macOS-26.5.1-arm64-arm-64bit,smooth-gradient-medium,smooth gradient,gradient,images/measurements/palette-pipeline/smooth-gradient-600x450.png,600,450,64,cielab,CIELAB,5,270000,553,8.640625,5,0.0009679999999999689,0.004136399999999996,0.005747999999999975,0.27971400000000024,0.38498499999999974,0.4256249999999997,0.3904209999999999,0.43626480000000034,0.4571260000000006,0.9674736056307988,0.9996085113090973,1.0041340295909487,0,0.0,0,0.0,2,0.4
85a2674e53a2d7b75c6944b5a87b04ee9ea182b1,macOS-26.5.1-arm64-arm-64bit,smooth-gradient-medium,smooth gradient,gradient,images/measurements/palette-pipeline/smooth-gradient-600x450.png,600,450,64,cielab,CIELAB,6,270000,2107,32.921875,5,-0.0010310000000000041,0.0051660000000000265,0.005388000000000059,0.1689919999999998,0.21783139999999984,0.2354750000000001,0.2057159999999998,0.2909362000000002,0.3341750000000001,0.9918955670383465,0.9978529258360304,0.9991840731070496,1,0.2,2,0.4,4,0.8
85a2674e53a2d7b75c6944b5a87b04ee9ea182b1,macOS-26.5.1-arm64-arm-64bit,smooth-gradient-medium,smooth gradient,gradient,images/measurements/palette-pipeline/smooth-gradient-600x450.png,600,450,64,cielab,CIELAB,7,270000,8138,127.15625,5,-0.004341000000000039,0.0033770000000000085,0.006329000000000029,-0.022718000000000238,0.09285439999999986,0.09290999999999983,0.062244999999999884,0.14744019999999997,0.190461,1.0146378215477343,1.023563482263254,1.0243690165361183,3,0.6,4,0.8,4,0.8
85a2674e53a2d7b75c6944b5a87b04ee9ea182b1,macOS-26.5.1-arm64-arm-64bit,smooth-gradient-medium,smooth gradient,gradient,images/measurements/palette-pipeline/smooth-gradient-600x450.png,600,450,64,cielab,CIELAB,8,270000,30650,478.90625,5,-0.0022339999999999582,0.0015792000000000035,0.003928000000000043,-0.025999000000000105,0.1497530000000001,0.16177900000000012,-0.011923999999999602,0.20389540000000023,0.22032900000000044,0.9864923043805833,0.998937917086255,1.0021756867011151,3,0.6,3,0.6,5,1.0
85a2674e53a2d7b75c6944b5a87b04ee9ea182b1,macOS-26.5.1-arm64-arm-64bit,smooth-gradient-medium,smooth gradient,gradient,images/measurements/palette-pipeline/smooth-gradient-600x450.png,600,450,64,din99d,DIN99d,4,270000,157,2.453125,5,0.009054000000000006,0.013455999999999933,0.013553999999999955,0.5399149999999997,0.5831934000000001,0.5863090000000004,0.847575,1.2446755999999999,1.3938039999999994,0.9430080622741173,0.9793713310736172,0.9912190671684342,0,0.0,0,0.0,0,0.0
85a2674e53a2d7b75c6944b5a87b04ee9ea182b1,macOS-26.5.1-arm64-arm-64bit,smooth-gradient-medium,smooth gradient,gradient,images/measurements/palette-pipeline/smooth-gradient-600x450.png,600,450,64,din99d,DIN99d,5,270000,577,9.015625,5,0.004209999999999936,0.006294199999999962,0.006580999999999948,0.341882,0.36181300000000016,0.37182700000000013,0.4826499999999996,0.7152674000000003,0.7689150000000007,0.9741213882340041,1.0082582610695283,1.023609056775515,0,0.0,0,0.0,1,0.2
85a2674e53a2d7b75c6944b5a87b04ee9ea182b1,macOS-26.5.1-arm64-arm-64bit,smooth-gradient-medium,smooth gradient,gradient,images/measurements/palette-pipeline/smooth-gradient-600x450.png,600,450,64,din99d,DIN99d,6,270000,2182,34.09375,5,0.0037689999999999113,0.0060777999999999995,0.0067070000000000185,0.07392500000000002,0.1383248,0.15682799999999997,-0.27295800000000003,0.09516319999999986,0.24306199999999922,1.0058187407366745,1.0343498526892325,1.0417379404721177,0,0.0,1,0.2,3,0.6
85a2674e53a2d7b75c6944b5a87b04ee9ea182b1,macOS-26.5.1-arm64-arm-64bit,smooth-gradient-medium,smooth gradient,gradient,images/measurements/palette-pipeline/smooth-gradient-600x450.png,600,450,64,din99d,DIN99d,7,270000,8274,129.28125,5,0.006163999999999947,0.007923999999999931,0.008895999999999904,0.08705000000000007,0.14793500000000004,0.1783809999999999,0.08394700000000022,0.1652187999999999,0.17404200000000003,0.9794060757765388,1.0137507602935545,1.0287375983578515,0,0.0,1,0.2,2,0.4
85a2674e53a2d7b75c6944b5a87b04ee9ea182b1,macOS-26.5.1-arm64-arm-64bit,smooth-gradient-medium,smooth gradient,gradient,images/measurements/palette-pipeline/smooth-gradient-600x450.png,600,450,64,din99d,DIN99d,8,270000,30870,482.34375,5,0.002601999999999993,0.0035635999999999333,0.003881999999999941,0.059952000000000005,0.14972959999999996,0.19631599999999993,0.07391099999999984,0.24275900000000022,0.304589,1.00038921323325,1.0130637020863729,1.0203663670497212,0,0.0,1,0.2,5,1.0
85a2674e53a2d7b75c6944b5a87b04ee9ea182b1,macOS-26.5.1-arm64-arm-64bit,smooth-gradient-medium,smooth gradient,gradient,images/measurements/palette-pipeline/smooth-gradient-600x450.png,600,450,64,gamma,gamma sRGB,4,270000,612,9.5625,5,0.002670999999999979,0.004396600000000062,0.004747000000000057,0.18677699999999975,0.20864519999999986,0.21999599999999964,0.19919900000000013,0.21541060000000023,0.22029299999999985,1.0093015194407533,1.0157974563543208,1.0187392550143266,0,0.0,0,0.0,5,1.0
85a2674e53a2d7b75c6944b5a87b04ee9ea182b1,macOS-26.5.1-arm64-arm-64bit,smooth-gradient-medium,smooth gradient,gradient,images/measurements/palette-pipeline/smooth-gradient-600x450.png,600,450,64,gamma,gamma sRGB,5,270000,2486,38.84375,5,-0.0014319999999999888,0.003167800000000032,0.00464500000000001,0.07146699999999973,0.17095739999999998,0.2105030000000001,0.15146899999999963,0.21038600000000027,0.22458000000000045,0.9966189111747851,1.0142125897286602,1.0216078066914498,0,0.0,3,0.6,5,1.0
85a2674e53a2d7b75c6944b5a87b04ee9ea182b1,macOS-26.5.1-arm64-arm-64bit,smooth-gradient-medium,smooth gradient,gradient,images/measurements/palette-pipeline/smooth-gradient-600x450.png,600,450,64,gamma,gamma sRGB,6,270000,9996,156.1875,5,3.399999999997849e-05,0.003055399999999997,0.0037650000000000183,-0.03770500000000032,0.07020239999999989,0.08422599999999969,0.0040800000000000836,0.09139159999999968,0.1378939999999993,0.9880229226361031,1.0023771363276426,1.002613847583643,2,0.4,4,0.8,5,1.0
85a2674e53a2d7b75c6944b5a87b04ee9ea182b1,macOS-26.5.1-arm64-arm-64bit,smooth-gradient-medium,smooth gradient,gradient,images/measurements/palette-pipeline/smooth-gradient-600x450.png,600,450,64,gamma,gamma sRGB,7,270000,40824,637.875,5,0.0018599999999999728,0.004682599999999981,0.006364999999999954,-0.005489000000000299,0.041917400000000084,0.04438300000000028,-0.018985999999999947,0.021052199999999927,0.044614999999999405,0.9897266137777524,1.0059046924467814,1.0097637067421572,2,0.4,3,0.6,4,0.8
85a2674e53a2d7b75c6944b5a87b04ee9ea182b1,macOS-26.5.1-arm64-arm-64bit,smooth-gradient-medium,smooth gradient,gradient,images/measurements/palette-pipeline/smooth-gradient-600x450.png,600,450,64,gamma,gamma sRGB,8,270000,131200,2050.0,5,-0.00020699999999995722,0.0010081999999999704,0.0014609999999999346,0.024992000000000125,0.0940833999999998,0.1226809999999996,0.015648999999999802,0.09475679999999986,0.14265599999999967,1.0117478510028652,1.0151755278159653,1.0168120630885666,2,0.4,5,1.0,5,1.0
85a2674e53a2d7b75c6944b5a87b04ee9ea182b1,macOS-26.5.1-arm64-arm-64bit,smooth-gradient-medium,smooth gradient,gradient,images/measurements/palette-pipeline/smooth-gradient-600x450.png,600,450,64,linear,linear RGB,4,270000,866,13.53125,5,0.0036040000000000516,0.006137999999999999,0.007817999999999992,0.2628400000000002,0.3870897999999998,0.43646699999999994,0.4207479999999997,0.8738272,1.1072759999999997,0.9651743996522874,0.989141098575415,0.9975292727468041,0,0.0,0,0.0,2,0.4
85a2674e53a2d7b75c6944b5a87b04ee9ea182b1,macOS-26.5.1-arm64-arm-64bit,smooth-gradient-medium,smooth gradient,gradient,images/measurements/palette-pipeline/smooth-gradient-600x450.png,600,450,64,linear,linear RGB,5,270000,3507,54.796875,5,0.0032610000000000694,0.008210999999999968,0.010450999999999988,0.1334080000000002,0.15796319999999975,0.17230799999999968,0.4634040000000006,0.6535297999999999,0.6678290000000002,0.9657238110121373,0.993353303786179,0.994862264975951,0,0.0,1,0.2,4,0.8
85a2674e53a2d7b75c6944b5a87b04ee9ea182b1,macOS-26.5.1-arm64-arm-64bit,smooth-gradient-medium,smooth gradient,gradient,images/measurements/palette-pipeline/smooth-gradient-600x450.png,600,450,64,linear,linear RGB,6,270000,13519,211.234375,5,0.00047599999999992093,0.0065669999999999895,0.010297,0.07731500000000002,0.17900339999999976,0.18423699999999998,0.3177759999999994,0.4894682000000003,0.5610590000000002,0.9518745300247072,0.9714062461619115,0.9833843463052033,2,0.4,3,0.6,4,0.8
85a2674e53a2d7b75c6944b5a87b04ee9ea182b1,macOS-26.5.1-arm64-arm-64bit,smooth-gradient-medium,smooth gradient,gradient,images/measurements/palette-pipeline/smooth-gradient-600x450.png,600,450,64,linear,linear RGB,7,270000,47405,740.703125,5,-0.0001220000000000665,0.0044284000000000216,0.005800000000000027,-0.031069000000000013,0.037284999999999804,0.07419699999999985,0.04854800000000026,0.3472290000000001,0.37692700000000023,0.9873240949618649,1.005656169465471,1.0167796239615217,3,0.6,3,0.6,4,0.8
85a2674e53a2d7b75c6944b5a87b04ee9ea182b1,macOS-26.5.1-arm64-arm-64bit,smooth-gradient-medium,smooth gradient,gradient,images/measurements/palette-pipeline/smooth-gradient-600x450.png,600,450,64,linear,linear RGB,8,270000,86680,1354.375,5,-0.0004170000000000007,0.0012644000000000101,0.0020040000000000058,-0.02958000000000016,0.09620980000000018,0.09824100000000024,0.1574410000000004,0.3043790000000001,0.3721110000000003,1.0177634455618714,1.0518498938383003,1.0655764424644139,3,0.6,4,0.8,5,1.0
85a2674e53a2d7b75c6944b5a87b04ee9ea182b1,macOS-26.5.1-arm64-arm-64bit,smooth-gradient-medium,smooth gradient,gradient,images/measurements/palette-pipeline/smooth-gradient-600x450.png,600,450,64,oklab,OKLab,4,270000,140,2.1875,5,0.011799000000000004,0.015836200000000033,0.016939000000000037,0.5683299999999996,0.6125672000000003,0.6181340000000004,0.944591,1.1866823999999998,1.2915039999999998,0.9128878281622912,0.9494251988487452,0.9560052293525834,0,0.0,0,0.0,0,0.0
85a2674e53a2d7b75c6944b5a87b04ee9ea182b1,macOS-26.5.1-arm64-arm-64bit,smooth-gradient-medium,smooth gradient,gradient,images/measurements/palette-pipeline/smooth-gradient-600x450.png,600,450,64,oklab,OKLab,5,270000,521,8.140625,5,0.005167000000000033,0.01141460000000003,0.013209000000000026,0.18048900000000012,0.2701652000000001,0.2710020000000002,0.40577299999999994,0.5746387999999995,0.6506219999999994,0.9814088923731661,0.9961729642721074,1.0028298149301036,0,0.0,0,0.0,1,0.2
85a2674e53a2d7b75c6944b5a87b04ee9ea182b1,macOS-26.5.1-arm64-arm-64bit,smooth-gradient-medium,smooth gradient,gradient,images/measurements/palette-pipeline/smooth-gradient-600x450.png,600,450,64,oklab,OKLab,6,270000,1979,30.921875,5,0.003918000000000088,0.0073914000000000046,0.007815000000000016,0.01578500000000016,0.08268280000000008,0.11947799999999997,0.02846899999999941,0.2142941999999998,0.29654500000000006,0.9938629389703375,1.0167256155950897,1.0246689024043654,2,0.4,2,0.4,3,0.6
85a2674e53a2d7b75c6944b5a87b04ee9ea182b1,macOS-26.5.1-arm64-arm-64bit,smooth-gradient-medium,smooth gradient,gradient,images/measurements/palette-pipeline/smooth-gradient-600x450.png,600,450,64,oklab,OKLab,7,270000,7623,119.109375,5,0.0003589999999999982,0.005940000000000012,0.007808000000000037,0.00139099999999992,0.12895740000000017,0.1316550000000003,-0.02614699999999992,0.2787849999999999,0.3894310000000001,0.9808138547738978,0.9973566645939629,1.0050019894276132,1,0.2,3,0.6,4,0.8
85a2674e53a2d7b75c6944b5a87b04ee9ea182b1,macOS-26.5.1-arm64-arm-64bit,smooth-gradient-medium,smooth gradient,gradient,images/measurements/palette-pipeline/smooth-gradient-600x450.png,600,450,64,oklab,OKLab,8,270000,28928,452.0,5,-0.0007449999999999957,0.0024494000000000685,0.004161000000000081,0.048661000000000065,0.1265300000000001,0.14790999999999999,0.08124500000000001,0.2896583999999997,0.38368999999999964,0.9809069212410502,1.016998366207678,1.0210549893605108,2,0.4,4,0.8,5,1.0
85a2674e53a2d7b75c6944b5a87b04ee9ea182b1,macOS-26.5.1-arm64-arm-64bit,smooth-gradient-medium,smooth gradient,gradient,images/measurements/palette-pipeline/smooth-gradient-600x450.png,600,450,128,cielab,CIELAB,4,270000,147,1.1484375,5,0.01581100000000002,0.02027239999999999,0.02284799999999998,0.6333609999999998,0.6820130000000002,0.7014450000000001,1.1022860000000003,1.3018886000000003,1.3158370000000001,0.8500362844702467,0.855119064979156,0.8555479029977888,0,0.0,0,0.0,0,0.0
85a2674e53a2d7b75c6944b5a87b04ee9ea182b1,macOS-26.5.1-arm64-arm-64bit,smooth-gradient-medium,smooth gradient,gradient,images/measurements/palette-pipeline/smooth-gradient-600x450.png,600,450,128,cielab,CIELAB,5,270000,553,4.3203125,5,0.004166000000000003,0.006596199999999941,0.006888999999999923,0.1444169999999998,0.18147379999999994,0.2009289999999999,0.39015500000000003,0.4635107999999999,0.47408800000000006,0.9540638606676343,0.9818293668495277,0.9917066458403064,0,0.0,1,0.2,3,0.6
85a2674e53a2d7b75c6944b5a87b04ee9ea182b1,macOS-26.5.1-arm64-arm-64bit,smooth-gradient-medium,smooth gradient,gradient,images/measurements/palette-pipeline/smooth-gradient-600x450.png,600,450,128,cielab,CIELAB,6,270000,2107,16.4609375,5,0.005498999999999921,0.006914399999999965,0.007125999999999966,0.12315200000000015,0.17411899999999997,0.17580300000000015,0.21838299999999977,0.33003539999999976,0.33963299999999963,0.9893203883495145,0.9937608939229998,0.9949421696604559,0,0.0,0,0.0,1,0.2
85a2674e53a2d7b75c6944b5a87b04ee9ea182b1,macOS-26.5.1-arm64-arm-64bit,smooth-gradient-medium,smooth gradient,gradient,images/measurements/palette-pipeline/smooth-gradient-600x450.png,600,450,128,cielab,CIELAB,7,270000,8138,63.578125,5,0.00022699999999997722,0.0020090000000000164,0.002707000000000015,0.009567000000000103,0.03311279999999997,0.04474,0.17756799999999995,0.20833439999999995,0.2276419999999999,0.9795355587808418,1.0029805362832513,1.0076983152962178,4,0.8,4,0.8,5,1.0
85a2674e53a2d7b75c6944b5a87b04ee9ea182b1,macOS-26.5.1-arm64-arm-64bit,smooth-gradient-medium,smooth gradient,gradient,images/measurements/palette-pipeline/smooth-gradient-600x450.png,600,450,128,cielab,CIELAB,8,270000,30650,239.453125,5,0.0005789999999999962,0.005189999999999962,0.006797999999999971,0.03409899999999988,0.07285379999999994,0.08059299999999991,0.11566800000000033,0.18073779999999973,0.21261299999999972,0.9771238320266351,1.0039256226249926,1.0133883744282048,2,0.4,3,0.6,4,0.8
85a2674e53a2d7b75c6944b5a87b04ee9ea182b1,macOS-26.5.1-arm64-arm-64bit,smooth-gradient-medium,smooth gradient,gradient,images/measurements/palette-pipeline/smooth-gradient-600x450.png,600,450,128,din99d,DIN99d,4,270000,157,1.2265625,5,0.022757999999999945,0.02576640000000001,0.027166000000000023,0.813393,0.9803162000000003,1.0139310000000004,1.6467470000000004,2.2444876000000002,2.25497,0.8551369863013699,0.8720308433557711,0.880170430979224,0,0.0,0,0.0,0,0.0
85a2674e53a2d7b75c6944b5a87b04ee9ea182b1,macOS-26.5.1-arm64-arm-64bit,smooth-gradient-medium,smooth gradient,gradient,images/measurements/palette-pipeline/smooth-gradient-600x450.png,600,450,128,din99d,DIN99d,5,270000,577,4.5078125,5,0.003670000000000062,0.006127000000000039,0.007665000000000033,0.13854699999999998,0.1664676000000001,0.17148999999999992,0.18335900000000027,0.23923620000000012,0.25297100000000006,0.9744518731557913,1.0084532860823647,1.0204718417047185,0,0.0,1,0.2,4,0.8
85a2674e53a2d7b75c6944b5a87b04ee9ea182b1,macOS-26.5.1-arm64-arm-64bit,smooth-gradient-medium,smooth gradient,gradient,images/measurements/palette-pipeline/smooth-gradient-600x450.png,600,450,128,din99d,DIN99d,6,270000,2182,17.046875,5,0.0027599999999999847,0.005187999999999993,0.006133999999999973,0.0914480000000002,0.12399060000000003,0.12798500000000024,0.12089099999999986,0.1937570000000003,0.19746500000000022,0.9925297874724536,1.0122910034185995,1.017009612496245,0,0.0,0,0.0,4,0.8
85a2674e53a2d7b75c6944b5a87b04ee9ea182b1,macOS-26.5.1-arm64-arm-64bit,smooth-gradient-medium,smooth gradient,gradient,images/measurements/palette-pipeline/smooth-gradient-600x450.png,600,450,128,din99d,DIN99d,7,270000,8274,64.640625,5,0.003859000000000057,0.004357399999999978,0.004360999999999948,0.040077999999999836,0.07664460000000028,0.08918700000000035,0.1745070000000002,0.18783699999999987,0.1959369999999998,0.9913622526636225,1.0010166198600317,1.0071264281135703,0,0.0,2,0.4,5,1.0
85a2674e53a2d7b75c6944b5a87b04ee9ea182b1,macOS-26.5.1-arm64-arm-64bit,smooth-gradient-medium,smooth gradient,gradient,images/measurements/palette-pipeline/smooth-gradient-600x450.png,600,450,128,din99d,DIN99d,8,270000,30870,241.171875,5,-0.00029199999999995896,0.007693600000000012,0.008382,0.05261399999999972,0.07635140000000007,0.07759099999999997,0.10813700000000015,0.19856480000000015,0.25308200000000003,0.9871422646204894,1.00705957937928,1.0074581430745815,1,0.2,3,0.6,3,0.6
85a2674e53a2d7b75c6944b5a87b04ee9ea182b1,macOS-26.5.1-arm64-arm-64bit,smooth-gradient-medium,smooth gradient,gradient,images/measurements/palette-pipeline/smooth-gradient-600x450.png,600,450,128,gamma,gamma sRGB,4,270000,612,4.78125,5,0.005467999999999917,0.0065545999999999886,0.0070829999999999504,0.1712720000000001,0.19782500000000003,0.205619,0.2112949999999998,0.2798114000000004,0.29969300000000043,0.9866207803255868,1.0005373854227968,1.000947418285173,0,0.0,0,0.0,2,0.4
85a2674e53a2d7b75c6944b5a87b04ee9ea182b1,macOS-26.5.1-arm64-arm-64bit,smooth-gradient-medium,smooth gradient,gradient,images/measurements/palette-pipeline/smooth-gradient-600x450.png,600,450,128,gamma,gamma sRGB,5,270000,2486,19.421875,5,0.00031599999999998296,0.0018875999999999448,0.0020699999999999052,0.09001199999999976,0.12699460000000018,0.12755300000000025,0.11714499999999983,0.1574390000000001,0.16529900000000008,0.9863114342059471,1.0075870915238707,1.0120006316121901,0,0.0,4,0.8,5,1.0
85a2674e53a2d7b75c6944b5a87b04ee9ea182b1,macOS-26.5.1-arm64-arm-64bit,smooth-gradient-medium,smooth gradient,gradient,images/measurements/palette-pipeline/smooth-gradient-600x450.png,600,450,128,gamma,gamma sRGB,6,270000,9996,78.09375,5,-0.0003889999999999727,0.0006529999999999704,0.0010930000000000106,0.011965000000000003,0.03816940000000013,0.047715000000000174,0.005962000000000245,0.05659000000000019,0.07004600000000005,0.993189381626809,1.0072152668293763,1.0088937009396388,4,0.8,5,1.0,5,1.0
85a2674e53a2d7b75c6944b5a87b04ee9ea182b1,macOS-26.5.1-arm64-arm-64bit,smooth-gradient-medium,smooth gradient,gradient,images/measurements/palette-pipeline/smooth-gradient-600x450.png,600,450,128,gamma,gamma sRGB,7,270000,40824,318.9375,5,-0.0008909999999999751,0.0002891999999999896,0.0006499999999999284,0.03308599999999995,0.04833859999999986,0.05431699999999973,0.038153000000000326,0.09024100000000015,0.11336700000000022,1.00159210935073,1.0167505551413545,1.0219879993683878,4,0.8,5,1.0,5,1.0
85a2674e53a2d7b75c6944b5a87b04ee9ea182b1,macOS-26.5.1-arm64-arm-64bit,smooth-gradient-medium,smooth gradient,gradient,images/measurements/palette-pipeline/smooth-gradient-600x450.png,600,450,128,gamma,gamma sRGB,8,270000,131200,1025.0,5,-0.0004170000000000007,0.00023900000000007807,0.0003890000000000837,0.02323300000000028,0.06951200000000012,0.08965200000000006,-0.00480500000000017,0.14292300000000024,0.19855900000000037,0.9994973125555856,1.004976336356735,1.0071845886625612,4,0.8,5,1.0,5,1.0
85a2674e53a2d7b75c6944b5a87b04ee9ea182b1,macOS-26.5.1-arm64-arm-64bit,smooth-gradient-medium,smooth gradient,gradient,images/measurements/palette-pipeline/smooth-gradient-600x450.png,600,450,128,linear,linear RGB,4,270000,866,6.765625,5,-0.002525999999999917,-0.0017609999999999904,-0.001678999999999986,0.17298500000000017,0.24476120000000007,0.255582,0.3350299999999997,0.5227240000000002,0.5618620000000005,0.9965844965844965,1.0121358948097172,1.0128445663154857,0,0.0,1,0.2,4,0.8
85a2674e53a2d7b75c6944b5a87b04ee9ea182b1,macOS-26.5.1-arm64-arm-64bit,smooth-gradient-medium,smooth gradient,gradient,images/measurements/palette-pipeline/smooth-gradient-600x450.png,600,450,128,linear,linear RGB,5,270000,3507,27.3984375,5,0.002454999999999985,0.003339999999999988,0.0038599999999999746,0.15966700000000023,0.23652379999999998,0.23774300000000004,0.3087719999999998,0.5550722000000002,0.6291770000000003,0.9552244191080964,0.9670102095725507,0.9730843480843481,0,0.0,1,0.2,5,1.0
85a2674e53a2d7b75c6944b5a87b04ee9ea182b1,macOS-26.5.1-arm64-arm-64bit,smooth-gradient-medium,smooth gradient,gradient,images/measurements/palette-pipeline/smooth-gradient-600x450.png,600,450,128,linear,linear RGB,6,270000,13519,105.6171875,5,8.500000000000174e-05,0.00497840000000005,0.007758000000000043,0.13061500000000015,0.16319200000000011,0.18212000000000028,0.2055830000000003,0.34386079999999997,0.39600199999999974,0.9506608256608257,0.9646756392229004,0.9705439690389164,1,0.2,4,0.8,4,0.8
85a2674e53a2d7b75c6944b5a87b04ee9ea182b1,macOS-26.5.1-arm64-arm-64bit,smooth-gradient-medium,smooth gradient,gradient,images/measurements/palette-pipeline/smooth-gradient-600x450.png,600,450,128,linear,linear RGB,7,270000,47405,370.3515625,5,0.001706999999999903,0.004947800000000058,0.005481000000000069,0.055147999999999975,0.17700419999999994,0.20660299999999987,0.13199000000000005,0.42304879999999995,0.5423499999999999,0.9834391687112137,0.9940842811556282,0.9980109764632215,1,0.2,3,0.6,4,0.8
85a2674e53a2d7b75c6944b5a87b04ee9ea182b1,macOS-26.5.1-arm64-arm-64bit,smooth-gradient-medium,smooth gradient,gradient,images/measurements/palette-pipeline/smooth-gradient-600x450.png,600,450,128,linear,linear RGB,8,270000,86680,677.1875,5,-0.0003309999999999702,0.0018156000000000506,0.0022700000000001053,-0.006898000000000071,0.070899,0.07818699999999978,-0.036578,0.26664279999999996,0.2879719999999999,0.9978351854524462,1.0132418081265184,1.0164463914463915,3,0.6,4,0.8,5,1.0
85a2674e53a2d7b75c6944b5a87b04ee9ea182b1,macOS-26.5.1-arm64-arm-64bit,smooth-gradient-medium,smooth gradient,gradient,images/measurements/palette-pipeline/smooth-gradient-600x450.png,600,450,128,oklab,OKLab,4,270000,140,1.09375,5,0.024237999999999982,0.024298600000000017,0.024329000000000045,0.5195509999999999,0.5542969999999999,0.573477,0.9145820000000002,1.0197114,1.078201,0.8741104387867717,0.9043349378943089,0.9111807732497388,0,0.0,0,0.0,0,0.0
85a2674e53a2d7b75c6944b5a87b04ee9ea182b1,macOS-26.5.1-arm64-arm-64bit,smooth-gradient-medium,smooth gradient,gradient,images/measurements/palette-pipeline/smooth-gradient-600x450.png,600,450,128,oklab,OKLab,5,270000,521,4.0703125,5,0.007583000000000006,0.010863000000000001,0.011961,0.18634399999999962,0.23441640000000002,0.2548400000000002,0.3121689999999999,0.3578498000000001,0.3716490000000001,0.9727990192322428,0.9828969309330395,0.9869964007895042,0,0.0,0,0.0,2,0.4
85a2674e53a2d7b75c6944b5a87b04ee9ea182b1,macOS-26.5.1-arm64-arm-64bit,smooth-gradient-medium,smooth gradient,gradient,images/measurements/palette-pipeline/smooth-gradient-600x450.png,600,450,128,oklab,OKLab,6,270000,1979,15.4609375,5,0.0027200000000000557,0.0058032000000000535,0.007288000000000072,0.1144459999999996,0.12077859999999996,0.12151500000000004,0.12695999999999996,0.1780508,0.18124399999999996,0.9964988392891122,1.0036238937345736,1.0075467316846627,0,0.0,2,0.4,4,0.8
85a2674e53a2d7b75c6944b5a87b04ee9ea182b1,macOS-26.5.1-arm64-arm-64bit,smooth-gradient-medium,smooth gradient,gradient,images/measurements/palette-pipeline/smooth-gradient-600x450.png,600,450,128,oklab,OKLab,7,270000,7623,59.5546875,5,0.002255000000000007,0.004849599999999965,0.005557999999999952,0.03229399999999982,0.045592799999999836,0.0503859999999996,0.049583000000000155,0.16182899999999992,0.1803469999999998,0.9915176873335869,1.0153550814569434,1.023917334262162,1,0.2,2,0.4,4,0.8
85a2674e53a2d7b75c6944b5a87b04ee9ea182b1,macOS-26.5.1-arm64-arm-64bit,smooth-gradient-medium,smooth gradient,gradient,images/measurements/palette-pipeline/smooth-gradient-600x450.png,600,450,128,oklab,OKLab,8,270000,28928,226.0,5,0.0037040000000000406,0.0039448000000000365,0.003974000000000033,0.037506999999999735,0.05071239999999992,0.052535999999999916,0.08911800000000003,0.20688340000000027,0.23196300000000036,0.9897248544354378,1.0084428046005836,1.008707767328457,1,0.2,2,0.4,5,1.0
85a2674e53a2d7b75c6944b5a87b04ee9ea182b1,macOS-26.5.1-arm64-arm-64bit,smooth-gradient-medium,smooth gradient,gradient,images/measurements/palette-pipeline/smooth-gradient-600x450.png,600,450,256,cielab,CIELAB,4,270000,147,0.57421875,5,0.056616,0.05988920000000002,0.061404000000000014,1.255232,1.3111510000000002,1.3147030000000002,1.9005259999999997,2.0060548000000002,2.0402380000000004,0.6040435004744179,0.6106506710733808,0.6139347682037941,0,0.0,0,0.0,0,0.0
85a2674e53a2d7b75c6944b5a87b04ee9ea182b1,macOS-26.5.1-arm64-arm-64bit,smooth-gradient-medium,smooth gradient,gradient,images/measurements/palette-pipeline/smooth-gradient-600x450.png,600,450,256,cielab,CIELAB,5,270000,553,2.16015625,5,0.005161000000000082,0.006772400000000012,0.007082000000000033,0.13911300000000004,0.17919839999999984,0.18847999999999976,0.33889199999999997,0.4179382000000002,0.46421500000000027,0.9149453811157336,0.9155194159854503,0.9157974820232164,0,0.0,1,0.2,2,0.4
85a2674e53a2d7b75c6944b5a87b04ee9ea182b1,macOS-26.5.1-arm64-arm-64bit,smooth-gradient-medium,smooth gradient,gradient,images/measurements/palette-pipeline/smooth-gradient-600x450.png,600,450,256,cielab,CIELAB,6,270000,2107,8.23046875,5,0.003801999999999972,0.005604600000000026,0.006553000000000031,0.04761000000000015,0.08722959999999977,0.11156199999999972,0.13388599999999995,0.2082204000000002,0.23638200000000031,0.9591001549786904,0.9747947096010613,0.9795878646327518,1,0.2,2,0.4,4,0.8
85a2674e53a2d7b75c6944b5a87b04ee9ea182b1,macOS-26.5.1-arm64-arm-64bit,smooth-gradient-medium,smooth gradient,gradient,images/measurements/palette-pipeline/smooth-gradient-600x450.png,600,450,256,cielab,CIELAB,7,270000,8138,31.7890625,5,0.00257099999999999,0.005303200000000064,0.006932000000000049,0.021352999999999955,0.07969599999999995,0.10491599999999979,0.07564799999999972,0.11243180000000015,0.12171900000000013,0.9744544193854463,0.9778799909150845,0.9801212359192087,1,0.2,1,0.2,4,0.8
85a2674e53a2d7b75c6944b5a87b04ee9ea182b1,macOS-26.5.1-arm64-arm-64bit,smooth-gradient-medium,smooth gradient,gradient,images/measurements/palette-pipeline/smooth-gradient-600x450.png,600,450,256,cielab,CIELAB,8,270000,30650,119.7265625,5,0.0027719999999999967,0.00348700000000004,0.0037250000000000894,-0.008633000000000113,0.008969400000000016,0.01033700000000004,0.02760000000000007,0.13567740000000014,0.16902300000000015,0.984938008523828,1.0019603891009818,1.0073870468991581,2,0.4,2,0.4,5,1.0
85a2674e53a2d7b75c6944b5a87b04ee9ea182b1,macOS-26.5.1-arm64-arm-64bit,smooth-gradient-medium,smooth gradient,gradient,images/measurements/palette-pipeline/smooth-gradient-600x450.png,600,450,256,din99d,DIN99d,4,270000,157,0.61328125,5,0.056088999999999944,0.057502400000000065,0.05839800000000006,1.3333529999999998,1.4031136,1.4082219999999999,2.408756,2.4505322,2.452207,0.627180506960002,0.6395369417962218,0.6451078788496319,0,0.0,0,0.0,0,0.0
85a2674e53a2d7b75c6944b5a87b04ee9ea182b1,macOS-26.5.1-arm64-arm-64bit,smooth-gradient-medium,smooth gradient,gradient,images/measurements/palette-pipeline/smooth-gradient-600x450.png,600,450,256,din99d,DIN99d,5,270000,577,2.25390625,5,0.009367000000000014,0.011574800000000041,0.011778000000000066,0.2548849999999998,0.2643205999999998,0.2680189999999998,0.48304400000000003,0.5398372000000001,0.543034,0.925466307549022,0.9276618585295151,0.9282260310387604,0,0.0,0,0.0,0,0.0
85a2674e53a2d7b75c6944b5a87b04ee9ea182b1,macOS-26.5.1-arm64-arm-64bit,smooth-gradient-medium,smooth gradient,gradient,images/measurements/palette-pipeline/smooth-gradient-600x450.png,600,450,256,din99d,DIN99d,6,270000,2182,8.5234375,5,0.0011740000000000084,0.00500299999999998,0.005035000000000012,0.10693099999999989,0.12162720000000002,0.12932200000000016,0.13469700000000007,0.20182720000000007,0.21134399999999998,0.9800639363656959,0.999359518922617,1.000987366768779,0,0.0,3,0.6,4,0.8
85a2674e53a2d7b75c6944b5a87b04ee9ea182b1,macOS-26.5.1-arm64-arm-64bit,smooth-gradient-medium,smooth gradient,gradient,images/measurements/palette-pipeline/smooth-gradient-600x450.png,600,450,256,din99d,DIN99d,7,270000,8274,32.3203125,5,0.005476000000000036,0.006590000000000029,0.006940000000000057,0.054663999999999824,0.09185800000000005,0.11595600000000017,0.103294,0.16280339999999996,0.164485,0.9851742587129356,0.9956187774900234,0.9981518519456188,0,0.0,0,0.0,2,0.4
85a2674e53a2d7b75c6944b5a87b04ee9ea182b1,macOS-26.5.1-arm64-arm-64bit,smooth-gradient-medium,smooth gradient,gradient,images/measurements/palette-pipeline/smooth-gradient-600x450.png,600,450,256,din99d,DIN99d,8,270000,30870,120.5859375,5,0.005931999999999937,0.008114400000000032,0.009180000000000077,0.055466000000000015,0.07358859999999993,0.08286899999999986,0.20037700000000003,0.240996,0.2574519999999998,0.9846072052457024,1.0007689156025088,1.0069032274498815,0,0.0,0,0.0,1,0.2
85a2674e53a2d7b75c6944b5a87b04ee9ea182b1,macOS-26.5.1-arm64-arm-64bit,smooth-gradient-medium,smooth gradient,gradient,images/measurements/palette-pipeline/smooth-gradient-600x450.png,600,450,256,gamma,gamma sRGB,4,270000,612,2.390625,5,0.0071550000000000225,0.008799200000000052,0.009334000000000064,0.10589300000000024,0.12270979999999994,0.12983899999999982,0.12660899999999975,0.16829379999999974,0.17209899999999978,1.0046549547654113,1.0109431743598882,1.0135181791623509,0,0.0,0,0.0,1,0.2
85a2674e53a2d7b75c6944b5a87b04ee9ea182b1,macOS-26.5.1-arm64-arm-64bit,smooth-gradient-medium,smooth gradient,gradient,images/measurements/palette-pipeline/smooth-gradient-600x450.png,600,450,256,gamma,gamma sRGB,5,270000,2486,9.7109375,5,0.004085000000000005,0.006619200000000003,0.007265999999999995,0.06963199999999992,0.09618900000000018,0.11127500000000023,0.09752500000000008,0.14193980000000003,0.162207,1.0117653307837358,1.0145606316119966,1.014607154096297,0,0.0,0,0.0,3,0.6
85a2674e53a2d7b75c6944b5a87b04ee9ea182b1,macOS-26.5.1-arm64-arm-64bit,smooth-gradient-medium,smooth gradient,gradient,images/measurements/palette-pipeline/smooth-gradient-600x450.png,600,450,256,gamma,gamma sRGB,6,270000,9996,39.046875,5,0.002018999999999993,0.0035684000000000046,0.003825999999999996,0.028394999999999948,0.046437599999999926,0.05158399999999985,0.040512000000000103,0.043858400000000054,0.044632000000000005,0.9956563832849256,1.011661846526379,1.019732823413805,1,0.2,2,0.4,5,1.0
85a2674e53a2d7b75c6944b5a87b04ee9ea182b1,macOS-26.5.1-arm64-arm-64bit,smooth-gradient-medium,smooth gradient,gradient,images/measurements/palette-pipeline/smooth-gradient-600x450.png,600,450,256,gamma,gamma sRGB,7,270000,40824,159.46875,5,0.0007280000000000619,0.002652200000000038,0.0030010000000000314,0.0020850000000001145,0.02088019999999995,0.02706900000000001,0.020623999999999754,0.03650360000000008,0.04475600000000002,1.0078237433602848,1.0121104303865853,1.014766419674395,3,0.6,3,0.6,5,1.0
85a2674e53a2d7b75c6944b5a87b04ee9ea182b1,macOS-26.5.1-arm64-arm-64bit,smooth-gradient-medium,smooth gradient,gradient,images/measurements/palette-pipeline/smooth-gradient-600x450.png,600,450,256,gamma,gamma sRGB,8,270000,131200,512.5,5,0.0017360000000000708,0.0024346000000000424,0.002523000000000053,0.016545000000000032,0.023997400000000103,0.027801000000000187,-0.0009100000000001884,0.04598439999999977,0.05530199999999974,1.0039337039756635,1.0127137831403397,1.0154038190848007,1,0.2,3,0.6,5,1.0
85a2674e53a2d7b75c6944b5a87b04ee9ea182b1,macOS-26.5.1-arm64-arm-64bit,smooth-gradient-medium,smooth gradient,gradient,images/measurements/palette-pipeline/smooth-gradient-600x450.png,600,450,256,linear,linear RGB,4,270000,866,3.3828125,5,0.0012129999999999086,0.0037154000000000132,0.004561000000000037,0.21645799999999982,0.2312666000000001,0.23313700000000015,0.687589,0.7755922,0.8183590000000001,1.0211870662926326,1.0336853910387744,1.0404366349862606,0,0.0,0,0.0,5,1.0
85a2674e53a2d7b75c6944b5a87b04ee9ea182b1,macOS-26.5.1-arm64-arm-64bit,smooth-gradient-medium,smooth gradient,gradient,images/measurements/palette-pipeline/smooth-gradient-600x450.png,600,450,256,linear,linear RGB,5,270000,3507,13.69921875,5,0.0040349999999999,0.005503800000000059,0.005875000000000075,0.1479429999999997,0.1787722,0.18930899999999995,0.26005600000000006,0.42616120000000013,0.44101000000000035,0.9643536353440288,0.9875078260685272,0.9923224568138196,0,0.0,0,0.0,4,0.8
85a2674e53a2d7b75c6944b5a87b04ee9ea182b1,macOS-26.5.1-arm64-arm-64bit,smooth-gradient-medium,smooth gradient,gradient,images/measurements/palette-pipeline/smooth-gradient-600x450.png,600,450,256,linear,linear RGB,6,270000,13519,52.80859375,5,0.006487999999999938,0.010913600000000034,0.01241800000000004,0.1427290000000001,0.1939474,0.21039299999999983,0.27537400000000023,0.3021893999999999,0.31193099999999996,0.9540212818609255,0.9766575640633199,0.9780169914538533,0,0.0,0,0.0,0,0.0
85a2674e53a2d7b75c6944b5a87b04ee9ea182b1,macOS-26.5.1-arm64-arm-64bit,smooth-gradient-medium,smooth gradient,gradient,images/measurements/palette-pipeline/smooth-gradient-600x450.png,600,450,256,linear,linear RGB,7,270000,47405,185.17578125,5,0.004504999999999981,0.010646800000000024,0.01182800000000006,0.09022500000000022,0.11139700000000011,0.11665700000000001,0.19584999999999964,0.3437328,0.41580400000000006,0.9596387032912645,0.9689976949735069,0.9707662778680053,0,0.0,1,0.2,3,0.6
85a2674e53a2d7b75c6944b5a87b04ee9ea182b1,macOS-26.5.1-arm64-arm-64bit,smooth-gradient-medium,smooth gradient,gradient,images/measurements/palette-pipeline/smooth-gradient-600x450.png,600,450,256,linear,linear RGB,8,270000,86680,338.59375,5,0.0008739999999999304,0.003069199999999994,0.004357999999999973,0.005169999999999897,0.03685780000000016,0.04104500000000022,0.15047600000000028,0.195982,0.21857000000000015,0.9860291607743698,1.0382607854217256,1.0429828320770413,3,0.6,4,0.8,5,1.0
85a2674e53a2d7b75c6944b5a87b04ee9ea182b1,macOS-26.5.1-arm64-arm-64bit,smooth-gradient-medium,smooth gradient,gradient,images/measurements/palette-pipeline/smooth-gradient-600x450.png,600,450,256,oklab,OKLab,4,270000,140,0.546875,5,0.05717300000000003,0.05872119999999996,0.05947799999999992,1.1539139999999999,1.1756138,1.185583,1.7830460000000001,1.81175,1.8248419999999999,0.6187009935381708,0.6253084125067263,0.6259887580435943,0,0.0,0,0.0,0,0.0
85a2674e53a2d7b75c6944b5a87b04ee9ea182b1,macOS-26.5.1-arm64-arm-64bit,smooth-gradient-medium,smooth gradient,gradient,images/measurements/palette-pipeline/smooth-gradient-600x450.png,600,450,256,oklab,OKLab,5,270000,521,2.03515625,5,0.007864000000000093,0.011295600000000029,0.013272000000000062,0.2584470000000001,0.2909924000000002,0.29112000000000027,0.46679899999999996,0.5395776000000001,0.5693920000000001,0.9110923811713023,0.9157120166497978,0.9186533627846751,0,0.0,0,0.0,1,0.2
85a2674e53a2d7b75c6944b5a87b04ee9ea182b1,macOS-26.5.1-arm64-arm-64bit,smooth-gradient-medium,smooth gradient,gradient,images/measurements/palette-pipeline/smooth-gradient-600x450.png,600,450,256,oklab,OKLab,6,270000,1979,7.73046875,5,0.0018900000000000583,0.0033686000000000328,0.00418099999999999,0.09523499999999996,0.1423598,0.16177900000000012,0.18856299999999981,0.29722040000000005,0.33253200000000005,0.9849696600401148,0.9856149978802387,0.9859348373477121,0,0.0,2,0.4,5,1.0
85a2674e53a2d7b75c6944b5a87b04ee9ea182b1,macOS-26.5.1-arm64-arm-64bit,smooth-gradient-medium,smooth gradient,gradient,images/measurements/palette-pipeline/smooth-gradient-600x450.png,600,450,256,oklab,OKLab,7,270000,7623,29.77734375,5,0.0019959999999999978,0.0036311999999999903,0.004514000000000018,0.027871999999999897,0.04732300000000014,0.05237700000000012,0.10197499999999993,0.15339580000000003,0.17452500000000004,0.989471007121058,0.9935453567761239,0.9948918345976042,2,0.4,3,0.6,5,1.0
85a2674e53a2d7b75c6944b5a87b04ee9ea182b1,macOS-26.5.1-arm64-arm-64bit,smooth-gradient-medium,smooth gradient,gradient,images/measurements/palette-pipeline/smooth-gradient-600x450.png,600,450,256,oklab,OKLab,8,270000,28928,113.0,5,-0.0009230000000000071,0.003012000000000037,0.0036280000000000756,0.02693800000000013,0.05048500000000002,0.05085300000000004,0.10387000000000013,0.12899259999999985,0.1363129999999999,0.9855272226051,0.9876445817160157,0.9877670396744659,2,0.4,3,0.6,5,1.0
