revision,platform,fixture_id,fixture_label,colors,colorspace,colorspace_label,config,label,enabled,policy,timing,rate,channel_l,MS-SSIM,Delta E00_mean,Delta Chroma_mean,palette_entries,palette_channels,unsafe_entries,unsafe_channels,unsafe_channel_fraction,mean_abs_roundtrip_drift,max_abs_roundtrip_drift,encoded_bytes,command,assessment_command
85a2674e53a2d7b75c6944b5a87b04ee9ea182b1,macOS-26.5.1-arm64-arm-64bit,natural-snake,natural photograph,200,gamma,sRGB gamma,off,snap off,False,none,off,0.0,0.85,0.989083,2.454089,1.980673,200,600,188,370,0.6166666666666667,0.6166666666666667,1,285644,{img2sixel} --threads=1 --precision=float32 --quality=full '--loaders=builtin!' --sampling-policy=full-frame --binning-policy=hard --quantize-model=kmeans:seed=1:binbits=6 --merge-policy=none --cover-policy=off -Xgamma -Wgamma --diffusion=fs:scan=raster --gpu-policy=off --lookup-policy=none --palette-type=rgb -p 200 --snap-policy=none --mapfile-output=act:{palette} {input},{lsqa} '--loaders=builtin!' {input} -
85a2674e53a2d7b75c6944b5a87b04ee9ea182b1,macOS-26.5.1-arm64-arm-64bit,natural-snake,natural photograph,200,gamma,sRGB gamma,nearest-quarter,nearest / all / rate 0.25,True,nearest,all,0.25,0.85,0.988649,2.455736,2.015145,200,600,135,185,0.30833333333333335,0.30833333333333335,1,285502,{img2sixel} --threads=1 --precision=float32 --quality=full '--loaders=builtin!' --sampling-policy=full-frame --binning-policy=hard --quantize-model=kmeans:seed=1:binbits=6 --merge-policy=none --cover-policy=off -Xgamma -Wgamma --diffusion=fs:scan=raster --gpu-policy=off --lookup-policy=none --palette-type=rgb -p 200 --snap-policy=nearest:timing=all:rate=0.25:channel_l=0.85 --mapfile-output=act:{palette} {input},{lsqa} '--loaders=builtin!' {input} -
85a2674e53a2d7b75c6944b5a87b04ee9ea182b1,macOS-26.5.1-arm64-arm-64bit,natural-snake,natural photograph,200,gamma,sRGB gamma,nearest-once,nearest / once / rate 1,True,nearest,once,1.0,0.85,0.989005,2.44195,2.034254,200,600,0,0,0.0,0.0,0,288982,{img2sixel} --threads=1 --precision=float32 --quality=full '--loaders=builtin!' --sampling-policy=full-frame --binning-policy=hard --quantize-model=kmeans:seed=1:binbits=6 --merge-policy=none --cover-policy=off -Xgamma -Wgamma --diffusion=fs:scan=raster --gpu-policy=off --lookup-policy=none --palette-type=rgb -p 200 --snap-policy=nearest:timing=once:rate=1:channel_l=0.85 --mapfile-output=act:{palette} {input},{lsqa} '--loaders=builtin!' {input} -
85a2674e53a2d7b75c6944b5a87b04ee9ea182b1,macOS-26.5.1-arm64-arm-64bit,natural-snake,natural photograph,200,gamma,sRGB gamma,nearest-all,nearest / all / rate 1,True,nearest,all,1.0,0.85,0.987708,2.463918,2.008888,200,600,0,0,0.0,0.0,0,290663,{img2sixel} --threads=1 --precision=float32 --quality=full '--loaders=builtin!' --sampling-policy=full-frame --binning-policy=hard --quantize-model=kmeans:seed=1:binbits=6 --merge-policy=none --cover-policy=off -Xgamma -Wgamma --diffusion=fs:scan=raster --gpu-policy=off --lookup-policy=none --palette-type=rgb -p 200 --snap-policy=nearest:timing=all:rate=1:channel_l=0.85 --mapfile-output=act:{palette} {input},{lsqa} '--loaders=builtin!' {input} -
85a2674e53a2d7b75c6944b5a87b04ee9ea182b1,macOS-26.5.1-arm64-arm-64bit,natural-snake,natural photograph,200,gamma,sRGB gamma,reversible-all,reversible / all / rate 1,True,reversible,all,1.0,0.85,0.987697,2.519456,2.086846,200,600,0,0,0.0,0.0,0,287662,{img2sixel} --threads=1 --precision=float32 --quality=full '--loaders=builtin!' --sampling-policy=full-frame --binning-policy=hard --quantize-model=kmeans:seed=1:binbits=6 --merge-policy=none --cover-policy=off -Xgamma -Wgamma --diffusion=fs:scan=raster --gpu-policy=off --lookup-policy=none --palette-type=rgb -p 200 --snap-policy=reversible:timing=all:rate=1:channel_l=0.85 --mapfile-output=act:{palette} {input},{lsqa} '--loaders=builtin!' {input} -
85a2674e53a2d7b75c6944b5a87b04ee9ea182b1,macOS-26.5.1-arm64-arm-64bit,natural-snake,natural photograph,200,linear,linear RGB,off,snap off,False,none,off,0.0,0.85,0.991205,2.522532,2.82707,200,600,191,375,0.625,0.625,1,311547,{img2sixel} --threads=1 --precision=float32 --quality=full '--loaders=builtin!' --sampling-policy=full-frame --binning-policy=hard --quantize-model=kmeans:seed=1:binbits=6 --merge-policy=none --cover-policy=off -Xlinear -Wlinear --diffusion=fs:scan=raster --gpu-policy=off --lookup-policy=none --palette-type=rgb -p 200 --snap-policy=none --mapfile-output=act:{palette} {input},{lsqa} '--loaders=builtin!' {input} -
85a2674e53a2d7b75c6944b5a87b04ee9ea182b1,macOS-26.5.1-arm64-arm-64bit,natural-snake,natural photograph,200,linear,linear RGB,nearest-quarter,nearest / all / rate 0.25,True,nearest,all,0.25,0.85,0.991214,2.414339,2.72047,200,600,126,162,0.27,0.27,1,308788,{img2sixel} --threads=1 --precision=float32 --quality=full '--loaders=builtin!' --sampling-policy=full-frame --binning-policy=hard --quantize-model=kmeans:seed=1:binbits=6 --merge-policy=none --cover-policy=off -Xlinear -Wlinear --diffusion=fs:scan=raster --gpu-policy=off --lookup-policy=none --palette-type=rgb -p 200 --snap-policy=nearest:timing=all:rate=0.25:channel_l=0.85 --mapfile-output=act:{palette} {input},{lsqa} '--loaders=builtin!' {input} -
85a2674e53a2d7b75c6944b5a87b04ee9ea182b1,macOS-26.5.1-arm64-arm-64bit,natural-snake,natural photograph,200,linear,linear RGB,nearest-once,nearest / once / rate 1,True,nearest,once,1.0,0.85,0.991142,2.414774,2.719469,200,600,0,0,0.0,0.0,0,313085,{img2sixel} --threads=1 --precision=float32 --quality=full '--loaders=builtin!' --sampling-policy=full-frame --binning-policy=hard --quantize-model=kmeans:seed=1:binbits=6 --merge-policy=none --cover-policy=off -Xlinear -Wlinear --diffusion=fs:scan=raster --gpu-policy=off --lookup-policy=none --palette-type=rgb -p 200 --snap-policy=nearest:timing=once:rate=1:channel_l=0.85 --mapfile-output=act:{palette} {input},{lsqa} '--loaders=builtin!' {input} -
85a2674e53a2d7b75c6944b5a87b04ee9ea182b1,macOS-26.5.1-arm64-arm-64bit,natural-snake,natural photograph,200,linear,linear RGB,nearest-all,nearest / all / rate 1,True,nearest,all,1.0,0.85,0.99038,2.440554,2.756807,200,600,0,0,0.0,0.0,0,312083,{img2sixel} --threads=1 --precision=float32 --quality=full '--loaders=builtin!' --sampling-policy=full-frame --binning-policy=hard --quantize-model=kmeans:seed=1:binbits=6 --merge-policy=none --cover-policy=off -Xlinear -Wlinear --diffusion=fs:scan=raster --gpu-policy=off --lookup-policy=none --palette-type=rgb -p 200 --snap-policy=nearest:timing=all:rate=1:channel_l=0.85 --mapfile-output=act:{palette} {input},{lsqa} '--loaders=builtin!' {input} -
85a2674e53a2d7b75c6944b5a87b04ee9ea182b1,macOS-26.5.1-arm64-arm-64bit,natural-snake,natural photograph,200,linear,linear RGB,reversible-all,reversible / all / rate 1,True,reversible,all,1.0,0.85,0.990407,2.477361,2.776337,200,600,0,0,0.0,0.0,0,312871,{img2sixel} --threads=1 --precision=float32 --quality=full '--loaders=builtin!' --sampling-policy=full-frame --binning-policy=hard --quantize-model=kmeans:seed=1:binbits=6 --merge-policy=none --cover-policy=off -Xlinear -Wlinear --diffusion=fs:scan=raster --gpu-policy=off --lookup-policy=none --palette-type=rgb -p 200 --snap-policy=reversible:timing=all:rate=1:channel_l=0.85 --mapfile-output=act:{palette} {input},{lsqa} '--loaders=builtin!' {input} -
85a2674e53a2d7b75c6944b5a87b04ee9ea182b1,macOS-26.5.1-arm64-arm-64bit,natural-snake,natural photograph,200,oklab,OKLab,off,snap off,False,none,off,0.0,0.85,0.992001,2.649607,2.75858,200,600,192,365,0.6083333333333333,0.6083333333333333,1,314727,{img2sixel} --threads=1 --precision=float32 --quality=full '--loaders=builtin!' --sampling-policy=full-frame --binning-policy=hard --quantize-model=kmeans:seed=1:binbits=6 --merge-policy=none --cover-policy=off -Xoklab -Woklab --diffusion=fs:scan=raster --gpu-policy=off --lookup-policy=none --palette-type=rgb -p 200 --snap-policy=none --mapfile-output=act:{palette} {input},{lsqa} '--loaders=builtin!' {input} -
85a2674e53a2d7b75c6944b5a87b04ee9ea182b1,macOS-26.5.1-arm64-arm-64bit,natural-snake,natural photograph,200,oklab,OKLab,nearest-quarter,nearest / all / rate 0.25,True,nearest,all,0.25,0.85,0.993024,2.638257,2.509723,200,600,159,260,0.43333333333333335,0.43333333333333335,1,308701,{img2sixel} --threads=1 --precision=float32 --quality=full '--loaders=builtin!' --sampling-policy=full-frame --binning-policy=hard --quantize-model=kmeans:seed=1:binbits=6 --merge-policy=none --cover-policy=off -Xoklab -Woklab --diffusion=fs:scan=raster --gpu-policy=off --lookup-policy=none --palette-type=rgb -p 200 --snap-policy=nearest:timing=all:rate=0.25:channel_l=0.85 --mapfile-output=act:{palette} {input},{lsqa} '--loaders=builtin!' {input} -
85a2674e53a2d7b75c6944b5a87b04ee9ea182b1,macOS-26.5.1-arm64-arm-64bit,natural-snake,natural photograph,200,oklab,OKLab,nearest-once,nearest / once / rate 1,True,nearest,once,1.0,0.85,0.992934,2.62223,2.542036,200,600,0,0,0.0,0.0,0,313078,{img2sixel} --threads=1 --precision=float32 --quality=full '--loaders=builtin!' --sampling-policy=full-frame --binning-policy=hard --quantize-model=kmeans:seed=1:binbits=6 --merge-policy=none --cover-policy=off -Xoklab -Woklab --diffusion=fs:scan=raster --gpu-policy=off --lookup-policy=none --palette-type=rgb -p 200 --snap-policy=nearest:timing=once:rate=1:channel_l=0.85 --mapfile-output=act:{palette} {input},{lsqa} '--loaders=builtin!' {input} -
85a2674e53a2d7b75c6944b5a87b04ee9ea182b1,macOS-26.5.1-arm64-arm-64bit,natural-snake,natural photograph,200,oklab,OKLab,nearest-all,nearest / all / rate 1,True,nearest,all,1.0,0.85,0.993518,2.612045,2.514509,200,600,0,0,0.0,0.0,0,313354,{img2sixel} --threads=1 --precision=float32 --quality=full '--loaders=builtin!' --sampling-policy=full-frame --binning-policy=hard --quantize-model=kmeans:seed=1:binbits=6 --merge-policy=none --cover-policy=off -Xoklab -Woklab --diffusion=fs:scan=raster --gpu-policy=off --lookup-policy=none --palette-type=rgb -p 200 --snap-policy=nearest:timing=all:rate=1:channel_l=0.85 --mapfile-output=act:{palette} {input},{lsqa} '--loaders=builtin!' {input} -
85a2674e53a2d7b75c6944b5a87b04ee9ea182b1,macOS-26.5.1-arm64-arm-64bit,natural-snake,natural photograph,200,oklab,OKLab,reversible-all,reversible / all / rate 1,True,reversible,all,1.0,0.85,0.993203,2.573672,2.587872,200,600,0,0,0.0,0.0,0,307197,{img2sixel} --threads=1 --precision=float32 --quality=full '--loaders=builtin!' --sampling-policy=full-frame --binning-policy=hard --quantize-model=kmeans:seed=1:binbits=6 --merge-policy=none --cover-policy=off -Xoklab -Woklab --diffusion=fs:scan=raster --gpu-policy=off --lookup-policy=none --palette-type=rgb -p 200 --snap-policy=reversible:timing=all:rate=1:channel_l=0.85 --mapfile-output=act:{palette} {input},{lsqa} '--loaders=builtin!' {input} -
85a2674e53a2d7b75c6944b5a87b04ee9ea182b1,macOS-26.5.1-arm64-arm-64bit,natural-snake,natural photograph,200,cielab,CIELAB,off,snap off,False,none,off,0.0,0.85,0.98587,2.392711,1.787168,200,600,181,340,0.5666666666666667,0.5666666666666667,1,313134,{img2sixel} --threads=1 --precision=float32 --quality=full '--loaders=builtin!' --sampling-policy=full-frame --binning-policy=hard --quantize-model=kmeans:seed=1:binbits=6 --merge-policy=none --cover-policy=off -Xcielab -Wcielab --diffusion=fs:scan=raster --gpu-policy=off --lookup-policy=none --palette-type=rgb -p 200 --snap-policy=none --mapfile-output=act:{palette} {input},{lsqa} '--loaders=builtin!' {input} -
85a2674e53a2d7b75c6944b5a87b04ee9ea182b1,macOS-26.5.1-arm64-arm-64bit,natural-snake,natural photograph,200,cielab,CIELAB,nearest-quarter,nearest / all / rate 0.25,True,nearest,all,0.25,0.85,0.98662,2.361193,1.757879,200,600,139,222,0.37,0.37,1,308727,{img2sixel} --threads=1 --precision=float32 --quality=full '--loaders=builtin!' --sampling-policy=full-frame --binning-policy=hard --quantize-model=kmeans:seed=1:binbits=6 --merge-policy=none --cover-policy=off -Xcielab -Wcielab --diffusion=fs:scan=raster --gpu-policy=off --lookup-policy=none --palette-type=rgb -p 200 --snap-policy=nearest:timing=all:rate=0.25:channel_l=0.85 --mapfile-output=act:{palette} {input},{lsqa} '--loaders=builtin!' {input} -
85a2674e53a2d7b75c6944b5a87b04ee9ea182b1,macOS-26.5.1-arm64-arm-64bit,natural-snake,natural photograph,200,cielab,CIELAB,nearest-once,nearest / once / rate 1,True,nearest,once,1.0,0.85,0.985826,2.310869,1.745271,200,600,0,0,0.0,0.0,0,313890,{img2sixel} --threads=1 --precision=float32 --quality=full '--loaders=builtin!' --sampling-policy=full-frame --binning-policy=hard --quantize-model=kmeans:seed=1:binbits=6 --merge-policy=none --cover-policy=off -Xcielab -Wcielab --diffusion=fs:scan=raster --gpu-policy=off --lookup-policy=none --palette-type=rgb -p 200 --snap-policy=nearest:timing=once:rate=1:channel_l=0.85 --mapfile-output=act:{palette} {input},{lsqa} '--loaders=builtin!' {input} -
85a2674e53a2d7b75c6944b5a87b04ee9ea182b1,macOS-26.5.1-arm64-arm-64bit,natural-snake,natural photograph,200,cielab,CIELAB,nearest-all,nearest / all / rate 1,True,nearest,all,1.0,0.85,0.986631,2.29275,1.744237,200,600,0,0,0.0,0.0,0,314485,{img2sixel} --threads=1 --precision=float32 --quality=full '--loaders=builtin!' --sampling-policy=full-frame --binning-policy=hard --quantize-model=kmeans:seed=1:binbits=6 --merge-policy=none --cover-policy=off -Xcielab -Wcielab --diffusion=fs:scan=raster --gpu-policy=off --lookup-policy=none --palette-type=rgb -p 200 --snap-policy=nearest:timing=all:rate=1:channel_l=0.85 --mapfile-output=act:{palette} {input},{lsqa} '--loaders=builtin!' {input} -
85a2674e53a2d7b75c6944b5a87b04ee9ea182b1,macOS-26.5.1-arm64-arm-64bit,natural-snake,natural photograph,200,cielab,CIELAB,reversible-all,reversible / all / rate 1,True,reversible,all,1.0,0.85,0.98549,2.369839,1.783983,200,600,0,0,0.0,0.0,0,313893,{img2sixel} --threads=1 --precision=float32 --quality=full '--loaders=builtin!' --sampling-policy=full-frame --binning-policy=hard --quantize-model=kmeans:seed=1:binbits=6 --merge-policy=none --cover-policy=off -Xcielab -Wcielab --diffusion=fs:scan=raster --gpu-policy=off --lookup-policy=none --palette-type=rgb -p 200 --snap-policy=reversible:timing=all:rate=1:channel_l=0.85 --mapfile-output=act:{palette} {input},{lsqa} '--loaders=builtin!' {input} -
85a2674e53a2d7b75c6944b5a87b04ee9ea182b1,macOS-26.5.1-arm64-arm-64bit,natural-snake,natural photograph,200,din99d,DIN99d,off,snap off,False,none,off,0.0,0.85,0.986499,2.299696,2.22497,200,600,195,387,0.645,0.645,1,304574,{img2sixel} --threads=1 --precision=float32 --quality=full '--loaders=builtin!' --sampling-policy=full-frame --binning-policy=hard --quantize-model=kmeans:seed=1:binbits=6 --merge-policy=none --cover-policy=off -Xdin99d -Wdin99d --diffusion=fs:scan=raster --gpu-policy=off --lookup-policy=none --palette-type=rgb -p 200 --snap-policy=none --mapfile-output=act:{palette} {input},{lsqa} '--loaders=builtin!' {input} -
85a2674e53a2d7b75c6944b5a87b04ee9ea182b1,macOS-26.5.1-arm64-arm-64bit,natural-snake,natural photograph,200,din99d,DIN99d,nearest-quarter,nearest / all / rate 0.25,True,nearest,all,0.25,0.85,0.986712,2.210449,2.192499,200,600,133,205,0.3416666666666667,0.3416666666666667,1,308900,{img2sixel} --threads=1 --precision=float32 --quality=full '--loaders=builtin!' --sampling-policy=full-frame --binning-policy=hard --quantize-model=kmeans:seed=1:binbits=6 --merge-policy=none --cover-policy=off -Xdin99d -Wdin99d --diffusion=fs:scan=raster --gpu-policy=off --lookup-policy=none --palette-type=rgb -p 200 --snap-policy=nearest:timing=all:rate=0.25:channel_l=0.85 --mapfile-output=act:{palette} {input},{lsqa} '--loaders=builtin!' {input} -
85a2674e53a2d7b75c6944b5a87b04ee9ea182b1,macOS-26.5.1-arm64-arm-64bit,natural-snake,natural photograph,200,din99d,DIN99d,nearest-once,nearest / once / rate 1,True,nearest,once,1.0,0.85,0.986768,2.232866,2.175815,200,600,0,0,0.0,0.0,0,310295,{img2sixel} --threads=1 --precision=float32 --quality=full '--loaders=builtin!' --sampling-policy=full-frame --binning-policy=hard --quantize-model=kmeans:seed=1:binbits=6 --merge-policy=none --cover-policy=off -Xdin99d -Wdin99d --diffusion=fs:scan=raster --gpu-policy=off --lookup-policy=none --palette-type=rgb -p 200 --snap-policy=nearest:timing=once:rate=1:channel_l=0.85 --mapfile-output=act:{palette} {input},{lsqa} '--loaders=builtin!' {input} -
85a2674e53a2d7b75c6944b5a87b04ee9ea182b1,macOS-26.5.1-arm64-arm-64bit,natural-snake,natural photograph,200,din99d,DIN99d,nearest-all,nearest / all / rate 1,True,nearest,all,1.0,0.85,0.987051,2.218998,2.17913,200,600,0,0,0.0,0.0,0,309932,{img2sixel} --threads=1 --precision=float32 --quality=full '--loaders=builtin!' --sampling-policy=full-frame --binning-policy=hard --quantize-model=kmeans:seed=1:binbits=6 --merge-policy=none --cover-policy=off -Xdin99d -Wdin99d --diffusion=fs:scan=raster --gpu-policy=off --lookup-policy=none --palette-type=rgb -p 200 --snap-policy=nearest:timing=all:rate=1:channel_l=0.85 --mapfile-output=act:{palette} {input},{lsqa} '--loaders=builtin!' {input} -
85a2674e53a2d7b75c6944b5a87b04ee9ea182b1,macOS-26.5.1-arm64-arm-64bit,natural-snake,natural photograph,200,din99d,DIN99d,reversible-all,reversible / all / rate 1,True,reversible,all,1.0,0.85,0.985505,2.285822,2.2953,200,600,0,0,0.0,0.0,0,309940,{img2sixel} --threads=1 --precision=float32 --quality=full '--loaders=builtin!' --sampling-policy=full-frame --binning-policy=hard --quantize-model=kmeans:seed=1:binbits=6 --merge-policy=none --cover-policy=off -Xdin99d -Wdin99d --diffusion=fs:scan=raster --gpu-policy=off --lookup-policy=none --palette-type=rgb -p 200 --snap-policy=reversible:timing=all:rate=1:channel_l=0.85 --mapfile-output=act:{palette} {input},{lsqa} '--loaders=builtin!' {input} -
85a2674e53a2d7b75c6944b5a87b04ee9ea182b1,macOS-26.5.1-arm64-arm-64bit,natural-snake,natural photograph,202,gamma,sRGB gamma,off,snap off,False,none,off,0.0,0.85,0.989083,2.44164,1.968464,202,606,193,371,0.6122112211221122,0.6122112211221122,1,286356,{img2sixel} --threads=1 --precision=float32 --quality=full '--loaders=builtin!' --sampling-policy=full-frame --binning-policy=hard --quantize-model=kmeans:seed=1:binbits=6 --merge-policy=none --cover-policy=off -Xgamma -Wgamma --diffusion=fs:scan=raster --gpu-policy=off --lookup-policy=none --palette-type=rgb -p 202 --snap-policy=none --mapfile-output=act:{palette} {input},{lsqa} '--loaders=builtin!' {input} -
85a2674e53a2d7b75c6944b5a87b04ee9ea182b1,macOS-26.5.1-arm64-arm-64bit,natural-snake,natural photograph,202,gamma,sRGB gamma,nearest-quarter,nearest / all / rate 0.25,True,nearest,all,0.25,0.85,0.988652,2.449902,2.010415,202,606,125,175,0.2887788778877888,0.2887788778877888,1,285919,{img2sixel} --threads=1 --precision=float32 --quality=full '--loaders=builtin!' --sampling-policy=full-frame --binning-policy=hard --quantize-model=kmeans:seed=1:binbits=6 --merge-policy=none --cover-policy=off -Xgamma -Wgamma --diffusion=fs:scan=raster --gpu-policy=off --lookup-policy=none --palette-type=rgb -p 202 --snap-policy=nearest:timing=all:rate=0.25:channel_l=0.85 --mapfile-output=act:{palette} {input},{lsqa} '--loaders=builtin!' {input} -
85a2674e53a2d7b75c6944b5a87b04ee9ea182b1,macOS-26.5.1-arm64-arm-64bit,natural-snake,natural photograph,202,gamma,sRGB gamma,nearest-once,nearest / once / rate 1,True,nearest,once,1.0,0.85,0.988962,2.437362,2.032358,202,606,0,0,0.0,0.0,0,289684,{img2sixel} --threads=1 --precision=float32 --quality=full '--loaders=builtin!' --sampling-policy=full-frame --binning-policy=hard --quantize-model=kmeans:seed=1:binbits=6 --merge-policy=none --cover-policy=off -Xgamma -Wgamma --diffusion=fs:scan=raster --gpu-policy=off --lookup-policy=none --palette-type=rgb -p 202 --snap-policy=nearest:timing=once:rate=1:channel_l=0.85 --mapfile-output=act:{palette} {input},{lsqa} '--loaders=builtin!' {input} -
85a2674e53a2d7b75c6944b5a87b04ee9ea182b1,macOS-26.5.1-arm64-arm-64bit,natural-snake,natural photograph,202,gamma,sRGB gamma,nearest-all,nearest / all / rate 1,True,nearest,all,1.0,0.85,0.987779,2.463534,2.015374,202,606,0,0,0.0,0.0,0,291704,{img2sixel} --threads=1 --precision=float32 --quality=full '--loaders=builtin!' --sampling-policy=full-frame --binning-policy=hard --quantize-model=kmeans:seed=1:binbits=6 --merge-policy=none --cover-policy=off -Xgamma -Wgamma --diffusion=fs:scan=raster --gpu-policy=off --lookup-policy=none --palette-type=rgb -p 202 --snap-policy=nearest:timing=all:rate=1:channel_l=0.85 --mapfile-output=act:{palette} {input},{lsqa} '--loaders=builtin!' {input} -
85a2674e53a2d7b75c6944b5a87b04ee9ea182b1,macOS-26.5.1-arm64-arm-64bit,natural-snake,natural photograph,202,gamma,sRGB gamma,reversible-all,reversible / all / rate 1,True,reversible,all,1.0,0.85,0.987863,2.511676,2.079717,202,606,0,0,0.0,0.0,0,288052,{img2sixel} --threads=1 --precision=float32 --quality=full '--loaders=builtin!' --sampling-policy=full-frame --binning-policy=hard --quantize-model=kmeans:seed=1:binbits=6 --merge-policy=none --cover-policy=off -Xgamma -Wgamma --diffusion=fs:scan=raster --gpu-policy=off --lookup-policy=none --palette-type=rgb -p 202 --snap-policy=reversible:timing=all:rate=1:channel_l=0.85 --mapfile-output=act:{palette} {input},{lsqa} '--loaders=builtin!' {input} -
85a2674e53a2d7b75c6944b5a87b04ee9ea182b1,macOS-26.5.1-arm64-arm-64bit,natural-snake,natural photograph,202,linear,linear RGB,off,snap off,False,none,off,0.0,0.85,0.991178,2.500722,2.807542,202,606,192,377,0.6221122112211221,0.6221122112211221,1,312881,{img2sixel} --threads=1 --precision=float32 --quality=full '--loaders=builtin!' --sampling-policy=full-frame --binning-policy=hard --quantize-model=kmeans:seed=1:binbits=6 --merge-policy=none --cover-policy=off -Xlinear -Wlinear --diffusion=fs:scan=raster --gpu-policy=off --lookup-policy=none --palette-type=rgb -p 202 --snap-policy=none --mapfile-output=act:{palette} {input},{lsqa} '--loaders=builtin!' {input} -
85a2674e53a2d7b75c6944b5a87b04ee9ea182b1,macOS-26.5.1-arm64-arm-64bit,natural-snake,natural photograph,202,linear,linear RGB,nearest-quarter,nearest / all / rate 0.25,True,nearest,all,0.25,0.85,0.991201,2.402256,2.684462,202,606,128,166,0.2739273927392739,0.2739273927392739,1,311018,{img2sixel} --threads=1 --precision=float32 --quality=full '--loaders=builtin!' --sampling-policy=full-frame --binning-policy=hard --quantize-model=kmeans:seed=1:binbits=6 --merge-policy=none --cover-policy=off -Xlinear -Wlinear --diffusion=fs:scan=raster --gpu-policy=off --lookup-policy=none --palette-type=rgb -p 202 --snap-policy=nearest:timing=all:rate=0.25:channel_l=0.85 --mapfile-output=act:{palette} {input},{lsqa} '--loaders=builtin!' {input} -
85a2674e53a2d7b75c6944b5a87b04ee9ea182b1,macOS-26.5.1-arm64-arm-64bit,natural-snake,natural photograph,202,linear,linear RGB,nearest-once,nearest / once / rate 1,True,nearest,once,1.0,0.85,0.991138,2.40136,2.704377,202,606,0,0,0.0,0.0,0,315275,{img2sixel} --threads=1 --precision=float32 --quality=full '--loaders=builtin!' --sampling-policy=full-frame --binning-policy=hard --quantize-model=kmeans:seed=1:binbits=6 --merge-policy=none --cover-policy=off -Xlinear -Wlinear --diffusion=fs:scan=raster --gpu-policy=off --lookup-policy=none --palette-type=rgb -p 202 --snap-policy=nearest:timing=once:rate=1:channel_l=0.85 --mapfile-output=act:{palette} {input},{lsqa} '--loaders=builtin!' {input} -
85a2674e53a2d7b75c6944b5a87b04ee9ea182b1,macOS-26.5.1-arm64-arm-64bit,natural-snake,natural photograph,202,linear,linear RGB,nearest-all,nearest / all / rate 1,True,nearest,all,1.0,0.85,0.990456,2.414671,2.724694,202,606,0,0,0.0,0.0,0,314578,{img2sixel} --threads=1 --precision=float32 --quality=full '--loaders=builtin!' --sampling-policy=full-frame --binning-policy=hard --quantize-model=kmeans:seed=1:binbits=6 --merge-policy=none --cover-policy=off -Xlinear -Wlinear --diffusion=fs:scan=raster --gpu-policy=off --lookup-policy=none --palette-type=rgb -p 202 --snap-policy=nearest:timing=all:rate=1:channel_l=0.85 --mapfile-output=act:{palette} {input},{lsqa} '--loaders=builtin!' {input} -
85a2674e53a2d7b75c6944b5a87b04ee9ea182b1,macOS-26.5.1-arm64-arm-64bit,natural-snake,natural photograph,202,linear,linear RGB,reversible-all,reversible / all / rate 1,True,reversible,all,1.0,0.85,0.990463,2.469032,2.765549,202,606,0,0,0.0,0.0,0,315042,{img2sixel} --threads=1 --precision=float32 --quality=full '--loaders=builtin!' --sampling-policy=full-frame --binning-policy=hard --quantize-model=kmeans:seed=1:binbits=6 --merge-policy=none --cover-policy=off -Xlinear -Wlinear --diffusion=fs:scan=raster --gpu-policy=off --lookup-policy=none --palette-type=rgb -p 202 --snap-policy=reversible:timing=all:rate=1:channel_l=0.85 --mapfile-output=act:{palette} {input},{lsqa} '--loaders=builtin!' {input} -
85a2674e53a2d7b75c6944b5a87b04ee9ea182b1,macOS-26.5.1-arm64-arm-64bit,natural-snake,natural photograph,202,oklab,OKLab,off,snap off,False,none,off,0.0,0.85,0.992646,2.609643,2.727701,202,606,194,368,0.6072607260726073,0.6072607260726073,1,317781,{img2sixel} --threads=1 --precision=float32 --quality=full '--loaders=builtin!' --sampling-policy=full-frame --binning-policy=hard --quantize-model=kmeans:seed=1:binbits=6 --merge-policy=none --cover-policy=off -Xoklab -Woklab --diffusion=fs:scan=raster --gpu-policy=off --lookup-policy=none --palette-type=rgb -p 202 --snap-policy=none --mapfile-output=act:{palette} {input},{lsqa} '--loaders=builtin!' {input} -
85a2674e53a2d7b75c6944b5a87b04ee9ea182b1,macOS-26.5.1-arm64-arm-64bit,natural-snake,natural photograph,202,oklab,OKLab,nearest-quarter,nearest / all / rate 0.25,True,nearest,all,0.25,0.85,0.993248,2.60168,2.448596,202,606,158,261,0.4306930693069307,0.4306930693069307,1,310887,{img2sixel} --threads=1 --precision=float32 --quality=full '--loaders=builtin!' --sampling-policy=full-frame --binning-policy=hard --quantize-model=kmeans:seed=1:binbits=6 --merge-policy=none --cover-policy=off -Xoklab -Woklab --diffusion=fs:scan=raster --gpu-policy=off --lookup-policy=none --palette-type=rgb -p 202 --snap-policy=nearest:timing=all:rate=0.25:channel_l=0.85 --mapfile-output=act:{palette} {input},{lsqa} '--loaders=builtin!' {input} -
85a2674e53a2d7b75c6944b5a87b04ee9ea182b1,macOS-26.5.1-arm64-arm-64bit,natural-snake,natural photograph,202,oklab,OKLab,nearest-once,nearest / once / rate 1,True,nearest,once,1.0,0.85,0.9934,2.571922,2.538271,202,606,0,0,0.0,0.0,0,315807,{img2sixel} --threads=1 --precision=float32 --quality=full '--loaders=builtin!' --sampling-policy=full-frame --binning-policy=hard --quantize-model=kmeans:seed=1:binbits=6 --merge-policy=none --cover-policy=off -Xoklab -Woklab --diffusion=fs:scan=raster --gpu-policy=off --lookup-policy=none --palette-type=rgb -p 202 --snap-policy=nearest:timing=once:rate=1:channel_l=0.85 --mapfile-output=act:{palette} {input},{lsqa} '--loaders=builtin!' {input} -
85a2674e53a2d7b75c6944b5a87b04ee9ea182b1,macOS-26.5.1-arm64-arm-64bit,natural-snake,natural photograph,202,oklab,OKLab,nearest-all,nearest / all / rate 1,True,nearest,all,1.0,0.85,0.993606,2.569109,2.456767,202,606,0,0,0.0,0.0,0,315468,{img2sixel} --threads=1 --precision=float32 --quality=full '--loaders=builtin!' --sampling-policy=full-frame --binning-policy=hard --quantize-model=kmeans:seed=1:binbits=6 --merge-policy=none --cover-policy=off -Xoklab -Woklab --diffusion=fs:scan=raster --gpu-policy=off --lookup-policy=none --palette-type=rgb -p 202 --snap-policy=nearest:timing=all:rate=1:channel_l=0.85 --mapfile-output=act:{palette} {input},{lsqa} '--loaders=builtin!' {input} -
85a2674e53a2d7b75c6944b5a87b04ee9ea182b1,macOS-26.5.1-arm64-arm-64bit,natural-snake,natural photograph,202,oklab,OKLab,reversible-all,reversible / all / rate 1,True,reversible,all,1.0,0.85,0.993151,2.566657,2.575396,202,606,0,0,0.0,0.0,0,310044,{img2sixel} --threads=1 --precision=float32 --quality=full '--loaders=builtin!' --sampling-policy=full-frame --binning-policy=hard --quantize-model=kmeans:seed=1:binbits=6 --merge-policy=none --cover-policy=off -Xoklab -Woklab --diffusion=fs:scan=raster --gpu-policy=off --lookup-policy=none --palette-type=rgb -p 202 --snap-policy=reversible:timing=all:rate=1:channel_l=0.85 --mapfile-output=act:{palette} {input},{lsqa} '--loaders=builtin!' {input} -
85a2674e53a2d7b75c6944b5a87b04ee9ea182b1,macOS-26.5.1-arm64-arm-64bit,natural-snake,natural photograph,202,cielab,CIELAB,off,snap off,False,none,off,0.0,0.85,0.986113,2.382758,1.770743,202,606,182,339,0.5594059405940595,0.5594059405940595,1,315643,{img2sixel} --threads=1 --precision=float32 --quality=full '--loaders=builtin!' --sampling-policy=full-frame --binning-policy=hard --quantize-model=kmeans:seed=1:binbits=6 --merge-policy=none --cover-policy=off -Xcielab -Wcielab --diffusion=fs:scan=raster --gpu-policy=off --lookup-policy=none --palette-type=rgb -p 202 --snap-policy=none --mapfile-output=act:{palette} {input},{lsqa} '--loaders=builtin!' {input} -
85a2674e53a2d7b75c6944b5a87b04ee9ea182b1,macOS-26.5.1-arm64-arm-64bit,natural-snake,natural photograph,202,cielab,CIELAB,nearest-quarter,nearest / all / rate 0.25,True,nearest,all,0.25,0.85,0.986535,2.374255,1.75927,202,606,143,227,0.37458745874587457,0.37458745874587457,1,309966,{img2sixel} --threads=1 --precision=float32 --quality=full '--loaders=builtin!' --sampling-policy=full-frame --binning-policy=hard --quantize-model=kmeans:seed=1:binbits=6 --merge-policy=none --cover-policy=off -Xcielab -Wcielab --diffusion=fs:scan=raster --gpu-policy=off --lookup-policy=none --palette-type=rgb -p 202 --snap-policy=nearest:timing=all:rate=0.25:channel_l=0.85 --mapfile-output=act:{palette} {input},{lsqa} '--loaders=builtin!' {input} -
85a2674e53a2d7b75c6944b5a87b04ee9ea182b1,macOS-26.5.1-arm64-arm-64bit,natural-snake,natural photograph,202,cielab,CIELAB,nearest-once,nearest / once / rate 1,True,nearest,once,1.0,0.85,0.986227,2.290467,1.715129,202,606,0,0,0.0,0.0,0,316339,{img2sixel} --threads=1 --precision=float32 --quality=full '--loaders=builtin!' --sampling-policy=full-frame --binning-policy=hard --quantize-model=kmeans:seed=1:binbits=6 --merge-policy=none --cover-policy=off -Xcielab -Wcielab --diffusion=fs:scan=raster --gpu-policy=off --lookup-policy=none --palette-type=rgb -p 202 --snap-policy=nearest:timing=once:rate=1:channel_l=0.85 --mapfile-output=act:{palette} {input},{lsqa} '--loaders=builtin!' {input} -
85a2674e53a2d7b75c6944b5a87b04ee9ea182b1,macOS-26.5.1-arm64-arm-64bit,natural-snake,natural photograph,202,cielab,CIELAB,nearest-all,nearest / all / rate 1,True,nearest,all,1.0,0.85,0.98664,2.288537,1.732899,202,606,0,0,0.0,0.0,0,315552,{img2sixel} --threads=1 --precision=float32 --quality=full '--loaders=builtin!' --sampling-policy=full-frame --binning-policy=hard --quantize-model=kmeans:seed=1:binbits=6 --merge-policy=none --cover-policy=off -Xcielab -Wcielab --diffusion=fs:scan=raster --gpu-policy=off --lookup-policy=none --palette-type=rgb -p 202 --snap-policy=nearest:timing=all:rate=1:channel_l=0.85 --mapfile-output=act:{palette} {input},{lsqa} '--loaders=builtin!' {input} -
85a2674e53a2d7b75c6944b5a87b04ee9ea182b1,macOS-26.5.1-arm64-arm-64bit,natural-snake,natural photograph,202,cielab,CIELAB,reversible-all,reversible / all / rate 1,True,reversible,all,1.0,0.85,0.985362,2.378158,1.79019,202,606,0,0,0.0,0.0,0,315720,{img2sixel} --threads=1 --precision=float32 --quality=full '--loaders=builtin!' --sampling-policy=full-frame --binning-policy=hard --quantize-model=kmeans:seed=1:binbits=6 --merge-policy=none --cover-policy=off -Xcielab -Wcielab --diffusion=fs:scan=raster --gpu-policy=off --lookup-policy=none --palette-type=rgb -p 202 --snap-policy=reversible:timing=all:rate=1:channel_l=0.85 --mapfile-output=act:{palette} {input},{lsqa} '--loaders=builtin!' {input} -
85a2674e53a2d7b75c6944b5a87b04ee9ea182b1,macOS-26.5.1-arm64-arm-64bit,natural-snake,natural photograph,202,din99d,DIN99d,off,snap off,False,none,off,0.0,0.85,0.986411,2.305298,2.226137,202,606,195,380,0.6270627062706271,0.6270627062706271,1,307143,{img2sixel} --threads=1 --precision=float32 --quality=full '--loaders=builtin!' --sampling-policy=full-frame --binning-policy=hard --quantize-model=kmeans:seed=1:binbits=6 --merge-policy=none --cover-policy=off -Xdin99d -Wdin99d --diffusion=fs:scan=raster --gpu-policy=off --lookup-policy=none --palette-type=rgb -p 202 --snap-policy=none --mapfile-output=act:{palette} {input},{lsqa} '--loaders=builtin!' {input} -
85a2674e53a2d7b75c6944b5a87b04ee9ea182b1,macOS-26.5.1-arm64-arm-64bit,natural-snake,natural photograph,202,din99d,DIN99d,nearest-quarter,nearest / all / rate 0.25,True,nearest,all,0.25,0.85,0.986847,2.201009,2.20388,202,606,131,202,0.3333333333333333,0.3333333333333333,1,311243,{img2sixel} --threads=1 --precision=float32 --quality=full '--loaders=builtin!' --sampling-policy=full-frame --binning-policy=hard --quantize-model=kmeans:seed=1:binbits=6 --merge-policy=none --cover-policy=off -Xdin99d -Wdin99d --diffusion=fs:scan=raster --gpu-policy=off --lookup-policy=none --palette-type=rgb -p 202 --snap-policy=nearest:timing=all:rate=0.25:channel_l=0.85 --mapfile-output=act:{palette} {input},{lsqa} '--loaders=builtin!' {input} -
85a2674e53a2d7b75c6944b5a87b04ee9ea182b1,macOS-26.5.1-arm64-arm-64bit,natural-snake,natural photograph,202,din99d,DIN99d,nearest-once,nearest / once / rate 1,True,nearest,once,1.0,0.85,0.986986,2.227111,2.167619,202,606,0,0,0.0,0.0,0,312712,{img2sixel} --threads=1 --precision=float32 --quality=full '--loaders=builtin!' --sampling-policy=full-frame --binning-policy=hard --quantize-model=kmeans:seed=1:binbits=6 --merge-policy=none --cover-policy=off -Xdin99d -Wdin99d --diffusion=fs:scan=raster --gpu-policy=off --lookup-policy=none --palette-type=rgb -p 202 --snap-policy=nearest:timing=once:rate=1:channel_l=0.85 --mapfile-output=act:{palette} {input},{lsqa} '--loaders=builtin!' {input} -
85a2674e53a2d7b75c6944b5a87b04ee9ea182b1,macOS-26.5.1-arm64-arm-64bit,natural-snake,natural photograph,202,din99d,DIN99d,nearest-all,nearest / all / rate 1,True,nearest,all,1.0,0.85,0.987146,2.210271,2.173718,202,606,0,0,0.0,0.0,0,312436,{img2sixel} --threads=1 --precision=float32 --quality=full '--loaders=builtin!' --sampling-policy=full-frame --binning-policy=hard --quantize-model=kmeans:seed=1:binbits=6 --merge-policy=none --cover-policy=off -Xdin99d -Wdin99d --diffusion=fs:scan=raster --gpu-policy=off --lookup-policy=none --palette-type=rgb -p 202 --snap-policy=nearest:timing=all:rate=1:channel_l=0.85 --mapfile-output=act:{palette} {input},{lsqa} '--loaders=builtin!' {input} -
85a2674e53a2d7b75c6944b5a87b04ee9ea182b1,macOS-26.5.1-arm64-arm-64bit,natural-snake,natural photograph,202,din99d,DIN99d,reversible-all,reversible / all / rate 1,True,reversible,all,1.0,0.85,0.985505,2.266046,2.269909,202,606,0,0,0.0,0.0,0,311095,{img2sixel} --threads=1 --precision=float32 --quality=full '--loaders=builtin!' --sampling-policy=full-frame --binning-policy=hard --quantize-model=kmeans:seed=1:binbits=6 --merge-policy=none --cover-policy=off -Xdin99d -Wdin99d --diffusion=fs:scan=raster --gpu-policy=off --lookup-policy=none --palette-type=rgb -p 202 --snap-policy=reversible:timing=all:rate=1:channel_l=0.85 --mapfile-output=act:{palette} {input},{lsqa} '--loaders=builtin!' {input} -
85a2674e53a2d7b75c6944b5a87b04ee9ea182b1,macOS-26.5.1-arm64-arm-64bit,natural-snake,natural photograph,204,gamma,sRGB gamma,off,snap off,False,none,off,0.0,0.85,0.989087,2.446787,1.974175,204,612,194,376,0.6143790849673203,0.6143790849673203,1,287567,{img2sixel} --threads=1 --precision=float32 --quality=full '--loaders=builtin!' --sampling-policy=full-frame --binning-policy=hard --quantize-model=kmeans:seed=1:binbits=6 --merge-policy=none --cover-policy=off -Xgamma -Wgamma --diffusion=fs:scan=raster --gpu-policy=off --lookup-policy=none --palette-type=rgb -p 204 --snap-policy=none --mapfile-output=act:{palette} {input},{lsqa} '--loaders=builtin!' {input} -
85a2674e53a2d7b75c6944b5a87b04ee9ea182b1,macOS-26.5.1-arm64-arm-64bit,natural-snake,natural photograph,204,gamma,sRGB gamma,nearest-quarter,nearest / all / rate 0.25,True,nearest,all,0.25,0.85,0.989042,2.434618,2.004819,204,612,124,171,0.27941176470588236,0.27941176470588236,1,286197,{img2sixel} --threads=1 --precision=float32 --quality=full '--loaders=builtin!' --sampling-policy=full-frame --binning-policy=hard --quantize-model=kmeans:seed=1:binbits=6 --merge-policy=none --cover-policy=off -Xgamma -Wgamma --diffusion=fs:scan=raster --gpu-policy=off --lookup-policy=none --palette-type=rgb -p 204 --snap-policy=nearest:timing=all:rate=0.25:channel_l=0.85 --mapfile-output=act:{palette} {input},{lsqa} '--loaders=builtin!' {input} -
85a2674e53a2d7b75c6944b5a87b04ee9ea182b1,macOS-26.5.1-arm64-arm-64bit,natural-snake,natural photograph,204,gamma,sRGB gamma,nearest-once,nearest / once / rate 1,True,nearest,once,1.0,0.85,0.988815,2.4417,2.027376,204,612,0,0,0.0,0.0,0,289963,{img2sixel} --threads=1 --precision=float32 --quality=full '--loaders=builtin!' --sampling-policy=full-frame --binning-policy=hard --quantize-model=kmeans:seed=1:binbits=6 --merge-policy=none --cover-policy=off -Xgamma -Wgamma --diffusion=fs:scan=raster --gpu-policy=off --lookup-policy=none --palette-type=rgb -p 204 --snap-policy=nearest:timing=once:rate=1:channel_l=0.85 --mapfile-output=act:{palette} {input},{lsqa} '--loaders=builtin!' {input} -
85a2674e53a2d7b75c6944b5a87b04ee9ea182b1,macOS-26.5.1-arm64-arm-64bit,natural-snake,natural photograph,204,gamma,sRGB gamma,nearest-all,nearest / all / rate 1,True,nearest,all,1.0,0.85,0.987829,2.461815,2.014864,204,612,0,0,0.0,0.0,0,292324,{img2sixel} --threads=1 --precision=float32 --quality=full '--loaders=builtin!' --sampling-policy=full-frame --binning-policy=hard --quantize-model=kmeans:seed=1:binbits=6 --merge-policy=none --cover-policy=off -Xgamma -Wgamma --diffusion=fs:scan=raster --gpu-policy=off --lookup-policy=none --palette-type=rgb -p 204 --snap-policy=nearest:timing=all:rate=1:channel_l=0.85 --mapfile-output=act:{palette} {input},{lsqa} '--loaders=builtin!' {input} -
85a2674e53a2d7b75c6944b5a87b04ee9ea182b1,macOS-26.5.1-arm64-arm-64bit,natural-snake,natural photograph,204,gamma,sRGB gamma,reversible-all,reversible / all / rate 1,True,reversible,all,1.0,0.85,0.987881,2.504133,2.076775,204,612,0,0,0.0,0.0,0,289204,{img2sixel} --threads=1 --precision=float32 --quality=full '--loaders=builtin!' --sampling-policy=full-frame --binning-policy=hard --quantize-model=kmeans:seed=1:binbits=6 --merge-policy=none --cover-policy=off -Xgamma -Wgamma --diffusion=fs:scan=raster --gpu-policy=off --lookup-policy=none --palette-type=rgb -p 204 --snap-policy=reversible:timing=all:rate=1:channel_l=0.85 --mapfile-output=act:{palette} {input},{lsqa} '--loaders=builtin!' {input} -
85a2674e53a2d7b75c6944b5a87b04ee9ea182b1,macOS-26.5.1-arm64-arm-64bit,natural-snake,natural photograph,204,linear,linear RGB,off,snap off,False,none,off,0.0,0.85,0.991222,2.494959,2.794309,204,612,193,372,0.6078431372549019,0.6078431372549019,1,314061,{img2sixel} --threads=1 --precision=float32 --quality=full '--loaders=builtin!' --sampling-policy=full-frame --binning-policy=hard --quantize-model=kmeans:seed=1:binbits=6 --merge-policy=none --cover-policy=off -Xlinear -Wlinear --diffusion=fs:scan=raster --gpu-policy=off --lookup-policy=none --palette-type=rgb -p 204 --snap-policy=none --mapfile-output=act:{palette} {input},{lsqa} '--loaders=builtin!' {input} -
85a2674e53a2d7b75c6944b5a87b04ee9ea182b1,macOS-26.5.1-arm64-arm-64bit,natural-snake,natural photograph,204,linear,linear RGB,nearest-quarter,nearest / all / rate 0.25,True,nearest,all,0.25,0.85,0.991233,2.390959,2.67315,204,612,124,166,0.27124183006535946,0.27124183006535946,1,311510,{img2sixel} --threads=1 --precision=float32 --quality=full '--loaders=builtin!' --sampling-policy=full-frame --binning-policy=hard --quantize-model=kmeans:seed=1:binbits=6 --merge-policy=none --cover-policy=off -Xlinear -Wlinear --diffusion=fs:scan=raster --gpu-policy=off --lookup-policy=none --palette-type=rgb -p 204 --snap-policy=nearest:timing=all:rate=0.25:channel_l=0.85 --mapfile-output=act:{palette} {input},{lsqa} '--loaders=builtin!' {input} -
85a2674e53a2d7b75c6944b5a87b04ee9ea182b1,macOS-26.5.1-arm64-arm-64bit,natural-snake,natural photograph,204,linear,linear RGB,nearest-once,nearest / once / rate 1,True,nearest,once,1.0,0.85,0.991186,2.402261,2.701693,204,612,0,0,0.0,0.0,0,316520,{img2sixel} --threads=1 --precision=float32 --quality=full '--loaders=builtin!' --sampling-policy=full-frame --binning-policy=hard --quantize-model=kmeans:seed=1:binbits=6 --merge-policy=none --cover-policy=off -Xlinear -Wlinear --diffusion=fs:scan=raster --gpu-policy=off --lookup-policy=none --palette-type=rgb -p 204 --snap-policy=nearest:timing=once:rate=1:channel_l=0.85 --mapfile-output=act:{palette} {input},{lsqa} '--loaders=builtin!' {input} -
85a2674e53a2d7b75c6944b5a87b04ee9ea182b1,macOS-26.5.1-arm64-arm-64bit,natural-snake,natural photograph,204,linear,linear RGB,nearest-all,nearest / all / rate 1,True,nearest,all,1.0,0.85,0.9905,2.410175,2.712988,204,612,0,0,0.0,0.0,0,316638,{img2sixel} --threads=1 --precision=float32 --quality=full '--loaders=builtin!' --sampling-policy=full-frame --binning-policy=hard --quantize-model=kmeans:seed=1:binbits=6 --merge-policy=none --cover-policy=off -Xlinear -Wlinear --diffusion=fs:scan=raster --gpu-policy=off --lookup-policy=none --palette-type=rgb -p 204 --snap-policy=nearest:timing=all:rate=1:channel_l=0.85 --mapfile-output=act:{palette} {input},{lsqa} '--loaders=builtin!' {input} -
85a2674e53a2d7b75c6944b5a87b04ee9ea182b1,macOS-26.5.1-arm64-arm-64bit,natural-snake,natural photograph,204,linear,linear RGB,reversible-all,reversible / all / rate 1,True,reversible,all,1.0,0.85,0.990611,2.462499,2.745283,204,612,0,0,0.0,0.0,0,316516,{img2sixel} --threads=1 --precision=float32 --quality=full '--loaders=builtin!' --sampling-policy=full-frame --binning-policy=hard --quantize-model=kmeans:seed=1:binbits=6 --merge-policy=none --cover-policy=off -Xlinear -Wlinear --diffusion=fs:scan=raster --gpu-policy=off --lookup-policy=none --palette-type=rgb -p 204 --snap-policy=reversible:timing=all:rate=1:channel_l=0.85 --mapfile-output=act:{palette} {input},{lsqa} '--loaders=builtin!' {input} -
85a2674e53a2d7b75c6944b5a87b04ee9ea182b1,macOS-26.5.1-arm64-arm-64bit,natural-snake,natural photograph,204,oklab,OKLab,off,snap off,False,none,off,0.0,0.85,0.992784,2.582468,2.627725,204,612,196,371,0.6062091503267973,0.6062091503267973,1,317661,{img2sixel} --threads=1 --precision=float32 --quality=full '--loaders=builtin!' --sampling-policy=full-frame --binning-policy=hard --quantize-model=kmeans:seed=1:binbits=6 --merge-policy=none --cover-policy=off -Xoklab -Woklab --diffusion=fs:scan=raster --gpu-policy=off --lookup-policy=none --palette-type=rgb -p 204 --snap-policy=none --mapfile-output=act:{palette} {input},{lsqa} '--loaders=builtin!' {input} -
85a2674e53a2d7b75c6944b5a87b04ee9ea182b1,macOS-26.5.1-arm64-arm-64bit,natural-snake,natural photograph,204,oklab,OKLab,nearest-quarter,nearest / all / rate 0.25,True,nearest,all,0.25,0.85,0.993244,2.629871,2.491777,204,612,158,264,0.43137254901960786,0.43137254901960786,1,313217,{img2sixel} --threads=1 --precision=float32 --quality=full '--loaders=builtin!' --sampling-policy=full-frame --binning-policy=hard --quantize-model=kmeans:seed=1:binbits=6 --merge-policy=none --cover-policy=off -Xoklab -Woklab --diffusion=fs:scan=raster --gpu-policy=off --lookup-policy=none --palette-type=rgb -p 204 --snap-policy=nearest:timing=all:rate=0.25:channel_l=0.85 --mapfile-output=act:{palette} {input},{lsqa} '--loaders=builtin!' {input} -
85a2674e53a2d7b75c6944b5a87b04ee9ea182b1,macOS-26.5.1-arm64-arm-64bit,natural-snake,natural photograph,204,oklab,OKLab,nearest-once,nearest / once / rate 1,True,nearest,once,1.0,0.85,0.993519,2.573446,2.521277,204,612,0,0,0.0,0.0,0,316065,{img2sixel} --threads=1 --precision=float32 --quality=full '--loaders=builtin!' --sampling-policy=full-frame --binning-policy=hard --quantize-model=kmeans:seed=1:binbits=6 --merge-policy=none --cover-policy=off -Xoklab -Woklab --diffusion=fs:scan=raster --gpu-policy=off --lookup-policy=none --palette-type=rgb -p 204 --snap-policy=nearest:timing=once:rate=1:channel_l=0.85 --mapfile-output=act:{palette} {input},{lsqa} '--loaders=builtin!' {input} -
85a2674e53a2d7b75c6944b5a87b04ee9ea182b1,macOS-26.5.1-arm64-arm-64bit,natural-snake,natural photograph,204,oklab,OKLab,nearest-all,nearest / all / rate 1,True,nearest,all,1.0,0.85,0.993698,2.576197,2.459695,204,612,0,0,0.0,0.0,0,317001,{img2sixel} --threads=1 --precision=float32 --quality=full '--loaders=builtin!' --sampling-policy=full-frame --binning-policy=hard --quantize-model=kmeans:seed=1:binbits=6 --merge-policy=none --cover-policy=off -Xoklab -Woklab --diffusion=fs:scan=raster --gpu-policy=off --lookup-policy=none --palette-type=rgb -p 204 --snap-policy=nearest:timing=all:rate=1:channel_l=0.85 --mapfile-output=act:{palette} {input},{lsqa} '--loaders=builtin!' {input} -
85a2674e53a2d7b75c6944b5a87b04ee9ea182b1,macOS-26.5.1-arm64-arm-64bit,natural-snake,natural photograph,204,oklab,OKLab,reversible-all,reversible / all / rate 1,True,reversible,all,1.0,0.85,0.993131,2.550475,2.559747,204,612,0,0,0.0,0.0,0,309320,{img2sixel} --threads=1 --precision=float32 --quality=full '--loaders=builtin!' --sampling-policy=full-frame --binning-policy=hard --quantize-model=kmeans:seed=1:binbits=6 --merge-policy=none --cover-policy=off -Xoklab -Woklab --diffusion=fs:scan=raster --gpu-policy=off --lookup-policy=none --palette-type=rgb -p 204 --snap-policy=reversible:timing=all:rate=1:channel_l=0.85 --mapfile-output=act:{palette} {input},{lsqa} '--loaders=builtin!' {input} -
85a2674e53a2d7b75c6944b5a87b04ee9ea182b1,macOS-26.5.1-arm64-arm-64bit,natural-snake,natural photograph,204,cielab,CIELAB,off,snap off,False,none,off,0.0,0.85,0.985602,2.409462,1.779736,204,612,188,353,0.576797385620915,0.576797385620915,1,315027,{img2sixel} --threads=1 --precision=float32 --quality=full '--loaders=builtin!' --sampling-policy=full-frame --binning-policy=hard --quantize-model=kmeans:seed=1:binbits=6 --merge-policy=none --cover-policy=off -Xcielab -Wcielab --diffusion=fs:scan=raster --gpu-policy=off --lookup-policy=none --palette-type=rgb -p 204 --snap-policy=none --mapfile-output=act:{palette} {input},{lsqa} '--loaders=builtin!' {input} -
85a2674e53a2d7b75c6944b5a87b04ee9ea182b1,macOS-26.5.1-arm64-arm-64bit,natural-snake,natural photograph,204,cielab,CIELAB,nearest-quarter,nearest / all / rate 0.25,True,nearest,all,0.25,0.85,0.986881,2.344591,1.763208,204,612,142,221,0.3611111111111111,0.3611111111111111,1,310780,{img2sixel} --threads=1 --precision=float32 --quality=full '--loaders=builtin!' --sampling-policy=full-frame --binning-policy=hard --quantize-model=kmeans:seed=1:binbits=6 --merge-policy=none --cover-policy=off -Xcielab -Wcielab --diffusion=fs:scan=raster --gpu-policy=off --lookup-policy=none --palette-type=rgb -p 204 --snap-policy=nearest:timing=all:rate=0.25:channel_l=0.85 --mapfile-output=act:{palette} {input},{lsqa} '--loaders=builtin!' {input} -
85a2674e53a2d7b75c6944b5a87b04ee9ea182b1,macOS-26.5.1-arm64-arm-64bit,natural-snake,natural photograph,204,cielab,CIELAB,nearest-once,nearest / once / rate 1,True,nearest,once,1.0,0.85,0.985798,2.308161,1.72019,204,612,0,0,0.0,0.0,0,317400,{img2sixel} --threads=1 --precision=float32 --quality=full '--loaders=builtin!' --sampling-policy=full-frame --binning-policy=hard --quantize-model=kmeans:seed=1:binbits=6 --merge-policy=none --cover-policy=off -Xcielab -Wcielab --diffusion=fs:scan=raster --gpu-policy=off --lookup-policy=none --palette-type=rgb -p 204 --snap-policy=nearest:timing=once:rate=1:channel_l=0.85 --mapfile-output=act:{palette} {input},{lsqa} '--loaders=builtin!' {input} -
85a2674e53a2d7b75c6944b5a87b04ee9ea182b1,macOS-26.5.1-arm64-arm-64bit,natural-snake,natural photograph,204,cielab,CIELAB,nearest-all,nearest / all / rate 1,True,nearest,all,1.0,0.85,0.98687,2.27789,1.727665,204,612,0,0,0.0,0.0,0,316243,{img2sixel} --threads=1 --precision=float32 --quality=full '--loaders=builtin!' --sampling-policy=full-frame --binning-policy=hard --quantize-model=kmeans:seed=1:binbits=6 --merge-policy=none --cover-policy=off -Xcielab -Wcielab --diffusion=fs:scan=raster --gpu-policy=off --lookup-policy=none --palette-type=rgb -p 204 --snap-policy=nearest:timing=all:rate=1:channel_l=0.85 --mapfile-output=act:{palette} {input},{lsqa} '--loaders=builtin!' {input} -
85a2674e53a2d7b75c6944b5a87b04ee9ea182b1,macOS-26.5.1-arm64-arm-64bit,natural-snake,natural photograph,204,cielab,CIELAB,reversible-all,reversible / all / rate 1,True,reversible,all,1.0,0.85,0.985723,2.37091,1.801575,204,612,0,0,0.0,0.0,0,317612,{img2sixel} --threads=1 --precision=float32 --quality=full '--loaders=builtin!' --sampling-policy=full-frame --binning-policy=hard --quantize-model=kmeans:seed=1:binbits=6 --merge-policy=none --cover-policy=off -Xcielab -Wcielab --diffusion=fs:scan=raster --gpu-policy=off --lookup-policy=none --palette-type=rgb -p 204 --snap-policy=reversible:timing=all:rate=1:channel_l=0.85 --mapfile-output=act:{palette} {input},{lsqa} '--loaders=builtin!' {input} -
85a2674e53a2d7b75c6944b5a87b04ee9ea182b1,macOS-26.5.1-arm64-arm-64bit,natural-snake,natural photograph,204,din99d,DIN99d,off,snap off,False,none,off,0.0,0.85,0.986708,2.285834,2.216951,204,612,197,378,0.6176470588235294,0.6176470588235294,1,307404,{img2sixel} --threads=1 --precision=float32 --quality=full '--loaders=builtin!' --sampling-policy=full-frame --binning-policy=hard --quantize-model=kmeans:seed=1:binbits=6 --merge-policy=none --cover-policy=off -Xdin99d -Wdin99d --diffusion=fs:scan=raster --gpu-policy=off --lookup-policy=none --palette-type=rgb -p 204 --snap-policy=none --mapfile-output=act:{palette} {input},{lsqa} '--loaders=builtin!' {input} -
85a2674e53a2d7b75c6944b5a87b04ee9ea182b1,macOS-26.5.1-arm64-arm-64bit,natural-snake,natural photograph,204,din99d,DIN99d,nearest-quarter,nearest / all / rate 0.25,True,nearest,all,0.25,0.85,0.987062,2.19787,2.20185,204,612,126,186,0.30392156862745096,0.30392156862745096,1,314063,{img2sixel} --threads=1 --precision=float32 --quality=full '--loaders=builtin!' --sampling-policy=full-frame --binning-policy=hard --quantize-model=kmeans:seed=1:binbits=6 --merge-policy=none --cover-policy=off -Xdin99d -Wdin99d --diffusion=fs:scan=raster --gpu-policy=off --lookup-policy=none --palette-type=rgb -p 204 --snap-policy=nearest:timing=all:rate=0.25:channel_l=0.85 --mapfile-output=act:{palette} {input},{lsqa} '--loaders=builtin!' {input} -
85a2674e53a2d7b75c6944b5a87b04ee9ea182b1,macOS-26.5.1-arm64-arm-64bit,natural-snake,natural photograph,204,din99d,DIN99d,nearest-once,nearest / once / rate 1,True,nearest,once,1.0,0.85,0.986791,2.225014,2.157747,204,612,0,0,0.0,0.0,0,313153,{img2sixel} --threads=1 --precision=float32 --quality=full '--loaders=builtin!' --sampling-policy=full-frame --binning-policy=hard --quantize-model=kmeans:seed=1:binbits=6 --merge-policy=none --cover-policy=off -Xdin99d -Wdin99d --diffusion=fs:scan=raster --gpu-policy=off --lookup-policy=none --palette-type=rgb -p 204 --snap-policy=nearest:timing=once:rate=1:channel_l=0.85 --mapfile-output=act:{palette} {input},{lsqa} '--loaders=builtin!' {input} -
85a2674e53a2d7b75c6944b5a87b04ee9ea182b1,macOS-26.5.1-arm64-arm-64bit,natural-snake,natural photograph,204,din99d,DIN99d,nearest-all,nearest / all / rate 1,True,nearest,all,1.0,0.85,0.987147,2.203166,2.164182,204,612,0,0,0.0,0.0,0,313443,{img2sixel} --threads=1 --precision=float32 --quality=full '--loaders=builtin!' --sampling-policy=full-frame --binning-policy=hard --quantize-model=kmeans:seed=1:binbits=6 --merge-policy=none --cover-policy=off -Xdin99d -Wdin99d --diffusion=fs:scan=raster --gpu-policy=off --lookup-policy=none --palette-type=rgb -p 204 --snap-policy=nearest:timing=all:rate=1:channel_l=0.85 --mapfile-output=act:{palette} {input},{lsqa} '--loaders=builtin!' {input} -
85a2674e53a2d7b75c6944b5a87b04ee9ea182b1,macOS-26.5.1-arm64-arm-64bit,natural-snake,natural photograph,204,din99d,DIN99d,reversible-all,reversible / all / rate 1,True,reversible,all,1.0,0.85,0.985967,2.275573,2.27232,204,612,0,0,0.0,0.0,0,309125,{img2sixel} --threads=1 --precision=float32 --quality=full '--loaders=builtin!' --sampling-policy=full-frame --binning-policy=hard --quantize-model=kmeans:seed=1:binbits=6 --merge-policy=none --cover-policy=off -Xdin99d -Wdin99d --diffusion=fs:scan=raster --gpu-policy=off --lookup-policy=none --palette-type=rgb -p 204 --snap-policy=reversible:timing=all:rate=1:channel_l=0.85 --mapfile-output=act:{palette} {input},{lsqa} '--loaders=builtin!' {input} -
85a2674e53a2d7b75c6944b5a87b04ee9ea182b1,macOS-26.5.1-arm64-arm-64bit,natural-snake,natural photograph,206,gamma,sRGB gamma,off,snap off,False,none,off,0.0,0.85,0.989172,2.443963,1.997173,206,618,197,381,0.616504854368932,0.616504854368932,1,288180,{img2sixel} --threads=1 --precision=float32 --quality=full '--loaders=builtin!' --sampling-policy=full-frame --binning-policy=hard --quantize-model=kmeans:seed=1:binbits=6 --merge-policy=none --cover-policy=off -Xgamma -Wgamma --diffusion=fs:scan=raster --gpu-policy=off --lookup-policy=none --palette-type=rgb -p 206 --snap-policy=none --mapfile-output=act:{palette} {input},{lsqa} '--loaders=builtin!' {input} -
85a2674e53a2d7b75c6944b5a87b04ee9ea182b1,macOS-26.5.1-arm64-arm-64bit,natural-snake,natural photograph,206,gamma,sRGB gamma,nearest-quarter,nearest / all / rate 0.25,True,nearest,all,0.25,0.85,0.989177,2.423947,1.981332,206,618,128,183,0.2961165048543689,0.2961165048543689,1,289323,{img2sixel} --threads=1 --precision=float32 --quality=full '--loaders=builtin!' --sampling-policy=full-frame --binning-policy=hard --quantize-model=kmeans:seed=1:binbits=6 --merge-policy=none --cover-policy=off -Xgamma -Wgamma --diffusion=fs:scan=raster --gpu-policy=off --lookup-policy=none --palette-type=rgb -p 206 --snap-policy=nearest:timing=all:rate=0.25:channel_l=0.85 --mapfile-output=act:{palette} {input},{lsqa} '--loaders=builtin!' {input} -
85a2674e53a2d7b75c6944b5a87b04ee9ea182b1,macOS-26.5.1-arm64-arm-64bit,natural-snake,natural photograph,206,gamma,sRGB gamma,nearest-once,nearest / once / rate 1,True,nearest,once,1.0,0.85,0.988458,2.459774,2.052716,206,618,0,0,0.0,0.0,0,293634,{img2sixel} --threads=1 --precision=float32 --quality=full '--loaders=builtin!' --sampling-policy=full-frame --binning-policy=hard --quantize-model=kmeans:seed=1:binbits=6 --merge-policy=none --cover-policy=off -Xgamma -Wgamma --diffusion=fs:scan=raster --gpu-policy=off --lookup-policy=none --palette-type=rgb -p 206 --snap-policy=nearest:timing=once:rate=1:channel_l=0.85 --mapfile-output=act:{palette} {input},{lsqa} '--loaders=builtin!' {input} -
85a2674e53a2d7b75c6944b5a87b04ee9ea182b1,macOS-26.5.1-arm64-arm-64bit,natural-snake,natural photograph,206,gamma,sRGB gamma,nearest-all,nearest / all / rate 1,True,nearest,all,1.0,0.85,0.9878,2.457251,2.011969,206,618,0,0,0.0,0.0,0,292526,{img2sixel} --threads=1 --precision=float32 --quality=full '--loaders=builtin!' --sampling-policy=full-frame --binning-policy=hard --quantize-model=kmeans:seed=1:binbits=6 --merge-policy=none --cover-policy=off -Xgamma -Wgamma --diffusion=fs:scan=raster --gpu-policy=off --lookup-policy=none --palette-type=rgb -p 206 --snap-policy=nearest:timing=all:rate=1:channel_l=0.85 --mapfile-output=act:{palette} {input},{lsqa} '--loaders=builtin!' {input} -
85a2674e53a2d7b75c6944b5a87b04ee9ea182b1,macOS-26.5.1-arm64-arm-64bit,natural-snake,natural photograph,206,gamma,sRGB gamma,reversible-all,reversible / all / rate 1,True,reversible,all,1.0,0.85,0.987928,2.497134,2.072771,206,618,0,0,0.0,0.0,0,291089,{img2sixel} --threads=1 --precision=float32 --quality=full '--loaders=builtin!' --sampling-policy=full-frame --binning-policy=hard --quantize-model=kmeans:seed=1:binbits=6 --merge-policy=none --cover-policy=off -Xgamma -Wgamma --diffusion=fs:scan=raster --gpu-policy=off --lookup-policy=none --palette-type=rgb -p 206 --snap-policy=reversible:timing=all:rate=1:channel_l=0.85 --mapfile-output=act:{palette} {input},{lsqa} '--loaders=builtin!' {input} -
85a2674e53a2d7b75c6944b5a87b04ee9ea182b1,macOS-26.5.1-arm64-arm-64bit,natural-snake,natural photograph,206,linear,linear RGB,off,snap off,False,none,off,0.0,0.85,0.991278,2.487729,2.794195,206,618,197,377,0.610032362459547,0.610032362459547,1,315656,{img2sixel} --threads=1 --precision=float32 --quality=full '--loaders=builtin!' --sampling-policy=full-frame --binning-policy=hard --quantize-model=kmeans:seed=1:binbits=6 --merge-policy=none --cover-policy=off -Xlinear -Wlinear --diffusion=fs:scan=raster --gpu-policy=off --lookup-policy=none --palette-type=rgb -p 206 --snap-policy=none --mapfile-output=act:{palette} {input},{lsqa} '--loaders=builtin!' {input} -
85a2674e53a2d7b75c6944b5a87b04ee9ea182b1,macOS-26.5.1-arm64-arm-64bit,natural-snake,natural photograph,206,linear,linear RGB,nearest-quarter,nearest / all / rate 0.25,True,nearest,all,0.25,0.85,0.991271,2.379825,2.674103,206,618,123,159,0.25728155339805825,0.25728155339805825,1,311891,{img2sixel} --threads=1 --precision=float32 --quality=full '--loaders=builtin!' --sampling-policy=full-frame --binning-policy=hard --quantize-model=kmeans:seed=1:binbits=6 --merge-policy=none --cover-policy=off -Xlinear -Wlinear --diffusion=fs:scan=raster --gpu-policy=off --lookup-policy=none --palette-type=rgb -p 206 --snap-policy=nearest:timing=all:rate=0.25:channel_l=0.85 --mapfile-output=act:{palette} {input},{lsqa} '--loaders=builtin!' {input} -
85a2674e53a2d7b75c6944b5a87b04ee9ea182b1,macOS-26.5.1-arm64-arm-64bit,natural-snake,natural photograph,206,linear,linear RGB,nearest-once,nearest / once / rate 1,True,nearest,once,1.0,0.85,0.991272,2.396056,2.708854,206,618,0,0,0.0,0.0,0,317461,{img2sixel} --threads=1 --precision=float32 --quality=full '--loaders=builtin!' --sampling-policy=full-frame --binning-policy=hard --quantize-model=kmeans:seed=1:binbits=6 --merge-policy=none --cover-policy=off -Xlinear -Wlinear --diffusion=fs:scan=raster --gpu-policy=off --lookup-policy=none --palette-type=rgb -p 206 --snap-policy=nearest:timing=once:rate=1:channel_l=0.85 --mapfile-output=act:{palette} {input},{lsqa} '--loaders=builtin!' {input} -
85a2674e53a2d7b75c6944b5a87b04ee9ea182b1,macOS-26.5.1-arm64-arm-64bit,natural-snake,natural photograph,206,linear,linear RGB,nearest-all,nearest / all / rate 1,True,nearest,all,1.0,0.85,0.990534,2.406164,2.720932,206,618,0,0,0.0,0.0,0,317075,{img2sixel} --threads=1 --precision=float32 --quality=full '--loaders=builtin!' --sampling-policy=full-frame --binning-policy=hard --quantize-model=kmeans:seed=1:binbits=6 --merge-policy=none --cover-policy=off -Xlinear -Wlinear --diffusion=fs:scan=raster --gpu-policy=off --lookup-policy=none --palette-type=rgb -p 206 --snap-policy=nearest:timing=all:rate=1:channel_l=0.85 --mapfile-output=act:{palette} {input},{lsqa} '--loaders=builtin!' {input} -
85a2674e53a2d7b75c6944b5a87b04ee9ea182b1,macOS-26.5.1-arm64-arm-64bit,natural-snake,natural photograph,206,linear,linear RGB,reversible-all,reversible / all / rate 1,True,reversible,all,1.0,0.85,0.990646,2.453643,2.746641,206,618,0,0,0.0,0.0,0,316902,{img2sixel} --threads=1 --precision=float32 --quality=full '--loaders=builtin!' --sampling-policy=full-frame --binning-policy=hard --quantize-model=kmeans:seed=1:binbits=6 --merge-policy=none --cover-policy=off -Xlinear -Wlinear --diffusion=fs:scan=raster --gpu-policy=off --lookup-policy=none --palette-type=rgb -p 206 --snap-policy=reversible:timing=all:rate=1:channel_l=0.85 --mapfile-output=act:{palette} {input},{lsqa} '--loaders=builtin!' {input} -
85a2674e53a2d7b75c6944b5a87b04ee9ea182b1,macOS-26.5.1-arm64-arm-64bit,natural-snake,natural photograph,206,oklab,OKLab,off,snap off,False,none,off,0.0,0.85,0.992743,2.582564,2.626273,206,618,196,369,0.5970873786407767,0.5970873786407767,1,318796,{img2sixel} --threads=1 --precision=float32 --quality=full '--loaders=builtin!' --sampling-policy=full-frame --binning-policy=hard --quantize-model=kmeans:seed=1:binbits=6 --merge-policy=none --cover-policy=off -Xoklab -Woklab --diffusion=fs:scan=raster --gpu-policy=off --lookup-policy=none --palette-type=rgb -p 206 --snap-policy=none --mapfile-output=act:{palette} {input},{lsqa} '--loaders=builtin!' {input} -
85a2674e53a2d7b75c6944b5a87b04ee9ea182b1,macOS-26.5.1-arm64-arm-64bit,natural-snake,natural photograph,206,oklab,OKLab,nearest-quarter,nearest / all / rate 0.25,True,nearest,all,0.25,0.85,0.993165,2.628509,2.48753,206,618,159,266,0.43042071197411,0.43042071197411,1,313080,{img2sixel} --threads=1 --precision=float32 --quality=full '--loaders=builtin!' --sampling-policy=full-frame --binning-policy=hard --quantize-model=kmeans:seed=1:binbits=6 --merge-policy=none --cover-policy=off -Xoklab -Woklab --diffusion=fs:scan=raster --gpu-policy=off --lookup-policy=none --palette-type=rgb -p 206 --snap-policy=nearest:timing=all:rate=0.25:channel_l=0.85 --mapfile-output=act:{palette} {input},{lsqa} '--loaders=builtin!' {input} -
85a2674e53a2d7b75c6944b5a87b04ee9ea182b1,macOS-26.5.1-arm64-arm-64bit,natural-snake,natural photograph,206,oklab,OKLab,nearest-once,nearest / once / rate 1,True,nearest,once,1.0,0.85,0.993563,2.564069,2.51688,206,618,0,0,0.0,0.0,0,316682,{img2sixel} --threads=1 --precision=float32 --quality=full '--loaders=builtin!' --sampling-policy=full-frame --binning-policy=hard --quantize-model=kmeans:seed=1:binbits=6 --merge-policy=none --cover-policy=off -Xoklab -Woklab --diffusion=fs:scan=raster --gpu-policy=off --lookup-policy=none --palette-type=rgb -p 206 --snap-policy=nearest:timing=once:rate=1:channel_l=0.85 --mapfile-output=act:{palette} {input},{lsqa} '--loaders=builtin!' {input} -
85a2674e53a2d7b75c6944b5a87b04ee9ea182b1,macOS-26.5.1-arm64-arm-64bit,natural-snake,natural photograph,206,oklab,OKLab,nearest-all,nearest / all / rate 1,True,nearest,all,1.0,0.85,0.993694,2.582604,2.467239,206,618,0,0,0.0,0.0,0,316326,{img2sixel} --threads=1 --precision=float32 --quality=full '--loaders=builtin!' --sampling-policy=full-frame --binning-policy=hard --quantize-model=kmeans:seed=1:binbits=6 --merge-policy=none --cover-policy=off -Xoklab -Woklab --diffusion=fs:scan=raster --gpu-policy=off --lookup-policy=none --palette-type=rgb -p 206 --snap-policy=nearest:timing=all:rate=1:channel_l=0.85 --mapfile-output=act:{palette} {input},{lsqa} '--loaders=builtin!' {input} -
85a2674e53a2d7b75c6944b5a87b04ee9ea182b1,macOS-26.5.1-arm64-arm-64bit,natural-snake,natural photograph,206,oklab,OKLab,reversible-all,reversible / all / rate 1,True,reversible,all,1.0,0.85,0.993191,2.548882,2.550392,206,618,0,0,0.0,0.0,0,310137,{img2sixel} --threads=1 --precision=float32 --quality=full '--loaders=builtin!' --sampling-policy=full-frame --binning-policy=hard --quantize-model=kmeans:seed=1:binbits=6 --merge-policy=none --cover-policy=off -Xoklab -Woklab --diffusion=fs:scan=raster --gpu-policy=off --lookup-policy=none --palette-type=rgb -p 206 --snap-policy=reversible:timing=all:rate=1:channel_l=0.85 --mapfile-output=act:{palette} {input},{lsqa} '--loaders=builtin!' {input} -
85a2674e53a2d7b75c6944b5a87b04ee9ea182b1,macOS-26.5.1-arm64-arm-64bit,natural-snake,natural photograph,206,cielab,CIELAB,off,snap off,False,none,off,0.0,0.85,0.985643,2.437339,1.816723,206,618,191,370,0.598705501618123,0.598705501618123,1,316895,{img2sixel} --threads=1 --precision=float32 --quality=full '--loaders=builtin!' --sampling-policy=full-frame --binning-policy=hard --quantize-model=kmeans:seed=1:binbits=6 --merge-policy=none --cover-policy=off -Xcielab -Wcielab --diffusion=fs:scan=raster --gpu-policy=off --lookup-policy=none --palette-type=rgb -p 206 --snap-policy=none --mapfile-output=act:{palette} {input},{lsqa} '--loaders=builtin!' {input} -
85a2674e53a2d7b75c6944b5a87b04ee9ea182b1,macOS-26.5.1-arm64-arm-64bit,natural-snake,natural photograph,206,cielab,CIELAB,nearest-quarter,nearest / all / rate 0.25,True,nearest,all,0.25,0.85,0.987049,2.337723,1.748346,206,618,144,219,0.35436893203883496,0.35436893203883496,1,313387,{img2sixel} --threads=1 --precision=float32 --quality=full '--loaders=builtin!' --sampling-policy=full-frame --binning-policy=hard --quantize-model=kmeans:seed=1:binbits=6 --merge-policy=none --cover-policy=off -Xcielab -Wcielab --diffusion=fs:scan=raster --gpu-policy=off --lookup-policy=none --palette-type=rgb -p 206 --snap-policy=nearest:timing=all:rate=0.25:channel_l=0.85 --mapfile-output=act:{palette} {input},{lsqa} '--loaders=builtin!' {input} -
85a2674e53a2d7b75c6944b5a87b04ee9ea182b1,macOS-26.5.1-arm64-arm-64bit,natural-snake,natural photograph,206,cielab,CIELAB,nearest-once,nearest / once / rate 1,True,nearest,once,1.0,0.85,0.985667,2.353004,1.752943,206,618,0,0,0.0,0.0,0,318907,{img2sixel} --threads=1 --precision=float32 --quality=full '--loaders=builtin!' --sampling-policy=full-frame --binning-policy=hard --quantize-model=kmeans:seed=1:binbits=6 --merge-policy=none --cover-policy=off -Xcielab -Wcielab --diffusion=fs:scan=raster --gpu-policy=off --lookup-policy=none --palette-type=rgb -p 206 --snap-policy=nearest:timing=once:rate=1:channel_l=0.85 --mapfile-output=act:{palette} {input},{lsqa} '--loaders=builtin!' {input} -
85a2674e53a2d7b75c6944b5a87b04ee9ea182b1,macOS-26.5.1-arm64-arm-64bit,natural-snake,natural photograph,206,cielab,CIELAB,nearest-all,nearest / all / rate 1,True,nearest,all,1.0,0.85,0.987073,2.276737,1.730775,206,618,0,0,0.0,0.0,0,316377,{img2sixel} --threads=1 --precision=float32 --quality=full '--loaders=builtin!' --sampling-policy=full-frame --binning-policy=hard --quantize-model=kmeans:seed=1:binbits=6 --merge-policy=none --cover-policy=off -Xcielab -Wcielab --diffusion=fs:scan=raster --gpu-policy=off --lookup-policy=none --palette-type=rgb -p 206 --snap-policy=nearest:timing=all:rate=1:channel_l=0.85 --mapfile-output=act:{palette} {input},{lsqa} '--loaders=builtin!' {input} -
85a2674e53a2d7b75c6944b5a87b04ee9ea182b1,macOS-26.5.1-arm64-arm-64bit,natural-snake,natural photograph,206,cielab,CIELAB,reversible-all,reversible / all / rate 1,True,reversible,all,1.0,0.85,0.985756,2.352065,1.788265,206,618,0,0,0.0,0.0,0,318802,{img2sixel} --threads=1 --precision=float32 --quality=full '--loaders=builtin!' --sampling-policy=full-frame --binning-policy=hard --quantize-model=kmeans:seed=1:binbits=6 --merge-policy=none --cover-policy=off -Xcielab -Wcielab --diffusion=fs:scan=raster --gpu-policy=off --lookup-policy=none --palette-type=rgb -p 206 --snap-policy=reversible:timing=all:rate=1:channel_l=0.85 --mapfile-output=act:{palette} {input},{lsqa} '--loaders=builtin!' {input} -
85a2674e53a2d7b75c6944b5a87b04ee9ea182b1,macOS-26.5.1-arm64-arm-64bit,natural-snake,natural photograph,206,din99d,DIN99d,off,snap off,False,none,off,0.0,0.85,0.986637,2.280819,2.190967,206,618,200,378,0.6116504854368932,0.6116504854368932,1,309195,{img2sixel} --threads=1 --precision=float32 --quality=full '--loaders=builtin!' --sampling-policy=full-frame --binning-policy=hard --quantize-model=kmeans:seed=1:binbits=6 --merge-policy=none --cover-policy=off -Xdin99d -Wdin99d --diffusion=fs:scan=raster --gpu-policy=off --lookup-policy=none --palette-type=rgb -p 206 --snap-policy=none --mapfile-output=act:{palette} {input},{lsqa} '--loaders=builtin!' {input} -
85a2674e53a2d7b75c6944b5a87b04ee9ea182b1,macOS-26.5.1-arm64-arm-64bit,natural-snake,natural photograph,206,din99d,DIN99d,nearest-quarter,nearest / all / rate 0.25,True,nearest,all,0.25,0.85,0.987087,2.192693,2.18218,206,618,129,194,0.313915857605178,0.313915857605178,1,314230,{img2sixel} --threads=1 --precision=float32 --quality=full '--loaders=builtin!' --sampling-policy=full-frame --binning-policy=hard --quantize-model=kmeans:seed=1:binbits=6 --merge-policy=none --cover-policy=off -Xdin99d -Wdin99d --diffusion=fs:scan=raster --gpu-policy=off --lookup-policy=none --palette-type=rgb -p 206 --snap-policy=nearest:timing=all:rate=0.25:channel_l=0.85 --mapfile-output=act:{palette} {input},{lsqa} '--loaders=builtin!' {input} -
85a2674e53a2d7b75c6944b5a87b04ee9ea182b1,macOS-26.5.1-arm64-arm-64bit,natural-snake,natural photograph,206,din99d,DIN99d,nearest-once,nearest / once / rate 1,True,nearest,once,1.0,0.85,0.986996,2.211699,2.158405,206,618,0,0,0.0,0.0,0,314285,{img2sixel} --threads=1 --precision=float32 --quality=full '--loaders=builtin!' --sampling-policy=full-frame --binning-policy=hard --quantize-model=kmeans:seed=1:binbits=6 --merge-policy=none --cover-policy=off -Xdin99d -Wdin99d --diffusion=fs:scan=raster --gpu-policy=off --lookup-policy=none --palette-type=rgb -p 206 --snap-policy=nearest:timing=once:rate=1:channel_l=0.85 --mapfile-output=act:{palette} {input},{lsqa} '--loaders=builtin!' {input} -
85a2674e53a2d7b75c6944b5a87b04ee9ea182b1,macOS-26.5.1-arm64-arm-64bit,natural-snake,natural photograph,206,din99d,DIN99d,nearest-all,nearest / all / rate 1,True,nearest,all,1.0,0.85,0.987212,2.204097,2.17186,206,618,0,0,0.0,0.0,0,318009,{img2sixel} --threads=1 --precision=float32 --quality=full '--loaders=builtin!' --sampling-policy=full-frame --binning-policy=hard --quantize-model=kmeans:seed=1:binbits=6 --merge-policy=none --cover-policy=off -Xdin99d -Wdin99d --diffusion=fs:scan=raster --gpu-policy=off --lookup-policy=none --palette-type=rgb -p 206 --snap-policy=nearest:timing=all:rate=1:channel_l=0.85 --mapfile-output=act:{palette} {input},{lsqa} '--loaders=builtin!' {input} -
85a2674e53a2d7b75c6944b5a87b04ee9ea182b1,macOS-26.5.1-arm64-arm-64bit,natural-snake,natural photograph,206,din99d,DIN99d,reversible-all,reversible / all / rate 1,True,reversible,all,1.0,0.85,0.986397,2.24964,2.243621,206,618,0,0,0.0,0.0,0,309262,{img2sixel} --threads=1 --precision=float32 --quality=full '--loaders=builtin!' --sampling-policy=full-frame --binning-policy=hard --quantize-model=kmeans:seed=1:binbits=6 --merge-policy=none --cover-policy=off -Xdin99d -Wdin99d --diffusion=fs:scan=raster --gpu-policy=off --lookup-policy=none --palette-type=rgb -p 206 --snap-policy=reversible:timing=all:rate=1:channel_l=0.85 --mapfile-output=act:{palette} {input},{lsqa} '--loaders=builtin!' {input} -
85a2674e53a2d7b75c6944b5a87b04ee9ea182b1,macOS-26.5.1-arm64-arm-64bit,natural-snake,natural photograph,208,gamma,sRGB gamma,off,snap off,False,none,off,0.0,0.85,0.989348,2.429796,1.99779,208,624,194,384,0.6153846153846154,0.6153846153846154,1,289262,{img2sixel} --threads=1 --precision=float32 --quality=full '--loaders=builtin!' --sampling-policy=full-frame --binning-policy=hard --quantize-model=kmeans:seed=1:binbits=6 --merge-policy=none --cover-policy=off -Xgamma -Wgamma --diffusion=fs:scan=raster --gpu-policy=off --lookup-policy=none --palette-type=rgb -p 208 --snap-policy=none --mapfile-output=act:{palette} {input},{lsqa} '--loaders=builtin!' {input} -
85a2674e53a2d7b75c6944b5a87b04ee9ea182b1,macOS-26.5.1-arm64-arm-64bit,natural-snake,natural photograph,208,gamma,sRGB gamma,nearest-quarter,nearest / all / rate 0.25,True,nearest,all,0.25,0.85,0.989229,2.391469,1.964947,208,624,127,177,0.28365384615384615,0.28365384615384615,1,290235,{img2sixel} --threads=1 --precision=float32 --quality=full '--loaders=builtin!' --sampling-policy=full-frame --binning-policy=hard --quantize-model=kmeans:seed=1:binbits=6 --merge-policy=none --cover-policy=off -Xgamma -Wgamma --diffusion=fs:scan=raster --gpu-policy=off --lookup-policy=none --palette-type=rgb -p 208 --snap-policy=nearest:timing=all:rate=0.25:channel_l=0.85 --mapfile-output=act:{palette} {input},{lsqa} '--loaders=builtin!' {input} -
85a2674e53a2d7b75c6944b5a87b04ee9ea182b1,macOS-26.5.1-arm64-arm-64bit,natural-snake,natural photograph,208,gamma,sRGB gamma,nearest-once,nearest / once / rate 1,True,nearest,once,1.0,0.85,0.988923,2.43402,2.055208,208,624,0,0,0.0,0.0,0,295950,{img2sixel} --threads=1 --precision=float32 --quality=full '--loaders=builtin!' --sampling-policy=full-frame --binning-policy=hard --quantize-model=kmeans:seed=1:binbits=6 --merge-policy=none --cover-policy=off -Xgamma -Wgamma --diffusion=fs:scan=raster --gpu-policy=off --lookup-policy=none --palette-type=rgb -p 208 --snap-policy=nearest:timing=once:rate=1:channel_l=0.85 --mapfile-output=act:{palette} {input},{lsqa} '--loaders=builtin!' {input} -
85a2674e53a2d7b75c6944b5a87b04ee9ea182b1,macOS-26.5.1-arm64-arm-64bit,natural-snake,natural photograph,208,gamma,sRGB gamma,nearest-all,nearest / all / rate 1,True,nearest,all,1.0,0.85,0.988321,2.420391,1.986872,208,624,0,0,0.0,0.0,0,292083,{img2sixel} --threads=1 --precision=float32 --quality=full '--loaders=builtin!' --sampling-policy=full-frame --binning-policy=hard --quantize-model=kmeans:seed=1:binbits=6 --merge-policy=none --cover-policy=off -Xgamma -Wgamma --diffusion=fs:scan=raster --gpu-policy=off --lookup-policy=none --palette-type=rgb -p 208 --snap-policy=nearest:timing=all:rate=1:channel_l=0.85 --mapfile-output=act:{palette} {input},{lsqa} '--loaders=builtin!' {input} -
85a2674e53a2d7b75c6944b5a87b04ee9ea182b1,macOS-26.5.1-arm64-arm-64bit,natural-snake,natural photograph,208,gamma,sRGB gamma,reversible-all,reversible / all / rate 1,True,reversible,all,1.0,0.85,0.987984,2.490933,2.077129,208,624,0,0,0.0,0.0,0,292465,{img2sixel} --threads=1 --precision=float32 --quality=full '--loaders=builtin!' --sampling-policy=full-frame --binning-policy=hard --quantize-model=kmeans:seed=1:binbits=6 --merge-policy=none --cover-policy=off -Xgamma -Wgamma --diffusion=fs:scan=raster --gpu-policy=off --lookup-policy=none --palette-type=rgb -p 208 --snap-policy=reversible:timing=all:rate=1:channel_l=0.85 --mapfile-output=act:{palette} {input},{lsqa} '--loaders=builtin!' {input} -
85a2674e53a2d7b75c6944b5a87b04ee9ea182b1,macOS-26.5.1-arm64-arm-64bit,natural-snake,natural photograph,208,linear,linear RGB,off,snap off,False,none,off,0.0,0.85,0.991339,2.468876,2.78475,208,624,197,373,0.5977564102564102,0.5977564102564102,1,315784,{img2sixel} --threads=1 --precision=float32 --quality=full '--loaders=builtin!' --sampling-policy=full-frame --binning-policy=hard --quantize-model=kmeans:seed=1:binbits=6 --merge-policy=none --cover-policy=off -Xlinear -Wlinear --diffusion=fs:scan=raster --gpu-policy=off --lookup-policy=none --palette-type=rgb -p 208 --snap-policy=none --mapfile-output=act:{palette} {input},{lsqa} '--loaders=builtin!' {input} -
85a2674e53a2d7b75c6944b5a87b04ee9ea182b1,macOS-26.5.1-arm64-arm-64bit,natural-snake,natural photograph,208,linear,linear RGB,nearest-quarter,nearest / all / rate 0.25,True,nearest,all,0.25,0.85,0.991477,2.369562,2.670374,208,624,123,155,0.2483974358974359,0.2483974358974359,1,314384,{img2sixel} --threads=1 --precision=float32 --quality=full '--loaders=builtin!' --sampling-policy=full-frame --binning-policy=hard --quantize-model=kmeans:seed=1:binbits=6 --merge-policy=none --cover-policy=off -Xlinear -Wlinear --diffusion=fs:scan=raster --gpu-policy=off --lookup-policy=none --palette-type=rgb -p 208 --snap-policy=nearest:timing=all:rate=0.25:channel_l=0.85 --mapfile-output=act:{palette} {input},{lsqa} '--loaders=builtin!' {input} -
85a2674e53a2d7b75c6944b5a87b04ee9ea182b1,macOS-26.5.1-arm64-arm-64bit,natural-snake,natural photograph,208,linear,linear RGB,nearest-once,nearest / once / rate 1,True,nearest,once,1.0,0.85,0.991112,2.371865,2.673324,208,624,0,0,0.0,0.0,0,317252,{img2sixel} --threads=1 --precision=float32 --quality=full '--loaders=builtin!' --sampling-policy=full-frame --binning-policy=hard --quantize-model=kmeans:seed=1:binbits=6 --merge-policy=none --cover-policy=off -Xlinear -Wlinear --diffusion=fs:scan=raster --gpu-policy=off --lookup-policy=none --palette-type=rgb -p 208 --snap-policy=nearest:timing=once:rate=1:channel_l=0.85 --mapfile-output=act:{palette} {input},{lsqa} '--loaders=builtin!' {input} -
85a2674e53a2d7b75c6944b5a87b04ee9ea182b1,macOS-26.5.1-arm64-arm-64bit,natural-snake,natural photograph,208,linear,linear RGB,nearest-all,nearest / all / rate 1,True,nearest,all,1.0,0.85,0.990495,2.405039,2.718047,208,624,0,0,0.0,0.0,0,318424,{img2sixel} --threads=1 --precision=float32 --quality=full '--loaders=builtin!' --sampling-policy=full-frame --binning-policy=hard --quantize-model=kmeans:seed=1:binbits=6 --merge-policy=none --cover-policy=off -Xlinear -Wlinear --diffusion=fs:scan=raster --gpu-policy=off --lookup-policy=none --palette-type=rgb -p 208 --snap-policy=nearest:timing=all:rate=1:channel_l=0.85 --mapfile-output=act:{palette} {input},{lsqa} '--loaders=builtin!' {input} -
85a2674e53a2d7b75c6944b5a87b04ee9ea182b1,macOS-26.5.1-arm64-arm-64bit,natural-snake,natural photograph,208,linear,linear RGB,reversible-all,reversible / all / rate 1,True,reversible,all,1.0,0.85,0.990742,2.450749,2.754569,208,624,0,0,0.0,0.0,0,318742,{img2sixel} --threads=1 --precision=float32 --quality=full '--loaders=builtin!' --sampling-policy=full-frame --binning-policy=hard --quantize-model=kmeans:seed=1:binbits=6 --merge-policy=none --cover-policy=off -Xlinear -Wlinear --diffusion=fs:scan=raster --gpu-policy=off --lookup-policy=none --palette-type=rgb -p 208 --snap-policy=reversible:timing=all:rate=1:channel_l=0.85 --mapfile-output=act:{palette} {input},{lsqa} '--loaders=builtin!' {input} -
85a2674e53a2d7b75c6944b5a87b04ee9ea182b1,macOS-26.5.1-arm64-arm-64bit,natural-snake,natural photograph,208,oklab,OKLab,off,snap off,False,none,off,0.0,0.85,0.992897,2.575132,2.619172,208,624,201,374,0.5993589743589743,0.5993589743589743,1,318087,{img2sixel} --threads=1 --precision=float32 --quality=full '--loaders=builtin!' --sampling-policy=full-frame --binning-policy=hard --quantize-model=kmeans:seed=1:binbits=6 --merge-policy=none --cover-policy=off -Xoklab -Woklab --diffusion=fs:scan=raster --gpu-policy=off --lookup-policy=none --palette-type=rgb -p 208 --snap-policy=none --mapfile-output=act:{palette} {input},{lsqa} '--loaders=builtin!' {input} -
85a2674e53a2d7b75c6944b5a87b04ee9ea182b1,macOS-26.5.1-arm64-arm-64bit,natural-snake,natural photograph,208,oklab,OKLab,nearest-quarter,nearest / all / rate 0.25,True,nearest,all,0.25,0.85,0.993678,2.59992,2.444639,208,624,163,277,0.4439102564102564,0.4439102564102564,1,316622,{img2sixel} --threads=1 --precision=float32 --quality=full '--loaders=builtin!' --sampling-policy=full-frame --binning-policy=hard --quantize-model=kmeans:seed=1:binbits=6 --merge-policy=none --cover-policy=off -Xoklab -Woklab --diffusion=fs:scan=raster --gpu-policy=off --lookup-policy=none --palette-type=rgb -p 208 --snap-policy=nearest:timing=all:rate=0.25:channel_l=0.85 --mapfile-output=act:{palette} {input},{lsqa} '--loaders=builtin!' {input} -
85a2674e53a2d7b75c6944b5a87b04ee9ea182b1,macOS-26.5.1-arm64-arm-64bit,natural-snake,natural photograph,208,oklab,OKLab,nearest-once,nearest / once / rate 1,True,nearest,once,1.0,0.85,0.99356,2.58245,2.496371,208,624,0,0,0.0,0.0,0,316026,{img2sixel} --threads=1 --precision=float32 --quality=full '--loaders=builtin!' --sampling-policy=full-frame --binning-policy=hard --quantize-model=kmeans:seed=1:binbits=6 --merge-policy=none --cover-policy=off -Xoklab -Woklab --diffusion=fs:scan=raster --gpu-policy=off --lookup-policy=none --palette-type=rgb -p 208 --snap-policy=nearest:timing=once:rate=1:channel_l=0.85 --mapfile-output=act:{palette} {input},{lsqa} '--loaders=builtin!' {input} -
85a2674e53a2d7b75c6944b5a87b04ee9ea182b1,macOS-26.5.1-arm64-arm-64bit,natural-snake,natural photograph,208,oklab,OKLab,nearest-all,nearest / all / rate 1,True,nearest,all,1.0,0.85,0.993719,2.571533,2.451339,208,624,0,0,0.0,0.0,0,317632,{img2sixel} --threads=1 --precision=float32 --quality=full '--loaders=builtin!' --sampling-policy=full-frame --binning-policy=hard --quantize-model=kmeans:seed=1:binbits=6 --merge-policy=none --cover-policy=off -Xoklab -Woklab --diffusion=fs:scan=raster --gpu-policy=off --lookup-policy=none --palette-type=rgb -p 208 --snap-policy=nearest:timing=all:rate=1:channel_l=0.85 --mapfile-output=act:{palette} {input},{lsqa} '--loaders=builtin!' {input} -
85a2674e53a2d7b75c6944b5a87b04ee9ea182b1,macOS-26.5.1-arm64-arm-64bit,natural-snake,natural photograph,208,oklab,OKLab,reversible-all,reversible / all / rate 1,True,reversible,all,1.0,0.85,0.993761,2.53362,2.560664,208,624,0,0,0.0,0.0,0,312779,{img2sixel} --threads=1 --precision=float32 --quality=full '--loaders=builtin!' --sampling-policy=full-frame --binning-policy=hard --quantize-model=kmeans:seed=1:binbits=6 --merge-policy=none --cover-policy=off -Xoklab -Woklab --diffusion=fs:scan=raster --gpu-policy=off --lookup-policy=none --palette-type=rgb -p 208 --snap-policy=reversible:timing=all:rate=1:channel_l=0.85 --mapfile-output=act:{palette} {input},{lsqa} '--loaders=builtin!' {input} -
85a2674e53a2d7b75c6944b5a87b04ee9ea182b1,macOS-26.5.1-arm64-arm-64bit,natural-snake,natural photograph,208,cielab,CIELAB,off,snap off,False,none,off,0.0,0.85,0.985908,2.426291,1.809668,208,624,194,379,0.6073717948717948,0.6073717948717948,1,316404,{img2sixel} --threads=1 --precision=float32 --quality=full '--loaders=builtin!' --sampling-policy=full-frame --binning-policy=hard --quantize-model=kmeans:seed=1:binbits=6 --merge-policy=none --cover-policy=off -Xcielab -Wcielab --diffusion=fs:scan=raster --gpu-policy=off --lookup-policy=none --palette-type=rgb -p 208 --snap-policy=none --mapfile-output=act:{palette} {input},{lsqa} '--loaders=builtin!' {input} -
85a2674e53a2d7b75c6944b5a87b04ee9ea182b1,macOS-26.5.1-arm64-arm-64bit,natural-snake,natural photograph,208,cielab,CIELAB,nearest-quarter,nearest / all / rate 0.25,True,nearest,all,0.25,0.85,0.987087,2.33441,1.74597,208,624,147,224,0.358974358974359,0.358974358974359,1,314443,{img2sixel} --threads=1 --precision=float32 --quality=full '--loaders=builtin!' --sampling-policy=full-frame --binning-policy=hard --quantize-model=kmeans:seed=1:binbits=6 --merge-policy=none --cover-policy=off -Xcielab -Wcielab --diffusion=fs:scan=raster --gpu-policy=off --lookup-policy=none --palette-type=rgb -p 208 --snap-policy=nearest:timing=all:rate=0.25:channel_l=0.85 --mapfile-output=act:{palette} {input},{lsqa} '--loaders=builtin!' {input} -
85a2674e53a2d7b75c6944b5a87b04ee9ea182b1,macOS-26.5.1-arm64-arm-64bit,natural-snake,natural photograph,208,cielab,CIELAB,nearest-once,nearest / once / rate 1,True,nearest,once,1.0,0.85,0.985698,2.346412,1.749124,208,624,0,0,0.0,0.0,0,319186,{img2sixel} --threads=1 --precision=float32 --quality=full '--loaders=builtin!' --sampling-policy=full-frame --binning-policy=hard --quantize-model=kmeans:seed=1:binbits=6 --merge-policy=none --cover-policy=off -Xcielab -Wcielab --diffusion=fs:scan=raster --gpu-policy=off --lookup-policy=none --palette-type=rgb -p 208 --snap-policy=nearest:timing=once:rate=1:channel_l=0.85 --mapfile-output=act:{palette} {input},{lsqa} '--loaders=builtin!' {input} -
85a2674e53a2d7b75c6944b5a87b04ee9ea182b1,macOS-26.5.1-arm64-arm-64bit,natural-snake,natural photograph,208,cielab,CIELAB,nearest-all,nearest / all / rate 1,True,nearest,all,1.0,0.85,0.987412,2.24255,1.732246,208,624,0,0,0.0,0.0,0,316303,{img2sixel} --threads=1 --precision=float32 --quality=full '--loaders=builtin!' --sampling-policy=full-frame --binning-policy=hard --quantize-model=kmeans:seed=1:binbits=6 --merge-policy=none --cover-policy=off -Xcielab -Wcielab --diffusion=fs:scan=raster --gpu-policy=off --lookup-policy=none --palette-type=rgb -p 208 --snap-policy=nearest:timing=all:rate=1:channel_l=0.85 --mapfile-output=act:{palette} {input},{lsqa} '--loaders=builtin!' {input} -
85a2674e53a2d7b75c6944b5a87b04ee9ea182b1,macOS-26.5.1-arm64-arm-64bit,natural-snake,natural photograph,208,cielab,CIELAB,reversible-all,reversible / all / rate 1,True,reversible,all,1.0,0.85,0.986272,2.324143,1.757665,208,624,0,0,0.0,0.0,0,318920,{img2sixel} --threads=1 --precision=float32 --quality=full '--loaders=builtin!' --sampling-policy=full-frame --binning-policy=hard --quantize-model=kmeans:seed=1:binbits=6 --merge-policy=none --cover-policy=off -Xcielab -Wcielab --diffusion=fs:scan=raster --gpu-policy=off --lookup-policy=none --palette-type=rgb -p 208 --snap-policy=reversible:timing=all:rate=1:channel_l=0.85 --mapfile-output=act:{palette} {input},{lsqa} '--loaders=builtin!' {input} -
85a2674e53a2d7b75c6944b5a87b04ee9ea182b1,macOS-26.5.1-arm64-arm-64bit,natural-snake,natural photograph,208,din99d,DIN99d,off,snap off,False,none,off,0.0,0.85,0.986548,2.299344,2.186036,208,624,202,386,0.6185897435897436,0.6185897435897436,1,311144,{img2sixel} --threads=1 --precision=float32 --quality=full '--loaders=builtin!' --sampling-policy=full-frame --binning-policy=hard --quantize-model=kmeans:seed=1:binbits=6 --merge-policy=none --cover-policy=off -Xdin99d -Wdin99d --diffusion=fs:scan=raster --gpu-policy=off --lookup-policy=none --palette-type=rgb -p 208 --snap-policy=none --mapfile-output=act:{palette} {input},{lsqa} '--loaders=builtin!' {input} -
85a2674e53a2d7b75c6944b5a87b04ee9ea182b1,macOS-26.5.1-arm64-arm-64bit,natural-snake,natural photograph,208,din99d,DIN99d,nearest-quarter,nearest / all / rate 0.25,True,nearest,all,0.25,0.85,0.987761,2.144541,2.118985,208,624,142,213,0.34134615384615385,0.34134615384615385,1,316210,{img2sixel} --threads=1 --precision=float32 --quality=full '--loaders=builtin!' --sampling-policy=full-frame --binning-policy=hard --quantize-model=kmeans:seed=1:binbits=6 --merge-policy=none --cover-policy=off -Xdin99d -Wdin99d --diffusion=fs:scan=raster --gpu-policy=off --lookup-policy=none --palette-type=rgb -p 208 --snap-policy=nearest:timing=all:rate=0.25:channel_l=0.85 --mapfile-output=act:{palette} {input},{lsqa} '--loaders=builtin!' {input} -
85a2674e53a2d7b75c6944b5a87b04ee9ea182b1,macOS-26.5.1-arm64-arm-64bit,natural-snake,natural photograph,208,din99d,DIN99d,nearest-once,nearest / once / rate 1,True,nearest,once,1.0,0.85,0.986983,2.216328,2.151161,208,624,0,0,0.0,0.0,0,316877,{img2sixel} --threads=1 --precision=float32 --quality=full '--loaders=builtin!' --sampling-policy=full-frame --binning-policy=hard --quantize-model=kmeans:seed=1:binbits=6 --merge-policy=none --cover-policy=off -Xdin99d -Wdin99d --diffusion=fs:scan=raster --gpu-policy=off --lookup-policy=none --palette-type=rgb -p 208 --snap-policy=nearest:timing=once:rate=1:channel_l=0.85 --mapfile-output=act:{palette} {input},{lsqa} '--loaders=builtin!' {input} -
85a2674e53a2d7b75c6944b5a87b04ee9ea182b1,macOS-26.5.1-arm64-arm-64bit,natural-snake,natural photograph,208,din99d,DIN99d,nearest-all,nearest / all / rate 1,True,nearest,all,1.0,0.85,0.987272,2.200629,2.183108,208,624,0,0,0.0,0.0,0,318552,{img2sixel} --threads=1 --precision=float32 --quality=full '--loaders=builtin!' --sampling-policy=full-frame --binning-policy=hard --quantize-model=kmeans:seed=1:binbits=6 --merge-policy=none --cover-policy=off -Xdin99d -Wdin99d --diffusion=fs:scan=raster --gpu-policy=off --lookup-policy=none --palette-type=rgb -p 208 --snap-policy=nearest:timing=all:rate=1:channel_l=0.85 --mapfile-output=act:{palette} {input},{lsqa} '--loaders=builtin!' {input} -
85a2674e53a2d7b75c6944b5a87b04ee9ea182b1,macOS-26.5.1-arm64-arm-64bit,natural-snake,natural photograph,208,din99d,DIN99d,reversible-all,reversible / all / rate 1,True,reversible,all,1.0,0.85,0.986627,2.250639,2.228709,208,624,0,0,0.0,0.0,0,310273,{img2sixel} --threads=1 --precision=float32 --quality=full '--loaders=builtin!' --sampling-policy=full-frame --binning-policy=hard --quantize-model=kmeans:seed=1:binbits=6 --merge-policy=none --cover-policy=off -Xdin99d -Wdin99d --diffusion=fs:scan=raster --gpu-policy=off --lookup-policy=none --palette-type=rgb -p 208 --snap-policy=reversible:timing=all:rate=1:channel_l=0.85 --mapfile-output=act:{palette} {input},{lsqa} '--loaders=builtin!' {input} -
85a2674e53a2d7b75c6944b5a87b04ee9ea182b1,macOS-26.5.1-arm64-arm-64bit,natural-snake,natural photograph,210,gamma,sRGB gamma,off,snap off,False,none,off,0.0,0.85,0.989524,2.413154,1.963674,210,630,201,406,0.6444444444444445,0.6444444444444445,1,290540,{img2sixel} --threads=1 --precision=float32 --quality=full '--loaders=builtin!' --sampling-policy=full-frame --binning-policy=hard --quantize-model=kmeans:seed=1:binbits=6 --merge-policy=none --cover-policy=off -Xgamma -Wgamma --diffusion=fs:scan=raster --gpu-policy=off --lookup-policy=none --palette-type=rgb -p 210 --snap-policy=none --mapfile-output=act:{palette} {input},{lsqa} '--loaders=builtin!' {input} -
85a2674e53a2d7b75c6944b5a87b04ee9ea182b1,macOS-26.5.1-arm64-arm-64bit,natural-snake,natural photograph,210,gamma,sRGB gamma,nearest-quarter,nearest / all / rate 0.25,True,nearest,all,0.25,0.85,0.989443,2.3841,1.945783,210,630,139,186,0.29523809523809524,0.29523809523809524,1,291692,{img2sixel} --threads=1 --precision=float32 --quality=full '--loaders=builtin!' --sampling-policy=full-frame --binning-policy=hard --quantize-model=kmeans:seed=1:binbits=6 --merge-policy=none --cover-policy=off -Xgamma -Wgamma --diffusion=fs:scan=raster --gpu-policy=off --lookup-policy=none --palette-type=rgb -p 210 --snap-policy=nearest:timing=all:rate=0.25:channel_l=0.85 --mapfile-output=act:{palette} {input},{lsqa} '--loaders=builtin!' {input} -
85a2674e53a2d7b75c6944b5a87b04ee9ea182b1,macOS-26.5.1-arm64-arm-64bit,natural-snake,natural photograph,210,gamma,sRGB gamma,nearest-once,nearest / once / rate 1,True,nearest,once,1.0,0.85,0.988983,2.415601,2.020365,210,630,0,0,0.0,0.0,0,297885,{img2sixel} --threads=1 --precision=float32 --quality=full '--loaders=builtin!' --sampling-policy=full-frame --binning-policy=hard --quantize-model=kmeans:seed=1:binbits=6 --merge-policy=none --cover-policy=off -Xgamma -Wgamma --diffusion=fs:scan=raster --gpu-policy=off --lookup-policy=none --palette-type=rgb -p 210 --snap-policy=nearest:timing=once:rate=1:channel_l=0.85 --mapfile-output=act:{palette} {input},{lsqa} '--loaders=builtin!' {input} -
85a2674e53a2d7b75c6944b5a87b04ee9ea182b1,macOS-26.5.1-arm64-arm-64bit,natural-snake,natural photograph,210,gamma,sRGB gamma,nearest-all,nearest / all / rate 1,True,nearest,all,1.0,0.85,0.988319,2.41651,1.973944,210,630,0,0,0.0,0.0,0,291926,{img2sixel} --threads=1 --precision=float32 --quality=full '--loaders=builtin!' --sampling-policy=full-frame --binning-policy=hard --quantize-model=kmeans:seed=1:binbits=6 --merge-policy=none --cover-policy=off -Xgamma -Wgamma --diffusion=fs:scan=raster --gpu-policy=off --lookup-policy=none --palette-type=rgb -p 210 --snap-policy=nearest:timing=all:rate=1:channel_l=0.85 --mapfile-output=act:{palette} {input},{lsqa} '--loaders=builtin!' {input} -
85a2674e53a2d7b75c6944b5a87b04ee9ea182b1,macOS-26.5.1-arm64-arm-64bit,natural-snake,natural photograph,210,gamma,sRGB gamma,reversible-all,reversible / all / rate 1,True,reversible,all,1.0,0.85,0.987325,2.497297,2.027317,210,630,0,0,0.0,0.0,0,292840,{img2sixel} --threads=1 --precision=float32 --quality=full '--loaders=builtin!' --sampling-policy=full-frame --binning-policy=hard --quantize-model=kmeans:seed=1:binbits=6 --merge-policy=none --cover-policy=off -Xgamma -Wgamma --diffusion=fs:scan=raster --gpu-policy=off --lookup-policy=none --palette-type=rgb -p 210 --snap-policy=reversible:timing=all:rate=1:channel_l=0.85 --mapfile-output=act:{palette} {input},{lsqa} '--loaders=builtin!' {input} -
85a2674e53a2d7b75c6944b5a87b04ee9ea182b1,macOS-26.5.1-arm64-arm-64bit,natural-snake,natural photograph,210,linear,linear RGB,off,snap off,False,none,off,0.0,0.85,0.991522,2.454368,2.770589,210,630,199,376,0.5968253968253968,0.5968253968253968,1,316708,{img2sixel} --threads=1 --precision=float32 --quality=full '--loaders=builtin!' --sampling-policy=full-frame --binning-policy=hard --quantize-model=kmeans:seed=1:binbits=6 --merge-policy=none --cover-policy=off -Xlinear -Wlinear --diffusion=fs:scan=raster --gpu-policy=off --lookup-policy=none --palette-type=rgb -p 210 --snap-policy=none --mapfile-output=act:{palette} {input},{lsqa} '--loaders=builtin!' {input} -
85a2674e53a2d7b75c6944b5a87b04ee9ea182b1,macOS-26.5.1-arm64-arm-64bit,natural-snake,natural photograph,210,linear,linear RGB,nearest-quarter,nearest / all / rate 0.25,True,nearest,all,0.25,0.85,0.991474,2.365189,2.689281,210,630,127,168,0.26666666666666666,0.26666666666666666,1,316737,{img2sixel} --threads=1 --precision=float32 --quality=full '--loaders=builtin!' --sampling-policy=full-frame --binning-policy=hard --quantize-model=kmeans:seed=1:binbits=6 --merge-policy=none --cover-policy=off -Xlinear -Wlinear --diffusion=fs:scan=raster --gpu-policy=off --lookup-policy=none --palette-type=rgb -p 210 --snap-policy=nearest:timing=all:rate=0.25:channel_l=0.85 --mapfile-output=act:{palette} {input},{lsqa} '--loaders=builtin!' {input} -
85a2674e53a2d7b75c6944b5a87b04ee9ea182b1,macOS-26.5.1-arm64-arm-64bit,natural-snake,natural photograph,210,linear,linear RGB,nearest-once,nearest / once / rate 1,True,nearest,once,1.0,0.85,0.991467,2.352091,2.659507,210,630,0,0,0.0,0.0,0,317662,{img2sixel} --threads=1 --precision=float32 --quality=full '--loaders=builtin!' --sampling-policy=full-frame --binning-policy=hard --quantize-model=kmeans:seed=1:binbits=6 --merge-policy=none --cover-policy=off -Xlinear -Wlinear --diffusion=fs:scan=raster --gpu-policy=off --lookup-policy=none --palette-type=rgb -p 210 --snap-policy=nearest:timing=once:rate=1:channel_l=0.85 --mapfile-output=act:{palette} {input},{lsqa} '--loaders=builtin!' {input} -
85a2674e53a2d7b75c6944b5a87b04ee9ea182b1,macOS-26.5.1-arm64-arm-64bit,natural-snake,natural photograph,210,linear,linear RGB,nearest-all,nearest / all / rate 1,True,nearest,all,1.0,0.85,0.990582,2.39665,2.722339,210,630,0,0,0.0,0.0,0,319140,{img2sixel} --threads=1 --precision=float32 --quality=full '--loaders=builtin!' --sampling-policy=full-frame --binning-policy=hard --quantize-model=kmeans:seed=1:binbits=6 --merge-policy=none --cover-policy=off -Xlinear -Wlinear --diffusion=fs:scan=raster --gpu-policy=off --lookup-policy=none --palette-type=rgb -p 210 --snap-policy=nearest:timing=all:rate=1:channel_l=0.85 --mapfile-output=act:{palette} {input},{lsqa} '--loaders=builtin!' {input} -
85a2674e53a2d7b75c6944b5a87b04ee9ea182b1,macOS-26.5.1-arm64-arm-64bit,natural-snake,natural photograph,210,linear,linear RGB,reversible-all,reversible / all / rate 1,True,reversible,all,1.0,0.85,0.990825,2.435898,2.745109,210,630,0,0,0.0,0.0,0,319862,{img2sixel} --threads=1 --precision=float32 --quality=full '--loaders=builtin!' --sampling-policy=full-frame --binning-policy=hard --quantize-model=kmeans:seed=1:binbits=6 --merge-policy=none --cover-policy=off -Xlinear -Wlinear --diffusion=fs:scan=raster --gpu-policy=off --lookup-policy=none --palette-type=rgb -p 210 --snap-policy=reversible:timing=all:rate=1:channel_l=0.85 --mapfile-output=act:{palette} {input},{lsqa} '--loaders=builtin!' {input} -
85a2674e53a2d7b75c6944b5a87b04ee9ea182b1,macOS-26.5.1-arm64-arm-64bit,natural-snake,natural photograph,210,oklab,OKLab,off,snap off,False,none,off,0.0,0.85,0.992571,2.551807,2.590038,210,630,202,381,0.6047619047619047,0.6047619047619047,1,318222,{img2sixel} --threads=1 --precision=float32 --quality=full '--loaders=builtin!' --sampling-policy=full-frame --binning-policy=hard --quantize-model=kmeans:seed=1:binbits=6 --merge-policy=none --cover-policy=off -Xoklab -Woklab --diffusion=fs:scan=raster --gpu-policy=off --lookup-policy=none --palette-type=rgb -p 210 --snap-policy=none --mapfile-output=act:{palette} {input},{lsqa} '--loaders=builtin!' {input} -
85a2674e53a2d7b75c6944b5a87b04ee9ea182b1,macOS-26.5.1-arm64-arm-64bit,natural-snake,natural photograph,210,oklab,OKLab,nearest-quarter,nearest / all / rate 0.25,True,nearest,all,0.25,0.85,0.993823,2.604336,2.475091,210,630,162,272,0.43174603174603177,0.43174603174603177,1,316253,{img2sixel} --threads=1 --precision=float32 --quality=full '--loaders=builtin!' --sampling-policy=full-frame --binning-policy=hard --quantize-model=kmeans:seed=1:binbits=6 --merge-policy=none --cover-policy=off -Xoklab -Woklab --diffusion=fs:scan=raster --gpu-policy=off --lookup-policy=none --palette-type=rgb -p 210 --snap-policy=nearest:timing=all:rate=0.25:channel_l=0.85 --mapfile-output=act:{palette} {input},{lsqa} '--loaders=builtin!' {input} -
85a2674e53a2d7b75c6944b5a87b04ee9ea182b1,macOS-26.5.1-arm64-arm-64bit,natural-snake,natural photograph,210,oklab,OKLab,nearest-once,nearest / once / rate 1,True,nearest,once,1.0,0.85,0.993153,2.608192,2.517162,210,630,0,0,0.0,0.0,0,318419,{img2sixel} --threads=1 --precision=float32 --quality=full '--loaders=builtin!' --sampling-policy=full-frame --binning-policy=hard --quantize-model=kmeans:seed=1:binbits=6 --merge-policy=none --cover-policy=off -Xoklab -Woklab --diffusion=fs:scan=raster --gpu-policy=off --lookup-policy=none --palette-type=rgb -p 210 --snap-policy=nearest:timing=once:rate=1:channel_l=0.85 --mapfile-output=act:{palette} {input},{lsqa} '--loaders=builtin!' {input} -
85a2674e53a2d7b75c6944b5a87b04ee9ea182b1,macOS-26.5.1-arm64-arm-64bit,natural-snake,natural photograph,210,oklab,OKLab,nearest-all,nearest / all / rate 1,True,nearest,all,1.0,0.85,0.993756,2.594407,2.541669,210,630,0,0,0.0,0.0,0,317860,{img2sixel} --threads=1 --precision=float32 --quality=full '--loaders=builtin!' --sampling-policy=full-frame --binning-policy=hard --quantize-model=kmeans:seed=1:binbits=6 --merge-policy=none --cover-policy=off -Xoklab -Woklab --diffusion=fs:scan=raster --gpu-policy=off --lookup-policy=none --palette-type=rgb -p 210 --snap-policy=nearest:timing=all:rate=1:channel_l=0.85 --mapfile-output=act:{palette} {input},{lsqa} '--loaders=builtin!' {input} -
85a2674e53a2d7b75c6944b5a87b04ee9ea182b1,macOS-26.5.1-arm64-arm-64bit,natural-snake,natural photograph,210,oklab,OKLab,reversible-all,reversible / all / rate 1,True,reversible,all,1.0,0.85,0.993872,2.518285,2.5462,210,630,0,0,0.0,0.0,0,314045,{img2sixel} --threads=1 --precision=float32 --quality=full '--loaders=builtin!' --sampling-policy=full-frame --binning-policy=hard --quantize-model=kmeans:seed=1:binbits=6 --merge-policy=none --cover-policy=off -Xoklab -Woklab --diffusion=fs:scan=raster --gpu-policy=off --lookup-policy=none --palette-type=rgb -p 210 --snap-policy=reversible:timing=all:rate=1:channel_l=0.85 --mapfile-output=act:{palette} {input},{lsqa} '--loaders=builtin!' {input} -
85a2674e53a2d7b75c6944b5a87b04ee9ea182b1,macOS-26.5.1-arm64-arm-64bit,natural-snake,natural photograph,210,cielab,CIELAB,off,snap off,False,none,off,0.0,0.85,0.985788,2.419034,1.810377,210,630,195,382,0.6063492063492063,0.6063492063492063,1,317925,{img2sixel} --threads=1 --precision=float32 --quality=full '--loaders=builtin!' --sampling-policy=full-frame --binning-policy=hard --quantize-model=kmeans:seed=1:binbits=6 --merge-policy=none --cover-policy=off -Xcielab -Wcielab --diffusion=fs:scan=raster --gpu-policy=off --lookup-policy=none --palette-type=rgb -p 210 --snap-policy=none --mapfile-output=act:{palette} {input},{lsqa} '--loaders=builtin!' {input} -
85a2674e53a2d7b75c6944b5a87b04ee9ea182b1,macOS-26.5.1-arm64-arm-64bit,natural-snake,natural photograph,210,cielab,CIELAB,nearest-quarter,nearest / all / rate 0.25,True,nearest,all,0.25,0.85,0.987304,2.326634,1.764528,210,630,142,217,0.34444444444444444,0.34444444444444444,1,317344,{img2sixel} --threads=1 --precision=float32 --quality=full '--loaders=builtin!' --sampling-policy=full-frame --binning-policy=hard --quantize-model=kmeans:seed=1:binbits=6 --merge-policy=none --cover-policy=off -Xcielab -Wcielab --diffusion=fs:scan=raster --gpu-policy=off --lookup-policy=none --palette-type=rgb -p 210 --snap-policy=nearest:timing=all:rate=0.25:channel_l=0.85 --mapfile-output=act:{palette} {input},{lsqa} '--loaders=builtin!' {input} -
85a2674e53a2d7b75c6944b5a87b04ee9ea182b1,macOS-26.5.1-arm64-arm-64bit,natural-snake,natural photograph,210,cielab,CIELAB,nearest-once,nearest / once / rate 1,True,nearest,once,1.0,0.85,0.985736,2.336557,1.742983,210,630,0,0,0.0,0.0,0,320582,{img2sixel} --threads=1 --precision=float32 --quality=full '--loaders=builtin!' --sampling-policy=full-frame --binning-policy=hard --quantize-model=kmeans:seed=1:binbits=6 --merge-policy=none --cover-policy=off -Xcielab -Wcielab --diffusion=fs:scan=raster --gpu-policy=off --lookup-policy=none --palette-type=rgb -p 210 --snap-policy=nearest:timing=once:rate=1:channel_l=0.85 --mapfile-output=act:{palette} {input},{lsqa} '--loaders=builtin!' {input} -
85a2674e53a2d7b75c6944b5a87b04ee9ea182b1,macOS-26.5.1-arm64-arm-64bit,natural-snake,natural photograph,210,cielab,CIELAB,nearest-all,nearest / all / rate 1,True,nearest,all,1.0,0.85,0.987625,2.264596,1.736251,210,630,0,0,0.0,0.0,0,319618,{img2sixel} --threads=1 --precision=float32 --quality=full '--loaders=builtin!' --sampling-policy=full-frame --binning-policy=hard --quantize-model=kmeans:seed=1:binbits=6 --merge-policy=none --cover-policy=off -Xcielab -Wcielab --diffusion=fs:scan=raster --gpu-policy=off --lookup-policy=none --palette-type=rgb -p 210 --snap-policy=nearest:timing=all:rate=1:channel_l=0.85 --mapfile-output=act:{palette} {input},{lsqa} '--loaders=builtin!' {input} -
85a2674e53a2d7b75c6944b5a87b04ee9ea182b1,macOS-26.5.1-arm64-arm-64bit,natural-snake,natural photograph,210,cielab,CIELAB,reversible-all,reversible / all / rate 1,True,reversible,all,1.0,0.85,0.986316,2.297489,1.73738,210,630,0,0,0.0,0.0,0,319306,{img2sixel} --threads=1 --precision=float32 --quality=full '--loaders=builtin!' --sampling-policy=full-frame --binning-policy=hard --quantize-model=kmeans:seed=1:binbits=6 --merge-policy=none --cover-policy=off -Xcielab -Wcielab --diffusion=fs:scan=raster --gpu-policy=off --lookup-policy=none --palette-type=rgb -p 210 --snap-policy=reversible:timing=all:rate=1:channel_l=0.85 --mapfile-output=act:{palette} {input},{lsqa} '--loaders=builtin!' {input} -
85a2674e53a2d7b75c6944b5a87b04ee9ea182b1,macOS-26.5.1-arm64-arm-64bit,natural-snake,natural photograph,210,din99d,DIN99d,off,snap off,False,none,off,0.0,0.85,0.986665,2.291226,2.175433,210,630,205,391,0.6206349206349207,0.6206349206349207,1,315464,{img2sixel} --threads=1 --precision=float32 --quality=full '--loaders=builtin!' --sampling-policy=full-frame --binning-policy=hard --quantize-model=kmeans:seed=1:binbits=6 --merge-policy=none --cover-policy=off -Xdin99d -Wdin99d --diffusion=fs:scan=raster --gpu-policy=off --lookup-policy=none --palette-type=rgb -p 210 --snap-policy=none --mapfile-output=act:{palette} {input},{lsqa} '--loaders=builtin!' {input} -
85a2674e53a2d7b75c6944b5a87b04ee9ea182b1,macOS-26.5.1-arm64-arm-64bit,natural-snake,natural photograph,210,din99d,DIN99d,nearest-quarter,nearest / all / rate 0.25,True,nearest,all,0.25,0.85,0.987763,2.151867,2.11424,210,630,143,217,0.34444444444444444,0.34444444444444444,1,317640,{img2sixel} --threads=1 --precision=float32 --quality=full '--loaders=builtin!' --sampling-policy=full-frame --binning-policy=hard --quantize-model=kmeans:seed=1:binbits=6 --merge-policy=none --cover-policy=off -Xdin99d -Wdin99d --diffusion=fs:scan=raster --gpu-policy=off --lookup-policy=none --palette-type=rgb -p 210 --snap-policy=nearest:timing=all:rate=0.25:channel_l=0.85 --mapfile-output=act:{palette} {input},{lsqa} '--loaders=builtin!' {input} -
85a2674e53a2d7b75c6944b5a87b04ee9ea182b1,macOS-26.5.1-arm64-arm-64bit,natural-snake,natural photograph,210,din99d,DIN99d,nearest-once,nearest / once / rate 1,True,nearest,once,1.0,0.85,0.987082,2.219077,2.14434,210,630,0,0,0.0,0.0,0,318051,{img2sixel} --threads=1 --precision=float32 --quality=full '--loaders=builtin!' --sampling-policy=full-frame --binning-policy=hard --quantize-model=kmeans:seed=1:binbits=6 --merge-policy=none --cover-policy=off -Xdin99d -Wdin99d --diffusion=fs:scan=raster --gpu-policy=off --lookup-policy=none --palette-type=rgb -p 210 --snap-policy=nearest:timing=once:rate=1:channel_l=0.85 --mapfile-output=act:{palette} {input},{lsqa} '--loaders=builtin!' {input} -
85a2674e53a2d7b75c6944b5a87b04ee9ea182b1,macOS-26.5.1-arm64-arm-64bit,natural-snake,natural photograph,210,din99d,DIN99d,nearest-all,nearest / all / rate 1,True,nearest,all,1.0,0.85,0.987319,2.206802,2.183918,210,630,0,0,0.0,0.0,0,317952,{img2sixel} --threads=1 --precision=float32 --quality=full '--loaders=builtin!' --sampling-policy=full-frame --binning-policy=hard --quantize-model=kmeans:seed=1:binbits=6 --merge-policy=none --cover-policy=off -Xdin99d -Wdin99d --diffusion=fs:scan=raster --gpu-policy=off --lookup-policy=none --palette-type=rgb -p 210 --snap-policy=nearest:timing=all:rate=1:channel_l=0.85 --mapfile-output=act:{palette} {input},{lsqa} '--loaders=builtin!' {input} -
85a2674e53a2d7b75c6944b5a87b04ee9ea182b1,macOS-26.5.1-arm64-arm-64bit,natural-snake,natural photograph,210,din99d,DIN99d,reversible-all,reversible / all / rate 1,True,reversible,all,1.0,0.85,0.986489,2.249731,2.211043,210,630,0,0,0.0,0.0,0,311205,{img2sixel} --threads=1 --precision=float32 --quality=full '--loaders=builtin!' --sampling-policy=full-frame --binning-policy=hard --quantize-model=kmeans:seed=1:binbits=6 --merge-policy=none --cover-policy=off -Xdin99d -Wdin99d --diffusion=fs:scan=raster --gpu-policy=off --lookup-policy=none --palette-type=rgb -p 210 --snap-policy=reversible:timing=all:rate=1:channel_l=0.85 --mapfile-output=act:{palette} {input},{lsqa} '--loaders=builtin!' {input} -
85a2674e53a2d7b75c6944b5a87b04ee9ea182b1,macOS-26.5.1-arm64-arm-64bit,natural-snake,natural photograph,212,gamma,sRGB gamma,off,snap off,False,none,off,0.0,0.85,0.989437,2.414288,1.972989,212,636,204,411,0.6462264150943396,0.6462264150943396,1,290935,{img2sixel} --threads=1 --precision=float32 --quality=full '--loaders=builtin!' --sampling-policy=full-frame --binning-policy=hard --quantize-model=kmeans:seed=1:binbits=6 --merge-policy=none --cover-policy=off -Xgamma -Wgamma --diffusion=fs:scan=raster --gpu-policy=off --lookup-policy=none --palette-type=rgb -p 212 --snap-policy=none --mapfile-output=act:{palette} {input},{lsqa} '--loaders=builtin!' {input} -
85a2674e53a2d7b75c6944b5a87b04ee9ea182b1,macOS-26.5.1-arm64-arm-64bit,natural-snake,natural photograph,212,gamma,sRGB gamma,nearest-quarter,nearest / all / rate 0.25,True,nearest,all,0.25,0.85,0.989411,2.398892,1.963761,212,636,148,200,0.31446540880503143,0.31446540880503143,1,293378,{img2sixel} --threads=1 --precision=float32 --quality=full '--loaders=builtin!' --sampling-policy=full-frame --binning-policy=hard --quantize-model=kmeans:seed=1:binbits=6 --merge-policy=none --cover-policy=off -Xgamma -Wgamma --diffusion=fs:scan=raster --gpu-policy=off --lookup-policy=none --palette-type=rgb -p 212 --snap-policy=nearest:timing=all:rate=0.25:channel_l=0.85 --mapfile-output=act:{palette} {input},{lsqa} '--loaders=builtin!' {input} -
85a2674e53a2d7b75c6944b5a87b04ee9ea182b1,macOS-26.5.1-arm64-arm-64bit,natural-snake,natural photograph,212,gamma,sRGB gamma,nearest-once,nearest / once / rate 1,True,nearest,once,1.0,0.85,0.988876,2.417157,2.023094,212,636,0,0,0.0,0.0,0,298417,{img2sixel} --threads=1 --precision=float32 --quality=full '--loaders=builtin!' --sampling-policy=full-frame --binning-policy=hard --quantize-model=kmeans:seed=1:binbits=6 --merge-policy=none --cover-policy=off -Xgamma -Wgamma --diffusion=fs:scan=raster --gpu-policy=off --lookup-policy=none --palette-type=rgb -p 212 --snap-policy=nearest:timing=once:rate=1:channel_l=0.85 --mapfile-output=act:{palette} {input},{lsqa} '--loaders=builtin!' {input} -
85a2674e53a2d7b75c6944b5a87b04ee9ea182b1,macOS-26.5.1-arm64-arm-64bit,natural-snake,natural photograph,212,gamma,sRGB gamma,nearest-all,nearest / all / rate 1,True,nearest,all,1.0,0.85,0.988394,2.41532,1.969737,212,636,0,0,0.0,0.0,0,293960,{img2sixel} --threads=1 --precision=float32 --quality=full '--loaders=builtin!' --sampling-policy=full-frame --binning-policy=hard --quantize-model=kmeans:seed=1:binbits=6 --merge-policy=none --cover-policy=off -Xgamma -Wgamma --diffusion=fs:scan=raster --gpu-policy=off --lookup-policy=none --palette-type=rgb -p 212 --snap-policy=nearest:timing=all:rate=1:channel_l=0.85 --mapfile-output=act:{palette} {input},{lsqa} '--loaders=builtin!' {input} -
85a2674e53a2d7b75c6944b5a87b04ee9ea182b1,macOS-26.5.1-arm64-arm-64bit,natural-snake,natural photograph,212,gamma,sRGB gamma,reversible-all,reversible / all / rate 1,True,reversible,all,1.0,0.85,0.987293,2.493268,2.017763,212,636,0,0,0.0,0.0,0,293299,{img2sixel} --threads=1 --precision=float32 --quality=full '--loaders=builtin!' --sampling-policy=full-frame --binning-policy=hard --quantize-model=kmeans:seed=1:binbits=6 --merge-policy=none --cover-policy=off -Xgamma -Wgamma --diffusion=fs:scan=raster --gpu-policy=off --lookup-policy=none --palette-type=rgb -p 212 --snap-policy=reversible:timing=all:rate=1:channel_l=0.85 --mapfile-output=act:{palette} {input},{lsqa} '--loaders=builtin!' {input} -
85a2674e53a2d7b75c6944b5a87b04ee9ea182b1,macOS-26.5.1-arm64-arm-64bit,natural-snake,natural photograph,212,linear,linear RGB,off,snap off,False,none,off,0.0,0.85,0.991528,2.456971,2.764112,212,636,202,375,0.589622641509434,0.589622641509434,1,317223,{img2sixel} --threads=1 --precision=float32 --quality=full '--loaders=builtin!' --sampling-policy=full-frame --binning-policy=hard --quantize-model=kmeans:seed=1:binbits=6 --merge-policy=none --cover-policy=off -Xlinear -Wlinear --diffusion=fs:scan=raster --gpu-policy=off --lookup-policy=none --palette-type=rgb -p 212 --snap-policy=none --mapfile-output=act:{palette} {input},{lsqa} '--loaders=builtin!' {input} -
85a2674e53a2d7b75c6944b5a87b04ee9ea182b1,macOS-26.5.1-arm64-arm-64bit,natural-snake,natural photograph,212,linear,linear RGB,nearest-quarter,nearest / all / rate 0.25,True,nearest,all,0.25,0.85,0.991603,2.371395,2.689569,212,636,125,162,0.25471698113207547,0.25471698113207547,1,317511,{img2sixel} --threads=1 --precision=float32 --quality=full '--loaders=builtin!' --sampling-policy=full-frame --binning-policy=hard --quantize-model=kmeans:seed=1:binbits=6 --merge-policy=none --cover-policy=off -Xlinear -Wlinear --diffusion=fs:scan=raster --gpu-policy=off --lookup-policy=none --palette-type=rgb -p 212 --snap-policy=nearest:timing=all:rate=0.25:channel_l=0.85 --mapfile-output=act:{palette} {input},{lsqa} '--loaders=builtin!' {input} -
85a2674e53a2d7b75c6944b5a87b04ee9ea182b1,macOS-26.5.1-arm64-arm-64bit,natural-snake,natural photograph,212,linear,linear RGB,nearest-once,nearest / once / rate 1,True,nearest,once,1.0,0.85,0.991478,2.349147,2.666359,212,636,0,0,0.0,0.0,0,318870,{img2sixel} --threads=1 --precision=float32 --quality=full '--loaders=builtin!' --sampling-policy=full-frame --binning-policy=hard --quantize-model=kmeans:seed=1:binbits=6 --merge-policy=none --cover-policy=off -Xlinear -Wlinear --diffusion=fs:scan=raster --gpu-policy=off --lookup-policy=none --palette-type=rgb -p 212 --snap-policy=nearest:timing=once:rate=1:channel_l=0.85 --mapfile-output=act:{palette} {input},{lsqa} '--loaders=builtin!' {input} -
85a2674e53a2d7b75c6944b5a87b04ee9ea182b1,macOS-26.5.1-arm64-arm-64bit,natural-snake,natural photograph,212,linear,linear RGB,nearest-all,nearest / all / rate 1,True,nearest,all,1.0,0.85,0.990873,2.387446,2.726218,212,636,0,0,0.0,0.0,0,320227,{img2sixel} --threads=1 --precision=float32 --quality=full '--loaders=builtin!' --sampling-policy=full-frame --binning-policy=hard --quantize-model=kmeans:seed=1:binbits=6 --merge-policy=none --cover-policy=off -Xlinear -Wlinear --diffusion=fs:scan=raster --gpu-policy=off --lookup-policy=none --palette-type=rgb -p 212 --snap-policy=nearest:timing=all:rate=1:channel_l=0.85 --mapfile-output=act:{palette} {input},{lsqa} '--loaders=builtin!' {input} -
85a2674e53a2d7b75c6944b5a87b04ee9ea182b1,macOS-26.5.1-arm64-arm-64bit,natural-snake,natural photograph,212,linear,linear RGB,reversible-all,reversible / all / rate 1,True,reversible,all,1.0,0.85,0.990914,2.426147,2.724569,212,636,0,0,0.0,0.0,0,321207,{img2sixel} --threads=1 --precision=float32 --quality=full '--loaders=builtin!' --sampling-policy=full-frame --binning-policy=hard --quantize-model=kmeans:seed=1:binbits=6 --merge-policy=none --cover-policy=off -Xlinear -Wlinear --diffusion=fs:scan=raster --gpu-policy=off --lookup-policy=none --palette-type=rgb -p 212 --snap-policy=reversible:timing=all:rate=1:channel_l=0.85 --mapfile-output=act:{palette} {input},{lsqa} '--loaders=builtin!' {input} -
85a2674e53a2d7b75c6944b5a87b04ee9ea182b1,macOS-26.5.1-arm64-arm-64bit,natural-snake,natural photograph,212,oklab,OKLab,off,snap off,False,none,off,0.0,0.85,0.993093,2.523082,2.579641,212,636,203,384,0.6037735849056604,0.6037735849056604,1,319911,{img2sixel} --threads=1 --precision=float32 --quality=full '--loaders=builtin!' --sampling-policy=full-frame --binning-policy=hard --quantize-model=kmeans:seed=1:binbits=6 --merge-policy=none --cover-policy=off -Xoklab -Woklab --diffusion=fs:scan=raster --gpu-policy=off --lookup-policy=none --palette-type=rgb -p 212 --snap-policy=none --mapfile-output=act:{palette} {input},{lsqa} '--loaders=builtin!' {input} -
85a2674e53a2d7b75c6944b5a87b04ee9ea182b1,macOS-26.5.1-arm64-arm-64bit,natural-snake,natural photograph,212,oklab,OKLab,nearest-quarter,nearest / all / rate 0.25,True,nearest,all,0.25,0.85,0.993986,2.551834,2.463467,212,636,160,266,0.41823899371069184,0.41823899371069184,1,316479,{img2sixel} --threads=1 --precision=float32 --quality=full '--loaders=builtin!' --sampling-policy=full-frame --binning-policy=hard --quantize-model=kmeans:seed=1:binbits=6 --merge-policy=none --cover-policy=off -Xoklab -Woklab --diffusion=fs:scan=raster --gpu-policy=off --lookup-policy=none --palette-type=rgb -p 212 --snap-policy=nearest:timing=all:rate=0.25:channel_l=0.85 --mapfile-output=act:{palette} {input},{lsqa} '--loaders=builtin!' {input} -
85a2674e53a2d7b75c6944b5a87b04ee9ea182b1,macOS-26.5.1-arm64-arm-64bit,natural-snake,natural photograph,212,oklab,OKLab,nearest-once,nearest / once / rate 1,True,nearest,once,1.0,0.85,0.9938,2.572885,2.5347,212,636,0,0,0.0,0.0,0,320257,{img2sixel} --threads=1 --precision=float32 --quality=full '--loaders=builtin!' --sampling-policy=full-frame --binning-policy=hard --quantize-model=kmeans:seed=1:binbits=6 --merge-policy=none --cover-policy=off -Xoklab -Woklab --diffusion=fs:scan=raster --gpu-policy=off --lookup-policy=none --palette-type=rgb -p 212 --snap-policy=nearest:timing=once:rate=1:channel_l=0.85 --mapfile-output=act:{palette} {input},{lsqa} '--loaders=builtin!' {input} -
85a2674e53a2d7b75c6944b5a87b04ee9ea182b1,macOS-26.5.1-arm64-arm-64bit,natural-snake,natural photograph,212,oklab,OKLab,nearest-all,nearest / all / rate 1,True,nearest,all,1.0,0.85,0.993868,2.56605,2.472459,212,636,0,0,0.0,0.0,0,319629,{img2sixel} --threads=1 --precision=float32 --quality=full '--loaders=builtin!' --sampling-policy=full-frame --binning-policy=hard --quantize-model=kmeans:seed=1:binbits=6 --merge-policy=none --cover-policy=off -Xoklab -Woklab --diffusion=fs:scan=raster --gpu-policy=off --lookup-policy=none --palette-type=rgb -p 212 --snap-policy=nearest:timing=all:rate=1:channel_l=0.85 --mapfile-output=act:{palette} {input},{lsqa} '--loaders=builtin!' {input} -
85a2674e53a2d7b75c6944b5a87b04ee9ea182b1,macOS-26.5.1-arm64-arm-64bit,natural-snake,natural photograph,212,oklab,OKLab,reversible-all,reversible / all / rate 1,True,reversible,all,1.0,0.85,0.994018,2.491721,2.518858,212,636,0,0,0.0,0.0,0,313103,{img2sixel} --threads=1 --precision=float32 --quality=full '--loaders=builtin!' --sampling-policy=full-frame --binning-policy=hard --quantize-model=kmeans:seed=1:binbits=6 --merge-policy=none --cover-policy=off -Xoklab -Woklab --diffusion=fs:scan=raster --gpu-policy=off --lookup-policy=none --palette-type=rgb -p 212 --snap-policy=reversible:timing=all:rate=1:channel_l=0.85 --mapfile-output=act:{palette} {input},{lsqa} '--loaders=builtin!' {input} -
85a2674e53a2d7b75c6944b5a87b04ee9ea182b1,macOS-26.5.1-arm64-arm-64bit,natural-snake,natural photograph,212,cielab,CIELAB,off,snap off,False,none,off,0.0,0.85,0.986131,2.44082,1.799876,212,636,197,388,0.610062893081761,0.610062893081761,1,319643,{img2sixel} --threads=1 --precision=float32 --quality=full '--loaders=builtin!' --sampling-policy=full-frame --binning-policy=hard --quantize-model=kmeans:seed=1:binbits=6 --merge-policy=none --cover-policy=off -Xcielab -Wcielab --diffusion=fs:scan=raster --gpu-policy=off --lookup-policy=none --palette-type=rgb -p 212 --snap-policy=none --mapfile-output=act:{palette} {input},{lsqa} '--loaders=builtin!' {input} -
85a2674e53a2d7b75c6944b5a87b04ee9ea182b1,macOS-26.5.1-arm64-arm-64bit,natural-snake,natural photograph,212,cielab,CIELAB,nearest-quarter,nearest / all / rate 0.25,True,nearest,all,0.25,0.85,0.987232,2.324034,1.733667,212,636,146,228,0.3584905660377358,0.3584905660377358,1,319122,{img2sixel} --threads=1 --precision=float32 --quality=full '--loaders=builtin!' --sampling-policy=full-frame --binning-policy=hard --quantize-model=kmeans:seed=1:binbits=6 --merge-policy=none --cover-policy=off -Xcielab -Wcielab --diffusion=fs:scan=raster --gpu-policy=off --lookup-policy=none --palette-type=rgb -p 212 --snap-policy=nearest:timing=all:rate=0.25:channel_l=0.85 --mapfile-output=act:{palette} {input},{lsqa} '--loaders=builtin!' {input} -
85a2674e53a2d7b75c6944b5a87b04ee9ea182b1,macOS-26.5.1-arm64-arm-64bit,natural-snake,natural photograph,212,cielab,CIELAB,nearest-once,nearest / once / rate 1,True,nearest,once,1.0,0.85,0.986216,2.325168,1.729575,212,636,0,0,0.0,0.0,0,321491,{img2sixel} --threads=1 --precision=float32 --quality=full '--loaders=builtin!' --sampling-policy=full-frame --binning-policy=hard --quantize-model=kmeans:seed=1:binbits=6 --merge-policy=none --cover-policy=off -Xcielab -Wcielab --diffusion=fs:scan=raster --gpu-policy=off --lookup-policy=none --palette-type=rgb -p 212 --snap-policy=nearest:timing=once:rate=1:channel_l=0.85 --mapfile-output=act:{palette} {input},{lsqa} '--loaders=builtin!' {input} -
85a2674e53a2d7b75c6944b5a87b04ee9ea182b1,macOS-26.5.1-arm64-arm-64bit,natural-snake,natural photograph,212,cielab,CIELAB,nearest-all,nearest / all / rate 1,True,nearest,all,1.0,0.85,0.987689,2.269853,1.724046,212,636,0,0,0.0,0.0,0,322681,{img2sixel} --threads=1 --precision=float32 --quality=full '--loaders=builtin!' --sampling-policy=full-frame --binning-policy=hard --quantize-model=kmeans:seed=1:binbits=6 --merge-policy=none --cover-policy=off -Xcielab -Wcielab --diffusion=fs:scan=raster --gpu-policy=off --lookup-policy=none --palette-type=rgb -p 212 --snap-policy=nearest:timing=all:rate=1:channel_l=0.85 --mapfile-output=act:{palette} {input},{lsqa} '--loaders=builtin!' {input} -
85a2674e53a2d7b75c6944b5a87b04ee9ea182b1,macOS-26.5.1-arm64-arm-64bit,natural-snake,natural photograph,212,cielab,CIELAB,reversible-all,reversible / all / rate 1,True,reversible,all,1.0,0.85,0.986489,2.284622,1.732953,212,636,0,0,0.0,0.0,0,320501,{img2sixel} --threads=1 --precision=float32 --quality=full '--loaders=builtin!' --sampling-policy=full-frame --binning-policy=hard --quantize-model=kmeans:seed=1:binbits=6 --merge-policy=none --cover-policy=off -Xcielab -Wcielab --diffusion=fs:scan=raster --gpu-policy=off --lookup-policy=none --palette-type=rgb -p 212 --snap-policy=reversible:timing=all:rate=1:channel_l=0.85 --mapfile-output=act:{palette} {input},{lsqa} '--loaders=builtin!' {input} -
85a2674e53a2d7b75c6944b5a87b04ee9ea182b1,macOS-26.5.1-arm64-arm-64bit,natural-snake,natural photograph,212,din99d,DIN99d,off,snap off,False,none,off,0.0,0.85,0.986621,2.281139,2.193387,212,636,206,384,0.6037735849056604,0.6037735849056604,1,315934,{img2sixel} --threads=1 --precision=float32 --quality=full '--loaders=builtin!' --sampling-policy=full-frame --binning-policy=hard --quantize-model=kmeans:seed=1:binbits=6 --merge-policy=none --cover-policy=off -Xdin99d -Wdin99d --diffusion=fs:scan=raster --gpu-policy=off --lookup-policy=none --palette-type=rgb -p 212 --snap-policy=none --mapfile-output=act:{palette} {input},{lsqa} '--loaders=builtin!' {input} -
85a2674e53a2d7b75c6944b5a87b04ee9ea182b1,macOS-26.5.1-arm64-arm-64bit,natural-snake,natural photograph,212,din99d,DIN99d,nearest-quarter,nearest / all / rate 0.25,True,nearest,all,0.25,0.85,0.9877,2.156805,2.11946,212,636,147,221,0.3474842767295597,0.3474842767295597,1,316416,{img2sixel} --threads=1 --precision=float32 --quality=full '--loaders=builtin!' --sampling-policy=full-frame --binning-policy=hard --quantize-model=kmeans:seed=1:binbits=6 --merge-policy=none --cover-policy=off -Xdin99d -Wdin99d --diffusion=fs:scan=raster --gpu-policy=off --lookup-policy=none --palette-type=rgb -p 212 --snap-policy=nearest:timing=all:rate=0.25:channel_l=0.85 --mapfile-output=act:{palette} {input},{lsqa} '--loaders=builtin!' {input} -
85a2674e53a2d7b75c6944b5a87b04ee9ea182b1,macOS-26.5.1-arm64-arm-64bit,natural-snake,natural photograph,212,din99d,DIN99d,nearest-once,nearest / once / rate 1,True,nearest,once,1.0,0.85,0.986807,2.2229,2.155846,212,636,0,0,0.0,0.0,0,319531,{img2sixel} --threads=1 --precision=float32 --quality=full '--loaders=builtin!' --sampling-policy=full-frame --binning-policy=hard --quantize-model=kmeans:seed=1:binbits=6 --merge-policy=none --cover-policy=off -Xdin99d -Wdin99d --diffusion=fs:scan=raster --gpu-policy=off --lookup-policy=none --palette-type=rgb -p 212 --snap-policy=nearest:timing=once:rate=1:channel_l=0.85 --mapfile-output=act:{palette} {input},{lsqa} '--loaders=builtin!' {input} -
85a2674e53a2d7b75c6944b5a87b04ee9ea182b1,macOS-26.5.1-arm64-arm-64bit,natural-snake,natural photograph,212,din99d,DIN99d,nearest-all,nearest / all / rate 1,True,nearest,all,1.0,0.85,0.987427,2.208567,2.18345,212,636,0,0,0.0,0.0,0,317195,{img2sixel} --threads=1 --precision=float32 --quality=full '--loaders=builtin!' --sampling-policy=full-frame --binning-policy=hard --quantize-model=kmeans:seed=1:binbits=6 --merge-policy=none --cover-policy=off -Xdin99d -Wdin99d --diffusion=fs:scan=raster --gpu-policy=off --lookup-policy=none --palette-type=rgb -p 212 --snap-policy=nearest:timing=all:rate=1:channel_l=0.85 --mapfile-output=act:{palette} {input},{lsqa} '--loaders=builtin!' {input} -
85a2674e53a2d7b75c6944b5a87b04ee9ea182b1,macOS-26.5.1-arm64-arm-64bit,natural-snake,natural photograph,212,din99d,DIN99d,reversible-all,reversible / all / rate 1,True,reversible,all,1.0,0.85,0.986322,2.240181,2.204859,212,636,0,0,0.0,0.0,0,312765,{img2sixel} --threads=1 --precision=float32 --quality=full '--loaders=builtin!' --sampling-policy=full-frame --binning-policy=hard --quantize-model=kmeans:seed=1:binbits=6 --merge-policy=none --cover-policy=off -Xdin99d -Wdin99d --diffusion=fs:scan=raster --gpu-policy=off --lookup-policy=none --palette-type=rgb -p 212 --snap-policy=reversible:timing=all:rate=1:channel_l=0.85 --mapfile-output=act:{palette} {input},{lsqa} '--loaders=builtin!' {input} -
85a2674e53a2d7b75c6944b5a87b04ee9ea182b1,macOS-26.5.1-arm64-arm-64bit,natural-snake,natural photograph,214,gamma,sRGB gamma,off,snap off,False,none,off,0.0,0.85,0.989492,2.397748,1.970375,214,642,199,400,0.6230529595015576,0.6230529595015576,1,293131,{img2sixel} --threads=1 --precision=float32 --quality=full '--loaders=builtin!' --sampling-policy=full-frame --binning-policy=hard --quantize-model=kmeans:seed=1:binbits=6 --merge-policy=none --cover-policy=off -Xgamma -Wgamma --diffusion=fs:scan=raster --gpu-policy=off --lookup-policy=none --palette-type=rgb -p 214 --snap-policy=none --mapfile-output=act:{palette} {input},{lsqa} '--loaders=builtin!' {input} -
85a2674e53a2d7b75c6944b5a87b04ee9ea182b1,macOS-26.5.1-arm64-arm-64bit,natural-snake,natural photograph,214,gamma,sRGB gamma,nearest-quarter,nearest / all / rate 0.25,True,nearest,all,0.25,0.85,0.98974,2.37674,1.981299,214,642,146,196,0.3052959501557632,0.3052959501557632,1,294214,{img2sixel} --threads=1 --precision=float32 --quality=full '--loaders=builtin!' --sampling-policy=full-frame --binning-policy=hard --quantize-model=kmeans:seed=1:binbits=6 --merge-policy=none --cover-policy=off -Xgamma -Wgamma --diffusion=fs:scan=raster --gpu-policy=off --lookup-policy=none --palette-type=rgb -p 214 --snap-policy=nearest:timing=all:rate=0.25:channel_l=0.85 --mapfile-output=act:{palette} {input},{lsqa} '--loaders=builtin!' {input} -
85a2674e53a2d7b75c6944b5a87b04ee9ea182b1,macOS-26.5.1-arm64-arm-64bit,natural-snake,natural photograph,214,gamma,sRGB gamma,nearest-once,nearest / once / rate 1,True,nearest,once,1.0,0.85,0.989185,2.410133,2.028148,214,642,0,0,0.0,0.0,0,299513,{img2sixel} --threads=1 --precision=float32 --quality=full '--loaders=builtin!' --sampling-policy=full-frame --binning-policy=hard --quantize-model=kmeans:seed=1:binbits=6 --merge-policy=none --cover-policy=off -Xgamma -Wgamma --diffusion=fs:scan=raster --gpu-policy=off --lookup-policy=none --palette-type=rgb -p 214 --snap-policy=nearest:timing=once:rate=1:channel_l=0.85 --mapfile-output=act:{palette} {input},{lsqa} '--loaders=builtin!' {input} -
85a2674e53a2d7b75c6944b5a87b04ee9ea182b1,macOS-26.5.1-arm64-arm-64bit,natural-snake,natural photograph,214,gamma,sRGB gamma,nearest-all,nearest / all / rate 1,True,nearest,all,1.0,0.85,0.98864,2.408849,1.975535,214,642,0,0,0.0,0.0,0,293660,{img2sixel} --threads=1 --precision=float32 --quality=full '--loaders=builtin!' --sampling-policy=full-frame --binning-policy=hard --quantize-model=kmeans:seed=1:binbits=6 --merge-policy=none --cover-policy=off -Xgamma -Wgamma --diffusion=fs:scan=raster --gpu-policy=off --lookup-policy=none --palette-type=rgb -p 214 --snap-policy=nearest:timing=all:rate=1:channel_l=0.85 --mapfile-output=act:{palette} {input},{lsqa} '--loaders=builtin!' {input} -
85a2674e53a2d7b75c6944b5a87b04ee9ea182b1,macOS-26.5.1-arm64-arm-64bit,natural-snake,natural photograph,214,gamma,sRGB gamma,reversible-all,reversible / all / rate 1,True,reversible,all,1.0,0.85,0.987208,2.498426,2.01759,214,642,0,0,0.0,0.0,0,295546,{img2sixel} --threads=1 --precision=float32 --quality=full '--loaders=builtin!' --sampling-policy=full-frame --binning-policy=hard --quantize-model=kmeans:seed=1:binbits=6 --merge-policy=none --cover-policy=off -Xgamma -Wgamma --diffusion=fs:scan=raster --gpu-policy=off --lookup-policy=none --palette-type=rgb -p 214 --snap-policy=reversible:timing=all:rate=1:channel_l=0.85 --mapfile-output=act:{palette} {input},{lsqa} '--loaders=builtin!' {input} -
85a2674e53a2d7b75c6944b5a87b04ee9ea182b1,macOS-26.5.1-arm64-arm-64bit,natural-snake,natural photograph,214,linear,linear RGB,off,snap off,False,none,off,0.0,0.85,0.991648,2.448895,2.76542,214,642,203,374,0.5825545171339563,0.5825545171339563,1,318688,{img2sixel} --threads=1 --precision=float32 --quality=full '--loaders=builtin!' --sampling-policy=full-frame --binning-policy=hard --quantize-model=kmeans:seed=1:binbits=6 --merge-policy=none --cover-policy=off -Xlinear -Wlinear --diffusion=fs:scan=raster --gpu-policy=off --lookup-policy=none --palette-type=rgb -p 214 --snap-policy=none --mapfile-output=act:{palette} {input},{lsqa} '--loaders=builtin!' {input} -
85a2674e53a2d7b75c6944b5a87b04ee9ea182b1,macOS-26.5.1-arm64-arm-64bit,natural-snake,natural photograph,214,linear,linear RGB,nearest-quarter,nearest / all / rate 0.25,True,nearest,all,0.25,0.85,0.991628,2.364466,2.679888,214,642,123,163,0.2538940809968847,0.2538940809968847,1,318090,{img2sixel} --threads=1 --precision=float32 --quality=full '--loaders=builtin!' --sampling-policy=full-frame --binning-policy=hard --quantize-model=kmeans:seed=1:binbits=6 --merge-policy=none --cover-policy=off -Xlinear -Wlinear --diffusion=fs:scan=raster --gpu-policy=off --lookup-policy=none --palette-type=rgb -p 214 --snap-policy=nearest:timing=all:rate=0.25:channel_l=0.85 --mapfile-output=act:{palette} {input},{lsqa} '--loaders=builtin!' {input} -
85a2674e53a2d7b75c6944b5a87b04ee9ea182b1,macOS-26.5.1-arm64-arm-64bit,natural-snake,natural photograph,214,linear,linear RGB,nearest-once,nearest / once / rate 1,True,nearest,once,1.0,0.85,0.991674,2.334658,2.664385,214,642,0,0,0.0,0.0,0,319307,{img2sixel} --threads=1 --precision=float32 --quality=full '--loaders=builtin!' --sampling-policy=full-frame --binning-policy=hard --quantize-model=kmeans:seed=1:binbits=6 --merge-policy=none --cover-policy=off -Xlinear -Wlinear --diffusion=fs:scan=raster --gpu-policy=off --lookup-policy=none --palette-type=rgb -p 214 --snap-policy=nearest:timing=once:rate=1:channel_l=0.85 --mapfile-output=act:{palette} {input},{lsqa} '--loaders=builtin!' {input} -
85a2674e53a2d7b75c6944b5a87b04ee9ea182b1,macOS-26.5.1-arm64-arm-64bit,natural-snake,natural photograph,214,linear,linear RGB,nearest-all,nearest / all / rate 1,True,nearest,all,1.0,0.85,0.991007,2.385869,2.721083,214,642,0,0,0.0,0.0,0,321864,{img2sixel} --threads=1 --precision=float32 --quality=full '--loaders=builtin!' --sampling-policy=full-frame --binning-policy=hard --quantize-model=kmeans:seed=1:binbits=6 --merge-policy=none --cover-policy=off -Xlinear -Wlinear --diffusion=fs:scan=raster --gpu-policy=off --lookup-policy=none --palette-type=rgb -p 214 --snap-policy=nearest:timing=all:rate=1:channel_l=0.85 --mapfile-output=act:{palette} {input},{lsqa} '--loaders=builtin!' {input} -
85a2674e53a2d7b75c6944b5a87b04ee9ea182b1,macOS-26.5.1-arm64-arm-64bit,natural-snake,natural photograph,214,linear,linear RGB,reversible-all,reversible / all / rate 1,True,reversible,all,1.0,0.85,0.99094,2.422844,2.721832,214,642,0,0,0.0,0.0,0,322443,{img2sixel} --threads=1 --precision=float32 --quality=full '--loaders=builtin!' --sampling-policy=full-frame --binning-policy=hard --quantize-model=kmeans:seed=1:binbits=6 --merge-policy=none --cover-policy=off -Xlinear -Wlinear --diffusion=fs:scan=raster --gpu-policy=off --lookup-policy=none --palette-type=rgb -p 214 --snap-policy=reversible:timing=all:rate=1:channel_l=0.85 --mapfile-output=act:{palette} {input},{lsqa} '--loaders=builtin!' {input} -
85a2674e53a2d7b75c6944b5a87b04ee9ea182b1,macOS-26.5.1-arm64-arm-64bit,natural-snake,natural photograph,214,oklab,OKLab,off,snap off,False,none,off,0.0,0.85,0.993149,2.52745,2.607574,214,642,205,384,0.5981308411214953,0.5981308411214953,1,320369,{img2sixel} --threads=1 --precision=float32 --quality=full '--loaders=builtin!' --sampling-policy=full-frame --binning-policy=hard --quantize-model=kmeans:seed=1:binbits=6 --merge-policy=none --cover-policy=off -Xoklab -Woklab --diffusion=fs:scan=raster --gpu-policy=off --lookup-policy=none --palette-type=rgb -p 214 --snap-policy=none --mapfile-output=act:{palette} {input},{lsqa} '--loaders=builtin!' {input} -
85a2674e53a2d7b75c6944b5a87b04ee9ea182b1,macOS-26.5.1-arm64-arm-64bit,natural-snake,natural photograph,214,oklab,OKLab,nearest-quarter,nearest / all / rate 0.25,True,nearest,all,0.25,0.85,0.993875,2.555199,2.457735,214,642,159,268,0.4174454828660436,0.4174454828660436,1,317925,{img2sixel} --threads=1 --precision=float32 --quality=full '--loaders=builtin!' --sampling-policy=full-frame --binning-policy=hard --quantize-model=kmeans:seed=1:binbits=6 --merge-policy=none --cover-policy=off -Xoklab -Woklab --diffusion=fs:scan=raster --gpu-policy=off --lookup-policy=none --palette-type=rgb -p 214 --snap-policy=nearest:timing=all:rate=0.25:channel_l=0.85 --mapfile-output=act:{palette} {input},{lsqa} '--loaders=builtin!' {input} -
85a2674e53a2d7b75c6944b5a87b04ee9ea182b1,macOS-26.5.1-arm64-arm-64bit,natural-snake,natural photograph,214,oklab,OKLab,nearest-once,nearest / once / rate 1,True,nearest,once,1.0,0.85,0.993841,2.568414,2.522678,214,642,0,0,0.0,0.0,0,321693,{img2sixel} --threads=1 --precision=float32 --quality=full '--loaders=builtin!' --sampling-policy=full-frame --binning-policy=hard --quantize-model=kmeans:seed=1:binbits=6 --merge-policy=none --cover-policy=off -Xoklab -Woklab --diffusion=fs:scan=raster --gpu-policy=off --lookup-policy=none --palette-type=rgb -p 214 --snap-policy=nearest:timing=once:rate=1:channel_l=0.85 --mapfile-output=act:{palette} {input},{lsqa} '--loaders=builtin!' {input} -
85a2674e53a2d7b75c6944b5a87b04ee9ea182b1,macOS-26.5.1-arm64-arm-64bit,natural-snake,natural photograph,214,oklab,OKLab,nearest-all,nearest / all / rate 1,True,nearest,all,1.0,0.85,0.993859,2.556445,2.448972,214,642,0,0,0.0,0.0,0,321645,{img2sixel} --threads=1 --precision=float32 --quality=full '--loaders=builtin!' --sampling-policy=full-frame --binning-policy=hard --quantize-model=kmeans:seed=1:binbits=6 --merge-policy=none --cover-policy=off -Xoklab -Woklab --diffusion=fs:scan=raster --gpu-policy=off --lookup-policy=none --palette-type=rgb -p 214 --snap-policy=nearest:timing=all:rate=1:channel_l=0.85 --mapfile-output=act:{palette} {input},{lsqa} '--loaders=builtin!' {input} -
85a2674e53a2d7b75c6944b5a87b04ee9ea182b1,macOS-26.5.1-arm64-arm-64bit,natural-snake,natural photograph,214,oklab,OKLab,reversible-all,reversible / all / rate 1,True,reversible,all,1.0,0.85,0.99403,2.488423,2.518417,214,642,0,0,0.0,0.0,0,314911,{img2sixel} --threads=1 --precision=float32 --quality=full '--loaders=builtin!' --sampling-policy=full-frame --binning-policy=hard --quantize-model=kmeans:seed=1:binbits=6 --merge-policy=none --cover-policy=off -Xoklab -Woklab --diffusion=fs:scan=raster --gpu-policy=off --lookup-policy=none --palette-type=rgb -p 214 --snap-policy=reversible:timing=all:rate=1:channel_l=0.85 --mapfile-output=act:{palette} {input},{lsqa} '--loaders=builtin!' {input} -
85a2674e53a2d7b75c6944b5a87b04ee9ea182b1,macOS-26.5.1-arm64-arm-64bit,natural-snake,natural photograph,214,cielab,CIELAB,off,snap off,False,none,off,0.0,0.85,0.986722,2.361579,1.739541,214,642,197,382,0.5950155763239875,0.5950155763239875,1,320793,{img2sixel} --threads=1 --precision=float32 --quality=full '--loaders=builtin!' --sampling-policy=full-frame --binning-policy=hard --quantize-model=kmeans:seed=1:binbits=6 --merge-policy=none --cover-policy=off -Xcielab -Wcielab --diffusion=fs:scan=raster --gpu-policy=off --lookup-policy=none --palette-type=rgb -p 214 --snap-policy=none --mapfile-output=act:{palette} {input},{lsqa} '--loaders=builtin!' {input} -
85a2674e53a2d7b75c6944b5a87b04ee9ea182b1,macOS-26.5.1-arm64-arm-64bit,natural-snake,natural photograph,214,cielab,CIELAB,nearest-quarter,nearest / all / rate 0.25,True,nearest,all,0.25,0.85,0.987139,2.314577,1.730727,214,642,147,230,0.3582554517133956,0.3582554517133956,1,320513,{img2sixel} --threads=1 --precision=float32 --quality=full '--loaders=builtin!' --sampling-policy=full-frame --binning-policy=hard --quantize-model=kmeans:seed=1:binbits=6 --merge-policy=none --cover-policy=off -Xcielab -Wcielab --diffusion=fs:scan=raster --gpu-policy=off --lookup-policy=none --palette-type=rgb -p 214 --snap-policy=nearest:timing=all:rate=0.25:channel_l=0.85 --mapfile-output=act:{palette} {input},{lsqa} '--loaders=builtin!' {input} -
85a2674e53a2d7b75c6944b5a87b04ee9ea182b1,macOS-26.5.1-arm64-arm-64bit,natural-snake,natural photograph,214,cielab,CIELAB,nearest-once,nearest / once / rate 1,True,nearest,once,1.0,0.85,0.986733,2.286858,1.708267,214,642,0,0,0.0,0.0,0,324345,{img2sixel} --threads=1 --precision=float32 --quality=full '--loaders=builtin!' --sampling-policy=full-frame --binning-policy=hard --quantize-model=kmeans:seed=1:binbits=6 --merge-policy=none --cover-policy=off -Xcielab -Wcielab --diffusion=fs:scan=raster --gpu-policy=off --lookup-policy=none --palette-type=rgb -p 214 --snap-policy=nearest:timing=once:rate=1:channel_l=0.85 --mapfile-output=act:{palette} {input},{lsqa} '--loaders=builtin!' {input} -
85a2674e53a2d7b75c6944b5a87b04ee9ea182b1,macOS-26.5.1-arm64-arm-64bit,natural-snake,natural photograph,214,cielab,CIELAB,nearest-all,nearest / all / rate 1,True,nearest,all,1.0,0.85,0.987643,2.258887,1.726498,214,642,0,0,0.0,0.0,0,324296,{img2sixel} --threads=1 --precision=float32 --quality=full '--loaders=builtin!' --sampling-policy=full-frame --binning-policy=hard --quantize-model=kmeans:seed=1:binbits=6 --merge-policy=none --cover-policy=off -Xcielab -Wcielab --diffusion=fs:scan=raster --gpu-policy=off --lookup-policy=none --palette-type=rgb -p 214 --snap-policy=nearest:timing=all:rate=1:channel_l=0.85 --mapfile-output=act:{palette} {input},{lsqa} '--loaders=builtin!' {input} -
85a2674e53a2d7b75c6944b5a87b04ee9ea182b1,macOS-26.5.1-arm64-arm-64bit,natural-snake,natural photograph,214,cielab,CIELAB,reversible-all,reversible / all / rate 1,True,reversible,all,1.0,0.85,0.986698,2.280568,1.746871,214,642,0,0,0.0,0.0,0,321135,{img2sixel} --threads=1 --precision=float32 --quality=full '--loaders=builtin!' --sampling-policy=full-frame --binning-policy=hard --quantize-model=kmeans:seed=1:binbits=6 --merge-policy=none --cover-policy=off -Xcielab -Wcielab --diffusion=fs:scan=raster --gpu-policy=off --lookup-policy=none --palette-type=rgb -p 214 --snap-policy=reversible:timing=all:rate=1:channel_l=0.85 --mapfile-output=act:{palette} {input},{lsqa} '--loaders=builtin!' {input} -
85a2674e53a2d7b75c6944b5a87b04ee9ea182b1,macOS-26.5.1-arm64-arm-64bit,natural-snake,natural photograph,214,din99d,DIN99d,off,snap off,False,none,off,0.0,0.85,0.986792,2.27475,2.189099,214,642,208,396,0.616822429906542,0.616822429906542,1,316086,{img2sixel} --threads=1 --precision=float32 --quality=full '--loaders=builtin!' --sampling-policy=full-frame --binning-policy=hard --quantize-model=kmeans:seed=1:binbits=6 --merge-policy=none --cover-policy=off -Xdin99d -Wdin99d --diffusion=fs:scan=raster --gpu-policy=off --lookup-policy=none --palette-type=rgb -p 214 --snap-policy=none --mapfile-output=act:{palette} {input},{lsqa} '--loaders=builtin!' {input} -
85a2674e53a2d7b75c6944b5a87b04ee9ea182b1,macOS-26.5.1-arm64-arm-64bit,natural-snake,natural photograph,214,din99d,DIN99d,nearest-quarter,nearest / all / rate 0.25,True,nearest,all,0.25,0.85,0.987847,2.154142,2.116833,214,642,143,221,0.3442367601246106,0.3442367601246106,1,318154,{img2sixel} --threads=1 --precision=float32 --quality=full '--loaders=builtin!' --sampling-policy=full-frame --binning-policy=hard --quantize-model=kmeans:seed=1:binbits=6 --merge-policy=none --cover-policy=off -Xdin99d -Wdin99d --diffusion=fs:scan=raster --gpu-policy=off --lookup-policy=none --palette-type=rgb -p 214 --snap-policy=nearest:timing=all:rate=0.25:channel_l=0.85 --mapfile-output=act:{palette} {input},{lsqa} '--loaders=builtin!' {input} -
85a2674e53a2d7b75c6944b5a87b04ee9ea182b1,macOS-26.5.1-arm64-arm-64bit,natural-snake,natural photograph,214,din99d,DIN99d,nearest-once,nearest / once / rate 1,True,nearest,once,1.0,0.85,0.987049,2.217593,2.150229,214,642,0,0,0.0,0.0,0,319879,{img2sixel} --threads=1 --precision=float32 --quality=full '--loaders=builtin!' --sampling-policy=full-frame --binning-policy=hard --quantize-model=kmeans:seed=1:binbits=6 --merge-policy=none --cover-policy=off -Xdin99d -Wdin99d --diffusion=fs:scan=raster --gpu-policy=off --lookup-policy=none --palette-type=rgb -p 214 --snap-policy=nearest:timing=once:rate=1:channel_l=0.85 --mapfile-output=act:{palette} {input},{lsqa} '--loaders=builtin!' {input} -
85a2674e53a2d7b75c6944b5a87b04ee9ea182b1,macOS-26.5.1-arm64-arm-64bit,natural-snake,natural photograph,214,din99d,DIN99d,nearest-all,nearest / all / rate 1,True,nearest,all,1.0,0.85,0.987473,2.193599,2.163906,214,642,0,0,0.0,0.0,0,320142,{img2sixel} --threads=1 --precision=float32 --quality=full '--loaders=builtin!' --sampling-policy=full-frame --binning-policy=hard --quantize-model=kmeans:seed=1:binbits=6 --merge-policy=none --cover-policy=off -Xdin99d -Wdin99d --diffusion=fs:scan=raster --gpu-policy=off --lookup-policy=none --palette-type=rgb -p 214 --snap-policy=nearest:timing=all:rate=1:channel_l=0.85 --mapfile-output=act:{palette} {input},{lsqa} '--loaders=builtin!' {input} -
85a2674e53a2d7b75c6944b5a87b04ee9ea182b1,macOS-26.5.1-arm64-arm-64bit,natural-snake,natural photograph,214,din99d,DIN99d,reversible-all,reversible / all / rate 1,True,reversible,all,1.0,0.85,0.98621,2.237443,2.196268,214,642,0,0,0.0,0.0,0,313125,{img2sixel} --threads=1 --precision=float32 --quality=full '--loaders=builtin!' --sampling-policy=full-frame --binning-policy=hard --quantize-model=kmeans:seed=1:binbits=6 --merge-policy=none --cover-policy=off -Xdin99d -Wdin99d --diffusion=fs:scan=raster --gpu-policy=off --lookup-policy=none --palette-type=rgb -p 214 --snap-policy=reversible:timing=all:rate=1:channel_l=0.85 --mapfile-output=act:{palette} {input},{lsqa} '--loaders=builtin!' {input} -
85a2674e53a2d7b75c6944b5a87b04ee9ea182b1,macOS-26.5.1-arm64-arm-64bit,natural-snake,natural photograph,216,gamma,sRGB gamma,off,snap off,False,none,off,0.0,0.85,0.989562,2.384812,1.945068,216,648,204,415,0.6404320987654321,0.6404320987654321,1,294180,{img2sixel} --threads=1 --precision=float32 --quality=full '--loaders=builtin!' --sampling-policy=full-frame --binning-policy=hard --quantize-model=kmeans:seed=1:binbits=6 --merge-policy=none --cover-policy=off -Xgamma -Wgamma --diffusion=fs:scan=raster --gpu-policy=off --lookup-policy=none --palette-type=rgb -p 216 --snap-policy=none --mapfile-output=act:{palette} {input},{lsqa} '--loaders=builtin!' {input} -
85a2674e53a2d7b75c6944b5a87b04ee9ea182b1,macOS-26.5.1-arm64-arm-64bit,natural-snake,natural photograph,216,gamma,sRGB gamma,nearest-quarter,nearest / all / rate 0.25,True,nearest,all,0.25,0.85,0.989831,2.391225,1.952822,216,648,139,189,0.2916666666666667,0.2916666666666667,1,295950,{img2sixel} --threads=1 --precision=float32 --quality=full '--loaders=builtin!' --sampling-policy=full-frame --binning-policy=hard --quantize-model=kmeans:seed=1:binbits=6 --merge-policy=none --cover-policy=off -Xgamma -Wgamma --diffusion=fs:scan=raster --gpu-policy=off --lookup-policy=none --palette-type=rgb -p 216 --snap-policy=nearest:timing=all:rate=0.25:channel_l=0.85 --mapfile-output=act:{palette} {input},{lsqa} '--loaders=builtin!' {input} -
85a2674e53a2d7b75c6944b5a87b04ee9ea182b1,macOS-26.5.1-arm64-arm-64bit,natural-snake,natural photograph,216,gamma,sRGB gamma,nearest-once,nearest / once / rate 1,True,nearest,once,1.0,0.85,0.989691,2.3649,1.978224,216,648,0,0,0.0,0.0,0,299962,{img2sixel} --threads=1 --precision=float32 --quality=full '--loaders=builtin!' --sampling-policy=full-frame --binning-policy=hard --quantize-model=kmeans:seed=1:binbits=6 --merge-policy=none --cover-policy=off -Xgamma -Wgamma --diffusion=fs:scan=raster --gpu-policy=off --lookup-policy=none --palette-type=rgb -p 216 --snap-policy=nearest:timing=once:rate=1:channel_l=0.85 --mapfile-output=act:{palette} {input},{lsqa} '--loaders=builtin!' {input} -
85a2674e53a2d7b75c6944b5a87b04ee9ea182b1,macOS-26.5.1-arm64-arm-64bit,natural-snake,natural photograph,216,gamma,sRGB gamma,nearest-all,nearest / all / rate 1,True,nearest,all,1.0,0.85,0.988736,2.389228,1.949105,216,648,0,0,0.0,0.0,0,297009,{img2sixel} --threads=1 --precision=float32 --quality=full '--loaders=builtin!' --sampling-policy=full-frame --binning-policy=hard --quantize-model=kmeans:seed=1:binbits=6 --merge-policy=none --cover-policy=off -Xgamma -Wgamma --diffusion=fs:scan=raster --gpu-policy=off --lookup-policy=none --palette-type=rgb -p 216 --snap-policy=nearest:timing=all:rate=1:channel_l=0.85 --mapfile-output=act:{palette} {input},{lsqa} '--loaders=builtin!' {input} -
85a2674e53a2d7b75c6944b5a87b04ee9ea182b1,macOS-26.5.1-arm64-arm-64bit,natural-snake,natural photograph,216,gamma,sRGB gamma,reversible-all,reversible / all / rate 1,True,reversible,all,1.0,0.85,0.987346,2.509797,2.017148,216,648,0,0,0.0,0.0,0,295638,{img2sixel} --threads=1 --precision=float32 --quality=full '--loaders=builtin!' --sampling-policy=full-frame --binning-policy=hard --quantize-model=kmeans:seed=1:binbits=6 --merge-policy=none --cover-policy=off -Xgamma -Wgamma --diffusion=fs:scan=raster --gpu-policy=off --lookup-policy=none --palette-type=rgb -p 216 --snap-policy=reversible:timing=all:rate=1:channel_l=0.85 --mapfile-output=act:{palette} {input},{lsqa} '--loaders=builtin!' {input} -
85a2674e53a2d7b75c6944b5a87b04ee9ea182b1,macOS-26.5.1-arm64-arm-64bit,natural-snake,natural photograph,216,linear,linear RGB,off,snap off,False,none,off,0.0,0.85,0.991714,2.442941,2.752059,216,648,207,384,0.5925925925925926,0.5925925925925926,1,319784,{img2sixel} --threads=1 --precision=float32 --quality=full '--loaders=builtin!' --sampling-policy=full-frame --binning-policy=hard --quantize-model=kmeans:seed=1:binbits=6 --merge-policy=none --cover-policy=off -Xlinear -Wlinear --diffusion=fs:scan=raster --gpu-policy=off --lookup-policy=none --palette-type=rgb -p 216 --snap-policy=none --mapfile-output=act:{palette} {input},{lsqa} '--loaders=builtin!' {input} -
85a2674e53a2d7b75c6944b5a87b04ee9ea182b1,macOS-26.5.1-arm64-arm-64bit,natural-snake,natural photograph,216,linear,linear RGB,nearest-quarter,nearest / all / rate 0.25,True,nearest,all,0.25,0.85,0.991615,2.364037,2.673262,216,648,128,165,0.25462962962962965,0.25462962962962965,1,318278,{img2sixel} --threads=1 --precision=float32 --quality=full '--loaders=builtin!' --sampling-policy=full-frame --binning-policy=hard --quantize-model=kmeans:seed=1:binbits=6 --merge-policy=none --cover-policy=off -Xlinear -Wlinear --diffusion=fs:scan=raster --gpu-policy=off --lookup-policy=none --palette-type=rgb -p 216 --snap-policy=nearest:timing=all:rate=0.25:channel_l=0.85 --mapfile-output=act:{palette} {input},{lsqa} '--loaders=builtin!' {input} -
85a2674e53a2d7b75c6944b5a87b04ee9ea182b1,macOS-26.5.1-arm64-arm-64bit,natural-snake,natural photograph,216,linear,linear RGB,nearest-once,nearest / once / rate 1,True,nearest,once,1.0,0.85,0.991741,2.321597,2.650146,216,648,0,0,0.0,0.0,0,320411,{img2sixel} --threads=1 --precision=float32 --quality=full '--loaders=builtin!' --sampling-policy=full-frame --binning-policy=hard --quantize-model=kmeans:seed=1:binbits=6 --merge-policy=none --cover-policy=off -Xlinear -Wlinear --diffusion=fs:scan=raster --gpu-policy=off --lookup-policy=none --palette-type=rgb -p 216 --snap-policy=nearest:timing=once:rate=1:channel_l=0.85 --mapfile-output=act:{palette} {input},{lsqa} '--loaders=builtin!' {input} -
85a2674e53a2d7b75c6944b5a87b04ee9ea182b1,macOS-26.5.1-arm64-arm-64bit,natural-snake,natural photograph,216,linear,linear RGB,nearest-all,nearest / all / rate 1,True,nearest,all,1.0,0.85,0.991061,2.381069,2.708033,216,648,0,0,0.0,0.0,0,322486,{img2sixel} --threads=1 --precision=float32 --quality=full '--loaders=builtin!' --sampling-policy=full-frame --binning-policy=hard --quantize-model=kmeans:seed=1:binbits=6 --merge-policy=none --cover-policy=off -Xlinear -Wlinear --diffusion=fs:scan=raster --gpu-policy=off --lookup-policy=none --palette-type=rgb -p 216 --snap-policy=nearest:timing=all:rate=1:channel_l=0.85 --mapfile-output=act:{palette} {input},{lsqa} '--loaders=builtin!' {input} -
85a2674e53a2d7b75c6944b5a87b04ee9ea182b1,macOS-26.5.1-arm64-arm-64bit,natural-snake,natural photograph,216,linear,linear RGB,reversible-all,reversible / all / rate 1,True,reversible,all,1.0,0.85,0.99092,2.416436,2.718015,216,648,0,0,0.0,0.0,0,322182,{img2sixel} --threads=1 --precision=float32 --quality=full '--loaders=builtin!' --sampling-policy=full-frame --binning-policy=hard --quantize-model=kmeans:seed=1:binbits=6 --merge-policy=none --cover-policy=off -Xlinear -Wlinear --diffusion=fs:scan=raster --gpu-policy=off --lookup-policy=none --palette-type=rgb -p 216 --snap-policy=reversible:timing=all:rate=1:channel_l=0.85 --mapfile-output=act:{palette} {input},{lsqa} '--loaders=builtin!' {input} -
85a2674e53a2d7b75c6944b5a87b04ee9ea182b1,macOS-26.5.1-arm64-arm-64bit,natural-snake,natural photograph,216,oklab,OKLab,off,snap off,False,none,off,0.0,0.85,0.992941,2.523101,2.612265,216,648,206,384,0.5925925925925926,0.5925925925925926,1,323179,{img2sixel} --threads=1 --precision=float32 --quality=full '--loaders=builtin!' --sampling-policy=full-frame --binning-policy=hard --quantize-model=kmeans:seed=1:binbits=6 --merge-policy=none --cover-policy=off -Xoklab -Woklab --diffusion=fs:scan=raster --gpu-policy=off --lookup-policy=none --palette-type=rgb -p 216 --snap-policy=none --mapfile-output=act:{palette} {input},{lsqa} '--loaders=builtin!' {input} -
85a2674e53a2d7b75c6944b5a87b04ee9ea182b1,macOS-26.5.1-arm64-arm-64bit,natural-snake,natural photograph,216,oklab,OKLab,nearest-quarter,nearest / all / rate 0.25,True,nearest,all,0.25,0.85,0.993999,2.531067,2.436774,216,648,161,274,0.4228395061728395,0.4228395061728395,1,318621,{img2sixel} --threads=1 --precision=float32 --quality=full '--loaders=builtin!' --sampling-policy=full-frame --binning-policy=hard --quantize-model=kmeans:seed=1:binbits=6 --merge-policy=none --cover-policy=off -Xoklab -Woklab --diffusion=fs:scan=raster --gpu-policy=off --lookup-policy=none --palette-type=rgb -p 216 --snap-policy=nearest:timing=all:rate=0.25:channel_l=0.85 --mapfile-output=act:{palette} {input},{lsqa} '--loaders=builtin!' {input} -
85a2674e53a2d7b75c6944b5a87b04ee9ea182b1,macOS-26.5.1-arm64-arm-64bit,natural-snake,natural photograph,216,oklab,OKLab,nearest-once,nearest / once / rate 1,True,nearest,once,1.0,0.85,0.993851,2.574916,2.487984,216,648,0,0,0.0,0.0,0,325597,{img2sixel} --threads=1 --precision=float32 --quality=full '--loaders=builtin!' --sampling-policy=full-frame --binning-policy=hard --quantize-model=kmeans:seed=1:binbits=6 --merge-policy=none --cover-policy=off -Xoklab -Woklab --diffusion=fs:scan=raster --gpu-policy=off --lookup-policy=none --palette-type=rgb -p 216 --snap-policy=nearest:timing=once:rate=1:channel_l=0.85 --mapfile-output=act:{palette} {input},{lsqa} '--loaders=builtin!' {input} -
85a2674e53a2d7b75c6944b5a87b04ee9ea182b1,macOS-26.5.1-arm64-arm-64bit,natural-snake,natural photograph,216,oklab,OKLab,nearest-all,nearest / all / rate 1,True,nearest,all,1.0,0.85,0.993898,2.496935,2.377567,216,648,0,0,0.0,0.0,0,320938,{img2sixel} --threads=1 --precision=float32 --quality=full '--loaders=builtin!' --sampling-policy=full-frame --binning-policy=hard --quantize-model=kmeans:seed=1:binbits=6 --merge-policy=none --cover-policy=off -Xoklab -Woklab --diffusion=fs:scan=raster --gpu-policy=off --lookup-policy=none --palette-type=rgb -p 216 --snap-policy=nearest:timing=all:rate=1:channel_l=0.85 --mapfile-output=act:{palette} {input},{lsqa} '--loaders=builtin!' {input} -
85a2674e53a2d7b75c6944b5a87b04ee9ea182b1,macOS-26.5.1-arm64-arm-64bit,natural-snake,natural photograph,216,oklab,OKLab,reversible-all,reversible / all / rate 1,True,reversible,all,1.0,0.85,0.993941,2.483112,2.522911,216,648,0,0,0.0,0.0,0,316774,{img2sixel} --threads=1 --precision=float32 --quality=full '--loaders=builtin!' --sampling-policy=full-frame --binning-policy=hard --quantize-model=kmeans:seed=1:binbits=6 --merge-policy=none --cover-policy=off -Xoklab -Woklab --diffusion=fs:scan=raster --gpu-policy=off --lookup-policy=none --palette-type=rgb -p 216 --snap-policy=reversible:timing=all:rate=1:channel_l=0.85 --mapfile-output=act:{palette} {input},{lsqa} '--loaders=builtin!' {input} -
85a2674e53a2d7b75c6944b5a87b04ee9ea182b1,macOS-26.5.1-arm64-arm-64bit,natural-snake,natural photograph,216,cielab,CIELAB,off,snap off,False,none,off,0.0,0.85,0.986792,2.361469,1.739213,216,648,200,385,0.5941358024691358,0.5941358024691358,1,321674,{img2sixel} --threads=1 --precision=float32 --quality=full '--loaders=builtin!' --sampling-policy=full-frame --binning-policy=hard --quantize-model=kmeans:seed=1:binbits=6 --merge-policy=none --cover-policy=off -Xcielab -Wcielab --diffusion=fs:scan=raster --gpu-policy=off --lookup-policy=none --palette-type=rgb -p 216 --snap-policy=none --mapfile-output=act:{palette} {input},{lsqa} '--loaders=builtin!' {input} -
85a2674e53a2d7b75c6944b5a87b04ee9ea182b1,macOS-26.5.1-arm64-arm-64bit,natural-snake,natural photograph,216,cielab,CIELAB,nearest-quarter,nearest / all / rate 0.25,True,nearest,all,0.25,0.85,0.987284,2.294825,1.719977,216,648,145,223,0.3441358024691358,0.3441358024691358,1,320566,{img2sixel} --threads=1 --precision=float32 --quality=full '--loaders=builtin!' --sampling-policy=full-frame --binning-policy=hard --quantize-model=kmeans:seed=1:binbits=6 --merge-policy=none --cover-policy=off -Xcielab -Wcielab --diffusion=fs:scan=raster --gpu-policy=off --lookup-policy=none --palette-type=rgb -p 216 --snap-policy=nearest:timing=all:rate=0.25:channel_l=0.85 --mapfile-output=act:{palette} {input},{lsqa} '--loaders=builtin!' {input} -
85a2674e53a2d7b75c6944b5a87b04ee9ea182b1,macOS-26.5.1-arm64-arm-64bit,natural-snake,natural photograph,216,cielab,CIELAB,nearest-once,nearest / once / rate 1,True,nearest,once,1.0,0.85,0.986776,2.284789,1.707805,216,648,0,0,0.0,0.0,0,325407,{img2sixel} --threads=1 --precision=float32 --quality=full '--loaders=builtin!' --sampling-policy=full-frame --binning-policy=hard --quantize-model=kmeans:seed=1:binbits=6 --merge-policy=none --cover-policy=off -Xcielab -Wcielab --diffusion=fs:scan=raster --gpu-policy=off --lookup-policy=none --palette-type=rgb -p 216 --snap-policy=nearest:timing=once:rate=1:channel_l=0.85 --mapfile-output=act:{palette} {input},{lsqa} '--loaders=builtin!' {input} -
85a2674e53a2d7b75c6944b5a87b04ee9ea182b1,macOS-26.5.1-arm64-arm-64bit,natural-snake,natural photograph,216,cielab,CIELAB,nearest-all,nearest / all / rate 1,True,nearest,all,1.0,0.85,0.987572,2.262406,1.711255,216,648,0,0,0.0,0.0,0,324787,{img2sixel} --threads=1 --precision=float32 --quality=full '--loaders=builtin!' --sampling-policy=full-frame --binning-policy=hard --quantize-model=kmeans:seed=1:binbits=6 --merge-policy=none --cover-policy=off -Xcielab -Wcielab --diffusion=fs:scan=raster --gpu-policy=off --lookup-policy=none --palette-type=rgb -p 216 --snap-policy=nearest:timing=all:rate=1:channel_l=0.85 --mapfile-output=act:{palette} {input},{lsqa} '--loaders=builtin!' {input} -
85a2674e53a2d7b75c6944b5a87b04ee9ea182b1,macOS-26.5.1-arm64-arm-64bit,natural-snake,natural photograph,216,cielab,CIELAB,reversible-all,reversible / all / rate 1,True,reversible,all,1.0,0.85,0.986823,2.26871,1.741268,216,648,0,0,0.0,0.0,0,321356,{img2sixel} --threads=1 --precision=float32 --quality=full '--loaders=builtin!' --sampling-policy=full-frame --binning-policy=hard --quantize-model=kmeans:seed=1:binbits=6 --merge-policy=none --cover-policy=off -Xcielab -Wcielab --diffusion=fs:scan=raster --gpu-policy=off --lookup-policy=none --palette-type=rgb -p 216 --snap-policy=reversible:timing=all:rate=1:channel_l=0.85 --mapfile-output=act:{palette} {input},{lsqa} '--loaders=builtin!' {input} -
85a2674e53a2d7b75c6944b5a87b04ee9ea182b1,macOS-26.5.1-arm64-arm-64bit,natural-snake,natural photograph,216,din99d,DIN99d,off,snap off,False,none,off,0.0,0.85,0.987567,2.245616,2.162657,216,648,210,406,0.6265432098765432,0.6265432098765432,1,314432,{img2sixel} --threads=1 --precision=float32 --quality=full '--loaders=builtin!' --sampling-policy=full-frame --binning-policy=hard --quantize-model=kmeans:seed=1:binbits=6 --merge-policy=none --cover-policy=off -Xdin99d -Wdin99d --diffusion=fs:scan=raster --gpu-policy=off --lookup-policy=none --palette-type=rgb -p 216 --snap-policy=none --mapfile-output=act:{palette} {input},{lsqa} '--loaders=builtin!' {input} -
85a2674e53a2d7b75c6944b5a87b04ee9ea182b1,macOS-26.5.1-arm64-arm-64bit,natural-snake,natural photograph,216,din99d,DIN99d,nearest-quarter,nearest / all / rate 0.25,True,nearest,all,0.25,0.85,0.98808,2.140848,2.104728,216,648,145,219,0.33796296296296297,0.33796296296296297,1,318576,{img2sixel} --threads=1 --precision=float32 --quality=full '--loaders=builtin!' --sampling-policy=full-frame --binning-policy=hard --quantize-model=kmeans:seed=1:binbits=6 --merge-policy=none --cover-policy=off -Xdin99d -Wdin99d --diffusion=fs:scan=raster --gpu-policy=off --lookup-policy=none --palette-type=rgb -p 216 --snap-policy=nearest:timing=all:rate=0.25:channel_l=0.85 --mapfile-output=act:{palette} {input},{lsqa} '--loaders=builtin!' {input} -
85a2674e53a2d7b75c6944b5a87b04ee9ea182b1,macOS-26.5.1-arm64-arm-64bit,natural-snake,natural photograph,216,din99d,DIN99d,nearest-once,nearest / once / rate 1,True,nearest,once,1.0,0.85,0.987799,2.173543,2.091675,216,648,0,0,0.0,0.0,0,320563,{img2sixel} --threads=1 --precision=float32 --quality=full '--loaders=builtin!' --sampling-policy=full-frame --binning-policy=hard --quantize-model=kmeans:seed=1:binbits=6 --merge-policy=none --cover-policy=off -Xdin99d -Wdin99d --diffusion=fs:scan=raster --gpu-policy=off --lookup-policy=none --palette-type=rgb -p 216 --snap-policy=nearest:timing=once:rate=1:channel_l=0.85 --mapfile-output=act:{palette} {input},{lsqa} '--loaders=builtin!' {input} -
85a2674e53a2d7b75c6944b5a87b04ee9ea182b1,macOS-26.5.1-arm64-arm-64bit,natural-snake,natural photograph,216,din99d,DIN99d,nearest-all,nearest / all / rate 1,True,nearest,all,1.0,0.85,0.987281,2.209913,2.157392,216,648,0,0,0.0,0.0,0,319436,{img2sixel} --threads=1 --precision=float32 --quality=full '--loaders=builtin!' --sampling-policy=full-frame --binning-policy=hard --quantize-model=kmeans:seed=1:binbits=6 --merge-policy=none --cover-policy=off -Xdin99d -Wdin99d --diffusion=fs:scan=raster --gpu-policy=off --lookup-policy=none --palette-type=rgb -p 216 --snap-policy=nearest:timing=all:rate=1:channel_l=0.85 --mapfile-output=act:{palette} {input},{lsqa} '--loaders=builtin!' {input} -
85a2674e53a2d7b75c6944b5a87b04ee9ea182b1,macOS-26.5.1-arm64-arm-64bit,natural-snake,natural photograph,216,din99d,DIN99d,reversible-all,reversible / all / rate 1,True,reversible,all,1.0,0.85,0.985993,2.252947,2.204752,216,648,0,0,0.0,0.0,0,314082,{img2sixel} --threads=1 --precision=float32 --quality=full '--loaders=builtin!' --sampling-policy=full-frame --binning-policy=hard --quantize-model=kmeans:seed=1:binbits=6 --merge-policy=none --cover-policy=off -Xdin99d -Wdin99d --diffusion=fs:scan=raster --gpu-policy=off --lookup-policy=none --palette-type=rgb -p 216 --snap-policy=reversible:timing=all:rate=1:channel_l=0.85 --mapfile-output=act:{palette} {input},{lsqa} '--loaders=builtin!' {input} -
85a2674e53a2d7b75c6944b5a87b04ee9ea182b1,macOS-26.5.1-arm64-arm-64bit,natural-snake,natural photograph,218,gamma,sRGB gamma,off,snap off,False,none,off,0.0,0.85,0.989755,2.365395,1.938292,218,654,208,419,0.6406727828746177,0.6406727828746177,1,294849,{img2sixel} --threads=1 --precision=float32 --quality=full '--loaders=builtin!' --sampling-policy=full-frame --binning-policy=hard --quantize-model=kmeans:seed=1:binbits=6 --merge-policy=none --cover-policy=off -Xgamma -Wgamma --diffusion=fs:scan=raster --gpu-policy=off --lookup-policy=none --palette-type=rgb -p 218 --snap-policy=none --mapfile-output=act:{palette} {input},{lsqa} '--loaders=builtin!' {input} -
85a2674e53a2d7b75c6944b5a87b04ee9ea182b1,macOS-26.5.1-arm64-arm-64bit,natural-snake,natural photograph,218,gamma,sRGB gamma,nearest-quarter,nearest / all / rate 0.25,True,nearest,all,0.25,0.85,0.990095,2.369935,1.9494,218,654,145,193,0.29510703363914376,0.29510703363914376,1,296410,{img2sixel} --threads=1 --precision=float32 --quality=full '--loaders=builtin!' --sampling-policy=full-frame --binning-policy=hard --quantize-model=kmeans:seed=1:binbits=6 --merge-policy=none --cover-policy=off -Xgamma -Wgamma --diffusion=fs:scan=raster --gpu-policy=off --lookup-policy=none --palette-type=rgb -p 218 --snap-policy=nearest:timing=all:rate=0.25:channel_l=0.85 --mapfile-output=act:{palette} {input},{lsqa} '--loaders=builtin!' {input} -
85a2674e53a2d7b75c6944b5a87b04ee9ea182b1,macOS-26.5.1-arm64-arm-64bit,natural-snake,natural photograph,218,gamma,sRGB gamma,nearest-once,nearest / once / rate 1,True,nearest,once,1.0,0.85,0.989748,2.345569,1.974339,218,654,0,0,0.0,0.0,0,300156,{img2sixel} --threads=1 --precision=float32 --quality=full '--loaders=builtin!' --sampling-policy=full-frame --binning-policy=hard --quantize-model=kmeans:seed=1:binbits=6 --merge-policy=none --cover-policy=off -Xgamma -Wgamma --diffusion=fs:scan=raster --gpu-policy=off --lookup-policy=none --palette-type=rgb -p 218 --snap-policy=nearest:timing=once:rate=1:channel_l=0.85 --mapfile-output=act:{palette} {input},{lsqa} '--loaders=builtin!' {input} -
85a2674e53a2d7b75c6944b5a87b04ee9ea182b1,macOS-26.5.1-arm64-arm-64bit,natural-snake,natural photograph,218,gamma,sRGB gamma,nearest-all,nearest / all / rate 1,True,nearest,all,1.0,0.85,0.988834,2.391296,1.973317,218,654,0,0,0.0,0.0,0,297406,{img2sixel} --threads=1 --precision=float32 --quality=full '--loaders=builtin!' --sampling-policy=full-frame --binning-policy=hard --quantize-model=kmeans:seed=1:binbits=6 --merge-policy=none --cover-policy=off -Xgamma -Wgamma --diffusion=fs:scan=raster --gpu-policy=off --lookup-policy=none --palette-type=rgb -p 218 --snap-policy=nearest:timing=all:rate=1:channel_l=0.85 --mapfile-output=act:{palette} {input},{lsqa} '--loaders=builtin!' {input} -
85a2674e53a2d7b75c6944b5a87b04ee9ea182b1,macOS-26.5.1-arm64-arm-64bit,natural-snake,natural photograph,218,gamma,sRGB gamma,reversible-all,reversible / all / rate 1,True,reversible,all,1.0,0.85,0.98767,2.493332,2.002169,218,654,0,0,0.0,0.0,0,295514,{img2sixel} --threads=1 --precision=float32 --quality=full '--loaders=builtin!' --sampling-policy=full-frame --binning-policy=hard --quantize-model=kmeans:seed=1:binbits=6 --merge-policy=none --cover-policy=off -Xgamma -Wgamma --diffusion=fs:scan=raster --gpu-policy=off --lookup-policy=none --palette-type=rgb -p 218 --snap-policy=reversible:timing=all:rate=1:channel_l=0.85 --mapfile-output=act:{palette} {input},{lsqa} '--loaders=builtin!' {input} -
85a2674e53a2d7b75c6944b5a87b04ee9ea182b1,macOS-26.5.1-arm64-arm-64bit,natural-snake,natural photograph,218,linear,linear RGB,off,snap off,False,none,off,0.0,0.85,0.991784,2.440576,2.746347,218,654,206,381,0.5825688073394495,0.5825688073394495,1,320735,{img2sixel} --threads=1 --precision=float32 --quality=full '--loaders=builtin!' --sampling-policy=full-frame --binning-policy=hard --quantize-model=kmeans:seed=1:binbits=6 --merge-policy=none --cover-policy=off -Xlinear -Wlinear --diffusion=fs:scan=raster --gpu-policy=off --lookup-policy=none --palette-type=rgb -p 218 --snap-policy=none --mapfile-output=act:{palette} {input},{lsqa} '--loaders=builtin!' {input} -
85a2674e53a2d7b75c6944b5a87b04ee9ea182b1,macOS-26.5.1-arm64-arm-64bit,natural-snake,natural photograph,218,linear,linear RGB,nearest-quarter,nearest / all / rate 0.25,True,nearest,all,0.25,0.85,0.991724,2.361726,2.677161,218,654,132,171,0.26146788990825687,0.26146788990825687,1,320362,{img2sixel} --threads=1 --precision=float32 --quality=full '--loaders=builtin!' --sampling-policy=full-frame --binning-policy=hard --quantize-model=kmeans:seed=1:binbits=6 --merge-policy=none --cover-policy=off -Xlinear -Wlinear --diffusion=fs:scan=raster --gpu-policy=off --lookup-policy=none --palette-type=rgb -p 218 --snap-policy=nearest:timing=all:rate=0.25:channel_l=0.85 --mapfile-output=act:{palette} {input},{lsqa} '--loaders=builtin!' {input} -
85a2674e53a2d7b75c6944b5a87b04ee9ea182b1,macOS-26.5.1-arm64-arm-64bit,natural-snake,natural photograph,218,linear,linear RGB,nearest-once,nearest / once / rate 1,True,nearest,once,1.0,0.85,0.991889,2.312305,2.642169,218,654,0,0,0.0,0.0,0,322259,{img2sixel} --threads=1 --precision=float32 --quality=full '--loaders=builtin!' --sampling-policy=full-frame --binning-policy=hard --quantize-model=kmeans:seed=1:binbits=6 --merge-policy=none --cover-policy=off -Xlinear -Wlinear --diffusion=fs:scan=raster --gpu-policy=off --lookup-policy=none --palette-type=rgb -p 218 --snap-policy=nearest:timing=once:rate=1:channel_l=0.85 --mapfile-output=act:{palette} {input},{lsqa} '--loaders=builtin!' {input} -
85a2674e53a2d7b75c6944b5a87b04ee9ea182b1,macOS-26.5.1-arm64-arm-64bit,natural-snake,natural photograph,218,linear,linear RGB,nearest-all,nearest / all / rate 1,True,nearest,all,1.0,0.85,0.991253,2.373403,2.694335,218,654,0,0,0.0,0.0,0,324391,{img2sixel} --threads=1 --precision=float32 --quality=full '--loaders=builtin!' --sampling-policy=full-frame --binning-policy=hard --quantize-model=kmeans:seed=1:binbits=6 --merge-policy=none --cover-policy=off -Xlinear -Wlinear --diffusion=fs:scan=raster --gpu-policy=off --lookup-policy=none --palette-type=rgb -p 218 --snap-policy=nearest:timing=all:rate=1:channel_l=0.85 --mapfile-output=act:{palette} {input},{lsqa} '--loaders=builtin!' {input} -
85a2674e53a2d7b75c6944b5a87b04ee9ea182b1,macOS-26.5.1-arm64-arm-64bit,natural-snake,natural photograph,218,linear,linear RGB,reversible-all,reversible / all / rate 1,True,reversible,all,1.0,0.85,0.991122,2.405582,2.721179,218,654,0,0,0.0,0.0,0,323947,{img2sixel} --threads=1 --precision=float32 --quality=full '--loaders=builtin!' --sampling-policy=full-frame --binning-policy=hard --quantize-model=kmeans:seed=1:binbits=6 --merge-policy=none --cover-policy=off -Xlinear -Wlinear --diffusion=fs:scan=raster --gpu-policy=off --lookup-policy=none --palette-type=rgb -p 218 --snap-policy=reversible:timing=all:rate=1:channel_l=0.85 --mapfile-output=act:{palette} {input},{lsqa} '--loaders=builtin!' {input} -
85a2674e53a2d7b75c6944b5a87b04ee9ea182b1,macOS-26.5.1-arm64-arm-64bit,natural-snake,natural photograph,218,oklab,OKLab,off,snap off,False,none,off,0.0,0.85,0.992947,2.518777,2.587237,218,654,208,391,0.5978593272171254,0.5978593272171254,1,325104,{img2sixel} --threads=1 --precision=float32 --quality=full '--loaders=builtin!' --sampling-policy=full-frame --binning-policy=hard --quantize-model=kmeans:seed=1:binbits=6 --merge-policy=none --cover-policy=off -Xoklab -Woklab --diffusion=fs:scan=raster --gpu-policy=off --lookup-policy=none --palette-type=rgb -p 218 --snap-policy=none --mapfile-output=act:{palette} {input},{lsqa} '--loaders=builtin!' {input} -
85a2674e53a2d7b75c6944b5a87b04ee9ea182b1,macOS-26.5.1-arm64-arm-64bit,natural-snake,natural photograph,218,oklab,OKLab,nearest-quarter,nearest / all / rate 0.25,True,nearest,all,0.25,0.85,0.993948,2.529877,2.429429,218,654,163,280,0.42813455657492355,0.42813455657492355,1,320372,{img2sixel} --threads=1 --precision=float32 --quality=full '--loaders=builtin!' --sampling-policy=full-frame --binning-policy=hard --quantize-model=kmeans:seed=1:binbits=6 --merge-policy=none --cover-policy=off -Xoklab -Woklab --diffusion=fs:scan=raster --gpu-policy=off --lookup-policy=none --palette-type=rgb -p 218 --snap-policy=nearest:timing=all:rate=0.25:channel_l=0.85 --mapfile-output=act:{palette} {input},{lsqa} '--loaders=builtin!' {input} -
85a2674e53a2d7b75c6944b5a87b04ee9ea182b1,macOS-26.5.1-arm64-arm-64bit,natural-snake,natural photograph,218,oklab,OKLab,nearest-once,nearest / once / rate 1,True,nearest,once,1.0,0.85,0.99378,2.582025,2.474599,218,654,0,0,0.0,0.0,0,326280,{img2sixel} --threads=1 --precision=float32 --quality=full '--loaders=builtin!' --sampling-policy=full-frame --binning-policy=hard --quantize-model=kmeans:seed=1:binbits=6 --merge-policy=none --cover-policy=off -Xoklab -Woklab --diffusion=fs:scan=raster --gpu-policy=off --lookup-policy=none --palette-type=rgb -p 218 --snap-policy=nearest:timing=once:rate=1:channel_l=0.85 --mapfile-output=act:{palette} {input},{lsqa} '--loaders=builtin!' {input} -
85a2674e53a2d7b75c6944b5a87b04ee9ea182b1,macOS-26.5.1-arm64-arm-64bit,natural-snake,natural photograph,218,oklab,OKLab,nearest-all,nearest / all / rate 1,True,nearest,all,1.0,0.85,0.993865,2.497419,2.375266,218,654,0,0,0.0,0.0,0,321155,{img2sixel} --threads=1 --precision=float32 --quality=full '--loaders=builtin!' --sampling-policy=full-frame --binning-policy=hard --quantize-model=kmeans:seed=1:binbits=6 --merge-policy=none --cover-policy=off -Xoklab -Woklab --diffusion=fs:scan=raster --gpu-policy=off --lookup-policy=none --palette-type=rgb -p 218 --snap-policy=nearest:timing=all:rate=1:channel_l=0.85 --mapfile-output=act:{palette} {input},{lsqa} '--loaders=builtin!' {input} -
85a2674e53a2d7b75c6944b5a87b04ee9ea182b1,macOS-26.5.1-arm64-arm-64bit,natural-snake,natural photograph,218,oklab,OKLab,reversible-all,reversible / all / rate 1,True,reversible,all,1.0,0.85,0.994061,2.463879,2.507031,218,654,0,0,0.0,0.0,0,317826,{img2sixel} --threads=1 --precision=float32 --quality=full '--loaders=builtin!' --sampling-policy=full-frame --binning-policy=hard --quantize-model=kmeans:seed=1:binbits=6 --merge-policy=none --cover-policy=off -Xoklab -Woklab --diffusion=fs:scan=raster --gpu-policy=off --lookup-policy=none --palette-type=rgb -p 218 --snap-policy=reversible:timing=all:rate=1:channel_l=0.85 --mapfile-output=act:{palette} {input},{lsqa} '--loaders=builtin!' {input} -
85a2674e53a2d7b75c6944b5a87b04ee9ea182b1,macOS-26.5.1-arm64-arm-64bit,natural-snake,natural photograph,218,cielab,CIELAB,off,snap off,False,none,off,0.0,0.85,0.986795,2.347831,1.737787,218,654,203,396,0.6055045871559633,0.6055045871559633,1,321511,{img2sixel} --threads=1 --precision=float32 --quality=full '--loaders=builtin!' --sampling-policy=full-frame --binning-policy=hard --quantize-model=kmeans:seed=1:binbits=6 --merge-policy=none --cover-policy=off -Xcielab -Wcielab --diffusion=fs:scan=raster --gpu-policy=off --lookup-policy=none --palette-type=rgb -p 218 --snap-policy=none --mapfile-output=act:{palette} {input},{lsqa} '--loaders=builtin!' {input} -
85a2674e53a2d7b75c6944b5a87b04ee9ea182b1,macOS-26.5.1-arm64-arm-64bit,natural-snake,natural photograph,218,cielab,CIELAB,nearest-quarter,nearest / all / rate 0.25,True,nearest,all,0.25,0.85,0.987258,2.289362,1.718839,218,654,146,221,0.3379204892966361,0.3379204892966361,1,321167,{img2sixel} --threads=1 --precision=float32 --quality=full '--loaders=builtin!' --sampling-policy=full-frame --binning-policy=hard --quantize-model=kmeans:seed=1:binbits=6 --merge-policy=none --cover-policy=off -Xcielab -Wcielab --diffusion=fs:scan=raster --gpu-policy=off --lookup-policy=none --palette-type=rgb -p 218 --snap-policy=nearest:timing=all:rate=0.25:channel_l=0.85 --mapfile-output=act:{palette} {input},{lsqa} '--loaders=builtin!' {input} -
85a2674e53a2d7b75c6944b5a87b04ee9ea182b1,macOS-26.5.1-arm64-arm-64bit,natural-snake,natural photograph,218,cielab,CIELAB,nearest-once,nearest / once / rate 1,True,nearest,once,1.0,0.85,0.986826,2.267881,1.697719,218,654,0,0,0.0,0.0,0,326929,{img2sixel} --threads=1 --precision=float32 --quality=full '--loaders=builtin!' --sampling-policy=full-frame --binning-policy=hard --quantize-model=kmeans:seed=1:binbits=6 --merge-policy=none --cover-policy=off -Xcielab -Wcielab --diffusion=fs:scan=raster --gpu-policy=off --lookup-policy=none --palette-type=rgb -p 218 --snap-policy=nearest:timing=once:rate=1:channel_l=0.85 --mapfile-output=act:{palette} {input},{lsqa} '--loaders=builtin!' {input} -
85a2674e53a2d7b75c6944b5a87b04ee9ea182b1,macOS-26.5.1-arm64-arm-64bit,natural-snake,natural photograph,218,cielab,CIELAB,nearest-all,nearest / all / rate 1,True,nearest,all,1.0,0.85,0.987715,2.251457,1.715831,218,654,0,0,0.0,0.0,0,326498,{img2sixel} --threads=1 --precision=float32 --quality=full '--loaders=builtin!' --sampling-policy=full-frame --binning-policy=hard --quantize-model=kmeans:seed=1:binbits=6 --merge-policy=none --cover-policy=off -Xcielab -Wcielab --diffusion=fs:scan=raster --gpu-policy=off --lookup-policy=none --palette-type=rgb -p 218 --snap-policy=nearest:timing=all:rate=1:channel_l=0.85 --mapfile-output=act:{palette} {input},{lsqa} '--loaders=builtin!' {input} -
85a2674e53a2d7b75c6944b5a87b04ee9ea182b1,macOS-26.5.1-arm64-arm-64bit,natural-snake,natural photograph,218,cielab,CIELAB,reversible-all,reversible / all / rate 1,True,reversible,all,1.0,0.85,0.98688,2.256687,1.722611,218,654,0,0,0.0,0.0,0,322290,{img2sixel} --threads=1 --precision=float32 --quality=full '--loaders=builtin!' --sampling-policy=full-frame --binning-policy=hard --quantize-model=kmeans:seed=1:binbits=6 --merge-policy=none --cover-policy=off -Xcielab -Wcielab --diffusion=fs:scan=raster --gpu-policy=off --lookup-policy=none --palette-type=rgb -p 218 --snap-policy=reversible:timing=all:rate=1:channel_l=0.85 --mapfile-output=act:{palette} {input},{lsqa} '--loaders=builtin!' {input} -
85a2674e53a2d7b75c6944b5a87b04ee9ea182b1,macOS-26.5.1-arm64-arm-64bit,natural-snake,natural photograph,218,din99d,DIN99d,off,snap off,False,none,off,0.0,0.85,0.987823,2.218788,2.138517,218,654,211,406,0.6207951070336392,0.6207951070336392,1,317506,{img2sixel} --threads=1 --precision=float32 --quality=full '--loaders=builtin!' --sampling-policy=full-frame --binning-policy=hard --quantize-model=kmeans:seed=1:binbits=6 --merge-policy=none --cover-policy=off -Xdin99d -Wdin99d --diffusion=fs:scan=raster --gpu-policy=off --lookup-policy=none --palette-type=rgb -p 218 --snap-policy=none --mapfile-output=act:{palette} {input},{lsqa} '--loaders=builtin!' {input} -
85a2674e53a2d7b75c6944b5a87b04ee9ea182b1,macOS-26.5.1-arm64-arm-64bit,natural-snake,natural photograph,218,din99d,DIN99d,nearest-quarter,nearest / all / rate 0.25,True,nearest,all,0.25,0.85,0.988183,2.13596,2.093742,218,654,147,228,0.3486238532110092,0.3486238532110092,1,318637,{img2sixel} --threads=1 --precision=float32 --quality=full '--loaders=builtin!' --sampling-policy=full-frame --binning-policy=hard --quantize-model=kmeans:seed=1:binbits=6 --merge-policy=none --cover-policy=off -Xdin99d -Wdin99d --diffusion=fs:scan=raster --gpu-policy=off --lookup-policy=none --palette-type=rgb -p 218 --snap-policy=nearest:timing=all:rate=0.25:channel_l=0.85 --mapfile-output=act:{palette} {input},{lsqa} '--loaders=builtin!' {input} -
85a2674e53a2d7b75c6944b5a87b04ee9ea182b1,macOS-26.5.1-arm64-arm-64bit,natural-snake,natural photograph,218,din99d,DIN99d,nearest-once,nearest / once / rate 1,True,nearest,once,1.0,0.85,0.987913,2.161207,2.064408,218,654,0,0,0.0,0.0,0,324008,{img2sixel} --threads=1 --precision=float32 --quality=full '--loaders=builtin!' --sampling-policy=full-frame --binning-policy=hard --quantize-model=kmeans:seed=1:binbits=6 --merge-policy=none --cover-policy=off -Xdin99d -Wdin99d --diffusion=fs:scan=raster --gpu-policy=off --lookup-policy=none --palette-type=rgb -p 218 --snap-policy=nearest:timing=once:rate=1:channel_l=0.85 --mapfile-output=act:{palette} {input},{lsqa} '--loaders=builtin!' {input} -
85a2674e53a2d7b75c6944b5a87b04ee9ea182b1,macOS-26.5.1-arm64-arm-64bit,natural-snake,natural photograph,218,din99d,DIN99d,nearest-all,nearest / all / rate 1,True,nearest,all,1.0,0.85,0.987461,2.181346,2.103912,218,654,0,0,0.0,0.0,0,319927,{img2sixel} --threads=1 --precision=float32 --quality=full '--loaders=builtin!' --sampling-policy=full-frame --binning-policy=hard --quantize-model=kmeans:seed=1:binbits=6 --merge-policy=none --cover-policy=off -Xdin99d -Wdin99d --diffusion=fs:scan=raster --gpu-policy=off --lookup-policy=none --palette-type=rgb -p 218 --snap-policy=nearest:timing=all:rate=1:channel_l=0.85 --mapfile-output=act:{palette} {input},{lsqa} '--loaders=builtin!' {input} -
85a2674e53a2d7b75c6944b5a87b04ee9ea182b1,macOS-26.5.1-arm64-arm-64bit,natural-snake,natural photograph,218,din99d,DIN99d,reversible-all,reversible / all / rate 1,True,reversible,all,1.0,0.85,0.986505,2.222117,2.189688,218,654,0,0,0.0,0.0,0,315867,{img2sixel} --threads=1 --precision=float32 --quality=full '--loaders=builtin!' --sampling-policy=full-frame --binning-policy=hard --quantize-model=kmeans:seed=1:binbits=6 --merge-policy=none --cover-policy=off -Xdin99d -Wdin99d --diffusion=fs:scan=raster --gpu-policy=off --lookup-policy=none --palette-type=rgb -p 218 --snap-policy=reversible:timing=all:rate=1:channel_l=0.85 --mapfile-output=act:{palette} {input},{lsqa} '--loaders=builtin!' {input} -
85a2674e53a2d7b75c6944b5a87b04ee9ea182b1,macOS-26.5.1-arm64-arm-64bit,natural-snake,natural photograph,220,gamma,sRGB gamma,off,snap off,False,none,off,0.0,0.85,0.989861,2.36766,1.944497,220,660,207,422,0.6393939393939394,0.6393939393939394,1,296882,{img2sixel} --threads=1 --precision=float32 --quality=full '--loaders=builtin!' --sampling-policy=full-frame --binning-policy=hard --quantize-model=kmeans:seed=1:binbits=6 --merge-policy=none --cover-policy=off -Xgamma -Wgamma --diffusion=fs:scan=raster --gpu-policy=off --lookup-policy=none --palette-type=rgb -p 220 --snap-policy=none --mapfile-output=act:{palette} {input},{lsqa} '--loaders=builtin!' {input} -
85a2674e53a2d7b75c6944b5a87b04ee9ea182b1,macOS-26.5.1-arm64-arm-64bit,natural-snake,natural photograph,220,gamma,sRGB gamma,nearest-quarter,nearest / all / rate 0.25,True,nearest,all,0.25,0.85,0.990009,2.350119,1.963145,220,660,148,192,0.2909090909090909,0.2909090909090909,1,297479,{img2sixel} --threads=1 --precision=float32 --quality=full '--loaders=builtin!' --sampling-policy=full-frame --binning-policy=hard --quantize-model=kmeans:seed=1:binbits=6 --merge-policy=none --cover-policy=off -Xgamma -Wgamma --diffusion=fs:scan=raster --gpu-policy=off --lookup-policy=none --palette-type=rgb -p 220 --snap-policy=nearest:timing=all:rate=0.25:channel_l=0.85 --mapfile-output=act:{palette} {input},{lsqa} '--loaders=builtin!' {input} -
85a2674e53a2d7b75c6944b5a87b04ee9ea182b1,macOS-26.5.1-arm64-arm-64bit,natural-snake,natural photograph,220,gamma,sRGB gamma,nearest-once,nearest / once / rate 1,True,nearest,once,1.0,0.85,0.989806,2.343269,1.967578,220,660,0,0,0.0,0.0,0,302404,{img2sixel} --threads=1 --precision=float32 --quality=full '--loaders=builtin!' --sampling-policy=full-frame --binning-policy=hard --quantize-model=kmeans:seed=1:binbits=6 --merge-policy=none --cover-policy=off -Xgamma -Wgamma --diffusion=fs:scan=raster --gpu-policy=off --lookup-policy=none --palette-type=rgb -p 220 --snap-policy=nearest:timing=once:rate=1:channel_l=0.85 --mapfile-output=act:{palette} {input},{lsqa} '--loaders=builtin!' {input} -
85a2674e53a2d7b75c6944b5a87b04ee9ea182b1,macOS-26.5.1-arm64-arm-64bit,natural-snake,natural photograph,220,gamma,sRGB gamma,nearest-all,nearest / all / rate 1,True,nearest,all,1.0,0.85,0.988915,2.380442,1.961434,220,660,0,0,0.0,0.0,0,298924,{img2sixel} --threads=1 --precision=float32 --quality=full '--loaders=builtin!' --sampling-policy=full-frame --binning-policy=hard --quantize-model=kmeans:seed=1:binbits=6 --merge-policy=none --cover-policy=off -Xgamma -Wgamma --diffusion=fs:scan=raster --gpu-policy=off --lookup-policy=none --palette-type=rgb -p 220 --snap-policy=nearest:timing=all:rate=1:channel_l=0.85 --mapfile-output=act:{palette} {input},{lsqa} '--loaders=builtin!' {input} -
85a2674e53a2d7b75c6944b5a87b04ee9ea182b1,macOS-26.5.1-arm64-arm-64bit,natural-snake,natural photograph,220,gamma,sRGB gamma,reversible-all,reversible / all / rate 1,True,reversible,all,1.0,0.85,0.987716,2.487637,2.008813,220,660,0,0,0.0,0.0,0,297015,{img2sixel} --threads=1 --precision=float32 --quality=full '--loaders=builtin!' --sampling-policy=full-frame --binning-policy=hard --quantize-model=kmeans:seed=1:binbits=6 --merge-policy=none --cover-policy=off -Xgamma -Wgamma --diffusion=fs:scan=raster --gpu-policy=off --lookup-policy=none --palette-type=rgb -p 220 --snap-policy=reversible:timing=all:rate=1:channel_l=0.85 --mapfile-output=act:{palette} {input},{lsqa} '--loaders=builtin!' {input} -
85a2674e53a2d7b75c6944b5a87b04ee9ea182b1,macOS-26.5.1-arm64-arm-64bit,natural-snake,natural photograph,220,linear,linear RGB,off,snap off,False,none,off,0.0,0.85,0.991915,2.43519,2.74468,220,660,209,380,0.5757575757575758,0.5757575757575758,1,322204,{img2sixel} --threads=1 --precision=float32 --quality=full '--loaders=builtin!' --sampling-policy=full-frame --binning-policy=hard --quantize-model=kmeans:seed=1:binbits=6 --merge-policy=none --cover-policy=off -Xlinear -Wlinear --diffusion=fs:scan=raster --gpu-policy=off --lookup-policy=none --palette-type=rgb -p 220 --snap-policy=none --mapfile-output=act:{palette} {input},{lsqa} '--loaders=builtin!' {input} -
85a2674e53a2d7b75c6944b5a87b04ee9ea182b1,macOS-26.5.1-arm64-arm-64bit,natural-snake,natural photograph,220,linear,linear RGB,nearest-quarter,nearest / all / rate 0.25,True,nearest,all,0.25,0.85,0.991862,2.355767,2.68063,220,660,126,166,0.2515151515151515,0.2515151515151515,1,321424,{img2sixel} --threads=1 --precision=float32 --quality=full '--loaders=builtin!' --sampling-policy=full-frame --binning-policy=hard --quantize-model=kmeans:seed=1:binbits=6 --merge-policy=none --cover-policy=off -Xlinear -Wlinear --diffusion=fs:scan=raster --gpu-policy=off --lookup-policy=none --palette-type=rgb -p 220 --snap-policy=nearest:timing=all:rate=0.25:channel_l=0.85 --mapfile-output=act:{palette} {input},{lsqa} '--loaders=builtin!' {input} -
85a2674e53a2d7b75c6944b5a87b04ee9ea182b1,macOS-26.5.1-arm64-arm-64bit,natural-snake,natural photograph,220,linear,linear RGB,nearest-once,nearest / once / rate 1,True,nearest,once,1.0,0.85,0.992142,2.307649,2.639956,220,660,0,0,0.0,0.0,0,323393,{img2sixel} --threads=1 --precision=float32 --quality=full '--loaders=builtin!' --sampling-policy=full-frame --binning-policy=hard --quantize-model=kmeans:seed=1:binbits=6 --merge-policy=none --cover-policy=off -Xlinear -Wlinear --diffusion=fs:scan=raster --gpu-policy=off --lookup-policy=none --palette-type=rgb -p 220 --snap-policy=nearest:timing=once:rate=1:channel_l=0.85 --mapfile-output=act:{palette} {input},{lsqa} '--loaders=builtin!' {input} -
85a2674e53a2d7b75c6944b5a87b04ee9ea182b1,macOS-26.5.1-arm64-arm-64bit,natural-snake,natural photograph,220,linear,linear RGB,nearest-all,nearest / all / rate 1,True,nearest,all,1.0,0.85,0.991643,2.362291,2.684693,220,660,0,0,0.0,0.0,0,324853,{img2sixel} --threads=1 --precision=float32 --quality=full '--loaders=builtin!' --sampling-policy=full-frame --binning-policy=hard --quantize-model=kmeans:seed=1:binbits=6 --merge-policy=none --cover-policy=off -Xlinear -Wlinear --diffusion=fs:scan=raster --gpu-policy=off --lookup-policy=none --palette-type=rgb -p 220 --snap-policy=nearest:timing=all:rate=1:channel_l=0.85 --mapfile-output=act:{palette} {input},{lsqa} '--loaders=builtin!' {input} -
85a2674e53a2d7b75c6944b5a87b04ee9ea182b1,macOS-26.5.1-arm64-arm-64bit,natural-snake,natural photograph,220,linear,linear RGB,reversible-all,reversible / all / rate 1,True,reversible,all,1.0,0.85,0.991348,2.402988,2.722068,220,660,0,0,0.0,0.0,0,324671,{img2sixel} --threads=1 --precision=float32 --quality=full '--loaders=builtin!' --sampling-policy=full-frame --binning-policy=hard --quantize-model=kmeans:seed=1:binbits=6 --merge-policy=none --cover-policy=off -Xlinear -Wlinear --diffusion=fs:scan=raster --gpu-policy=off --lookup-policy=none --palette-type=rgb -p 220 --snap-policy=reversible:timing=all:rate=1:channel_l=0.85 --mapfile-output=act:{palette} {input},{lsqa} '--loaders=builtin!' {input} -
85a2674e53a2d7b75c6944b5a87b04ee9ea182b1,macOS-26.5.1-arm64-arm-64bit,natural-snake,natural photograph,220,oklab,OKLab,off,snap off,False,none,off,0.0,0.85,0.993411,2.507851,2.523894,220,660,212,400,0.6060606060606061,0.6060606060606061,1,327937,{img2sixel} --threads=1 --precision=float32 --quality=full '--loaders=builtin!' --sampling-policy=full-frame --binning-policy=hard --quantize-model=kmeans:seed=1:binbits=6 --merge-policy=none --cover-policy=off -Xoklab -Woklab --diffusion=fs:scan=raster --gpu-policy=off --lookup-policy=none --palette-type=rgb -p 220 --snap-policy=none --mapfile-output=act:{palette} {input},{lsqa} '--loaders=builtin!' {input} -
85a2674e53a2d7b75c6944b5a87b04ee9ea182b1,macOS-26.5.1-arm64-arm-64bit,natural-snake,natural photograph,220,oklab,OKLab,nearest-quarter,nearest / all / rate 0.25,True,nearest,all,0.25,0.85,0.993901,2.529731,2.427684,220,660,163,274,0.41515151515151516,0.41515151515151516,1,321805,{img2sixel} --threads=1 --precision=float32 --quality=full '--loaders=builtin!' --sampling-policy=full-frame --binning-policy=hard --quantize-model=kmeans:seed=1:binbits=6 --merge-policy=none --cover-policy=off -Xoklab -Woklab --diffusion=fs:scan=raster --gpu-policy=off --lookup-policy=none --palette-type=rgb -p 220 --snap-policy=nearest:timing=all:rate=0.25:channel_l=0.85 --mapfile-output=act:{palette} {input},{lsqa} '--loaders=builtin!' {input} -
85a2674e53a2d7b75c6944b5a87b04ee9ea182b1,macOS-26.5.1-arm64-arm-64bit,natural-snake,natural photograph,220,oklab,OKLab,nearest-once,nearest / once / rate 1,True,nearest,once,1.0,0.85,0.994079,2.548618,2.470112,220,660,0,0,0.0,0.0,0,326651,{img2sixel} --threads=1 --precision=float32 --quality=full '--loaders=builtin!' --sampling-policy=full-frame --binning-policy=hard --quantize-model=kmeans:seed=1:binbits=6 --merge-policy=none --cover-policy=off -Xoklab -Woklab --diffusion=fs:scan=raster --gpu-policy=off --lookup-policy=none --palette-type=rgb -p 220 --snap-policy=nearest:timing=once:rate=1:channel_l=0.85 --mapfile-output=act:{palette} {input},{lsqa} '--loaders=builtin!' {input} -
85a2674e53a2d7b75c6944b5a87b04ee9ea182b1,macOS-26.5.1-arm64-arm-64bit,natural-snake,natural photograph,220,oklab,OKLab,nearest-all,nearest / all / rate 1,True,nearest,all,1.0,0.85,0.993878,2.488878,2.375004,220,660,0,0,0.0,0.0,0,322429,{img2sixel} --threads=1 --precision=float32 --quality=full '--loaders=builtin!' --sampling-policy=full-frame --binning-policy=hard --quantize-model=kmeans:seed=1:binbits=6 --merge-policy=none --cover-policy=off -Xoklab -Woklab --diffusion=fs:scan=raster --gpu-policy=off --lookup-policy=none --palette-type=rgb -p 220 --snap-policy=nearest:timing=all:rate=1:channel_l=0.85 --mapfile-output=act:{palette} {input},{lsqa} '--loaders=builtin!' {input} -
85a2674e53a2d7b75c6944b5a87b04ee9ea182b1,macOS-26.5.1-arm64-arm-64bit,natural-snake,natural photograph,220,oklab,OKLab,reversible-all,reversible / all / rate 1,True,reversible,all,1.0,0.85,0.993918,2.473036,2.490786,220,660,0,0,0.0,0.0,0,321241,{img2sixel} --threads=1 --precision=float32 --quality=full '--loaders=builtin!' --sampling-policy=full-frame --binning-policy=hard --quantize-model=kmeans:seed=1:binbits=6 --merge-policy=none --cover-policy=off -Xoklab -Woklab --diffusion=fs:scan=raster --gpu-policy=off --lookup-policy=none --palette-type=rgb -p 220 --snap-policy=reversible:timing=all:rate=1:channel_l=0.85 --mapfile-output=act:{palette} {input},{lsqa} '--loaders=builtin!' {input} -
85a2674e53a2d7b75c6944b5a87b04ee9ea182b1,macOS-26.5.1-arm64-arm-64bit,natural-snake,natural photograph,220,cielab,CIELAB,off,snap off,False,none,off,0.0,0.85,0.98682,2.346054,1.72559,220,660,208,401,0.6075757575757575,0.6075757575757575,1,322969,{img2sixel} --threads=1 --precision=float32 --quality=full '--loaders=builtin!' --sampling-policy=full-frame --binning-policy=hard --quantize-model=kmeans:seed=1:binbits=6 --merge-policy=none --cover-policy=off -Xcielab -Wcielab --diffusion=fs:scan=raster --gpu-policy=off --lookup-policy=none --palette-type=rgb -p 220 --snap-policy=none --mapfile-output=act:{palette} {input},{lsqa} '--loaders=builtin!' {input} -
85a2674e53a2d7b75c6944b5a87b04ee9ea182b1,macOS-26.5.1-arm64-arm-64bit,natural-snake,natural photograph,220,cielab,CIELAB,nearest-quarter,nearest / all / rate 0.25,True,nearest,all,0.25,0.85,0.987421,2.295074,1.72514,220,660,150,232,0.3515151515151515,0.3515151515151515,1,322751,{img2sixel} --threads=1 --precision=float32 --quality=full '--loaders=builtin!' --sampling-policy=full-frame --binning-policy=hard --quantize-model=kmeans:seed=1:binbits=6 --merge-policy=none --cover-policy=off -Xcielab -Wcielab --diffusion=fs:scan=raster --gpu-policy=off --lookup-policy=none --palette-type=rgb -p 220 --snap-policy=nearest:timing=all:rate=0.25:channel_l=0.85 --mapfile-output=act:{palette} {input},{lsqa} '--loaders=builtin!' {input} -
85a2674e53a2d7b75c6944b5a87b04ee9ea182b1,macOS-26.5.1-arm64-arm-64bit,natural-snake,natural photograph,220,cielab,CIELAB,nearest-once,nearest / once / rate 1,True,nearest,once,1.0,0.85,0.987105,2.25734,1.68253,220,660,0,0,0.0,0.0,0,327212,{img2sixel} --threads=1 --precision=float32 --quality=full '--loaders=builtin!' --sampling-policy=full-frame --binning-policy=hard --quantize-model=kmeans:seed=1:binbits=6 --merge-policy=none --cover-policy=off -Xcielab -Wcielab --diffusion=fs:scan=raster --gpu-policy=off --lookup-policy=none --palette-type=rgb -p 220 --snap-policy=nearest:timing=once:rate=1:channel_l=0.85 --mapfile-output=act:{palette} {input},{lsqa} '--loaders=builtin!' {input} -
85a2674e53a2d7b75c6944b5a87b04ee9ea182b1,macOS-26.5.1-arm64-arm-64bit,natural-snake,natural photograph,220,cielab,CIELAB,nearest-all,nearest / all / rate 1,True,nearest,all,1.0,0.85,0.9878,2.240105,1.709779,220,660,0,0,0.0,0.0,0,326799,{img2sixel} --threads=1 --precision=float32 --quality=full '--loaders=builtin!' --sampling-policy=full-frame --binning-policy=hard --quantize-model=kmeans:seed=1:binbits=6 --merge-policy=none --cover-policy=off -Xcielab -Wcielab --diffusion=fs:scan=raster --gpu-policy=off --lookup-policy=none --palette-type=rgb -p 220 --snap-policy=nearest:timing=all:rate=1:channel_l=0.85 --mapfile-output=act:{palette} {input},{lsqa} '--loaders=builtin!' {input} -
85a2674e53a2d7b75c6944b5a87b04ee9ea182b1,macOS-26.5.1-arm64-arm-64bit,natural-snake,natural photograph,220,cielab,CIELAB,reversible-all,reversible / all / rate 1,True,reversible,all,1.0,0.85,0.986771,2.26216,1.721421,220,660,0,0,0.0,0.0,0,323266,{img2sixel} --threads=1 --precision=float32 --quality=full '--loaders=builtin!' --sampling-policy=full-frame --binning-policy=hard --quantize-model=kmeans:seed=1:binbits=6 --merge-policy=none --cover-policy=off -Xcielab -Wcielab --diffusion=fs:scan=raster --gpu-policy=off --lookup-policy=none --palette-type=rgb -p 220 --snap-policy=reversible:timing=all:rate=1:channel_l=0.85 --mapfile-output=act:{palette} {input},{lsqa} '--loaders=builtin!' {input} -
85a2674e53a2d7b75c6944b5a87b04ee9ea182b1,macOS-26.5.1-arm64-arm-64bit,natural-snake,natural photograph,220,din99d,DIN99d,off,snap off,False,none,off,0.0,0.85,0.987824,2.223166,2.146998,220,660,213,407,0.6166666666666667,0.6166666666666667,1,319674,{img2sixel} --threads=1 --precision=float32 --quality=full '--loaders=builtin!' --sampling-policy=full-frame --binning-policy=hard --quantize-model=kmeans:seed=1:binbits=6 --merge-policy=none --cover-policy=off -Xdin99d -Wdin99d --diffusion=fs:scan=raster --gpu-policy=off --lookup-policy=none --palette-type=rgb -p 220 --snap-policy=none --mapfile-output=act:{palette} {input},{lsqa} '--loaders=builtin!' {input} -
85a2674e53a2d7b75c6944b5a87b04ee9ea182b1,macOS-26.5.1-arm64-arm-64bit,natural-snake,natural photograph,220,din99d,DIN99d,nearest-quarter,nearest / all / rate 0.25,True,nearest,all,0.25,0.85,0.987971,2.131666,2.089929,220,660,147,223,0.3378787878787879,0.3378787878787879,1,320936,{img2sixel} --threads=1 --precision=float32 --quality=full '--loaders=builtin!' --sampling-policy=full-frame --binning-policy=hard --quantize-model=kmeans:seed=1:binbits=6 --merge-policy=none --cover-policy=off -Xdin99d -Wdin99d --diffusion=fs:scan=raster --gpu-policy=off --lookup-policy=none --palette-type=rgb -p 220 --snap-policy=nearest:timing=all:rate=0.25:channel_l=0.85 --mapfile-output=act:{palette} {input},{lsqa} '--loaders=builtin!' {input} -
85a2674e53a2d7b75c6944b5a87b04ee9ea182b1,macOS-26.5.1-arm64-arm-64bit,natural-snake,natural photograph,220,din99d,DIN99d,nearest-once,nearest / once / rate 1,True,nearest,once,1.0,0.85,0.988183,2.149986,2.085372,220,660,0,0,0.0,0.0,0,325329,{img2sixel} --threads=1 --precision=float32 --quality=full '--loaders=builtin!' --sampling-policy=full-frame --binning-policy=hard --quantize-model=kmeans:seed=1:binbits=6 --merge-policy=none --cover-policy=off -Xdin99d -Wdin99d --diffusion=fs:scan=raster --gpu-policy=off --lookup-policy=none --palette-type=rgb -p 220 --snap-policy=nearest:timing=once:rate=1:channel_l=0.85 --mapfile-output=act:{palette} {input},{lsqa} '--loaders=builtin!' {input} -
85a2674e53a2d7b75c6944b5a87b04ee9ea182b1,macOS-26.5.1-arm64-arm-64bit,natural-snake,natural photograph,220,din99d,DIN99d,nearest-all,nearest / all / rate 1,True,nearest,all,1.0,0.85,0.987824,2.167716,2.093194,220,660,0,0,0.0,0.0,0,321768,{img2sixel} --threads=1 --precision=float32 --quality=full '--loaders=builtin!' --sampling-policy=full-frame --binning-policy=hard --quantize-model=kmeans:seed=1:binbits=6 --merge-policy=none --cover-policy=off -Xdin99d -Wdin99d --diffusion=fs:scan=raster --gpu-policy=off --lookup-policy=none --palette-type=rgb -p 220 --snap-policy=nearest:timing=all:rate=1:channel_l=0.85 --mapfile-output=act:{palette} {input},{lsqa} '--loaders=builtin!' {input} -
85a2674e53a2d7b75c6944b5a87b04ee9ea182b1,macOS-26.5.1-arm64-arm-64bit,natural-snake,natural photograph,220,din99d,DIN99d,reversible-all,reversible / all / rate 1,True,reversible,all,1.0,0.85,0.986399,2.218699,2.205154,220,660,0,0,0.0,0.0,0,315924,{img2sixel} --threads=1 --precision=float32 --quality=full '--loaders=builtin!' --sampling-policy=full-frame --binning-policy=hard --quantize-model=kmeans:seed=1:binbits=6 --merge-policy=none --cover-policy=off -Xdin99d -Wdin99d --diffusion=fs:scan=raster --gpu-policy=off --lookup-policy=none --palette-type=rgb -p 220 --snap-policy=reversible:timing=all:rate=1:channel_l=0.85 --mapfile-output=act:{palette} {input},{lsqa} '--loaders=builtin!' {input} -
85a2674e53a2d7b75c6944b5a87b04ee9ea182b1,macOS-26.5.1-arm64-arm-64bit,natural-snake,natural photograph,222,gamma,sRGB gamma,off,snap off,False,none,off,0.0,0.85,0.989874,2.365879,1.940582,222,666,213,425,0.6381381381381381,0.6381381381381381,1,296684,{img2sixel} --threads=1 --precision=float32 --quality=full '--loaders=builtin!' --sampling-policy=full-frame --binning-policy=hard --quantize-model=kmeans:seed=1:binbits=6 --merge-policy=none --cover-policy=off -Xgamma -Wgamma --diffusion=fs:scan=raster --gpu-policy=off --lookup-policy=none --palette-type=rgb -p 222 --snap-policy=none --mapfile-output=act:{palette} {input},{lsqa} '--loaders=builtin!' {input} -
85a2674e53a2d7b75c6944b5a87b04ee9ea182b1,macOS-26.5.1-arm64-arm-64bit,natural-snake,natural photograph,222,gamma,sRGB gamma,nearest-quarter,nearest / all / rate 0.25,True,nearest,all,0.25,0.85,0.990036,2.354614,1.953328,222,666,148,199,0.2987987987987988,0.2987987987987988,1,298674,{img2sixel} --threads=1 --precision=float32 --quality=full '--loaders=builtin!' --sampling-policy=full-frame --binning-policy=hard --quantize-model=kmeans:seed=1:binbits=6 --merge-policy=none --cover-policy=off -Xgamma -Wgamma --diffusion=fs:scan=raster --gpu-policy=off --lookup-policy=none --palette-type=rgb -p 222 --snap-policy=nearest:timing=all:rate=0.25:channel_l=0.85 --mapfile-output=act:{palette} {input},{lsqa} '--loaders=builtin!' {input} -
85a2674e53a2d7b75c6944b5a87b04ee9ea182b1,macOS-26.5.1-arm64-arm-64bit,natural-snake,natural photograph,222,gamma,sRGB gamma,nearest-once,nearest / once / rate 1,True,nearest,once,1.0,0.85,0.990081,2.328954,1.957332,222,666,0,0,0.0,0.0,0,302209,{img2sixel} --threads=1 --precision=float32 --quality=full '--loaders=builtin!' --sampling-policy=full-frame --binning-policy=hard --quantize-model=kmeans:seed=1:binbits=6 --merge-policy=none --cover-policy=off -Xgamma -Wgamma --diffusion=fs:scan=raster --gpu-policy=off --lookup-policy=none --palette-type=rgb -p 222 --snap-policy=nearest:timing=once:rate=1:channel_l=0.85 --mapfile-output=act:{palette} {input},{lsqa} '--loaders=builtin!' {input} -
85a2674e53a2d7b75c6944b5a87b04ee9ea182b1,macOS-26.5.1-arm64-arm-64bit,natural-snake,natural photograph,222,gamma,sRGB gamma,nearest-all,nearest / all / rate 1,True,nearest,all,1.0,0.85,0.988939,2.378335,1.957417,222,666,0,0,0.0,0.0,0,299082,{img2sixel} --threads=1 --precision=float32 --quality=full '--loaders=builtin!' --sampling-policy=full-frame --binning-policy=hard --quantize-model=kmeans:seed=1:binbits=6 --merge-policy=none --cover-policy=off -Xgamma -Wgamma --diffusion=fs:scan=raster --gpu-policy=off --lookup-policy=none --palette-type=rgb -p 222 --snap-policy=nearest:timing=all:rate=1:channel_l=0.85 --mapfile-output=act:{palette} {input},{lsqa} '--loaders=builtin!' {input} -
85a2674e53a2d7b75c6944b5a87b04ee9ea182b1,macOS-26.5.1-arm64-arm-64bit,natural-snake,natural photograph,222,gamma,sRGB gamma,reversible-all,reversible / all / rate 1,True,reversible,all,1.0,0.85,0.987783,2.484306,2.008892,222,666,0,0,0.0,0.0,0,297716,{img2sixel} --threads=1 --precision=float32 --quality=full '--loaders=builtin!' --sampling-policy=full-frame --binning-policy=hard --quantize-model=kmeans:seed=1:binbits=6 --merge-policy=none --cover-policy=off -Xgamma -Wgamma --diffusion=fs:scan=raster --gpu-policy=off --lookup-policy=none --palette-type=rgb -p 222 --snap-policy=reversible:timing=all:rate=1:channel_l=0.85 --mapfile-output=act:{palette} {input},{lsqa} '--loaders=builtin!' {input} -
85a2674e53a2d7b75c6944b5a87b04ee9ea182b1,macOS-26.5.1-arm64-arm-64bit,natural-snake,natural photograph,222,linear,linear RGB,off,snap off,False,none,off,0.0,0.85,0.991844,2.427582,2.733251,222,666,206,381,0.5720720720720721,0.5720720720720721,1,324519,{img2sixel} --threads=1 --precision=float32 --quality=full '--loaders=builtin!' --sampling-policy=full-frame --binning-policy=hard --quantize-model=kmeans:seed=1:binbits=6 --merge-policy=none --cover-policy=off -Xlinear -Wlinear --diffusion=fs:scan=raster --gpu-policy=off --lookup-policy=none --palette-type=rgb -p 222 --snap-policy=none --mapfile-output=act:{palette} {input},{lsqa} '--loaders=builtin!' {input} -
85a2674e53a2d7b75c6944b5a87b04ee9ea182b1,macOS-26.5.1-arm64-arm-64bit,natural-snake,natural photograph,222,linear,linear RGB,nearest-quarter,nearest / all / rate 0.25,True,nearest,all,0.25,0.85,0.992028,2.337575,2.673649,222,666,127,166,0.24924924924924924,0.24924924924924924,1,323531,{img2sixel} --threads=1 --precision=float32 --quality=full '--loaders=builtin!' --sampling-policy=full-frame --binning-policy=hard --quantize-model=kmeans:seed=1:binbits=6 --merge-policy=none --cover-policy=off -Xlinear -Wlinear --diffusion=fs:scan=raster --gpu-policy=off --lookup-policy=none --palette-type=rgb -p 222 --snap-policy=nearest:timing=all:rate=0.25:channel_l=0.85 --mapfile-output=act:{palette} {input},{lsqa} '--loaders=builtin!' {input} -
85a2674e53a2d7b75c6944b5a87b04ee9ea182b1,macOS-26.5.1-arm64-arm-64bit,natural-snake,natural photograph,222,linear,linear RGB,nearest-once,nearest / once / rate 1,True,nearest,once,1.0,0.85,0.992143,2.308609,2.637595,222,666,0,0,0.0,0.0,0,324679,{img2sixel} --threads=1 --precision=float32 --quality=full '--loaders=builtin!' --sampling-policy=full-frame --binning-policy=hard --quantize-model=kmeans:seed=1:binbits=6 --merge-policy=none --cover-policy=off -Xlinear -Wlinear --diffusion=fs:scan=raster --gpu-policy=off --lookup-policy=none --palette-type=rgb -p 222 --snap-policy=nearest:timing=once:rate=1:channel_l=0.85 --mapfile-output=act:{palette} {input},{lsqa} '--loaders=builtin!' {input} -
85a2674e53a2d7b75c6944b5a87b04ee9ea182b1,macOS-26.5.1-arm64-arm-64bit,natural-snake,natural photograph,222,linear,linear RGB,nearest-all,nearest / all / rate 1,True,nearest,all,1.0,0.85,0.991697,2.356915,2.688549,222,666,0,0,0.0,0.0,0,326163,{img2sixel} --threads=1 --precision=float32 --quality=full '--loaders=builtin!' --sampling-policy=full-frame --binning-policy=hard --quantize-model=kmeans:seed=1:binbits=6 --merge-policy=none --cover-policy=off -Xlinear -Wlinear --diffusion=fs:scan=raster --gpu-policy=off --lookup-policy=none --palette-type=rgb -p 222 --snap-policy=nearest:timing=all:rate=1:channel_l=0.85 --mapfile-output=act:{palette} {input},{lsqa} '--loaders=builtin!' {input} -
85a2674e53a2d7b75c6944b5a87b04ee9ea182b1,macOS-26.5.1-arm64-arm-64bit,natural-snake,natural photograph,222,linear,linear RGB,reversible-all,reversible / all / rate 1,True,reversible,all,1.0,0.85,0.991515,2.395081,2.720939,222,666,0,0,0.0,0.0,0,326731,{img2sixel} --threads=1 --precision=float32 --quality=full '--loaders=builtin!' --sampling-policy=full-frame --binning-policy=hard --quantize-model=kmeans:seed=1:binbits=6 --merge-policy=none --cover-policy=off -Xlinear -Wlinear --diffusion=fs:scan=raster --gpu-policy=off --lookup-policy=none --palette-type=rgb -p 222 --snap-policy=reversible:timing=all:rate=1:channel_l=0.85 --mapfile-output=act:{palette} {input},{lsqa} '--loaders=builtin!' {input} -
85a2674e53a2d7b75c6944b5a87b04ee9ea182b1,macOS-26.5.1-arm64-arm-64bit,natural-snake,natural photograph,222,oklab,OKLab,off,snap off,False,none,off,0.0,0.85,0.993385,2.494877,2.512703,222,666,214,398,0.5975975975975976,0.5975975975975976,1,327609,{img2sixel} --threads=1 --precision=float32 --quality=full '--loaders=builtin!' --sampling-policy=full-frame --binning-policy=hard --quantize-model=kmeans:seed=1:binbits=6 --merge-policy=none --cover-policy=off -Xoklab -Woklab --diffusion=fs:scan=raster --gpu-policy=off --lookup-policy=none --palette-type=rgb -p 222 --snap-policy=none --mapfile-output=act:{palette} {input},{lsqa} '--loaders=builtin!' {input} -
85a2674e53a2d7b75c6944b5a87b04ee9ea182b1,macOS-26.5.1-arm64-arm-64bit,natural-snake,natural photograph,222,oklab,OKLab,nearest-quarter,nearest / all / rate 0.25,True,nearest,all,0.25,0.85,0.993914,2.525111,2.430673,222,666,166,281,0.4219219219219219,0.4219219219219219,1,323671,{img2sixel} --threads=1 --precision=float32 --quality=full '--loaders=builtin!' --sampling-policy=full-frame --binning-policy=hard --quantize-model=kmeans:seed=1:binbits=6 --merge-policy=none --cover-policy=off -Xoklab -Woklab --diffusion=fs:scan=raster --gpu-policy=off --lookup-policy=none --palette-type=rgb -p 222 --snap-policy=nearest:timing=all:rate=0.25:channel_l=0.85 --mapfile-output=act:{palette} {input},{lsqa} '--loaders=builtin!' {input} -
85a2674e53a2d7b75c6944b5a87b04ee9ea182b1,macOS-26.5.1-arm64-arm-64bit,natural-snake,natural photograph,222,oklab,OKLab,nearest-once,nearest / once / rate 1,True,nearest,once,1.0,0.85,0.994132,2.527178,2.458368,222,666,0,0,0.0,0.0,0,328980,{img2sixel} --threads=1 --precision=float32 --quality=full '--loaders=builtin!' --sampling-policy=full-frame --binning-policy=hard --quantize-model=kmeans:seed=1:binbits=6 --merge-policy=none --cover-policy=off -Xoklab -Woklab --diffusion=fs:scan=raster --gpu-policy=off --lookup-policy=none --palette-type=rgb -p 222 --snap-policy=nearest:timing=once:rate=1:channel_l=0.85 --mapfile-output=act:{palette} {input},{lsqa} '--loaders=builtin!' {input} -
85a2674e53a2d7b75c6944b5a87b04ee9ea182b1,macOS-26.5.1-arm64-arm-64bit,natural-snake,natural photograph,222,oklab,OKLab,nearest-all,nearest / all / rate 1,True,nearest,all,1.0,0.85,0.993977,2.488228,2.446739,222,666,0,0,0.0,0.0,0,326269,{img2sixel} --threads=1 --precision=float32 --quality=full '--loaders=builtin!' --sampling-policy=full-frame --binning-policy=hard --quantize-model=kmeans:seed=1:binbits=6 --merge-policy=none --cover-policy=off -Xoklab -Woklab --diffusion=fs:scan=raster --gpu-policy=off --lookup-policy=none --palette-type=rgb -p 222 --snap-policy=nearest:timing=all:rate=1:channel_l=0.85 --mapfile-output=act:{palette} {input},{lsqa} '--loaders=builtin!' {input} -
85a2674e53a2d7b75c6944b5a87b04ee9ea182b1,macOS-26.5.1-arm64-arm-64bit,natural-snake,natural photograph,222,oklab,OKLab,reversible-all,reversible / all / rate 1,True,reversible,all,1.0,0.85,0.993845,2.459506,2.47982,222,666,0,0,0.0,0.0,0,322240,{img2sixel} --threads=1 --precision=float32 --quality=full '--loaders=builtin!' --sampling-policy=full-frame --binning-policy=hard --quantize-model=kmeans:seed=1:binbits=6 --merge-policy=none --cover-policy=off -Xoklab -Woklab --diffusion=fs:scan=raster --gpu-policy=off --lookup-policy=none --palette-type=rgb -p 222 --snap-policy=reversible:timing=all:rate=1:channel_l=0.85 --mapfile-output=act:{palette} {input},{lsqa} '--loaders=builtin!' {input} -
85a2674e53a2d7b75c6944b5a87b04ee9ea182b1,macOS-26.5.1-arm64-arm-64bit,natural-snake,natural photograph,222,cielab,CIELAB,off,snap off,False,none,off,0.0,0.85,0.986886,2.347311,1.71606,222,666,209,405,0.6081081081081081,0.6081081081081081,1,324101,{img2sixel} --threads=1 --precision=float32 --quality=full '--loaders=builtin!' --sampling-policy=full-frame --binning-policy=hard --quantize-model=kmeans:seed=1:binbits=6 --merge-policy=none --cover-policy=off -Xcielab -Wcielab --diffusion=fs:scan=raster --gpu-policy=off --lookup-policy=none --palette-type=rgb -p 222 --snap-policy=none --mapfile-output=act:{palette} {input},{lsqa} '--loaders=builtin!' {input} -
85a2674e53a2d7b75c6944b5a87b04ee9ea182b1,macOS-26.5.1-arm64-arm-64bit,natural-snake,natural photograph,222,cielab,CIELAB,nearest-quarter,nearest / all / rate 0.25,True,nearest,all,0.25,0.85,0.987454,2.289513,1.720613,222,666,145,228,0.34234234234234234,0.34234234234234234,1,323401,{img2sixel} --threads=1 --precision=float32 --quality=full '--loaders=builtin!' --sampling-policy=full-frame --binning-policy=hard --quantize-model=kmeans:seed=1:binbits=6 --merge-policy=none --cover-policy=off -Xcielab -Wcielab --diffusion=fs:scan=raster --gpu-policy=off --lookup-policy=none --palette-type=rgb -p 222 --snap-policy=nearest:timing=all:rate=0.25:channel_l=0.85 --mapfile-output=act:{palette} {input},{lsqa} '--loaders=builtin!' {input} -
85a2674e53a2d7b75c6944b5a87b04ee9ea182b1,macOS-26.5.1-arm64-arm-64bit,natural-snake,natural photograph,222,cielab,CIELAB,nearest-once,nearest / once / rate 1,True,nearest,once,1.0,0.85,0.98718,2.246642,1.677867,222,666,0,0,0.0,0.0,0,327633,{img2sixel} --threads=1 --precision=float32 --quality=full '--loaders=builtin!' --sampling-policy=full-frame --binning-policy=hard --quantize-model=kmeans:seed=1:binbits=6 --merge-policy=none --cover-policy=off -Xcielab -Wcielab --diffusion=fs:scan=raster --gpu-policy=off --lookup-policy=none --palette-type=rgb -p 222 --snap-policy=nearest:timing=once:rate=1:channel_l=0.85 --mapfile-output=act:{palette} {input},{lsqa} '--loaders=builtin!' {input} -
85a2674e53a2d7b75c6944b5a87b04ee9ea182b1,macOS-26.5.1-arm64-arm-64bit,natural-snake,natural photograph,222,cielab,CIELAB,nearest-all,nearest / all / rate 1,True,nearest,all,1.0,0.85,0.98817,2.227757,1.698535,222,666,0,0,0.0,0.0,0,329904,{img2sixel} --threads=1 --precision=float32 --quality=full '--loaders=builtin!' --sampling-policy=full-frame --binning-policy=hard --quantize-model=kmeans:seed=1:binbits=6 --merge-policy=none --cover-policy=off -Xcielab -Wcielab --diffusion=fs:scan=raster --gpu-policy=off --lookup-policy=none --palette-type=rgb -p 222 --snap-policy=nearest:timing=all:rate=1:channel_l=0.85 --mapfile-output=act:{palette} {input},{lsqa} '--loaders=builtin!' {input} -
85a2674e53a2d7b75c6944b5a87b04ee9ea182b1,macOS-26.5.1-arm64-arm-64bit,natural-snake,natural photograph,222,cielab,CIELAB,reversible-all,reversible / all / rate 1,True,reversible,all,1.0,0.85,0.986639,2.254954,1.718023,222,666,0,0,0.0,0.0,0,322032,{img2sixel} --threads=1 --precision=float32 --quality=full '--loaders=builtin!' --sampling-policy=full-frame --binning-policy=hard --quantize-model=kmeans:seed=1:binbits=6 --merge-policy=none --cover-policy=off -Xcielab -Wcielab --diffusion=fs:scan=raster --gpu-policy=off --lookup-policy=none --palette-type=rgb -p 222 --snap-policy=reversible:timing=all:rate=1:channel_l=0.85 --mapfile-output=act:{palette} {input},{lsqa} '--loaders=builtin!' {input} -
85a2674e53a2d7b75c6944b5a87b04ee9ea182b1,macOS-26.5.1-arm64-arm-64bit,natural-snake,natural photograph,222,din99d,DIN99d,off,snap off,False,none,off,0.0,0.85,0.987862,2.216722,2.143222,222,666,215,405,0.6081081081081081,0.6081081081081081,1,320323,{img2sixel} --threads=1 --precision=float32 --quality=full '--loaders=builtin!' --sampling-policy=full-frame --binning-policy=hard --quantize-model=kmeans:seed=1:binbits=6 --merge-policy=none --cover-policy=off -Xdin99d -Wdin99d --diffusion=fs:scan=raster --gpu-policy=off --lookup-policy=none --palette-type=rgb -p 222 --snap-policy=none --mapfile-output=act:{palette} {input},{lsqa} '--loaders=builtin!' {input} -
85a2674e53a2d7b75c6944b5a87b04ee9ea182b1,macOS-26.5.1-arm64-arm-64bit,natural-snake,natural photograph,222,din99d,DIN99d,nearest-quarter,nearest / all / rate 0.25,True,nearest,all,0.25,0.85,0.988291,2.119005,2.078695,222,666,145,217,0.3258258258258258,0.3258258258258258,1,323125,{img2sixel} --threads=1 --precision=float32 --quality=full '--loaders=builtin!' --sampling-policy=full-frame --binning-policy=hard --quantize-model=kmeans:seed=1:binbits=6 --merge-policy=none --cover-policy=off -Xdin99d -Wdin99d --diffusion=fs:scan=raster --gpu-policy=off --lookup-policy=none --palette-type=rgb -p 222 --snap-policy=nearest:timing=all:rate=0.25:channel_l=0.85 --mapfile-output=act:{palette} {input},{lsqa} '--loaders=builtin!' {input} -
85a2674e53a2d7b75c6944b5a87b04ee9ea182b1,macOS-26.5.1-arm64-arm-64bit,natural-snake,natural photograph,222,din99d,DIN99d,nearest-once,nearest / once / rate 1,True,nearest,once,1.0,0.85,0.98833,2.15,2.096481,222,666,0,0,0.0,0.0,0,327199,{img2sixel} --threads=1 --precision=float32 --quality=full '--loaders=builtin!' --sampling-policy=full-frame --binning-policy=hard --quantize-model=kmeans:seed=1:binbits=6 --merge-policy=none --cover-policy=off -Xdin99d -Wdin99d --diffusion=fs:scan=raster --gpu-policy=off --lookup-policy=none --palette-type=rgb -p 222 --snap-policy=nearest:timing=once:rate=1:channel_l=0.85 --mapfile-output=act:{palette} {input},{lsqa} '--loaders=builtin!' {input} -
85a2674e53a2d7b75c6944b5a87b04ee9ea182b1,macOS-26.5.1-arm64-arm-64bit,natural-snake,natural photograph,222,din99d,DIN99d,nearest-all,nearest / all / rate 1,True,nearest,all,1.0,0.85,0.988064,2.134787,2.075977,222,666,0,0,0.0,0.0,0,322931,{img2sixel} --threads=1 --precision=float32 --quality=full '--loaders=builtin!' --sampling-policy=full-frame --binning-policy=hard --quantize-model=kmeans:seed=1:binbits=6 --merge-policy=none --cover-policy=off -Xdin99d -Wdin99d --diffusion=fs:scan=raster --gpu-policy=off --lookup-policy=none --palette-type=rgb -p 222 --snap-policy=nearest:timing=all:rate=1:channel_l=0.85 --mapfile-output=act:{palette} {input},{lsqa} '--loaders=builtin!' {input} -
85a2674e53a2d7b75c6944b5a87b04ee9ea182b1,macOS-26.5.1-arm64-arm-64bit,natural-snake,natural photograph,222,din99d,DIN99d,reversible-all,reversible / all / rate 1,True,reversible,all,1.0,0.85,0.986944,2.212152,2.141982,222,666,0,0,0.0,0.0,0,317058,{img2sixel} --threads=1 --precision=float32 --quality=full '--loaders=builtin!' --sampling-policy=full-frame --binning-policy=hard --quantize-model=kmeans:seed=1:binbits=6 --merge-policy=none --cover-policy=off -Xdin99d -Wdin99d --diffusion=fs:scan=raster --gpu-policy=off --lookup-policy=none --palette-type=rgb -p 222 --snap-policy=reversible:timing=all:rate=1:channel_l=0.85 --mapfile-output=act:{palette} {input},{lsqa} '--loaders=builtin!' {input} -
85a2674e53a2d7b75c6944b5a87b04ee9ea182b1,macOS-26.5.1-arm64-arm-64bit,natural-snake,natural photograph,224,gamma,sRGB gamma,off,snap off,False,none,off,0.0,0.85,0.98987,2.364416,1.943346,224,672,212,415,0.6175595238095238,0.6175595238095238,1,297614,{img2sixel} --threads=1 --precision=float32 --quality=full '--loaders=builtin!' --sampling-policy=full-frame --binning-policy=hard --quantize-model=kmeans:seed=1:binbits=6 --merge-policy=none --cover-policy=off -Xgamma -Wgamma --diffusion=fs:scan=raster --gpu-policy=off --lookup-policy=none --palette-type=rgb -p 224 --snap-policy=none --mapfile-output=act:{palette} {input},{lsqa} '--loaders=builtin!' {input} -
85a2674e53a2d7b75c6944b5a87b04ee9ea182b1,macOS-26.5.1-arm64-arm-64bit,natural-snake,natural photograph,224,gamma,sRGB gamma,nearest-quarter,nearest / all / rate 0.25,True,nearest,all,0.25,0.85,0.990168,2.338782,1.957758,224,672,149,193,0.28720238095238093,0.28720238095238093,1,297779,{img2sixel} --threads=1 --precision=float32 --quality=full '--loaders=builtin!' --sampling-policy=full-frame --binning-policy=hard --quantize-model=kmeans:seed=1:binbits=6 --merge-policy=none --cover-policy=off -Xgamma -Wgamma --diffusion=fs:scan=raster --gpu-policy=off --lookup-policy=none --palette-type=rgb -p 224 --snap-policy=nearest:timing=all:rate=0.25:channel_l=0.85 --mapfile-output=act:{palette} {input},{lsqa} '--loaders=builtin!' {input} -
85a2674e53a2d7b75c6944b5a87b04ee9ea182b1,macOS-26.5.1-arm64-arm-64bit,natural-snake,natural photograph,224,gamma,sRGB gamma,nearest-once,nearest / once / rate 1,True,nearest,once,1.0,0.85,0.989946,2.333365,1.962666,224,672,0,0,0.0,0.0,0,303279,{img2sixel} --threads=1 --precision=float32 --quality=full '--loaders=builtin!' --sampling-policy=full-frame --binning-policy=hard --quantize-model=kmeans:seed=1:binbits=6 --merge-policy=none --cover-policy=off -Xgamma -Wgamma --diffusion=fs:scan=raster --gpu-policy=off --lookup-policy=none --palette-type=rgb -p 224 --snap-policy=nearest:timing=once:rate=1:channel_l=0.85 --mapfile-output=act:{palette} {input},{lsqa} '--loaders=builtin!' {input} -
85a2674e53a2d7b75c6944b5a87b04ee9ea182b1,macOS-26.5.1-arm64-arm-64bit,natural-snake,natural photograph,224,gamma,sRGB gamma,nearest-all,nearest / all / rate 1,True,nearest,all,1.0,0.85,0.98902,2.369736,1.953124,224,672,0,0,0.0,0.0,0,299716,{img2sixel} --threads=1 --precision=float32 --quality=full '--loaders=builtin!' --sampling-policy=full-frame --binning-policy=hard --quantize-model=kmeans:seed=1:binbits=6 --merge-policy=none --cover-policy=off -Xgamma -Wgamma --diffusion=fs:scan=raster --gpu-policy=off --lookup-policy=none --palette-type=rgb -p 224 --snap-policy=nearest:timing=all:rate=1:channel_l=0.85 --mapfile-output=act:{palette} {input},{lsqa} '--loaders=builtin!' {input} -
85a2674e53a2d7b75c6944b5a87b04ee9ea182b1,macOS-26.5.1-arm64-arm-64bit,natural-snake,natural photograph,224,gamma,sRGB gamma,reversible-all,reversible / all / rate 1,True,reversible,all,1.0,0.85,0.987779,2.482125,2.004673,224,672,0,0,0.0,0.0,0,297741,{img2sixel} --threads=1 --precision=float32 --quality=full '--loaders=builtin!' --sampling-policy=full-frame --binning-policy=hard --quantize-model=kmeans:seed=1:binbits=6 --merge-policy=none --cover-policy=off -Xgamma -Wgamma --diffusion=fs:scan=raster --gpu-policy=off --lookup-policy=none --palette-type=rgb -p 224 --snap-policy=reversible:timing=all:rate=1:channel_l=0.85 --mapfile-output=act:{palette} {input},{lsqa} '--loaders=builtin!' {input} -
85a2674e53a2d7b75c6944b5a87b04ee9ea182b1,macOS-26.5.1-arm64-arm-64bit,natural-snake,natural photograph,224,linear,linear RGB,off,snap off,False,none,off,0.0,0.85,0.991861,2.424336,2.739992,224,672,208,382,0.5684523809523809,0.5684523809523809,1,324959,{img2sixel} --threads=1 --precision=float32 --quality=full '--loaders=builtin!' --sampling-policy=full-frame --binning-policy=hard --quantize-model=kmeans:seed=1:binbits=6 --merge-policy=none --cover-policy=off -Xlinear -Wlinear --diffusion=fs:scan=raster --gpu-policy=off --lookup-policy=none --palette-type=rgb -p 224 --snap-policy=none --mapfile-output=act:{palette} {input},{lsqa} '--loaders=builtin!' {input} -
85a2674e53a2d7b75c6944b5a87b04ee9ea182b1,macOS-26.5.1-arm64-arm-64bit,natural-snake,natural photograph,224,linear,linear RGB,nearest-quarter,nearest / all / rate 0.25,True,nearest,all,0.25,0.85,0.992013,2.328647,2.657552,224,672,121,159,0.23660714285714285,0.23660714285714285,1,325460,{img2sixel} --threads=1 --precision=float32 --quality=full '--loaders=builtin!' --sampling-policy=full-frame --binning-policy=hard --quantize-model=kmeans:seed=1:binbits=6 --merge-policy=none --cover-policy=off -Xlinear -Wlinear --diffusion=fs:scan=raster --gpu-policy=off --lookup-policy=none --palette-type=rgb -p 224 --snap-policy=nearest:timing=all:rate=0.25:channel_l=0.85 --mapfile-output=act:{palette} {input},{lsqa} '--loaders=builtin!' {input} -
85a2674e53a2d7b75c6944b5a87b04ee9ea182b1,macOS-26.5.1-arm64-arm-64bit,natural-snake,natural photograph,224,linear,linear RGB,nearest-once,nearest / once / rate 1,True,nearest,once,1.0,0.85,0.992164,2.306241,2.635569,224,672,0,0,0.0,0.0,0,325294,{img2sixel} --threads=1 --precision=float32 --quality=full '--loaders=builtin!' --sampling-policy=full-frame --binning-policy=hard --quantize-model=kmeans:seed=1:binbits=6 --merge-policy=none --cover-policy=off -Xlinear -Wlinear --diffusion=fs:scan=raster --gpu-policy=off --lookup-policy=none --palette-type=rgb -p 224 --snap-policy=nearest:timing=once:rate=1:channel_l=0.85 --mapfile-output=act:{palette} {input},{lsqa} '--loaders=builtin!' {input} -
85a2674e53a2d7b75c6944b5a87b04ee9ea182b1,macOS-26.5.1-arm64-arm-64bit,natural-snake,natural photograph,224,linear,linear RGB,nearest-all,nearest / all / rate 1,True,nearest,all,1.0,0.85,0.99172,2.346646,2.675108,224,672,0,0,0.0,0.0,0,326989,{img2sixel} --threads=1 --precision=float32 --quality=full '--loaders=builtin!' --sampling-policy=full-frame --binning-policy=hard --quantize-model=kmeans:seed=1:binbits=6 --merge-policy=none --cover-policy=off -Xlinear -Wlinear --diffusion=fs:scan=raster --gpu-policy=off --lookup-policy=none --palette-type=rgb -p 224 --snap-policy=nearest:timing=all:rate=1:channel_l=0.85 --mapfile-output=act:{palette} {input},{lsqa} '--loaders=builtin!' {input} -
85a2674e53a2d7b75c6944b5a87b04ee9ea182b1,macOS-26.5.1-arm64-arm-64bit,natural-snake,natural photograph,224,linear,linear RGB,reversible-all,reversible / all / rate 1,True,reversible,all,1.0,0.85,0.991528,2.39543,2.719044,224,672,0,0,0.0,0.0,0,326645,{img2sixel} --threads=1 --precision=float32 --quality=full '--loaders=builtin!' --sampling-policy=full-frame --binning-policy=hard --quantize-model=kmeans:seed=1:binbits=6 --merge-policy=none --cover-policy=off -Xlinear -Wlinear --diffusion=fs:scan=raster --gpu-policy=off --lookup-policy=none --palette-type=rgb -p 224 --snap-policy=reversible:timing=all:rate=1:channel_l=0.85 --mapfile-output=act:{palette} {input},{lsqa} '--loaders=builtin!' {input} -
85a2674e53a2d7b75c6944b5a87b04ee9ea182b1,macOS-26.5.1-arm64-arm-64bit,natural-snake,natural photograph,224,oklab,OKLab,off,snap off,False,none,off,0.0,0.85,0.993076,2.516675,2.529958,224,672,218,410,0.6101190476190477,0.6101190476190477,1,329519,{img2sixel} --threads=1 --precision=float32 --quality=full '--loaders=builtin!' --sampling-policy=full-frame --binning-policy=hard --quantize-model=kmeans:seed=1:binbits=6 --merge-policy=none --cover-policy=off -Xoklab -Woklab --diffusion=fs:scan=raster --gpu-policy=off --lookup-policy=none --palette-type=rgb -p 224 --snap-policy=none --mapfile-output=act:{palette} {input},{lsqa} '--loaders=builtin!' {input} -
85a2674e53a2d7b75c6944b5a87b04ee9ea182b1,macOS-26.5.1-arm64-arm-64bit,natural-snake,natural photograph,224,oklab,OKLab,nearest-quarter,nearest / all / rate 0.25,True,nearest,all,0.25,0.85,0.993936,2.518514,2.433324,224,672,167,276,0.4107142857142857,0.4107142857142857,1,324857,{img2sixel} --threads=1 --precision=float32 --quality=full '--loaders=builtin!' --sampling-policy=full-frame --binning-policy=hard --quantize-model=kmeans:seed=1:binbits=6 --merge-policy=none --cover-policy=off -Xoklab -Woklab --diffusion=fs:scan=raster --gpu-policy=off --lookup-policy=none --palette-type=rgb -p 224 --snap-policy=nearest:timing=all:rate=0.25:channel_l=0.85 --mapfile-output=act:{palette} {input},{lsqa} '--loaders=builtin!' {input} -
85a2674e53a2d7b75c6944b5a87b04ee9ea182b1,macOS-26.5.1-arm64-arm-64bit,natural-snake,natural photograph,224,oklab,OKLab,nearest-once,nearest / once / rate 1,True,nearest,once,1.0,0.85,0.994099,2.542134,2.462826,224,672,0,0,0.0,0.0,0,329926,{img2sixel} --threads=1 --precision=float32 --quality=full '--loaders=builtin!' --sampling-policy=full-frame --binning-policy=hard --quantize-model=kmeans:seed=1:binbits=6 --merge-policy=none --cover-policy=off -Xoklab -Woklab --diffusion=fs:scan=raster --gpu-policy=off --lookup-policy=none --palette-type=rgb -p 224 --snap-policy=nearest:timing=once:rate=1:channel_l=0.85 --mapfile-output=act:{palette} {input},{lsqa} '--loaders=builtin!' {input} -
85a2674e53a2d7b75c6944b5a87b04ee9ea182b1,macOS-26.5.1-arm64-arm-64bit,natural-snake,natural photograph,224,oklab,OKLab,nearest-all,nearest / all / rate 1,True,nearest,all,1.0,0.85,0.994103,2.471133,2.430184,224,672,0,0,0.0,0.0,0,331002,{img2sixel} --threads=1 --precision=float32 --quality=full '--loaders=builtin!' --sampling-policy=full-frame --binning-policy=hard --quantize-model=kmeans:seed=1:binbits=6 --merge-policy=none --cover-policy=off -Xoklab -Woklab --diffusion=fs:scan=raster --gpu-policy=off --lookup-policy=none --palette-type=rgb -p 224 --snap-policy=nearest:timing=all:rate=1:channel_l=0.85 --mapfile-output=act:{palette} {input},{lsqa} '--loaders=builtin!' {input} -
85a2674e53a2d7b75c6944b5a87b04ee9ea182b1,macOS-26.5.1-arm64-arm-64bit,natural-snake,natural photograph,224,oklab,OKLab,reversible-all,reversible / all / rate 1,True,reversible,all,1.0,0.85,0.993635,2.44591,2.465507,224,672,0,0,0.0,0.0,0,321369,{img2sixel} --threads=1 --precision=float32 --quality=full '--loaders=builtin!' --sampling-policy=full-frame --binning-policy=hard --quantize-model=kmeans:seed=1:binbits=6 --merge-policy=none --cover-policy=off -Xoklab -Woklab --diffusion=fs:scan=raster --gpu-policy=off --lookup-policy=none --palette-type=rgb -p 224 --snap-policy=reversible:timing=all:rate=1:channel_l=0.85 --mapfile-output=act:{palette} {input},{lsqa} '--loaders=builtin!' {input} -
85a2674e53a2d7b75c6944b5a87b04ee9ea182b1,macOS-26.5.1-arm64-arm-64bit,natural-snake,natural photograph,224,cielab,CIELAB,off,snap off,False,none,off,0.0,0.85,0.987108,2.343006,1.705321,224,672,211,412,0.6130952380952381,0.6130952380952381,1,325802,{img2sixel} --threads=1 --precision=float32 --quality=full '--loaders=builtin!' --sampling-policy=full-frame --binning-policy=hard --quantize-model=kmeans:seed=1:binbits=6 --merge-policy=none --cover-policy=off -Xcielab -Wcielab --diffusion=fs:scan=raster --gpu-policy=off --lookup-policy=none --palette-type=rgb -p 224 --snap-policy=none --mapfile-output=act:{palette} {input},{lsqa} '--loaders=builtin!' {input} -
85a2674e53a2d7b75c6944b5a87b04ee9ea182b1,macOS-26.5.1-arm64-arm-64bit,natural-snake,natural photograph,224,cielab,CIELAB,nearest-quarter,nearest / all / rate 0.25,True,nearest,all,0.25,0.85,0.987646,2.280534,1.704673,224,672,149,227,0.33779761904761907,0.33779761904761907,1,325634,{img2sixel} --threads=1 --precision=float32 --quality=full '--loaders=builtin!' --sampling-policy=full-frame --binning-policy=hard --quantize-model=kmeans:seed=1:binbits=6 --merge-policy=none --cover-policy=off -Xcielab -Wcielab --diffusion=fs:scan=raster --gpu-policy=off --lookup-policy=none --palette-type=rgb -p 224 --snap-policy=nearest:timing=all:rate=0.25:channel_l=0.85 --mapfile-output=act:{palette} {input},{lsqa} '--loaders=builtin!' {input} -
85a2674e53a2d7b75c6944b5a87b04ee9ea182b1,macOS-26.5.1-arm64-arm-64bit,natural-snake,natural photograph,224,cielab,CIELAB,nearest-once,nearest / once / rate 1,True,nearest,once,1.0,0.85,0.987516,2.226409,1.655456,224,672,0,0,0.0,0.0,0,331366,{img2sixel} --threads=1 --precision=float32 --quality=full '--loaders=builtin!' --sampling-policy=full-frame --binning-policy=hard --quantize-model=kmeans:seed=1:binbits=6 --merge-policy=none --cover-policy=off -Xcielab -Wcielab --diffusion=fs:scan=raster --gpu-policy=off --lookup-policy=none --palette-type=rgb -p 224 --snap-policy=nearest:timing=once:rate=1:channel_l=0.85 --mapfile-output=act:{palette} {input},{lsqa} '--loaders=builtin!' {input} -
85a2674e53a2d7b75c6944b5a87b04ee9ea182b1,macOS-26.5.1-arm64-arm-64bit,natural-snake,natural photograph,224,cielab,CIELAB,nearest-all,nearest / all / rate 1,True,nearest,all,1.0,0.85,0.988095,2.233987,1.710091,224,672,0,0,0.0,0.0,0,329086,{img2sixel} --threads=1 --precision=float32 --quality=full '--loaders=builtin!' --sampling-policy=full-frame --binning-policy=hard --quantize-model=kmeans:seed=1:binbits=6 --merge-policy=none --cover-policy=off -Xcielab -Wcielab --diffusion=fs:scan=raster --gpu-policy=off --lookup-policy=none --palette-type=rgb -p 224 --snap-policy=nearest:timing=all:rate=1:channel_l=0.85 --mapfile-output=act:{palette} {input},{lsqa} '--loaders=builtin!' {input} -
85a2674e53a2d7b75c6944b5a87b04ee9ea182b1,macOS-26.5.1-arm64-arm-64bit,natural-snake,natural photograph,224,cielab,CIELAB,reversible-all,reversible / all / rate 1,True,reversible,all,1.0,0.85,0.986631,2.25684,1.718861,224,672,0,0,0.0,0.0,0,322197,{img2sixel} --threads=1 --precision=float32 --quality=full '--loaders=builtin!' --sampling-policy=full-frame --binning-policy=hard --quantize-model=kmeans:seed=1:binbits=6 --merge-policy=none --cover-policy=off -Xcielab -Wcielab --diffusion=fs:scan=raster --gpu-policy=off --lookup-policy=none --palette-type=rgb -p 224 --snap-policy=reversible:timing=all:rate=1:channel_l=0.85 --mapfile-output=act:{palette} {input},{lsqa} '--loaders=builtin!' {input} -
85a2674e53a2d7b75c6944b5a87b04ee9ea182b1,macOS-26.5.1-arm64-arm-64bit,natural-snake,natural photograph,224,din99d,DIN99d,off,snap off,False,none,off,0.0,0.85,0.987778,2.218462,2.149176,224,672,216,415,0.6175595238095238,0.6175595238095238,1,320397,{img2sixel} --threads=1 --precision=float32 --quality=full '--loaders=builtin!' --sampling-policy=full-frame --binning-policy=hard --quantize-model=kmeans:seed=1:binbits=6 --merge-policy=none --cover-policy=off -Xdin99d -Wdin99d --diffusion=fs:scan=raster --gpu-policy=off --lookup-policy=none --palette-type=rgb -p 224 --snap-policy=none --mapfile-output=act:{palette} {input},{lsqa} '--loaders=builtin!' {input} -
85a2674e53a2d7b75c6944b5a87b04ee9ea182b1,macOS-26.5.1-arm64-arm-64bit,natural-snake,natural photograph,224,din99d,DIN99d,nearest-quarter,nearest / all / rate 0.25,True,nearest,all,0.25,0.85,0.988218,2.123064,2.070596,224,672,144,226,0.33630952380952384,0.33630952380952384,1,324362,{img2sixel} --threads=1 --precision=float32 --quality=full '--loaders=builtin!' --sampling-policy=full-frame --binning-policy=hard --quantize-model=kmeans:seed=1:binbits=6 --merge-policy=none --cover-policy=off -Xdin99d -Wdin99d --diffusion=fs:scan=raster --gpu-policy=off --lookup-policy=none --palette-type=rgb -p 224 --snap-policy=nearest:timing=all:rate=0.25:channel_l=0.85 --mapfile-output=act:{palette} {input},{lsqa} '--loaders=builtin!' {input} -
85a2674e53a2d7b75c6944b5a87b04ee9ea182b1,macOS-26.5.1-arm64-arm-64bit,natural-snake,natural photograph,224,din99d,DIN99d,nearest-once,nearest / once / rate 1,True,nearest,once,1.0,0.85,0.988289,2.155834,2.083443,224,672,0,0,0.0,0.0,0,328118,{img2sixel} --threads=1 --precision=float32 --quality=full '--loaders=builtin!' --sampling-policy=full-frame --binning-policy=hard --quantize-model=kmeans:seed=1:binbits=6 --merge-policy=none --cover-policy=off -Xdin99d -Wdin99d --diffusion=fs:scan=raster --gpu-policy=off --lookup-policy=none --palette-type=rgb -p 224 --snap-policy=nearest:timing=once:rate=1:channel_l=0.85 --mapfile-output=act:{palette} {input},{lsqa} '--loaders=builtin!' {input} -
85a2674e53a2d7b75c6944b5a87b04ee9ea182b1,macOS-26.5.1-arm64-arm-64bit,natural-snake,natural photograph,224,din99d,DIN99d,nearest-all,nearest / all / rate 1,True,nearest,all,1.0,0.85,0.987976,2.147941,2.080176,224,672,0,0,0.0,0.0,0,322583,{img2sixel} --threads=1 --precision=float32 --quality=full '--loaders=builtin!' --sampling-policy=full-frame --binning-policy=hard --quantize-model=kmeans:seed=1:binbits=6 --merge-policy=none --cover-policy=off -Xdin99d -Wdin99d --diffusion=fs:scan=raster --gpu-policy=off --lookup-policy=none --palette-type=rgb -p 224 --snap-policy=nearest:timing=all:rate=1:channel_l=0.85 --mapfile-output=act:{palette} {input},{lsqa} '--loaders=builtin!' {input} -
85a2674e53a2d7b75c6944b5a87b04ee9ea182b1,macOS-26.5.1-arm64-arm-64bit,natural-snake,natural photograph,224,din99d,DIN99d,reversible-all,reversible / all / rate 1,True,reversible,all,1.0,0.85,0.986971,2.219583,2.160011,224,672,0,0,0.0,0.0,0,317001,{img2sixel} --threads=1 --precision=float32 --quality=full '--loaders=builtin!' --sampling-policy=full-frame --binning-policy=hard --quantize-model=kmeans:seed=1:binbits=6 --merge-policy=none --cover-policy=off -Xdin99d -Wdin99d --diffusion=fs:scan=raster --gpu-policy=off --lookup-policy=none --palette-type=rgb -p 224 --snap-policy=reversible:timing=all:rate=1:channel_l=0.85 --mapfile-output=act:{palette} {input},{lsqa} '--loaders=builtin!' {input} -
85a2674e53a2d7b75c6944b5a87b04ee9ea182b1,macOS-26.5.1-arm64-arm-64bit,natural-snake,natural photograph,226,gamma,sRGB gamma,off,snap off,False,none,off,0.0,0.85,0.990027,2.367629,1.945066,226,678,210,412,0.6076696165191741,0.6076696165191741,1,298851,{img2sixel} --threads=1 --precision=float32 --quality=full '--loaders=builtin!' --sampling-policy=full-frame --binning-policy=hard --quantize-model=kmeans:seed=1:binbits=6 --merge-policy=none --cover-policy=off -Xgamma -Wgamma --diffusion=fs:scan=raster --gpu-policy=off --lookup-policy=none --palette-type=rgb -p 226 --snap-policy=none --mapfile-output=act:{palette} {input},{lsqa} '--loaders=builtin!' {input} -
85a2674e53a2d7b75c6944b5a87b04ee9ea182b1,macOS-26.5.1-arm64-arm-64bit,natural-snake,natural photograph,226,gamma,sRGB gamma,nearest-quarter,nearest / all / rate 0.25,True,nearest,all,0.25,0.85,0.990345,2.328753,1.935756,226,678,150,193,0.28466076696165193,0.28466076696165193,1,299436,{img2sixel} --threads=1 --precision=float32 --quality=full '--loaders=builtin!' --sampling-policy=full-frame --binning-policy=hard --quantize-model=kmeans:seed=1:binbits=6 --merge-policy=none --cover-policy=off -Xgamma -Wgamma --diffusion=fs:scan=raster --gpu-policy=off --lookup-policy=none --palette-type=rgb -p 226 --snap-policy=nearest:timing=all:rate=0.25:channel_l=0.85 --mapfile-output=act:{palette} {input},{lsqa} '--loaders=builtin!' {input} -
85a2674e53a2d7b75c6944b5a87b04ee9ea182b1,macOS-26.5.1-arm64-arm-64bit,natural-snake,natural photograph,226,gamma,sRGB gamma,nearest-once,nearest / once / rate 1,True,nearest,once,1.0,0.85,0.990021,2.344968,1.989266,226,678,0,0,0.0,0.0,0,304672,{img2sixel} --threads=1 --precision=float32 --quality=full '--loaders=builtin!' --sampling-policy=full-frame --binning-policy=hard --quantize-model=kmeans:seed=1:binbits=6 --merge-policy=none --cover-policy=off -Xgamma -Wgamma --diffusion=fs:scan=raster --gpu-policy=off --lookup-policy=none --palette-type=rgb -p 226 --snap-policy=nearest:timing=once:rate=1:channel_l=0.85 --mapfile-output=act:{palette} {input},{lsqa} '--loaders=builtin!' {input} -
85a2674e53a2d7b75c6944b5a87b04ee9ea182b1,macOS-26.5.1-arm64-arm-64bit,natural-snake,natural photograph,226,gamma,sRGB gamma,nearest-all,nearest / all / rate 1,True,nearest,all,1.0,0.85,0.989467,2.390609,1.96014,226,678,0,0,0.0,0.0,0,302591,{img2sixel} --threads=1 --precision=float32 --quality=full '--loaders=builtin!' --sampling-policy=full-frame --binning-policy=hard --quantize-model=kmeans:seed=1:binbits=6 --merge-policy=none --cover-policy=off -Xgamma -Wgamma --diffusion=fs:scan=raster --gpu-policy=off --lookup-policy=none --palette-type=rgb -p 226 --snap-policy=nearest:timing=all:rate=1:channel_l=0.85 --mapfile-output=act:{palette} {input},{lsqa} '--loaders=builtin!' {input} -
85a2674e53a2d7b75c6944b5a87b04ee9ea182b1,macOS-26.5.1-arm64-arm-64bit,natural-snake,natural photograph,226,gamma,sRGB gamma,reversible-all,reversible / all / rate 1,True,reversible,all,1.0,0.85,0.987982,2.444651,1.963524,226,678,0,0,0.0,0.0,0,299527,{img2sixel} --threads=1 --precision=float32 --quality=full '--loaders=builtin!' --sampling-policy=full-frame --binning-policy=hard --quantize-model=kmeans:seed=1:binbits=6 --merge-policy=none --cover-policy=off -Xgamma -Wgamma --diffusion=fs:scan=raster --gpu-policy=off --lookup-policy=none --palette-type=rgb -p 226 --snap-policy=reversible:timing=all:rate=1:channel_l=0.85 --mapfile-output=act:{palette} {input},{lsqa} '--loaders=builtin!' {input} -
85a2674e53a2d7b75c6944b5a87b04ee9ea182b1,macOS-26.5.1-arm64-arm-64bit,natural-snake,natural photograph,226,linear,linear RGB,off,snap off,False,none,off,0.0,0.85,0.991976,2.413546,2.745656,226,678,207,387,0.5707964601769911,0.5707964601769911,1,326073,{img2sixel} --threads=1 --precision=float32 --quality=full '--loaders=builtin!' --sampling-policy=full-frame --binning-policy=hard --quantize-model=kmeans:seed=1:binbits=6 --merge-policy=none --cover-policy=off -Xlinear -Wlinear --diffusion=fs:scan=raster --gpu-policy=off --lookup-policy=none --palette-type=rgb -p 226 --snap-policy=none --mapfile-output=act:{palette} {input},{lsqa} '--loaders=builtin!' {input} -
85a2674e53a2d7b75c6944b5a87b04ee9ea182b1,macOS-26.5.1-arm64-arm-64bit,natural-snake,natural photograph,226,linear,linear RGB,nearest-quarter,nearest / all / rate 0.25,True,nearest,all,0.25,0.85,0.992052,2.325817,2.642566,226,678,121,164,0.24188790560471976,0.24188790560471976,1,326312,{img2sixel} --threads=1 --precision=float32 --quality=full '--loaders=builtin!' --sampling-policy=full-frame --binning-policy=hard --quantize-model=kmeans:seed=1:binbits=6 --merge-policy=none --cover-policy=off -Xlinear -Wlinear --diffusion=fs:scan=raster --gpu-policy=off --lookup-policy=none --palette-type=rgb -p 226 --snap-policy=nearest:timing=all:rate=0.25:channel_l=0.85 --mapfile-output=act:{palette} {input},{lsqa} '--loaders=builtin!' {input} -
85a2674e53a2d7b75c6944b5a87b04ee9ea182b1,macOS-26.5.1-arm64-arm-64bit,natural-snake,natural photograph,226,linear,linear RGB,nearest-once,nearest / once / rate 1,True,nearest,once,1.0,0.85,0.992219,2.317717,2.641541,226,678,0,0,0.0,0.0,0,327187,{img2sixel} --threads=1 --precision=float32 --quality=full '--loaders=builtin!' --sampling-policy=full-frame --binning-policy=hard --quantize-model=kmeans:seed=1:binbits=6 --merge-policy=none --cover-policy=off -Xlinear -Wlinear --diffusion=fs:scan=raster --gpu-policy=off --lookup-policy=none --palette-type=rgb -p 226 --snap-policy=nearest:timing=once:rate=1:channel_l=0.85 --mapfile-output=act:{palette} {input},{lsqa} '--loaders=builtin!' {input} -
85a2674e53a2d7b75c6944b5a87b04ee9ea182b1,macOS-26.5.1-arm64-arm-64bit,natural-snake,natural photograph,226,linear,linear RGB,nearest-all,nearest / all / rate 1,True,nearest,all,1.0,0.85,0.991666,2.3418,2.668829,226,678,0,0,0.0,0.0,0,326935,{img2sixel} --threads=1 --precision=float32 --quality=full '--loaders=builtin!' --sampling-policy=full-frame --binning-policy=hard --quantize-model=kmeans:seed=1:binbits=6 --merge-policy=none --cover-policy=off -Xlinear -Wlinear --diffusion=fs:scan=raster --gpu-policy=off --lookup-policy=none --palette-type=rgb -p 226 --snap-policy=nearest:timing=all:rate=1:channel_l=0.85 --mapfile-output=act:{palette} {input},{lsqa} '--loaders=builtin!' {input} -
85a2674e53a2d7b75c6944b5a87b04ee9ea182b1,macOS-26.5.1-arm64-arm-64bit,natural-snake,natural photograph,226,linear,linear RGB,reversible-all,reversible / all / rate 1,True,reversible,all,1.0,0.85,0.991581,2.384168,2.697583,226,678,0,0,0.0,0.0,0,327961,{img2sixel} --threads=1 --precision=float32 --quality=full '--loaders=builtin!' --sampling-policy=full-frame --binning-policy=hard --quantize-model=kmeans:seed=1:binbits=6 --merge-policy=none --cover-policy=off -Xlinear -Wlinear --diffusion=fs:scan=raster --gpu-policy=off --lookup-policy=none --palette-type=rgb -p 226 --snap-policy=reversible:timing=all:rate=1:channel_l=0.85 --mapfile-output=act:{palette} {input},{lsqa} '--loaders=builtin!' {input} -
85a2674e53a2d7b75c6944b5a87b04ee9ea182b1,macOS-26.5.1-arm64-arm-64bit,natural-snake,natural photograph,226,oklab,OKLab,off,snap off,False,none,off,0.0,0.85,0.993007,2.467854,2.515861,226,678,219,412,0.6076696165191741,0.6076696165191741,1,331017,{img2sixel} --threads=1 --precision=float32 --quality=full '--loaders=builtin!' --sampling-policy=full-frame --binning-policy=hard --quantize-model=kmeans:seed=1:binbits=6 --merge-policy=none --cover-policy=off -Xoklab -Woklab --diffusion=fs:scan=raster --gpu-policy=off --lookup-policy=none --palette-type=rgb -p 226 --snap-policy=none --mapfile-output=act:{palette} {input},{lsqa} '--loaders=builtin!' {input} -
85a2674e53a2d7b75c6944b5a87b04ee9ea182b1,macOS-26.5.1-arm64-arm-64bit,natural-snake,natural photograph,226,oklab,OKLab,nearest-quarter,nearest / all / rate 0.25,True,nearest,all,0.25,0.85,0.994213,2.517645,2.426012,226,678,172,290,0.4277286135693215,0.4277286135693215,1,326233,{img2sixel} --threads=1 --precision=float32 --quality=full '--loaders=builtin!' --sampling-policy=full-frame --binning-policy=hard --quantize-model=kmeans:seed=1:binbits=6 --merge-policy=none --cover-policy=off -Xoklab -Woklab --diffusion=fs:scan=raster --gpu-policy=off --lookup-policy=none --palette-type=rgb -p 226 --snap-policy=nearest:timing=all:rate=0.25:channel_l=0.85 --mapfile-output=act:{palette} {input},{lsqa} '--loaders=builtin!' {input} -
85a2674e53a2d7b75c6944b5a87b04ee9ea182b1,macOS-26.5.1-arm64-arm-64bit,natural-snake,natural photograph,226,oklab,OKLab,nearest-once,nearest / once / rate 1,True,nearest,once,1.0,0.85,0.994108,2.519694,2.427878,226,678,0,0,0.0,0.0,0,332205,{img2sixel} --threads=1 --precision=float32 --quality=full '--loaders=builtin!' --sampling-policy=full-frame --binning-policy=hard --quantize-model=kmeans:seed=1:binbits=6 --merge-policy=none --cover-policy=off -Xoklab -Woklab --diffusion=fs:scan=raster --gpu-policy=off --lookup-policy=none --palette-type=rgb -p 226 --snap-policy=nearest:timing=once:rate=1:channel_l=0.85 --mapfile-output=act:{palette} {input},{lsqa} '--loaders=builtin!' {input} -
85a2674e53a2d7b75c6944b5a87b04ee9ea182b1,macOS-26.5.1-arm64-arm-64bit,natural-snake,natural photograph,226,oklab,OKLab,nearest-all,nearest / all / rate 1,True,nearest,all,1.0,0.85,0.99395,2.480618,2.407757,226,678,0,0,0.0,0.0,0,330402,{img2sixel} --threads=1 --precision=float32 --quality=full '--loaders=builtin!' --sampling-policy=full-frame --binning-policy=hard --quantize-model=kmeans:seed=1:binbits=6 --merge-policy=none --cover-policy=off -Xoklab -Woklab --diffusion=fs:scan=raster --gpu-policy=off --lookup-policy=none --palette-type=rgb -p 226 --snap-policy=nearest:timing=all:rate=1:channel_l=0.85 --mapfile-output=act:{palette} {input},{lsqa} '--loaders=builtin!' {input} -
85a2674e53a2d7b75c6944b5a87b04ee9ea182b1,macOS-26.5.1-arm64-arm-64bit,natural-snake,natural photograph,226,oklab,OKLab,reversible-all,reversible / all / rate 1,True,reversible,all,1.0,0.85,0.993698,2.43518,2.454579,226,678,0,0,0.0,0.0,0,323504,{img2sixel} --threads=1 --precision=float32 --quality=full '--loaders=builtin!' --sampling-policy=full-frame --binning-policy=hard --quantize-model=kmeans:seed=1:binbits=6 --merge-policy=none --cover-policy=off -Xoklab -Woklab --diffusion=fs:scan=raster --gpu-policy=off --lookup-policy=none --palette-type=rgb -p 226 --snap-policy=reversible:timing=all:rate=1:channel_l=0.85 --mapfile-output=act:{palette} {input},{lsqa} '--loaders=builtin!' {input} -
85a2674e53a2d7b75c6944b5a87b04ee9ea182b1,macOS-26.5.1-arm64-arm-64bit,natural-snake,natural photograph,226,cielab,CIELAB,off,snap off,False,none,off,0.0,0.85,0.987128,2.323073,1.684009,226,678,211,409,0.6032448377581121,0.6032448377581121,1,327193,{img2sixel} --threads=1 --precision=float32 --quality=full '--loaders=builtin!' --sampling-policy=full-frame --binning-policy=hard --quantize-model=kmeans:seed=1:binbits=6 --merge-policy=none --cover-policy=off -Xcielab -Wcielab --diffusion=fs:scan=raster --gpu-policy=off --lookup-policy=none --palette-type=rgb -p 226 --snap-policy=none --mapfile-output=act:{palette} {input},{lsqa} '--loaders=builtin!' {input} -
85a2674e53a2d7b75c6944b5a87b04ee9ea182b1,macOS-26.5.1-arm64-arm-64bit,natural-snake,natural photograph,226,cielab,CIELAB,nearest-quarter,nearest / all / rate 0.25,True,nearest,all,0.25,0.85,0.987756,2.28903,1.69079,226,678,149,233,0.34365781710914456,0.34365781710914456,1,326605,{img2sixel} --threads=1 --precision=float32 --quality=full '--loaders=builtin!' --sampling-policy=full-frame --binning-policy=hard --quantize-model=kmeans:seed=1:binbits=6 --merge-policy=none --cover-policy=off -Xcielab -Wcielab --diffusion=fs:scan=raster --gpu-policy=off --lookup-policy=none --palette-type=rgb -p 226 --snap-policy=nearest:timing=all:rate=0.25:channel_l=0.85 --mapfile-output=act:{palette} {input},{lsqa} '--loaders=builtin!' {input} -
85a2674e53a2d7b75c6944b5a87b04ee9ea182b1,macOS-26.5.1-arm64-arm-64bit,natural-snake,natural photograph,226,cielab,CIELAB,nearest-once,nearest / once / rate 1,True,nearest,once,1.0,0.85,0.987815,2.212391,1.643046,226,678,0,0,0.0,0.0,0,331259,{img2sixel} --threads=1 --precision=float32 --quality=full '--loaders=builtin!' --sampling-policy=full-frame --binning-policy=hard --quantize-model=kmeans:seed=1:binbits=6 --merge-policy=none --cover-policy=off -Xcielab -Wcielab --diffusion=fs:scan=raster --gpu-policy=off --lookup-policy=none --palette-type=rgb -p 226 --snap-policy=nearest:timing=once:rate=1:channel_l=0.85 --mapfile-output=act:{palette} {input},{lsqa} '--loaders=builtin!' {input} -
85a2674e53a2d7b75c6944b5a87b04ee9ea182b1,macOS-26.5.1-arm64-arm-64bit,natural-snake,natural photograph,226,cielab,CIELAB,nearest-all,nearest / all / rate 1,True,nearest,all,1.0,0.85,0.988233,2.218477,1.670284,226,678,0,0,0.0,0.0,0,331629,{img2sixel} --threads=1 --precision=float32 --quality=full '--loaders=builtin!' --sampling-policy=full-frame --binning-policy=hard --quantize-model=kmeans:seed=1:binbits=6 --merge-policy=none --cover-policy=off -Xcielab -Wcielab --diffusion=fs:scan=raster --gpu-policy=off --lookup-policy=none --palette-type=rgb -p 226 --snap-policy=nearest:timing=all:rate=1:channel_l=0.85 --mapfile-output=act:{palette} {input},{lsqa} '--loaders=builtin!' {input} -
85a2674e53a2d7b75c6944b5a87b04ee9ea182b1,macOS-26.5.1-arm64-arm-64bit,natural-snake,natural photograph,226,cielab,CIELAB,reversible-all,reversible / all / rate 1,True,reversible,all,1.0,0.85,0.987072,2.254425,1.71587,226,678,0,0,0.0,0.0,0,323604,{img2sixel} --threads=1 --precision=float32 --quality=full '--loaders=builtin!' --sampling-policy=full-frame --binning-policy=hard --quantize-model=kmeans:seed=1:binbits=6 --merge-policy=none --cover-policy=off -Xcielab -Wcielab --diffusion=fs:scan=raster --gpu-policy=off --lookup-policy=none --palette-type=rgb -p 226 --snap-policy=reversible:timing=all:rate=1:channel_l=0.85 --mapfile-output=act:{palette} {input},{lsqa} '--loaders=builtin!' {input} -
85a2674e53a2d7b75c6944b5a87b04ee9ea182b1,macOS-26.5.1-arm64-arm-64bit,natural-snake,natural photograph,226,din99d,DIN99d,off,snap off,False,none,off,0.0,0.85,0.987975,2.216537,2.12969,226,678,220,422,0.6224188790560472,0.6224188790560472,1,322747,{img2sixel} --threads=1 --precision=float32 --quality=full '--loaders=builtin!' --sampling-policy=full-frame --binning-policy=hard --quantize-model=kmeans:seed=1:binbits=6 --merge-policy=none --cover-policy=off -Xdin99d -Wdin99d --diffusion=fs:scan=raster --gpu-policy=off --lookup-policy=none --palette-type=rgb -p 226 --snap-policy=none --mapfile-output=act:{palette} {input},{lsqa} '--loaders=builtin!' {input} -
85a2674e53a2d7b75c6944b5a87b04ee9ea182b1,macOS-26.5.1-arm64-arm-64bit,natural-snake,natural photograph,226,din99d,DIN99d,nearest-quarter,nearest / all / rate 0.25,True,nearest,all,0.25,0.85,0.988156,2.126797,2.115218,226,678,149,217,0.3200589970501475,0.3200589970501475,1,324678,{img2sixel} --threads=1 --precision=float32 --quality=full '--loaders=builtin!' --sampling-policy=full-frame --binning-policy=hard --quantize-model=kmeans:seed=1:binbits=6 --merge-policy=none --cover-policy=off -Xdin99d -Wdin99d --diffusion=fs:scan=raster --gpu-policy=off --lookup-policy=none --palette-type=rgb -p 226 --snap-policy=nearest:timing=all:rate=0.25:channel_l=0.85 --mapfile-output=act:{palette} {input},{lsqa} '--loaders=builtin!' {input} -
85a2674e53a2d7b75c6944b5a87b04ee9ea182b1,macOS-26.5.1-arm64-arm-64bit,natural-snake,natural photograph,226,din99d,DIN99d,nearest-once,nearest / once / rate 1,True,nearest,once,1.0,0.85,0.98812,2.158521,2.072844,226,678,0,0,0.0,0.0,0,327960,{img2sixel} --threads=1 --precision=float32 --quality=full '--loaders=builtin!' --sampling-policy=full-frame --binning-policy=hard --quantize-model=kmeans:seed=1:binbits=6 --merge-policy=none --cover-policy=off -Xdin99d -Wdin99d --diffusion=fs:scan=raster --gpu-policy=off --lookup-policy=none --palette-type=rgb -p 226 --snap-policy=nearest:timing=once:rate=1:channel_l=0.85 --mapfile-output=act:{palette} {input},{lsqa} '--loaders=builtin!' {input} -
85a2674e53a2d7b75c6944b5a87b04ee9ea182b1,macOS-26.5.1-arm64-arm-64bit,natural-snake,natural photograph,226,din99d,DIN99d,nearest-all,nearest / all / rate 1,True,nearest,all,1.0,0.85,0.988205,2.144135,2.09834,226,678,0,0,0.0,0.0,0,326125,{img2sixel} --threads=1 --precision=float32 --quality=full '--loaders=builtin!' --sampling-policy=full-frame --binning-policy=hard --quantize-model=kmeans:seed=1:binbits=6 --merge-policy=none --cover-policy=off -Xdin99d -Wdin99d --diffusion=fs:scan=raster --gpu-policy=off --lookup-policy=none --palette-type=rgb -p 226 --snap-policy=nearest:timing=all:rate=1:channel_l=0.85 --mapfile-output=act:{palette} {input},{lsqa} '--loaders=builtin!' {input} -
85a2674e53a2d7b75c6944b5a87b04ee9ea182b1,macOS-26.5.1-arm64-arm-64bit,natural-snake,natural photograph,226,din99d,DIN99d,reversible-all,reversible / all / rate 1,True,reversible,all,1.0,0.85,0.986838,2.22,2.157141,226,678,0,0,0.0,0.0,0,319402,{img2sixel} --threads=1 --precision=float32 --quality=full '--loaders=builtin!' --sampling-policy=full-frame --binning-policy=hard --quantize-model=kmeans:seed=1:binbits=6 --merge-policy=none --cover-policy=off -Xdin99d -Wdin99d --diffusion=fs:scan=raster --gpu-policy=off --lookup-policy=none --palette-type=rgb -p 226 --snap-policy=reversible:timing=all:rate=1:channel_l=0.85 --mapfile-output=act:{palette} {input},{lsqa} '--loaders=builtin!' {input} -
85a2674e53a2d7b75c6944b5a87b04ee9ea182b1,macOS-26.5.1-arm64-arm-64bit,natural-snake,natural photograph,228,gamma,sRGB gamma,off,snap off,False,none,off,0.0,0.85,0.990085,2.362663,1.941583,228,684,210,427,0.6242690058479532,0.6242690058479532,1,299781,{img2sixel} --threads=1 --precision=float32 --quality=full '--loaders=builtin!' --sampling-policy=full-frame --binning-policy=hard --quantize-model=kmeans:seed=1:binbits=6 --merge-policy=none --cover-policy=off -Xgamma -Wgamma --diffusion=fs:scan=raster --gpu-policy=off --lookup-policy=none --palette-type=rgb -p 228 --snap-policy=none --mapfile-output=act:{palette} {input},{lsqa} '--loaders=builtin!' {input} -
85a2674e53a2d7b75c6944b5a87b04ee9ea182b1,macOS-26.5.1-arm64-arm-64bit,natural-snake,natural photograph,228,gamma,sRGB gamma,nearest-quarter,nearest / all / rate 0.25,True,nearest,all,0.25,0.85,0.990306,2.328333,1.935863,228,684,146,190,0.2777777777777778,0.2777777777777778,1,299562,{img2sixel} --threads=1 --precision=float32 --quality=full '--loaders=builtin!' --sampling-policy=full-frame --binning-policy=hard --quantize-model=kmeans:seed=1:binbits=6 --merge-policy=none --cover-policy=off -Xgamma -Wgamma --diffusion=fs:scan=raster --gpu-policy=off --lookup-policy=none --palette-type=rgb -p 228 --snap-policy=nearest:timing=all:rate=0.25:channel_l=0.85 --mapfile-output=act:{palette} {input},{lsqa} '--loaders=builtin!' {input} -
85a2674e53a2d7b75c6944b5a87b04ee9ea182b1,macOS-26.5.1-arm64-arm-64bit,natural-snake,natural photograph,228,gamma,sRGB gamma,nearest-once,nearest / once / rate 1,True,nearest,once,1.0,0.85,0.990133,2.338486,1.983433,228,684,0,0,0.0,0.0,0,305058,{img2sixel} --threads=1 --precision=float32 --quality=full '--loaders=builtin!' --sampling-policy=full-frame --binning-policy=hard --quantize-model=kmeans:seed=1:binbits=6 --merge-policy=none --cover-policy=off -Xgamma -Wgamma --diffusion=fs:scan=raster --gpu-policy=off --lookup-policy=none --palette-type=rgb -p 228 --snap-policy=nearest:timing=once:rate=1:channel_l=0.85 --mapfile-output=act:{palette} {input},{lsqa} '--loaders=builtin!' {input} -
85a2674e53a2d7b75c6944b5a87b04ee9ea182b1,macOS-26.5.1-arm64-arm-64bit,natural-snake,natural photograph,228,gamma,sRGB gamma,nearest-all,nearest / all / rate 1,True,nearest,all,1.0,0.85,0.989612,2.378569,1.9511,228,684,0,0,0.0,0.0,0,302999,{img2sixel} --threads=1 --precision=float32 --quality=full '--loaders=builtin!' --sampling-policy=full-frame --binning-policy=hard --quantize-model=kmeans:seed=1:binbits=6 --merge-policy=none --cover-policy=off -Xgamma -Wgamma --diffusion=fs:scan=raster --gpu-policy=off --lookup-policy=none --palette-type=rgb -p 228 --snap-policy=nearest:timing=all:rate=1:channel_l=0.85 --mapfile-output=act:{palette} {input},{lsqa} '--loaders=builtin!' {input} -
85a2674e53a2d7b75c6944b5a87b04ee9ea182b1,macOS-26.5.1-arm64-arm-64bit,natural-snake,natural photograph,228,gamma,sRGB gamma,reversible-all,reversible / all / rate 1,True,reversible,all,1.0,0.85,0.988051,2.436573,1.965262,228,684,0,0,0.0,0.0,0,302538,{img2sixel} --threads=1 --precision=float32 --quality=full '--loaders=builtin!' --sampling-policy=full-frame --binning-policy=hard --quantize-model=kmeans:seed=1:binbits=6 --merge-policy=none --cover-policy=off -Xgamma -Wgamma --diffusion=fs:scan=raster --gpu-policy=off --lookup-policy=none --palette-type=rgb -p 228 --snap-policy=reversible:timing=all:rate=1:channel_l=0.85 --mapfile-output=act:{palette} {input},{lsqa} '--loaders=builtin!' {input} -
85a2674e53a2d7b75c6944b5a87b04ee9ea182b1,macOS-26.5.1-arm64-arm-64bit,natural-snake,natural photograph,228,linear,linear RGB,off,snap off,False,none,off,0.0,0.85,0.99216,2.409149,2.748274,228,684,214,402,0.5877192982456141,0.5877192982456141,1,328001,{img2sixel} --threads=1 --precision=float32 --quality=full '--loaders=builtin!' --sampling-policy=full-frame --binning-policy=hard --quantize-model=kmeans:seed=1:binbits=6 --merge-policy=none --cover-policy=off -Xlinear -Wlinear --diffusion=fs:scan=raster --gpu-policy=off --lookup-policy=none --palette-type=rgb -p 228 --snap-policy=none --mapfile-output=act:{palette} {input},{lsqa} '--loaders=builtin!' {input} -
85a2674e53a2d7b75c6944b5a87b04ee9ea182b1,macOS-26.5.1-arm64-arm-64bit,natural-snake,natural photograph,228,linear,linear RGB,nearest-quarter,nearest / all / rate 0.25,True,nearest,all,0.25,0.85,0.992123,2.324176,2.648175,228,684,126,169,0.24707602339181287,0.24707602339181287,1,327069,{img2sixel} --threads=1 --precision=float32 --quality=full '--loaders=builtin!' --sampling-policy=full-frame --binning-policy=hard --quantize-model=kmeans:seed=1:binbits=6 --merge-policy=none --cover-policy=off -Xlinear -Wlinear --diffusion=fs:scan=raster --gpu-policy=off --lookup-policy=none --palette-type=rgb -p 228 --snap-policy=nearest:timing=all:rate=0.25:channel_l=0.85 --mapfile-output=act:{palette} {input},{lsqa} '--loaders=builtin!' {input} -
85a2674e53a2d7b75c6944b5a87b04ee9ea182b1,macOS-26.5.1-arm64-arm-64bit,natural-snake,natural photograph,228,linear,linear RGB,nearest-once,nearest / once / rate 1,True,nearest,once,1.0,0.85,0.992381,2.301188,2.630228,228,684,0,0,0.0,0.0,0,328949,{img2sixel} --threads=1 --precision=float32 --quality=full '--loaders=builtin!' --sampling-policy=full-frame --binning-policy=hard --quantize-model=kmeans:seed=1:binbits=6 --merge-policy=none --cover-policy=off -Xlinear -Wlinear --diffusion=fs:scan=raster --gpu-policy=off --lookup-policy=none --palette-type=rgb -p 228 --snap-policy=nearest:timing=once:rate=1:channel_l=0.85 --mapfile-output=act:{palette} {input},{lsqa} '--loaders=builtin!' {input} -
85a2674e53a2d7b75c6944b5a87b04ee9ea182b1,macOS-26.5.1-arm64-arm-64bit,natural-snake,natural photograph,228,linear,linear RGB,nearest-all,nearest / all / rate 1,True,nearest,all,1.0,0.85,0.991697,2.333019,2.654999,228,684,0,0,0.0,0.0,0,329312,{img2sixel} --threads=1 --precision=float32 --quality=full '--loaders=builtin!' --sampling-policy=full-frame --binning-policy=hard --quantize-model=kmeans:seed=1:binbits=6 --merge-policy=none --cover-policy=off -Xlinear -Wlinear --diffusion=fs:scan=raster --gpu-policy=off --lookup-policy=none --palette-type=rgb -p 228 --snap-policy=nearest:timing=all:rate=1:channel_l=0.85 --mapfile-output=act:{palette} {input},{lsqa} '--loaders=builtin!' {input} -
85a2674e53a2d7b75c6944b5a87b04ee9ea182b1,macOS-26.5.1-arm64-arm-64bit,natural-snake,natural photograph,228,linear,linear RGB,reversible-all,reversible / all / rate 1,True,reversible,all,1.0,0.85,0.99161,2.380791,2.685149,228,684,0,0,0.0,0.0,0,329257,{img2sixel} --threads=1 --precision=float32 --quality=full '--loaders=builtin!' --sampling-policy=full-frame --binning-policy=hard --quantize-model=kmeans:seed=1:binbits=6 --merge-policy=none --cover-policy=off -Xlinear -Wlinear --diffusion=fs:scan=raster --gpu-policy=off --lookup-policy=none --palette-type=rgb -p 228 --snap-policy=reversible:timing=all:rate=1:channel_l=0.85 --mapfile-output=act:{palette} {input},{lsqa} '--loaders=builtin!' {input} -
85a2674e53a2d7b75c6944b5a87b04ee9ea182b1,macOS-26.5.1-arm64-arm-64bit,natural-snake,natural photograph,228,oklab,OKLab,off,snap off,False,none,off,0.0,0.85,0.992992,2.469085,2.524662,228,684,221,412,0.6023391812865497,0.6023391812865497,1,331694,{img2sixel} --threads=1 --precision=float32 --quality=full '--loaders=builtin!' --sampling-policy=full-frame --binning-policy=hard --quantize-model=kmeans:seed=1:binbits=6 --merge-policy=none --cover-policy=off -Xoklab -Woklab --diffusion=fs:scan=raster --gpu-policy=off --lookup-policy=none --palette-type=rgb -p 228 --snap-policy=none --mapfile-output=act:{palette} {input},{lsqa} '--loaders=builtin!' {input} -
85a2674e53a2d7b75c6944b5a87b04ee9ea182b1,macOS-26.5.1-arm64-arm-64bit,natural-snake,natural photograph,228,oklab,OKLab,nearest-quarter,nearest / all / rate 0.25,True,nearest,all,0.25,0.85,0.994217,2.505351,2.417788,228,684,174,295,0.43128654970760233,0.43128654970760233,1,327932,{img2sixel} --threads=1 --precision=float32 --quality=full '--loaders=builtin!' --sampling-policy=full-frame --binning-policy=hard --quantize-model=kmeans:seed=1:binbits=6 --merge-policy=none --cover-policy=off -Xoklab -Woklab --diffusion=fs:scan=raster --gpu-policy=off --lookup-policy=none --palette-type=rgb -p 228 --snap-policy=nearest:timing=all:rate=0.25:channel_l=0.85 --mapfile-output=act:{palette} {input},{lsqa} '--loaders=builtin!' {input} -
85a2674e53a2d7b75c6944b5a87b04ee9ea182b1,macOS-26.5.1-arm64-arm-64bit,natural-snake,natural photograph,228,oklab,OKLab,nearest-once,nearest / once / rate 1,True,nearest,once,1.0,0.85,0.994109,2.521872,2.428553,228,684,0,0,0.0,0.0,0,333749,{img2sixel} --threads=1 --precision=float32 --quality=full '--loaders=builtin!' --sampling-policy=full-frame --binning-policy=hard --quantize-model=kmeans:seed=1:binbits=6 --merge-policy=none --cover-policy=off -Xoklab -Woklab --diffusion=fs:scan=raster --gpu-policy=off --lookup-policy=none --palette-type=rgb -p 228 --snap-policy=nearest:timing=once:rate=1:channel_l=0.85 --mapfile-output=act:{palette} {input},{lsqa} '--loaders=builtin!' {input} -
85a2674e53a2d7b75c6944b5a87b04ee9ea182b1,macOS-26.5.1-arm64-arm-64bit,natural-snake,natural photograph,228,oklab,OKLab,nearest-all,nearest / all / rate 1,True,nearest,all,1.0,0.85,0.993947,2.484713,2.414587,228,684,0,0,0.0,0.0,0,330961,{img2sixel} --threads=1 --precision=float32 --quality=full '--loaders=builtin!' --sampling-policy=full-frame --binning-policy=hard --quantize-model=kmeans:seed=1:binbits=6 --merge-policy=none --cover-policy=off -Xoklab -Woklab --diffusion=fs:scan=raster --gpu-policy=off --lookup-policy=none --palette-type=rgb -p 228 --snap-policy=nearest:timing=all:rate=1:channel_l=0.85 --mapfile-output=act:{palette} {input},{lsqa} '--loaders=builtin!' {input} -
85a2674e53a2d7b75c6944b5a87b04ee9ea182b1,macOS-26.5.1-arm64-arm-64bit,natural-snake,natural photograph,228,oklab,OKLab,reversible-all,reversible / all / rate 1,True,reversible,all,1.0,0.85,0.993713,2.432074,2.452784,228,684,0,0,0.0,0.0,0,324646,{img2sixel} --threads=1 --precision=float32 --quality=full '--loaders=builtin!' --sampling-policy=full-frame --binning-policy=hard --quantize-model=kmeans:seed=1:binbits=6 --merge-policy=none --cover-policy=off -Xoklab -Woklab --diffusion=fs:scan=raster --gpu-policy=off --lookup-policy=none --palette-type=rgb -p 228 --snap-policy=reversible:timing=all:rate=1:channel_l=0.85 --mapfile-output=act:{palette} {input},{lsqa} '--loaders=builtin!' {input} -
85a2674e53a2d7b75c6944b5a87b04ee9ea182b1,macOS-26.5.1-arm64-arm-64bit,natural-snake,natural photograph,228,cielab,CIELAB,off,snap off,False,none,off,0.0,0.85,0.987314,2.320902,1.679053,228,684,214,418,0.6111111111111112,0.6111111111111112,1,326255,{img2sixel} --threads=1 --precision=float32 --quality=full '--loaders=builtin!' --sampling-policy=full-frame --binning-policy=hard --quantize-model=kmeans:seed=1:binbits=6 --merge-policy=none --cover-policy=off -Xcielab -Wcielab --diffusion=fs:scan=raster --gpu-policy=off --lookup-policy=none --palette-type=rgb -p 228 --snap-policy=none --mapfile-output=act:{palette} {input},{lsqa} '--loaders=builtin!' {input} -
85a2674e53a2d7b75c6944b5a87b04ee9ea182b1,macOS-26.5.1-arm64-arm-64bit,natural-snake,natural photograph,228,cielab,CIELAB,nearest-quarter,nearest / all / rate 0.25,True,nearest,all,0.25,0.85,0.987949,2.295052,1.713262,228,684,149,229,0.3347953216374269,0.3347953216374269,1,327355,{img2sixel} --threads=1 --precision=float32 --quality=full '--loaders=builtin!' --sampling-policy=full-frame --binning-policy=hard --quantize-model=kmeans:seed=1:binbits=6 --merge-policy=none --cover-policy=off -Xcielab -Wcielab --diffusion=fs:scan=raster --gpu-policy=off --lookup-policy=none --palette-type=rgb -p 228 --snap-policy=nearest:timing=all:rate=0.25:channel_l=0.85 --mapfile-output=act:{palette} {input},{lsqa} '--loaders=builtin!' {input} -
85a2674e53a2d7b75c6944b5a87b04ee9ea182b1,macOS-26.5.1-arm64-arm-64bit,natural-snake,natural photograph,228,cielab,CIELAB,nearest-once,nearest / once / rate 1,True,nearest,once,1.0,0.85,0.987785,2.21859,1.644354,228,684,0,0,0.0,0.0,0,331218,{img2sixel} --threads=1 --precision=float32 --quality=full '--loaders=builtin!' --sampling-policy=full-frame --binning-policy=hard --quantize-model=kmeans:seed=1:binbits=6 --merge-policy=none --cover-policy=off -Xcielab -Wcielab --diffusion=fs:scan=raster --gpu-policy=off --lookup-policy=none --palette-type=rgb -p 228 --snap-policy=nearest:timing=once:rate=1:channel_l=0.85 --mapfile-output=act:{palette} {input},{lsqa} '--loaders=builtin!' {input} -
85a2674e53a2d7b75c6944b5a87b04ee9ea182b1,macOS-26.5.1-arm64-arm-64bit,natural-snake,natural photograph,228,cielab,CIELAB,nearest-all,nearest / all / rate 1,True,nearest,all,1.0,0.85,0.988373,2.211735,1.654747,228,684,0,0,0.0,0.0,0,334790,{img2sixel} --threads=1 --precision=float32 --quality=full '--loaders=builtin!' --sampling-policy=full-frame --binning-policy=hard --quantize-model=kmeans:seed=1:binbits=6 --merge-policy=none --cover-policy=off -Xcielab -Wcielab --diffusion=fs:scan=raster --gpu-policy=off --lookup-policy=none --palette-type=rgb -p 228 --snap-policy=nearest:timing=all:rate=1:channel_l=0.85 --mapfile-output=act:{palette} {input},{lsqa} '--loaders=builtin!' {input} -
85a2674e53a2d7b75c6944b5a87b04ee9ea182b1,macOS-26.5.1-arm64-arm-64bit,natural-snake,natural photograph,228,cielab,CIELAB,reversible-all,reversible / all / rate 1,True,reversible,all,1.0,0.85,0.987082,2.237989,1.714072,228,684,0,0,0.0,0.0,0,323806,{img2sixel} --threads=1 --precision=float32 --quality=full '--loaders=builtin!' --sampling-policy=full-frame --binning-policy=hard --quantize-model=kmeans:seed=1:binbits=6 --merge-policy=none --cover-policy=off -Xcielab -Wcielab --diffusion=fs:scan=raster --gpu-policy=off --lookup-policy=none --palette-type=rgb -p 228 --snap-policy=reversible:timing=all:rate=1:channel_l=0.85 --mapfile-output=act:{palette} {input},{lsqa} '--loaders=builtin!' {input} -
85a2674e53a2d7b75c6944b5a87b04ee9ea182b1,macOS-26.5.1-arm64-arm-64bit,natural-snake,natural photograph,228,din99d,DIN99d,off,snap off,False,none,off,0.0,0.85,0.98782,2.206995,2.116322,228,684,222,424,0.6198830409356725,0.6198830409356725,1,324433,{img2sixel} --threads=1 --precision=float32 --quality=full '--loaders=builtin!' --sampling-policy=full-frame --binning-policy=hard --quantize-model=kmeans:seed=1:binbits=6 --merge-policy=none --cover-policy=off -Xdin99d -Wdin99d --diffusion=fs:scan=raster --gpu-policy=off --lookup-policy=none --palette-type=rgb -p 228 --snap-policy=none --mapfile-output=act:{palette} {input},{lsqa} '--loaders=builtin!' {input} -
85a2674e53a2d7b75c6944b5a87b04ee9ea182b1,macOS-26.5.1-arm64-arm-64bit,natural-snake,natural photograph,228,din99d,DIN99d,nearest-quarter,nearest / all / rate 0.25,True,nearest,all,0.25,0.85,0.988256,2.125532,2.109416,228,684,150,223,0.3260233918128655,0.3260233918128655,1,326791,{img2sixel} --threads=1 --precision=float32 --quality=full '--loaders=builtin!' --sampling-policy=full-frame --binning-policy=hard --quantize-model=kmeans:seed=1:binbits=6 --merge-policy=none --cover-policy=off -Xdin99d -Wdin99d --diffusion=fs:scan=raster --gpu-policy=off --lookup-policy=none --palette-type=rgb -p 228 --snap-policy=nearest:timing=all:rate=0.25:channel_l=0.85 --mapfile-output=act:{palette} {input},{lsqa} '--loaders=builtin!' {input} -
85a2674e53a2d7b75c6944b5a87b04ee9ea182b1,macOS-26.5.1-arm64-arm-64bit,natural-snake,natural photograph,228,din99d,DIN99d,nearest-once,nearest / once / rate 1,True,nearest,once,1.0,0.85,0.988358,2.152879,2.082615,228,684,0,0,0.0,0.0,0,329103,{img2sixel} --threads=1 --precision=float32 --quality=full '--loaders=builtin!' --sampling-policy=full-frame --binning-policy=hard --quantize-model=kmeans:seed=1:binbits=6 --merge-policy=none --cover-policy=off -Xdin99d -Wdin99d --diffusion=fs:scan=raster --gpu-policy=off --lookup-policy=none --palette-type=rgb -p 228 --snap-policy=nearest:timing=once:rate=1:channel_l=0.85 --mapfile-output=act:{palette} {input},{lsqa} '--loaders=builtin!' {input} -
85a2674e53a2d7b75c6944b5a87b04ee9ea182b1,macOS-26.5.1-arm64-arm-64bit,natural-snake,natural photograph,228,din99d,DIN99d,nearest-all,nearest / all / rate 1,True,nearest,all,1.0,0.85,0.988184,2.155931,2.10864,228,684,0,0,0.0,0.0,0,327933,{img2sixel} --threads=1 --precision=float32 --quality=full '--loaders=builtin!' --sampling-policy=full-frame --binning-policy=hard --quantize-model=kmeans:seed=1:binbits=6 --merge-policy=none --cover-policy=off -Xdin99d -Wdin99d --diffusion=fs:scan=raster --gpu-policy=off --lookup-policy=none --palette-type=rgb -p 228 --snap-policy=nearest:timing=all:rate=1:channel_l=0.85 --mapfile-output=act:{palette} {input},{lsqa} '--loaders=builtin!' {input} -
85a2674e53a2d7b75c6944b5a87b04ee9ea182b1,macOS-26.5.1-arm64-arm-64bit,natural-snake,natural photograph,228,din99d,DIN99d,reversible-all,reversible / all / rate 1,True,reversible,all,1.0,0.85,0.987233,2.203563,2.138082,228,684,0,0,0.0,0.0,0,321454,{img2sixel} --threads=1 --precision=float32 --quality=full '--loaders=builtin!' --sampling-policy=full-frame --binning-policy=hard --quantize-model=kmeans:seed=1:binbits=6 --merge-policy=none --cover-policy=off -Xdin99d -Wdin99d --diffusion=fs:scan=raster --gpu-policy=off --lookup-policy=none --palette-type=rgb -p 228 --snap-policy=reversible:timing=all:rate=1:channel_l=0.85 --mapfile-output=act:{palette} {input},{lsqa} '--loaders=builtin!' {input} -
85a2674e53a2d7b75c6944b5a87b04ee9ea182b1,macOS-26.5.1-arm64-arm-64bit,natural-snake,natural photograph,230,gamma,sRGB gamma,off,snap off,False,none,off,0.0,0.85,0.990044,2.353004,1.932704,230,690,214,428,0.6202898550724638,0.6202898550724638,1,300666,{img2sixel} --threads=1 --precision=float32 --quality=full '--loaders=builtin!' --sampling-policy=full-frame --binning-policy=hard --quantize-model=kmeans:seed=1:binbits=6 --merge-policy=none --cover-policy=off -Xgamma -Wgamma --diffusion=fs:scan=raster --gpu-policy=off --lookup-policy=none --palette-type=rgb -p 230 --snap-policy=none --mapfile-output=act:{palette} {input},{lsqa} '--loaders=builtin!' {input} -
85a2674e53a2d7b75c6944b5a87b04ee9ea182b1,macOS-26.5.1-arm64-arm-64bit,natural-snake,natural photograph,230,gamma,sRGB gamma,nearest-quarter,nearest / all / rate 0.25,True,nearest,all,0.25,0.85,0.990455,2.300476,1.918698,230,690,148,199,0.28840579710144926,0.28840579710144926,1,302344,{img2sixel} --threads=1 --precision=float32 --quality=full '--loaders=builtin!' --sampling-policy=full-frame --binning-policy=hard --quantize-model=kmeans:seed=1:binbits=6 --merge-policy=none --cover-policy=off -Xgamma -Wgamma --diffusion=fs:scan=raster --gpu-policy=off --lookup-policy=none --palette-type=rgb -p 230 --snap-policy=nearest:timing=all:rate=0.25:channel_l=0.85 --mapfile-output=act:{palette} {input},{lsqa} '--loaders=builtin!' {input} -
85a2674e53a2d7b75c6944b5a87b04ee9ea182b1,macOS-26.5.1-arm64-arm-64bit,natural-snake,natural photograph,230,gamma,sRGB gamma,nearest-once,nearest / once / rate 1,True,nearest,once,1.0,0.85,0.990151,2.32773,1.965284,230,690,0,0,0.0,0.0,0,308047,{img2sixel} --threads=1 --precision=float32 --quality=full '--loaders=builtin!' --sampling-policy=full-frame --binning-policy=hard --quantize-model=kmeans:seed=1:binbits=6 --merge-policy=none --cover-policy=off -Xgamma -Wgamma --diffusion=fs:scan=raster --gpu-policy=off --lookup-policy=none --palette-type=rgb -p 230 --snap-policy=nearest:timing=once:rate=1:channel_l=0.85 --mapfile-output=act:{palette} {input},{lsqa} '--loaders=builtin!' {input} -
85a2674e53a2d7b75c6944b5a87b04ee9ea182b1,macOS-26.5.1-arm64-arm-64bit,natural-snake,natural photograph,230,gamma,sRGB gamma,nearest-all,nearest / all / rate 1,True,nearest,all,1.0,0.85,0.989612,2.376326,1.954595,230,690,0,0,0.0,0.0,0,303740,{img2sixel} --threads=1 --precision=float32 --quality=full '--loaders=builtin!' --sampling-policy=full-frame --binning-policy=hard --quantize-model=kmeans:seed=1:binbits=6 --merge-policy=none --cover-policy=off -Xgamma -Wgamma --diffusion=fs:scan=raster --gpu-policy=off --lookup-policy=none --palette-type=rgb -p 230 --snap-policy=nearest:timing=all:rate=1:channel_l=0.85 --mapfile-output=act:{palette} {input},{lsqa} '--loaders=builtin!' {input} -
85a2674e53a2d7b75c6944b5a87b04ee9ea182b1,macOS-26.5.1-arm64-arm-64bit,natural-snake,natural photograph,230,gamma,sRGB gamma,reversible-all,reversible / all / rate 1,True,reversible,all,1.0,0.85,0.988118,2.42198,1.947792,230,690,0,0,0.0,0.0,0,303533,{img2sixel} --threads=1 --precision=float32 --quality=full '--loaders=builtin!' --sampling-policy=full-frame --binning-policy=hard --quantize-model=kmeans:seed=1:binbits=6 --merge-policy=none --cover-policy=off -Xgamma -Wgamma --diffusion=fs:scan=raster --gpu-policy=off --lookup-policy=none --palette-type=rgb -p 230 --snap-policy=reversible:timing=all:rate=1:channel_l=0.85 --mapfile-output=act:{palette} {input},{lsqa} '--loaders=builtin!' {input} -
85a2674e53a2d7b75c6944b5a87b04ee9ea182b1,macOS-26.5.1-arm64-arm-64bit,natural-snake,natural photograph,230,linear,linear RGB,off,snap off,False,none,off,0.0,0.85,0.992194,2.410975,2.747922,230,690,217,399,0.5782608695652174,0.5782608695652174,1,328605,{img2sixel} --threads=1 --precision=float32 --quality=full '--loaders=builtin!' --sampling-policy=full-frame --binning-policy=hard --quantize-model=kmeans:seed=1:binbits=6 --merge-policy=none --cover-policy=off -Xlinear -Wlinear --diffusion=fs:scan=raster --gpu-policy=off --lookup-policy=none --palette-type=rgb -p 230 --snap-policy=none --mapfile-output=act:{palette} {input},{lsqa} '--loaders=builtin!' {input} -
85a2674e53a2d7b75c6944b5a87b04ee9ea182b1,macOS-26.5.1-arm64-arm-64bit,natural-snake,natural photograph,230,linear,linear RGB,nearest-quarter,nearest / all / rate 0.25,True,nearest,all,0.25,0.85,0.992076,2.321707,2.644971,230,690,147,195,0.2826086956521739,0.2826086956521739,1,328190,{img2sixel} --threads=1 --precision=float32 --quality=full '--loaders=builtin!' --sampling-policy=full-frame --binning-policy=hard --quantize-model=kmeans:seed=1:binbits=6 --merge-policy=none --cover-policy=off -Xlinear -Wlinear --diffusion=fs:scan=raster --gpu-policy=off --lookup-policy=none --palette-type=rgb -p 230 --snap-policy=nearest:timing=all:rate=0.25:channel_l=0.85 --mapfile-output=act:{palette} {input},{lsqa} '--loaders=builtin!' {input} -
85a2674e53a2d7b75c6944b5a87b04ee9ea182b1,macOS-26.5.1-arm64-arm-64bit,natural-snake,natural photograph,230,linear,linear RGB,nearest-once,nearest / once / rate 1,True,nearest,once,1.0,0.85,0.992341,2.305123,2.633265,230,690,0,0,0.0,0.0,0,328705,{img2sixel} --threads=1 --precision=float32 --quality=full '--loaders=builtin!' --sampling-policy=full-frame --binning-policy=hard --quantize-model=kmeans:seed=1:binbits=6 --merge-policy=none --cover-policy=off -Xlinear -Wlinear --diffusion=fs:scan=raster --gpu-policy=off --lookup-policy=none --palette-type=rgb -p 230 --snap-policy=nearest:timing=once:rate=1:channel_l=0.85 --mapfile-output=act:{palette} {input},{lsqa} '--loaders=builtin!' {input} -
85a2674e53a2d7b75c6944b5a87b04ee9ea182b1,macOS-26.5.1-arm64-arm-64bit,natural-snake,natural photograph,230,linear,linear RGB,nearest-all,nearest / all / rate 1,True,nearest,all,1.0,0.85,0.991716,2.331603,2.655204,230,690,0,0,0.0,0.0,0,329790,{img2sixel} --threads=1 --precision=float32 --quality=full '--loaders=builtin!' --sampling-policy=full-frame --binning-policy=hard --quantize-model=kmeans:seed=1:binbits=6 --merge-policy=none --cover-policy=off -Xlinear -Wlinear --diffusion=fs:scan=raster --gpu-policy=off --lookup-policy=none --palette-type=rgb -p 230 --snap-policy=nearest:timing=all:rate=1:channel_l=0.85 --mapfile-output=act:{palette} {input},{lsqa} '--loaders=builtin!' {input} -
85a2674e53a2d7b75c6944b5a87b04ee9ea182b1,macOS-26.5.1-arm64-arm-64bit,natural-snake,natural photograph,230,linear,linear RGB,reversible-all,reversible / all / rate 1,True,reversible,all,1.0,0.85,0.991663,2.372519,2.673988,230,690,0,0,0.0,0.0,0,330584,{img2sixel} --threads=1 --precision=float32 --quality=full '--loaders=builtin!' --sampling-policy=full-frame --binning-policy=hard --quantize-model=kmeans:seed=1:binbits=6 --merge-policy=none --cover-policy=off -Xlinear -Wlinear --diffusion=fs:scan=raster --gpu-policy=off --lookup-policy=none --palette-type=rgb -p 230 --snap-policy=reversible:timing=all:rate=1:channel_l=0.85 --mapfile-output=act:{palette} {input},{lsqa} '--loaders=builtin!' {input} -
85a2674e53a2d7b75c6944b5a87b04ee9ea182b1,macOS-26.5.1-arm64-arm-64bit,natural-snake,natural photograph,230,oklab,OKLab,off,snap off,False,none,off,0.0,0.85,0.993197,2.46848,2.516381,230,690,222,416,0.6028985507246377,0.6028985507246377,1,333550,{img2sixel} --threads=1 --precision=float32 --quality=full '--loaders=builtin!' --sampling-policy=full-frame --binning-policy=hard --quantize-model=kmeans:seed=1:binbits=6 --merge-policy=none --cover-policy=off -Xoklab -Woklab --diffusion=fs:scan=raster --gpu-policy=off --lookup-policy=none --palette-type=rgb -p 230 --snap-policy=none --mapfile-output=act:{palette} {input},{lsqa} '--loaders=builtin!' {input} -
85a2674e53a2d7b75c6944b5a87b04ee9ea182b1,macOS-26.5.1-arm64-arm-64bit,natural-snake,natural photograph,230,oklab,OKLab,nearest-quarter,nearest / all / rate 0.25,True,nearest,all,0.25,0.85,0.994332,2.502268,2.420036,230,690,178,305,0.4420289855072464,0.4420289855072464,1,330083,{img2sixel} --threads=1 --precision=float32 --quality=full '--loaders=builtin!' --sampling-policy=full-frame --binning-policy=hard --quantize-model=kmeans:seed=1:binbits=6 --merge-policy=none --cover-policy=off -Xoklab -Woklab --diffusion=fs:scan=raster --gpu-policy=off --lookup-policy=none --palette-type=rgb -p 230 --snap-policy=nearest:timing=all:rate=0.25:channel_l=0.85 --mapfile-output=act:{palette} {input},{lsqa} '--loaders=builtin!' {input} -
85a2674e53a2d7b75c6944b5a87b04ee9ea182b1,macOS-26.5.1-arm64-arm-64bit,natural-snake,natural photograph,230,oklab,OKLab,nearest-once,nearest / once / rate 1,True,nearest,once,1.0,0.85,0.994071,2.553028,2.441868,230,690,0,0,0.0,0.0,0,333722,{img2sixel} --threads=1 --precision=float32 --quality=full '--loaders=builtin!' --sampling-policy=full-frame --binning-policy=hard --quantize-model=kmeans:seed=1:binbits=6 --merge-policy=none --cover-policy=off -Xoklab -Woklab --diffusion=fs:scan=raster --gpu-policy=off --lookup-policy=none --palette-type=rgb -p 230 --snap-policy=nearest:timing=once:rate=1:channel_l=0.85 --mapfile-output=act:{palette} {input},{lsqa} '--loaders=builtin!' {input} -
85a2674e53a2d7b75c6944b5a87b04ee9ea182b1,macOS-26.5.1-arm64-arm-64bit,natural-snake,natural photograph,230,oklab,OKLab,nearest-all,nearest / all / rate 1,True,nearest,all,1.0,0.85,0.994046,2.507185,2.417871,230,690,0,0,0.0,0.0,0,332107,{img2sixel} --threads=1 --precision=float32 --quality=full '--loaders=builtin!' --sampling-policy=full-frame --binning-policy=hard --quantize-model=kmeans:seed=1:binbits=6 --merge-policy=none --cover-policy=off -Xoklab -Woklab --diffusion=fs:scan=raster --gpu-policy=off --lookup-policy=none --palette-type=rgb -p 230 --snap-policy=nearest:timing=all:rate=1:channel_l=0.85 --mapfile-output=act:{palette} {input},{lsqa} '--loaders=builtin!' {input} -
85a2674e53a2d7b75c6944b5a87b04ee9ea182b1,macOS-26.5.1-arm64-arm-64bit,natural-snake,natural photograph,230,oklab,OKLab,reversible-all,reversible / all / rate 1,True,reversible,all,1.0,0.85,0.99383,2.426161,2.452077,230,690,0,0,0.0,0.0,0,326237,{img2sixel} --threads=1 --precision=float32 --quality=full '--loaders=builtin!' --sampling-policy=full-frame --binning-policy=hard --quantize-model=kmeans:seed=1:binbits=6 --merge-policy=none --cover-policy=off -Xoklab -Woklab --diffusion=fs:scan=raster --gpu-policy=off --lookup-policy=none --palette-type=rgb -p 230 --snap-policy=reversible:timing=all:rate=1:channel_l=0.85 --mapfile-output=act:{palette} {input},{lsqa} '--loaders=builtin!' {input} -
85a2674e53a2d7b75c6944b5a87b04ee9ea182b1,macOS-26.5.1-arm64-arm-64bit,natural-snake,natural photograph,230,cielab,CIELAB,off,snap off,False,none,off,0.0,0.85,0.987769,2.29174,1.667093,230,690,214,411,0.5956521739130435,0.5956521739130435,1,328895,{img2sixel} --threads=1 --precision=float32 --quality=full '--loaders=builtin!' --sampling-policy=full-frame --binning-policy=hard --quantize-model=kmeans:seed=1:binbits=6 --merge-policy=none --cover-policy=off -Xcielab -Wcielab --diffusion=fs:scan=raster --gpu-policy=off --lookup-policy=none --palette-type=rgb -p 230 --snap-policy=none --mapfile-output=act:{palette} {input},{lsqa} '--loaders=builtin!' {input} -
85a2674e53a2d7b75c6944b5a87b04ee9ea182b1,macOS-26.5.1-arm64-arm-64bit,natural-snake,natural photograph,230,cielab,CIELAB,nearest-quarter,nearest / all / rate 0.25,True,nearest,all,0.25,0.85,0.988251,2.260632,1.681617,230,690,153,244,0.3536231884057971,0.3536231884057971,1,329081,{img2sixel} --threads=1 --precision=float32 --quality=full '--loaders=builtin!' --sampling-policy=full-frame --binning-policy=hard --quantize-model=kmeans:seed=1:binbits=6 --merge-policy=none --cover-policy=off -Xcielab -Wcielab --diffusion=fs:scan=raster --gpu-policy=off --lookup-policy=none --palette-type=rgb -p 230 --snap-policy=nearest:timing=all:rate=0.25:channel_l=0.85 --mapfile-output=act:{palette} {input},{lsqa} '--loaders=builtin!' {input} -
85a2674e53a2d7b75c6944b5a87b04ee9ea182b1,macOS-26.5.1-arm64-arm-64bit,natural-snake,natural photograph,230,cielab,CIELAB,nearest-once,nearest / once / rate 1,True,nearest,once,1.0,0.85,0.988087,2.216227,1.63787,230,690,0,0,0.0,0.0,0,331654,{img2sixel} --threads=1 --precision=float32 --quality=full '--loaders=builtin!' --sampling-policy=full-frame --binning-policy=hard --quantize-model=kmeans:seed=1:binbits=6 --merge-policy=none --cover-policy=off -Xcielab -Wcielab --diffusion=fs:scan=raster --gpu-policy=off --lookup-policy=none --palette-type=rgb -p 230 --snap-policy=nearest:timing=once:rate=1:channel_l=0.85 --mapfile-output=act:{palette} {input},{lsqa} '--loaders=builtin!' {input} -
85a2674e53a2d7b75c6944b5a87b04ee9ea182b1,macOS-26.5.1-arm64-arm-64bit,natural-snake,natural photograph,230,cielab,CIELAB,nearest-all,nearest / all / rate 1,True,nearest,all,1.0,0.85,0.98796,2.231728,1.673158,230,690,0,0,0.0,0.0,0,334888,{img2sixel} --threads=1 --precision=float32 --quality=full '--loaders=builtin!' --sampling-policy=full-frame --binning-policy=hard --quantize-model=kmeans:seed=1:binbits=6 --merge-policy=none --cover-policy=off -Xcielab -Wcielab --diffusion=fs:scan=raster --gpu-policy=off --lookup-policy=none --palette-type=rgb -p 230 --snap-policy=nearest:timing=all:rate=1:channel_l=0.85 --mapfile-output=act:{palette} {input},{lsqa} '--loaders=builtin!' {input} -
85a2674e53a2d7b75c6944b5a87b04ee9ea182b1,macOS-26.5.1-arm64-arm-64bit,natural-snake,natural photograph,230,cielab,CIELAB,reversible-all,reversible / all / rate 1,True,reversible,all,1.0,0.85,0.987347,2.227827,1.708524,230,690,0,0,0.0,0.0,0,327557,{img2sixel} --threads=1 --precision=float32 --quality=full '--loaders=builtin!' --sampling-policy=full-frame --binning-policy=hard --quantize-model=kmeans:seed=1:binbits=6 --merge-policy=none --cover-policy=off -Xcielab -Wcielab --diffusion=fs:scan=raster --gpu-policy=off --lookup-policy=none --palette-type=rgb -p 230 --snap-policy=reversible:timing=all:rate=1:channel_l=0.85 --mapfile-output=act:{palette} {input},{lsqa} '--loaders=builtin!' {input} -
85a2674e53a2d7b75c6944b5a87b04ee9ea182b1,macOS-26.5.1-arm64-arm-64bit,natural-snake,natural photograph,230,din99d,DIN99d,off,snap off,False,none,off,0.0,0.85,0.987952,2.198397,2.117179,230,690,224,427,0.618840579710145,0.618840579710145,1,324764,{img2sixel} --threads=1 --precision=float32 --quality=full '--loaders=builtin!' --sampling-policy=full-frame --binning-policy=hard --quantize-model=kmeans:seed=1:binbits=6 --merge-policy=none --cover-policy=off -Xdin99d -Wdin99d --diffusion=fs:scan=raster --gpu-policy=off --lookup-policy=none --palette-type=rgb -p 230 --snap-policy=none --mapfile-output=act:{palette} {input},{lsqa} '--loaders=builtin!' {input} -
85a2674e53a2d7b75c6944b5a87b04ee9ea182b1,macOS-26.5.1-arm64-arm-64bit,natural-snake,natural photograph,230,din99d,DIN99d,nearest-quarter,nearest / all / rate 0.25,True,nearest,all,0.25,0.85,0.988341,2.11778,2.106794,230,690,149,228,0.33043478260869563,0.33043478260869563,1,326979,{img2sixel} --threads=1 --precision=float32 --quality=full '--loaders=builtin!' --sampling-policy=full-frame --binning-policy=hard --quantize-model=kmeans:seed=1:binbits=6 --merge-policy=none --cover-policy=off -Xdin99d -Wdin99d --diffusion=fs:scan=raster --gpu-policy=off --lookup-policy=none --palette-type=rgb -p 230 --snap-policy=nearest:timing=all:rate=0.25:channel_l=0.85 --mapfile-output=act:{palette} {input},{lsqa} '--loaders=builtin!' {input} -
85a2674e53a2d7b75c6944b5a87b04ee9ea182b1,macOS-26.5.1-arm64-arm-64bit,natural-snake,natural photograph,230,din99d,DIN99d,nearest-once,nearest / once / rate 1,True,nearest,once,1.0,0.85,0.987951,2.148169,2.076782,230,690,0,0,0.0,0.0,0,330275,{img2sixel} --threads=1 --precision=float32 --quality=full '--loaders=builtin!' --sampling-policy=full-frame --binning-policy=hard --quantize-model=kmeans:seed=1:binbits=6 --merge-policy=none --cover-policy=off -Xdin99d -Wdin99d --diffusion=fs:scan=raster --gpu-policy=off --lookup-policy=none --palette-type=rgb -p 230 --snap-policy=nearest:timing=once:rate=1:channel_l=0.85 --mapfile-output=act:{palette} {input},{lsqa} '--loaders=builtin!' {input} -
85a2674e53a2d7b75c6944b5a87b04ee9ea182b1,macOS-26.5.1-arm64-arm-64bit,natural-snake,natural photograph,230,din99d,DIN99d,nearest-all,nearest / all / rate 1,True,nearest,all,1.0,0.85,0.988182,2.154658,2.105824,230,690,0,0,0.0,0.0,0,329378,{img2sixel} --threads=1 --precision=float32 --quality=full '--loaders=builtin!' --sampling-policy=full-frame --binning-policy=hard --quantize-model=kmeans:seed=1:binbits=6 --merge-policy=none --cover-policy=off -Xdin99d -Wdin99d --diffusion=fs:scan=raster --gpu-policy=off --lookup-policy=none --palette-type=rgb -p 230 --snap-policy=nearest:timing=all:rate=1:channel_l=0.85 --mapfile-output=act:{palette} {input},{lsqa} '--loaders=builtin!' {input} -
85a2674e53a2d7b75c6944b5a87b04ee9ea182b1,macOS-26.5.1-arm64-arm-64bit,natural-snake,natural photograph,230,din99d,DIN99d,reversible-all,reversible / all / rate 1,True,reversible,all,1.0,0.85,0.987803,2.17126,2.120727,230,690,0,0,0.0,0.0,0,322072,{img2sixel} --threads=1 --precision=float32 --quality=full '--loaders=builtin!' --sampling-policy=full-frame --binning-policy=hard --quantize-model=kmeans:seed=1:binbits=6 --merge-policy=none --cover-policy=off -Xdin99d -Wdin99d --diffusion=fs:scan=raster --gpu-policy=off --lookup-policy=none --palette-type=rgb -p 230 --snap-policy=reversible:timing=all:rate=1:channel_l=0.85 --mapfile-output=act:{palette} {input},{lsqa} '--loaders=builtin!' {input} -
85a2674e53a2d7b75c6944b5a87b04ee9ea182b1,macOS-26.5.1-arm64-arm-64bit,natural-snake,natural photograph,232,gamma,sRGB gamma,off,snap off,False,none,off,0.0,0.85,0.989944,2.344807,1.9162,232,696,215,435,0.625,0.625,1,300694,{img2sixel} --threads=1 --precision=float32 --quality=full '--loaders=builtin!' --sampling-policy=full-frame --binning-policy=hard --quantize-model=kmeans:seed=1:binbits=6 --merge-policy=none --cover-policy=off -Xgamma -Wgamma --diffusion=fs:scan=raster --gpu-policy=off --lookup-policy=none --palette-type=rgb -p 232 --snap-policy=none --mapfile-output=act:{palette} {input},{lsqa} '--loaders=builtin!' {input} -
85a2674e53a2d7b75c6944b5a87b04ee9ea182b1,macOS-26.5.1-arm64-arm-64bit,natural-snake,natural photograph,232,gamma,sRGB gamma,nearest-quarter,nearest / all / rate 0.25,True,nearest,all,0.25,0.85,0.990456,2.295866,1.902874,232,696,153,206,0.2959770114942529,0.2959770114942529,1,304119,{img2sixel} --threads=1 --precision=float32 --quality=full '--loaders=builtin!' --sampling-policy=full-frame --binning-policy=hard --quantize-model=kmeans:seed=1:binbits=6 --merge-policy=none --cover-policy=off -Xgamma -Wgamma --diffusion=fs:scan=raster --gpu-policy=off --lookup-policy=none --palette-type=rgb -p 232 --snap-policy=nearest:timing=all:rate=0.25:channel_l=0.85 --mapfile-output=act:{palette} {input},{lsqa} '--loaders=builtin!' {input} -
85a2674e53a2d7b75c6944b5a87b04ee9ea182b1,macOS-26.5.1-arm64-arm-64bit,natural-snake,natural photograph,232,gamma,sRGB gamma,nearest-once,nearest / once / rate 1,True,nearest,once,1.0,0.85,0.989561,2.340927,1.965598,232,696,0,0,0.0,0.0,0,306343,{img2sixel} --threads=1 --precision=float32 --quality=full '--loaders=builtin!' --sampling-policy=full-frame --binning-policy=hard --quantize-model=kmeans:seed=1:binbits=6 --merge-policy=none --cover-policy=off -Xgamma -Wgamma --diffusion=fs:scan=raster --gpu-policy=off --lookup-policy=none --palette-type=rgb -p 232 --snap-policy=nearest:timing=once:rate=1:channel_l=0.85 --mapfile-output=act:{palette} {input},{lsqa} '--loaders=builtin!' {input} -
85a2674e53a2d7b75c6944b5a87b04ee9ea182b1,macOS-26.5.1-arm64-arm-64bit,natural-snake,natural photograph,232,gamma,sRGB gamma,nearest-all,nearest / all / rate 1,True,nearest,all,1.0,0.85,0.989863,2.35098,1.940445,232,696,0,0,0.0,0.0,0,306303,{img2sixel} --threads=1 --precision=float32 --quality=full '--loaders=builtin!' --sampling-policy=full-frame --binning-policy=hard --quantize-model=kmeans:seed=1:binbits=6 --merge-policy=none --cover-policy=off -Xgamma -Wgamma --diffusion=fs:scan=raster --gpu-policy=off --lookup-policy=none --palette-type=rgb -p 232 --snap-policy=nearest:timing=all:rate=1:channel_l=0.85 --mapfile-output=act:{palette} {input},{lsqa} '--loaders=builtin!' {input} -
85a2674e53a2d7b75c6944b5a87b04ee9ea182b1,macOS-26.5.1-arm64-arm-64bit,natural-snake,natural photograph,232,gamma,sRGB gamma,reversible-all,reversible / all / rate 1,True,reversible,all,1.0,0.85,0.988369,2.381255,1.92538,232,696,0,0,0.0,0.0,0,303433,{img2sixel} --threads=1 --precision=float32 --quality=full '--loaders=builtin!' --sampling-policy=full-frame --binning-policy=hard --quantize-model=kmeans:seed=1:binbits=6 --merge-policy=none --cover-policy=off -Xgamma -Wgamma --diffusion=fs:scan=raster --gpu-policy=off --lookup-policy=none --palette-type=rgb -p 232 --snap-policy=reversible:timing=all:rate=1:channel_l=0.85 --mapfile-output=act:{palette} {input},{lsqa} '--loaders=builtin!' {input} -
85a2674e53a2d7b75c6944b5a87b04ee9ea182b1,macOS-26.5.1-arm64-arm-64bit,natural-snake,natural photograph,232,linear,linear RGB,off,snap off,False,none,off,0.0,0.85,0.992247,2.406047,2.728485,232,696,220,400,0.5747126436781609,0.5747126436781609,1,329266,{img2sixel} --threads=1 --precision=float32 --quality=full '--loaders=builtin!' --sampling-policy=full-frame --binning-policy=hard --quantize-model=kmeans:seed=1:binbits=6 --merge-policy=none --cover-policy=off -Xlinear -Wlinear --diffusion=fs:scan=raster --gpu-policy=off --lookup-policy=none --palette-type=rgb -p 232 --snap-policy=none --mapfile-output=act:{palette} {input},{lsqa} '--loaders=builtin!' {input} -
85a2674e53a2d7b75c6944b5a87b04ee9ea182b1,macOS-26.5.1-arm64-arm-64bit,natural-snake,natural photograph,232,linear,linear RGB,nearest-quarter,nearest / all / rate 0.25,True,nearest,all,0.25,0.85,0.992048,2.309519,2.643107,232,696,145,192,0.27586206896551724,0.27586206896551724,1,329352,{img2sixel} --threads=1 --precision=float32 --quality=full '--loaders=builtin!' --sampling-policy=full-frame --binning-policy=hard --quantize-model=kmeans:seed=1:binbits=6 --merge-policy=none --cover-policy=off -Xlinear -Wlinear --diffusion=fs:scan=raster --gpu-policy=off --lookup-policy=none --palette-type=rgb -p 232 --snap-policy=nearest:timing=all:rate=0.25:channel_l=0.85 --mapfile-output=act:{palette} {input},{lsqa} '--loaders=builtin!' {input} -
85a2674e53a2d7b75c6944b5a87b04ee9ea182b1,macOS-26.5.1-arm64-arm-64bit,natural-snake,natural photograph,232,linear,linear RGB,nearest-once,nearest / once / rate 1,True,nearest,once,1.0,0.85,0.99243,2.29619,2.611183,232,696,0,0,0.0,0.0,0,329713,{img2sixel} --threads=1 --precision=float32 --quality=full '--loaders=builtin!' --sampling-policy=full-frame --binning-policy=hard --quantize-model=kmeans:seed=1:binbits=6 --merge-policy=none --cover-policy=off -Xlinear -Wlinear --diffusion=fs:scan=raster --gpu-policy=off --lookup-policy=none --palette-type=rgb -p 232 --snap-policy=nearest:timing=once:rate=1:channel_l=0.85 --mapfile-output=act:{palette} {input},{lsqa} '--loaders=builtin!' {input} -
85a2674e53a2d7b75c6944b5a87b04ee9ea182b1,macOS-26.5.1-arm64-arm-64bit,natural-snake,natural photograph,232,linear,linear RGB,nearest-all,nearest / all / rate 1,True,nearest,all,1.0,0.85,0.991515,2.334424,2.653428,232,696,0,0,0.0,0.0,0,330876,{img2sixel} --threads=1 --precision=float32 --quality=full '--loaders=builtin!' --sampling-policy=full-frame --binning-policy=hard --quantize-model=kmeans:seed=1:binbits=6 --merge-policy=none --cover-policy=off -Xlinear -Wlinear --diffusion=fs:scan=raster --gpu-policy=off --lookup-policy=none --palette-type=rgb -p 232 --snap-policy=nearest:timing=all:rate=1:channel_l=0.85 --mapfile-output=act:{palette} {input},{lsqa} '--loaders=builtin!' {input} -
85a2674e53a2d7b75c6944b5a87b04ee9ea182b1,macOS-26.5.1-arm64-arm-64bit,natural-snake,natural photograph,232,linear,linear RGB,reversible-all,reversible / all / rate 1,True,reversible,all,1.0,0.85,0.991695,2.372872,2.674064,232,696,0,0,0.0,0.0,0,331905,{img2sixel} --threads=1 --precision=float32 --quality=full '--loaders=builtin!' --sampling-policy=full-frame --binning-policy=hard --quantize-model=kmeans:seed=1:binbits=6 --merge-policy=none --cover-policy=off -Xlinear -Wlinear --diffusion=fs:scan=raster --gpu-policy=off --lookup-policy=none --palette-type=rgb -p 232 --snap-policy=reversible:timing=all:rate=1:channel_l=0.85 --mapfile-output=act:{palette} {input},{lsqa} '--loaders=builtin!' {input} -
85a2674e53a2d7b75c6944b5a87b04ee9ea182b1,macOS-26.5.1-arm64-arm-64bit,natural-snake,natural photograph,232,oklab,OKLab,off,snap off,False,none,off,0.0,0.85,0.993263,2.460577,2.503595,232,696,224,416,0.5977011494252874,0.5977011494252874,1,335301,{img2sixel} --threads=1 --precision=float32 --quality=full '--loaders=builtin!' --sampling-policy=full-frame --binning-policy=hard --quantize-model=kmeans:seed=1:binbits=6 --merge-policy=none --cover-policy=off -Xoklab -Woklab --diffusion=fs:scan=raster --gpu-policy=off --lookup-policy=none --palette-type=rgb -p 232 --snap-policy=none --mapfile-output=act:{palette} {input},{lsqa} '--loaders=builtin!' {input} -
85a2674e53a2d7b75c6944b5a87b04ee9ea182b1,macOS-26.5.1-arm64-arm-64bit,natural-snake,natural photograph,232,oklab,OKLab,nearest-quarter,nearest / all / rate 0.25,True,nearest,all,0.25,0.85,0.994375,2.504615,2.404475,232,696,181,312,0.4482758620689655,0.4482758620689655,1,330982,{img2sixel} --threads=1 --precision=float32 --quality=full '--loaders=builtin!' --sampling-policy=full-frame --binning-policy=hard --quantize-model=kmeans:seed=1:binbits=6 --merge-policy=none --cover-policy=off -Xoklab -Woklab --diffusion=fs:scan=raster --gpu-policy=off --lookup-policy=none --palette-type=rgb -p 232 --snap-policy=nearest:timing=all:rate=0.25:channel_l=0.85 --mapfile-output=act:{palette} {input},{lsqa} '--loaders=builtin!' {input} -
85a2674e53a2d7b75c6944b5a87b04ee9ea182b1,macOS-26.5.1-arm64-arm-64bit,natural-snake,natural photograph,232,oklab,OKLab,nearest-once,nearest / once / rate 1,True,nearest,once,1.0,0.85,0.994116,2.537617,2.428153,232,696,0,0,0.0,0.0,0,334229,{img2sixel} --threads=1 --precision=float32 --quality=full '--loaders=builtin!' --sampling-policy=full-frame --binning-policy=hard --quantize-model=kmeans:seed=1:binbits=6 --merge-policy=none --cover-policy=off -Xoklab -Woklab --diffusion=fs:scan=raster --gpu-policy=off --lookup-policy=none --palette-type=rgb -p 232 --snap-policy=nearest:timing=once:rate=1:channel_l=0.85 --mapfile-output=act:{palette} {input},{lsqa} '--loaders=builtin!' {input} -
85a2674e53a2d7b75c6944b5a87b04ee9ea182b1,macOS-26.5.1-arm64-arm-64bit,natural-snake,natural photograph,232,oklab,OKLab,nearest-all,nearest / all / rate 1,True,nearest,all,1.0,0.85,0.994014,2.50163,2.411538,232,696,0,0,0.0,0.0,0,332478,{img2sixel} --threads=1 --precision=float32 --quality=full '--loaders=builtin!' --sampling-policy=full-frame --binning-policy=hard --quantize-model=kmeans:seed=1:binbits=6 --merge-policy=none --cover-policy=off -Xoklab -Woklab --diffusion=fs:scan=raster --gpu-policy=off --lookup-policy=none --palette-type=rgb -p 232 --snap-policy=nearest:timing=all:rate=1:channel_l=0.85 --mapfile-output=act:{palette} {input},{lsqa} '--loaders=builtin!' {input} -
85a2674e53a2d7b75c6944b5a87b04ee9ea182b1,macOS-26.5.1-arm64-arm-64bit,natural-snake,natural photograph,232,oklab,OKLab,reversible-all,reversible / all / rate 1,True,reversible,all,1.0,0.85,0.99379,2.396304,2.419292,232,696,0,0,0.0,0.0,0,329908,{img2sixel} --threads=1 --precision=float32 --quality=full '--loaders=builtin!' --sampling-policy=full-frame --binning-policy=hard --quantize-model=kmeans:seed=1:binbits=6 --merge-policy=none --cover-policy=off -Xoklab -Woklab --diffusion=fs:scan=raster --gpu-policy=off --lookup-policy=none --palette-type=rgb -p 232 --snap-policy=reversible:timing=all:rate=1:channel_l=0.85 --mapfile-output=act:{palette} {input},{lsqa} '--loaders=builtin!' {input} -
85a2674e53a2d7b75c6944b5a87b04ee9ea182b1,macOS-26.5.1-arm64-arm-64bit,natural-snake,natural photograph,232,cielab,CIELAB,off,snap off,False,none,off,0.0,0.85,0.987801,2.28765,1.650589,232,696,217,422,0.6063218390804598,0.6063218390804598,1,330021,{img2sixel} --threads=1 --precision=float32 --quality=full '--loaders=builtin!' --sampling-policy=full-frame --binning-policy=hard --quantize-model=kmeans:seed=1:binbits=6 --merge-policy=none --cover-policy=off -Xcielab -Wcielab --diffusion=fs:scan=raster --gpu-policy=off --lookup-policy=none --palette-type=rgb -p 232 --snap-policy=none --mapfile-output=act:{palette} {input},{lsqa} '--loaders=builtin!' {input} -
85a2674e53a2d7b75c6944b5a87b04ee9ea182b1,macOS-26.5.1-arm64-arm-64bit,natural-snake,natural photograph,232,cielab,CIELAB,nearest-quarter,nearest / all / rate 0.25,True,nearest,all,0.25,0.85,0.988309,2.256358,1.687828,232,696,155,241,0.34626436781609193,0.34626436781609193,1,329838,{img2sixel} --threads=1 --precision=float32 --quality=full '--loaders=builtin!' --sampling-policy=full-frame --binning-policy=hard --quantize-model=kmeans:seed=1:binbits=6 --merge-policy=none --cover-policy=off -Xcielab -Wcielab --diffusion=fs:scan=raster --gpu-policy=off --lookup-policy=none --palette-type=rgb -p 232 --snap-policy=nearest:timing=all:rate=0.25:channel_l=0.85 --mapfile-output=act:{palette} {input},{lsqa} '--loaders=builtin!' {input} -
85a2674e53a2d7b75c6944b5a87b04ee9ea182b1,macOS-26.5.1-arm64-arm-64bit,natural-snake,natural photograph,232,cielab,CIELAB,nearest-once,nearest / once / rate 1,True,nearest,once,1.0,0.85,0.988315,2.20436,1.63419,232,696,0,0,0.0,0.0,0,333611,{img2sixel} --threads=1 --precision=float32 --quality=full '--loaders=builtin!' --sampling-policy=full-frame --binning-policy=hard --quantize-model=kmeans:seed=1:binbits=6 --merge-policy=none --cover-policy=off -Xcielab -Wcielab --diffusion=fs:scan=raster --gpu-policy=off --lookup-policy=none --palette-type=rgb -p 232 --snap-policy=nearest:timing=once:rate=1:channel_l=0.85 --mapfile-output=act:{palette} {input},{lsqa} '--loaders=builtin!' {input} -
85a2674e53a2d7b75c6944b5a87b04ee9ea182b1,macOS-26.5.1-arm64-arm-64bit,natural-snake,natural photograph,232,cielab,CIELAB,nearest-all,nearest / all / rate 1,True,nearest,all,1.0,0.85,0.98794,2.222323,1.668484,232,696,0,0,0.0,0.0,0,333954,{img2sixel} --threads=1 --precision=float32 --quality=full '--loaders=builtin!' --sampling-policy=full-frame --binning-policy=hard --quantize-model=kmeans:seed=1:binbits=6 --merge-policy=none --cover-policy=off -Xcielab -Wcielab --diffusion=fs:scan=raster --gpu-policy=off --lookup-policy=none --palette-type=rgb -p 232 --snap-policy=nearest:timing=all:rate=1:channel_l=0.85 --mapfile-output=act:{palette} {input},{lsqa} '--loaders=builtin!' {input} -
85a2674e53a2d7b75c6944b5a87b04ee9ea182b1,macOS-26.5.1-arm64-arm-64bit,natural-snake,natural photograph,232,cielab,CIELAB,reversible-all,reversible / all / rate 1,True,reversible,all,1.0,0.85,0.987304,2.215993,1.696715,232,696,0,0,0.0,0.0,0,328610,{img2sixel} --threads=1 --precision=float32 --quality=full '--loaders=builtin!' --sampling-policy=full-frame --binning-policy=hard --quantize-model=kmeans:seed=1:binbits=6 --merge-policy=none --cover-policy=off -Xcielab -Wcielab --diffusion=fs:scan=raster --gpu-policy=off --lookup-policy=none --palette-type=rgb -p 232 --snap-policy=reversible:timing=all:rate=1:channel_l=0.85 --mapfile-output=act:{palette} {input},{lsqa} '--loaders=builtin!' {input} -
85a2674e53a2d7b75c6944b5a87b04ee9ea182b1,macOS-26.5.1-arm64-arm-64bit,natural-snake,natural photograph,232,din99d,DIN99d,off,snap off,False,none,off,0.0,0.85,0.988023,2.185214,2.112343,232,696,224,430,0.617816091954023,0.617816091954023,1,326181,{img2sixel} --threads=1 --precision=float32 --quality=full '--loaders=builtin!' --sampling-policy=full-frame --binning-policy=hard --quantize-model=kmeans:seed=1:binbits=6 --merge-policy=none --cover-policy=off -Xdin99d -Wdin99d --diffusion=fs:scan=raster --gpu-policy=off --lookup-policy=none --palette-type=rgb -p 232 --snap-policy=none --mapfile-output=act:{palette} {input},{lsqa} '--loaders=builtin!' {input} -
85a2674e53a2d7b75c6944b5a87b04ee9ea182b1,macOS-26.5.1-arm64-arm-64bit,natural-snake,natural photograph,232,din99d,DIN99d,nearest-quarter,nearest / all / rate 0.25,True,nearest,all,0.25,0.85,0.988388,2.104621,2.062157,232,696,159,239,0.34339080459770116,0.34339080459770116,1,328351,{img2sixel} --threads=1 --precision=float32 --quality=full '--loaders=builtin!' --sampling-policy=full-frame --binning-policy=hard --quantize-model=kmeans:seed=1:binbits=6 --merge-policy=none --cover-policy=off -Xdin99d -Wdin99d --diffusion=fs:scan=raster --gpu-policy=off --lookup-policy=none --palette-type=rgb -p 232 --snap-policy=nearest:timing=all:rate=0.25:channel_l=0.85 --mapfile-output=act:{palette} {input},{lsqa} '--loaders=builtin!' {input} -
85a2674e53a2d7b75c6944b5a87b04ee9ea182b1,macOS-26.5.1-arm64-arm-64bit,natural-snake,natural photograph,232,din99d,DIN99d,nearest-once,nearest / once / rate 1,True,nearest,once,1.0,0.85,0.98812,2.133282,2.063003,232,696,0,0,0.0,0.0,0,331542,{img2sixel} --threads=1 --precision=float32 --quality=full '--loaders=builtin!' --sampling-policy=full-frame --binning-policy=hard --quantize-model=kmeans:seed=1:binbits=6 --merge-policy=none --cover-policy=off -Xdin99d -Wdin99d --diffusion=fs:scan=raster --gpu-policy=off --lookup-policy=none --palette-type=rgb -p 232 --snap-policy=nearest:timing=once:rate=1:channel_l=0.85 --mapfile-output=act:{palette} {input},{lsqa} '--loaders=builtin!' {input} -
85a2674e53a2d7b75c6944b5a87b04ee9ea182b1,macOS-26.5.1-arm64-arm-64bit,natural-snake,natural photograph,232,din99d,DIN99d,nearest-all,nearest / all / rate 1,True,nearest,all,1.0,0.85,0.988416,2.125063,2.09124,232,696,0,0,0.0,0.0,0,328319,{img2sixel} --threads=1 --precision=float32 --quality=full '--loaders=builtin!' --sampling-policy=full-frame --binning-policy=hard --quantize-model=kmeans:seed=1:binbits=6 --merge-policy=none --cover-policy=off -Xdin99d -Wdin99d --diffusion=fs:scan=raster --gpu-policy=off --lookup-policy=none --palette-type=rgb -p 232 --snap-policy=nearest:timing=all:rate=1:channel_l=0.85 --mapfile-output=act:{palette} {input},{lsqa} '--loaders=builtin!' {input} -
85a2674e53a2d7b75c6944b5a87b04ee9ea182b1,macOS-26.5.1-arm64-arm-64bit,natural-snake,natural photograph,232,din99d,DIN99d,reversible-all,reversible / all / rate 1,True,reversible,all,1.0,0.85,0.98858,2.1329,2.091028,232,696,0,0,0.0,0.0,0,324571,{img2sixel} --threads=1 --precision=float32 --quality=full '--loaders=builtin!' --sampling-policy=full-frame --binning-policy=hard --quantize-model=kmeans:seed=1:binbits=6 --merge-policy=none --cover-policy=off -Xdin99d -Wdin99d --diffusion=fs:scan=raster --gpu-policy=off --lookup-policy=none --palette-type=rgb -p 232 --snap-policy=reversible:timing=all:rate=1:channel_l=0.85 --mapfile-output=act:{palette} {input},{lsqa} '--loaders=builtin!' {input} -
85a2674e53a2d7b75c6944b5a87b04ee9ea182b1,macOS-26.5.1-arm64-arm-64bit,natural-snake,natural photograph,234,gamma,sRGB gamma,off,snap off,False,none,off,0.0,0.85,0.990029,2.332776,1.917251,234,702,215,425,0.6054131054131054,0.6054131054131054,1,302257,{img2sixel} --threads=1 --precision=float32 --quality=full '--loaders=builtin!' --sampling-policy=full-frame --binning-policy=hard --quantize-model=kmeans:seed=1:binbits=6 --merge-policy=none --cover-policy=off -Xgamma -Wgamma --diffusion=fs:scan=raster --gpu-policy=off --lookup-policy=none --palette-type=rgb -p 234 --snap-policy=none --mapfile-output=act:{palette} {input},{lsqa} '--loaders=builtin!' {input} -
85a2674e53a2d7b75c6944b5a87b04ee9ea182b1,macOS-26.5.1-arm64-arm-64bit,natural-snake,natural photograph,234,gamma,sRGB gamma,nearest-quarter,nearest / all / rate 0.25,True,nearest,all,0.25,0.85,0.990435,2.296633,1.897375,234,702,163,217,0.3091168091168091,0.3091168091168091,1,304410,{img2sixel} --threads=1 --precision=float32 --quality=full '--loaders=builtin!' --sampling-policy=full-frame --binning-policy=hard --quantize-model=kmeans:seed=1:binbits=6 --merge-policy=none --cover-policy=off -Xgamma -Wgamma --diffusion=fs:scan=raster --gpu-policy=off --lookup-policy=none --palette-type=rgb -p 234 --snap-policy=nearest:timing=all:rate=0.25:channel_l=0.85 --mapfile-output=act:{palette} {input},{lsqa} '--loaders=builtin!' {input} -
85a2674e53a2d7b75c6944b5a87b04ee9ea182b1,macOS-26.5.1-arm64-arm-64bit,natural-snake,natural photograph,234,gamma,sRGB gamma,nearest-once,nearest / once / rate 1,True,nearest,once,1.0,0.85,0.989708,2.32463,1.945352,234,702,0,0,0.0,0.0,0,307439,{img2sixel} --threads=1 --precision=float32 --quality=full '--loaders=builtin!' --sampling-policy=full-frame --binning-policy=hard --quantize-model=kmeans:seed=1:binbits=6 --merge-policy=none --cover-policy=off -Xgamma -Wgamma --diffusion=fs:scan=raster --gpu-policy=off --lookup-policy=none --palette-type=rgb -p 234 --snap-policy=nearest:timing=once:rate=1:channel_l=0.85 --mapfile-output=act:{palette} {input},{lsqa} '--loaders=builtin!' {input} -
85a2674e53a2d7b75c6944b5a87b04ee9ea182b1,macOS-26.5.1-arm64-arm-64bit,natural-snake,natural photograph,234,gamma,sRGB gamma,nearest-all,nearest / all / rate 1,True,nearest,all,1.0,0.85,0.99007,2.353327,1.965615,234,702,0,0,0.0,0.0,0,308603,{img2sixel} --threads=1 --precision=float32 --quality=full '--loaders=builtin!' --sampling-policy=full-frame --binning-policy=hard --quantize-model=kmeans:seed=1:binbits=6 --merge-policy=none --cover-policy=off -Xgamma -Wgamma --diffusion=fs:scan=raster --gpu-policy=off --lookup-policy=none --palette-type=rgb -p 234 --snap-policy=nearest:timing=all:rate=1:channel_l=0.85 --mapfile-output=act:{palette} {input},{lsqa} '--loaders=builtin!' {input} -
85a2674e53a2d7b75c6944b5a87b04ee9ea182b1,macOS-26.5.1-arm64-arm-64bit,natural-snake,natural photograph,234,gamma,sRGB gamma,reversible-all,reversible / all / rate 1,True,reversible,all,1.0,0.85,0.988448,2.375862,1.913574,234,702,0,0,0.0,0.0,0,304283,{img2sixel} --threads=1 --precision=float32 --quality=full '--loaders=builtin!' --sampling-policy=full-frame --binning-policy=hard --quantize-model=kmeans:seed=1:binbits=6 --merge-policy=none --cover-policy=off -Xgamma -Wgamma --diffusion=fs:scan=raster --gpu-policy=off --lookup-policy=none --palette-type=rgb -p 234 --snap-policy=reversible:timing=all:rate=1:channel_l=0.85 --mapfile-output=act:{palette} {input},{lsqa} '--loaders=builtin!' {input} -
85a2674e53a2d7b75c6944b5a87b04ee9ea182b1,macOS-26.5.1-arm64-arm-64bit,natural-snake,natural photograph,234,linear,linear RGB,off,snap off,False,none,off,0.0,0.85,0.992211,2.411787,2.737537,234,702,217,390,0.5555555555555556,0.5555555555555556,1,329396,{img2sixel} --threads=1 --precision=float32 --quality=full '--loaders=builtin!' --sampling-policy=full-frame --binning-policy=hard --quantize-model=kmeans:seed=1:binbits=6 --merge-policy=none --cover-policy=off -Xlinear -Wlinear --diffusion=fs:scan=raster --gpu-policy=off --lookup-policy=none --palette-type=rgb -p 234 --snap-policy=none --mapfile-output=act:{palette} {input},{lsqa} '--loaders=builtin!' {input} -
85a2674e53a2d7b75c6944b5a87b04ee9ea182b1,macOS-26.5.1-arm64-arm-64bit,natural-snake,natural photograph,234,linear,linear RGB,nearest-quarter,nearest / all / rate 0.25,True,nearest,all,0.25,0.85,0.992132,2.312724,2.655565,234,702,136,185,0.26353276353276356,0.26353276353276356,1,329678,{img2sixel} --threads=1 --precision=float32 --quality=full '--loaders=builtin!' --sampling-policy=full-frame --binning-policy=hard --quantize-model=kmeans:seed=1:binbits=6 --merge-policy=none --cover-policy=off -Xlinear -Wlinear --diffusion=fs:scan=raster --gpu-policy=off --lookup-policy=none --palette-type=rgb -p 234 --snap-policy=nearest:timing=all:rate=0.25:channel_l=0.85 --mapfile-output=act:{palette} {input},{lsqa} '--loaders=builtin!' {input} -
85a2674e53a2d7b75c6944b5a87b04ee9ea182b1,macOS-26.5.1-arm64-arm-64bit,natural-snake,natural photograph,234,linear,linear RGB,nearest-once,nearest / once / rate 1,True,nearest,once,1.0,0.85,0.99238,2.291353,2.603444,234,702,0,0,0.0,0.0,0,329852,{img2sixel} --threads=1 --precision=float32 --quality=full '--loaders=builtin!' --sampling-policy=full-frame --binning-policy=hard --quantize-model=kmeans:seed=1:binbits=6 --merge-policy=none --cover-policy=off -Xlinear -Wlinear --diffusion=fs:scan=raster --gpu-policy=off --lookup-policy=none --palette-type=rgb -p 234 --snap-policy=nearest:timing=once:rate=1:channel_l=0.85 --mapfile-output=act:{palette} {input},{lsqa} '--loaders=builtin!' {input} -
85a2674e53a2d7b75c6944b5a87b04ee9ea182b1,macOS-26.5.1-arm64-arm-64bit,natural-snake,natural photograph,234,linear,linear RGB,nearest-all,nearest / all / rate 1,True,nearest,all,1.0,0.85,0.991571,2.327101,2.646602,234,702,0,0,0.0,0.0,0,331813,{img2sixel} --threads=1 --precision=float32 --quality=full '--loaders=builtin!' --sampling-policy=full-frame --binning-policy=hard --quantize-model=kmeans:seed=1:binbits=6 --merge-policy=none --cover-policy=off -Xlinear -Wlinear --diffusion=fs:scan=raster --gpu-policy=off --lookup-policy=none --palette-type=rgb -p 234 --snap-policy=nearest:timing=all:rate=1:channel_l=0.85 --mapfile-output=act:{palette} {input},{lsqa} '--loaders=builtin!' {input} -
85a2674e53a2d7b75c6944b5a87b04ee9ea182b1,macOS-26.5.1-arm64-arm-64bit,natural-snake,natural photograph,234,linear,linear RGB,reversible-all,reversible / all / rate 1,True,reversible,all,1.0,0.85,0.991755,2.36724,2.66442,234,702,0,0,0.0,0.0,0,331167,{img2sixel} --threads=1 --precision=float32 --quality=full '--loaders=builtin!' --sampling-policy=full-frame --binning-policy=hard --quantize-model=kmeans:seed=1:binbits=6 --merge-policy=none --cover-policy=off -Xlinear -Wlinear --diffusion=fs:scan=raster --gpu-policy=off --lookup-policy=none --palette-type=rgb -p 234 --snap-policy=reversible:timing=all:rate=1:channel_l=0.85 --mapfile-output=act:{palette} {input},{lsqa} '--loaders=builtin!' {input} -
85a2674e53a2d7b75c6944b5a87b04ee9ea182b1,macOS-26.5.1-arm64-arm-64bit,natural-snake,natural photograph,234,oklab,OKLab,off,snap off,False,none,off,0.0,0.85,0.993278,2.454997,2.493486,234,702,225,413,0.5883190883190883,0.5883190883190883,1,335758,{img2sixel} --threads=1 --precision=float32 --quality=full '--loaders=builtin!' --sampling-policy=full-frame --binning-policy=hard --quantize-model=kmeans:seed=1:binbits=6 --merge-policy=none --cover-policy=off -Xoklab -Woklab --diffusion=fs:scan=raster --gpu-policy=off --lookup-policy=none --palette-type=rgb -p 234 --snap-policy=none --mapfile-output=act:{palette} {input},{lsqa} '--loaders=builtin!' {input} -
85a2674e53a2d7b75c6944b5a87b04ee9ea182b1,macOS-26.5.1-arm64-arm-64bit,natural-snake,natural photograph,234,oklab,OKLab,nearest-quarter,nearest / all / rate 0.25,True,nearest,all,0.25,0.85,0.994463,2.500548,2.39323,234,702,186,320,0.45584045584045585,0.45584045584045585,1,332170,{img2sixel} --threads=1 --precision=float32 --quality=full '--loaders=builtin!' --sampling-policy=full-frame --binning-policy=hard --quantize-model=kmeans:seed=1:binbits=6 --merge-policy=none --cover-policy=off -Xoklab -Woklab --diffusion=fs:scan=raster --gpu-policy=off --lookup-policy=none --palette-type=rgb -p 234 --snap-policy=nearest:timing=all:rate=0.25:channel_l=0.85 --mapfile-output=act:{palette} {input},{lsqa} '--loaders=builtin!' {input} -
85a2674e53a2d7b75c6944b5a87b04ee9ea182b1,macOS-26.5.1-arm64-arm-64bit,natural-snake,natural photograph,234,oklab,OKLab,nearest-once,nearest / once / rate 1,True,nearest,once,1.0,0.85,0.994141,2.536783,2.424069,234,702,0,0,0.0,0.0,0,335014,{img2sixel} --threads=1 --precision=float32 --quality=full '--loaders=builtin!' --sampling-policy=full-frame --binning-policy=hard --quantize-model=kmeans:seed=1:binbits=6 --merge-policy=none --cover-policy=off -Xoklab -Woklab --diffusion=fs:scan=raster --gpu-policy=off --lookup-policy=none --palette-type=rgb -p 234 --snap-policy=nearest:timing=once:rate=1:channel_l=0.85 --mapfile-output=act:{palette} {input},{lsqa} '--loaders=builtin!' {input} -
85a2674e53a2d7b75c6944b5a87b04ee9ea182b1,macOS-26.5.1-arm64-arm-64bit,natural-snake,natural photograph,234,oklab,OKLab,nearest-all,nearest / all / rate 1,True,nearest,all,1.0,0.85,0.994055,2.49137,2.410848,234,702,0,0,0.0,0.0,0,334361,{img2sixel} --threads=1 --precision=float32 --quality=full '--loaders=builtin!' --sampling-policy=full-frame --binning-policy=hard --quantize-model=kmeans:seed=1:binbits=6 --merge-policy=none --cover-policy=off -Xoklab -Woklab --diffusion=fs:scan=raster --gpu-policy=off --lookup-policy=none --palette-type=rgb -p 234 --snap-policy=nearest:timing=all:rate=1:channel_l=0.85 --mapfile-output=act:{palette} {input},{lsqa} '--loaders=builtin!' {input} -
85a2674e53a2d7b75c6944b5a87b04ee9ea182b1,macOS-26.5.1-arm64-arm-64bit,natural-snake,natural photograph,234,oklab,OKLab,reversible-all,reversible / all / rate 1,True,reversible,all,1.0,0.85,0.993831,2.387673,2.417259,234,702,0,0,0.0,0.0,0,330292,{img2sixel} --threads=1 --precision=float32 --quality=full '--loaders=builtin!' --sampling-policy=full-frame --binning-policy=hard --quantize-model=kmeans:seed=1:binbits=6 --merge-policy=none --cover-policy=off -Xoklab -Woklab --diffusion=fs:scan=raster --gpu-policy=off --lookup-policy=none --palette-type=rgb -p 234 --snap-policy=reversible:timing=all:rate=1:channel_l=0.85 --mapfile-output=act:{palette} {input},{lsqa} '--loaders=builtin!' {input} -
85a2674e53a2d7b75c6944b5a87b04ee9ea182b1,macOS-26.5.1-arm64-arm-64bit,natural-snake,natural photograph,234,cielab,CIELAB,off,snap off,False,none,off,0.0,0.85,0.987924,2.272521,1.626837,234,702,220,428,0.6096866096866097,0.6096866096866097,1,331913,{img2sixel} --threads=1 --precision=float32 --quality=full '--loaders=builtin!' --sampling-policy=full-frame --binning-policy=hard --quantize-model=kmeans:seed=1:binbits=6 --merge-policy=none --cover-policy=off -Xcielab -Wcielab --diffusion=fs:scan=raster --gpu-policy=off --lookup-policy=none --palette-type=rgb -p 234 --snap-policy=none --mapfile-output=act:{palette} {input},{lsqa} '--loaders=builtin!' {input} -
85a2674e53a2d7b75c6944b5a87b04ee9ea182b1,macOS-26.5.1-arm64-arm-64bit,natural-snake,natural photograph,234,cielab,CIELAB,nearest-quarter,nearest / all / rate 0.25,True,nearest,all,0.25,0.85,0.98847,2.24614,1.679863,234,702,153,234,0.3333333333333333,0.3333333333333333,1,332125,{img2sixel} --threads=1 --precision=float32 --quality=full '--loaders=builtin!' --sampling-policy=full-frame --binning-policy=hard --quantize-model=kmeans:seed=1:binbits=6 --merge-policy=none --cover-policy=off -Xcielab -Wcielab --diffusion=fs:scan=raster --gpu-policy=off --lookup-policy=none --palette-type=rgb -p 234 --snap-policy=nearest:timing=all:rate=0.25:channel_l=0.85 --mapfile-output=act:{palette} {input},{lsqa} '--loaders=builtin!' {input} -
85a2674e53a2d7b75c6944b5a87b04ee9ea182b1,macOS-26.5.1-arm64-arm-64bit,natural-snake,natural photograph,234,cielab,CIELAB,nearest-once,nearest / once / rate 1,True,nearest,once,1.0,0.85,0.988166,2.218005,1.631126,234,702,0,0,0.0,0.0,0,333926,{img2sixel} --threads=1 --precision=float32 --quality=full '--loaders=builtin!' --sampling-policy=full-frame --binning-policy=hard --quantize-model=kmeans:seed=1:binbits=6 --merge-policy=none --cover-policy=off -Xcielab -Wcielab --diffusion=fs:scan=raster --gpu-policy=off --lookup-policy=none --palette-type=rgb -p 234 --snap-policy=nearest:timing=once:rate=1:channel_l=0.85 --mapfile-output=act:{palette} {input},{lsqa} '--loaders=builtin!' {input} -
85a2674e53a2d7b75c6944b5a87b04ee9ea182b1,macOS-26.5.1-arm64-arm-64bit,natural-snake,natural photograph,234,cielab,CIELAB,nearest-all,nearest / all / rate 1,True,nearest,all,1.0,0.85,0.98798,2.212862,1.66145,234,702,0,0,0.0,0.0,0,335716,{img2sixel} --threads=1 --precision=float32 --quality=full '--loaders=builtin!' --sampling-policy=full-frame --binning-policy=hard --quantize-model=kmeans:seed=1:binbits=6 --merge-policy=none --cover-policy=off -Xcielab -Wcielab --diffusion=fs:scan=raster --gpu-policy=off --lookup-policy=none --palette-type=rgb -p 234 --snap-policy=nearest:timing=all:rate=1:channel_l=0.85 --mapfile-output=act:{palette} {input},{lsqa} '--loaders=builtin!' {input} -
85a2674e53a2d7b75c6944b5a87b04ee9ea182b1,macOS-26.5.1-arm64-arm-64bit,natural-snake,natural photograph,234,cielab,CIELAB,reversible-all,reversible / all / rate 1,True,reversible,all,1.0,0.85,0.987267,2.225068,1.70147,234,702,0,0,0.0,0.0,0,330671,{img2sixel} --threads=1 --precision=float32 --quality=full '--loaders=builtin!' --sampling-policy=full-frame --binning-policy=hard --quantize-model=kmeans:seed=1:binbits=6 --merge-policy=none --cover-policy=off -Xcielab -Wcielab --diffusion=fs:scan=raster --gpu-policy=off --lookup-policy=none --palette-type=rgb -p 234 --snap-policy=reversible:timing=all:rate=1:channel_l=0.85 --mapfile-output=act:{palette} {input},{lsqa} '--loaders=builtin!' {input} -
85a2674e53a2d7b75c6944b5a87b04ee9ea182b1,macOS-26.5.1-arm64-arm-64bit,natural-snake,natural photograph,234,din99d,DIN99d,off,snap off,False,none,off,0.0,0.85,0.988141,2.179021,2.106842,234,702,225,416,0.5925925925925926,0.5925925925925926,1,328136,{img2sixel} --threads=1 --precision=float32 --quality=full '--loaders=builtin!' --sampling-policy=full-frame --binning-policy=hard --quantize-model=kmeans:seed=1:binbits=6 --merge-policy=none --cover-policy=off -Xdin99d -Wdin99d --diffusion=fs:scan=raster --gpu-policy=off --lookup-policy=none --palette-type=rgb -p 234 --snap-policy=none --mapfile-output=act:{palette} {input},{lsqa} '--loaders=builtin!' {input} -
85a2674e53a2d7b75c6944b5a87b04ee9ea182b1,macOS-26.5.1-arm64-arm-64bit,natural-snake,natural photograph,234,din99d,DIN99d,nearest-quarter,nearest / all / rate 0.25,True,nearest,all,0.25,0.85,0.988602,2.103407,2.062958,234,702,157,237,0.33760683760683763,0.33760683760683763,1,328994,{img2sixel} --threads=1 --precision=float32 --quality=full '--loaders=builtin!' --sampling-policy=full-frame --binning-policy=hard --quantize-model=kmeans:seed=1:binbits=6 --merge-policy=none --cover-policy=off -Xdin99d -Wdin99d --diffusion=fs:scan=raster --gpu-policy=off --lookup-policy=none --palette-type=rgb -p 234 --snap-policy=nearest:timing=all:rate=0.25:channel_l=0.85 --mapfile-output=act:{palette} {input},{lsqa} '--loaders=builtin!' {input} -
85a2674e53a2d7b75c6944b5a87b04ee9ea182b1,macOS-26.5.1-arm64-arm-64bit,natural-snake,natural photograph,234,din99d,DIN99d,nearest-once,nearest / once / rate 1,True,nearest,once,1.0,0.85,0.987961,2.135226,2.055994,234,702,0,0,0.0,0.0,0,332443,{img2sixel} --threads=1 --precision=float32 --quality=full '--loaders=builtin!' --sampling-policy=full-frame --binning-policy=hard --quantize-model=kmeans:seed=1:binbits=6 --merge-policy=none --cover-policy=off -Xdin99d -Wdin99d --diffusion=fs:scan=raster --gpu-policy=off --lookup-policy=none --palette-type=rgb -p 234 --snap-policy=nearest:timing=once:rate=1:channel_l=0.85 --mapfile-output=act:{palette} {input},{lsqa} '--loaders=builtin!' {input} -
85a2674e53a2d7b75c6944b5a87b04ee9ea182b1,macOS-26.5.1-arm64-arm-64bit,natural-snake,natural photograph,234,din99d,DIN99d,nearest-all,nearest / all / rate 1,True,nearest,all,1.0,0.85,0.988095,2.130597,2.060429,234,702,0,0,0.0,0.0,0,330018,{img2sixel} --threads=1 --precision=float32 --quality=full '--loaders=builtin!' --sampling-policy=full-frame --binning-policy=hard --quantize-model=kmeans:seed=1:binbits=6 --merge-policy=none --cover-policy=off -Xdin99d -Wdin99d --diffusion=fs:scan=raster --gpu-policy=off --lookup-policy=none --palette-type=rgb -p 234 --snap-policy=nearest:timing=all:rate=1:channel_l=0.85 --mapfile-output=act:{palette} {input},{lsqa} '--loaders=builtin!' {input} -
85a2674e53a2d7b75c6944b5a87b04ee9ea182b1,macOS-26.5.1-arm64-arm-64bit,natural-snake,natural photograph,234,din99d,DIN99d,reversible-all,reversible / all / rate 1,True,reversible,all,1.0,0.85,0.988691,2.126068,2.095685,234,702,0,0,0.0,0.0,0,325436,{img2sixel} --threads=1 --precision=float32 --quality=full '--loaders=builtin!' --sampling-policy=full-frame --binning-policy=hard --quantize-model=kmeans:seed=1:binbits=6 --merge-policy=none --cover-policy=off -Xdin99d -Wdin99d --diffusion=fs:scan=raster --gpu-policy=off --lookup-policy=none --palette-type=rgb -p 234 --snap-policy=reversible:timing=all:rate=1:channel_l=0.85 --mapfile-output=act:{palette} {input},{lsqa} '--loaders=builtin!' {input} -
85a2674e53a2d7b75c6944b5a87b04ee9ea182b1,macOS-26.5.1-arm64-arm-64bit,natural-snake,natural photograph,236,gamma,sRGB gamma,off,snap off,False,none,off,0.0,0.85,0.990195,2.321707,1.893088,236,708,215,429,0.6059322033898306,0.6059322033898306,1,302121,{img2sixel} --threads=1 --precision=float32 --quality=full '--loaders=builtin!' --sampling-policy=full-frame --binning-policy=hard --quantize-model=kmeans:seed=1:binbits=6 --merge-policy=none --cover-policy=off -Xgamma -Wgamma --diffusion=fs:scan=raster --gpu-policy=off --lookup-policy=none --palette-type=rgb -p 236 --snap-policy=none --mapfile-output=act:{palette} {input},{lsqa} '--loaders=builtin!' {input} -
85a2674e53a2d7b75c6944b5a87b04ee9ea182b1,macOS-26.5.1-arm64-arm-64bit,natural-snake,natural photograph,236,gamma,sRGB gamma,nearest-quarter,nearest / all / rate 0.25,True,nearest,all,0.25,0.85,0.990407,2.288248,1.896378,236,708,163,214,0.3022598870056497,0.3022598870056497,1,305384,{img2sixel} --threads=1 --precision=float32 --quality=full '--loaders=builtin!' --sampling-policy=full-frame --binning-policy=hard --quantize-model=kmeans:seed=1:binbits=6 --merge-policy=none --cover-policy=off -Xgamma -Wgamma --diffusion=fs:scan=raster --gpu-policy=off --lookup-policy=none --palette-type=rgb -p 236 --snap-policy=nearest:timing=all:rate=0.25:channel_l=0.85 --mapfile-output=act:{palette} {input},{lsqa} '--loaders=builtin!' {input} -
85a2674e53a2d7b75c6944b5a87b04ee9ea182b1,macOS-26.5.1-arm64-arm-64bit,natural-snake,natural photograph,236,gamma,sRGB gamma,nearest-once,nearest / once / rate 1,True,nearest,once,1.0,0.85,0.989675,2.332439,1.944188,236,708,0,0,0.0,0.0,0,308374,{img2sixel} --threads=1 --precision=float32 --quality=full '--loaders=builtin!' --sampling-policy=full-frame --binning-policy=hard --quantize-model=kmeans:seed=1:binbits=6 --merge-policy=none --cover-policy=off -Xgamma -Wgamma --diffusion=fs:scan=raster --gpu-policy=off --lookup-policy=none --palette-type=rgb -p 236 --snap-policy=nearest:timing=once:rate=1:channel_l=0.85 --mapfile-output=act:{palette} {input},{lsqa} '--loaders=builtin!' {input} -
85a2674e53a2d7b75c6944b5a87b04ee9ea182b1,macOS-26.5.1-arm64-arm-64bit,natural-snake,natural photograph,236,gamma,sRGB gamma,nearest-all,nearest / all / rate 1,True,nearest,all,1.0,0.85,0.990246,2.330026,1.957641,236,708,0,0,0.0,0.0,0,309418,{img2sixel} --threads=1 --precision=float32 --quality=full '--loaders=builtin!' --sampling-policy=full-frame --binning-policy=hard --quantize-model=kmeans:seed=1:binbits=6 --merge-policy=none --cover-policy=off -Xgamma -Wgamma --diffusion=fs:scan=raster --gpu-policy=off --lookup-policy=none --palette-type=rgb -p 236 --snap-policy=nearest:timing=all:rate=1:channel_l=0.85 --mapfile-output=act:{palette} {input},{lsqa} '--loaders=builtin!' {input} -
85a2674e53a2d7b75c6944b5a87b04ee9ea182b1,macOS-26.5.1-arm64-arm-64bit,natural-snake,natural photograph,236,gamma,sRGB gamma,reversible-all,reversible / all / rate 1,True,reversible,all,1.0,0.85,0.988683,2.369359,1.917077,236,708,0,0,0.0,0.0,0,303533,{img2sixel} --threads=1 --precision=float32 --quality=full '--loaders=builtin!' --sampling-policy=full-frame --binning-policy=hard --quantize-model=kmeans:seed=1:binbits=6 --merge-policy=none --cover-policy=off -Xgamma -Wgamma --diffusion=fs:scan=raster --gpu-policy=off --lookup-policy=none --palette-type=rgb -p 236 --snap-policy=reversible:timing=all:rate=1:channel_l=0.85 --mapfile-output=act:{palette} {input},{lsqa} '--loaders=builtin!' {input} -
85a2674e53a2d7b75c6944b5a87b04ee9ea182b1,macOS-26.5.1-arm64-arm-64bit,natural-snake,natural photograph,236,linear,linear RGB,off,snap off,False,none,off,0.0,0.85,0.992173,2.411167,2.733455,236,708,222,405,0.5720338983050848,0.5720338983050848,1,329944,{img2sixel} --threads=1 --precision=float32 --quality=full '--loaders=builtin!' --sampling-policy=full-frame --binning-policy=hard --quantize-model=kmeans:seed=1:binbits=6 --merge-policy=none --cover-policy=off -Xlinear -Wlinear --diffusion=fs:scan=raster --gpu-policy=off --lookup-policy=none --palette-type=rgb -p 236 --snap-policy=none --mapfile-output=act:{palette} {input},{lsqa} '--loaders=builtin!' {input} -
85a2674e53a2d7b75c6944b5a87b04ee9ea182b1,macOS-26.5.1-arm64-arm-64bit,natural-snake,natural photograph,236,linear,linear RGB,nearest-quarter,nearest / all / rate 0.25,True,nearest,all,0.25,0.85,0.992263,2.299671,2.652098,236,708,145,192,0.2711864406779661,0.2711864406779661,1,329904,{img2sixel} --threads=1 --precision=float32 --quality=full '--loaders=builtin!' --sampling-policy=full-frame --binning-policy=hard --quantize-model=kmeans:seed=1:binbits=6 --merge-policy=none --cover-policy=off -Xlinear -Wlinear --diffusion=fs:scan=raster --gpu-policy=off --lookup-policy=none --palette-type=rgb -p 236 --snap-policy=nearest:timing=all:rate=0.25:channel_l=0.85 --mapfile-output=act:{palette} {input},{lsqa} '--loaders=builtin!' {input} -
85a2674e53a2d7b75c6944b5a87b04ee9ea182b1,macOS-26.5.1-arm64-arm-64bit,natural-snake,natural photograph,236,linear,linear RGB,nearest-once,nearest / once / rate 1,True,nearest,once,1.0,0.85,0.992384,2.29504,2.606716,236,708,0,0,0.0,0.0,0,330297,{img2sixel} --threads=1 --precision=float32 --quality=full '--loaders=builtin!' --sampling-policy=full-frame --binning-policy=hard --quantize-model=kmeans:seed=1:binbits=6 --merge-policy=none --cover-policy=off -Xlinear -Wlinear --diffusion=fs:scan=raster --gpu-policy=off --lookup-policy=none --palette-type=rgb -p 236 --snap-policy=nearest:timing=once:rate=1:channel_l=0.85 --mapfile-output=act:{palette} {input},{lsqa} '--loaders=builtin!' {input} -
85a2674e53a2d7b75c6944b5a87b04ee9ea182b1,macOS-26.5.1-arm64-arm-64bit,natural-snake,natural photograph,236,linear,linear RGB,nearest-all,nearest / all / rate 1,True,nearest,all,1.0,0.85,0.991665,2.311351,2.633887,236,708,0,0,0.0,0.0,0,331528,{img2sixel} --threads=1 --precision=float32 --quality=full '--loaders=builtin!' --sampling-policy=full-frame --binning-policy=hard --quantize-model=kmeans:seed=1:binbits=6 --merge-policy=none --cover-policy=off -Xlinear -Wlinear --diffusion=fs:scan=raster --gpu-policy=off --lookup-policy=none --palette-type=rgb -p 236 --snap-policy=nearest:timing=all:rate=1:channel_l=0.85 --mapfile-output=act:{palette} {input},{lsqa} '--loaders=builtin!' {input} -
85a2674e53a2d7b75c6944b5a87b04ee9ea182b1,macOS-26.5.1-arm64-arm-64bit,natural-snake,natural photograph,236,linear,linear RGB,reversible-all,reversible / all / rate 1,True,reversible,all,1.0,0.85,0.991797,2.36276,2.660765,236,708,0,0,0.0,0.0,0,331732,{img2sixel} --threads=1 --precision=float32 --quality=full '--loaders=builtin!' --sampling-policy=full-frame --binning-policy=hard --quantize-model=kmeans:seed=1:binbits=6 --merge-policy=none --cover-policy=off -Xlinear -Wlinear --diffusion=fs:scan=raster --gpu-policy=off --lookup-policy=none --palette-type=rgb -p 236 --snap-policy=reversible:timing=all:rate=1:channel_l=0.85 --mapfile-output=act:{palette} {input},{lsqa} '--loaders=builtin!' {input} -
85a2674e53a2d7b75c6944b5a87b04ee9ea182b1,macOS-26.5.1-arm64-arm-64bit,natural-snake,natural photograph,236,oklab,OKLab,off,snap off,False,none,off,0.0,0.85,0.99342,2.44714,2.490925,236,708,224,411,0.5805084745762712,0.5805084745762712,1,336879,{img2sixel} --threads=1 --precision=float32 --quality=full '--loaders=builtin!' --sampling-policy=full-frame --binning-policy=hard --quantize-model=kmeans:seed=1:binbits=6 --merge-policy=none --cover-policy=off -Xoklab -Woklab --diffusion=fs:scan=raster --gpu-policy=off --lookup-policy=none --palette-type=rgb -p 236 --snap-policy=none --mapfile-output=act:{palette} {input},{lsqa} '--loaders=builtin!' {input} -
85a2674e53a2d7b75c6944b5a87b04ee9ea182b1,macOS-26.5.1-arm64-arm-64bit,natural-snake,natural photograph,236,oklab,OKLab,nearest-quarter,nearest / all / rate 0.25,True,nearest,all,0.25,0.85,0.994451,2.492002,2.391911,236,708,185,322,0.4548022598870056,0.4548022598870056,1,331335,{img2sixel} --threads=1 --precision=float32 --quality=full '--loaders=builtin!' --sampling-policy=full-frame --binning-policy=hard --quantize-model=kmeans:seed=1:binbits=6 --merge-policy=none --cover-policy=off -Xoklab -Woklab --diffusion=fs:scan=raster --gpu-policy=off --lookup-policy=none --palette-type=rgb -p 236 --snap-policy=nearest:timing=all:rate=0.25:channel_l=0.85 --mapfile-output=act:{palette} {input},{lsqa} '--loaders=builtin!' {input} -
85a2674e53a2d7b75c6944b5a87b04ee9ea182b1,macOS-26.5.1-arm64-arm-64bit,natural-snake,natural photograph,236,oklab,OKLab,nearest-once,nearest / once / rate 1,True,nearest,once,1.0,0.85,0.994407,2.519092,2.419708,236,708,0,0,0.0,0.0,0,335983,{img2sixel} --threads=1 --precision=float32 --quality=full '--loaders=builtin!' --sampling-policy=full-frame --binning-policy=hard --quantize-model=kmeans:seed=1:binbits=6 --merge-policy=none --cover-policy=off -Xoklab -Woklab --diffusion=fs:scan=raster --gpu-policy=off --lookup-policy=none --palette-type=rgb -p 236 --snap-policy=nearest:timing=once:rate=1:channel_l=0.85 --mapfile-output=act:{palette} {input},{lsqa} '--loaders=builtin!' {input} -
85a2674e53a2d7b75c6944b5a87b04ee9ea182b1,macOS-26.5.1-arm64-arm-64bit,natural-snake,natural photograph,236,oklab,OKLab,nearest-all,nearest / all / rate 1,True,nearest,all,1.0,0.85,0.994325,2.491098,2.406588,236,708,0,0,0.0,0.0,0,337388,{img2sixel} --threads=1 --precision=float32 --quality=full '--loaders=builtin!' --sampling-policy=full-frame --binning-policy=hard --quantize-model=kmeans:seed=1:binbits=6 --merge-policy=none --cover-policy=off -Xoklab -Woklab --diffusion=fs:scan=raster --gpu-policy=off --lookup-policy=none --palette-type=rgb -p 236 --snap-policy=nearest:timing=all:rate=1:channel_l=0.85 --mapfile-output=act:{palette} {input},{lsqa} '--loaders=builtin!' {input} -
85a2674e53a2d7b75c6944b5a87b04ee9ea182b1,macOS-26.5.1-arm64-arm-64bit,natural-snake,natural photograph,236,oklab,OKLab,reversible-all,reversible / all / rate 1,True,reversible,all,1.0,0.85,0.994063,2.389359,2.395253,236,708,0,0,0.0,0.0,0,332802,{img2sixel} --threads=1 --precision=float32 --quality=full '--loaders=builtin!' --sampling-policy=full-frame --binning-policy=hard --quantize-model=kmeans:seed=1:binbits=6 --merge-policy=none --cover-policy=off -Xoklab -Woklab --diffusion=fs:scan=raster --gpu-policy=off --lookup-policy=none --palette-type=rgb -p 236 --snap-policy=reversible:timing=all:rate=1:channel_l=0.85 --mapfile-output=act:{palette} {input},{lsqa} '--loaders=builtin!' {input} -
85a2674e53a2d7b75c6944b5a87b04ee9ea182b1,macOS-26.5.1-arm64-arm-64bit,natural-snake,natural photograph,236,cielab,CIELAB,off,snap off,False,none,off,0.0,0.85,0.988056,2.25338,1.624144,236,708,222,436,0.615819209039548,0.615819209039548,1,334121,{img2sixel} --threads=1 --precision=float32 --quality=full '--loaders=builtin!' --sampling-policy=full-frame --binning-policy=hard --quantize-model=kmeans:seed=1:binbits=6 --merge-policy=none --cover-policy=off -Xcielab -Wcielab --diffusion=fs:scan=raster --gpu-policy=off --lookup-policy=none --palette-type=rgb -p 236 --snap-policy=none --mapfile-output=act:{palette} {input},{lsqa} '--loaders=builtin!' {input} -
85a2674e53a2d7b75c6944b5a87b04ee9ea182b1,macOS-26.5.1-arm64-arm-64bit,natural-snake,natural photograph,236,cielab,CIELAB,nearest-quarter,nearest / all / rate 0.25,True,nearest,all,0.25,0.85,0.988158,2.257752,1.68416,236,708,154,237,0.3347457627118644,0.3347457627118644,1,331861,{img2sixel} --threads=1 --precision=float32 --quality=full '--loaders=builtin!' --sampling-policy=full-frame --binning-policy=hard --quantize-model=kmeans:seed=1:binbits=6 --merge-policy=none --cover-policy=off -Xcielab -Wcielab --diffusion=fs:scan=raster --gpu-policy=off --lookup-policy=none --palette-type=rgb -p 236 --snap-policy=nearest:timing=all:rate=0.25:channel_l=0.85 --mapfile-output=act:{palette} {input},{lsqa} '--loaders=builtin!' {input} -
85a2674e53a2d7b75c6944b5a87b04ee9ea182b1,macOS-26.5.1-arm64-arm-64bit,natural-snake,natural photograph,236,cielab,CIELAB,nearest-once,nearest / once / rate 1,True,nearest,once,1.0,0.85,0.988534,2.212063,1.627031,236,708,0,0,0.0,0.0,0,335190,{img2sixel} --threads=1 --precision=float32 --quality=full '--loaders=builtin!' --sampling-policy=full-frame --binning-policy=hard --quantize-model=kmeans:seed=1:binbits=6 --merge-policy=none --cover-policy=off -Xcielab -Wcielab --diffusion=fs:scan=raster --gpu-policy=off --lookup-policy=none --palette-type=rgb -p 236 --snap-policy=nearest:timing=once:rate=1:channel_l=0.85 --mapfile-output=act:{palette} {input},{lsqa} '--loaders=builtin!' {input} -
85a2674e53a2d7b75c6944b5a87b04ee9ea182b1,macOS-26.5.1-arm64-arm-64bit,natural-snake,natural photograph,236,cielab,CIELAB,nearest-all,nearest / all / rate 1,True,nearest,all,1.0,0.85,0.988096,2.203067,1.649353,236,708,0,0,0.0,0.0,0,336062,{img2sixel} --threads=1 --precision=float32 --quality=full '--loaders=builtin!' --sampling-policy=full-frame --binning-policy=hard --quantize-model=kmeans:seed=1:binbits=6 --merge-policy=none --cover-policy=off -Xcielab -Wcielab --diffusion=fs:scan=raster --gpu-policy=off --lookup-policy=none --palette-type=rgb -p 236 --snap-policy=nearest:timing=all:rate=1:channel_l=0.85 --mapfile-output=act:{palette} {input},{lsqa} '--loaders=builtin!' {input} -
85a2674e53a2d7b75c6944b5a87b04ee9ea182b1,macOS-26.5.1-arm64-arm-64bit,natural-snake,natural photograph,236,cielab,CIELAB,reversible-all,reversible / all / rate 1,True,reversible,all,1.0,0.85,0.987332,2.214211,1.696634,236,708,0,0,0.0,0.0,0,331442,{img2sixel} --threads=1 --precision=float32 --quality=full '--loaders=builtin!' --sampling-policy=full-frame --binning-policy=hard --quantize-model=kmeans:seed=1:binbits=6 --merge-policy=none --cover-policy=off -Xcielab -Wcielab --diffusion=fs:scan=raster --gpu-policy=off --lookup-policy=none --palette-type=rgb -p 236 --snap-policy=reversible:timing=all:rate=1:channel_l=0.85 --mapfile-output=act:{palette} {input},{lsqa} '--loaders=builtin!' {input} -
85a2674e53a2d7b75c6944b5a87b04ee9ea182b1,macOS-26.5.1-arm64-arm-64bit,natural-snake,natural photograph,236,din99d,DIN99d,off,snap off,False,none,off,0.0,0.85,0.988275,2.156906,2.109289,236,708,227,431,0.6087570621468926,0.6087570621468926,1,329696,{img2sixel} --threads=1 --precision=float32 --quality=full '--loaders=builtin!' --sampling-policy=full-frame --binning-policy=hard --quantize-model=kmeans:seed=1:binbits=6 --merge-policy=none --cover-policy=off -Xdin99d -Wdin99d --diffusion=fs:scan=raster --gpu-policy=off --lookup-policy=none --palette-type=rgb -p 236 --snap-policy=none --mapfile-output=act:{palette} {input},{lsqa} '--loaders=builtin!' {input} -
85a2674e53a2d7b75c6944b5a87b04ee9ea182b1,macOS-26.5.1-arm64-arm-64bit,natural-snake,natural photograph,236,din99d,DIN99d,nearest-quarter,nearest / all / rate 0.25,True,nearest,all,0.25,0.85,0.988924,2.084271,2.054578,236,708,160,253,0.3573446327683616,0.3573446327683616,1,330322,{img2sixel} --threads=1 --precision=float32 --quality=full '--loaders=builtin!' --sampling-policy=full-frame --binning-policy=hard --quantize-model=kmeans:seed=1:binbits=6 --merge-policy=none --cover-policy=off -Xdin99d -Wdin99d --diffusion=fs:scan=raster --gpu-policy=off --lookup-policy=none --palette-type=rgb -p 236 --snap-policy=nearest:timing=all:rate=0.25:channel_l=0.85 --mapfile-output=act:{palette} {input},{lsqa} '--loaders=builtin!' {input} -
85a2674e53a2d7b75c6944b5a87b04ee9ea182b1,macOS-26.5.1-arm64-arm-64bit,natural-snake,natural photograph,236,din99d,DIN99d,nearest-once,nearest / once / rate 1,True,nearest,once,1.0,0.85,0.988509,2.113897,2.044281,236,708,0,0,0.0,0.0,0,331306,{img2sixel} --threads=1 --precision=float32 --quality=full '--loaders=builtin!' --sampling-policy=full-frame --binning-policy=hard --quantize-model=kmeans:seed=1:binbits=6 --merge-policy=none --cover-policy=off -Xdin99d -Wdin99d --diffusion=fs:scan=raster --gpu-policy=off --lookup-policy=none --palette-type=rgb -p 236 --snap-policy=nearest:timing=once:rate=1:channel_l=0.85 --mapfile-output=act:{palette} {input},{lsqa} '--loaders=builtin!' {input} -
85a2674e53a2d7b75c6944b5a87b04ee9ea182b1,macOS-26.5.1-arm64-arm-64bit,natural-snake,natural photograph,236,din99d,DIN99d,nearest-all,nearest / all / rate 1,True,nearest,all,1.0,0.85,0.9882,2.123796,2.055644,236,708,0,0,0.0,0.0,0,331387,{img2sixel} --threads=1 --precision=float32 --quality=full '--loaders=builtin!' --sampling-policy=full-frame --binning-policy=hard --quantize-model=kmeans:seed=1:binbits=6 --merge-policy=none --cover-policy=off -Xdin99d -Wdin99d --diffusion=fs:scan=raster --gpu-policy=off --lookup-policy=none --palette-type=rgb -p 236 --snap-policy=nearest:timing=all:rate=1:channel_l=0.85 --mapfile-output=act:{palette} {input},{lsqa} '--loaders=builtin!' {input} -
85a2674e53a2d7b75c6944b5a87b04ee9ea182b1,macOS-26.5.1-arm64-arm-64bit,natural-snake,natural photograph,236,din99d,DIN99d,reversible-all,reversible / all / rate 1,True,reversible,all,1.0,0.85,0.988519,2.121156,2.080643,236,708,0,0,0.0,0.0,0,326845,{img2sixel} --threads=1 --precision=float32 --quality=full '--loaders=builtin!' --sampling-policy=full-frame --binning-policy=hard --quantize-model=kmeans:seed=1:binbits=6 --merge-policy=none --cover-policy=off -Xdin99d -Wdin99d --diffusion=fs:scan=raster --gpu-policy=off --lookup-policy=none --palette-type=rgb -p 236 --snap-policy=reversible:timing=all:rate=1:channel_l=0.85 --mapfile-output=act:{palette} {input},{lsqa} '--loaders=builtin!' {input} -
85a2674e53a2d7b75c6944b5a87b04ee9ea182b1,macOS-26.5.1-arm64-arm-64bit,natural-snake,natural photograph,238,gamma,sRGB gamma,off,snap off,False,none,off,0.0,0.85,0.990305,2.300589,1.858039,238,714,225,455,0.6372549019607843,0.6372549019607843,1,303663,{img2sixel} --threads=1 --precision=float32 --quality=full '--loaders=builtin!' --sampling-policy=full-frame --binning-policy=hard --quantize-model=kmeans:seed=1:binbits=6 --merge-policy=none --cover-policy=off -Xgamma -Wgamma --diffusion=fs:scan=raster --gpu-policy=off --lookup-policy=none --palette-type=rgb -p 238 --snap-policy=none --mapfile-output=act:{palette} {input},{lsqa} '--loaders=builtin!' {input} -
85a2674e53a2d7b75c6944b5a87b04ee9ea182b1,macOS-26.5.1-arm64-arm-64bit,natural-snake,natural photograph,238,gamma,sRGB gamma,nearest-quarter,nearest / all / rate 0.25,True,nearest,all,0.25,0.85,0.990544,2.28496,1.88338,238,714,163,216,0.3025210084033613,0.3025210084033613,1,306751,{img2sixel} --threads=1 --precision=float32 --quality=full '--loaders=builtin!' --sampling-policy=full-frame --binning-policy=hard --quantize-model=kmeans:seed=1:binbits=6 --merge-policy=none --cover-policy=off -Xgamma -Wgamma --diffusion=fs:scan=raster --gpu-policy=off --lookup-policy=none --palette-type=rgb -p 238 --snap-policy=nearest:timing=all:rate=0.25:channel_l=0.85 --mapfile-output=act:{palette} {input},{lsqa} '--loaders=builtin!' {input} -
85a2674e53a2d7b75c6944b5a87b04ee9ea182b1,macOS-26.5.1-arm64-arm-64bit,natural-snake,natural photograph,238,gamma,sRGB gamma,nearest-once,nearest / once / rate 1,True,nearest,once,1.0,0.85,0.989387,2.329929,1.924496,238,714,0,0,0.0,0.0,0,307867,{img2sixel} --threads=1 --precision=float32 --quality=full '--loaders=builtin!' --sampling-policy=full-frame --binning-policy=hard --quantize-model=kmeans:seed=1:binbits=6 --merge-policy=none --cover-policy=off -Xgamma -Wgamma --diffusion=fs:scan=raster --gpu-policy=off --lookup-policy=none --palette-type=rgb -p 238 --snap-policy=nearest:timing=once:rate=1:channel_l=0.85 --mapfile-output=act:{palette} {input},{lsqa} '--loaders=builtin!' {input} -
85a2674e53a2d7b75c6944b5a87b04ee9ea182b1,macOS-26.5.1-arm64-arm-64bit,natural-snake,natural photograph,238,gamma,sRGB gamma,nearest-all,nearest / all / rate 1,True,nearest,all,1.0,0.85,0.990316,2.315115,1.949183,238,714,0,0,0.0,0.0,0,309874,{img2sixel} --threads=1 --precision=float32 --quality=full '--loaders=builtin!' --sampling-policy=full-frame --binning-policy=hard --quantize-model=kmeans:seed=1:binbits=6 --merge-policy=none --cover-policy=off -Xgamma -Wgamma --diffusion=fs:scan=raster --gpu-policy=off --lookup-policy=none --palette-type=rgb -p 238 --snap-policy=nearest:timing=all:rate=1:channel_l=0.85 --mapfile-output=act:{palette} {input},{lsqa} '--loaders=builtin!' {input} -
85a2674e53a2d7b75c6944b5a87b04ee9ea182b1,macOS-26.5.1-arm64-arm-64bit,natural-snake,natural photograph,238,gamma,sRGB gamma,reversible-all,reversible / all / rate 1,True,reversible,all,1.0,0.85,0.988825,2.357836,1.903665,238,714,0,0,0.0,0.0,0,305818,{img2sixel} --threads=1 --precision=float32 --quality=full '--loaders=builtin!' --sampling-policy=full-frame --binning-policy=hard --quantize-model=kmeans:seed=1:binbits=6 --merge-policy=none --cover-policy=off -Xgamma -Wgamma --diffusion=fs:scan=raster --gpu-policy=off --lookup-policy=none --palette-type=rgb -p 238 --snap-policy=reversible:timing=all:rate=1:channel_l=0.85 --mapfile-output=act:{palette} {input},{lsqa} '--loaders=builtin!' {input} -
85a2674e53a2d7b75c6944b5a87b04ee9ea182b1,macOS-26.5.1-arm64-arm-64bit,natural-snake,natural photograph,238,linear,linear RGB,off,snap off,False,none,off,0.0,0.85,0.992256,2.396637,2.725167,238,714,222,407,0.5700280112044818,0.5700280112044818,1,330985,{img2sixel} --threads=1 --precision=float32 --quality=full '--loaders=builtin!' --sampling-policy=full-frame --binning-policy=hard --quantize-model=kmeans:seed=1:binbits=6 --merge-policy=none --cover-policy=off -Xlinear -Wlinear --diffusion=fs:scan=raster --gpu-policy=off --lookup-policy=none --palette-type=rgb -p 238 --snap-policy=none --mapfile-output=act:{palette} {input},{lsqa} '--loaders=builtin!' {input} -
85a2674e53a2d7b75c6944b5a87b04ee9ea182b1,macOS-26.5.1-arm64-arm-64bit,natural-snake,natural photograph,238,linear,linear RGB,nearest-quarter,nearest / all / rate 0.25,True,nearest,all,0.25,0.85,0.992267,2.30093,2.658001,238,714,143,188,0.26330532212885155,0.26330532212885155,1,331436,{img2sixel} --threads=1 --precision=float32 --quality=full '--loaders=builtin!' --sampling-policy=full-frame --binning-policy=hard --quantize-model=kmeans:seed=1:binbits=6 --merge-policy=none --cover-policy=off -Xlinear -Wlinear --diffusion=fs:scan=raster --gpu-policy=off --lookup-policy=none --palette-type=rgb -p 238 --snap-policy=nearest:timing=all:rate=0.25:channel_l=0.85 --mapfile-output=act:{palette} {input},{lsqa} '--loaders=builtin!' {input} -
85a2674e53a2d7b75c6944b5a87b04ee9ea182b1,macOS-26.5.1-arm64-arm-64bit,natural-snake,natural photograph,238,linear,linear RGB,nearest-once,nearest / once / rate 1,True,nearest,once,1.0,0.85,0.992452,2.283219,2.596968,238,714,0,0,0.0,0.0,0,331225,{img2sixel} --threads=1 --precision=float32 --quality=full '--loaders=builtin!' --sampling-policy=full-frame --binning-policy=hard --quantize-model=kmeans:seed=1:binbits=6 --merge-policy=none --cover-policy=off -Xlinear -Wlinear --diffusion=fs:scan=raster --gpu-policy=off --lookup-policy=none --palette-type=rgb -p 238 --snap-policy=nearest:timing=once:rate=1:channel_l=0.85 --mapfile-output=act:{palette} {input},{lsqa} '--loaders=builtin!' {input} -
85a2674e53a2d7b75c6944b5a87b04ee9ea182b1,macOS-26.5.1-arm64-arm-64bit,natural-snake,natural photograph,238,linear,linear RGB,nearest-all,nearest / all / rate 1,True,nearest,all,1.0,0.85,0.991687,2.303092,2.615613,238,714,0,0,0.0,0.0,0,334136,{img2sixel} --threads=1 --precision=float32 --quality=full '--loaders=builtin!' --sampling-policy=full-frame --binning-policy=hard --quantize-model=kmeans:seed=1:binbits=6 --merge-policy=none --cover-policy=off -Xlinear -Wlinear --diffusion=fs:scan=raster --gpu-policy=off --lookup-policy=none --palette-type=rgb -p 238 --snap-policy=nearest:timing=all:rate=1:channel_l=0.85 --mapfile-output=act:{palette} {input},{lsqa} '--loaders=builtin!' {input} -
85a2674e53a2d7b75c6944b5a87b04ee9ea182b1,macOS-26.5.1-arm64-arm-64bit,natural-snake,natural photograph,238,linear,linear RGB,reversible-all,reversible / all / rate 1,True,reversible,all,1.0,0.85,0.991838,2.343269,2.634646,238,714,0,0,0.0,0.0,0,332959,{img2sixel} --threads=1 --precision=float32 --quality=full '--loaders=builtin!' --sampling-policy=full-frame --binning-policy=hard --quantize-model=kmeans:seed=1:binbits=6 --merge-policy=none --cover-policy=off -Xlinear -Wlinear --diffusion=fs:scan=raster --gpu-policy=off --lookup-policy=none --palette-type=rgb -p 238 --snap-policy=reversible:timing=all:rate=1:channel_l=0.85 --mapfile-output=act:{palette} {input},{lsqa} '--loaders=builtin!' {input} -
85a2674e53a2d7b75c6944b5a87b04ee9ea182b1,macOS-26.5.1-arm64-arm-64bit,natural-snake,natural photograph,238,oklab,OKLab,off,snap off,False,none,off,0.0,0.85,0.993437,2.442467,2.486476,238,714,225,414,0.5798319327731093,0.5798319327731093,1,337507,{img2sixel} --threads=1 --precision=float32 --quality=full '--loaders=builtin!' --sampling-policy=full-frame --binning-policy=hard --quantize-model=kmeans:seed=1:binbits=6 --merge-policy=none --cover-policy=off -Xoklab -Woklab --diffusion=fs:scan=raster --gpu-policy=off --lookup-policy=none --palette-type=rgb -p 238 --snap-policy=none --mapfile-output=act:{palette} {input},{lsqa} '--loaders=builtin!' {input} -
85a2674e53a2d7b75c6944b5a87b04ee9ea182b1,macOS-26.5.1-arm64-arm-64bit,natural-snake,natural photograph,238,oklab,OKLab,nearest-quarter,nearest / all / rate 0.25,True,nearest,all,0.25,0.85,0.994548,2.479424,2.378631,238,714,186,319,0.44677871148459386,0.44677871148459386,1,333809,{img2sixel} --threads=1 --precision=float32 --quality=full '--loaders=builtin!' --sampling-policy=full-frame --binning-policy=hard --quantize-model=kmeans:seed=1:binbits=6 --merge-policy=none --cover-policy=off -Xoklab -Woklab --diffusion=fs:scan=raster --gpu-policy=off --lookup-policy=none --palette-type=rgb -p 238 --snap-policy=nearest:timing=all:rate=0.25:channel_l=0.85 --mapfile-output=act:{palette} {input},{lsqa} '--loaders=builtin!' {input} -
85a2674e53a2d7b75c6944b5a87b04ee9ea182b1,macOS-26.5.1-arm64-arm-64bit,natural-snake,natural photograph,238,oklab,OKLab,nearest-once,nearest / once / rate 1,True,nearest,once,1.0,0.85,0.994427,2.512524,2.414142,238,714,0,0,0.0,0.0,0,336939,{img2sixel} --threads=1 --precision=float32 --quality=full '--loaders=builtin!' --sampling-policy=full-frame --binning-policy=hard --quantize-model=kmeans:seed=1:binbits=6 --merge-policy=none --cover-policy=off -Xoklab -Woklab --diffusion=fs:scan=raster --gpu-policy=off --lookup-policy=none --palette-type=rgb -p 238 --snap-policy=nearest:timing=once:rate=1:channel_l=0.85 --mapfile-output=act:{palette} {input},{lsqa} '--loaders=builtin!' {input} -
85a2674e53a2d7b75c6944b5a87b04ee9ea182b1,macOS-26.5.1-arm64-arm-64bit,natural-snake,natural photograph,238,oklab,OKLab,nearest-all,nearest / all / rate 1,True,nearest,all,1.0,0.85,0.99436,2.478025,2.392929,238,714,0,0,0.0,0.0,0,338489,{img2sixel} --threads=1 --precision=float32 --quality=full '--loaders=builtin!' --sampling-policy=full-frame --binning-policy=hard --quantize-model=kmeans:seed=1:binbits=6 --merge-policy=none --cover-policy=off -Xoklab -Woklab --diffusion=fs:scan=raster --gpu-policy=off --lookup-policy=none --palette-type=rgb -p 238 --snap-policy=nearest:timing=all:rate=1:channel_l=0.85 --mapfile-output=act:{palette} {input},{lsqa} '--loaders=builtin!' {input} -
85a2674e53a2d7b75c6944b5a87b04ee9ea182b1,macOS-26.5.1-arm64-arm-64bit,natural-snake,natural photograph,238,oklab,OKLab,reversible-all,reversible / all / rate 1,True,reversible,all,1.0,0.85,0.994417,2.359529,2.367955,238,714,0,0,0.0,0.0,0,332902,{img2sixel} --threads=1 --precision=float32 --quality=full '--loaders=builtin!' --sampling-policy=full-frame --binning-policy=hard --quantize-model=kmeans:seed=1:binbits=6 --merge-policy=none --cover-policy=off -Xoklab -Woklab --diffusion=fs:scan=raster --gpu-policy=off --lookup-policy=none --palette-type=rgb -p 238 --snap-policy=reversible:timing=all:rate=1:channel_l=0.85 --mapfile-output=act:{palette} {input},{lsqa} '--loaders=builtin!' {input} -
85a2674e53a2d7b75c6944b5a87b04ee9ea182b1,macOS-26.5.1-arm64-arm-64bit,natural-snake,natural photograph,238,cielab,CIELAB,off,snap off,False,none,off,0.0,0.85,0.98801,2.250399,1.63329,238,714,223,441,0.6176470588235294,0.6176470588235294,1,336191,{img2sixel} --threads=1 --precision=float32 --quality=full '--loaders=builtin!' --sampling-policy=full-frame --binning-policy=hard --quantize-model=kmeans:seed=1:binbits=6 --merge-policy=none --cover-policy=off -Xcielab -Wcielab --diffusion=fs:scan=raster --gpu-policy=off --lookup-policy=none --palette-type=rgb -p 238 --snap-policy=none --mapfile-output=act:{palette} {input},{lsqa} '--loaders=builtin!' {input} -
85a2674e53a2d7b75c6944b5a87b04ee9ea182b1,macOS-26.5.1-arm64-arm-64bit,natural-snake,natural photograph,238,cielab,CIELAB,nearest-quarter,nearest / all / rate 0.25,True,nearest,all,0.25,0.85,0.988644,2.230754,1.663434,238,714,154,241,0.33753501400560226,0.33753501400560226,1,333485,{img2sixel} --threads=1 --precision=float32 --quality=full '--loaders=builtin!' --sampling-policy=full-frame --binning-policy=hard --quantize-model=kmeans:seed=1:binbits=6 --merge-policy=none --cover-policy=off -Xcielab -Wcielab --diffusion=fs:scan=raster --gpu-policy=off --lookup-policy=none --palette-type=rgb -p 238 --snap-policy=nearest:timing=all:rate=0.25:channel_l=0.85 --mapfile-output=act:{palette} {input},{lsqa} '--loaders=builtin!' {input} -
85a2674e53a2d7b75c6944b5a87b04ee9ea182b1,macOS-26.5.1-arm64-arm-64bit,natural-snake,natural photograph,238,cielab,CIELAB,nearest-once,nearest / once / rate 1,True,nearest,once,1.0,0.85,0.988459,2.21367,1.623207,238,714,0,0,0.0,0.0,0,336328,{img2sixel} --threads=1 --precision=float32 --quality=full '--loaders=builtin!' --sampling-policy=full-frame --binning-policy=hard --quantize-model=kmeans:seed=1:binbits=6 --merge-policy=none --cover-policy=off -Xcielab -Wcielab --diffusion=fs:scan=raster --gpu-policy=off --lookup-policy=none --palette-type=rgb -p 238 --snap-policy=nearest:timing=once:rate=1:channel_l=0.85 --mapfile-output=act:{palette} {input},{lsqa} '--loaders=builtin!' {input} -
85a2674e53a2d7b75c6944b5a87b04ee9ea182b1,macOS-26.5.1-arm64-arm-64bit,natural-snake,natural photograph,238,cielab,CIELAB,nearest-all,nearest / all / rate 1,True,nearest,all,1.0,0.85,0.988885,2.186505,1.650035,238,714,0,0,0.0,0.0,0,336543,{img2sixel} --threads=1 --precision=float32 --quality=full '--loaders=builtin!' --sampling-policy=full-frame --binning-policy=hard --quantize-model=kmeans:seed=1:binbits=6 --merge-policy=none --cover-policy=off -Xcielab -Wcielab --diffusion=fs:scan=raster --gpu-policy=off --lookup-policy=none --palette-type=rgb -p 238 --snap-policy=nearest:timing=all:rate=1:channel_l=0.85 --mapfile-output=act:{palette} {input},{lsqa} '--loaders=builtin!' {input} -
85a2674e53a2d7b75c6944b5a87b04ee9ea182b1,macOS-26.5.1-arm64-arm-64bit,natural-snake,natural photograph,238,cielab,CIELAB,reversible-all,reversible / all / rate 1,True,reversible,all,1.0,0.85,0.987322,2.215182,1.684894,238,714,0,0,0.0,0.0,0,330654,{img2sixel} --threads=1 --precision=float32 --quality=full '--loaders=builtin!' --sampling-policy=full-frame --binning-policy=hard --quantize-model=kmeans:seed=1:binbits=6 --merge-policy=none --cover-policy=off -Xcielab -Wcielab --diffusion=fs:scan=raster --gpu-policy=off --lookup-policy=none --palette-type=rgb -p 238 --snap-policy=reversible:timing=all:rate=1:channel_l=0.85 --mapfile-output=act:{palette} {input},{lsqa} '--loaders=builtin!' {input} -
85a2674e53a2d7b75c6944b5a87b04ee9ea182b1,macOS-26.5.1-arm64-arm-64bit,natural-snake,natural photograph,238,din99d,DIN99d,off,snap off,False,none,off,0.0,0.85,0.9886,2.145383,2.096972,238,714,226,437,0.6120448179271709,0.6120448179271709,1,331444,{img2sixel} --threads=1 --precision=float32 --quality=full '--loaders=builtin!' --sampling-policy=full-frame --binning-policy=hard --quantize-model=kmeans:seed=1:binbits=6 --merge-policy=none --cover-policy=off -Xdin99d -Wdin99d --diffusion=fs:scan=raster --gpu-policy=off --lookup-policy=none --palette-type=rgb -p 238 --snap-policy=none --mapfile-output=act:{palette} {input},{lsqa} '--loaders=builtin!' {input} -
85a2674e53a2d7b75c6944b5a87b04ee9ea182b1,macOS-26.5.1-arm64-arm-64bit,natural-snake,natural photograph,238,din99d,DIN99d,nearest-quarter,nearest / all / rate 0.25,True,nearest,all,0.25,0.85,0.988863,2.082556,2.059488,238,714,162,250,0.35014005602240894,0.35014005602240894,1,330942,{img2sixel} --threads=1 --precision=float32 --quality=full '--loaders=builtin!' --sampling-policy=full-frame --binning-policy=hard --quantize-model=kmeans:seed=1:binbits=6 --merge-policy=none --cover-policy=off -Xdin99d -Wdin99d --diffusion=fs:scan=raster --gpu-policy=off --lookup-policy=none --palette-type=rgb -p 238 --snap-policy=nearest:timing=all:rate=0.25:channel_l=0.85 --mapfile-output=act:{palette} {input},{lsqa} '--loaders=builtin!' {input} -
85a2674e53a2d7b75c6944b5a87b04ee9ea182b1,macOS-26.5.1-arm64-arm-64bit,natural-snake,natural photograph,238,din99d,DIN99d,nearest-once,nearest / once / rate 1,True,nearest,once,1.0,0.85,0.988546,2.110443,2.035642,238,714,0,0,0.0,0.0,0,334334,{img2sixel} --threads=1 --precision=float32 --quality=full '--loaders=builtin!' --sampling-policy=full-frame --binning-policy=hard --quantize-model=kmeans:seed=1:binbits=6 --merge-policy=none --cover-policy=off -Xdin99d -Wdin99d --diffusion=fs:scan=raster --gpu-policy=off --lookup-policy=none --palette-type=rgb -p 238 --snap-policy=nearest:timing=once:rate=1:channel_l=0.85 --mapfile-output=act:{palette} {input},{lsqa} '--loaders=builtin!' {input} -
85a2674e53a2d7b75c6944b5a87b04ee9ea182b1,macOS-26.5.1-arm64-arm-64bit,natural-snake,natural photograph,238,din99d,DIN99d,nearest-all,nearest / all / rate 1,True,nearest,all,1.0,0.85,0.988314,2.097685,2.04136,238,714,0,0,0.0,0.0,0,332278,{img2sixel} --threads=1 --precision=float32 --quality=full '--loaders=builtin!' --sampling-policy=full-frame --binning-policy=hard --quantize-model=kmeans:seed=1:binbits=6 --merge-policy=none --cover-policy=off -Xdin99d -Wdin99d --diffusion=fs:scan=raster --gpu-policy=off --lookup-policy=none --palette-type=rgb -p 238 --snap-policy=nearest:timing=all:rate=1:channel_l=0.85 --mapfile-output=act:{palette} {input},{lsqa} '--loaders=builtin!' {input} -
85a2674e53a2d7b75c6944b5a87b04ee9ea182b1,macOS-26.5.1-arm64-arm-64bit,natural-snake,natural photograph,238,din99d,DIN99d,reversible-all,reversible / all / rate 1,True,reversible,all,1.0,0.85,0.988734,2.111229,2.06458,238,714,0,0,0.0,0.0,0,329399,{img2sixel} --threads=1 --precision=float32 --quality=full '--loaders=builtin!' --sampling-policy=full-frame --binning-policy=hard --quantize-model=kmeans:seed=1:binbits=6 --merge-policy=none --cover-policy=off -Xdin99d -Wdin99d --diffusion=fs:scan=raster --gpu-policy=off --lookup-policy=none --palette-type=rgb -p 238 --snap-policy=reversible:timing=all:rate=1:channel_l=0.85 --mapfile-output=act:{palette} {input},{lsqa} '--loaders=builtin!' {input} -
85a2674e53a2d7b75c6944b5a87b04ee9ea182b1,macOS-26.5.1-arm64-arm-64bit,natural-snake,natural photograph,240,gamma,sRGB gamma,off,snap off,False,none,off,0.0,0.85,0.990268,2.297015,1.841985,240,720,226,460,0.6388888888888888,0.6388888888888888,1,305468,{img2sixel} --threads=1 --precision=float32 --quality=full '--loaders=builtin!' --sampling-policy=full-frame --binning-policy=hard --quantize-model=kmeans:seed=1:binbits=6 --merge-policy=none --cover-policy=off -Xgamma -Wgamma --diffusion=fs:scan=raster --gpu-policy=off --lookup-policy=none --palette-type=rgb -p 240 --snap-policy=none --mapfile-output=act:{palette} {input},{lsqa} '--loaders=builtin!' {input} -
85a2674e53a2d7b75c6944b5a87b04ee9ea182b1,macOS-26.5.1-arm64-arm-64bit,natural-snake,natural photograph,240,gamma,sRGB gamma,nearest-quarter,nearest / all / rate 0.25,True,nearest,all,0.25,0.85,0.990725,2.268215,1.85967,240,720,159,209,0.2902777777777778,0.2902777777777778,1,308588,{img2sixel} --threads=1 --precision=float32 --quality=full '--loaders=builtin!' --sampling-policy=full-frame --binning-policy=hard --quantize-model=kmeans:seed=1:binbits=6 --merge-policy=none --cover-policy=off -Xgamma -Wgamma --diffusion=fs:scan=raster --gpu-policy=off --lookup-policy=none --palette-type=rgb -p 240 --snap-policy=nearest:timing=all:rate=0.25:channel_l=0.85 --mapfile-output=act:{palette} {input},{lsqa} '--loaders=builtin!' {input} -
85a2674e53a2d7b75c6944b5a87b04ee9ea182b1,macOS-26.5.1-arm64-arm-64bit,natural-snake,natural photograph,240,gamma,sRGB gamma,nearest-once,nearest / once / rate 1,True,nearest,once,1.0,0.85,0.989412,2.326524,1.897144,240,720,0,0,0.0,0.0,0,309004,{img2sixel} --threads=1 --precision=float32 --quality=full '--loaders=builtin!' --sampling-policy=full-frame --binning-policy=hard --quantize-model=kmeans:seed=1:binbits=6 --merge-policy=none --cover-policy=off -Xgamma -Wgamma --diffusion=fs:scan=raster --gpu-policy=off --lookup-policy=none --palette-type=rgb -p 240 --snap-policy=nearest:timing=once:rate=1:channel_l=0.85 --mapfile-output=act:{palette} {input},{lsqa} '--loaders=builtin!' {input} -
85a2674e53a2d7b75c6944b5a87b04ee9ea182b1,macOS-26.5.1-arm64-arm-64bit,natural-snake,natural photograph,240,gamma,sRGB gamma,nearest-all,nearest / all / rate 1,True,nearest,all,1.0,0.85,0.990731,2.292227,1.948382,240,720,0,0,0.0,0.0,0,311829,{img2sixel} --threads=1 --precision=float32 --quality=full '--loaders=builtin!' --sampling-policy=full-frame --binning-policy=hard --quantize-model=kmeans:seed=1:binbits=6 --merge-policy=none --cover-policy=off -Xgamma -Wgamma --diffusion=fs:scan=raster --gpu-policy=off --lookup-policy=none --palette-type=rgb -p 240 --snap-policy=nearest:timing=all:rate=1:channel_l=0.85 --mapfile-output=act:{palette} {input},{lsqa} '--loaders=builtin!' {input} -
85a2674e53a2d7b75c6944b5a87b04ee9ea182b1,macOS-26.5.1-arm64-arm-64bit,natural-snake,natural photograph,240,gamma,sRGB gamma,reversible-all,reversible / all / rate 1,True,reversible,all,1.0,0.85,0.989216,2.358973,1.928986,240,720,0,0,0.0,0.0,0,309014,{img2sixel} --threads=1 --precision=float32 --quality=full '--loaders=builtin!' --sampling-policy=full-frame --binning-policy=hard --quantize-model=kmeans:seed=1:binbits=6 --merge-policy=none --cover-policy=off -Xgamma -Wgamma --diffusion=fs:scan=raster --gpu-policy=off --lookup-policy=none --palette-type=rgb -p 240 --snap-policy=reversible:timing=all:rate=1:channel_l=0.85 --mapfile-output=act:{palette} {input},{lsqa} '--loaders=builtin!' {input} -
85a2674e53a2d7b75c6944b5a87b04ee9ea182b1,macOS-26.5.1-arm64-arm-64bit,natural-snake,natural photograph,240,linear,linear RGB,off,snap off,False,none,off,0.0,0.85,0.99222,2.398235,2.724993,240,720,225,412,0.5722222222222222,0.5722222222222222,1,331496,{img2sixel} --threads=1 --precision=float32 --quality=full '--loaders=builtin!' --sampling-policy=full-frame --binning-policy=hard --quantize-model=kmeans:seed=1:binbits=6 --merge-policy=none --cover-policy=off -Xlinear -Wlinear --diffusion=fs:scan=raster --gpu-policy=off --lookup-policy=none --palette-type=rgb -p 240 --snap-policy=none --mapfile-output=act:{palette} {input},{lsqa} '--loaders=builtin!' {input} -
85a2674e53a2d7b75c6944b5a87b04ee9ea182b1,macOS-26.5.1-arm64-arm-64bit,natural-snake,natural photograph,240,linear,linear RGB,nearest-quarter,nearest / all / rate 0.25,True,nearest,all,0.25,0.85,0.992194,2.304606,2.641825,240,720,135,191,0.2652777777777778,0.2652777777777778,1,331542,{img2sixel} --threads=1 --precision=float32 --quality=full '--loaders=builtin!' --sampling-policy=full-frame --binning-policy=hard --quantize-model=kmeans:seed=1:binbits=6 --merge-policy=none --cover-policy=off -Xlinear -Wlinear --diffusion=fs:scan=raster --gpu-policy=off --lookup-policy=none --palette-type=rgb -p 240 --snap-policy=nearest:timing=all:rate=0.25:channel_l=0.85 --mapfile-output=act:{palette} {input},{lsqa} '--loaders=builtin!' {input} -
85a2674e53a2d7b75c6944b5a87b04ee9ea182b1,macOS-26.5.1-arm64-arm-64bit,natural-snake,natural photograph,240,linear,linear RGB,nearest-once,nearest / once / rate 1,True,nearest,once,1.0,0.85,0.992409,2.296906,2.622456,240,720,0,0,0.0,0.0,0,332950,{img2sixel} --threads=1 --precision=float32 --quality=full '--loaders=builtin!' --sampling-policy=full-frame --binning-policy=hard --quantize-model=kmeans:seed=1:binbits=6 --merge-policy=none --cover-policy=off -Xlinear -Wlinear --diffusion=fs:scan=raster --gpu-policy=off --lookup-policy=none --palette-type=rgb -p 240 --snap-policy=nearest:timing=once:rate=1:channel_l=0.85 --mapfile-output=act:{palette} {input},{lsqa} '--loaders=builtin!' {input} -
85a2674e53a2d7b75c6944b5a87b04ee9ea182b1,macOS-26.5.1-arm64-arm-64bit,natural-snake,natural photograph,240,linear,linear RGB,nearest-all,nearest / all / rate 1,True,nearest,all,1.0,0.85,0.991771,2.317022,2.612868,240,720,0,0,0.0,0.0,0,334632,{img2sixel} --threads=1 --precision=float32 --quality=full '--loaders=builtin!' --sampling-policy=full-frame --binning-policy=hard --quantize-model=kmeans:seed=1:binbits=6 --merge-policy=none --cover-policy=off -Xlinear -Wlinear --diffusion=fs:scan=raster --gpu-policy=off --lookup-policy=none --palette-type=rgb -p 240 --snap-policy=nearest:timing=all:rate=1:channel_l=0.85 --mapfile-output=act:{palette} {input},{lsqa} '--loaders=builtin!' {input} -
85a2674e53a2d7b75c6944b5a87b04ee9ea182b1,macOS-26.5.1-arm64-arm-64bit,natural-snake,natural photograph,240,linear,linear RGB,reversible-all,reversible / all / rate 1,True,reversible,all,1.0,0.85,0.99164,2.359317,2.629077,240,720,0,0,0.0,0.0,0,334222,{img2sixel} --threads=1 --precision=float32 --quality=full '--loaders=builtin!' --sampling-policy=full-frame --binning-policy=hard --quantize-model=kmeans:seed=1:binbits=6 --merge-policy=none --cover-policy=off -Xlinear -Wlinear --diffusion=fs:scan=raster --gpu-policy=off --lookup-policy=none --palette-type=rgb -p 240 --snap-policy=reversible:timing=all:rate=1:channel_l=0.85 --mapfile-output=act:{palette} {input},{lsqa} '--loaders=builtin!' {input} -
85a2674e53a2d7b75c6944b5a87b04ee9ea182b1,macOS-26.5.1-arm64-arm-64bit,natural-snake,natural photograph,240,oklab,OKLab,off,snap off,False,none,off,0.0,0.85,0.993589,2.435029,2.451248,240,720,227,418,0.5805555555555556,0.5805555555555556,1,338685,{img2sixel} --threads=1 --precision=float32 --quality=full '--loaders=builtin!' --sampling-policy=full-frame --binning-policy=hard --quantize-model=kmeans:seed=1:binbits=6 --merge-policy=none --cover-policy=off -Xoklab -Woklab --diffusion=fs:scan=raster --gpu-policy=off --lookup-policy=none --palette-type=rgb -p 240 --snap-policy=none --mapfile-output=act:{palette} {input},{lsqa} '--loaders=builtin!' {input} -
85a2674e53a2d7b75c6944b5a87b04ee9ea182b1,macOS-26.5.1-arm64-arm-64bit,natural-snake,natural photograph,240,oklab,OKLab,nearest-quarter,nearest / all / rate 0.25,True,nearest,all,0.25,0.85,0.994627,2.469946,2.369008,240,720,187,323,0.4486111111111111,0.4486111111111111,1,335439,{img2sixel} --threads=1 --precision=float32 --quality=full '--loaders=builtin!' --sampling-policy=full-frame --binning-policy=hard --quantize-model=kmeans:seed=1:binbits=6 --merge-policy=none --cover-policy=off -Xoklab -Woklab --diffusion=fs:scan=raster --gpu-policy=off --lookup-policy=none --palette-type=rgb -p 240 --snap-policy=nearest:timing=all:rate=0.25:channel_l=0.85 --mapfile-output=act:{palette} {input},{lsqa} '--loaders=builtin!' {input} -
85a2674e53a2d7b75c6944b5a87b04ee9ea182b1,macOS-26.5.1-arm64-arm-64bit,natural-snake,natural photograph,240,oklab,OKLab,nearest-once,nearest / once / rate 1,True,nearest,once,1.0,0.85,0.994525,2.499452,2.393437,240,720,0,0,0.0,0.0,0,337039,{img2sixel} --threads=1 --precision=float32 --quality=full '--loaders=builtin!' --sampling-policy=full-frame --binning-policy=hard --quantize-model=kmeans:seed=1:binbits=6 --merge-policy=none --cover-policy=off -Xoklab -Woklab --diffusion=fs:scan=raster --gpu-policy=off --lookup-policy=none --palette-type=rgb -p 240 --snap-policy=nearest:timing=once:rate=1:channel_l=0.85 --mapfile-output=act:{palette} {input},{lsqa} '--loaders=builtin!' {input} -
85a2674e53a2d7b75c6944b5a87b04ee9ea182b1,macOS-26.5.1-arm64-arm-64bit,natural-snake,natural photograph,240,oklab,OKLab,nearest-all,nearest / all / rate 1,True,nearest,all,1.0,0.85,0.994643,2.469507,2.406045,240,720,0,0,0.0,0.0,0,340414,{img2sixel} --threads=1 --precision=float32 --quality=full '--loaders=builtin!' --sampling-policy=full-frame --binning-policy=hard --quantize-model=kmeans:seed=1:binbits=6 --merge-policy=none --cover-policy=off -Xoklab -Woklab --diffusion=fs:scan=raster --gpu-policy=off --lookup-policy=none --palette-type=rgb -p 240 --snap-policy=nearest:timing=all:rate=1:channel_l=0.85 --mapfile-output=act:{palette} {input},{lsqa} '--loaders=builtin!' {input} -
85a2674e53a2d7b75c6944b5a87b04ee9ea182b1,macOS-26.5.1-arm64-arm-64bit,natural-snake,natural photograph,240,oklab,OKLab,reversible-all,reversible / all / rate 1,True,reversible,all,1.0,0.85,0.994404,2.363192,2.379508,240,720,0,0,0.0,0.0,0,332664,{img2sixel} --threads=1 --precision=float32 --quality=full '--loaders=builtin!' --sampling-policy=full-frame --binning-policy=hard --quantize-model=kmeans:seed=1:binbits=6 --merge-policy=none --cover-policy=off -Xoklab -Woklab --diffusion=fs:scan=raster --gpu-policy=off --lookup-policy=none --palette-type=rgb -p 240 --snap-policy=reversible:timing=all:rate=1:channel_l=0.85 --mapfile-output=act:{palette} {input},{lsqa} '--loaders=builtin!' {input} -
85a2674e53a2d7b75c6944b5a87b04ee9ea182b1,macOS-26.5.1-arm64-arm-64bit,natural-snake,natural photograph,240,cielab,CIELAB,off,snap off,False,none,off,0.0,0.85,0.988194,2.24068,1.632561,240,720,229,444,0.6166666666666667,0.6166666666666667,1,335683,{img2sixel} --threads=1 --precision=float32 --quality=full '--loaders=builtin!' --sampling-policy=full-frame --binning-policy=hard --quantize-model=kmeans:seed=1:binbits=6 --merge-policy=none --cover-policy=off -Xcielab -Wcielab --diffusion=fs:scan=raster --gpu-policy=off --lookup-policy=none --palette-type=rgb -p 240 --snap-policy=none --mapfile-output=act:{palette} {input},{lsqa} '--loaders=builtin!' {input} -
85a2674e53a2d7b75c6944b5a87b04ee9ea182b1,macOS-26.5.1-arm64-arm-64bit,natural-snake,natural photograph,240,cielab,CIELAB,nearest-quarter,nearest / all / rate 0.25,True,nearest,all,0.25,0.85,0.988915,2.213485,1.661727,240,720,158,247,0.34305555555555556,0.34305555555555556,1,334872,{img2sixel} --threads=1 --precision=float32 --quality=full '--loaders=builtin!' --sampling-policy=full-frame --binning-policy=hard --quantize-model=kmeans:seed=1:binbits=6 --merge-policy=none --cover-policy=off -Xcielab -Wcielab --diffusion=fs:scan=raster --gpu-policy=off --lookup-policy=none --palette-type=rgb -p 240 --snap-policy=nearest:timing=all:rate=0.25:channel_l=0.85 --mapfile-output=act:{palette} {input},{lsqa} '--loaders=builtin!' {input} -
85a2674e53a2d7b75c6944b5a87b04ee9ea182b1,macOS-26.5.1-arm64-arm-64bit,natural-snake,natural photograph,240,cielab,CIELAB,nearest-once,nearest / once / rate 1,True,nearest,once,1.0,0.85,0.989102,2.174668,1.615514,240,720,0,0,0.0,0.0,0,339825,{img2sixel} --threads=1 --precision=float32 --quality=full '--loaders=builtin!' --sampling-policy=full-frame --binning-policy=hard --quantize-model=kmeans:seed=1:binbits=6 --merge-policy=none --cover-policy=off -Xcielab -Wcielab --diffusion=fs:scan=raster --gpu-policy=off --lookup-policy=none --palette-type=rgb -p 240 --snap-policy=nearest:timing=once:rate=1:channel_l=0.85 --mapfile-output=act:{palette} {input},{lsqa} '--loaders=builtin!' {input} -
85a2674e53a2d7b75c6944b5a87b04ee9ea182b1,macOS-26.5.1-arm64-arm-64bit,natural-snake,natural photograph,240,cielab,CIELAB,nearest-all,nearest / all / rate 1,True,nearest,all,1.0,0.85,0.989011,2.17705,1.646107,240,720,0,0,0.0,0.0,0,337553,{img2sixel} --threads=1 --precision=float32 --quality=full '--loaders=builtin!' --sampling-policy=full-frame --binning-policy=hard --quantize-model=kmeans:seed=1:binbits=6 --merge-policy=none --cover-policy=off -Xcielab -Wcielab --diffusion=fs:scan=raster --gpu-policy=off --lookup-policy=none --palette-type=rgb -p 240 --snap-policy=nearest:timing=all:rate=1:channel_l=0.85 --mapfile-output=act:{palette} {input},{lsqa} '--loaders=builtin!' {input} -
85a2674e53a2d7b75c6944b5a87b04ee9ea182b1,macOS-26.5.1-arm64-arm-64bit,natural-snake,natural photograph,240,cielab,CIELAB,reversible-all,reversible / all / rate 1,True,reversible,all,1.0,0.85,0.987453,2.179939,1.678439,240,720,0,0,0.0,0.0,0,332485,{img2sixel} --threads=1 --precision=float32 --quality=full '--loaders=builtin!' --sampling-policy=full-frame --binning-policy=hard --quantize-model=kmeans:seed=1:binbits=6 --merge-policy=none --cover-policy=off -Xcielab -Wcielab --diffusion=fs:scan=raster --gpu-policy=off --lookup-policy=none --palette-type=rgb -p 240 --snap-policy=reversible:timing=all:rate=1:channel_l=0.85 --mapfile-output=act:{palette} {input},{lsqa} '--loaders=builtin!' {input} -
85a2674e53a2d7b75c6944b5a87b04ee9ea182b1,macOS-26.5.1-arm64-arm-64bit,natural-snake,natural photograph,240,din99d,DIN99d,off,snap off,False,none,off,0.0,0.85,0.988597,2.142692,2.090336,240,720,228,439,0.6097222222222223,0.6097222222222223,1,330644,{img2sixel} --threads=1 --precision=float32 --quality=full '--loaders=builtin!' --sampling-policy=full-frame --binning-policy=hard --quantize-model=kmeans:seed=1:binbits=6 --merge-policy=none --cover-policy=off -Xdin99d -Wdin99d --diffusion=fs:scan=raster --gpu-policy=off --lookup-policy=none --palette-type=rgb -p 240 --snap-policy=none --mapfile-output=act:{palette} {input},{lsqa} '--loaders=builtin!' {input} -
85a2674e53a2d7b75c6944b5a87b04ee9ea182b1,macOS-26.5.1-arm64-arm-64bit,natural-snake,natural photograph,240,din99d,DIN99d,nearest-quarter,nearest / all / rate 0.25,True,nearest,all,0.25,0.85,0.988819,2.078171,2.055607,240,720,163,253,0.35138888888888886,0.35138888888888886,1,332773,{img2sixel} --threads=1 --precision=float32 --quality=full '--loaders=builtin!' --sampling-policy=full-frame --binning-policy=hard --quantize-model=kmeans:seed=1:binbits=6 --merge-policy=none --cover-policy=off -Xdin99d -Wdin99d --diffusion=fs:scan=raster --gpu-policy=off --lookup-policy=none --palette-type=rgb -p 240 --snap-policy=nearest:timing=all:rate=0.25:channel_l=0.85 --mapfile-output=act:{palette} {input},{lsqa} '--loaders=builtin!' {input} -
85a2674e53a2d7b75c6944b5a87b04ee9ea182b1,macOS-26.5.1-arm64-arm-64bit,natural-snake,natural photograph,240,din99d,DIN99d,nearest-once,nearest / once / rate 1,True,nearest,once,1.0,0.85,0.988658,2.078008,2.017367,240,720,0,0,0.0,0.0,0,335381,{img2sixel} --threads=1 --precision=float32 --quality=full '--loaders=builtin!' --sampling-policy=full-frame --binning-policy=hard --quantize-model=kmeans:seed=1:binbits=6 --merge-policy=none --cover-policy=off -Xdin99d -Wdin99d --diffusion=fs:scan=raster --gpu-policy=off --lookup-policy=none --palette-type=rgb -p 240 --snap-policy=nearest:timing=once:rate=1:channel_l=0.85 --mapfile-output=act:{palette} {input},{lsqa} '--loaders=builtin!' {input} -
85a2674e53a2d7b75c6944b5a87b04ee9ea182b1,macOS-26.5.1-arm64-arm-64bit,natural-snake,natural photograph,240,din99d,DIN99d,nearest-all,nearest / all / rate 1,True,nearest,all,1.0,0.85,0.988409,2.091687,2.038283,240,720,0,0,0.0,0.0,0,333257,{img2sixel} --threads=1 --precision=float32 --quality=full '--loaders=builtin!' --sampling-policy=full-frame --binning-policy=hard --quantize-model=kmeans:seed=1:binbits=6 --merge-policy=none --cover-policy=off -Xdin99d -Wdin99d --diffusion=fs:scan=raster --gpu-policy=off --lookup-policy=none --palette-type=rgb -p 240 --snap-policy=nearest:timing=all:rate=1:channel_l=0.85 --mapfile-output=act:{palette} {input},{lsqa} '--loaders=builtin!' {input} -
85a2674e53a2d7b75c6944b5a87b04ee9ea182b1,macOS-26.5.1-arm64-arm-64bit,natural-snake,natural photograph,240,din99d,DIN99d,reversible-all,reversible / all / rate 1,True,reversible,all,1.0,0.85,0.988559,2.111802,2.073518,240,720,0,0,0.0,0.0,0,329873,{img2sixel} --threads=1 --precision=float32 --quality=full '--loaders=builtin!' --sampling-policy=full-frame --binning-policy=hard --quantize-model=kmeans:seed=1:binbits=6 --merge-policy=none --cover-policy=off -Xdin99d -Wdin99d --diffusion=fs:scan=raster --gpu-policy=off --lookup-policy=none --palette-type=rgb -p 240 --snap-policy=reversible:timing=all:rate=1:channel_l=0.85 --mapfile-output=act:{palette} {input},{lsqa} '--loaders=builtin!' {input} -
85a2674e53a2d7b75c6944b5a87b04ee9ea182b1,macOS-26.5.1-arm64-arm-64bit,natural-snake,natural photograph,242,gamma,sRGB gamma,off,snap off,False,none,off,0.0,0.85,0.990369,2.314035,1.832125,242,726,228,452,0.6225895316804407,0.6225895316804407,1,308952,{img2sixel} --threads=1 --precision=float32 --quality=full '--loaders=builtin!' --sampling-policy=full-frame --binning-policy=hard --quantize-model=kmeans:seed=1:binbits=6 --merge-policy=none --cover-policy=off -Xgamma -Wgamma --diffusion=fs:scan=raster --gpu-policy=off --lookup-policy=none --palette-type=rgb -p 242 --snap-policy=none --mapfile-output=act:{palette} {input},{lsqa} '--loaders=builtin!' {input} -
85a2674e53a2d7b75c6944b5a87b04ee9ea182b1,macOS-26.5.1-arm64-arm-64bit,natural-snake,natural photograph,242,gamma,sRGB gamma,nearest-quarter,nearest / all / rate 0.25,True,nearest,all,0.25,0.85,0.990747,2.281151,1.835191,242,726,166,217,0.2988980716253444,0.2988980716253444,1,309461,{img2sixel} --threads=1 --precision=float32 --quality=full '--loaders=builtin!' --sampling-policy=full-frame --binning-policy=hard --quantize-model=kmeans:seed=1:binbits=6 --merge-policy=none --cover-policy=off -Xgamma -Wgamma --diffusion=fs:scan=raster --gpu-policy=off --lookup-policy=none --palette-type=rgb -p 242 --snap-policy=nearest:timing=all:rate=0.25:channel_l=0.85 --mapfile-output=act:{palette} {input},{lsqa} '--loaders=builtin!' {input} -
85a2674e53a2d7b75c6944b5a87b04ee9ea182b1,macOS-26.5.1-arm64-arm-64bit,natural-snake,natural photograph,242,gamma,sRGB gamma,nearest-once,nearest / once / rate 1,True,nearest,once,1.0,0.85,0.989955,2.322227,1.856989,242,726,0,0,0.0,0.0,0,313582,{img2sixel} --threads=1 --precision=float32 --quality=full '--loaders=builtin!' --sampling-policy=full-frame --binning-policy=hard --quantize-model=kmeans:seed=1:binbits=6 --merge-policy=none --cover-policy=off -Xgamma -Wgamma --diffusion=fs:scan=raster --gpu-policy=off --lookup-policy=none --palette-type=rgb -p 242 --snap-policy=nearest:timing=once:rate=1:channel_l=0.85 --mapfile-output=act:{palette} {input},{lsqa} '--loaders=builtin!' {input} -
85a2674e53a2d7b75c6944b5a87b04ee9ea182b1,macOS-26.5.1-arm64-arm-64bit,natural-snake,natural photograph,242,gamma,sRGB gamma,nearest-all,nearest / all / rate 1,True,nearest,all,1.0,0.85,0.991038,2.253652,1.901848,242,726,0,0,0.0,0.0,0,312946,{img2sixel} --threads=1 --precision=float32 --quality=full '--loaders=builtin!' --sampling-policy=full-frame --binning-policy=hard --quantize-model=kmeans:seed=1:binbits=6 --merge-policy=none --cover-policy=off -Xgamma -Wgamma --diffusion=fs:scan=raster --gpu-policy=off --lookup-policy=none --palette-type=rgb -p 242 --snap-policy=nearest:timing=all:rate=1:channel_l=0.85 --mapfile-output=act:{palette} {input},{lsqa} '--loaders=builtin!' {input} -
85a2674e53a2d7b75c6944b5a87b04ee9ea182b1,macOS-26.5.1-arm64-arm-64bit,natural-snake,natural photograph,242,gamma,sRGB gamma,reversible-all,reversible / all / rate 1,True,reversible,all,1.0,0.85,0.989666,2.335277,1.922725,242,726,0,0,0.0,0.0,0,309507,{img2sixel} --threads=1 --precision=float32 --quality=full '--loaders=builtin!' --sampling-policy=full-frame --binning-policy=hard --quantize-model=kmeans:seed=1:binbits=6 --merge-policy=none --cover-policy=off -Xgamma -Wgamma --diffusion=fs:scan=raster --gpu-policy=off --lookup-policy=none --palette-type=rgb -p 242 --snap-policy=reversible:timing=all:rate=1:channel_l=0.85 --mapfile-output=act:{palette} {input},{lsqa} '--loaders=builtin!' {input} -
85a2674e53a2d7b75c6944b5a87b04ee9ea182b1,macOS-26.5.1-arm64-arm-64bit,natural-snake,natural photograph,242,linear,linear RGB,off,snap off,False,none,off,0.0,0.85,0.992252,2.395436,2.712332,242,726,229,416,0.5730027548209367,0.5730027548209367,1,332240,{img2sixel} --threads=1 --precision=float32 --quality=full '--loaders=builtin!' --sampling-policy=full-frame --binning-policy=hard --quantize-model=kmeans:seed=1:binbits=6 --merge-policy=none --cover-policy=off -Xlinear -Wlinear --diffusion=fs:scan=raster --gpu-policy=off --lookup-policy=none --palette-type=rgb -p 242 --snap-policy=none --mapfile-output=act:{palette} {input},{lsqa} '--loaders=builtin!' {input} -
85a2674e53a2d7b75c6944b5a87b04ee9ea182b1,macOS-26.5.1-arm64-arm-64bit,natural-snake,natural photograph,242,linear,linear RGB,nearest-quarter,nearest / all / rate 0.25,True,nearest,all,0.25,0.85,0.99207,2.302377,2.633531,242,726,134,191,0.2630853994490358,0.2630853994490358,1,333316,{img2sixel} --threads=1 --precision=float32 --quality=full '--loaders=builtin!' --sampling-policy=full-frame --binning-policy=hard --quantize-model=kmeans:seed=1:binbits=6 --merge-policy=none --cover-policy=off -Xlinear -Wlinear --diffusion=fs:scan=raster --gpu-policy=off --lookup-policy=none --palette-type=rgb -p 242 --snap-policy=nearest:timing=all:rate=0.25:channel_l=0.85 --mapfile-output=act:{palette} {input},{lsqa} '--loaders=builtin!' {input} -
85a2674e53a2d7b75c6944b5a87b04ee9ea182b1,macOS-26.5.1-arm64-arm-64bit,natural-snake,natural photograph,242,linear,linear RGB,nearest-once,nearest / once / rate 1,True,nearest,once,1.0,0.85,0.992294,2.284285,2.608868,242,726,0,0,0.0,0.0,0,334924,{img2sixel} --threads=1 --precision=float32 --quality=full '--loaders=builtin!' --sampling-policy=full-frame --binning-policy=hard --quantize-model=kmeans:seed=1:binbits=6 --merge-policy=none --cover-policy=off -Xlinear -Wlinear --diffusion=fs:scan=raster --gpu-policy=off --lookup-policy=none --palette-type=rgb -p 242 --snap-policy=nearest:timing=once:rate=1:channel_l=0.85 --mapfile-output=act:{palette} {input},{lsqa} '--loaders=builtin!' {input} -
85a2674e53a2d7b75c6944b5a87b04ee9ea182b1,macOS-26.5.1-arm64-arm-64bit,natural-snake,natural photograph,242,linear,linear RGB,nearest-all,nearest / all / rate 1,True,nearest,all,1.0,0.85,0.992156,2.292748,2.583868,242,726,0,0,0.0,0.0,0,334105,{img2sixel} --threads=1 --precision=float32 --quality=full '--loaders=builtin!' --sampling-policy=full-frame --binning-policy=hard --quantize-model=kmeans:seed=1:binbits=6 --merge-policy=none --cover-policy=off -Xlinear -Wlinear --diffusion=fs:scan=raster --gpu-policy=off --lookup-policy=none --palette-type=rgb -p 242 --snap-policy=nearest:timing=all:rate=1:channel_l=0.85 --mapfile-output=act:{palette} {input},{lsqa} '--loaders=builtin!' {input} -
85a2674e53a2d7b75c6944b5a87b04ee9ea182b1,macOS-26.5.1-arm64-arm-64bit,natural-snake,natural photograph,242,linear,linear RGB,reversible-all,reversible / all / rate 1,True,reversible,all,1.0,0.85,0.991559,2.362286,2.659935,242,726,0,0,0.0,0.0,0,336005,{img2sixel} --threads=1 --precision=float32 --quality=full '--loaders=builtin!' --sampling-policy=full-frame --binning-policy=hard --quantize-model=kmeans:seed=1:binbits=6 --merge-policy=none --cover-policy=off -Xlinear -Wlinear --diffusion=fs:scan=raster --gpu-policy=off --lookup-policy=none --palette-type=rgb -p 242 --snap-policy=reversible:timing=all:rate=1:channel_l=0.85 --mapfile-output=act:{palette} {input},{lsqa} '--loaders=builtin!' {input} -
85a2674e53a2d7b75c6944b5a87b04ee9ea182b1,macOS-26.5.1-arm64-arm-64bit,natural-snake,natural photograph,242,oklab,OKLab,off,snap off,False,none,off,0.0,0.85,0.993683,2.441844,2.447641,242,726,227,420,0.5785123966942148,0.5785123966942148,1,339769,{img2sixel} --threads=1 --precision=float32 --quality=full '--loaders=builtin!' --sampling-policy=full-frame --binning-policy=hard --quantize-model=kmeans:seed=1:binbits=6 --merge-policy=none --cover-policy=off -Xoklab -Woklab --diffusion=fs:scan=raster --gpu-policy=off --lookup-policy=none --palette-type=rgb -p 242 --snap-policy=none --mapfile-output=act:{palette} {input},{lsqa} '--loaders=builtin!' {input} -
85a2674e53a2d7b75c6944b5a87b04ee9ea182b1,macOS-26.5.1-arm64-arm-64bit,natural-snake,natural photograph,242,oklab,OKLab,nearest-quarter,nearest / all / rate 0.25,True,nearest,all,0.25,0.85,0.994726,2.451617,2.352722,242,726,186,324,0.4462809917355372,0.4462809917355372,1,337043,{img2sixel} --threads=1 --precision=float32 --quality=full '--loaders=builtin!' --sampling-policy=full-frame --binning-policy=hard --quantize-model=kmeans:seed=1:binbits=6 --merge-policy=none --cover-policy=off -Xoklab -Woklab --diffusion=fs:scan=raster --gpu-policy=off --lookup-policy=none --palette-type=rgb -p 242 --snap-policy=nearest:timing=all:rate=0.25:channel_l=0.85 --mapfile-output=act:{palette} {input},{lsqa} '--loaders=builtin!' {input} -
85a2674e53a2d7b75c6944b5a87b04ee9ea182b1,macOS-26.5.1-arm64-arm-64bit,natural-snake,natural photograph,242,oklab,OKLab,nearest-once,nearest / once / rate 1,True,nearest,once,1.0,0.85,0.994559,2.482759,2.381148,242,726,0,0,0.0,0.0,0,339520,{img2sixel} --threads=1 --precision=float32 --quality=full '--loaders=builtin!' --sampling-policy=full-frame --binning-policy=hard --quantize-model=kmeans:seed=1:binbits=6 --merge-policy=none --cover-policy=off -Xoklab -Woklab --diffusion=fs:scan=raster --gpu-policy=off --lookup-policy=none --palette-type=rgb -p 242 --snap-policy=nearest:timing=once:rate=1:channel_l=0.85 --mapfile-output=act:{palette} {input},{lsqa} '--loaders=builtin!' {input} -
85a2674e53a2d7b75c6944b5a87b04ee9ea182b1,macOS-26.5.1-arm64-arm-64bit,natural-snake,natural photograph,242,oklab,OKLab,nearest-all,nearest / all / rate 1,True,nearest,all,1.0,0.85,0.994776,2.450006,2.433138,242,726,0,0,0.0,0.0,0,343353,{img2sixel} --threads=1 --precision=float32 --quality=full '--loaders=builtin!' --sampling-policy=full-frame --binning-policy=hard --quantize-model=kmeans:seed=1:binbits=6 --merge-policy=none --cover-policy=off -Xoklab -Woklab --diffusion=fs:scan=raster --gpu-policy=off --lookup-policy=none --palette-type=rgb -p 242 --snap-policy=nearest:timing=all:rate=1:channel_l=0.85 --mapfile-output=act:{palette} {input},{lsqa} '--loaders=builtin!' {input} -
85a2674e53a2d7b75c6944b5a87b04ee9ea182b1,macOS-26.5.1-arm64-arm-64bit,natural-snake,natural photograph,242,oklab,OKLab,reversible-all,reversible / all / rate 1,True,reversible,all,1.0,0.85,0.994346,2.358209,2.352032,242,726,0,0,0.0,0.0,0,335320,{img2sixel} --threads=1 --precision=float32 --quality=full '--loaders=builtin!' --sampling-policy=full-frame --binning-policy=hard --quantize-model=kmeans:seed=1:binbits=6 --merge-policy=none --cover-policy=off -Xoklab -Woklab --diffusion=fs:scan=raster --gpu-policy=off --lookup-policy=none --palette-type=rgb -p 242 --snap-policy=reversible:timing=all:rate=1:channel_l=0.85 --mapfile-output=act:{palette} {input},{lsqa} '--loaders=builtin!' {input} -
85a2674e53a2d7b75c6944b5a87b04ee9ea182b1,macOS-26.5.1-arm64-arm-64bit,natural-snake,natural photograph,242,cielab,CIELAB,off,snap off,False,none,off,0.0,0.85,0.98798,2.238368,1.629138,242,726,229,446,0.6143250688705234,0.6143250688705234,1,336520,{img2sixel} --threads=1 --precision=float32 --quality=full '--loaders=builtin!' --sampling-policy=full-frame --binning-policy=hard --quantize-model=kmeans:seed=1:binbits=6 --merge-policy=none --cover-policy=off -Xcielab -Wcielab --diffusion=fs:scan=raster --gpu-policy=off --lookup-policy=none --palette-type=rgb -p 242 --snap-policy=none --mapfile-output=act:{palette} {input},{lsqa} '--loaders=builtin!' {input} -
85a2674e53a2d7b75c6944b5a87b04ee9ea182b1,macOS-26.5.1-arm64-arm-64bit,natural-snake,natural photograph,242,cielab,CIELAB,nearest-quarter,nearest / all / rate 0.25,True,nearest,all,0.25,0.85,0.988776,2.217766,1.652639,242,726,157,246,0.33884297520661155,0.33884297520661155,1,336369,{img2sixel} --threads=1 --precision=float32 --quality=full '--loaders=builtin!' --sampling-policy=full-frame --binning-policy=hard --quantize-model=kmeans:seed=1:binbits=6 --merge-policy=none --cover-policy=off -Xcielab -Wcielab --diffusion=fs:scan=raster --gpu-policy=off --lookup-policy=none --palette-type=rgb -p 242 --snap-policy=nearest:timing=all:rate=0.25:channel_l=0.85 --mapfile-output=act:{palette} {input},{lsqa} '--loaders=builtin!' {input} -
85a2674e53a2d7b75c6944b5a87b04ee9ea182b1,macOS-26.5.1-arm64-arm-64bit,natural-snake,natural photograph,242,cielab,CIELAB,nearest-once,nearest / once / rate 1,True,nearest,once,1.0,0.85,0.989216,2.158778,1.596069,242,726,0,0,0.0,0.0,0,339945,{img2sixel} --threads=1 --precision=float32 --quality=full '--loaders=builtin!' --sampling-policy=full-frame --binning-policy=hard --quantize-model=kmeans:seed=1:binbits=6 --merge-policy=none --cover-policy=off -Xcielab -Wcielab --diffusion=fs:scan=raster --gpu-policy=off --lookup-policy=none --palette-type=rgb -p 242 --snap-policy=nearest:timing=once:rate=1:channel_l=0.85 --mapfile-output=act:{palette} {input},{lsqa} '--loaders=builtin!' {input} -
85a2674e53a2d7b75c6944b5a87b04ee9ea182b1,macOS-26.5.1-arm64-arm-64bit,natural-snake,natural photograph,242,cielab,CIELAB,nearest-all,nearest / all / rate 1,True,nearest,all,1.0,0.85,0.989171,2.14663,1.627852,242,726,0,0,0.0,0.0,0,342036,{img2sixel} --threads=1 --precision=float32 --quality=full '--loaders=builtin!' --sampling-policy=full-frame --binning-policy=hard --quantize-model=kmeans:seed=1:binbits=6 --merge-policy=none --cover-policy=off -Xcielab -Wcielab --diffusion=fs:scan=raster --gpu-policy=off --lookup-policy=none --palette-type=rgb -p 242 --snap-policy=nearest:timing=all:rate=1:channel_l=0.85 --mapfile-output=act:{palette} {input},{lsqa} '--loaders=builtin!' {input} -
85a2674e53a2d7b75c6944b5a87b04ee9ea182b1,macOS-26.5.1-arm64-arm-64bit,natural-snake,natural photograph,242,cielab,CIELAB,reversible-all,reversible / all / rate 1,True,reversible,all,1.0,0.85,0.987655,2.176618,1.680115,242,726,0,0,0.0,0.0,0,333199,{img2sixel} --threads=1 --precision=float32 --quality=full '--loaders=builtin!' --sampling-policy=full-frame --binning-policy=hard --quantize-model=kmeans:seed=1:binbits=6 --merge-policy=none --cover-policy=off -Xcielab -Wcielab --diffusion=fs:scan=raster --gpu-policy=off --lookup-policy=none --palette-type=rgb -p 242 --snap-policy=reversible:timing=all:rate=1:channel_l=0.85 --mapfile-output=act:{palette} {input},{lsqa} '--loaders=builtin!' {input} -
85a2674e53a2d7b75c6944b5a87b04ee9ea182b1,macOS-26.5.1-arm64-arm-64bit,natural-snake,natural photograph,242,din99d,DIN99d,off,snap off,False,none,off,0.0,0.85,0.988634,2.148604,2.090766,242,726,233,452,0.6225895316804407,0.6225895316804407,1,332468,{img2sixel} --threads=1 --precision=float32 --quality=full '--loaders=builtin!' --sampling-policy=full-frame --binning-policy=hard --quantize-model=kmeans:seed=1:binbits=6 --merge-policy=none --cover-policy=off -Xdin99d -Wdin99d --diffusion=fs:scan=raster --gpu-policy=off --lookup-policy=none --palette-type=rgb -p 242 --snap-policy=none --mapfile-output=act:{palette} {input},{lsqa} '--loaders=builtin!' {input} -
85a2674e53a2d7b75c6944b5a87b04ee9ea182b1,macOS-26.5.1-arm64-arm-64bit,natural-snake,natural photograph,242,din99d,DIN99d,nearest-quarter,nearest / all / rate 0.25,True,nearest,all,0.25,0.85,0.98869,2.075186,2.03922,242,726,167,261,0.359504132231405,0.359504132231405,1,333688,{img2sixel} --threads=1 --precision=float32 --quality=full '--loaders=builtin!' --sampling-policy=full-frame --binning-policy=hard --quantize-model=kmeans:seed=1:binbits=6 --merge-policy=none --cover-policy=off -Xdin99d -Wdin99d --diffusion=fs:scan=raster --gpu-policy=off --lookup-policy=none --palette-type=rgb -p 242 --snap-policy=nearest:timing=all:rate=0.25:channel_l=0.85 --mapfile-output=act:{palette} {input},{lsqa} '--loaders=builtin!' {input} -
85a2674e53a2d7b75c6944b5a87b04ee9ea182b1,macOS-26.5.1-arm64-arm-64bit,natural-snake,natural photograph,242,din99d,DIN99d,nearest-once,nearest / once / rate 1,True,nearest,once,1.0,0.85,0.988983,2.061172,2.009586,242,726,0,0,0.0,0.0,0,335862,{img2sixel} --threads=1 --precision=float32 --quality=full '--loaders=builtin!' --sampling-policy=full-frame --binning-policy=hard --quantize-model=kmeans:seed=1:binbits=6 --merge-policy=none --cover-policy=off -Xdin99d -Wdin99d --diffusion=fs:scan=raster --gpu-policy=off --lookup-policy=none --palette-type=rgb -p 242 --snap-policy=nearest:timing=once:rate=1:channel_l=0.85 --mapfile-output=act:{palette} {input},{lsqa} '--loaders=builtin!' {input} -
85a2674e53a2d7b75c6944b5a87b04ee9ea182b1,macOS-26.5.1-arm64-arm-64bit,natural-snake,natural photograph,242,din99d,DIN99d,nearest-all,nearest / all / rate 1,True,nearest,all,1.0,0.85,0.988633,2.078835,2.022531,242,726,0,0,0.0,0.0,0,333520,{img2sixel} --threads=1 --precision=float32 --quality=full '--loaders=builtin!' --sampling-policy=full-frame --binning-policy=hard --quantize-model=kmeans:seed=1:binbits=6 --merge-policy=none --cover-policy=off -Xdin99d -Wdin99d --diffusion=fs:scan=raster --gpu-policy=off --lookup-policy=none --palette-type=rgb -p 242 --snap-policy=nearest:timing=all:rate=1:channel_l=0.85 --mapfile-output=act:{palette} {input},{lsqa} '--loaders=builtin!' {input} -
85a2674e53a2d7b75c6944b5a87b04ee9ea182b1,macOS-26.5.1-arm64-arm-64bit,natural-snake,natural photograph,242,din99d,DIN99d,reversible-all,reversible / all / rate 1,True,reversible,all,1.0,0.85,0.988307,2.122485,2.088861,242,726,0,0,0.0,0.0,0,329943,{img2sixel} --threads=1 --precision=float32 --quality=full '--loaders=builtin!' --sampling-policy=full-frame --binning-policy=hard --quantize-model=kmeans:seed=1:binbits=6 --merge-policy=none --cover-policy=off -Xdin99d -Wdin99d --diffusion=fs:scan=raster --gpu-policy=off --lookup-policy=none --palette-type=rgb -p 242 --snap-policy=reversible:timing=all:rate=1:channel_l=0.85 --mapfile-output=act:{palette} {input},{lsqa} '--loaders=builtin!' {input} -
85a2674e53a2d7b75c6944b5a87b04ee9ea182b1,macOS-26.5.1-arm64-arm-64bit,natural-snake,natural photograph,244,gamma,sRGB gamma,off,snap off,False,none,off,0.0,0.85,0.990497,2.317887,1.827564,244,732,232,464,0.6338797814207651,0.6338797814207651,1,309896,{img2sixel} --threads=1 --precision=float32 --quality=full '--loaders=builtin!' --sampling-policy=full-frame --binning-policy=hard --quantize-model=kmeans:seed=1:binbits=6 --merge-policy=none --cover-policy=off -Xgamma -Wgamma --diffusion=fs:scan=raster --gpu-policy=off --lookup-policy=none --palette-type=rgb -p 244 --snap-policy=none --mapfile-output=act:{palette} {input},{lsqa} '--loaders=builtin!' {input} -
85a2674e53a2d7b75c6944b5a87b04ee9ea182b1,macOS-26.5.1-arm64-arm-64bit,natural-snake,natural photograph,244,gamma,sRGB gamma,nearest-quarter,nearest / all / rate 0.25,True,nearest,all,0.25,0.85,0.990856,2.272485,1.82508,244,732,167,225,0.3073770491803279,0.3073770491803279,1,310769,{img2sixel} --threads=1 --precision=float32 --quality=full '--loaders=builtin!' --sampling-policy=full-frame --binning-policy=hard --quantize-model=kmeans:seed=1:binbits=6 --merge-policy=none --cover-policy=off -Xgamma -Wgamma --diffusion=fs:scan=raster --gpu-policy=off --lookup-policy=none --palette-type=rgb -p 244 --snap-policy=nearest:timing=all:rate=0.25:channel_l=0.85 --mapfile-output=act:{palette} {input},{lsqa} '--loaders=builtin!' {input} -
85a2674e53a2d7b75c6944b5a87b04ee9ea182b1,macOS-26.5.1-arm64-arm-64bit,natural-snake,natural photograph,244,gamma,sRGB gamma,nearest-once,nearest / once / rate 1,True,nearest,once,1.0,0.85,0.99008,2.318939,1.855008,244,732,0,0,0.0,0.0,0,313293,{img2sixel} --threads=1 --precision=float32 --quality=full '--loaders=builtin!' --sampling-policy=full-frame --binning-policy=hard --quantize-model=kmeans:seed=1:binbits=6 --merge-policy=none --cover-policy=off -Xgamma -Wgamma --diffusion=fs:scan=raster --gpu-policy=off --lookup-policy=none --palette-type=rgb -p 244 --snap-policy=nearest:timing=once:rate=1:channel_l=0.85 --mapfile-output=act:{palette} {input},{lsqa} '--loaders=builtin!' {input} -
85a2674e53a2d7b75c6944b5a87b04ee9ea182b1,macOS-26.5.1-arm64-arm-64bit,natural-snake,natural photograph,244,gamma,sRGB gamma,nearest-all,nearest / all / rate 1,True,nearest,all,1.0,0.85,0.990792,2.252138,1.886472,244,732,0,0,0.0,0.0,0,313349,{img2sixel} --threads=1 --precision=float32 --quality=full '--loaders=builtin!' --sampling-policy=full-frame --binning-policy=hard --quantize-model=kmeans:seed=1:binbits=6 --merge-policy=none --cover-policy=off -Xgamma -Wgamma --diffusion=fs:scan=raster --gpu-policy=off --lookup-policy=none --palette-type=rgb -p 244 --snap-policy=nearest:timing=all:rate=1:channel_l=0.85 --mapfile-output=act:{palette} {input},{lsqa} '--loaders=builtin!' {input} -
85a2674e53a2d7b75c6944b5a87b04ee9ea182b1,macOS-26.5.1-arm64-arm-64bit,natural-snake,natural photograph,244,gamma,sRGB gamma,reversible-all,reversible / all / rate 1,True,reversible,all,1.0,0.85,0.989903,2.346283,1.928586,244,732,0,0,0.0,0.0,0,310626,{img2sixel} --threads=1 --precision=float32 --quality=full '--loaders=builtin!' --sampling-policy=full-frame --binning-policy=hard --quantize-model=kmeans:seed=1:binbits=6 --merge-policy=none --cover-policy=off -Xgamma -Wgamma --diffusion=fs:scan=raster --gpu-policy=off --lookup-policy=none --palette-type=rgb -p 244 --snap-policy=reversible:timing=all:rate=1:channel_l=0.85 --mapfile-output=act:{palette} {input},{lsqa} '--loaders=builtin!' {input} -
85a2674e53a2d7b75c6944b5a87b04ee9ea182b1,macOS-26.5.1-arm64-arm-64bit,natural-snake,natural photograph,244,linear,linear RGB,off,snap off,False,none,off,0.0,0.85,0.992269,2.388978,2.696863,244,732,232,433,0.5915300546448088,0.5915300546448088,1,334033,{img2sixel} --threads=1 --precision=float32 --quality=full '--loaders=builtin!' --sampling-policy=full-frame --binning-policy=hard --quantize-model=kmeans:seed=1:binbits=6 --merge-policy=none --cover-policy=off -Xlinear -Wlinear --diffusion=fs:scan=raster --gpu-policy=off --lookup-policy=none --palette-type=rgb -p 244 --snap-policy=none --mapfile-output=act:{palette} {input},{lsqa} '--loaders=builtin!' {input} -
85a2674e53a2d7b75c6944b5a87b04ee9ea182b1,macOS-26.5.1-arm64-arm-64bit,natural-snake,natural photograph,244,linear,linear RGB,nearest-quarter,nearest / all / rate 0.25,True,nearest,all,0.25,0.85,0.992171,2.290199,2.624345,244,732,137,197,0.2691256830601093,0.2691256830601093,1,334830,{img2sixel} --threads=1 --precision=float32 --quality=full '--loaders=builtin!' --sampling-policy=full-frame --binning-policy=hard --quantize-model=kmeans:seed=1:binbits=6 --merge-policy=none --cover-policy=off -Xlinear -Wlinear --diffusion=fs:scan=raster --gpu-policy=off --lookup-policy=none --palette-type=rgb -p 244 --snap-policy=nearest:timing=all:rate=0.25:channel_l=0.85 --mapfile-output=act:{palette} {input},{lsqa} '--loaders=builtin!' {input} -
85a2674e53a2d7b75c6944b5a87b04ee9ea182b1,macOS-26.5.1-arm64-arm-64bit,natural-snake,natural photograph,244,linear,linear RGB,nearest-once,nearest / once / rate 1,True,nearest,once,1.0,0.85,0.992348,2.271048,2.584954,244,732,0,0,0.0,0.0,0,335612,{img2sixel} --threads=1 --precision=float32 --quality=full '--loaders=builtin!' --sampling-policy=full-frame --binning-policy=hard --quantize-model=kmeans:seed=1:binbits=6 --merge-policy=none --cover-policy=off -Xlinear -Wlinear --diffusion=fs:scan=raster --gpu-policy=off --lookup-policy=none --palette-type=rgb -p 244 --snap-policy=nearest:timing=once:rate=1:channel_l=0.85 --mapfile-output=act:{palette} {input},{lsqa} '--loaders=builtin!' {input} -
85a2674e53a2d7b75c6944b5a87b04ee9ea182b1,macOS-26.5.1-arm64-arm-64bit,natural-snake,natural photograph,244,linear,linear RGB,nearest-all,nearest / all / rate 1,True,nearest,all,1.0,0.85,0.992373,2.281236,2.585262,244,732,0,0,0.0,0.0,0,335275,{img2sixel} --threads=1 --precision=float32 --quality=full '--loaders=builtin!' --sampling-policy=full-frame --binning-policy=hard --quantize-model=kmeans:seed=1:binbits=6 --merge-policy=none --cover-policy=off -Xlinear -Wlinear --diffusion=fs:scan=raster --gpu-policy=off --lookup-policy=none --palette-type=rgb -p 244 --snap-policy=nearest:timing=all:rate=1:channel_l=0.85 --mapfile-output=act:{palette} {input},{lsqa} '--loaders=builtin!' {input} -
85a2674e53a2d7b75c6944b5a87b04ee9ea182b1,macOS-26.5.1-arm64-arm-64bit,natural-snake,natural photograph,244,linear,linear RGB,reversible-all,reversible / all / rate 1,True,reversible,all,1.0,0.85,0.991586,2.35815,2.659427,244,732,0,0,0.0,0.0,0,337586,{img2sixel} --threads=1 --precision=float32 --quality=full '--loaders=builtin!' --sampling-policy=full-frame --binning-policy=hard --quantize-model=kmeans:seed=1:binbits=6 --merge-policy=none --cover-policy=off -Xlinear -Wlinear --diffusion=fs:scan=raster --gpu-policy=off --lookup-policy=none --palette-type=rgb -p 244 --snap-policy=reversible:timing=all:rate=1:channel_l=0.85 --mapfile-output=act:{palette} {input},{lsqa} '--loaders=builtin!' {input} -
85a2674e53a2d7b75c6944b5a87b04ee9ea182b1,macOS-26.5.1-arm64-arm-64bit,natural-snake,natural photograph,244,oklab,OKLab,off,snap off,False,none,off,0.0,0.85,0.993726,2.419818,2.427891,244,732,228,426,0.5819672131147541,0.5819672131147541,1,339015,{img2sixel} --threads=1 --precision=float32 --quality=full '--loaders=builtin!' --sampling-policy=full-frame --binning-policy=hard --quantize-model=kmeans:seed=1:binbits=6 --merge-policy=none --cover-policy=off -Xoklab -Woklab --diffusion=fs:scan=raster --gpu-policy=off --lookup-policy=none --palette-type=rgb -p 244 --snap-policy=none --mapfile-output=act:{palette} {input},{lsqa} '--loaders=builtin!' {input} -
85a2674e53a2d7b75c6944b5a87b04ee9ea182b1,macOS-26.5.1-arm64-arm-64bit,natural-snake,natural photograph,244,oklab,OKLab,nearest-quarter,nearest / all / rate 0.25,True,nearest,all,0.25,0.85,0.994818,2.437313,2.33922,244,732,192,327,0.44672131147540983,0.44672131147540983,1,335097,{img2sixel} --threads=1 --precision=float32 --quality=full '--loaders=builtin!' --sampling-policy=full-frame --binning-policy=hard --quantize-model=kmeans:seed=1:binbits=6 --merge-policy=none --cover-policy=off -Xoklab -Woklab --diffusion=fs:scan=raster --gpu-policy=off --lookup-policy=none --palette-type=rgb -p 244 --snap-policy=nearest:timing=all:rate=0.25:channel_l=0.85 --mapfile-output=act:{palette} {input},{lsqa} '--loaders=builtin!' {input} -
85a2674e53a2d7b75c6944b5a87b04ee9ea182b1,macOS-26.5.1-arm64-arm-64bit,natural-snake,natural photograph,244,oklab,OKLab,nearest-once,nearest / once / rate 1,True,nearest,once,1.0,0.85,0.994824,2.45298,2.405466,244,732,0,0,0.0,0.0,0,341741,{img2sixel} --threads=1 --precision=float32 --quality=full '--loaders=builtin!' --sampling-policy=full-frame --binning-policy=hard --quantize-model=kmeans:seed=1:binbits=6 --merge-policy=none --cover-policy=off -Xoklab -Woklab --diffusion=fs:scan=raster --gpu-policy=off --lookup-policy=none --palette-type=rgb -p 244 --snap-policy=nearest:timing=once:rate=1:channel_l=0.85 --mapfile-output=act:{palette} {input},{lsqa} '--loaders=builtin!' {input} -
85a2674e53a2d7b75c6944b5a87b04ee9ea182b1,macOS-26.5.1-arm64-arm-64bit,natural-snake,natural photograph,244,oklab,OKLab,nearest-all,nearest / all / rate 1,True,nearest,all,1.0,0.85,0.994628,2.435697,2.361522,244,732,0,0,0.0,0.0,0,341238,{img2sixel} --threads=1 --precision=float32 --quality=full '--loaders=builtin!' --sampling-policy=full-frame --binning-policy=hard --quantize-model=kmeans:seed=1:binbits=6 --merge-policy=none --cover-policy=off -Xoklab -Woklab --diffusion=fs:scan=raster --gpu-policy=off --lookup-policy=none --palette-type=rgb -p 244 --snap-policy=nearest:timing=all:rate=1:channel_l=0.85 --mapfile-output=act:{palette} {input},{lsqa} '--loaders=builtin!' {input} -
85a2674e53a2d7b75c6944b5a87b04ee9ea182b1,macOS-26.5.1-arm64-arm-64bit,natural-snake,natural photograph,244,oklab,OKLab,reversible-all,reversible / all / rate 1,True,reversible,all,1.0,0.85,0.994653,2.32798,2.34583,244,732,0,0,0.0,0.0,0,334257,{img2sixel} --threads=1 --precision=float32 --quality=full '--loaders=builtin!' --sampling-policy=full-frame --binning-policy=hard --quantize-model=kmeans:seed=1:binbits=6 --merge-policy=none --cover-policy=off -Xoklab -Woklab --diffusion=fs:scan=raster --gpu-policy=off --lookup-policy=none --palette-type=rgb -p 244 --snap-policy=reversible:timing=all:rate=1:channel_l=0.85 --mapfile-output=act:{palette} {input},{lsqa} '--loaders=builtin!' {input} -
85a2674e53a2d7b75c6944b5a87b04ee9ea182b1,macOS-26.5.1-arm64-arm-64bit,natural-snake,natural photograph,244,cielab,CIELAB,off,snap off,False,none,off,0.0,0.85,0.98832,2.231523,1.625894,244,732,231,455,0.6215846994535519,0.6215846994535519,1,339475,{img2sixel} --threads=1 --precision=float32 --quality=full '--loaders=builtin!' --sampling-policy=full-frame --binning-policy=hard --quantize-model=kmeans:seed=1:binbits=6 --merge-policy=none --cover-policy=off -Xcielab -Wcielab --diffusion=fs:scan=raster --gpu-policy=off --lookup-policy=none --palette-type=rgb -p 244 --snap-policy=none --mapfile-output=act:{palette} {input},{lsqa} '--loaders=builtin!' {input} -
85a2674e53a2d7b75c6944b5a87b04ee9ea182b1,macOS-26.5.1-arm64-arm-64bit,natural-snake,natural photograph,244,cielab,CIELAB,nearest-quarter,nearest / all / rate 0.25,True,nearest,all,0.25,0.85,0.988894,2.209321,1.667975,244,732,164,256,0.34972677595628415,0.34972677595628415,1,334119,{img2sixel} --threads=1 --precision=float32 --quality=full '--loaders=builtin!' --sampling-policy=full-frame --binning-policy=hard --quantize-model=kmeans:seed=1:binbits=6 --merge-policy=none --cover-policy=off -Xcielab -Wcielab --diffusion=fs:scan=raster --gpu-policy=off --lookup-policy=none --palette-type=rgb -p 244 --snap-policy=nearest:timing=all:rate=0.25:channel_l=0.85 --mapfile-output=act:{palette} {input},{lsqa} '--loaders=builtin!' {input} -
85a2674e53a2d7b75c6944b5a87b04ee9ea182b1,macOS-26.5.1-arm64-arm-64bit,natural-snake,natural photograph,244,cielab,CIELAB,nearest-once,nearest / once / rate 1,True,nearest,once,1.0,0.85,0.989059,2.173689,1.598353,244,732,0,0,0.0,0.0,0,340425,{img2sixel} --threads=1 --precision=float32 --quality=full '--loaders=builtin!' --sampling-policy=full-frame --binning-policy=hard --quantize-model=kmeans:seed=1:binbits=6 --merge-policy=none --cover-policy=off -Xcielab -Wcielab --diffusion=fs:scan=raster --gpu-policy=off --lookup-policy=none --palette-type=rgb -p 244 --snap-policy=nearest:timing=once:rate=1:channel_l=0.85 --mapfile-output=act:{palette} {input},{lsqa} '--loaders=builtin!' {input} -
85a2674e53a2d7b75c6944b5a87b04ee9ea182b1,macOS-26.5.1-arm64-arm-64bit,natural-snake,natural photograph,244,cielab,CIELAB,nearest-all,nearest / all / rate 1,True,nearest,all,1.0,0.85,0.989075,2.17513,1.638368,244,732,0,0,0.0,0.0,0,340889,{img2sixel} --threads=1 --precision=float32 --quality=full '--loaders=builtin!' --sampling-policy=full-frame --binning-policy=hard --quantize-model=kmeans:seed=1:binbits=6 --merge-policy=none --cover-policy=off -Xcielab -Wcielab --diffusion=fs:scan=raster --gpu-policy=off --lookup-policy=none --palette-type=rgb -p 244 --snap-policy=nearest:timing=all:rate=1:channel_l=0.85 --mapfile-output=act:{palette} {input},{lsqa} '--loaders=builtin!' {input} -
85a2674e53a2d7b75c6944b5a87b04ee9ea182b1,macOS-26.5.1-arm64-arm-64bit,natural-snake,natural photograph,244,cielab,CIELAB,reversible-all,reversible / all / rate 1,True,reversible,all,1.0,0.85,0.987452,2.186197,1.66718,244,732,0,0,0.0,0.0,0,333985,{img2sixel} --threads=1 --precision=float32 --quality=full '--loaders=builtin!' --sampling-policy=full-frame --binning-policy=hard --quantize-model=kmeans:seed=1:binbits=6 --merge-policy=none --cover-policy=off -Xcielab -Wcielab --diffusion=fs:scan=raster --gpu-policy=off --lookup-policy=none --palette-type=rgb -p 244 --snap-policy=reversible:timing=all:rate=1:channel_l=0.85 --mapfile-output=act:{palette} {input},{lsqa} '--loaders=builtin!' {input} -
85a2674e53a2d7b75c6944b5a87b04ee9ea182b1,macOS-26.5.1-arm64-arm-64bit,natural-snake,natural photograph,244,din99d,DIN99d,off,snap off,False,none,off,0.0,0.85,0.987845,2.192855,2.106355,244,732,231,429,0.5860655737704918,0.5860655737704918,1,332315,{img2sixel} --threads=1 --precision=float32 --quality=full '--loaders=builtin!' --sampling-policy=full-frame --binning-policy=hard --quantize-model=kmeans:seed=1:binbits=6 --merge-policy=none --cover-policy=off -Xdin99d -Wdin99d --diffusion=fs:scan=raster --gpu-policy=off --lookup-policy=none --palette-type=rgb -p 244 --snap-policy=none --mapfile-output=act:{palette} {input},{lsqa} '--loaders=builtin!' {input} -
85a2674e53a2d7b75c6944b5a87b04ee9ea182b1,macOS-26.5.1-arm64-arm-64bit,natural-snake,natural photograph,244,din99d,DIN99d,nearest-quarter,nearest / all / rate 0.25,True,nearest,all,0.25,0.85,0.988376,2.086431,2.061952,244,732,154,236,0.3224043715846995,0.3224043715846995,1,332275,{img2sixel} --threads=1 --precision=float32 --quality=full '--loaders=builtin!' --sampling-policy=full-frame --binning-policy=hard --quantize-model=kmeans:seed=1:binbits=6 --merge-policy=none --cover-policy=off -Xdin99d -Wdin99d --diffusion=fs:scan=raster --gpu-policy=off --lookup-policy=none --palette-type=rgb -p 244 --snap-policy=nearest:timing=all:rate=0.25:channel_l=0.85 --mapfile-output=act:{palette} {input},{lsqa} '--loaders=builtin!' {input} -
85a2674e53a2d7b75c6944b5a87b04ee9ea182b1,macOS-26.5.1-arm64-arm-64bit,natural-snake,natural photograph,244,din99d,DIN99d,nearest-once,nearest / once / rate 1,True,nearest,once,1.0,0.85,0.988513,2.117021,2.047458,244,732,0,0,0.0,0.0,0,334059,{img2sixel} --threads=1 --precision=float32 --quality=full '--loaders=builtin!' --sampling-policy=full-frame --binning-policy=hard --quantize-model=kmeans:seed=1:binbits=6 --merge-policy=none --cover-policy=off -Xdin99d -Wdin99d --diffusion=fs:scan=raster --gpu-policy=off --lookup-policy=none --palette-type=rgb -p 244 --snap-policy=nearest:timing=once:rate=1:channel_l=0.85 --mapfile-output=act:{palette} {input},{lsqa} '--loaders=builtin!' {input} -
85a2674e53a2d7b75c6944b5a87b04ee9ea182b1,macOS-26.5.1-arm64-arm-64bit,natural-snake,natural photograph,244,din99d,DIN99d,nearest-all,nearest / all / rate 1,True,nearest,all,1.0,0.85,0.988097,2.117857,2.030612,244,732,0,0,0.0,0.0,0,333621,{img2sixel} --threads=1 --precision=float32 --quality=full '--loaders=builtin!' --sampling-policy=full-frame --binning-policy=hard --quantize-model=kmeans:seed=1:binbits=6 --merge-policy=none --cover-policy=off -Xdin99d -Wdin99d --diffusion=fs:scan=raster --gpu-policy=off --lookup-policy=none --palette-type=rgb -p 244 --snap-policy=nearest:timing=all:rate=1:channel_l=0.85 --mapfile-output=act:{palette} {input},{lsqa} '--loaders=builtin!' {input} -
85a2674e53a2d7b75c6944b5a87b04ee9ea182b1,macOS-26.5.1-arm64-arm-64bit,natural-snake,natural photograph,244,din99d,DIN99d,reversible-all,reversible / all / rate 1,True,reversible,all,1.0,0.85,0.987934,2.131721,2.066891,244,732,0,0,0.0,0.0,0,332672,{img2sixel} --threads=1 --precision=float32 --quality=full '--loaders=builtin!' --sampling-policy=full-frame --binning-policy=hard --quantize-model=kmeans:seed=1:binbits=6 --merge-policy=none --cover-policy=off -Xdin99d -Wdin99d --diffusion=fs:scan=raster --gpu-policy=off --lookup-policy=none --palette-type=rgb -p 244 --snap-policy=reversible:timing=all:rate=1:channel_l=0.85 --mapfile-output=act:{palette} {input},{lsqa} '--loaders=builtin!' {input} -
85a2674e53a2d7b75c6944b5a87b04ee9ea182b1,macOS-26.5.1-arm64-arm-64bit,natural-snake,natural photograph,246,gamma,sRGB gamma,off,snap off,False,none,off,0.0,0.85,0.990468,2.305168,1.811735,246,738,231,467,0.6327913279132791,0.6327913279132791,1,310593,{img2sixel} --threads=1 --precision=float32 --quality=full '--loaders=builtin!' --sampling-policy=full-frame --binning-policy=hard --quantize-model=kmeans:seed=1:binbits=6 --merge-policy=none --cover-policy=off -Xgamma -Wgamma --diffusion=fs:scan=raster --gpu-policy=off --lookup-policy=none --palette-type=rgb -p 246 --snap-policy=none --mapfile-output=act:{palette} {input},{lsqa} '--loaders=builtin!' {input} -
85a2674e53a2d7b75c6944b5a87b04ee9ea182b1,macOS-26.5.1-arm64-arm-64bit,natural-snake,natural photograph,246,gamma,sRGB gamma,nearest-quarter,nearest / all / rate 0.25,True,nearest,all,0.25,0.85,0.990863,2.263664,1.821751,246,738,174,233,0.3157181571815718,0.3157181571815718,1,311624,{img2sixel} --threads=1 --precision=float32 --quality=full '--loaders=builtin!' --sampling-policy=full-frame --binning-policy=hard --quantize-model=kmeans:seed=1:binbits=6 --merge-policy=none --cover-policy=off -Xgamma -Wgamma --diffusion=fs:scan=raster --gpu-policy=off --lookup-policy=none --palette-type=rgb -p 246 --snap-policy=nearest:timing=all:rate=0.25:channel_l=0.85 --mapfile-output=act:{palette} {input},{lsqa} '--loaders=builtin!' {input} -
85a2674e53a2d7b75c6944b5a87b04ee9ea182b1,macOS-26.5.1-arm64-arm-64bit,natural-snake,natural photograph,246,gamma,sRGB gamma,nearest-once,nearest / once / rate 1,True,nearest,once,1.0,0.85,0.99001,2.308395,1.844224,246,738,0,0,0.0,0.0,0,315219,{img2sixel} --threads=1 --precision=float32 --quality=full '--loaders=builtin!' --sampling-policy=full-frame --binning-policy=hard --quantize-model=kmeans:seed=1:binbits=6 --merge-policy=none --cover-policy=off -Xgamma -Wgamma --diffusion=fs:scan=raster --gpu-policy=off --lookup-policy=none --palette-type=rgb -p 246 --snap-policy=nearest:timing=once:rate=1:channel_l=0.85 --mapfile-output=act:{palette} {input},{lsqa} '--loaders=builtin!' {input} -
85a2674e53a2d7b75c6944b5a87b04ee9ea182b1,macOS-26.5.1-arm64-arm-64bit,natural-snake,natural photograph,246,gamma,sRGB gamma,nearest-all,nearest / all / rate 1,True,nearest,all,1.0,0.85,0.990842,2.23858,1.880887,246,738,0,0,0.0,0.0,0,313564,{img2sixel} --threads=1 --precision=float32 --quality=full '--loaders=builtin!' --sampling-policy=full-frame --binning-policy=hard --quantize-model=kmeans:seed=1:binbits=6 --merge-policy=none --cover-policy=off -Xgamma -Wgamma --diffusion=fs:scan=raster --gpu-policy=off --lookup-policy=none --palette-type=rgb -p 246 --snap-policy=nearest:timing=all:rate=1:channel_l=0.85 --mapfile-output=act:{palette} {input},{lsqa} '--loaders=builtin!' {input} -
85a2674e53a2d7b75c6944b5a87b04ee9ea182b1,macOS-26.5.1-arm64-arm-64bit,natural-snake,natural photograph,246,gamma,sRGB gamma,reversible-all,reversible / all / rate 1,True,reversible,all,1.0,0.85,0.989942,2.331543,1.92299,246,738,0,0,0.0,0.0,0,312220,{img2sixel} --threads=1 --precision=float32 --quality=full '--loaders=builtin!' --sampling-policy=full-frame --binning-policy=hard --quantize-model=kmeans:seed=1:binbits=6 --merge-policy=none --cover-policy=off -Xgamma -Wgamma --diffusion=fs:scan=raster --gpu-policy=off --lookup-policy=none --palette-type=rgb -p 246 --snap-policy=reversible:timing=all:rate=1:channel_l=0.85 --mapfile-output=act:{palette} {input},{lsqa} '--loaders=builtin!' {input} -
85a2674e53a2d7b75c6944b5a87b04ee9ea182b1,macOS-26.5.1-arm64-arm-64bit,natural-snake,natural photograph,246,linear,linear RGB,off,snap off,False,none,off,0.0,0.85,0.992221,2.390917,2.705701,246,738,236,445,0.6029810298102981,0.6029810298102981,1,335283,{img2sixel} --threads=1 --precision=float32 --quality=full '--loaders=builtin!' --sampling-policy=full-frame --binning-policy=hard --quantize-model=kmeans:seed=1:binbits=6 --merge-policy=none --cover-policy=off -Xlinear -Wlinear --diffusion=fs:scan=raster --gpu-policy=off --lookup-policy=none --palette-type=rgb -p 246 --snap-policy=none --mapfile-output=act:{palette} {input},{lsqa} '--loaders=builtin!' {input} -
85a2674e53a2d7b75c6944b5a87b04ee9ea182b1,macOS-26.5.1-arm64-arm-64bit,natural-snake,natural photograph,246,linear,linear RGB,nearest-quarter,nearest / all / rate 0.25,True,nearest,all,0.25,0.85,0.992198,2.262667,2.596435,246,738,137,194,0.26287262872628725,0.26287262872628725,1,336050,{img2sixel} --threads=1 --precision=float32 --quality=full '--loaders=builtin!' --sampling-policy=full-frame --binning-policy=hard --quantize-model=kmeans:seed=1:binbits=6 --merge-policy=none --cover-policy=off -Xlinear -Wlinear --diffusion=fs:scan=raster --gpu-policy=off --lookup-policy=none --palette-type=rgb -p 246 --snap-policy=nearest:timing=all:rate=0.25:channel_l=0.85 --mapfile-output=act:{palette} {input},{lsqa} '--loaders=builtin!' {input} -
85a2674e53a2d7b75c6944b5a87b04ee9ea182b1,macOS-26.5.1-arm64-arm-64bit,natural-snake,natural photograph,246,linear,linear RGB,nearest-once,nearest / once / rate 1,True,nearest,once,1.0,0.85,0.992182,2.282166,2.580448,246,738,0,0,0.0,0.0,0,336378,{img2sixel} --threads=1 --precision=float32 --quality=full '--loaders=builtin!' --sampling-policy=full-frame --binning-policy=hard --quantize-model=kmeans:seed=1:binbits=6 --merge-policy=none --cover-policy=off -Xlinear -Wlinear --diffusion=fs:scan=raster --gpu-policy=off --lookup-policy=none --palette-type=rgb -p 246 --snap-policy=nearest:timing=once:rate=1:channel_l=0.85 --mapfile-output=act:{palette} {input},{lsqa} '--loaders=builtin!' {input} -
85a2674e53a2d7b75c6944b5a87b04ee9ea182b1,macOS-26.5.1-arm64-arm-64bit,natural-snake,natural photograph,246,linear,linear RGB,nearest-all,nearest / all / rate 1,True,nearest,all,1.0,0.85,0.992357,2.277698,2.587273,246,738,0,0,0.0,0.0,0,336837,{img2sixel} --threads=1 --precision=float32 --quality=full '--loaders=builtin!' --sampling-policy=full-frame --binning-policy=hard --quantize-model=kmeans:seed=1:binbits=6 --merge-policy=none --cover-policy=off -Xlinear -Wlinear --diffusion=fs:scan=raster --gpu-policy=off --lookup-policy=none --palette-type=rgb -p 246 --snap-policy=nearest:timing=all:rate=1:channel_l=0.85 --mapfile-output=act:{palette} {input},{lsqa} '--loaders=builtin!' {input} -
85a2674e53a2d7b75c6944b5a87b04ee9ea182b1,macOS-26.5.1-arm64-arm-64bit,natural-snake,natural photograph,246,linear,linear RGB,reversible-all,reversible / all / rate 1,True,reversible,all,1.0,0.85,0.991644,2.350967,2.65678,246,738,0,0,0.0,0.0,0,338221,{img2sixel} --threads=1 --precision=float32 --quality=full '--loaders=builtin!' --sampling-policy=full-frame --binning-policy=hard --quantize-model=kmeans:seed=1:binbits=6 --merge-policy=none --cover-policy=off -Xlinear -Wlinear --diffusion=fs:scan=raster --gpu-policy=off --lookup-policy=none --palette-type=rgb -p 246 --snap-policy=reversible:timing=all:rate=1:channel_l=0.85 --mapfile-output=act:{palette} {input},{lsqa} '--loaders=builtin!' {input} -
85a2674e53a2d7b75c6944b5a87b04ee9ea182b1,macOS-26.5.1-arm64-arm-64bit,natural-snake,natural photograph,246,oklab,OKLab,off,snap off,False,none,off,0.0,0.85,0.993804,2.407001,2.421118,246,738,231,426,0.5772357723577236,0.5772357723577236,1,339401,{img2sixel} --threads=1 --precision=float32 --quality=full '--loaders=builtin!' --sampling-policy=full-frame --binning-policy=hard --quantize-model=kmeans:seed=1:binbits=6 --merge-policy=none --cover-policy=off -Xoklab -Woklab --diffusion=fs:scan=raster --gpu-policy=off --lookup-policy=none --palette-type=rgb -p 246 --snap-policy=none --mapfile-output=act:{palette} {input},{lsqa} '--loaders=builtin!' {input} -
85a2674e53a2d7b75c6944b5a87b04ee9ea182b1,macOS-26.5.1-arm64-arm-64bit,natural-snake,natural photograph,246,oklab,OKLab,nearest-quarter,nearest / all / rate 0.25,True,nearest,all,0.25,0.85,0.994817,2.434685,2.339734,246,738,195,331,0.44850948509485095,0.44850948509485095,1,337237,{img2sixel} --threads=1 --precision=float32 --quality=full '--loaders=builtin!' --sampling-policy=full-frame --binning-policy=hard --quantize-model=kmeans:seed=1:binbits=6 --merge-policy=none --cover-policy=off -Xoklab -Woklab --diffusion=fs:scan=raster --gpu-policy=off --lookup-policy=none --palette-type=rgb -p 246 --snap-policy=nearest:timing=all:rate=0.25:channel_l=0.85 --mapfile-output=act:{palette} {input},{lsqa} '--loaders=builtin!' {input} -
85a2674e53a2d7b75c6944b5a87b04ee9ea182b1,macOS-26.5.1-arm64-arm-64bit,natural-snake,natural photograph,246,oklab,OKLab,nearest-once,nearest / once / rate 1,True,nearest,once,1.0,0.85,0.994985,2.443613,2.383227,246,738,0,0,0.0,0.0,0,343574,{img2sixel} --threads=1 --precision=float32 --quality=full '--loaders=builtin!' --sampling-policy=full-frame --binning-policy=hard --quantize-model=kmeans:seed=1:binbits=6 --merge-policy=none --cover-policy=off -Xoklab -Woklab --diffusion=fs:scan=raster --gpu-policy=off --lookup-policy=none --palette-type=rgb -p 246 --snap-policy=nearest:timing=once:rate=1:channel_l=0.85 --mapfile-output=act:{palette} {input},{lsqa} '--loaders=builtin!' {input} -
85a2674e53a2d7b75c6944b5a87b04ee9ea182b1,macOS-26.5.1-arm64-arm-64bit,natural-snake,natural photograph,246,oklab,OKLab,nearest-all,nearest / all / rate 1,True,nearest,all,1.0,0.85,0.994667,2.425214,2.361123,246,738,0,0,0.0,0.0,0,347097,{img2sixel} --threads=1 --precision=float32 --quality=full '--loaders=builtin!' --sampling-policy=full-frame --binning-policy=hard --quantize-model=kmeans:seed=1:binbits=6 --merge-policy=none --cover-policy=off -Xoklab -Woklab --diffusion=fs:scan=raster --gpu-policy=off --lookup-policy=none --palette-type=rgb -p 246 --snap-policy=nearest:timing=all:rate=1:channel_l=0.85 --mapfile-output=act:{palette} {input},{lsqa} '--loaders=builtin!' {input} -
85a2674e53a2d7b75c6944b5a87b04ee9ea182b1,macOS-26.5.1-arm64-arm-64bit,natural-snake,natural photograph,246,oklab,OKLab,reversible-all,reversible / all / rate 1,True,reversible,all,1.0,0.85,0.994645,2.325543,2.340461,246,738,0,0,0.0,0.0,0,334726,{img2sixel} --threads=1 --precision=float32 --quality=full '--loaders=builtin!' --sampling-policy=full-frame --binning-policy=hard --quantize-model=kmeans:seed=1:binbits=6 --merge-policy=none --cover-policy=off -Xoklab -Woklab --diffusion=fs:scan=raster --gpu-policy=off --lookup-policy=none --palette-type=rgb -p 246 --snap-policy=reversible:timing=all:rate=1:channel_l=0.85 --mapfile-output=act:{palette} {input},{lsqa} '--loaders=builtin!' {input} -
85a2674e53a2d7b75c6944b5a87b04ee9ea182b1,macOS-26.5.1-arm64-arm-64bit,natural-snake,natural photograph,246,cielab,CIELAB,off,snap off,False,none,off,0.0,0.85,0.988247,2.227328,1.623389,246,738,233,459,0.6219512195121951,0.6219512195121951,1,340541,{img2sixel} --threads=1 --precision=float32 --quality=full '--loaders=builtin!' --sampling-policy=full-frame --binning-policy=hard --quantize-model=kmeans:seed=1:binbits=6 --merge-policy=none --cover-policy=off -Xcielab -Wcielab --diffusion=fs:scan=raster --gpu-policy=off --lookup-policy=none --palette-type=rgb -p 246 --snap-policy=none --mapfile-output=act:{palette} {input},{lsqa} '--loaders=builtin!' {input} -
85a2674e53a2d7b75c6944b5a87b04ee9ea182b1,macOS-26.5.1-arm64-arm-64bit,natural-snake,natural photograph,246,cielab,CIELAB,nearest-quarter,nearest / all / rate 0.25,True,nearest,all,0.25,0.85,0.988992,2.20832,1.658244,246,738,165,261,0.35365853658536583,0.35365853658536583,1,334635,{img2sixel} --threads=1 --precision=float32 --quality=full '--loaders=builtin!' --sampling-policy=full-frame --binning-policy=hard --quantize-model=kmeans:seed=1:binbits=6 --merge-policy=none --cover-policy=off -Xcielab -Wcielab --diffusion=fs:scan=raster --gpu-policy=off --lookup-policy=none --palette-type=rgb -p 246 --snap-policy=nearest:timing=all:rate=0.25:channel_l=0.85 --mapfile-output=act:{palette} {input},{lsqa} '--loaders=builtin!' {input} -
85a2674e53a2d7b75c6944b5a87b04ee9ea182b1,macOS-26.5.1-arm64-arm-64bit,natural-snake,natural photograph,246,cielab,CIELAB,nearest-once,nearest / once / rate 1,True,nearest,once,1.0,0.85,0.989081,2.17078,1.597364,246,738,0,0,0.0,0.0,0,341665,{img2sixel} --threads=1 --precision=float32 --quality=full '--loaders=builtin!' --sampling-policy=full-frame --binning-policy=hard --quantize-model=kmeans:seed=1:binbits=6 --merge-policy=none --cover-policy=off -Xcielab -Wcielab --diffusion=fs:scan=raster --gpu-policy=off --lookup-policy=none --palette-type=rgb -p 246 --snap-policy=nearest:timing=once:rate=1:channel_l=0.85 --mapfile-output=act:{palette} {input},{lsqa} '--loaders=builtin!' {input} -
85a2674e53a2d7b75c6944b5a87b04ee9ea182b1,macOS-26.5.1-arm64-arm-64bit,natural-snake,natural photograph,246,cielab,CIELAB,nearest-all,nearest / all / rate 1,True,nearest,all,1.0,0.85,0.989289,2.152914,1.634089,246,738,0,0,0.0,0.0,0,341676,{img2sixel} --threads=1 --precision=float32 --quality=full '--loaders=builtin!' --sampling-policy=full-frame --binning-policy=hard --quantize-model=kmeans:seed=1:binbits=6 --merge-policy=none --cover-policy=off -Xcielab -Wcielab --diffusion=fs:scan=raster --gpu-policy=off --lookup-policy=none --palette-type=rgb -p 246 --snap-policy=nearest:timing=all:rate=1:channel_l=0.85 --mapfile-output=act:{palette} {input},{lsqa} '--loaders=builtin!' {input} -
85a2674e53a2d7b75c6944b5a87b04ee9ea182b1,macOS-26.5.1-arm64-arm-64bit,natural-snake,natural photograph,246,cielab,CIELAB,reversible-all,reversible / all / rate 1,True,reversible,all,1.0,0.85,0.987604,2.182733,1.658503,246,738,0,0,0.0,0.0,0,334216,{img2sixel} --threads=1 --precision=float32 --quality=full '--loaders=builtin!' --sampling-policy=full-frame --binning-policy=hard --quantize-model=kmeans:seed=1:binbits=6 --merge-policy=none --cover-policy=off -Xcielab -Wcielab --diffusion=fs:scan=raster --gpu-policy=off --lookup-policy=none --palette-type=rgb -p 246 --snap-policy=reversible:timing=all:rate=1:channel_l=0.85 --mapfile-output=act:{palette} {input},{lsqa} '--loaders=builtin!' {input} -
85a2674e53a2d7b75c6944b5a87b04ee9ea182b1,macOS-26.5.1-arm64-arm-64bit,natural-snake,natural photograph,246,din99d,DIN99d,off,snap off,False,none,off,0.0,0.85,0.98805,2.187969,2.117361,246,738,234,434,0.5880758807588076,0.5880758807588076,1,333677,{img2sixel} --threads=1 --precision=float32 --quality=full '--loaders=builtin!' --sampling-policy=full-frame --binning-policy=hard --quantize-model=kmeans:seed=1:binbits=6 --merge-policy=none --cover-policy=off -Xdin99d -Wdin99d --diffusion=fs:scan=raster --gpu-policy=off --lookup-policy=none --palette-type=rgb -p 246 --snap-policy=none --mapfile-output=act:{palette} {input},{lsqa} '--loaders=builtin!' {input} -
85a2674e53a2d7b75c6944b5a87b04ee9ea182b1,macOS-26.5.1-arm64-arm-64bit,natural-snake,natural photograph,246,din99d,DIN99d,nearest-quarter,nearest / all / rate 0.25,True,nearest,all,0.25,0.85,0.988555,2.079166,2.061382,246,738,158,245,0.3319783197831978,0.3319783197831978,1,332325,{img2sixel} --threads=1 --precision=float32 --quality=full '--loaders=builtin!' --sampling-policy=full-frame --binning-policy=hard --quantize-model=kmeans:seed=1:binbits=6 --merge-policy=none --cover-policy=off -Xdin99d -Wdin99d --diffusion=fs:scan=raster --gpu-policy=off --lookup-policy=none --palette-type=rgb -p 246 --snap-policy=nearest:timing=all:rate=0.25:channel_l=0.85 --mapfile-output=act:{palette} {input},{lsqa} '--loaders=builtin!' {input} -
85a2674e53a2d7b75c6944b5a87b04ee9ea182b1,macOS-26.5.1-arm64-arm-64bit,natural-snake,natural photograph,246,din99d,DIN99d,nearest-once,nearest / once / rate 1,True,nearest,once,1.0,0.85,0.988504,2.123714,2.055714,246,738,0,0,0.0,0.0,0,335171,{img2sixel} --threads=1 --precision=float32 --quality=full '--loaders=builtin!' --sampling-policy=full-frame --binning-policy=hard --quantize-model=kmeans:seed=1:binbits=6 --merge-policy=none --cover-policy=off -Xdin99d -Wdin99d --diffusion=fs:scan=raster --gpu-policy=off --lookup-policy=none --palette-type=rgb -p 246 --snap-policy=nearest:timing=once:rate=1:channel_l=0.85 --mapfile-output=act:{palette} {input},{lsqa} '--loaders=builtin!' {input} -
85a2674e53a2d7b75c6944b5a87b04ee9ea182b1,macOS-26.5.1-arm64-arm-64bit,natural-snake,natural photograph,246,din99d,DIN99d,nearest-all,nearest / all / rate 1,True,nearest,all,1.0,0.85,0.988351,2.110006,2.043561,246,738,0,0,0.0,0.0,0,334628,{img2sixel} --threads=1 --precision=float32 --quality=full '--loaders=builtin!' --sampling-policy=full-frame --binning-policy=hard --quantize-model=kmeans:seed=1:binbits=6 --merge-policy=none --cover-policy=off -Xdin99d -Wdin99d --diffusion=fs:scan=raster --gpu-policy=off --lookup-policy=none --palette-type=rgb -p 246 --snap-policy=nearest:timing=all:rate=1:channel_l=0.85 --mapfile-output=act:{palette} {input},{lsqa} '--loaders=builtin!' {input} -
85a2674e53a2d7b75c6944b5a87b04ee9ea182b1,macOS-26.5.1-arm64-arm-64bit,natural-snake,natural photograph,246,din99d,DIN99d,reversible-all,reversible / all / rate 1,True,reversible,all,1.0,0.85,0.988028,2.12629,2.095558,246,738,0,0,0.0,0.0,0,333288,{img2sixel} --threads=1 --precision=float32 --quality=full '--loaders=builtin!' --sampling-policy=full-frame --binning-policy=hard --quantize-model=kmeans:seed=1:binbits=6 --merge-policy=none --cover-policy=off -Xdin99d -Wdin99d --diffusion=fs:scan=raster --gpu-policy=off --lookup-policy=none --palette-type=rgb -p 246 --snap-policy=reversible:timing=all:rate=1:channel_l=0.85 --mapfile-output=act:{palette} {input},{lsqa} '--loaders=builtin!' {input} -
85a2674e53a2d7b75c6944b5a87b04ee9ea182b1,macOS-26.5.1-arm64-arm-64bit,natural-snake,natural photograph,248,gamma,sRGB gamma,off,snap off,False,none,off,0.0,0.85,0.990509,2.285045,1.826649,248,744,233,481,0.646505376344086,0.646505376344086,1,309925,{img2sixel} --threads=1 --precision=float32 --quality=full '--loaders=builtin!' --sampling-policy=full-frame --binning-policy=hard --quantize-model=kmeans:seed=1:binbits=6 --merge-policy=none --cover-policy=off -Xgamma -Wgamma --diffusion=fs:scan=raster --gpu-policy=off --lookup-policy=none --palette-type=rgb -p 248 --snap-policy=none --mapfile-output=act:{palette} {input},{lsqa} '--loaders=builtin!' {input} -
85a2674e53a2d7b75c6944b5a87b04ee9ea182b1,macOS-26.5.1-arm64-arm-64bit,natural-snake,natural photograph,248,gamma,sRGB gamma,nearest-quarter,nearest / all / rate 0.25,True,nearest,all,0.25,0.85,0.990979,2.222265,1.772109,248,744,161,209,0.28091397849462363,0.28091397849462363,1,310482,{img2sixel} --threads=1 --precision=float32 --quality=full '--loaders=builtin!' --sampling-policy=full-frame --binning-policy=hard --quantize-model=kmeans:seed=1:binbits=6 --merge-policy=none --cover-policy=off -Xgamma -Wgamma --diffusion=fs:scan=raster --gpu-policy=off --lookup-policy=none --palette-type=rgb -p 248 --snap-policy=nearest:timing=all:rate=0.25:channel_l=0.85 --mapfile-output=act:{palette} {input},{lsqa} '--loaders=builtin!' {input} -
85a2674e53a2d7b75c6944b5a87b04ee9ea182b1,macOS-26.5.1-arm64-arm-64bit,natural-snake,natural photograph,248,gamma,sRGB gamma,nearest-once,nearest / once / rate 1,True,nearest,once,1.0,0.85,0.990251,2.27515,1.856052,248,744,0,0,0.0,0.0,0,312064,{img2sixel} --threads=1 --precision=float32 --quality=full '--loaders=builtin!' --sampling-policy=full-frame --binning-policy=hard --quantize-model=kmeans:seed=1:binbits=6 --merge-policy=none --cover-policy=off -Xgamma -Wgamma --diffusion=fs:scan=raster --gpu-policy=off --lookup-policy=none --palette-type=rgb -p 248 --snap-policy=nearest:timing=once:rate=1:channel_l=0.85 --mapfile-output=act:{palette} {input},{lsqa} '--loaders=builtin!' {input} -
85a2674e53a2d7b75c6944b5a87b04ee9ea182b1,macOS-26.5.1-arm64-arm-64bit,natural-snake,natural photograph,248,gamma,sRGB gamma,nearest-all,nearest / all / rate 1,True,nearest,all,1.0,0.85,0.991068,2.216373,1.888895,248,744,0,0,0.0,0.0,0,314426,{img2sixel} --threads=1 --precision=float32 --quality=full '--loaders=builtin!' --sampling-policy=full-frame --binning-policy=hard --quantize-model=kmeans:seed=1:binbits=6 --merge-policy=none --cover-policy=off -Xgamma -Wgamma --diffusion=fs:scan=raster --gpu-policy=off --lookup-policy=none --palette-type=rgb -p 248 --snap-policy=nearest:timing=all:rate=1:channel_l=0.85 --mapfile-output=act:{palette} {input},{lsqa} '--loaders=builtin!' {input} -
85a2674e53a2d7b75c6944b5a87b04ee9ea182b1,macOS-26.5.1-arm64-arm-64bit,natural-snake,natural photograph,248,gamma,sRGB gamma,reversible-all,reversible / all / rate 1,True,reversible,all,1.0,0.85,0.98991,2.324886,1.929991,248,744,0,0,0.0,0.0,0,312785,{img2sixel} --threads=1 --precision=float32 --quality=full '--loaders=builtin!' --sampling-policy=full-frame --binning-policy=hard --quantize-model=kmeans:seed=1:binbits=6 --merge-policy=none --cover-policy=off -Xgamma -Wgamma --diffusion=fs:scan=raster --gpu-policy=off --lookup-policy=none --palette-type=rgb -p 248 --snap-policy=reversible:timing=all:rate=1:channel_l=0.85 --mapfile-output=act:{palette} {input},{lsqa} '--loaders=builtin!' {input} -
85a2674e53a2d7b75c6944b5a87b04ee9ea182b1,macOS-26.5.1-arm64-arm-64bit,natural-snake,natural photograph,248,linear,linear RGB,off,snap off,False,none,off,0.0,0.85,0.992246,2.385764,2.698073,248,744,237,442,0.5940860215053764,0.5940860215053764,1,337094,{img2sixel} --threads=1 --precision=float32 --quality=full '--loaders=builtin!' --sampling-policy=full-frame --binning-policy=hard --quantize-model=kmeans:seed=1:binbits=6 --merge-policy=none --cover-policy=off -Xlinear -Wlinear --diffusion=fs:scan=raster --gpu-policy=off --lookup-policy=none --palette-type=rgb -p 248 --snap-policy=none --mapfile-output=act:{palette} {input},{lsqa} '--loaders=builtin!' {input} -
85a2674e53a2d7b75c6944b5a87b04ee9ea182b1,macOS-26.5.1-arm64-arm-64bit,natural-snake,natural photograph,248,linear,linear RGB,nearest-quarter,nearest / all / rate 0.25,True,nearest,all,0.25,0.85,0.992139,2.27207,2.610451,248,744,142,200,0.26881720430107525,0.26881720430107525,1,337754,{img2sixel} --threads=1 --precision=float32 --quality=full '--loaders=builtin!' --sampling-policy=full-frame --binning-policy=hard --quantize-model=kmeans:seed=1:binbits=6 --merge-policy=none --cover-policy=off -Xlinear -Wlinear --diffusion=fs:scan=raster --gpu-policy=off --lookup-policy=none --palette-type=rgb -p 248 --snap-policy=nearest:timing=all:rate=0.25:channel_l=0.85 --mapfile-output=act:{palette} {input},{lsqa} '--loaders=builtin!' {input} -
85a2674e53a2d7b75c6944b5a87b04ee9ea182b1,macOS-26.5.1-arm64-arm-64bit,natural-snake,natural photograph,248,linear,linear RGB,nearest-once,nearest / once / rate 1,True,nearest,once,1.0,0.85,0.992179,2.274297,2.572586,248,744,0,0,0.0,0.0,0,338786,{img2sixel} --threads=1 --precision=float32 --quality=full '--loaders=builtin!' --sampling-policy=full-frame --binning-policy=hard --quantize-model=kmeans:seed=1:binbits=6 --merge-policy=none --cover-policy=off -Xlinear -Wlinear --diffusion=fs:scan=raster --gpu-policy=off --lookup-policy=none --palette-type=rgb -p 248 --snap-policy=nearest:timing=once:rate=1:channel_l=0.85 --mapfile-output=act:{palette} {input},{lsqa} '--loaders=builtin!' {input} -
85a2674e53a2d7b75c6944b5a87b04ee9ea182b1,macOS-26.5.1-arm64-arm-64bit,natural-snake,natural photograph,248,linear,linear RGB,nearest-all,nearest / all / rate 1,True,nearest,all,1.0,0.85,0.992318,2.275287,2.577963,248,744,0,0,0.0,0.0,0,337611,{img2sixel} --threads=1 --precision=float32 --quality=full '--loaders=builtin!' --sampling-policy=full-frame --binning-policy=hard --quantize-model=kmeans:seed=1:binbits=6 --merge-policy=none --cover-policy=off -Xlinear -Wlinear --diffusion=fs:scan=raster --gpu-policy=off --lookup-policy=none --palette-type=rgb -p 248 --snap-policy=nearest:timing=all:rate=1:channel_l=0.85 --mapfile-output=act:{palette} {input},{lsqa} '--loaders=builtin!' {input} -
85a2674e53a2d7b75c6944b5a87b04ee9ea182b1,macOS-26.5.1-arm64-arm-64bit,natural-snake,natural photograph,248,linear,linear RGB,reversible-all,reversible / all / rate 1,True,reversible,all,1.0,0.85,0.991701,2.334607,2.630809,248,744,0,0,0.0,0.0,0,339742,{img2sixel} --threads=1 --precision=float32 --quality=full '--loaders=builtin!' --sampling-policy=full-frame --binning-policy=hard --quantize-model=kmeans:seed=1:binbits=6 --merge-policy=none --cover-policy=off -Xlinear -Wlinear --diffusion=fs:scan=raster --gpu-policy=off --lookup-policy=none --palette-type=rgb -p 248 --snap-policy=reversible:timing=all:rate=1:channel_l=0.85 --mapfile-output=act:{palette} {input},{lsqa} '--loaders=builtin!' {input} -
85a2674e53a2d7b75c6944b5a87b04ee9ea182b1,macOS-26.5.1-arm64-arm-64bit,natural-snake,natural photograph,248,oklab,OKLab,off,snap off,False,none,off,0.0,0.85,0.993931,2.39638,2.413715,248,744,233,423,0.5685483870967742,0.5685483870967742,1,340002,{img2sixel} --threads=1 --precision=float32 --quality=full '--loaders=builtin!' --sampling-policy=full-frame --binning-policy=hard --quantize-model=kmeans:seed=1:binbits=6 --merge-policy=none --cover-policy=off -Xoklab -Woklab --diffusion=fs:scan=raster --gpu-policy=off --lookup-policy=none --palette-type=rgb -p 248 --snap-policy=none --mapfile-output=act:{palette} {input},{lsqa} '--loaders=builtin!' {input} -
85a2674e53a2d7b75c6944b5a87b04ee9ea182b1,macOS-26.5.1-arm64-arm-64bit,natural-snake,natural photograph,248,oklab,OKLab,nearest-quarter,nearest / all / rate 0.25,True,nearest,all,0.25,0.85,0.99492,2.401373,2.304015,248,744,196,333,0.4475806451612903,0.4475806451612903,1,336624,{img2sixel} --threads=1 --precision=float32 --quality=full '--loaders=builtin!' --sampling-policy=full-frame --binning-policy=hard --quantize-model=kmeans:seed=1:binbits=6 --merge-policy=none --cover-policy=off -Xoklab -Woklab --diffusion=fs:scan=raster --gpu-policy=off --lookup-policy=none --palette-type=rgb -p 248 --snap-policy=nearest:timing=all:rate=0.25:channel_l=0.85 --mapfile-output=act:{palette} {input},{lsqa} '--loaders=builtin!' {input} -
85a2674e53a2d7b75c6944b5a87b04ee9ea182b1,macOS-26.5.1-arm64-arm-64bit,natural-snake,natural photograph,248,oklab,OKLab,nearest-once,nearest / once / rate 1,True,nearest,once,1.0,0.85,0.994911,2.443464,2.366882,248,744,0,0,0.0,0.0,0,344231,{img2sixel} --threads=1 --precision=float32 --quality=full '--loaders=builtin!' --sampling-policy=full-frame --binning-policy=hard --quantize-model=kmeans:seed=1:binbits=6 --merge-policy=none --cover-policy=off -Xoklab -Woklab --diffusion=fs:scan=raster --gpu-policy=off --lookup-policy=none --palette-type=rgb -p 248 --snap-policy=nearest:timing=once:rate=1:channel_l=0.85 --mapfile-output=act:{palette} {input},{lsqa} '--loaders=builtin!' {input} -
85a2674e53a2d7b75c6944b5a87b04ee9ea182b1,macOS-26.5.1-arm64-arm-64bit,natural-snake,natural photograph,248,oklab,OKLab,nearest-all,nearest / all / rate 1,True,nearest,all,1.0,0.85,0.994774,2.426588,2.365597,248,744,0,0,0.0,0.0,0,347004,{img2sixel} --threads=1 --precision=float32 --quality=full '--loaders=builtin!' --sampling-policy=full-frame --binning-policy=hard --quantize-model=kmeans:seed=1:binbits=6 --merge-policy=none --cover-policy=off -Xoklab -Woklab --diffusion=fs:scan=raster --gpu-policy=off --lookup-policy=none --palette-type=rgb -p 248 --snap-policy=nearest:timing=all:rate=1:channel_l=0.85 --mapfile-output=act:{palette} {input},{lsqa} '--loaders=builtin!' {input} -
85a2674e53a2d7b75c6944b5a87b04ee9ea182b1,macOS-26.5.1-arm64-arm-64bit,natural-snake,natural photograph,248,oklab,OKLab,reversible-all,reversible / all / rate 1,True,reversible,all,1.0,0.85,0.994625,2.308881,2.337692,248,744,0,0,0.0,0.0,0,335674,{img2sixel} --threads=1 --precision=float32 --quality=full '--loaders=builtin!' --sampling-policy=full-frame --binning-policy=hard --quantize-model=kmeans:seed=1:binbits=6 --merge-policy=none --cover-policy=off -Xoklab -Woklab --diffusion=fs:scan=raster --gpu-policy=off --lookup-policy=none --palette-type=rgb -p 248 --snap-policy=reversible:timing=all:rate=1:channel_l=0.85 --mapfile-output=act:{palette} {input},{lsqa} '--loaders=builtin!' {input} -
85a2674e53a2d7b75c6944b5a87b04ee9ea182b1,macOS-26.5.1-arm64-arm-64bit,natural-snake,natural photograph,248,cielab,CIELAB,off,snap off,False,none,off,0.0,0.85,0.988569,2.208933,1.608752,248,744,234,452,0.6075268817204301,0.6075268817204301,1,343963,{img2sixel} --threads=1 --precision=float32 --quality=full '--loaders=builtin!' --sampling-policy=full-frame --binning-policy=hard --quantize-model=kmeans:seed=1:binbits=6 --merge-policy=none --cover-policy=off -Xcielab -Wcielab --diffusion=fs:scan=raster --gpu-policy=off --lookup-policy=none --palette-type=rgb -p 248 --snap-policy=none --mapfile-output=act:{palette} {input},{lsqa} '--loaders=builtin!' {input} -
85a2674e53a2d7b75c6944b5a87b04ee9ea182b1,macOS-26.5.1-arm64-arm-64bit,natural-snake,natural photograph,248,cielab,CIELAB,nearest-quarter,nearest / all / rate 0.25,True,nearest,all,0.25,0.85,0.988748,2.199024,1.653172,248,744,179,274,0.3682795698924731,0.3682795698924731,1,337184,{img2sixel} --threads=1 --precision=float32 --quality=full '--loaders=builtin!' --sampling-policy=full-frame --binning-policy=hard --quantize-model=kmeans:seed=1:binbits=6 --merge-policy=none --cover-policy=off -Xcielab -Wcielab --diffusion=fs:scan=raster --gpu-policy=off --lookup-policy=none --palette-type=rgb -p 248 --snap-policy=nearest:timing=all:rate=0.25:channel_l=0.85 --mapfile-output=act:{palette} {input},{lsqa} '--loaders=builtin!' {input} -
85a2674e53a2d7b75c6944b5a87b04ee9ea182b1,macOS-26.5.1-arm64-arm-64bit,natural-snake,natural photograph,248,cielab,CIELAB,nearest-once,nearest / once / rate 1,True,nearest,once,1.0,0.85,0.988783,2.185696,1.601089,248,744,0,0,0.0,0.0,0,340965,{img2sixel} --threads=1 --precision=float32 --quality=full '--loaders=builtin!' --sampling-policy=full-frame --binning-policy=hard --quantize-model=kmeans:seed=1:binbits=6 --merge-policy=none --cover-policy=off -Xcielab -Wcielab --diffusion=fs:scan=raster --gpu-policy=off --lookup-policy=none --palette-type=rgb -p 248 --snap-policy=nearest:timing=once:rate=1:channel_l=0.85 --mapfile-output=act:{palette} {input},{lsqa} '--loaders=builtin!' {input} -
85a2674e53a2d7b75c6944b5a87b04ee9ea182b1,macOS-26.5.1-arm64-arm-64bit,natural-snake,natural photograph,248,cielab,CIELAB,nearest-all,nearest / all / rate 1,True,nearest,all,1.0,0.85,0.989151,2.15222,1.649693,248,744,0,0,0.0,0.0,0,342326,{img2sixel} --threads=1 --precision=float32 --quality=full '--loaders=builtin!' --sampling-policy=full-frame --binning-policy=hard --quantize-model=kmeans:seed=1:binbits=6 --merge-policy=none --cover-policy=off -Xcielab -Wcielab --diffusion=fs:scan=raster --gpu-policy=off --lookup-policy=none --palette-type=rgb -p 248 --snap-policy=nearest:timing=all:rate=1:channel_l=0.85 --mapfile-output=act:{palette} {input},{lsqa} '--loaders=builtin!' {input} -
85a2674e53a2d7b75c6944b5a87b04ee9ea182b1,macOS-26.5.1-arm64-arm-64bit,natural-snake,natural photograph,248,cielab,CIELAB,reversible-all,reversible / all / rate 1,True,reversible,all,1.0,0.85,0.988476,2.15168,1.63114,248,744,0,0,0.0,0.0,0,339772,{img2sixel} --threads=1 --precision=float32 --quality=full '--loaders=builtin!' --sampling-policy=full-frame --binning-policy=hard --quantize-model=kmeans:seed=1:binbits=6 --merge-policy=none --cover-policy=off -Xcielab -Wcielab --diffusion=fs:scan=raster --gpu-policy=off --lookup-policy=none --palette-type=rgb -p 248 --snap-policy=reversible:timing=all:rate=1:channel_l=0.85 --mapfile-output=act:{palette} {input},{lsqa} '--loaders=builtin!' {input} -
85a2674e53a2d7b75c6944b5a87b04ee9ea182b1,macOS-26.5.1-arm64-arm-64bit,natural-snake,natural photograph,248,din99d,DIN99d,off,snap off,False,none,off,0.0,0.85,0.988202,2.177395,2.108588,248,744,235,442,0.5940860215053764,0.5940860215053764,1,336537,{img2sixel} --threads=1 --precision=float32 --quality=full '--loaders=builtin!' --sampling-policy=full-frame --binning-policy=hard --quantize-model=kmeans:seed=1:binbits=6 --merge-policy=none --cover-policy=off -Xdin99d -Wdin99d --diffusion=fs:scan=raster --gpu-policy=off --lookup-policy=none --palette-type=rgb -p 248 --snap-policy=none --mapfile-output=act:{palette} {input},{lsqa} '--loaders=builtin!' {input} -
85a2674e53a2d7b75c6944b5a87b04ee9ea182b1,macOS-26.5.1-arm64-arm-64bit,natural-snake,natural photograph,248,din99d,DIN99d,nearest-quarter,nearest / all / rate 0.25,True,nearest,all,0.25,0.85,0.988737,2.070595,2.052237,248,744,159,246,0.33064516129032256,0.33064516129032256,1,334356,{img2sixel} --threads=1 --precision=float32 --quality=full '--loaders=builtin!' --sampling-policy=full-frame --binning-policy=hard --quantize-model=kmeans:seed=1:binbits=6 --merge-policy=none --cover-policy=off -Xdin99d -Wdin99d --diffusion=fs:scan=raster --gpu-policy=off --lookup-policy=none --palette-type=rgb -p 248 --snap-policy=nearest:timing=all:rate=0.25:channel_l=0.85 --mapfile-output=act:{palette} {input},{lsqa} '--loaders=builtin!' {input} -
85a2674e53a2d7b75c6944b5a87b04ee9ea182b1,macOS-26.5.1-arm64-arm-64bit,natural-snake,natural photograph,248,din99d,DIN99d,nearest-once,nearest / once / rate 1,True,nearest,once,1.0,0.85,0.988406,2.115241,2.047599,248,744,0,0,0.0,0.0,0,335887,{img2sixel} --threads=1 --precision=float32 --quality=full '--loaders=builtin!' --sampling-policy=full-frame --binning-policy=hard --quantize-model=kmeans:seed=1:binbits=6 --merge-policy=none --cover-policy=off -Xdin99d -Wdin99d --diffusion=fs:scan=raster --gpu-policy=off --lookup-policy=none --palette-type=rgb -p 248 --snap-policy=nearest:timing=once:rate=1:channel_l=0.85 --mapfile-output=act:{palette} {input},{lsqa} '--loaders=builtin!' {input} -
85a2674e53a2d7b75c6944b5a87b04ee9ea182b1,macOS-26.5.1-arm64-arm-64bit,natural-snake,natural photograph,248,din99d,DIN99d,nearest-all,nearest / all / rate 1,True,nearest,all,1.0,0.85,0.988396,2.104121,2.052966,248,744,0,0,0.0,0.0,0,336953,{img2sixel} --threads=1 --precision=float32 --quality=full '--loaders=builtin!' --sampling-policy=full-frame --binning-policy=hard --quantize-model=kmeans:seed=1:binbits=6 --merge-policy=none --cover-policy=off -Xdin99d -Wdin99d --diffusion=fs:scan=raster --gpu-policy=off --lookup-policy=none --palette-type=rgb -p 248 --snap-policy=nearest:timing=all:rate=1:channel_l=0.85 --mapfile-output=act:{palette} {input},{lsqa} '--loaders=builtin!' {input} -
85a2674e53a2d7b75c6944b5a87b04ee9ea182b1,macOS-26.5.1-arm64-arm-64bit,natural-snake,natural photograph,248,din99d,DIN99d,reversible-all,reversible / all / rate 1,True,reversible,all,1.0,0.85,0.987772,2.137699,2.104751,248,744,0,0,0.0,0.0,0,335041,{img2sixel} --threads=1 --precision=float32 --quality=full '--loaders=builtin!' --sampling-policy=full-frame --binning-policy=hard --quantize-model=kmeans:seed=1:binbits=6 --merge-policy=none --cover-policy=off -Xdin99d -Wdin99d --diffusion=fs:scan=raster --gpu-policy=off --lookup-policy=none --palette-type=rgb -p 248 --snap-policy=reversible:timing=all:rate=1:channel_l=0.85 --mapfile-output=act:{palette} {input},{lsqa} '--loaders=builtin!' {input} -
85a2674e53a2d7b75c6944b5a87b04ee9ea182b1,macOS-26.5.1-arm64-arm-64bit,natural-snake,natural photograph,250,gamma,sRGB gamma,off,snap off,False,none,off,0.0,0.85,0.990586,2.278631,1.816239,250,750,231,479,0.6386666666666667,0.6386666666666667,1,310925,{img2sixel} --threads=1 --precision=float32 --quality=full '--loaders=builtin!' --sampling-policy=full-frame --binning-policy=hard --quantize-model=kmeans:seed=1:binbits=6 --merge-policy=none --cover-policy=off -Xgamma -Wgamma --diffusion=fs:scan=raster --gpu-policy=off --lookup-policy=none --palette-type=rgb -p 250 --snap-policy=none --mapfile-output=act:{palette} {input},{lsqa} '--loaders=builtin!' {input} -
85a2674e53a2d7b75c6944b5a87b04ee9ea182b1,macOS-26.5.1-arm64-arm-64bit,natural-snake,natural photograph,250,gamma,sRGB gamma,nearest-quarter,nearest / all / rate 0.25,True,nearest,all,0.25,0.85,0.99102,2.21595,1.765949,250,750,162,220,0.29333333333333333,0.29333333333333333,1,311031,{img2sixel} --threads=1 --precision=float32 --quality=full '--loaders=builtin!' --sampling-policy=full-frame --binning-policy=hard --quantize-model=kmeans:seed=1:binbits=6 --merge-policy=none --cover-policy=off -Xgamma -Wgamma --diffusion=fs:scan=raster --gpu-policy=off --lookup-policy=none --palette-type=rgb -p 250 --snap-policy=nearest:timing=all:rate=0.25:channel_l=0.85 --mapfile-output=act:{palette} {input},{lsqa} '--loaders=builtin!' {input} -
85a2674e53a2d7b75c6944b5a87b04ee9ea182b1,macOS-26.5.1-arm64-arm-64bit,natural-snake,natural photograph,250,gamma,sRGB gamma,nearest-once,nearest / once / rate 1,True,nearest,once,1.0,0.85,0.990307,2.273208,1.837474,250,750,0,0,0.0,0.0,0,312021,{img2sixel} --threads=1 --precision=float32 --quality=full '--loaders=builtin!' --sampling-policy=full-frame --binning-policy=hard --quantize-model=kmeans:seed=1:binbits=6 --merge-policy=none --cover-policy=off -Xgamma -Wgamma --diffusion=fs:scan=raster --gpu-policy=off --lookup-policy=none --palette-type=rgb -p 250 --snap-policy=nearest:timing=once:rate=1:channel_l=0.85 --mapfile-output=act:{palette} {input},{lsqa} '--loaders=builtin!' {input} -
85a2674e53a2d7b75c6944b5a87b04ee9ea182b1,macOS-26.5.1-arm64-arm-64bit,natural-snake,natural photograph,250,gamma,sRGB gamma,nearest-all,nearest / all / rate 1,True,nearest,all,1.0,0.85,0.991009,2.212914,1.884869,250,750,0,0,0.0,0.0,0,313933,{img2sixel} --threads=1 --precision=float32 --quality=full '--loaders=builtin!' --sampling-policy=full-frame --binning-policy=hard --quantize-model=kmeans:seed=1:binbits=6 --merge-policy=none --cover-policy=off -Xgamma -Wgamma --diffusion=fs:scan=raster --gpu-policy=off --lookup-policy=none --palette-type=rgb -p 250 --snap-policy=nearest:timing=all:rate=1:channel_l=0.85 --mapfile-output=act:{palette} {input},{lsqa} '--loaders=builtin!' {input} -
85a2674e53a2d7b75c6944b5a87b04ee9ea182b1,macOS-26.5.1-arm64-arm-64bit,natural-snake,natural photograph,250,gamma,sRGB gamma,reversible-all,reversible / all / rate 1,True,reversible,all,1.0,0.85,0.989848,2.326992,1.928903,250,750,0,0,0.0,0.0,0,313475,{img2sixel} --threads=1 --precision=float32 --quality=full '--loaders=builtin!' --sampling-policy=full-frame --binning-policy=hard --quantize-model=kmeans:seed=1:binbits=6 --merge-policy=none --cover-policy=off -Xgamma -Wgamma --diffusion=fs:scan=raster --gpu-policy=off --lookup-policy=none --palette-type=rgb -p 250 --snap-policy=reversible:timing=all:rate=1:channel_l=0.85 --mapfile-output=act:{palette} {input},{lsqa} '--loaders=builtin!' {input} -
85a2674e53a2d7b75c6944b5a87b04ee9ea182b1,macOS-26.5.1-arm64-arm-64bit,natural-snake,natural photograph,250,linear,linear RGB,off,snap off,False,none,off,0.0,0.85,0.992235,2.376876,2.687706,250,750,239,452,0.6026666666666667,0.6026666666666667,1,338240,{img2sixel} --threads=1 --precision=float32 --quality=full '--loaders=builtin!' --sampling-policy=full-frame --binning-policy=hard --quantize-model=kmeans:seed=1:binbits=6 --merge-policy=none --cover-policy=off -Xlinear -Wlinear --diffusion=fs:scan=raster --gpu-policy=off --lookup-policy=none --palette-type=rgb -p 250 --snap-policy=none --mapfile-output=act:{palette} {input},{lsqa} '--loaders=builtin!' {input} -
85a2674e53a2d7b75c6944b5a87b04ee9ea182b1,macOS-26.5.1-arm64-arm-64bit,natural-snake,natural photograph,250,linear,linear RGB,nearest-quarter,nearest / all / rate 0.25,True,nearest,all,0.25,0.85,0.99228,2.26131,2.602542,250,750,135,191,0.25466666666666665,0.25466666666666665,1,338652,{img2sixel} --threads=1 --precision=float32 --quality=full '--loaders=builtin!' --sampling-policy=full-frame --binning-policy=hard --quantize-model=kmeans:seed=1:binbits=6 --merge-policy=none --cover-policy=off -Xlinear -Wlinear --diffusion=fs:scan=raster --gpu-policy=off --lookup-policy=none --palette-type=rgb -p 250 --snap-policy=nearest:timing=all:rate=0.25:channel_l=0.85 --mapfile-output=act:{palette} {input},{lsqa} '--loaders=builtin!' {input} -
85a2674e53a2d7b75c6944b5a87b04ee9ea182b1,macOS-26.5.1-arm64-arm-64bit,natural-snake,natural photograph,250,linear,linear RGB,nearest-once,nearest / once / rate 1,True,nearest,once,1.0,0.85,0.992265,2.268046,2.557401,250,750,0,0,0.0,0.0,0,339347,{img2sixel} --threads=1 --precision=float32 --quality=full '--loaders=builtin!' --sampling-policy=full-frame --binning-policy=hard --quantize-model=kmeans:seed=1:binbits=6 --merge-policy=none --cover-policy=off -Xlinear -Wlinear --diffusion=fs:scan=raster --gpu-policy=off --lookup-policy=none --palette-type=rgb -p 250 --snap-policy=nearest:timing=once:rate=1:channel_l=0.85 --mapfile-output=act:{palette} {input},{lsqa} '--loaders=builtin!' {input} -
85a2674e53a2d7b75c6944b5a87b04ee9ea182b1,macOS-26.5.1-arm64-arm-64bit,natural-snake,natural photograph,250,linear,linear RGB,nearest-all,nearest / all / rate 1,True,nearest,all,1.0,0.85,0.992369,2.275213,2.576274,250,750,0,0,0.0,0.0,0,338023,{img2sixel} --threads=1 --precision=float32 --quality=full '--loaders=builtin!' --sampling-policy=full-frame --binning-policy=hard --quantize-model=kmeans:seed=1:binbits=6 --merge-policy=none --cover-policy=off -Xlinear -Wlinear --diffusion=fs:scan=raster --gpu-policy=off --lookup-policy=none --palette-type=rgb -p 250 --snap-policy=nearest:timing=all:rate=1:channel_l=0.85 --mapfile-output=act:{palette} {input},{lsqa} '--loaders=builtin!' {input} -
85a2674e53a2d7b75c6944b5a87b04ee9ea182b1,macOS-26.5.1-arm64-arm-64bit,natural-snake,natural photograph,250,linear,linear RGB,reversible-all,reversible / all / rate 1,True,reversible,all,1.0,0.85,0.991678,2.335239,2.629946,250,750,0,0,0.0,0.0,0,341410,{img2sixel} --threads=1 --precision=float32 --quality=full '--loaders=builtin!' --sampling-policy=full-frame --binning-policy=hard --quantize-model=kmeans:seed=1:binbits=6 --merge-policy=none --cover-policy=off -Xlinear -Wlinear --diffusion=fs:scan=raster --gpu-policy=off --lookup-policy=none --palette-type=rgb -p 250 --snap-policy=reversible:timing=all:rate=1:channel_l=0.85 --mapfile-output=act:{palette} {input},{lsqa} '--loaders=builtin!' {input} -
85a2674e53a2d7b75c6944b5a87b04ee9ea182b1,macOS-26.5.1-arm64-arm-64bit,natural-snake,natural photograph,250,oklab,OKLab,off,snap off,False,none,off,0.0,0.85,0.993926,2.394423,2.417025,250,750,235,428,0.5706666666666667,0.5706666666666667,1,341920,{img2sixel} --threads=1 --precision=float32 --quality=full '--loaders=builtin!' --sampling-policy=full-frame --binning-policy=hard --quantize-model=kmeans:seed=1:binbits=6 --merge-policy=none --cover-policy=off -Xoklab -Woklab --diffusion=fs:scan=raster --gpu-policy=off --lookup-policy=none --palette-type=rgb -p 250 --snap-policy=none --mapfile-output=act:{palette} {input},{lsqa} '--loaders=builtin!' {input} -
85a2674e53a2d7b75c6944b5a87b04ee9ea182b1,macOS-26.5.1-arm64-arm-64bit,natural-snake,natural photograph,250,oklab,OKLab,nearest-quarter,nearest / all / rate 0.25,True,nearest,all,0.25,0.85,0.994937,2.401124,2.315466,250,750,195,325,0.43333333333333335,0.43333333333333335,1,335903,{img2sixel} --threads=1 --precision=float32 --quality=full '--loaders=builtin!' --sampling-policy=full-frame --binning-policy=hard --quantize-model=kmeans:seed=1:binbits=6 --merge-policy=none --cover-policy=off -Xoklab -Woklab --diffusion=fs:scan=raster --gpu-policy=off --lookup-policy=none --palette-type=rgb -p 250 --snap-policy=nearest:timing=all:rate=0.25:channel_l=0.85 --mapfile-output=act:{palette} {input},{lsqa} '--loaders=builtin!' {input} -
85a2674e53a2d7b75c6944b5a87b04ee9ea182b1,macOS-26.5.1-arm64-arm-64bit,natural-snake,natural photograph,250,oklab,OKLab,nearest-once,nearest / once / rate 1,True,nearest,once,1.0,0.85,0.994911,2.437409,2.36447,250,750,0,0,0.0,0.0,0,345190,{img2sixel} --threads=1 --precision=float32 --quality=full '--loaders=builtin!' --sampling-policy=full-frame --binning-policy=hard --quantize-model=kmeans:seed=1:binbits=6 --merge-policy=none --cover-policy=off -Xoklab -Woklab --diffusion=fs:scan=raster --gpu-policy=off --lookup-policy=none --palette-type=rgb -p 250 --snap-policy=nearest:timing=once:rate=1:channel_l=0.85 --mapfile-output=act:{palette} {input},{lsqa} '--loaders=builtin!' {input} -
85a2674e53a2d7b75c6944b5a87b04ee9ea182b1,macOS-26.5.1-arm64-arm-64bit,natural-snake,natural photograph,250,oklab,OKLab,nearest-all,nearest / all / rate 1,True,nearest,all,1.0,0.85,0.994962,2.428043,2.35651,250,750,0,0,0.0,0.0,0,347727,{img2sixel} --threads=1 --precision=float32 --quality=full '--loaders=builtin!' --sampling-policy=full-frame --binning-policy=hard --quantize-model=kmeans:seed=1:binbits=6 --merge-policy=none --cover-policy=off -Xoklab -Woklab --diffusion=fs:scan=raster --gpu-policy=off --lookup-policy=none --palette-type=rgb -p 250 --snap-policy=nearest:timing=all:rate=1:channel_l=0.85 --mapfile-output=act:{palette} {input},{lsqa} '--loaders=builtin!' {input} -
85a2674e53a2d7b75c6944b5a87b04ee9ea182b1,macOS-26.5.1-arm64-arm-64bit,natural-snake,natural photograph,250,oklab,OKLab,reversible-all,reversible / all / rate 1,True,reversible,all,1.0,0.85,0.994707,2.308556,2.341958,250,750,0,0,0.0,0.0,0,337142,{img2sixel} --threads=1 --precision=float32 --quality=full '--loaders=builtin!' --sampling-policy=full-frame --binning-policy=hard --quantize-model=kmeans:seed=1:binbits=6 --merge-policy=none --cover-policy=off -Xoklab -Woklab --diffusion=fs:scan=raster --gpu-policy=off --lookup-policy=none --palette-type=rgb -p 250 --snap-policy=reversible:timing=all:rate=1:channel_l=0.85 --mapfile-output=act:{palette} {input},{lsqa} '--loaders=builtin!' {input} -
85a2674e53a2d7b75c6944b5a87b04ee9ea182b1,macOS-26.5.1-arm64-arm-64bit,natural-snake,natural photograph,250,cielab,CIELAB,off,snap off,False,none,off,0.0,0.85,0.988538,2.194709,1.595779,250,750,236,456,0.608,0.608,1,344079,{img2sixel} --threads=1 --precision=float32 --quality=full '--loaders=builtin!' --sampling-policy=full-frame --binning-policy=hard --quantize-model=kmeans:seed=1:binbits=6 --merge-policy=none --cover-policy=off -Xcielab -Wcielab --diffusion=fs:scan=raster --gpu-policy=off --lookup-policy=none --palette-type=rgb -p 250 --snap-policy=none --mapfile-output=act:{palette} {input},{lsqa} '--loaders=builtin!' {input} -
85a2674e53a2d7b75c6944b5a87b04ee9ea182b1,macOS-26.5.1-arm64-arm-64bit,natural-snake,natural photograph,250,cielab,CIELAB,nearest-quarter,nearest / all / rate 0.25,True,nearest,all,0.25,0.85,0.9889,2.191849,1.648078,250,750,185,276,0.368,0.368,1,337917,{img2sixel} --threads=1 --precision=float32 --quality=full '--loaders=builtin!' --sampling-policy=full-frame --binning-policy=hard --quantize-model=kmeans:seed=1:binbits=6 --merge-policy=none --cover-policy=off -Xcielab -Wcielab --diffusion=fs:scan=raster --gpu-policy=off --lookup-policy=none --palette-type=rgb -p 250 --snap-policy=nearest:timing=all:rate=0.25:channel_l=0.85 --mapfile-output=act:{palette} {input},{lsqa} '--loaders=builtin!' {input} -
85a2674e53a2d7b75c6944b5a87b04ee9ea182b1,macOS-26.5.1-arm64-arm-64bit,natural-snake,natural photograph,250,cielab,CIELAB,nearest-once,nearest / once / rate 1,True,nearest,once,1.0,0.85,0.988869,2.16859,1.593683,250,750,0,0,0.0,0.0,0,342096,{img2sixel} --threads=1 --precision=float32 --quality=full '--loaders=builtin!' --sampling-policy=full-frame --binning-policy=hard --quantize-model=kmeans:seed=1:binbits=6 --merge-policy=none --cover-policy=off -Xcielab -Wcielab --diffusion=fs:scan=raster --gpu-policy=off --lookup-policy=none --palette-type=rgb -p 250 --snap-policy=nearest:timing=once:rate=1:channel_l=0.85 --mapfile-output=act:{palette} {input},{lsqa} '--loaders=builtin!' {input} -
85a2674e53a2d7b75c6944b5a87b04ee9ea182b1,macOS-26.5.1-arm64-arm-64bit,natural-snake,natural photograph,250,cielab,CIELAB,nearest-all,nearest / all / rate 1,True,nearest,all,1.0,0.85,0.989301,2.14053,1.644023,250,750,0,0,0.0,0.0,0,343586,{img2sixel} --threads=1 --precision=float32 --quality=full '--loaders=builtin!' --sampling-policy=full-frame --binning-policy=hard --quantize-model=kmeans:seed=1:binbits=6 --merge-policy=none --cover-policy=off -Xcielab -Wcielab --diffusion=fs:scan=raster --gpu-policy=off --lookup-policy=none --palette-type=rgb -p 250 --snap-policy=nearest:timing=all:rate=1:channel_l=0.85 --mapfile-output=act:{palette} {input},{lsqa} '--loaders=builtin!' {input} -
85a2674e53a2d7b75c6944b5a87b04ee9ea182b1,macOS-26.5.1-arm64-arm-64bit,natural-snake,natural photograph,250,cielab,CIELAB,reversible-all,reversible / all / rate 1,True,reversible,all,1.0,0.85,0.98857,2.141397,1.625723,250,750,0,0,0.0,0.0,0,340488,{img2sixel} --threads=1 --precision=float32 --quality=full '--loaders=builtin!' --sampling-policy=full-frame --binning-policy=hard --quantize-model=kmeans:seed=1:binbits=6 --merge-policy=none --cover-policy=off -Xcielab -Wcielab --diffusion=fs:scan=raster --gpu-policy=off --lookup-policy=none --palette-type=rgb -p 250 --snap-policy=reversible:timing=all:rate=1:channel_l=0.85 --mapfile-output=act:{palette} {input},{lsqa} '--loaders=builtin!' {input} -
85a2674e53a2d7b75c6944b5a87b04ee9ea182b1,macOS-26.5.1-arm64-arm-64bit,natural-snake,natural photograph,250,din99d,DIN99d,off,snap off,False,none,off,0.0,0.85,0.988616,2.128448,2.080974,250,750,238,456,0.608,0.608,1,334785,{img2sixel} --threads=1 --precision=float32 --quality=full '--loaders=builtin!' --sampling-policy=full-frame --binning-policy=hard --quantize-model=kmeans:seed=1:binbits=6 --merge-policy=none --cover-policy=off -Xdin99d -Wdin99d --diffusion=fs:scan=raster --gpu-policy=off --lookup-policy=none --palette-type=rgb -p 250 --snap-policy=none --mapfile-output=act:{palette} {input},{lsqa} '--loaders=builtin!' {input} -
85a2674e53a2d7b75c6944b5a87b04ee9ea182b1,macOS-26.5.1-arm64-arm-64bit,natural-snake,natural photograph,250,din99d,DIN99d,nearest-quarter,nearest / all / rate 0.25,True,nearest,all,0.25,0.85,0.989264,2.05007,2.031112,250,750,165,259,0.3453333333333333,0.3453333333333333,1,335092,{img2sixel} --threads=1 --precision=float32 --quality=full '--loaders=builtin!' --sampling-policy=full-frame --binning-policy=hard --quantize-model=kmeans:seed=1:binbits=6 --merge-policy=none --cover-policy=off -Xdin99d -Wdin99d --diffusion=fs:scan=raster --gpu-policy=off --lookup-policy=none --palette-type=rgb -p 250 --snap-policy=nearest:timing=all:rate=0.25:channel_l=0.85 --mapfile-output=act:{palette} {input},{lsqa} '--loaders=builtin!' {input} -
85a2674e53a2d7b75c6944b5a87b04ee9ea182b1,macOS-26.5.1-arm64-arm-64bit,natural-snake,natural photograph,250,din99d,DIN99d,nearest-once,nearest / once / rate 1,True,nearest,once,1.0,0.85,0.989021,2.098353,2.075814,250,750,0,0,0.0,0.0,0,333412,{img2sixel} --threads=1 --precision=float32 --quality=full '--loaders=builtin!' --sampling-policy=full-frame --binning-policy=hard --quantize-model=kmeans:seed=1:binbits=6 --merge-policy=none --cover-policy=off -Xdin99d -Wdin99d --diffusion=fs:scan=raster --gpu-policy=off --lookup-policy=none --palette-type=rgb -p 250 --snap-policy=nearest:timing=once:rate=1:channel_l=0.85 --mapfile-output=act:{palette} {input},{lsqa} '--loaders=builtin!' {input} -
85a2674e53a2d7b75c6944b5a87b04ee9ea182b1,macOS-26.5.1-arm64-arm-64bit,natural-snake,natural photograph,250,din99d,DIN99d,nearest-all,nearest / all / rate 1,True,nearest,all,1.0,0.85,0.988374,2.103002,2.039162,250,750,0,0,0.0,0.0,0,337540,{img2sixel} --threads=1 --precision=float32 --quality=full '--loaders=builtin!' --sampling-policy=full-frame --binning-policy=hard --quantize-model=kmeans:seed=1:binbits=6 --merge-policy=none --cover-policy=off -Xdin99d -Wdin99d --diffusion=fs:scan=raster --gpu-policy=off --lookup-policy=none --palette-type=rgb -p 250 --snap-policy=nearest:timing=all:rate=1:channel_l=0.85 --mapfile-output=act:{palette} {input},{lsqa} '--loaders=builtin!' {input} -
85a2674e53a2d7b75c6944b5a87b04ee9ea182b1,macOS-26.5.1-arm64-arm-64bit,natural-snake,natural photograph,250,din99d,DIN99d,reversible-all,reversible / all / rate 1,True,reversible,all,1.0,0.85,0.988192,2.137091,2.1106,250,750,0,0,0.0,0.0,0,336746,{img2sixel} --threads=1 --precision=float32 --quality=full '--loaders=builtin!' --sampling-policy=full-frame --binning-policy=hard --quantize-model=kmeans:seed=1:binbits=6 --merge-policy=none --cover-policy=off -Xdin99d -Wdin99d --diffusion=fs:scan=raster --gpu-policy=off --lookup-policy=none --palette-type=rgb -p 250 --snap-policy=reversible:timing=all:rate=1:channel_l=0.85 --mapfile-output=act:{palette} {input},{lsqa} '--loaders=builtin!' {input} -
85a2674e53a2d7b75c6944b5a87b04ee9ea182b1,macOS-26.5.1-arm64-arm-64bit,natural-snake,natural photograph,252,gamma,sRGB gamma,off,snap off,False,none,off,0.0,0.85,0.99058,2.270893,1.813876,252,756,233,462,0.6111111111111112,0.6111111111111112,1,312348,{img2sixel} --threads=1 --precision=float32 --quality=full '--loaders=builtin!' --sampling-policy=full-frame --binning-policy=hard --quantize-model=kmeans:seed=1:binbits=6 --merge-policy=none --cover-policy=off -Xgamma -Wgamma --diffusion=fs:scan=raster --gpu-policy=off --lookup-policy=none --palette-type=rgb -p 252 --snap-policy=none --mapfile-output=act:{palette} {input},{lsqa} '--loaders=builtin!' {input} -
85a2674e53a2d7b75c6944b5a87b04ee9ea182b1,macOS-26.5.1-arm64-arm-64bit,natural-snake,natural photograph,252,gamma,sRGB gamma,nearest-quarter,nearest / all / rate 0.25,True,nearest,all,0.25,0.85,0.991016,2.20674,1.754424,252,756,167,223,0.294973544973545,0.294973544973545,1,311838,{img2sixel} --threads=1 --precision=float32 --quality=full '--loaders=builtin!' --sampling-policy=full-frame --binning-policy=hard --quantize-model=kmeans:seed=1:binbits=6 --merge-policy=none --cover-policy=off -Xgamma -Wgamma --diffusion=fs:scan=raster --gpu-policy=off --lookup-policy=none --palette-type=rgb -p 252 --snap-policy=nearest:timing=all:rate=0.25:channel_l=0.85 --mapfile-output=act:{palette} {input},{lsqa} '--loaders=builtin!' {input} -
85a2674e53a2d7b75c6944b5a87b04ee9ea182b1,macOS-26.5.1-arm64-arm-64bit,natural-snake,natural photograph,252,gamma,sRGB gamma,nearest-once,nearest / once / rate 1,True,nearest,once,1.0,0.85,0.990251,2.270482,1.843944,252,756,0,0,0.0,0.0,0,313696,{img2sixel} --threads=1 --precision=float32 --quality=full '--loaders=builtin!' --sampling-policy=full-frame --binning-policy=hard --quantize-model=kmeans:seed=1:binbits=6 --merge-policy=none --cover-policy=off -Xgamma -Wgamma --diffusion=fs:scan=raster --gpu-policy=off --lookup-policy=none --palette-type=rgb -p 252 --snap-policy=nearest:timing=once:rate=1:channel_l=0.85 --mapfile-output=act:{palette} {input},{lsqa} '--loaders=builtin!' {input} -
85a2674e53a2d7b75c6944b5a87b04ee9ea182b1,macOS-26.5.1-arm64-arm-64bit,natural-snake,natural photograph,252,gamma,sRGB gamma,nearest-all,nearest / all / rate 1,True,nearest,all,1.0,0.85,0.991006,2.209933,1.887724,252,756,0,0,0.0,0.0,0,314984,{img2sixel} --threads=1 --precision=float32 --quality=full '--loaders=builtin!' --sampling-policy=full-frame --binning-policy=hard --quantize-model=kmeans:seed=1:binbits=6 --merge-policy=none --cover-policy=off -Xgamma -Wgamma --diffusion=fs:scan=raster --gpu-policy=off --lookup-policy=none --palette-type=rgb -p 252 --snap-policy=nearest:timing=all:rate=1:channel_l=0.85 --mapfile-output=act:{palette} {input},{lsqa} '--loaders=builtin!' {input} -
85a2674e53a2d7b75c6944b5a87b04ee9ea182b1,macOS-26.5.1-arm64-arm-64bit,natural-snake,natural photograph,252,gamma,sRGB gamma,reversible-all,reversible / all / rate 1,True,reversible,all,1.0,0.85,0.989874,2.318433,1.922394,252,756,0,0,0.0,0.0,0,314782,{img2sixel} --threads=1 --precision=float32 --quality=full '--loaders=builtin!' --sampling-policy=full-frame --binning-policy=hard --quantize-model=kmeans:seed=1:binbits=6 --merge-policy=none --cover-policy=off -Xgamma -Wgamma --diffusion=fs:scan=raster --gpu-policy=off --lookup-policy=none --palette-type=rgb -p 252 --snap-policy=reversible:timing=all:rate=1:channel_l=0.85 --mapfile-output=act:{palette} {input},{lsqa} '--loaders=builtin!' {input} -
85a2674e53a2d7b75c6944b5a87b04ee9ea182b1,macOS-26.5.1-arm64-arm-64bit,natural-snake,natural photograph,252,linear,linear RGB,off,snap off,False,none,off,0.0,0.85,0.992307,2.367062,2.664981,252,756,241,454,0.6005291005291006,0.6005291005291006,1,338491,{img2sixel} --threads=1 --precision=float32 --quality=full '--loaders=builtin!' --sampling-policy=full-frame --binning-policy=hard --quantize-model=kmeans:seed=1:binbits=6 --merge-policy=none --cover-policy=off -Xlinear -Wlinear --diffusion=fs:scan=raster --gpu-policy=off --lookup-policy=none --palette-type=rgb -p 252 --snap-policy=none --mapfile-output=act:{palette} {input},{lsqa} '--loaders=builtin!' {input} -
85a2674e53a2d7b75c6944b5a87b04ee9ea182b1,macOS-26.5.1-arm64-arm-64bit,natural-snake,natural photograph,252,linear,linear RGB,nearest-quarter,nearest / all / rate 0.25,True,nearest,all,0.25,0.85,0.992257,2.266086,2.582997,252,756,140,198,0.2619047619047619,0.2619047619047619,1,338942,{img2sixel} --threads=1 --precision=float32 --quality=full '--loaders=builtin!' --sampling-policy=full-frame --binning-policy=hard --quantize-model=kmeans:seed=1:binbits=6 --merge-policy=none --cover-policy=off -Xlinear -Wlinear --diffusion=fs:scan=raster --gpu-policy=off --lookup-policy=none --palette-type=rgb -p 252 --snap-policy=nearest:timing=all:rate=0.25:channel_l=0.85 --mapfile-output=act:{palette} {input},{lsqa} '--loaders=builtin!' {input} -
85a2674e53a2d7b75c6944b5a87b04ee9ea182b1,macOS-26.5.1-arm64-arm-64bit,natural-snake,natural photograph,252,linear,linear RGB,nearest-once,nearest / once / rate 1,True,nearest,once,1.0,0.85,0.992289,2.268864,2.546969,252,756,0,0,0.0,0.0,0,339812,{img2sixel} --threads=1 --precision=float32 --quality=full '--loaders=builtin!' --sampling-policy=full-frame --binning-policy=hard --quantize-model=kmeans:seed=1:binbits=6 --merge-policy=none --cover-policy=off -Xlinear -Wlinear --diffusion=fs:scan=raster --gpu-policy=off --lookup-policy=none --palette-type=rgb -p 252 --snap-policy=nearest:timing=once:rate=1:channel_l=0.85 --mapfile-output=act:{palette} {input},{lsqa} '--loaders=builtin!' {input} -
85a2674e53a2d7b75c6944b5a87b04ee9ea182b1,macOS-26.5.1-arm64-arm-64bit,natural-snake,natural photograph,252,linear,linear RGB,nearest-all,nearest / all / rate 1,True,nearest,all,1.0,0.85,0.992409,2.261965,2.568644,252,756,0,0,0.0,0.0,0,341010,{img2sixel} --threads=1 --precision=float32 --quality=full '--loaders=builtin!' --sampling-policy=full-frame --binning-policy=hard --quantize-model=kmeans:seed=1:binbits=6 --merge-policy=none --cover-policy=off -Xlinear -Wlinear --diffusion=fs:scan=raster --gpu-policy=off --lookup-policy=none --palette-type=rgb -p 252 --snap-policy=nearest:timing=all:rate=1:channel_l=0.85 --mapfile-output=act:{palette} {input},{lsqa} '--loaders=builtin!' {input} -
85a2674e53a2d7b75c6944b5a87b04ee9ea182b1,macOS-26.5.1-arm64-arm-64bit,natural-snake,natural photograph,252,linear,linear RGB,reversible-all,reversible / all / rate 1,True,reversible,all,1.0,0.85,0.991715,2.319766,2.603578,252,756,0,0,0.0,0.0,0,342971,{img2sixel} --threads=1 --precision=float32 --quality=full '--loaders=builtin!' --sampling-policy=full-frame --binning-policy=hard --quantize-model=kmeans:seed=1:binbits=6 --merge-policy=none --cover-policy=off -Xlinear -Wlinear --diffusion=fs:scan=raster --gpu-policy=off --lookup-policy=none --palette-type=rgb -p 252 --snap-policy=reversible:timing=all:rate=1:channel_l=0.85 --mapfile-output=act:{palette} {input},{lsqa} '--loaders=builtin!' {input} -
85a2674e53a2d7b75c6944b5a87b04ee9ea182b1,macOS-26.5.1-arm64-arm-64bit,natural-snake,natural photograph,252,oklab,OKLab,off,snap off,False,none,off,0.0,0.85,0.993984,2.385309,2.410774,252,756,236,426,0.5634920634920635,0.5634920634920635,1,342838,{img2sixel} --threads=1 --precision=float32 --quality=full '--loaders=builtin!' --sampling-policy=full-frame --binning-policy=hard --quantize-model=kmeans:seed=1:binbits=6 --merge-policy=none --cover-policy=off -Xoklab -Woklab --diffusion=fs:scan=raster --gpu-policy=off --lookup-policy=none --palette-type=rgb -p 252 --snap-policy=none --mapfile-output=act:{palette} {input},{lsqa} '--loaders=builtin!' {input} -
85a2674e53a2d7b75c6944b5a87b04ee9ea182b1,macOS-26.5.1-arm64-arm-64bit,natural-snake,natural photograph,252,oklab,OKLab,nearest-quarter,nearest / all / rate 0.25,True,nearest,all,0.25,0.85,0.994973,2.398071,2.313937,252,756,199,334,0.4417989417989418,0.4417989417989418,1,338191,{img2sixel} --threads=1 --precision=float32 --quality=full '--loaders=builtin!' --sampling-policy=full-frame --binning-policy=hard --quantize-model=kmeans:seed=1:binbits=6 --merge-policy=none --cover-policy=off -Xoklab -Woklab --diffusion=fs:scan=raster --gpu-policy=off --lookup-policy=none --palette-type=rgb -p 252 --snap-policy=nearest:timing=all:rate=0.25:channel_l=0.85 --mapfile-output=act:{palette} {input},{lsqa} '--loaders=builtin!' {input} -
85a2674e53a2d7b75c6944b5a87b04ee9ea182b1,macOS-26.5.1-arm64-arm-64bit,natural-snake,natural photograph,252,oklab,OKLab,nearest-once,nearest / once / rate 1,True,nearest,once,1.0,0.85,0.994923,2.422767,2.340891,252,756,0,0,0.0,0.0,0,346036,{img2sixel} --threads=1 --precision=float32 --quality=full '--loaders=builtin!' --sampling-policy=full-frame --binning-policy=hard --quantize-model=kmeans:seed=1:binbits=6 --merge-policy=none --cover-policy=off -Xoklab -Woklab --diffusion=fs:scan=raster --gpu-policy=off --lookup-policy=none --palette-type=rgb -p 252 --snap-policy=nearest:timing=once:rate=1:channel_l=0.85 --mapfile-output=act:{palette} {input},{lsqa} '--loaders=builtin!' {input} -
85a2674e53a2d7b75c6944b5a87b04ee9ea182b1,macOS-26.5.1-arm64-arm-64bit,natural-snake,natural photograph,252,oklab,OKLab,nearest-all,nearest / all / rate 1,True,nearest,all,1.0,0.85,0.995028,2.422678,2.350637,252,756,0,0,0.0,0.0,0,348934,{img2sixel} --threads=1 --precision=float32 --quality=full '--loaders=builtin!' --sampling-policy=full-frame --binning-policy=hard --quantize-model=kmeans:seed=1:binbits=6 --merge-policy=none --cover-policy=off -Xoklab -Woklab --diffusion=fs:scan=raster --gpu-policy=off --lookup-policy=none --palette-type=rgb -p 252 --snap-policy=nearest:timing=all:rate=1:channel_l=0.85 --mapfile-output=act:{palette} {input},{lsqa} '--loaders=builtin!' {input} -
85a2674e53a2d7b75c6944b5a87b04ee9ea182b1,macOS-26.5.1-arm64-arm-64bit,natural-snake,natural photograph,252,oklab,OKLab,reversible-all,reversible / all / rate 1,True,reversible,all,1.0,0.85,0.994702,2.306378,2.335962,252,756,0,0,0.0,0.0,0,338488,{img2sixel} --threads=1 --precision=float32 --quality=full '--loaders=builtin!' --sampling-policy=full-frame --binning-policy=hard --quantize-model=kmeans:seed=1:binbits=6 --merge-policy=none --cover-policy=off -Xoklab -Woklab --diffusion=fs:scan=raster --gpu-policy=off --lookup-policy=none --palette-type=rgb -p 252 --snap-policy=reversible:timing=all:rate=1:channel_l=0.85 --mapfile-output=act:{palette} {input},{lsqa} '--loaders=builtin!' {input} -
85a2674e53a2d7b75c6944b5a87b04ee9ea182b1,macOS-26.5.1-arm64-arm-64bit,natural-snake,natural photograph,252,cielab,CIELAB,off,snap off,False,none,off,0.0,0.85,0.988716,2.180546,1.578383,252,756,236,450,0.5952380952380952,0.5952380952380952,1,344369,{img2sixel} --threads=1 --precision=float32 --quality=full '--loaders=builtin!' --sampling-policy=full-frame --binning-policy=hard --quantize-model=kmeans:seed=1:binbits=6 --merge-policy=none --cover-policy=off -Xcielab -Wcielab --diffusion=fs:scan=raster --gpu-policy=off --lookup-policy=none --palette-type=rgb -p 252 --snap-policy=none --mapfile-output=act:{palette} {input},{lsqa} '--loaders=builtin!' {input} -
85a2674e53a2d7b75c6944b5a87b04ee9ea182b1,macOS-26.5.1-arm64-arm-64bit,natural-snake,natural photograph,252,cielab,CIELAB,nearest-quarter,nearest / all / rate 0.25,True,nearest,all,0.25,0.85,0.988541,2.20608,1.658435,252,756,179,270,0.35714285714285715,0.35714285714285715,1,340002,{img2sixel} --threads=1 --precision=float32 --quality=full '--loaders=builtin!' --sampling-policy=full-frame --binning-policy=hard --quantize-model=kmeans:seed=1:binbits=6 --merge-policy=none --cover-policy=off -Xcielab -Wcielab --diffusion=fs:scan=raster --gpu-policy=off --lookup-policy=none --palette-type=rgb -p 252 --snap-policy=nearest:timing=all:rate=0.25:channel_l=0.85 --mapfile-output=act:{palette} {input},{lsqa} '--loaders=builtin!' {input} -
85a2674e53a2d7b75c6944b5a87b04ee9ea182b1,macOS-26.5.1-arm64-arm-64bit,natural-snake,natural photograph,252,cielab,CIELAB,nearest-once,nearest / once / rate 1,True,nearest,once,1.0,0.85,0.989051,2.144951,1.57364,252,756,0,0,0.0,0.0,0,343190,{img2sixel} --threads=1 --precision=float32 --quality=full '--loaders=builtin!' --sampling-policy=full-frame --binning-policy=hard --quantize-model=kmeans:seed=1:binbits=6 --merge-policy=none --cover-policy=off -Xcielab -Wcielab --diffusion=fs:scan=raster --gpu-policy=off --lookup-policy=none --palette-type=rgb -p 252 --snap-policy=nearest:timing=once:rate=1:channel_l=0.85 --mapfile-output=act:{palette} {input},{lsqa} '--loaders=builtin!' {input} -
85a2674e53a2d7b75c6944b5a87b04ee9ea182b1,macOS-26.5.1-arm64-arm-64bit,natural-snake,natural photograph,252,cielab,CIELAB,nearest-all,nearest / all / rate 1,True,nearest,all,1.0,0.85,0.989149,2.151236,1.625939,252,756,0,0,0.0,0.0,0,345466,{img2sixel} --threads=1 --precision=float32 --quality=full '--loaders=builtin!' --sampling-policy=full-frame --binning-policy=hard --quantize-model=kmeans:seed=1:binbits=6 --merge-policy=none --cover-policy=off -Xcielab -Wcielab --diffusion=fs:scan=raster --gpu-policy=off --lookup-policy=none --palette-type=rgb -p 252 --snap-policy=nearest:timing=all:rate=1:channel_l=0.85 --mapfile-output=act:{palette} {input},{lsqa} '--loaders=builtin!' {input} -
85a2674e53a2d7b75c6944b5a87b04ee9ea182b1,macOS-26.5.1-arm64-arm-64bit,natural-snake,natural photograph,252,cielab,CIELAB,reversible-all,reversible / all / rate 1,True,reversible,all,1.0,0.85,0.988657,2.13705,1.6172,252,756,0,0,0.0,0.0,0,341853,{img2sixel} --threads=1 --precision=float32 --quality=full '--loaders=builtin!' --sampling-policy=full-frame --binning-policy=hard --quantize-model=kmeans:seed=1:binbits=6 --merge-policy=none --cover-policy=off -Xcielab -Wcielab --diffusion=fs:scan=raster --gpu-policy=off --lookup-policy=none --palette-type=rgb -p 252 --snap-policy=reversible:timing=all:rate=1:channel_l=0.85 --mapfile-output=act:{palette} {input},{lsqa} '--loaders=builtin!' {input} -
85a2674e53a2d7b75c6944b5a87b04ee9ea182b1,macOS-26.5.1-arm64-arm-64bit,natural-snake,natural photograph,252,din99d,DIN99d,off,snap off,False,none,off,0.0,0.85,0.988802,2.124938,2.079949,252,756,240,457,0.6044973544973545,0.6044973544973545,1,336719,{img2sixel} --threads=1 --precision=float32 --quality=full '--loaders=builtin!' --sampling-policy=full-frame --binning-policy=hard --quantize-model=kmeans:seed=1:binbits=6 --merge-policy=none --cover-policy=off -Xdin99d -Wdin99d --diffusion=fs:scan=raster --gpu-policy=off --lookup-policy=none --palette-type=rgb -p 252 --snap-policy=none --mapfile-output=act:{palette} {input},{lsqa} '--loaders=builtin!' {input} -
85a2674e53a2d7b75c6944b5a87b04ee9ea182b1,macOS-26.5.1-arm64-arm-64bit,natural-snake,natural photograph,252,din99d,DIN99d,nearest-quarter,nearest / all / rate 0.25,True,nearest,all,0.25,0.85,0.989379,2.045896,2.023862,252,756,171,268,0.3544973544973545,0.3544973544973545,1,335873,{img2sixel} --threads=1 --precision=float32 --quality=full '--loaders=builtin!' --sampling-policy=full-frame --binning-policy=hard --quantize-model=kmeans:seed=1:binbits=6 --merge-policy=none --cover-policy=off -Xdin99d -Wdin99d --diffusion=fs:scan=raster --gpu-policy=off --lookup-policy=none --palette-type=rgb -p 252 --snap-policy=nearest:timing=all:rate=0.25:channel_l=0.85 --mapfile-output=act:{palette} {input},{lsqa} '--loaders=builtin!' {input} -
85a2674e53a2d7b75c6944b5a87b04ee9ea182b1,macOS-26.5.1-arm64-arm-64bit,natural-snake,natural photograph,252,din99d,DIN99d,nearest-once,nearest / once / rate 1,True,nearest,once,1.0,0.85,0.989241,2.086696,2.081788,252,756,0,0,0.0,0.0,0,334587,{img2sixel} --threads=1 --precision=float32 --quality=full '--loaders=builtin!' --sampling-policy=full-frame --binning-policy=hard --quantize-model=kmeans:seed=1:binbits=6 --merge-policy=none --cover-policy=off -Xdin99d -Wdin99d --diffusion=fs:scan=raster --gpu-policy=off --lookup-policy=none --palette-type=rgb -p 252 --snap-policy=nearest:timing=once:rate=1:channel_l=0.85 --mapfile-output=act:{palette} {input},{lsqa} '--loaders=builtin!' {input} -
85a2674e53a2d7b75c6944b5a87b04ee9ea182b1,macOS-26.5.1-arm64-arm-64bit,natural-snake,natural photograph,252,din99d,DIN99d,nearest-all,nearest / all / rate 1,True,nearest,all,1.0,0.85,0.988305,2.108738,2.036665,252,756,0,0,0.0,0.0,0,339003,{img2sixel} --threads=1 --precision=float32 --quality=full '--loaders=builtin!' --sampling-policy=full-frame --binning-policy=hard --quantize-model=kmeans:seed=1:binbits=6 --merge-policy=none --cover-policy=off -Xdin99d -Wdin99d --diffusion=fs:scan=raster --gpu-policy=off --lookup-policy=none --palette-type=rgb -p 252 --snap-policy=nearest:timing=all:rate=1:channel_l=0.85 --mapfile-output=act:{palette} {input},{lsqa} '--loaders=builtin!' {input} -
85a2674e53a2d7b75c6944b5a87b04ee9ea182b1,macOS-26.5.1-arm64-arm-64bit,natural-snake,natural photograph,252,din99d,DIN99d,reversible-all,reversible / all / rate 1,True,reversible,all,1.0,0.85,0.988004,2.124971,2.085465,252,756,0,0,0.0,0.0,0,337715,{img2sixel} --threads=1 --precision=float32 --quality=full '--loaders=builtin!' --sampling-policy=full-frame --binning-policy=hard --quantize-model=kmeans:seed=1:binbits=6 --merge-policy=none --cover-policy=off -Xdin99d -Wdin99d --diffusion=fs:scan=raster --gpu-policy=off --lookup-policy=none --palette-type=rgb -p 252 --snap-policy=reversible:timing=all:rate=1:channel_l=0.85 --mapfile-output=act:{palette} {input},{lsqa} '--loaders=builtin!' {input} -
85a2674e53a2d7b75c6944b5a87b04ee9ea182b1,macOS-26.5.1-arm64-arm-64bit,natural-snake,natural photograph,254,gamma,sRGB gamma,off,snap off,False,none,off,0.0,0.85,0.990641,2.277592,1.815976,254,762,236,472,0.6194225721784777,0.6194225721784777,1,313065,{img2sixel} --threads=1 --precision=float32 --quality=full '--loaders=builtin!' --sampling-policy=full-frame --binning-policy=hard --quantize-model=kmeans:seed=1:binbits=6 --merge-policy=none --cover-policy=off -Xgamma -Wgamma --diffusion=fs:scan=raster --gpu-policy=off --lookup-policy=none --palette-type=rgb -p 254 --snap-policy=none --mapfile-output=act:{palette} {input},{lsqa} '--loaders=builtin!' {input} -
85a2674e53a2d7b75c6944b5a87b04ee9ea182b1,macOS-26.5.1-arm64-arm-64bit,natural-snake,natural photograph,254,gamma,sRGB gamma,nearest-quarter,nearest / all / rate 0.25,True,nearest,all,0.25,0.85,0.991325,2.211231,1.77458,254,762,164,219,0.2874015748031496,0.2874015748031496,1,312858,{img2sixel} --threads=1 --precision=float32 --quality=full '--loaders=builtin!' --sampling-policy=full-frame --binning-policy=hard --quantize-model=kmeans:seed=1:binbits=6 --merge-policy=none --cover-policy=off -Xgamma -Wgamma --diffusion=fs:scan=raster --gpu-policy=off --lookup-policy=none --palette-type=rgb -p 254 --snap-policy=nearest:timing=all:rate=0.25:channel_l=0.85 --mapfile-output=act:{palette} {input},{lsqa} '--loaders=builtin!' {input} -
85a2674e53a2d7b75c6944b5a87b04ee9ea182b1,macOS-26.5.1-arm64-arm-64bit,natural-snake,natural photograph,254,gamma,sRGB gamma,nearest-once,nearest / once / rate 1,True,nearest,once,1.0,0.85,0.990407,2.272554,1.85179,254,762,0,0,0.0,0.0,0,314133,{img2sixel} --threads=1 --precision=float32 --quality=full '--loaders=builtin!' --sampling-policy=full-frame --binning-policy=hard --quantize-model=kmeans:seed=1:binbits=6 --merge-policy=none --cover-policy=off -Xgamma -Wgamma --diffusion=fs:scan=raster --gpu-policy=off --lookup-policy=none --palette-type=rgb -p 254 --snap-policy=nearest:timing=once:rate=1:channel_l=0.85 --mapfile-output=act:{palette} {input},{lsqa} '--loaders=builtin!' {input} -
85a2674e53a2d7b75c6944b5a87b04ee9ea182b1,macOS-26.5.1-arm64-arm-64bit,natural-snake,natural photograph,254,gamma,sRGB gamma,nearest-all,nearest / all / rate 1,True,nearest,all,1.0,0.85,0.991076,2.200265,1.878569,254,762,0,0,0.0,0.0,0,315250,{img2sixel} --threads=1 --precision=float32 --quality=full '--loaders=builtin!' --sampling-policy=full-frame --binning-policy=hard --quantize-model=kmeans:seed=1:binbits=6 --merge-policy=none --cover-policy=off -Xgamma -Wgamma --diffusion=fs:scan=raster --gpu-policy=off --lookup-policy=none --palette-type=rgb -p 254 --snap-policy=nearest:timing=all:rate=1:channel_l=0.85 --mapfile-output=act:{palette} {input},{lsqa} '--loaders=builtin!' {input} -
85a2674e53a2d7b75c6944b5a87b04ee9ea182b1,macOS-26.5.1-arm64-arm-64bit,natural-snake,natural photograph,254,gamma,sRGB gamma,reversible-all,reversible / all / rate 1,True,reversible,all,1.0,0.85,0.990029,2.313731,1.923237,254,762,0,0,0.0,0.0,0,314482,{img2sixel} --threads=1 --precision=float32 --quality=full '--loaders=builtin!' --sampling-policy=full-frame --binning-policy=hard --quantize-model=kmeans:seed=1:binbits=6 --merge-policy=none --cover-policy=off -Xgamma -Wgamma --diffusion=fs:scan=raster --gpu-policy=off --lookup-policy=none --palette-type=rgb -p 254 --snap-policy=reversible:timing=all:rate=1:channel_l=0.85 --mapfile-output=act:{palette} {input},{lsqa} '--loaders=builtin!' {input} -
85a2674e53a2d7b75c6944b5a87b04ee9ea182b1,macOS-26.5.1-arm64-arm-64bit,natural-snake,natural photograph,254,linear,linear RGB,off,snap off,False,none,off,0.0,0.85,0.992272,2.362802,2.653759,254,762,242,453,0.594488188976378,0.594488188976378,1,339791,{img2sixel} --threads=1 --precision=float32 --quality=full '--loaders=builtin!' --sampling-policy=full-frame --binning-policy=hard --quantize-model=kmeans:seed=1:binbits=6 --merge-policy=none --cover-policy=off -Xlinear -Wlinear --diffusion=fs:scan=raster --gpu-policy=off --lookup-policy=none --palette-type=rgb -p 254 --snap-policy=none --mapfile-output=act:{palette} {input},{lsqa} '--loaders=builtin!' {input} -
85a2674e53a2d7b75c6944b5a87b04ee9ea182b1,macOS-26.5.1-arm64-arm-64bit,natural-snake,natural photograph,254,linear,linear RGB,nearest-quarter,nearest / all / rate 0.25,True,nearest,all,0.25,0.85,0.992417,2.25868,2.558967,254,762,137,191,0.25065616797900264,0.25065616797900264,1,339278,{img2sixel} --threads=1 --precision=float32 --quality=full '--loaders=builtin!' --sampling-policy=full-frame --binning-policy=hard --quantize-model=kmeans:seed=1:binbits=6 --merge-policy=none --cover-policy=off -Xlinear -Wlinear --diffusion=fs:scan=raster --gpu-policy=off --lookup-policy=none --palette-type=rgb -p 254 --snap-policy=nearest:timing=all:rate=0.25:channel_l=0.85 --mapfile-output=act:{palette} {input},{lsqa} '--loaders=builtin!' {input} -
85a2674e53a2d7b75c6944b5a87b04ee9ea182b1,macOS-26.5.1-arm64-arm-64bit,natural-snake,natural photograph,254,linear,linear RGB,nearest-once,nearest / once / rate 1,True,nearest,once,1.0,0.85,0.992343,2.259638,2.533871,254,762,0,0,0.0,0.0,0,341124,{img2sixel} --threads=1 --precision=float32 --quality=full '--loaders=builtin!' --sampling-policy=full-frame --binning-policy=hard --quantize-model=kmeans:seed=1:binbits=6 --merge-policy=none --cover-policy=off -Xlinear -Wlinear --diffusion=fs:scan=raster --gpu-policy=off --lookup-policy=none --palette-type=rgb -p 254 --snap-policy=nearest:timing=once:rate=1:channel_l=0.85 --mapfile-output=act:{palette} {input},{lsqa} '--loaders=builtin!' {input} -
85a2674e53a2d7b75c6944b5a87b04ee9ea182b1,macOS-26.5.1-arm64-arm-64bit,natural-snake,natural photograph,254,linear,linear RGB,nearest-all,nearest / all / rate 1,True,nearest,all,1.0,0.85,0.99258,2.245844,2.557422,254,762,0,0,0.0,0.0,0,342520,{img2sixel} --threads=1 --precision=float32 --quality=full '--loaders=builtin!' --sampling-policy=full-frame --binning-policy=hard --quantize-model=kmeans:seed=1:binbits=6 --merge-policy=none --cover-policy=off -Xlinear -Wlinear --diffusion=fs:scan=raster --gpu-policy=off --lookup-policy=none --palette-type=rgb -p 254 --snap-policy=nearest:timing=all:rate=1:channel_l=0.85 --mapfile-output=act:{palette} {input},{lsqa} '--loaders=builtin!' {input} -
85a2674e53a2d7b75c6944b5a87b04ee9ea182b1,macOS-26.5.1-arm64-arm-64bit,natural-snake,natural photograph,254,linear,linear RGB,reversible-all,reversible / all / rate 1,True,reversible,all,1.0,0.85,0.991759,2.312924,2.589571,254,762,0,0,0.0,0.0,0,343734,{img2sixel} --threads=1 --precision=float32 --quality=full '--loaders=builtin!' --sampling-policy=full-frame --binning-policy=hard --quantize-model=kmeans:seed=1:binbits=6 --merge-policy=none --cover-policy=off -Xlinear -Wlinear --diffusion=fs:scan=raster --gpu-policy=off --lookup-policy=none --palette-type=rgb -p 254 --snap-policy=reversible:timing=all:rate=1:channel_l=0.85 --mapfile-output=act:{palette} {input},{lsqa} '--loaders=builtin!' {input} -
85a2674e53a2d7b75c6944b5a87b04ee9ea182b1,macOS-26.5.1-arm64-arm-64bit,natural-snake,natural photograph,254,oklab,OKLab,off,snap off,False,none,off,0.0,0.85,0.993968,2.396905,2.41411,254,762,238,432,0.5669291338582677,0.5669291338582677,1,344291,{img2sixel} --threads=1 --precision=float32 --quality=full '--loaders=builtin!' --sampling-policy=full-frame --binning-policy=hard --quantize-model=kmeans:seed=1:binbits=6 --merge-policy=none --cover-policy=off -Xoklab -Woklab --diffusion=fs:scan=raster --gpu-policy=off --lookup-policy=none --palette-type=rgb -p 254 --snap-policy=none --mapfile-output=act:{palette} {input},{lsqa} '--loaders=builtin!' {input} -
85a2674e53a2d7b75c6944b5a87b04ee9ea182b1,macOS-26.5.1-arm64-arm-64bit,natural-snake,natural photograph,254,oklab,OKLab,nearest-quarter,nearest / all / rate 0.25,True,nearest,all,0.25,0.85,0.994968,2.396444,2.310472,254,762,200,335,0.43963254593175854,0.43963254593175854,1,338518,{img2sixel} --threads=1 --precision=float32 --quality=full '--loaders=builtin!' --sampling-policy=full-frame --binning-policy=hard --quantize-model=kmeans:seed=1:binbits=6 --merge-policy=none --cover-policy=off -Xoklab -Woklab --diffusion=fs:scan=raster --gpu-policy=off --lookup-policy=none --palette-type=rgb -p 254 --snap-policy=nearest:timing=all:rate=0.25:channel_l=0.85 --mapfile-output=act:{palette} {input},{lsqa} '--loaders=builtin!' {input} -
85a2674e53a2d7b75c6944b5a87b04ee9ea182b1,macOS-26.5.1-arm64-arm-64bit,natural-snake,natural photograph,254,oklab,OKLab,nearest-once,nearest / once / rate 1,True,nearest,once,1.0,0.85,0.994888,2.428251,2.34807,254,762,0,0,0.0,0.0,0,346309,{img2sixel} --threads=1 --precision=float32 --quality=full '--loaders=builtin!' --sampling-policy=full-frame --binning-policy=hard --quantize-model=kmeans:seed=1:binbits=6 --merge-policy=none --cover-policy=off -Xoklab -Woklab --diffusion=fs:scan=raster --gpu-policy=off --lookup-policy=none --palette-type=rgb -p 254 --snap-policy=nearest:timing=once:rate=1:channel_l=0.85 --mapfile-output=act:{palette} {input},{lsqa} '--loaders=builtin!' {input} -
85a2674e53a2d7b75c6944b5a87b04ee9ea182b1,macOS-26.5.1-arm64-arm-64bit,natural-snake,natural photograph,254,oklab,OKLab,nearest-all,nearest / all / rate 1,True,nearest,all,1.0,0.85,0.995013,2.416744,2.345385,254,762,0,0,0.0,0.0,0,349693,{img2sixel} --threads=1 --precision=float32 --quality=full '--loaders=builtin!' --sampling-policy=full-frame --binning-policy=hard --quantize-model=kmeans:seed=1:binbits=6 --merge-policy=none --cover-policy=off -Xoklab -Woklab --diffusion=fs:scan=raster --gpu-policy=off --lookup-policy=none --palette-type=rgb -p 254 --snap-policy=nearest:timing=all:rate=1:channel_l=0.85 --mapfile-output=act:{palette} {input},{lsqa} '--loaders=builtin!' {input} -
85a2674e53a2d7b75c6944b5a87b04ee9ea182b1,macOS-26.5.1-arm64-arm-64bit,natural-snake,natural photograph,254,oklab,OKLab,reversible-all,reversible / all / rate 1,True,reversible,all,1.0,0.85,0.994716,2.308391,2.332839,254,762,0,0,0.0,0.0,0,340073,{img2sixel} --threads=1 --precision=float32 --quality=full '--loaders=builtin!' --sampling-policy=full-frame --binning-policy=hard --quantize-model=kmeans:seed=1:binbits=6 --merge-policy=none --cover-policy=off -Xoklab -Woklab --diffusion=fs:scan=raster --gpu-policy=off --lookup-policy=none --palette-type=rgb -p 254 --snap-policy=reversible:timing=all:rate=1:channel_l=0.85 --mapfile-output=act:{palette} {input},{lsqa} '--loaders=builtin!' {input} -
85a2674e53a2d7b75c6944b5a87b04ee9ea182b1,macOS-26.5.1-arm64-arm-64bit,natural-snake,natural photograph,254,cielab,CIELAB,off,snap off,False,none,off,0.0,0.85,0.988594,2.183083,1.581341,254,762,236,447,0.5866141732283464,0.5866141732283464,1,344638,{img2sixel} --threads=1 --precision=float32 --quality=full '--loaders=builtin!' --sampling-policy=full-frame --binning-policy=hard --quantize-model=kmeans:seed=1:binbits=6 --merge-policy=none --cover-policy=off -Xcielab -Wcielab --diffusion=fs:scan=raster --gpu-policy=off --lookup-policy=none --palette-type=rgb -p 254 --snap-policy=none --mapfile-output=act:{palette} {input},{lsqa} '--loaders=builtin!' {input} -
85a2674e53a2d7b75c6944b5a87b04ee9ea182b1,macOS-26.5.1-arm64-arm-64bit,natural-snake,natural photograph,254,cielab,CIELAB,nearest-quarter,nearest / all / rate 0.25,True,nearest,all,0.25,0.85,0.988763,2.203164,1.651601,254,762,176,261,0.3425196850393701,0.3425196850393701,1,341235,{img2sixel} --threads=1 --precision=float32 --quality=full '--loaders=builtin!' --sampling-policy=full-frame --binning-policy=hard --quantize-model=kmeans:seed=1:binbits=6 --merge-policy=none --cover-policy=off -Xcielab -Wcielab --diffusion=fs:scan=raster --gpu-policy=off --lookup-policy=none --palette-type=rgb -p 254 --snap-policy=nearest:timing=all:rate=0.25:channel_l=0.85 --mapfile-output=act:{palette} {input},{lsqa} '--loaders=builtin!' {input} -
85a2674e53a2d7b75c6944b5a87b04ee9ea182b1,macOS-26.5.1-arm64-arm-64bit,natural-snake,natural photograph,254,cielab,CIELAB,nearest-once,nearest / once / rate 1,True,nearest,once,1.0,0.85,0.988972,2.148909,1.573383,254,762,0,0,0.0,0.0,0,344425,{img2sixel} --threads=1 --precision=float32 --quality=full '--loaders=builtin!' --sampling-policy=full-frame --binning-policy=hard --quantize-model=kmeans:seed=1:binbits=6 --merge-policy=none --cover-policy=off -Xcielab -Wcielab --diffusion=fs:scan=raster --gpu-policy=off --lookup-policy=none --palette-type=rgb -p 254 --snap-policy=nearest:timing=once:rate=1:channel_l=0.85 --mapfile-output=act:{palette} {input},{lsqa} '--loaders=builtin!' {input} -
85a2674e53a2d7b75c6944b5a87b04ee9ea182b1,macOS-26.5.1-arm64-arm-64bit,natural-snake,natural photograph,254,cielab,CIELAB,nearest-all,nearest / all / rate 1,True,nearest,all,1.0,0.85,0.989204,2.143606,1.625691,254,762,0,0,0.0,0.0,0,345945,{img2sixel} --threads=1 --precision=float32 --quality=full '--loaders=builtin!' --sampling-policy=full-frame --binning-policy=hard --quantize-model=kmeans:seed=1:binbits=6 --merge-policy=none --cover-policy=off -Xcielab -Wcielab --diffusion=fs:scan=raster --gpu-policy=off --lookup-policy=none --palette-type=rgb -p 254 --snap-policy=nearest:timing=all:rate=1:channel_l=0.85 --mapfile-output=act:{palette} {input},{lsqa} '--loaders=builtin!' {input} -
85a2674e53a2d7b75c6944b5a87b04ee9ea182b1,macOS-26.5.1-arm64-arm-64bit,natural-snake,natural photograph,254,cielab,CIELAB,reversible-all,reversible / all / rate 1,True,reversible,all,1.0,0.85,0.988651,2.143091,1.617888,254,762,0,0,0.0,0.0,0,341837,{img2sixel} --threads=1 --precision=float32 --quality=full '--loaders=builtin!' --sampling-policy=full-frame --binning-policy=hard --quantize-model=kmeans:seed=1:binbits=6 --merge-policy=none --cover-policy=off -Xcielab -Wcielab --diffusion=fs:scan=raster --gpu-policy=off --lookup-policy=none --palette-type=rgb -p 254 --snap-policy=reversible:timing=all:rate=1:channel_l=0.85 --mapfile-output=act:{palette} {input},{lsqa} '--loaders=builtin!' {input} -
85a2674e53a2d7b75c6944b5a87b04ee9ea182b1,macOS-26.5.1-arm64-arm-64bit,natural-snake,natural photograph,254,din99d,DIN99d,off,snap off,False,none,off,0.0,0.85,0.988777,2.119833,2.069091,254,762,244,470,0.6167979002624672,0.6167979002624672,1,336938,{img2sixel} --threads=1 --precision=float32 --quality=full '--loaders=builtin!' --sampling-policy=full-frame --binning-policy=hard --quantize-model=kmeans:seed=1:binbits=6 --merge-policy=none --cover-policy=off -Xdin99d -Wdin99d --diffusion=fs:scan=raster --gpu-policy=off --lookup-policy=none --palette-type=rgb -p 254 --snap-policy=none --mapfile-output=act:{palette} {input},{lsqa} '--loaders=builtin!' {input} -
85a2674e53a2d7b75c6944b5a87b04ee9ea182b1,macOS-26.5.1-arm64-arm-64bit,natural-snake,natural photograph,254,din99d,DIN99d,nearest-quarter,nearest / all / rate 0.25,True,nearest,all,0.25,0.85,0.989403,2.044474,2.021159,254,762,170,274,0.35958005249343833,0.35958005249343833,1,336065,{img2sixel} --threads=1 --precision=float32 --quality=full '--loaders=builtin!' --sampling-policy=full-frame --binning-policy=hard --quantize-model=kmeans:seed=1:binbits=6 --merge-policy=none --cover-policy=off -Xdin99d -Wdin99d --diffusion=fs:scan=raster --gpu-policy=off --lookup-policy=none --palette-type=rgb -p 254 --snap-policy=nearest:timing=all:rate=0.25:channel_l=0.85 --mapfile-output=act:{palette} {input},{lsqa} '--loaders=builtin!' {input} -
85a2674e53a2d7b75c6944b5a87b04ee9ea182b1,macOS-26.5.1-arm64-arm-64bit,natural-snake,natural photograph,254,din99d,DIN99d,nearest-once,nearest / once / rate 1,True,nearest,once,1.0,0.85,0.989409,2.076677,2.076808,254,762,0,0,0.0,0.0,0,335182,{img2sixel} --threads=1 --precision=float32 --quality=full '--loaders=builtin!' --sampling-policy=full-frame --binning-policy=hard --quantize-model=kmeans:seed=1:binbits=6 --merge-policy=none --cover-policy=off -Xdin99d -Wdin99d --diffusion=fs:scan=raster --gpu-policy=off --lookup-policy=none --palette-type=rgb -p 254 --snap-policy=nearest:timing=once:rate=1:channel_l=0.85 --mapfile-output=act:{palette} {input},{lsqa} '--loaders=builtin!' {input} -
85a2674e53a2d7b75c6944b5a87b04ee9ea182b1,macOS-26.5.1-arm64-arm-64bit,natural-snake,natural photograph,254,din99d,DIN99d,nearest-all,nearest / all / rate 1,True,nearest,all,1.0,0.85,0.987975,2.106172,2.039113,254,762,0,0,0.0,0.0,0,339995,{img2sixel} --threads=1 --precision=float32 --quality=full '--loaders=builtin!' --sampling-policy=full-frame --binning-policy=hard --quantize-model=kmeans:seed=1:binbits=6 --merge-policy=none --cover-policy=off -Xdin99d -Wdin99d --diffusion=fs:scan=raster --gpu-policy=off --lookup-policy=none --palette-type=rgb -p 254 --snap-policy=nearest:timing=all:rate=1:channel_l=0.85 --mapfile-output=act:{palette} {input},{lsqa} '--loaders=builtin!' {input} -
85a2674e53a2d7b75c6944b5a87b04ee9ea182b1,macOS-26.5.1-arm64-arm-64bit,natural-snake,natural photograph,254,din99d,DIN99d,reversible-all,reversible / all / rate 1,True,reversible,all,1.0,0.85,0.987946,2.123989,2.086544,254,762,0,0,0.0,0.0,0,338247,{img2sixel} --threads=1 --precision=float32 --quality=full '--loaders=builtin!' --sampling-policy=full-frame --binning-policy=hard --quantize-model=kmeans:seed=1:binbits=6 --merge-policy=none --cover-policy=off -Xdin99d -Wdin99d --diffusion=fs:scan=raster --gpu-policy=off --lookup-policy=none --palette-type=rgb -p 254 --snap-policy=reversible:timing=all:rate=1:channel_l=0.85 --mapfile-output=act:{palette} {input},{lsqa} '--loaders=builtin!' {input} -
85a2674e53a2d7b75c6944b5a87b04ee9ea182b1,macOS-26.5.1-arm64-arm-64bit,natural-snake,natural photograph,256,gamma,sRGB gamma,off,snap off,False,none,off,0.0,0.85,0.99088,2.281684,1.825853,256,768,235,460,0.5989583333333334,0.5989583333333334,1,312786,{img2sixel} --threads=1 --precision=float32 --quality=full '--loaders=builtin!' --sampling-policy=full-frame --binning-policy=hard --quantize-model=kmeans:seed=1:binbits=6 --merge-policy=none --cover-policy=off -Xgamma -Wgamma --diffusion=fs:scan=raster --gpu-policy=off --lookup-policy=none --palette-type=rgb -p 256 --snap-policy=none --mapfile-output=act:{palette} {input},{lsqa} '--loaders=builtin!' {input} -
85a2674e53a2d7b75c6944b5a87b04ee9ea182b1,macOS-26.5.1-arm64-arm-64bit,natural-snake,natural photograph,256,gamma,sRGB gamma,nearest-quarter,nearest / all / rate 0.25,True,nearest,all,0.25,0.85,0.991376,2.205802,1.766243,256,768,172,230,0.2994791666666667,0.2994791666666667,1,312997,{img2sixel} --threads=1 --precision=float32 --quality=full '--loaders=builtin!' --sampling-policy=full-frame --binning-policy=hard --quantize-model=kmeans:seed=1:binbits=6 --merge-policy=none --cover-policy=off -Xgamma -Wgamma --diffusion=fs:scan=raster --gpu-policy=off --lookup-policy=none --palette-type=rgb -p 256 --snap-policy=nearest:timing=all:rate=0.25:channel_l=0.85 --mapfile-output=act:{palette} {input},{lsqa} '--loaders=builtin!' {input} -
85a2674e53a2d7b75c6944b5a87b04ee9ea182b1,macOS-26.5.1-arm64-arm-64bit,natural-snake,natural photograph,256,gamma,sRGB gamma,nearest-once,nearest / once / rate 1,True,nearest,once,1.0,0.85,0.990586,2.274371,1.852304,256,768,0,0,0.0,0.0,0,314204,{img2sixel} --threads=1 --precision=float32 --quality=full '--loaders=builtin!' --sampling-policy=full-frame --binning-policy=hard --quantize-model=kmeans:seed=1:binbits=6 --merge-policy=none --cover-policy=off -Xgamma -Wgamma --diffusion=fs:scan=raster --gpu-policy=off --lookup-policy=none --palette-type=rgb -p 256 --snap-policy=nearest:timing=once:rate=1:channel_l=0.85 --mapfile-output=act:{palette} {input},{lsqa} '--loaders=builtin!' {input} -
85a2674e53a2d7b75c6944b5a87b04ee9ea182b1,macOS-26.5.1-arm64-arm-64bit,natural-snake,natural photograph,256,gamma,sRGB gamma,nearest-all,nearest / all / rate 1,True,nearest,all,1.0,0.85,0.99103,2.199674,1.877855,256,768,0,0,0.0,0.0,0,314710,{img2sixel} --threads=1 --precision=float32 --quality=full '--loaders=builtin!' --sampling-policy=full-frame --binning-policy=hard --quantize-model=kmeans:seed=1:binbits=6 --merge-policy=none --cover-policy=off -Xgamma -Wgamma --diffusion=fs:scan=raster --gpu-policy=off --lookup-policy=none --palette-type=rgb -p 256 --snap-policy=nearest:timing=all:rate=1:channel_l=0.85 --mapfile-output=act:{palette} {input},{lsqa} '--loaders=builtin!' {input} -
85a2674e53a2d7b75c6944b5a87b04ee9ea182b1,macOS-26.5.1-arm64-arm-64bit,natural-snake,natural photograph,256,gamma,sRGB gamma,reversible-all,reversible / all / rate 1,True,reversible,all,1.0,0.85,0.990123,2.301903,1.896011,256,768,0,0,0.0,0.0,0,315098,{img2sixel} --threads=1 --precision=float32 --quality=full '--loaders=builtin!' --sampling-policy=full-frame --binning-policy=hard --quantize-model=kmeans:seed=1:binbits=6 --merge-policy=none --cover-policy=off -Xgamma -Wgamma --diffusion=fs:scan=raster --gpu-policy=off --lookup-policy=none --palette-type=rgb -p 256 --snap-policy=reversible:timing=all:rate=1:channel_l=0.85 --mapfile-output=act:{palette} {input},{lsqa} '--loaders=builtin!' {input} -
85a2674e53a2d7b75c6944b5a87b04ee9ea182b1,macOS-26.5.1-arm64-arm-64bit,natural-snake,natural photograph,256,linear,linear RGB,off,snap off,False,none,off,0.0,0.85,0.992531,2.356379,2.66133,256,768,242,443,0.5768229166666666,0.5768229166666666,1,340161,{img2sixel} --threads=1 --precision=float32 --quality=full '--loaders=builtin!' --sampling-policy=full-frame --binning-policy=hard --quantize-model=kmeans:seed=1:binbits=6 --merge-policy=none --cover-policy=off -Xlinear -Wlinear --diffusion=fs:scan=raster --gpu-policy=off --lookup-policy=none --palette-type=rgb -p 256 --snap-policy=none --mapfile-output=act:{palette} {input},{lsqa} '--loaders=builtin!' {input} -
85a2674e53a2d7b75c6944b5a87b04ee9ea182b1,macOS-26.5.1-arm64-arm-64bit,natural-snake,natural photograph,256,linear,linear RGB,nearest-quarter,nearest / all / rate 0.25,True,nearest,all,0.25,0.85,0.992618,2.250561,2.543149,256,768,140,191,0.24869791666666666,0.24869791666666666,1,339213,{img2sixel} --threads=1 --precision=float32 --quality=full '--loaders=builtin!' --sampling-policy=full-frame --binning-policy=hard --quantize-model=kmeans:seed=1:binbits=6 --merge-policy=none --cover-policy=off -Xlinear -Wlinear --diffusion=fs:scan=raster --gpu-policy=off --lookup-policy=none --palette-type=rgb -p 256 --snap-policy=nearest:timing=all:rate=0.25:channel_l=0.85 --mapfile-output=act:{palette} {input},{lsqa} '--loaders=builtin!' {input} -
85a2674e53a2d7b75c6944b5a87b04ee9ea182b1,macOS-26.5.1-arm64-arm-64bit,natural-snake,natural photograph,256,linear,linear RGB,nearest-once,nearest / once / rate 1,True,nearest,once,1.0,0.85,0.99251,2.26673,2.54478,256,768,0,0,0.0,0.0,0,340372,{img2sixel} --threads=1 --precision=float32 --quality=full '--loaders=builtin!' --sampling-policy=full-frame --binning-policy=hard --quantize-model=kmeans:seed=1:binbits=6 --merge-policy=none --cover-policy=off -Xlinear -Wlinear --diffusion=fs:scan=raster --gpu-policy=off --lookup-policy=none --palette-type=rgb -p 256 --snap-policy=nearest:timing=once:rate=1:channel_l=0.85 --mapfile-output=act:{palette} {input},{lsqa} '--loaders=builtin!' {input} -
85a2674e53a2d7b75c6944b5a87b04ee9ea182b1,macOS-26.5.1-arm64-arm-64bit,natural-snake,natural photograph,256,linear,linear RGB,nearest-all,nearest / all / rate 1,True,nearest,all,1.0,0.85,0.992399,2.252994,2.558801,256,768,0,0,0.0,0.0,0,342371,{img2sixel} --threads=1 --precision=float32 --quality=full '--loaders=builtin!' --sampling-policy=full-frame --binning-policy=hard --quantize-model=kmeans:seed=1:binbits=6 --merge-policy=none --cover-policy=off -Xlinear -Wlinear --diffusion=fs:scan=raster --gpu-policy=off --lookup-policy=none --palette-type=rgb -p 256 --snap-policy=nearest:timing=all:rate=1:channel_l=0.85 --mapfile-output=act:{palette} {input},{lsqa} '--loaders=builtin!' {input} -
85a2674e53a2d7b75c6944b5a87b04ee9ea182b1,macOS-26.5.1-arm64-arm-64bit,natural-snake,natural photograph,256,linear,linear RGB,reversible-all,reversible / all / rate 1,True,reversible,all,1.0,0.85,0.992096,2.305748,2.595737,256,768,0,0,0.0,0.0,0,343447,{img2sixel} --threads=1 --precision=float32 --quality=full '--loaders=builtin!' --sampling-policy=full-frame --binning-policy=hard --quantize-model=kmeans:seed=1:binbits=6 --merge-policy=none --cover-policy=off -Xlinear -Wlinear --diffusion=fs:scan=raster --gpu-policy=off --lookup-policy=none --palette-type=rgb -p 256 --snap-policy=reversible:timing=all:rate=1:channel_l=0.85 --mapfile-output=act:{palette} {input},{lsqa} '--loaders=builtin!' {input} -
85a2674e53a2d7b75c6944b5a87b04ee9ea182b1,macOS-26.5.1-arm64-arm-64bit,natural-snake,natural photograph,256,oklab,OKLab,off,snap off,False,none,off,0.0,0.85,0.994124,2.372092,2.396683,256,768,239,435,0.56640625,0.56640625,1,345177,{img2sixel} --threads=1 --precision=float32 --quality=full '--loaders=builtin!' --sampling-policy=full-frame --binning-policy=hard --quantize-model=kmeans:seed=1:binbits=6 --merge-policy=none --cover-policy=off -Xoklab -Woklab --diffusion=fs:scan=raster --gpu-policy=off --lookup-policy=none --palette-type=rgb -p 256 --snap-policy=none --mapfile-output=act:{palette} {input},{lsqa} '--loaders=builtin!' {input} -
85a2674e53a2d7b75c6944b5a87b04ee9ea182b1,macOS-26.5.1-arm64-arm-64bit,natural-snake,natural photograph,256,oklab,OKLab,nearest-quarter,nearest / all / rate 0.25,True,nearest,all,0.25,0.85,0.994927,2.390738,2.301332,256,768,201,338,0.4401041666666667,0.4401041666666667,1,340360,{img2sixel} --threads=1 --precision=float32 --quality=full '--loaders=builtin!' --sampling-policy=full-frame --binning-policy=hard --quantize-model=kmeans:seed=1:binbits=6 --merge-policy=none --cover-policy=off -Xoklab -Woklab --diffusion=fs:scan=raster --gpu-policy=off --lookup-policy=none --palette-type=rgb -p 256 --snap-policy=nearest:timing=all:rate=0.25:channel_l=0.85 --mapfile-output=act:{palette} {input},{lsqa} '--loaders=builtin!' {input} -
85a2674e53a2d7b75c6944b5a87b04ee9ea182b1,macOS-26.5.1-arm64-arm-64bit,natural-snake,natural photograph,256,oklab,OKLab,nearest-once,nearest / once / rate 1,True,nearest,once,1.0,0.85,0.994944,2.425881,2.343509,256,768,0,0,0.0,0.0,0,347198,{img2sixel} --threads=1 --precision=float32 --quality=full '--loaders=builtin!' --sampling-policy=full-frame --binning-policy=hard --quantize-model=kmeans:seed=1:binbits=6 --merge-policy=none --cover-policy=off -Xoklab -Woklab --diffusion=fs:scan=raster --gpu-policy=off --lookup-policy=none --palette-type=rgb -p 256 --snap-policy=nearest:timing=once:rate=1:channel_l=0.85 --mapfile-output=act:{palette} {input},{lsqa} '--loaders=builtin!' {input} -
85a2674e53a2d7b75c6944b5a87b04ee9ea182b1,macOS-26.5.1-arm64-arm-64bit,natural-snake,natural photograph,256,oklab,OKLab,nearest-all,nearest / all / rate 1,True,nearest,all,1.0,0.85,0.995108,2.387392,2.351332,256,768,0,0,0.0,0.0,0,349284,{img2sixel} --threads=1 --precision=float32 --quality=full '--loaders=builtin!' --sampling-policy=full-frame --binning-policy=hard --quantize-model=kmeans:seed=1:binbits=6 --merge-policy=none --cover-policy=off -Xoklab -Woklab --diffusion=fs:scan=raster --gpu-policy=off --lookup-policy=none --palette-type=rgb -p 256 --snap-policy=nearest:timing=all:rate=1:channel_l=0.85 --mapfile-output=act:{palette} {input},{lsqa} '--loaders=builtin!' {input} -
85a2674e53a2d7b75c6944b5a87b04ee9ea182b1,macOS-26.5.1-arm64-arm-64bit,natural-snake,natural photograph,256,oklab,OKLab,reversible-all,reversible / all / rate 1,True,reversible,all,1.0,0.85,0.994702,2.296362,2.332333,256,768,0,0,0.0,0.0,0,340461,{img2sixel} --threads=1 --precision=float32 --quality=full '--loaders=builtin!' --sampling-policy=full-frame --binning-policy=hard --quantize-model=kmeans:seed=1:binbits=6 --merge-policy=none --cover-policy=off -Xoklab -Woklab --diffusion=fs:scan=raster --gpu-policy=off --lookup-policy=none --palette-type=rgb -p 256 --snap-policy=reversible:timing=all:rate=1:channel_l=0.85 --mapfile-output=act:{palette} {input},{lsqa} '--loaders=builtin!' {input} -
85a2674e53a2d7b75c6944b5a87b04ee9ea182b1,macOS-26.5.1-arm64-arm-64bit,natural-snake,natural photograph,256,cielab,CIELAB,off,snap off,False,none,off,0.0,0.85,0.988501,2.175621,1.574642,256,768,238,458,0.5963541666666666,0.5963541666666666,1,346346,{img2sixel} --threads=1 --precision=float32 --quality=full '--loaders=builtin!' --sampling-policy=full-frame --binning-policy=hard --quantize-model=kmeans:seed=1:binbits=6 --merge-policy=none --cover-policy=off -Xcielab -Wcielab --diffusion=fs:scan=raster --gpu-policy=off --lookup-policy=none --palette-type=rgb -p 256 --snap-policy=none --mapfile-output=act:{palette} {input},{lsqa} '--loaders=builtin!' {input} -
85a2674e53a2d7b75c6944b5a87b04ee9ea182b1,macOS-26.5.1-arm64-arm-64bit,natural-snake,natural photograph,256,cielab,CIELAB,nearest-quarter,nearest / all / rate 0.25,True,nearest,all,0.25,0.85,0.989022,2.191139,1.653975,256,768,178,272,0.3541666666666667,0.3541666666666667,1,341493,{img2sixel} --threads=1 --precision=float32 --quality=full '--loaders=builtin!' --sampling-policy=full-frame --binning-policy=hard --quantize-model=kmeans:seed=1:binbits=6 --merge-policy=none --cover-policy=off -Xcielab -Wcielab --diffusion=fs:scan=raster --gpu-policy=off --lookup-policy=none --palette-type=rgb -p 256 --snap-policy=nearest:timing=all:rate=0.25:channel_l=0.85 --mapfile-output=act:{palette} {input},{lsqa} '--loaders=builtin!' {input} -
85a2674e53a2d7b75c6944b5a87b04ee9ea182b1,macOS-26.5.1-arm64-arm-64bit,natural-snake,natural photograph,256,cielab,CIELAB,nearest-once,nearest / once / rate 1,True,nearest,once,1.0,0.85,0.989102,2.139901,1.571133,256,768,0,0,0.0,0.0,0,345804,{img2sixel} --threads=1 --precision=float32 --quality=full '--loaders=builtin!' --sampling-policy=full-frame --binning-policy=hard --quantize-model=kmeans:seed=1:binbits=6 --merge-policy=none --cover-policy=off -Xcielab -Wcielab --diffusion=fs:scan=raster --gpu-policy=off --lookup-policy=none --palette-type=rgb -p 256 --snap-policy=nearest:timing=once:rate=1:channel_l=0.85 --mapfile-output=act:{palette} {input},{lsqa} '--loaders=builtin!' {input} -
85a2674e53a2d7b75c6944b5a87b04ee9ea182b1,macOS-26.5.1-arm64-arm-64bit,natural-snake,natural photograph,256,cielab,CIELAB,nearest-all,nearest / all / rate 1,True,nearest,all,1.0,0.85,0.98936,2.130413,1.604291,256,768,0,0,0.0,0.0,0,346356,{img2sixel} --threads=1 --precision=float32 --quality=full '--loaders=builtin!' --sampling-policy=full-frame --binning-policy=hard --quantize-model=kmeans:seed=1:binbits=6 --merge-policy=none --cover-policy=off -Xcielab -Wcielab --diffusion=fs:scan=raster --gpu-policy=off --lookup-policy=none --palette-type=rgb -p 256 --snap-policy=nearest:timing=all:rate=1:channel_l=0.85 --mapfile-output=act:{palette} {input},{lsqa} '--loaders=builtin!' {input} -
85a2674e53a2d7b75c6944b5a87b04ee9ea182b1,macOS-26.5.1-arm64-arm-64bit,natural-snake,natural photograph,256,cielab,CIELAB,reversible-all,reversible / all / rate 1,True,reversible,all,1.0,0.85,0.988793,2.134556,1.625579,256,768,0,0,0.0,0.0,0,343909,{img2sixel} --threads=1 --precision=float32 --quality=full '--loaders=builtin!' --sampling-policy=full-frame --binning-policy=hard --quantize-model=kmeans:seed=1:binbits=6 --merge-policy=none --cover-policy=off -Xcielab -Wcielab --diffusion=fs:scan=raster --gpu-policy=off --lookup-policy=none --palette-type=rgb -p 256 --snap-policy=reversible:timing=all:rate=1:channel_l=0.85 --mapfile-output=act:{palette} {input},{lsqa} '--loaders=builtin!' {input} -
85a2674e53a2d7b75c6944b5a87b04ee9ea182b1,macOS-26.5.1-arm64-arm-64bit,natural-snake,natural photograph,256,din99d,DIN99d,off,snap off,False,none,off,0.0,0.85,0.988785,2.132517,2.088656,256,768,244,462,0.6015625,0.6015625,1,337200,{img2sixel} --threads=1 --precision=float32 --quality=full '--loaders=builtin!' --sampling-policy=full-frame --binning-policy=hard --quantize-model=kmeans:seed=1:binbits=6 --merge-policy=none --cover-policy=off -Xdin99d -Wdin99d --diffusion=fs:scan=raster --gpu-policy=off --lookup-policy=none --palette-type=rgb -p 256 --snap-policy=none --mapfile-output=act:{palette} {input},{lsqa} '--loaders=builtin!' {input} -
85a2674e53a2d7b75c6944b5a87b04ee9ea182b1,macOS-26.5.1-arm64-arm-64bit,natural-snake,natural photograph,256,din99d,DIN99d,nearest-quarter,nearest / all / rate 0.25,True,nearest,all,0.25,0.85,0.989584,2.047805,2.024474,256,768,174,278,0.3619791666666667,0.3619791666666667,1,336320,{img2sixel} --threads=1 --precision=float32 --quality=full '--loaders=builtin!' --sampling-policy=full-frame --binning-policy=hard --quantize-model=kmeans:seed=1:binbits=6 --merge-policy=none --cover-policy=off -Xdin99d -Wdin99d --diffusion=fs:scan=raster --gpu-policy=off --lookup-policy=none --palette-type=rgb -p 256 --snap-policy=nearest:timing=all:rate=0.25:channel_l=0.85 --mapfile-output=act:{palette} {input},{lsqa} '--loaders=builtin!' {input} -
85a2674e53a2d7b75c6944b5a87b04ee9ea182b1,macOS-26.5.1-arm64-arm-64bit,natural-snake,natural photograph,256,din99d,DIN99d,nearest-once,nearest / once / rate 1,True,nearest,once,1.0,0.85,0.989279,2.082315,2.07082,256,768,0,0,0.0,0.0,0,336414,{img2sixel} --threads=1 --precision=float32 --quality=full '--loaders=builtin!' --sampling-policy=full-frame --binning-policy=hard --quantize-model=kmeans:seed=1:binbits=6 --merge-policy=none --cover-policy=off -Xdin99d -Wdin99d --diffusion=fs:scan=raster --gpu-policy=off --lookup-policy=none --palette-type=rgb -p 256 --snap-policy=nearest:timing=once:rate=1:channel_l=0.85 --mapfile-output=act:{palette} {input},{lsqa} '--loaders=builtin!' {input} -
85a2674e53a2d7b75c6944b5a87b04ee9ea182b1,macOS-26.5.1-arm64-arm-64bit,natural-snake,natural photograph,256,din99d,DIN99d,nearest-all,nearest / all / rate 1,True,nearest,all,1.0,0.85,0.988122,2.102546,2.039455,256,768,0,0,0.0,0.0,0,339928,{img2sixel} --threads=1 --precision=float32 --quality=full '--loaders=builtin!' --sampling-policy=full-frame --binning-policy=hard --quantize-model=kmeans:seed=1:binbits=6 --merge-policy=none --cover-policy=off -Xdin99d -Wdin99d --diffusion=fs:scan=raster --gpu-policy=off --lookup-policy=none --palette-type=rgb -p 256 --snap-policy=nearest:timing=all:rate=1:channel_l=0.85 --mapfile-output=act:{palette} {input},{lsqa} '--loaders=builtin!' {input} -
85a2674e53a2d7b75c6944b5a87b04ee9ea182b1,macOS-26.5.1-arm64-arm-64bit,natural-snake,natural photograph,256,din99d,DIN99d,reversible-all,reversible / all / rate 1,True,reversible,all,1.0,0.85,0.988086,2.115421,2.077717,256,768,0,0,0.0,0.0,0,338076,{img2sixel} --threads=1 --precision=float32 --quality=full '--loaders=builtin!' --sampling-policy=full-frame --binning-policy=hard --quantize-model=kmeans:seed=1:binbits=6 --merge-policy=none --cover-policy=off -Xdin99d -Wdin99d --diffusion=fs:scan=raster --gpu-policy=off --lookup-policy=none --palette-type=rgb -p 256 --snap-policy=reversible:timing=all:rate=1:channel_l=0.85 --mapfile-output=act:{palette} {input},{lsqa} '--loaders=builtin!' {input} -
