revision,platform,fixture_id,fixture_label,colors,colorspace,colorspace_label,config,label,enabled,policy,timing,rate,channel_l,runs,median_seconds,q1_seconds,q3_seconds,min_seconds,max_seconds,time_ratio_vs_off,command
85a2674e53a2d7b75c6944b5a87b04ee9ea182b1,macOS-26.5.1-arm64-arm-64bit,natural-snake,natural photograph,200,gamma,sRGB gamma,off,snap off,False,none,off,0.0,0.85,9,0.1851884589996189,0.1834614999970654,0.18665716699615587,0.18272549999528565,0.1890320420061471,1.0,{img2sixel} --threads=1 --precision=float32 --quality=full '--loaders=builtin!' --sampling-policy=full-frame --binning-policy=hard --quantize-model=kmeans:seed=1:binbits=6 --merge-policy=none --cover-policy=off -Xgamma -Wgamma --diffusion=fs:scan=raster --gpu-policy=off --lookup-policy=none --palette-type=rgb -p 200 --snap-policy=none -o {devnull} {input}
85a2674e53a2d7b75c6944b5a87b04ee9ea182b1,macOS-26.5.1-arm64-arm-64bit,natural-snake,natural photograph,200,gamma,sRGB gamma,nearest-quarter,nearest / all / rate 0.25,True,nearest,all,0.25,0.85,9,0.1873654999944847,0.1871593749965541,0.18904962499800604,0.18460058300115634,0.19129870900360402,1.0117558135459743,{img2sixel} --threads=1 --precision=float32 --quality=full '--loaders=builtin!' --sampling-policy=full-frame --binning-policy=hard --quantize-model=kmeans:seed=1:binbits=6 --merge-policy=none --cover-policy=off -Xgamma -Wgamma --diffusion=fs:scan=raster --gpu-policy=off --lookup-policy=none --palette-type=rgb -p 200 --snap-policy=nearest:timing=all:rate=0.25:channel_l=0.85 -o {devnull} {input}
85a2674e53a2d7b75c6944b5a87b04ee9ea182b1,macOS-26.5.1-arm64-arm-64bit,natural-snake,natural photograph,200,gamma,sRGB gamma,nearest-once,nearest / once / rate 1,True,nearest,once,1.0,0.85,9,0.18558704199676868,0.1853654999868013,0.18580995799857192,0.18211199999495875,0.19279620800807606,1.0021523101347833,{img2sixel} --threads=1 --precision=float32 --quality=full '--loaders=builtin!' --sampling-policy=full-frame --binning-policy=hard --quantize-model=kmeans:seed=1:binbits=6 --merge-policy=none --cover-policy=off -Xgamma -Wgamma --diffusion=fs:scan=raster --gpu-policy=off --lookup-policy=none --palette-type=rgb -p 200 --snap-policy=nearest:timing=once:rate=1:channel_l=0.85 -o {devnull} {input}
85a2674e53a2d7b75c6944b5a87b04ee9ea182b1,macOS-26.5.1-arm64-arm-64bit,natural-snake,natural photograph,200,gamma,sRGB gamma,nearest-all,nearest / all / rate 1,True,nearest,all,1.0,0.85,9,0.18362145900027826,0.1824712920060847,0.18606783299765084,0.18178537499625236,0.1870110829913756,0.991538349593676,{img2sixel} --threads=1 --precision=float32 --quality=full '--loaders=builtin!' --sampling-policy=full-frame --binning-policy=hard --quantize-model=kmeans:seed=1:binbits=6 --merge-policy=none --cover-policy=off -Xgamma -Wgamma --diffusion=fs:scan=raster --gpu-policy=off --lookup-policy=none --palette-type=rgb -p 200 --snap-policy=nearest:timing=all:rate=1:channel_l=0.85 -o {devnull} {input}
85a2674e53a2d7b75c6944b5a87b04ee9ea182b1,macOS-26.5.1-arm64-arm-64bit,natural-snake,natural photograph,200,gamma,sRGB gamma,reversible-all,reversible / all / rate 1,True,reversible,all,1.0,0.85,9,0.18877491699822713,0.18639616599830333,0.1893595839937916,0.18567387499206234,0.19260837500041816,1.0193665308193727,{img2sixel} --threads=1 --precision=float32 --quality=full '--loaders=builtin!' --sampling-policy=full-frame --binning-policy=hard --quantize-model=kmeans:seed=1:binbits=6 --merge-policy=none --cover-policy=off -Xgamma -Wgamma --diffusion=fs:scan=raster --gpu-policy=off --lookup-policy=none --palette-type=rgb -p 200 --snap-policy=reversible:timing=all:rate=1:channel_l=0.85 -o {devnull} {input}
85a2674e53a2d7b75c6944b5a87b04ee9ea182b1,macOS-26.5.1-arm64-arm-64bit,natural-snake,natural photograph,200,linear,linear RGB,off,snap off,False,none,off,0.0,0.85,9,0.1732073750026757,0.1717717910069041,0.17470837500877678,0.17116837500361726,0.17617241699190345,1.0,{img2sixel} --threads=1 --precision=float32 --quality=full '--loaders=builtin!' --sampling-policy=full-frame --binning-policy=hard --quantize-model=kmeans:seed=1:binbits=6 --merge-policy=none --cover-policy=off -Xlinear -Wlinear --diffusion=fs:scan=raster --gpu-policy=off --lookup-policy=none --palette-type=rgb -p 200 --snap-policy=none -o {devnull} {input}
85a2674e53a2d7b75c6944b5a87b04ee9ea182b1,macOS-26.5.1-arm64-arm-64bit,natural-snake,natural photograph,200,linear,linear RGB,nearest-quarter,nearest / all / rate 0.25,True,nearest,all,0.25,0.85,9,0.1779340419889195,0.17528316599782556,0.17915875000471715,0.17428566700255033,0.18146937499113847,1.0272890631023694,{img2sixel} --threads=1 --precision=float32 --quality=full '--loaders=builtin!' --sampling-policy=full-frame --binning-policy=hard --quantize-model=kmeans:seed=1:binbits=6 --merge-policy=none --cover-policy=off -Xlinear -Wlinear --diffusion=fs:scan=raster --gpu-policy=off --lookup-policy=none --palette-type=rgb -p 200 --snap-policy=nearest:timing=all:rate=0.25:channel_l=0.85 -o {devnull} {input}
85a2674e53a2d7b75c6944b5a87b04ee9ea182b1,macOS-26.5.1-arm64-arm-64bit,natural-snake,natural photograph,200,linear,linear RGB,nearest-once,nearest / once / rate 1,True,nearest,once,1.0,0.85,9,0.1745790420100093,0.17182483299984597,0.17560654199041892,0.17104270799609367,0.1773355830082437,1.0079192182625734,{img2sixel} --threads=1 --precision=float32 --quality=full '--loaders=builtin!' --sampling-policy=full-frame --binning-policy=hard --quantize-model=kmeans:seed=1:binbits=6 --merge-policy=none --cover-policy=off -Xlinear -Wlinear --diffusion=fs:scan=raster --gpu-policy=off --lookup-policy=none --palette-type=rgb -p 200 --snap-policy=nearest:timing=once:rate=1:channel_l=0.85 -o {devnull} {input}
85a2674e53a2d7b75c6944b5a87b04ee9ea182b1,macOS-26.5.1-arm64-arm-64bit,natural-snake,natural photograph,200,linear,linear RGB,nearest-all,nearest / all / rate 1,True,nearest,all,1.0,0.85,9,0.17037929200159851,0.16926637500000652,0.17153583400067873,0.16772416701132897,0.17241312499390915,0.9836722714547605,{img2sixel} --threads=1 --precision=float32 --quality=full '--loaders=builtin!' --sampling-policy=full-frame --binning-policy=hard --quantize-model=kmeans:seed=1:binbits=6 --merge-policy=none --cover-policy=off -Xlinear -Wlinear --diffusion=fs:scan=raster --gpu-policy=off --lookup-policy=none --palette-type=rgb -p 200 --snap-policy=nearest:timing=all:rate=1:channel_l=0.85 -o {devnull} {input}
85a2674e53a2d7b75c6944b5a87b04ee9ea182b1,macOS-26.5.1-arm64-arm-64bit,natural-snake,natural photograph,200,linear,linear RGB,reversible-all,reversible / all / rate 1,True,reversible,all,1.0,0.85,9,0.16989016700244974,0.1669963330059545,0.17025512500549667,0.16569808400527108,0.17142637498909608,0.9808483443607716,{img2sixel} --threads=1 --precision=float32 --quality=full '--loaders=builtin!' --sampling-policy=full-frame --binning-policy=hard --quantize-model=kmeans:seed=1:binbits=6 --merge-policy=none --cover-policy=off -Xlinear -Wlinear --diffusion=fs:scan=raster --gpu-policy=off --lookup-policy=none --palette-type=rgb -p 200 --snap-policy=reversible:timing=all:rate=1:channel_l=0.85 -o {devnull} {input}
85a2674e53a2d7b75c6944b5a87b04ee9ea182b1,macOS-26.5.1-arm64-arm-64bit,natural-snake,natural photograph,200,oklab,OKLab,off,snap off,False,none,off,0.0,0.85,9,0.15551712500746362,0.1545778340077959,0.15704562500468455,0.1542429999972228,0.15923095800098963,1.0,{img2sixel} --threads=1 --precision=float32 --quality=full '--loaders=builtin!' --sampling-policy=full-frame --binning-policy=hard --quantize-model=kmeans:seed=1:binbits=6 --merge-policy=none --cover-policy=off -Xoklab -Woklab --diffusion=fs:scan=raster --gpu-policy=off --lookup-policy=none --palette-type=rgb -p 200 --snap-policy=none -o {devnull} {input}
85a2674e53a2d7b75c6944b5a87b04ee9ea182b1,macOS-26.5.1-arm64-arm-64bit,natural-snake,natural photograph,200,oklab,OKLab,nearest-quarter,nearest / all / rate 0.25,True,nearest,all,0.25,0.85,9,0.15842558300937526,0.15716275000886526,0.15932445898943115,0.15518175000033807,0.16003729199292138,1.018701850370318,{img2sixel} --threads=1 --precision=float32 --quality=full '--loaders=builtin!' --sampling-policy=full-frame --binning-policy=hard --quantize-model=kmeans:seed=1:binbits=6 --merge-policy=none --cover-policy=off -Xoklab -Woklab --diffusion=fs:scan=raster --gpu-policy=off --lookup-policy=none --palette-type=rgb -p 200 --snap-policy=nearest:timing=all:rate=0.25:channel_l=0.85 -o {devnull} {input}
85a2674e53a2d7b75c6944b5a87b04ee9ea182b1,macOS-26.5.1-arm64-arm-64bit,natural-snake,natural photograph,200,oklab,OKLab,nearest-once,nearest / once / rate 1,True,nearest,once,1.0,0.85,9,0.15514624999195803,0.15423862500756513,0.15588362500420772,0.15243533300235868,0.15708716699737124,0.9976152143020405,{img2sixel} --threads=1 --precision=float32 --quality=full '--loaders=builtin!' --sampling-policy=full-frame --binning-policy=hard --quantize-model=kmeans:seed=1:binbits=6 --merge-policy=none --cover-policy=off -Xoklab -Woklab --diffusion=fs:scan=raster --gpu-policy=off --lookup-policy=none --palette-type=rgb -p 200 --snap-policy=nearest:timing=once:rate=1:channel_l=0.85 -o {devnull} {input}
85a2674e53a2d7b75c6944b5a87b04ee9ea182b1,macOS-26.5.1-arm64-arm-64bit,natural-snake,natural photograph,200,oklab,OKLab,nearest-all,nearest / all / rate 1,True,nearest,all,1.0,0.85,9,0.1619589170004474,0.16015062500082422,0.16269687500607688,0.15924033299961593,0.16361574998882134,1.041421753345007,{img2sixel} --threads=1 --precision=float32 --quality=full '--loaders=builtin!' --sampling-policy=full-frame --binning-policy=hard --quantize-model=kmeans:seed=1:binbits=6 --merge-policy=none --cover-policy=off -Xoklab -Woklab --diffusion=fs:scan=raster --gpu-policy=off --lookup-policy=none --palette-type=rgb -p 200 --snap-policy=nearest:timing=all:rate=1:channel_l=0.85 -o {devnull} {input}
85a2674e53a2d7b75c6944b5a87b04ee9ea182b1,macOS-26.5.1-arm64-arm-64bit,natural-snake,natural photograph,200,oklab,OKLab,reversible-all,reversible / all / rate 1,True,reversible,all,1.0,0.85,9,0.155311458001961,0.1531775000039488,0.15574974998889957,0.1523624999972526,0.15708870900562033,0.9986775282433189,{img2sixel} --threads=1 --precision=float32 --quality=full '--loaders=builtin!' --sampling-policy=full-frame --binning-policy=hard --quantize-model=kmeans:seed=1:binbits=6 --merge-policy=none --cover-policy=off -Xoklab -Woklab --diffusion=fs:scan=raster --gpu-policy=off --lookup-policy=none --palette-type=rgb -p 200 --snap-policy=reversible:timing=all:rate=1:channel_l=0.85 -o {devnull} {input}
85a2674e53a2d7b75c6944b5a87b04ee9ea182b1,macOS-26.5.1-arm64-arm-64bit,natural-snake,natural photograph,200,cielab,CIELAB,off,snap off,False,none,off,0.0,0.85,9,0.15789270799723454,0.15682716599258129,0.15902212500805035,0.1552896250068443,0.15968625000095926,1.0,{img2sixel} --threads=1 --precision=float32 --quality=full '--loaders=builtin!' --sampling-policy=full-frame --binning-policy=hard --quantize-model=kmeans:seed=1:binbits=6 --merge-policy=none --cover-policy=off -Xcielab -Wcielab --diffusion=fs:scan=raster --gpu-policy=off --lookup-policy=none --palette-type=rgb -p 200 --snap-policy=none -o {devnull} {input}
85a2674e53a2d7b75c6944b5a87b04ee9ea182b1,macOS-26.5.1-arm64-arm-64bit,natural-snake,natural photograph,200,cielab,CIELAB,nearest-quarter,nearest / all / rate 0.25,True,nearest,all,0.25,0.85,9,0.15898912500415463,0.15807020899956115,0.1600510839925846,0.15741529200749937,0.1629596249986207,1.0069440636038702,{img2sixel} --threads=1 --precision=float32 --quality=full '--loaders=builtin!' --sampling-policy=full-frame --binning-policy=hard --quantize-model=kmeans:seed=1:binbits=6 --merge-policy=none --cover-policy=off -Xcielab -Wcielab --diffusion=fs:scan=raster --gpu-policy=off --lookup-policy=none --palette-type=rgb -p 200 --snap-policy=nearest:timing=all:rate=0.25:channel_l=0.85 -o {devnull} {input}
85a2674e53a2d7b75c6944b5a87b04ee9ea182b1,macOS-26.5.1-arm64-arm-64bit,natural-snake,natural photograph,200,cielab,CIELAB,nearest-once,nearest / once / rate 1,True,nearest,once,1.0,0.85,9,0.15698866599996109,0.15586274999077432,0.1577669580001384,0.15462279100029264,0.15959579100308474,0.994274327112755,{img2sixel} --threads=1 --precision=float32 --quality=full '--loaders=builtin!' --sampling-policy=full-frame --binning-policy=hard --quantize-model=kmeans:seed=1:binbits=6 --merge-policy=none --cover-policy=off -Xcielab -Wcielab --diffusion=fs:scan=raster --gpu-policy=off --lookup-policy=none --palette-type=rgb -p 200 --snap-policy=nearest:timing=once:rate=1:channel_l=0.85 -o {devnull} {input}
85a2674e53a2d7b75c6944b5a87b04ee9ea182b1,macOS-26.5.1-arm64-arm-64bit,natural-snake,natural photograph,200,cielab,CIELAB,nearest-all,nearest / all / rate 1,True,nearest,all,1.0,0.85,9,0.16464816599909682,0.1638985840108944,0.16586945799645036,0.1622953340120148,0.1664434170088498,1.0427851171061084,{img2sixel} --threads=1 --precision=float32 --quality=full '--loaders=builtin!' --sampling-policy=full-frame --binning-policy=hard --quantize-model=kmeans:seed=1:binbits=6 --merge-policy=none --cover-policy=off -Xcielab -Wcielab --diffusion=fs:scan=raster --gpu-policy=off --lookup-policy=none --palette-type=rgb -p 200 --snap-policy=nearest:timing=all:rate=1:channel_l=0.85 -o {devnull} {input}
85a2674e53a2d7b75c6944b5a87b04ee9ea182b1,macOS-26.5.1-arm64-arm-64bit,natural-snake,natural photograph,200,cielab,CIELAB,reversible-all,reversible / all / rate 1,True,reversible,all,1.0,0.85,9,0.1616564589930931,0.15996858300059102,0.163255500010564,0.15931054200336803,0.16381520799768623,1.0238373959355014,{img2sixel} --threads=1 --precision=float32 --quality=full '--loaders=builtin!' --sampling-policy=full-frame --binning-policy=hard --quantize-model=kmeans:seed=1:binbits=6 --merge-policy=none --cover-policy=off -Xcielab -Wcielab --diffusion=fs:scan=raster --gpu-policy=off --lookup-policy=none --palette-type=rgb -p 200 --snap-policy=reversible:timing=all:rate=1:channel_l=0.85 -o {devnull} {input}
85a2674e53a2d7b75c6944b5a87b04ee9ea182b1,macOS-26.5.1-arm64-arm-64bit,natural-snake,natural photograph,200,din99d,DIN99d,off,snap off,False,none,off,0.0,0.85,9,0.1764439160033362,0.17429812499904074,0.17807925000670366,0.17337641600170173,0.18130995800311211,1.0,{img2sixel} --threads=1 --precision=float32 --quality=full '--loaders=builtin!' --sampling-policy=full-frame --binning-policy=hard --quantize-model=kmeans:seed=1:binbits=6 --merge-policy=none --cover-policy=off -Xdin99d -Wdin99d --diffusion=fs:scan=raster --gpu-policy=off --lookup-policy=none --palette-type=rgb -p 200 --snap-policy=none -o {devnull} {input}
85a2674e53a2d7b75c6944b5a87b04ee9ea182b1,macOS-26.5.1-arm64-arm-64bit,natural-snake,natural photograph,200,din99d,DIN99d,nearest-quarter,nearest / all / rate 0.25,True,nearest,all,0.25,0.85,9,0.18340645798889454,0.18201458400289994,0.18405154200445395,0.17951420799363405,0.18504700000630692,1.0394603687294421,{img2sixel} --threads=1 --precision=float32 --quality=full '--loaders=builtin!' --sampling-policy=full-frame --binning-policy=hard --quantize-model=kmeans:seed=1:binbits=6 --merge-policy=none --cover-policy=off -Xdin99d -Wdin99d --diffusion=fs:scan=raster --gpu-policy=off --lookup-policy=none --palette-type=rgb -p 200 --snap-policy=nearest:timing=all:rate=0.25:channel_l=0.85 -o {devnull} {input}
85a2674e53a2d7b75c6944b5a87b04ee9ea182b1,macOS-26.5.1-arm64-arm-64bit,natural-snake,natural photograph,200,din99d,DIN99d,nearest-once,nearest / once / rate 1,True,nearest,once,1.0,0.85,9,0.175894750005682,0.17483087499567773,0.17614545799733605,0.17334770799789112,0.17738491701311432,0.996887588928576,{img2sixel} --threads=1 --precision=float32 --quality=full '--loaders=builtin!' --sampling-policy=full-frame --binning-policy=hard --quantize-model=kmeans:seed=1:binbits=6 --merge-policy=none --cover-policy=off -Xdin99d -Wdin99d --diffusion=fs:scan=raster --gpu-policy=off --lookup-policy=none --palette-type=rgb -p 200 --snap-policy=nearest:timing=once:rate=1:channel_l=0.85 -o {devnull} {input}
85a2674e53a2d7b75c6944b5a87b04ee9ea182b1,macOS-26.5.1-arm64-arm-64bit,natural-snake,natural photograph,200,din99d,DIN99d,nearest-all,nearest / all / rate 1,True,nearest,all,1.0,0.85,9,0.1839397919975454,0.183327292004833,0.18450524999934714,0.181205000000773,0.1864108750014566,1.0424830516347612,{img2sixel} --threads=1 --precision=float32 --quality=full '--loaders=builtin!' --sampling-policy=full-frame --binning-policy=hard --quantize-model=kmeans:seed=1:binbits=6 --merge-policy=none --cover-policy=off -Xdin99d -Wdin99d --diffusion=fs:scan=raster --gpu-policy=off --lookup-policy=none --palette-type=rgb -p 200 --snap-policy=nearest:timing=all:rate=1:channel_l=0.85 -o {devnull} {input}
85a2674e53a2d7b75c6944b5a87b04ee9ea182b1,macOS-26.5.1-arm64-arm-64bit,natural-snake,natural photograph,200,din99d,DIN99d,reversible-all,reversible / all / rate 1,True,reversible,all,1.0,0.85,9,0.1800470000016503,0.179233667004155,0.18092199999955483,0.1778583749983227,0.1852798750041984,1.0204205624083178,{img2sixel} --threads=1 --precision=float32 --quality=full '--loaders=builtin!' --sampling-policy=full-frame --binning-policy=hard --quantize-model=kmeans:seed=1:binbits=6 --merge-policy=none --cover-policy=off -Xdin99d -Wdin99d --diffusion=fs:scan=raster --gpu-policy=off --lookup-policy=none --palette-type=rgb -p 200 --snap-policy=reversible:timing=all:rate=1:channel_l=0.85 -o {devnull} {input}
85a2674e53a2d7b75c6944b5a87b04ee9ea182b1,macOS-26.5.1-arm64-arm-64bit,natural-snake,natural photograph,208,gamma,sRGB gamma,off,snap off,False,none,off,0.0,0.85,9,0.19405791600001976,0.19033333400147967,0.19521204200282227,0.18660554201051127,0.19888799999898765,1.0,{img2sixel} --threads=1 --precision=float32 --quality=full '--loaders=builtin!' --sampling-policy=full-frame --binning-policy=hard --quantize-model=kmeans:seed=1:binbits=6 --merge-policy=none --cover-policy=off -Xgamma -Wgamma --diffusion=fs:scan=raster --gpu-policy=off --lookup-policy=none --palette-type=rgb -p 208 --snap-policy=none -o {devnull} {input}
85a2674e53a2d7b75c6944b5a87b04ee9ea182b1,macOS-26.5.1-arm64-arm-64bit,natural-snake,natural photograph,208,gamma,sRGB gamma,nearest-quarter,nearest / all / rate 0.25,True,nearest,all,0.25,0.85,9,0.196982791996561,0.193533750003553,0.2012110830110032,0.19070766698860098,0.21324704198923428,1.0150721808047292,{img2sixel} --threads=1 --precision=float32 --quality=full '--loaders=builtin!' --sampling-policy=full-frame --binning-policy=hard --quantize-model=kmeans:seed=1:binbits=6 --merge-policy=none --cover-policy=off -Xgamma -Wgamma --diffusion=fs:scan=raster --gpu-policy=off --lookup-policy=none --palette-type=rgb -p 208 --snap-policy=nearest:timing=all:rate=0.25:channel_l=0.85 -o {devnull} {input}
85a2674e53a2d7b75c6944b5a87b04ee9ea182b1,macOS-26.5.1-arm64-arm-64bit,natural-snake,natural photograph,208,gamma,sRGB gamma,nearest-once,nearest / once / rate 1,True,nearest,once,1.0,0.85,9,0.1950841250072699,0.19247908399847802,0.1957122919993708,0.188141207996523,0.20046999999613035,1.0052881584446678,{img2sixel} --threads=1 --precision=float32 --quality=full '--loaders=builtin!' --sampling-policy=full-frame --binning-policy=hard --quantize-model=kmeans:seed=1:binbits=6 --merge-policy=none --cover-policy=off -Xgamma -Wgamma --diffusion=fs:scan=raster --gpu-policy=off --lookup-policy=none --palette-type=rgb -p 208 --snap-policy=nearest:timing=once:rate=1:channel_l=0.85 -o {devnull} {input}
85a2674e53a2d7b75c6944b5a87b04ee9ea182b1,macOS-26.5.1-arm64-arm-64bit,natural-snake,natural photograph,208,gamma,sRGB gamma,nearest-all,nearest / all / rate 1,True,nearest,all,1.0,0.85,9,0.1997153749980498,0.19483679100812878,0.20053470900165848,0.1941549170005601,0.20297433299128897,1.0291534564249853,{img2sixel} --threads=1 --precision=float32 --quality=full '--loaders=builtin!' --sampling-policy=full-frame --binning-policy=hard --quantize-model=kmeans:seed=1:binbits=6 --merge-policy=none --cover-policy=off -Xgamma -Wgamma --diffusion=fs:scan=raster --gpu-policy=off --lookup-policy=none --palette-type=rgb -p 208 --snap-policy=nearest:timing=all:rate=1:channel_l=0.85 -o {devnull} {input}
85a2674e53a2d7b75c6944b5a87b04ee9ea182b1,macOS-26.5.1-arm64-arm-64bit,natural-snake,natural photograph,208,gamma,sRGB gamma,reversible-all,reversible / all / rate 1,True,reversible,all,1.0,0.85,9,0.19217970898898784,0.19010937499115244,0.19387316700886004,0.1881580000044778,0.19632141701004002,0.9903214099700436,{img2sixel} --threads=1 --precision=float32 --quality=full '--loaders=builtin!' --sampling-policy=full-frame --binning-policy=hard --quantize-model=kmeans:seed=1:binbits=6 --merge-policy=none --cover-policy=off -Xgamma -Wgamma --diffusion=fs:scan=raster --gpu-policy=off --lookup-policy=none --palette-type=rgb -p 208 --snap-policy=reversible:timing=all:rate=1:channel_l=0.85 -o {devnull} {input}
85a2674e53a2d7b75c6944b5a87b04ee9ea182b1,macOS-26.5.1-arm64-arm-64bit,natural-snake,natural photograph,208,linear,linear RGB,off,snap off,False,none,off,0.0,0.85,9,0.18126441699860152,0.17997187499713618,0.18411983399710152,0.17904229200212285,0.18658462500025053,1.0,{img2sixel} --threads=1 --precision=float32 --quality=full '--loaders=builtin!' --sampling-policy=full-frame --binning-policy=hard --quantize-model=kmeans:seed=1:binbits=6 --merge-policy=none --cover-policy=off -Xlinear -Wlinear --diffusion=fs:scan=raster --gpu-policy=off --lookup-policy=none --palette-type=rgb -p 208 --snap-policy=none -o {devnull} {input}
85a2674e53a2d7b75c6944b5a87b04ee9ea182b1,macOS-26.5.1-arm64-arm-64bit,natural-snake,natural photograph,208,linear,linear RGB,nearest-quarter,nearest / all / rate 0.25,True,nearest,all,0.25,0.85,9,0.189008916990133,0.1870221249992028,0.19371933299407829,0.1836797919968376,0.20098545799555723,1.0427248773905318,{img2sixel} --threads=1 --precision=float32 --quality=full '--loaders=builtin!' --sampling-policy=full-frame --binning-policy=hard --quantize-model=kmeans:seed=1:binbits=6 --merge-policy=none --cover-policy=off -Xlinear -Wlinear --diffusion=fs:scan=raster --gpu-policy=off --lookup-policy=none --palette-type=rgb -p 208 --snap-policy=nearest:timing=all:rate=0.25:channel_l=0.85 -o {devnull} {input}
85a2674e53a2d7b75c6944b5a87b04ee9ea182b1,macOS-26.5.1-arm64-arm-64bit,natural-snake,natural photograph,208,linear,linear RGB,nearest-once,nearest / once / rate 1,True,nearest,once,1.0,0.85,9,0.18468575000588316,0.18314291699789464,0.1893652500002645,0.18166016601026058,0.19456520800304133,1.0188748186981895,{img2sixel} --threads=1 --precision=float32 --quality=full '--loaders=builtin!' --sampling-policy=full-frame --binning-policy=hard --quantize-model=kmeans:seed=1:binbits=6 --merge-policy=none --cover-policy=off -Xlinear -Wlinear --diffusion=fs:scan=raster --gpu-policy=off --lookup-policy=none --palette-type=rgb -p 208 --snap-policy=nearest:timing=once:rate=1:channel_l=0.85 -o {devnull} {input}
85a2674e53a2d7b75c6944b5a87b04ee9ea182b1,macOS-26.5.1-arm64-arm-64bit,natural-snake,natural photograph,208,linear,linear RGB,nearest-all,nearest / all / rate 1,True,nearest,all,1.0,0.85,9,0.17997191700851545,0.17722937501093838,0.1817706250003539,0.17388987498998176,0.18813875000341795,0.9928695327440021,{img2sixel} --threads=1 --precision=float32 --quality=full '--loaders=builtin!' --sampling-policy=full-frame --binning-policy=hard --quantize-model=kmeans:seed=1:binbits=6 --merge-policy=none --cover-policy=off -Xlinear -Wlinear --diffusion=fs:scan=raster --gpu-policy=off --lookup-policy=none --palette-type=rgb -p 208 --snap-policy=nearest:timing=all:rate=1:channel_l=0.85 -o {devnull} {input}
85a2674e53a2d7b75c6944b5a87b04ee9ea182b1,macOS-26.5.1-arm64-arm-64bit,natural-snake,natural photograph,208,linear,linear RGB,reversible-all,reversible / all / rate 1,True,reversible,all,1.0,0.85,9,0.17415079100464936,0.17312124998716172,0.17775766699924134,0.17185412500111852,0.17839670900139026,0.9607555298952742,{img2sixel} --threads=1 --precision=float32 --quality=full '--loaders=builtin!' --sampling-policy=full-frame --binning-policy=hard --quantize-model=kmeans:seed=1:binbits=6 --merge-policy=none --cover-policy=off -Xlinear -Wlinear --diffusion=fs:scan=raster --gpu-policy=off --lookup-policy=none --palette-type=rgb -p 208 --snap-policy=reversible:timing=all:rate=1:channel_l=0.85 -o {devnull} {input}
85a2674e53a2d7b75c6944b5a87b04ee9ea182b1,macOS-26.5.1-arm64-arm-64bit,natural-snake,natural photograph,208,oklab,OKLab,off,snap off,False,none,off,0.0,0.85,9,0.16512229200452566,0.16383791700354777,0.16562245800741948,0.16048741700069513,0.17068420798750594,1.0,{img2sixel} --threads=1 --precision=float32 --quality=full '--loaders=builtin!' --sampling-policy=full-frame --binning-policy=hard --quantize-model=kmeans:seed=1:binbits=6 --merge-policy=none --cover-policy=off -Xoklab -Woklab --diffusion=fs:scan=raster --gpu-policy=off --lookup-policy=none --palette-type=rgb -p 208 --snap-policy=none -o {devnull} {input}
85a2674e53a2d7b75c6944b5a87b04ee9ea182b1,macOS-26.5.1-arm64-arm-64bit,natural-snake,natural photograph,208,oklab,OKLab,nearest-quarter,nearest / all / rate 0.25,True,nearest,all,0.25,0.85,9,0.17011766700306907,0.1663805419957498,0.1706947499915259,0.16470633300195914,0.17492862499784678,1.0302525778797118,{img2sixel} --threads=1 --precision=float32 --quality=full '--loaders=builtin!' --sampling-policy=full-frame --binning-policy=hard --quantize-model=kmeans:seed=1:binbits=6 --merge-policy=none --cover-policy=off -Xoklab -Woklab --diffusion=fs:scan=raster --gpu-policy=off --lookup-policy=none --palette-type=rgb -p 208 --snap-policy=nearest:timing=all:rate=0.25:channel_l=0.85 -o {devnull} {input}
85a2674e53a2d7b75c6944b5a87b04ee9ea182b1,macOS-26.5.1-arm64-arm-64bit,natural-snake,natural photograph,208,oklab,OKLab,nearest-once,nearest / once / rate 1,True,nearest,once,1.0,0.85,9,0.16461666699615307,0.16033362499729265,0.16538183299417142,0.1595070420007687,0.17558579200704116,0.9969378755452429,{img2sixel} --threads=1 --precision=float32 --quality=full '--loaders=builtin!' --sampling-policy=full-frame --binning-policy=hard --quantize-model=kmeans:seed=1:binbits=6 --merge-policy=none --cover-policy=off -Xoklab -Woklab --diffusion=fs:scan=raster --gpu-policy=off --lookup-policy=none --palette-type=rgb -p 208 --snap-policy=nearest:timing=once:rate=1:channel_l=0.85 -o {devnull} {input}
85a2674e53a2d7b75c6944b5a87b04ee9ea182b1,macOS-26.5.1-arm64-arm-64bit,natural-snake,natural photograph,208,oklab,OKLab,nearest-all,nearest / all / rate 1,True,nearest,all,1.0,0.85,9,0.17223945799923968,0.16702004199032672,0.17254566699557472,0.1655732499930309,0.1762047919910401,1.0431023934340673,{img2sixel} --threads=1 --precision=float32 --quality=full '--loaders=builtin!' --sampling-policy=full-frame --binning-policy=hard --quantize-model=kmeans:seed=1:binbits=6 --merge-policy=none --cover-policy=off -Xoklab -Woklab --diffusion=fs:scan=raster --gpu-policy=off --lookup-policy=none --palette-type=rgb -p 208 --snap-policy=nearest:timing=all:rate=1:channel_l=0.85 -o {devnull} {input}
85a2674e53a2d7b75c6944b5a87b04ee9ea182b1,macOS-26.5.1-arm64-arm-64bit,natural-snake,natural photograph,208,oklab,OKLab,reversible-all,reversible / all / rate 1,True,reversible,all,1.0,0.85,9,0.16337499998917338,0.16143495799042284,0.1655848749942379,0.1591123329999391,0.16727579099824652,0.9894181942720103,{img2sixel} --threads=1 --precision=float32 --quality=full '--loaders=builtin!' --sampling-policy=full-frame --binning-policy=hard --quantize-model=kmeans:seed=1:binbits=6 --merge-policy=none --cover-policy=off -Xoklab -Woklab --diffusion=fs:scan=raster --gpu-policy=off --lookup-policy=none --palette-type=rgb -p 208 --snap-policy=reversible:timing=all:rate=1:channel_l=0.85 -o {devnull} {input}
85a2674e53a2d7b75c6944b5a87b04ee9ea182b1,macOS-26.5.1-arm64-arm-64bit,natural-snake,natural photograph,208,cielab,CIELAB,off,snap off,False,none,off,0.0,0.85,9,0.16603287500038277,0.16524087499419693,0.1676374589878833,0.1609208750014659,0.1749721249943832,1.0,{img2sixel} --threads=1 --precision=float32 --quality=full '--loaders=builtin!' --sampling-policy=full-frame --binning-policy=hard --quantize-model=kmeans:seed=1:binbits=6 --merge-policy=none --cover-policy=off -Xcielab -Wcielab --diffusion=fs:scan=raster --gpu-policy=off --lookup-policy=none --palette-type=rgb -p 208 --snap-policy=none -o {devnull} {input}
85a2674e53a2d7b75c6944b5a87b04ee9ea182b1,macOS-26.5.1-arm64-arm-64bit,natural-snake,natural photograph,208,cielab,CIELAB,nearest-quarter,nearest / all / rate 0.25,True,nearest,all,0.25,0.85,9,0.16680562499095686,0.1638696670124773,0.16874475000076927,0.16268687500269152,0.1730637089931406,1.0046541986975308,{img2sixel} --threads=1 --precision=float32 --quality=full '--loaders=builtin!' --sampling-policy=full-frame --binning-policy=hard --quantize-model=kmeans:seed=1:binbits=6 --merge-policy=none --cover-policy=off -Xcielab -Wcielab --diffusion=fs:scan=raster --gpu-policy=off --lookup-policy=none --palette-type=rgb -p 208 --snap-policy=nearest:timing=all:rate=0.25:channel_l=0.85 -o {devnull} {input}
85a2674e53a2d7b75c6944b5a87b04ee9ea182b1,macOS-26.5.1-arm64-arm-64bit,natural-snake,natural photograph,208,cielab,CIELAB,nearest-once,nearest / once / rate 1,True,nearest,once,1.0,0.85,9,0.16398745799961034,0.16172520800319035,0.16744000000471715,0.15967183400061913,0.17085012499592267,0.9876806505894227,{img2sixel} --threads=1 --precision=float32 --quality=full '--loaders=builtin!' --sampling-policy=full-frame --binning-policy=hard --quantize-model=kmeans:seed=1:binbits=6 --merge-policy=none --cover-policy=off -Xcielab -Wcielab --diffusion=fs:scan=raster --gpu-policy=off --lookup-policy=none --palette-type=rgb -p 208 --snap-policy=nearest:timing=once:rate=1:channel_l=0.85 -o {devnull} {input}
85a2674e53a2d7b75c6944b5a87b04ee9ea182b1,macOS-26.5.1-arm64-arm-64bit,natural-snake,natural photograph,208,cielab,CIELAB,nearest-all,nearest / all / rate 1,True,nearest,all,1.0,0.85,9,0.17217791700386442,0.1678842910041567,0.17355333299201448,0.16525420900143217,0.17868362501030788,1.037010995584263,{img2sixel} --threads=1 --precision=float32 --quality=full '--loaders=builtin!' --sampling-policy=full-frame --binning-policy=hard --quantize-model=kmeans:seed=1:binbits=6 --merge-policy=none --cover-policy=off -Xcielab -Wcielab --diffusion=fs:scan=raster --gpu-policy=off --lookup-policy=none --palette-type=rgb -p 208 --snap-policy=nearest:timing=all:rate=1:channel_l=0.85 -o {devnull} {input}
85a2674e53a2d7b75c6944b5a87b04ee9ea182b1,macOS-26.5.1-arm64-arm-64bit,natural-snake,natural photograph,208,cielab,CIELAB,reversible-all,reversible / all / rate 1,True,reversible,all,1.0,0.85,9,0.17118658300023526,0.16635112500807736,0.17437716700078454,0.16310566700121854,0.17611508299887646,1.031040286448335,{img2sixel} --threads=1 --precision=float32 --quality=full '--loaders=builtin!' --sampling-policy=full-frame --binning-policy=hard --quantize-model=kmeans:seed=1:binbits=6 --merge-policy=none --cover-policy=off -Xcielab -Wcielab --diffusion=fs:scan=raster --gpu-policy=off --lookup-policy=none --palette-type=rgb -p 208 --snap-policy=reversible:timing=all:rate=1:channel_l=0.85 -o {devnull} {input}
85a2674e53a2d7b75c6944b5a87b04ee9ea182b1,macOS-26.5.1-arm64-arm-64bit,natural-snake,natural photograph,208,din99d,DIN99d,off,snap off,False,none,off,0.0,0.85,9,0.1826164170051925,0.1813287919940194,0.18611875000351574,0.17796983299194835,0.18697245899238624,1.0,{img2sixel} --threads=1 --precision=float32 --quality=full '--loaders=builtin!' --sampling-policy=full-frame --binning-policy=hard --quantize-model=kmeans:seed=1:binbits=6 --merge-policy=none --cover-policy=off -Xdin99d -Wdin99d --diffusion=fs:scan=raster --gpu-policy=off --lookup-policy=none --palette-type=rgb -p 208 --snap-policy=none -o {devnull} {input}
85a2674e53a2d7b75c6944b5a87b04ee9ea182b1,macOS-26.5.1-arm64-arm-64bit,natural-snake,natural photograph,208,din99d,DIN99d,nearest-quarter,nearest / all / rate 0.25,True,nearest,all,0.25,0.85,9,0.19241295800020453,0.19022695800231304,0.1935330830019666,0.18490016600117087,0.20086408300267067,1.0536454561734911,{img2sixel} --threads=1 --precision=float32 --quality=full '--loaders=builtin!' --sampling-policy=full-frame --binning-policy=hard --quantize-model=kmeans:seed=1:binbits=6 --merge-policy=none --cover-policy=off -Xdin99d -Wdin99d --diffusion=fs:scan=raster --gpu-policy=off --lookup-policy=none --palette-type=rgb -p 208 --snap-policy=nearest:timing=all:rate=0.25:channel_l=0.85 -o {devnull} {input}
85a2674e53a2d7b75c6944b5a87b04ee9ea182b1,macOS-26.5.1-arm64-arm-64bit,natural-snake,natural photograph,208,din99d,DIN99d,nearest-once,nearest / once / rate 1,True,nearest,once,1.0,0.85,9,0.18175975000485778,0.18036983399360906,0.18671462500060443,0.1769462500087684,0.18939366699487437,0.9953089266869672,{img2sixel} --threads=1 --precision=float32 --quality=full '--loaders=builtin!' --sampling-policy=full-frame --binning-policy=hard --quantize-model=kmeans:seed=1:binbits=6 --merge-policy=none --cover-policy=off -Xdin99d -Wdin99d --diffusion=fs:scan=raster --gpu-policy=off --lookup-policy=none --palette-type=rgb -p 208 --snap-policy=nearest:timing=once:rate=1:channel_l=0.85 -o {devnull} {input}
85a2674e53a2d7b75c6944b5a87b04ee9ea182b1,macOS-26.5.1-arm64-arm-64bit,natural-snake,natural photograph,208,din99d,DIN99d,nearest-all,nearest / all / rate 1,True,nearest,all,1.0,0.85,9,0.19569354099803604,0.19062479099375196,0.19835974999296013,0.18681866601400543,0.20091562499874271,1.0716097939456983,{img2sixel} --threads=1 --precision=float32 --quality=full '--loaders=builtin!' --sampling-policy=full-frame --binning-policy=hard --quantize-model=kmeans:seed=1:binbits=6 --merge-policy=none --cover-policy=off -Xdin99d -Wdin99d --diffusion=fs:scan=raster --gpu-policy=off --lookup-policy=none --palette-type=rgb -p 208 --snap-policy=nearest:timing=all:rate=1:channel_l=0.85 -o {devnull} {input}
85a2674e53a2d7b75c6944b5a87b04ee9ea182b1,macOS-26.5.1-arm64-arm-64bit,natural-snake,natural photograph,208,din99d,DIN99d,reversible-all,reversible / all / rate 1,True,reversible,all,1.0,0.85,9,0.1887120839965064,0.18760624999413267,0.1924027499917429,0.1819094579986995,0.1931233329960378,1.033379622113277,{img2sixel} --threads=1 --precision=float32 --quality=full '--loaders=builtin!' --sampling-policy=full-frame --binning-policy=hard --quantize-model=kmeans:seed=1:binbits=6 --merge-policy=none --cover-policy=off -Xdin99d -Wdin99d --diffusion=fs:scan=raster --gpu-policy=off --lookup-policy=none --palette-type=rgb -p 208 --snap-policy=reversible:timing=all:rate=1:channel_l=0.85 -o {devnull} {input}
85a2674e53a2d7b75c6944b5a87b04ee9ea182b1,macOS-26.5.1-arm64-arm-64bit,natural-snake,natural photograph,216,gamma,sRGB gamma,off,snap off,False,none,off,0.0,0.85,9,0.1954049999912968,0.19359412499761675,0.20032274999539368,0.19271504100470338,0.2033000419905875,1.0,{img2sixel} --threads=1 --precision=float32 --quality=full '--loaders=builtin!' --sampling-policy=full-frame --binning-policy=hard --quantize-model=kmeans:seed=1:binbits=6 --merge-policy=none --cover-policy=off -Xgamma -Wgamma --diffusion=fs:scan=raster --gpu-policy=off --lookup-policy=none --palette-type=rgb -p 216 --snap-policy=none -o {devnull} {input}
85a2674e53a2d7b75c6944b5a87b04ee9ea182b1,macOS-26.5.1-arm64-arm-64bit,natural-snake,natural photograph,216,gamma,sRGB gamma,nearest-quarter,nearest / all / rate 0.25,True,nearest,all,0.25,0.85,9,0.20199458400020376,0.20042566700431053,0.2069052920123795,0.19946387500385754,0.20942558300157543,1.0337226990568331,{img2sixel} --threads=1 --precision=float32 --quality=full '--loaders=builtin!' --sampling-policy=full-frame --binning-policy=hard --quantize-model=kmeans:seed=1:binbits=6 --merge-policy=none --cover-policy=off -Xgamma -Wgamma --diffusion=fs:scan=raster --gpu-policy=off --lookup-policy=none --palette-type=rgb -p 216 --snap-policy=nearest:timing=all:rate=0.25:channel_l=0.85 -o {devnull} {input}
85a2674e53a2d7b75c6944b5a87b04ee9ea182b1,macOS-26.5.1-arm64-arm-64bit,natural-snake,natural photograph,216,gamma,sRGB gamma,nearest-once,nearest / once / rate 1,True,nearest,once,1.0,0.85,9,0.19375962499179877,0.19281745800981298,0.19906445800734218,0.19112958300684113,0.20287970900244545,0.991579667871491,{img2sixel} --threads=1 --precision=float32 --quality=full '--loaders=builtin!' --sampling-policy=full-frame --binning-policy=hard --quantize-model=kmeans:seed=1:binbits=6 --merge-policy=none --cover-policy=off -Xgamma -Wgamma --diffusion=fs:scan=raster --gpu-policy=off --lookup-policy=none --palette-type=rgb -p 216 --snap-policy=nearest:timing=once:rate=1:channel_l=0.85 -o {devnull} {input}
85a2674e53a2d7b75c6944b5a87b04ee9ea182b1,macOS-26.5.1-arm64-arm-64bit,natural-snake,natural photograph,216,gamma,sRGB gamma,nearest-all,nearest / all / rate 1,True,nearest,all,1.0,0.85,9,0.19838833399990108,0.19741533399792388,0.20282529199903365,0.19564870800240897,0.2064023749990156,1.0152674394654035,{img2sixel} --threads=1 --precision=float32 --quality=full '--loaders=builtin!' --sampling-policy=full-frame --binning-policy=hard --quantize-model=kmeans:seed=1:binbits=6 --merge-policy=none --cover-policy=off -Xgamma -Wgamma --diffusion=fs:scan=raster --gpu-policy=off --lookup-policy=none --palette-type=rgb -p 216 --snap-policy=nearest:timing=all:rate=1:channel_l=0.85 -o {devnull} {input}
85a2674e53a2d7b75c6944b5a87b04ee9ea182b1,macOS-26.5.1-arm64-arm-64bit,natural-snake,natural photograph,216,gamma,sRGB gamma,reversible-all,reversible / all / rate 1,True,reversible,all,1.0,0.85,9,0.1970213330059778,0.1959383329958655,0.20337620901409537,0.19363670799066313,0.2065091659897007,1.0082717075548373,{img2sixel} --threads=1 --precision=float32 --quality=full '--loaders=builtin!' --sampling-policy=full-frame --binning-policy=hard --quantize-model=kmeans:seed=1:binbits=6 --merge-policy=none --cover-policy=off -Xgamma -Wgamma --diffusion=fs:scan=raster --gpu-policy=off --lookup-policy=none --palette-type=rgb -p 216 --snap-policy=reversible:timing=all:rate=1:channel_l=0.85 -o {devnull} {input}
85a2674e53a2d7b75c6944b5a87b04ee9ea182b1,macOS-26.5.1-arm64-arm-64bit,natural-snake,natural photograph,216,linear,linear RGB,off,snap off,False,none,off,0.0,0.85,9,0.18333691700536292,0.18136037499061786,0.19017733399232384,0.1791009589942405,0.1934463330107974,1.0,{img2sixel} --threads=1 --precision=float32 --quality=full '--loaders=builtin!' --sampling-policy=full-frame --binning-policy=hard --quantize-model=kmeans:seed=1:binbits=6 --merge-policy=none --cover-policy=off -Xlinear -Wlinear --diffusion=fs:scan=raster --gpu-policy=off --lookup-policy=none --palette-type=rgb -p 216 --snap-policy=none -o {devnull} {input}
85a2674e53a2d7b75c6944b5a87b04ee9ea182b1,macOS-26.5.1-arm64-arm-64bit,natural-snake,natural photograph,216,linear,linear RGB,nearest-quarter,nearest / all / rate 0.25,True,nearest,all,0.25,0.85,9,0.18557404199964367,0.18385820899857208,0.1871901670092484,0.18224933400051668,0.1923788330022944,1.0122022614475148,{img2sixel} --threads=1 --precision=float32 --quality=full '--loaders=builtin!' --sampling-policy=full-frame --binning-policy=hard --quantize-model=kmeans:seed=1:binbits=6 --merge-policy=none --cover-policy=off -Xlinear -Wlinear --diffusion=fs:scan=raster --gpu-policy=off --lookup-policy=none --palette-type=rgb -p 216 --snap-policy=nearest:timing=all:rate=0.25:channel_l=0.85 -o {devnull} {input}
85a2674e53a2d7b75c6944b5a87b04ee9ea182b1,macOS-26.5.1-arm64-arm-64bit,natural-snake,natural photograph,216,linear,linear RGB,nearest-once,nearest / once / rate 1,True,nearest,once,1.0,0.85,9,0.1806381250062259,0.18041875000926666,0.1850868339970475,0.17922129099315498,0.18922275000659283,0.9852796041123671,{img2sixel} --threads=1 --precision=float32 --quality=full '--loaders=builtin!' --sampling-policy=full-frame --binning-policy=hard --quantize-model=kmeans:seed=1:binbits=6 --merge-policy=none --cover-policy=off -Xlinear -Wlinear --diffusion=fs:scan=raster --gpu-policy=off --lookup-policy=none --palette-type=rgb -p 216 --snap-policy=nearest:timing=once:rate=1:channel_l=0.85 -o {devnull} {input}
85a2674e53a2d7b75c6944b5a87b04ee9ea182b1,macOS-26.5.1-arm64-arm-64bit,natural-snake,natural photograph,216,linear,linear RGB,nearest-all,nearest / all / rate 1,True,nearest,all,1.0,0.85,9,0.1797459590015933,0.17908008299127687,0.18213366699637845,0.1776708750112448,0.1841205000091577,0.980413339209448,{img2sixel} --threads=1 --precision=float32 --quality=full '--loaders=builtin!' --sampling-policy=full-frame --binning-policy=hard --quantize-model=kmeans:seed=1:binbits=6 --merge-policy=none --cover-policy=off -Xlinear -Wlinear --diffusion=fs:scan=raster --gpu-policy=off --lookup-policy=none --palette-type=rgb -p 216 --snap-policy=nearest:timing=all:rate=1:channel_l=0.85 -o {devnull} {input}
85a2674e53a2d7b75c6944b5a87b04ee9ea182b1,macOS-26.5.1-arm64-arm-64bit,natural-snake,natural photograph,216,linear,linear RGB,reversible-all,reversible / all / rate 1,True,reversible,all,1.0,0.85,9,0.17724083398934454,0.1742403749958612,0.18120591700426303,0.17343737500777934,0.1918239169899607,0.9667492880561526,{img2sixel} --threads=1 --precision=float32 --quality=full '--loaders=builtin!' --sampling-policy=full-frame --binning-policy=hard --quantize-model=kmeans:seed=1:binbits=6 --merge-policy=none --cover-policy=off -Xlinear -Wlinear --diffusion=fs:scan=raster --gpu-policy=off --lookup-policy=none --palette-type=rgb -p 216 --snap-policy=reversible:timing=all:rate=1:channel_l=0.85 -o {devnull} {input}
85a2674e53a2d7b75c6944b5a87b04ee9ea182b1,macOS-26.5.1-arm64-arm-64bit,natural-snake,natural photograph,216,oklab,OKLab,off,snap off,False,none,off,0.0,0.85,9,0.16953874999308027,0.1619769999961136,0.17006987500644755,0.15981279200059362,0.17061679098696914,1.0,{img2sixel} --threads=1 --precision=float32 --quality=full '--loaders=builtin!' --sampling-policy=full-frame --binning-policy=hard --quantize-model=kmeans:seed=1:binbits=6 --merge-policy=none --cover-policy=off -Xoklab -Woklab --diffusion=fs:scan=raster --gpu-policy=off --lookup-policy=none --palette-type=rgb -p 216 --snap-policy=none -o {devnull} {input}
85a2674e53a2d7b75c6944b5a87b04ee9ea182b1,macOS-26.5.1-arm64-arm-64bit,natural-snake,natural photograph,216,oklab,OKLab,nearest-quarter,nearest / all / rate 0.25,True,nearest,all,0.25,0.85,9,0.17015045900188852,0.16658037500747014,0.1722585420066025,0.1649004579958273,0.17478908300108742,1.0036080778514247,{img2sixel} --threads=1 --precision=float32 --quality=full '--loaders=builtin!' --sampling-policy=full-frame --binning-policy=hard --quantize-model=kmeans:seed=1:binbits=6 --merge-policy=none --cover-policy=off -Xoklab -Woklab --diffusion=fs:scan=raster --gpu-policy=off --lookup-policy=none --palette-type=rgb -p 216 --snap-policy=nearest:timing=all:rate=0.25:channel_l=0.85 -o {devnull} {input}
85a2674e53a2d7b75c6944b5a87b04ee9ea182b1,macOS-26.5.1-arm64-arm-64bit,natural-snake,natural photograph,216,oklab,OKLab,nearest-once,nearest / once / rate 1,True,nearest,once,1.0,0.85,9,0.16531691700220108,0.16190558300877456,0.16795583299244754,0.16068591699877288,0.16940524999517947,0.9750981236380974,{img2sixel} --threads=1 --precision=float32 --quality=full '--loaders=builtin!' --sampling-policy=full-frame --binning-policy=hard --quantize-model=kmeans:seed=1:binbits=6 --merge-policy=none --cover-policy=off -Xoklab -Woklab --diffusion=fs:scan=raster --gpu-policy=off --lookup-policy=none --palette-type=rgb -p 216 --snap-policy=nearest:timing=once:rate=1:channel_l=0.85 -o {devnull} {input}
85a2674e53a2d7b75c6944b5a87b04ee9ea182b1,macOS-26.5.1-arm64-arm-64bit,natural-snake,natural photograph,216,oklab,OKLab,nearest-all,nearest / all / rate 1,True,nearest,all,1.0,0.85,9,0.17043574999843258,0.16702925000572577,0.17319983299239539,0.16593133300193585,0.1768376249965513,1.0052908258754352,{img2sixel} --threads=1 --precision=float32 --quality=full '--loaders=builtin!' --sampling-policy=full-frame --binning-policy=hard --quantize-model=kmeans:seed=1:binbits=6 --merge-policy=none --cover-policy=off -Xoklab -Woklab --diffusion=fs:scan=raster --gpu-policy=off --lookup-policy=none --palette-type=rgb -p 216 --snap-policy=nearest:timing=all:rate=1:channel_l=0.85 -o {devnull} {input}
85a2674e53a2d7b75c6944b5a87b04ee9ea182b1,macOS-26.5.1-arm64-arm-64bit,natural-snake,natural photograph,216,oklab,OKLab,reversible-all,reversible / all / rate 1,True,reversible,all,1.0,0.85,9,0.16550645900133532,0.163446082995506,0.16869504100759514,0.16102462500566617,0.17314462500507943,0.9762161099341033,{img2sixel} --threads=1 --precision=float32 --quality=full '--loaders=builtin!' --sampling-policy=full-frame --binning-policy=hard --quantize-model=kmeans:seed=1:binbits=6 --merge-policy=none --cover-policy=off -Xoklab -Woklab --diffusion=fs:scan=raster --gpu-policy=off --lookup-policy=none --palette-type=rgb -p 216 --snap-policy=reversible:timing=all:rate=1:channel_l=0.85 -o {devnull} {input}
85a2674e53a2d7b75c6944b5a87b04ee9ea182b1,macOS-26.5.1-arm64-arm-64bit,natural-snake,natural photograph,216,cielab,CIELAB,off,snap off,False,none,off,0.0,0.85,9,0.16651387501042336,0.16536566699505784,0.16700691600271966,0.16350758299813606,0.17403370900137816,1.0,{img2sixel} --threads=1 --precision=float32 --quality=full '--loaders=builtin!' --sampling-policy=full-frame --binning-policy=hard --quantize-model=kmeans:seed=1:binbits=6 --merge-policy=none --cover-policy=off -Xcielab -Wcielab --diffusion=fs:scan=raster --gpu-policy=off --lookup-policy=none --palette-type=rgb -p 216 --snap-policy=none -o {devnull} {input}
85a2674e53a2d7b75c6944b5a87b04ee9ea182b1,macOS-26.5.1-arm64-arm-64bit,natural-snake,natural photograph,216,cielab,CIELAB,nearest-quarter,nearest / all / rate 0.25,True,nearest,all,0.25,0.85,9,0.17116254099528305,0.1704152080055792,0.17186475000926293,0.16952100000344217,0.17737666600442026,1.0279175893574557,{img2sixel} --threads=1 --precision=float32 --quality=full '--loaders=builtin!' --sampling-policy=full-frame --binning-policy=hard --quantize-model=kmeans:seed=1:binbits=6 --merge-policy=none --cover-policy=off -Xcielab -Wcielab --diffusion=fs:scan=raster --gpu-policy=off --lookup-policy=none --palette-type=rgb -p 216 --snap-policy=nearest:timing=all:rate=0.25:channel_l=0.85 -o {devnull} {input}
85a2674e53a2d7b75c6944b5a87b04ee9ea182b1,macOS-26.5.1-arm64-arm-64bit,natural-snake,natural photograph,216,cielab,CIELAB,nearest-once,nearest / once / rate 1,True,nearest,once,1.0,0.85,9,0.16599674998724367,0.16529433299729135,0.17238000000361353,0.16420679198927246,0.1726992909971159,0.9968944028048875,{img2sixel} --threads=1 --precision=float32 --quality=full '--loaders=builtin!' --sampling-policy=full-frame --binning-policy=hard --quantize-model=kmeans:seed=1:binbits=6 --merge-policy=none --cover-policy=off -Xcielab -Wcielab --diffusion=fs:scan=raster --gpu-policy=off --lookup-policy=none --palette-type=rgb -p 216 --snap-policy=nearest:timing=once:rate=1:channel_l=0.85 -o {devnull} {input}
85a2674e53a2d7b75c6944b5a87b04ee9ea182b1,macOS-26.5.1-arm64-arm-64bit,natural-snake,natural photograph,216,cielab,CIELAB,nearest-all,nearest / all / rate 1,True,nearest,all,1.0,0.85,9,0.17409241700079292,0.17154208400461357,0.17696187501132954,0.17059141700156033,0.17988387501100078,1.0455129759600823,{img2sixel} --threads=1 --precision=float32 --quality=full '--loaders=builtin!' --sampling-policy=full-frame --binning-policy=hard --quantize-model=kmeans:seed=1:binbits=6 --merge-policy=none --cover-policy=off -Xcielab -Wcielab --diffusion=fs:scan=raster --gpu-policy=off --lookup-policy=none --palette-type=rgb -p 216 --snap-policy=nearest:timing=all:rate=1:channel_l=0.85 -o {devnull} {input}
85a2674e53a2d7b75c6944b5a87b04ee9ea182b1,macOS-26.5.1-arm64-arm-64bit,natural-snake,natural photograph,216,cielab,CIELAB,reversible-all,reversible / all / rate 1,True,reversible,all,1.0,0.85,9,0.169947709000553,0.16924804099835455,0.1744939169875579,0.16729379098978825,0.17884974999469705,1.0206219090746322,{img2sixel} --threads=1 --precision=float32 --quality=full '--loaders=builtin!' --sampling-policy=full-frame --binning-policy=hard --quantize-model=kmeans:seed=1:binbits=6 --merge-policy=none --cover-policy=off -Xcielab -Wcielab --diffusion=fs:scan=raster --gpu-policy=off --lookup-policy=none --palette-type=rgb -p 216 --snap-policy=reversible:timing=all:rate=1:channel_l=0.85 -o {devnull} {input}
85a2674e53a2d7b75c6944b5a87b04ee9ea182b1,macOS-26.5.1-arm64-arm-64bit,natural-snake,natural photograph,216,din99d,DIN99d,off,snap off,False,none,off,0.0,0.85,9,0.18503095900814515,0.18392583400418516,0.1852783329959493,0.1829254580079578,0.19085095800983254,1.0,{img2sixel} --threads=1 --precision=float32 --quality=full '--loaders=builtin!' --sampling-policy=full-frame --binning-policy=hard --quantize-model=kmeans:seed=1:binbits=6 --merge-policy=none --cover-policy=off -Xdin99d -Wdin99d --diffusion=fs:scan=raster --gpu-policy=off --lookup-policy=none --palette-type=rgb -p 216 --snap-policy=none -o {devnull} {input}
85a2674e53a2d7b75c6944b5a87b04ee9ea182b1,macOS-26.5.1-arm64-arm-64bit,natural-snake,natural photograph,216,din99d,DIN99d,nearest-quarter,nearest / all / rate 0.25,True,nearest,all,0.25,0.85,9,0.1916714169929037,0.18910737500118557,0.19440979199134745,0.18852441699709743,0.19863312499364838,1.035888361711762,{img2sixel} --threads=1 --precision=float32 --quality=full '--loaders=builtin!' --sampling-policy=full-frame --binning-policy=hard --quantize-model=kmeans:seed=1:binbits=6 --merge-policy=none --cover-policy=off -Xdin99d -Wdin99d --diffusion=fs:scan=raster --gpu-policy=off --lookup-policy=none --palette-type=rgb -p 216 --snap-policy=nearest:timing=all:rate=0.25:channel_l=0.85 -o {devnull} {input}
85a2674e53a2d7b75c6944b5a87b04ee9ea182b1,macOS-26.5.1-arm64-arm-64bit,natural-snake,natural photograph,216,din99d,DIN99d,nearest-once,nearest / once / rate 1,True,nearest,once,1.0,0.85,9,0.18462349999754224,0.18227270799980033,0.185426791998907,0.18150854100531433,0.18916941600036807,0.9977978873763229,{img2sixel} --threads=1 --precision=float32 --quality=full '--loaders=builtin!' --sampling-policy=full-frame --binning-policy=hard --quantize-model=kmeans:seed=1:binbits=6 --merge-policy=none --cover-policy=off -Xdin99d -Wdin99d --diffusion=fs:scan=raster --gpu-policy=off --lookup-policy=none --palette-type=rgb -p 216 --snap-policy=nearest:timing=once:rate=1:channel_l=0.85 -o {devnull} {input}
85a2674e53a2d7b75c6944b5a87b04ee9ea182b1,macOS-26.5.1-arm64-arm-64bit,natural-snake,natural photograph,216,din99d,DIN99d,nearest-all,nearest / all / rate 1,True,nearest,all,1.0,0.85,9,0.1882130000012694,0.18655904199113138,0.19003329199040309,0.18520125000213739,0.19235974999901373,1.0171973436779527,{img2sixel} --threads=1 --precision=float32 --quality=full '--loaders=builtin!' --sampling-policy=full-frame --binning-policy=hard --quantize-model=kmeans:seed=1:binbits=6 --merge-policy=none --cover-policy=off -Xdin99d -Wdin99d --diffusion=fs:scan=raster --gpu-policy=off --lookup-policy=none --palette-type=rgb -p 216 --snap-policy=nearest:timing=all:rate=1:channel_l=0.85 -o {devnull} {input}
85a2674e53a2d7b75c6944b5a87b04ee9ea182b1,macOS-26.5.1-arm64-arm-64bit,natural-snake,natural photograph,216,din99d,DIN99d,reversible-all,reversible / all / rate 1,True,reversible,all,1.0,0.85,9,0.1886756250023609,0.18850233299599495,0.19241241700365208,0.18702866599778645,0.19936604199756403,1.0196976009514997,{img2sixel} --threads=1 --precision=float32 --quality=full '--loaders=builtin!' --sampling-policy=full-frame --binning-policy=hard --quantize-model=kmeans:seed=1:binbits=6 --merge-policy=none --cover-policy=off -Xdin99d -Wdin99d --diffusion=fs:scan=raster --gpu-policy=off --lookup-policy=none --palette-type=rgb -p 216 --snap-policy=reversible:timing=all:rate=1:channel_l=0.85 -o {devnull} {input}
85a2674e53a2d7b75c6944b5a87b04ee9ea182b1,macOS-26.5.1-arm64-arm-64bit,natural-snake,natural photograph,224,gamma,sRGB gamma,off,snap off,False,none,off,0.0,0.85,9,0.20520458300597966,0.20204754099540878,0.20840933300496545,0.2007782910077367,0.2119145830074558,1.0,{img2sixel} --threads=1 --precision=float32 --quality=full '--loaders=builtin!' --sampling-policy=full-frame --binning-policy=hard --quantize-model=kmeans:seed=1:binbits=6 --merge-policy=none --cover-policy=off -Xgamma -Wgamma --diffusion=fs:scan=raster --gpu-policy=off --lookup-policy=none --palette-type=rgb -p 224 --snap-policy=none -o {devnull} {input}
85a2674e53a2d7b75c6944b5a87b04ee9ea182b1,macOS-26.5.1-arm64-arm-64bit,natural-snake,natural photograph,224,gamma,sRGB gamma,nearest-quarter,nearest / all / rate 0.25,True,nearest,all,0.25,0.85,9,0.21139608300291002,0.20480641699396074,0.2153209169919137,0.2033884159900481,0.21789204199740198,1.0301723280554116,{img2sixel} --threads=1 --precision=float32 --quality=full '--loaders=builtin!' --sampling-policy=full-frame --binning-policy=hard --quantize-model=kmeans:seed=1:binbits=6 --merge-policy=none --cover-policy=off -Xgamma -Wgamma --diffusion=fs:scan=raster --gpu-policy=off --lookup-policy=none --palette-type=rgb -p 224 --snap-policy=nearest:timing=all:rate=0.25:channel_l=0.85 -o {devnull} {input}
85a2674e53a2d7b75c6944b5a87b04ee9ea182b1,macOS-26.5.1-arm64-arm-64bit,natural-snake,natural photograph,224,gamma,sRGB gamma,nearest-once,nearest / once / rate 1,True,nearest,once,1.0,0.85,9,0.2048024170071585,0.20276237500365824,0.20835566699679475,0.1991842919960618,0.2116038340027444,0.9980401704828911,{img2sixel} --threads=1 --precision=float32 --quality=full '--loaders=builtin!' --sampling-policy=full-frame --binning-policy=hard --quantize-model=kmeans:seed=1:binbits=6 --merge-policy=none --cover-policy=off -Xgamma -Wgamma --diffusion=fs:scan=raster --gpu-policy=off --lookup-policy=none --palette-type=rgb -p 224 --snap-policy=nearest:timing=once:rate=1:channel_l=0.85 -o {devnull} {input}
85a2674e53a2d7b75c6944b5a87b04ee9ea182b1,macOS-26.5.1-arm64-arm-64bit,natural-snake,natural photograph,224,gamma,sRGB gamma,nearest-all,nearest / all / rate 1,True,nearest,all,1.0,0.85,9,0.1941595420066733,0.19302225000865292,0.19893766699533444,0.18839683299302123,0.20107837500108872,0.9461754662712162,{img2sixel} --threads=1 --precision=float32 --quality=full '--loaders=builtin!' --sampling-policy=full-frame --binning-policy=hard --quantize-model=kmeans:seed=1:binbits=6 --merge-policy=none --cover-policy=off -Xgamma -Wgamma --diffusion=fs:scan=raster --gpu-policy=off --lookup-policy=none --palette-type=rgb -p 224 --snap-policy=nearest:timing=all:rate=1:channel_l=0.85 -o {devnull} {input}
85a2674e53a2d7b75c6944b5a87b04ee9ea182b1,macOS-26.5.1-arm64-arm-64bit,natural-snake,natural photograph,224,gamma,sRGB gamma,reversible-all,reversible / all / rate 1,True,reversible,all,1.0,0.85,9,0.20003062499745283,0.1975990419887239,0.201474417001009,0.19665683300991077,0.21657220799534116,0.9747863428158617,{img2sixel} --threads=1 --precision=float32 --quality=full '--loaders=builtin!' --sampling-policy=full-frame --binning-policy=hard --quantize-model=kmeans:seed=1:binbits=6 --merge-policy=none --cover-policy=off -Xgamma -Wgamma --diffusion=fs:scan=raster --gpu-policy=off --lookup-policy=none --palette-type=rgb -p 224 --snap-policy=reversible:timing=all:rate=1:channel_l=0.85 -o {devnull} {input}
85a2674e53a2d7b75c6944b5a87b04ee9ea182b1,macOS-26.5.1-arm64-arm-64bit,natural-snake,natural photograph,224,linear,linear RGB,off,snap off,False,none,off,0.0,0.85,9,0.19110837500193156,0.18867570799193345,0.19319399999221787,0.18659220800327603,0.19985266600269824,1.0,{img2sixel} --threads=1 --precision=float32 --quality=full '--loaders=builtin!' --sampling-policy=full-frame --binning-policy=hard --quantize-model=kmeans:seed=1:binbits=6 --merge-policy=none --cover-policy=off -Xlinear -Wlinear --diffusion=fs:scan=raster --gpu-policy=off --lookup-policy=none --palette-type=rgb -p 224 --snap-policy=none -o {devnull} {input}
85a2674e53a2d7b75c6944b5a87b04ee9ea182b1,macOS-26.5.1-arm64-arm-64bit,natural-snake,natural photograph,224,linear,linear RGB,nearest-quarter,nearest / all / rate 0.25,True,nearest,all,0.25,0.85,9,0.19716116599738598,0.19264420800027438,0.198208917005104,0.1915737090021139,0.2065464589977637,1.0316720342339432,{img2sixel} --threads=1 --precision=float32 --quality=full '--loaders=builtin!' --sampling-policy=full-frame --binning-policy=hard --quantize-model=kmeans:seed=1:binbits=6 --merge-policy=none --cover-policy=off -Xlinear -Wlinear --diffusion=fs:scan=raster --gpu-policy=off --lookup-policy=none --palette-type=rgb -p 224 --snap-policy=nearest:timing=all:rate=0.25:channel_l=0.85 -o {devnull} {input}
85a2674e53a2d7b75c6944b5a87b04ee9ea182b1,macOS-26.5.1-arm64-arm-64bit,natural-snake,natural photograph,224,linear,linear RGB,nearest-once,nearest / once / rate 1,True,nearest,once,1.0,0.85,9,0.19271249999292195,0.19105233300069813,0.19372383400332183,0.18551333299546968,0.1990876250056317,1.00839379745118,{img2sixel} --threads=1 --precision=float32 --quality=full '--loaders=builtin!' --sampling-policy=full-frame --binning-policy=hard --quantize-model=kmeans:seed=1:binbits=6 --merge-policy=none --cover-policy=off -Xlinear -Wlinear --diffusion=fs:scan=raster --gpu-policy=off --lookup-policy=none --palette-type=rgb -p 224 --snap-policy=nearest:timing=once:rate=1:channel_l=0.85 -o {devnull} {input}
85a2674e53a2d7b75c6944b5a87b04ee9ea182b1,macOS-26.5.1-arm64-arm-64bit,natural-snake,natural photograph,224,linear,linear RGB,nearest-all,nearest / all / rate 1,True,nearest,all,1.0,0.85,9,0.19080520900024567,0.1904723329935223,0.19124312500935048,0.1868851250037551,0.19590837499708869,0.9984136435586204,{img2sixel} --threads=1 --precision=float32 --quality=full '--loaders=builtin!' --sampling-policy=full-frame --binning-policy=hard --quantize-model=kmeans:seed=1:binbits=6 --merge-policy=none --cover-policy=off -Xlinear -Wlinear --diffusion=fs:scan=raster --gpu-policy=off --lookup-policy=none --palette-type=rgb -p 224 --snap-policy=nearest:timing=all:rate=1:channel_l=0.85 -o {devnull} {input}
85a2674e53a2d7b75c6944b5a87b04ee9ea182b1,macOS-26.5.1-arm64-arm-64bit,natural-snake,natural photograph,224,linear,linear RGB,reversible-all,reversible / all / rate 1,True,reversible,all,1.0,0.85,9,0.18398037500446662,0.183333875000244,0.18669129100453574,0.1825867909938097,0.19121987499238458,0.9627017916017919,{img2sixel} --threads=1 --precision=float32 --quality=full '--loaders=builtin!' --sampling-policy=full-frame --binning-policy=hard --quantize-model=kmeans:seed=1:binbits=6 --merge-policy=none --cover-policy=off -Xlinear -Wlinear --diffusion=fs:scan=raster --gpu-policy=off --lookup-policy=none --palette-type=rgb -p 224 --snap-policy=reversible:timing=all:rate=1:channel_l=0.85 -o {devnull} {input}
85a2674e53a2d7b75c6944b5a87b04ee9ea182b1,macOS-26.5.1-arm64-arm-64bit,natural-snake,natural photograph,224,oklab,OKLab,off,snap off,False,none,off,0.0,0.85,9,0.16928166699653957,0.167636209007469,0.1717697089916328,0.16740412499348167,0.1742381659860257,1.0,{img2sixel} --threads=1 --precision=float32 --quality=full '--loaders=builtin!' --sampling-policy=full-frame --binning-policy=hard --quantize-model=kmeans:seed=1:binbits=6 --merge-policy=none --cover-policy=off -Xoklab -Woklab --diffusion=fs:scan=raster --gpu-policy=off --lookup-policy=none --palette-type=rgb -p 224 --snap-policy=none -o {devnull} {input}
85a2674e53a2d7b75c6944b5a87b04ee9ea182b1,macOS-26.5.1-arm64-arm-64bit,natural-snake,natural photograph,224,oklab,OKLab,nearest-quarter,nearest / all / rate 0.25,True,nearest,all,0.25,0.85,9,0.17442258400842547,0.17351041700749192,0.17827450000913814,0.1720880840002792,0.18317387500428595,1.0303690122096387,{img2sixel} --threads=1 --precision=float32 --quality=full '--loaders=builtin!' --sampling-policy=full-frame --binning-policy=hard --quantize-model=kmeans:seed=1:binbits=6 --merge-policy=none --cover-policy=off -Xoklab -Woklab --diffusion=fs:scan=raster --gpu-policy=off --lookup-policy=none --palette-type=rgb -p 224 --snap-policy=nearest:timing=all:rate=0.25:channel_l=0.85 -o {devnull} {input}
85a2674e53a2d7b75c6944b5a87b04ee9ea182b1,macOS-26.5.1-arm64-arm-64bit,natural-snake,natural photograph,224,oklab,OKLab,nearest-once,nearest / once / rate 1,True,nearest,once,1.0,0.85,9,0.17084170800808351,0.1696628750069067,0.17131712500122376,0.16598708300443832,0.1780661670054542,1.0092156524638656,{img2sixel} --threads=1 --precision=float32 --quality=full '--loaders=builtin!' --sampling-policy=full-frame --binning-policy=hard --quantize-model=kmeans:seed=1:binbits=6 --merge-policy=none --cover-policy=off -Xoklab -Woklab --diffusion=fs:scan=raster --gpu-policy=off --lookup-policy=none --palette-type=rgb -p 224 --snap-policy=nearest:timing=once:rate=1:channel_l=0.85 -o {devnull} {input}
85a2674e53a2d7b75c6944b5a87b04ee9ea182b1,macOS-26.5.1-arm64-arm-64bit,natural-snake,natural photograph,224,oklab,OKLab,nearest-all,nearest / all / rate 1,True,nearest,all,1.0,0.85,9,0.18109141700551845,0.17538762498588767,0.18193033398711123,0.17403158399974927,0.18874133299686946,1.069763904257986,{img2sixel} --threads=1 --precision=float32 --quality=full '--loaders=builtin!' --sampling-policy=full-frame --binning-policy=hard --quantize-model=kmeans:seed=1:binbits=6 --merge-policy=none --cover-policy=off -Xoklab -Woklab --diffusion=fs:scan=raster --gpu-policy=off --lookup-policy=none --palette-type=rgb -p 224 --snap-policy=nearest:timing=all:rate=1:channel_l=0.85 -o {devnull} {input}
85a2674e53a2d7b75c6944b5a87b04ee9ea182b1,macOS-26.5.1-arm64-arm-64bit,natural-snake,natural photograph,224,oklab,OKLab,reversible-all,reversible / all / rate 1,True,reversible,all,1.0,0.85,9,0.17439437500433996,0.16869058398879133,0.17457258299691603,0.1670057079900289,0.17899237500387244,1.0302023727584446,{img2sixel} --threads=1 --precision=float32 --quality=full '--loaders=builtin!' --sampling-policy=full-frame --binning-policy=hard --quantize-model=kmeans:seed=1:binbits=6 --merge-policy=none --cover-policy=off -Xoklab -Woklab --diffusion=fs:scan=raster --gpu-policy=off --lookup-policy=none --palette-type=rgb -p 224 --snap-policy=reversible:timing=all:rate=1:channel_l=0.85 -o {devnull} {input}
85a2674e53a2d7b75c6944b5a87b04ee9ea182b1,macOS-26.5.1-arm64-arm-64bit,natural-snake,natural photograph,224,cielab,CIELAB,off,snap off,False,none,off,0.0,0.85,9,0.17644650000147521,0.1751520419929875,0.17747054099163506,0.16871541700675152,0.1791430000012042,1.0,{img2sixel} --threads=1 --precision=float32 --quality=full '--loaders=builtin!' --sampling-policy=full-frame --binning-policy=hard --quantize-model=kmeans:seed=1:binbits=6 --merge-policy=none --cover-policy=off -Xcielab -Wcielab --diffusion=fs:scan=raster --gpu-policy=off --lookup-policy=none --palette-type=rgb -p 224 --snap-policy=none -o {devnull} {input}
85a2674e53a2d7b75c6944b5a87b04ee9ea182b1,macOS-26.5.1-arm64-arm-64bit,natural-snake,natural photograph,224,cielab,CIELAB,nearest-quarter,nearest / all / rate 0.25,True,nearest,all,0.25,0.85,9,0.17872541699034628,0.17675904200586956,0.18151112500345334,0.17410179100988898,0.18282479100162163,1.012915625919766,{img2sixel} --threads=1 --precision=float32 --quality=full '--loaders=builtin!' --sampling-policy=full-frame --binning-policy=hard --quantize-model=kmeans:seed=1:binbits=6 --merge-policy=none --cover-policy=off -Xcielab -Wcielab --diffusion=fs:scan=raster --gpu-policy=off --lookup-policy=none --palette-type=rgb -p 224 --snap-policy=nearest:timing=all:rate=0.25:channel_l=0.85 -o {devnull} {input}
85a2674e53a2d7b75c6944b5a87b04ee9ea182b1,macOS-26.5.1-arm64-arm-64bit,natural-snake,natural photograph,224,cielab,CIELAB,nearest-once,nearest / once / rate 1,True,nearest,once,1.0,0.85,9,0.17249120899941772,0.1712853329954669,0.17466420799610205,0.1699189579958329,0.18420679100381676,0.9775836244866041,{img2sixel} --threads=1 --precision=float32 --quality=full '--loaders=builtin!' --sampling-policy=full-frame --binning-policy=hard --quantize-model=kmeans:seed=1:binbits=6 --merge-policy=none --cover-policy=off -Xcielab -Wcielab --diffusion=fs:scan=raster --gpu-policy=off --lookup-policy=none --palette-type=rgb -p 224 --snap-policy=nearest:timing=once:rate=1:channel_l=0.85 -o {devnull} {input}
85a2674e53a2d7b75c6944b5a87b04ee9ea182b1,macOS-26.5.1-arm64-arm-64bit,natural-snake,natural photograph,224,cielab,CIELAB,nearest-all,nearest / all / rate 1,True,nearest,all,1.0,0.85,9,0.18129716700059362,0.1789187079994008,0.18184629200550262,0.1776887500018347,0.18698129200492986,1.027490865497915,{img2sixel} --threads=1 --precision=float32 --quality=full '--loaders=builtin!' --sampling-policy=full-frame --binning-policy=hard --quantize-model=kmeans:seed=1:binbits=6 --merge-policy=none --cover-policy=off -Xcielab -Wcielab --diffusion=fs:scan=raster --gpu-policy=off --lookup-policy=none --palette-type=rgb -p 224 --snap-policy=nearest:timing=all:rate=1:channel_l=0.85 -o {devnull} {input}
85a2674e53a2d7b75c6944b5a87b04ee9ea182b1,macOS-26.5.1-arm64-arm-64bit,natural-snake,natural photograph,224,cielab,CIELAB,reversible-all,reversible / all / rate 1,True,reversible,all,1.0,0.85,9,0.17907133299740963,0.17665916599798948,0.17964758299058303,0.1747498749900842,0.18475841599865817,1.0148760842290012,{img2sixel} --threads=1 --precision=float32 --quality=full '--loaders=builtin!' --sampling-policy=full-frame --binning-policy=hard --quantize-model=kmeans:seed=1:binbits=6 --merge-policy=none --cover-policy=off -Xcielab -Wcielab --diffusion=fs:scan=raster --gpu-policy=off --lookup-policy=none --palette-type=rgb -p 224 --snap-policy=reversible:timing=all:rate=1:channel_l=0.85 -o {devnull} {input}
85a2674e53a2d7b75c6944b5a87b04ee9ea182b1,macOS-26.5.1-arm64-arm-64bit,natural-snake,natural photograph,224,din99d,DIN99d,off,snap off,False,none,off,0.0,0.85,9,0.19061687499925029,0.1897124579991214,0.19403645800775848,0.18785404099617153,0.20210900000529364,1.0,{img2sixel} --threads=1 --precision=float32 --quality=full '--loaders=builtin!' --sampling-policy=full-frame --binning-policy=hard --quantize-model=kmeans:seed=1:binbits=6 --merge-policy=none --cover-policy=off -Xdin99d -Wdin99d --diffusion=fs:scan=raster --gpu-policy=off --lookup-policy=none --palette-type=rgb -p 224 --snap-policy=none -o {devnull} {input}
85a2674e53a2d7b75c6944b5a87b04ee9ea182b1,macOS-26.5.1-arm64-arm-64bit,natural-snake,natural photograph,224,din99d,DIN99d,nearest-quarter,nearest / all / rate 0.25,True,nearest,all,0.25,0.85,9,0.19965183398744557,0.19748120800068136,0.20153941700118594,0.19654679200903047,0.20960220901179127,1.0473985264328294,{img2sixel} --threads=1 --precision=float32 --quality=full '--loaders=builtin!' --sampling-policy=full-frame --binning-policy=hard --quantize-model=kmeans:seed=1:binbits=6 --merge-policy=none --cover-policy=off -Xdin99d -Wdin99d --diffusion=fs:scan=raster --gpu-policy=off --lookup-policy=none --palette-type=rgb -p 224 --snap-policy=nearest:timing=all:rate=0.25:channel_l=0.85 -o {devnull} {input}
85a2674e53a2d7b75c6944b5a87b04ee9ea182b1,macOS-26.5.1-arm64-arm-64bit,natural-snake,natural photograph,224,din99d,DIN99d,nearest-once,nearest / once / rate 1,True,nearest,once,1.0,0.85,9,0.19315466699481476,0.19076741699245758,0.19706783299625386,0.18764620799629483,0.19766245799837634,1.0133135746537365,{img2sixel} --threads=1 --precision=float32 --quality=full '--loaders=builtin!' --sampling-policy=full-frame --binning-policy=hard --quantize-model=kmeans:seed=1:binbits=6 --merge-policy=none --cover-policy=off -Xdin99d -Wdin99d --diffusion=fs:scan=raster --gpu-policy=off --lookup-policy=none --palette-type=rgb -p 224 --snap-policy=nearest:timing=once:rate=1:channel_l=0.85 -o {devnull} {input}
85a2674e53a2d7b75c6944b5a87b04ee9ea182b1,macOS-26.5.1-arm64-arm-64bit,natural-snake,natural photograph,224,din99d,DIN99d,nearest-all,nearest / all / rate 1,True,nearest,all,1.0,0.85,9,0.19986966699070763,0.1991409579932224,0.2050018750014715,0.19687679200433195,0.229401541990228,1.0485413056503718,{img2sixel} --threads=1 --precision=float32 --quality=full '--loaders=builtin!' --sampling-policy=full-frame --binning-policy=hard --quantize-model=kmeans:seed=1:binbits=6 --merge-policy=none --cover-policy=off -Xdin99d -Wdin99d --diffusion=fs:scan=raster --gpu-policy=off --lookup-policy=none --palette-type=rgb -p 224 --snap-policy=nearest:timing=all:rate=1:channel_l=0.85 -o {devnull} {input}
85a2674e53a2d7b75c6944b5a87b04ee9ea182b1,macOS-26.5.1-arm64-arm-64bit,natural-snake,natural photograph,224,din99d,DIN99d,reversible-all,reversible / all / rate 1,True,reversible,all,1.0,0.85,9,0.1974419579928508,0.19670545800181571,0.1991900419961894,0.19277629200951196,0.2064135830005398,1.035805240189922,{img2sixel} --threads=1 --precision=float32 --quality=full '--loaders=builtin!' --sampling-policy=full-frame --binning-policy=hard --quantize-model=kmeans:seed=1:binbits=6 --merge-policy=none --cover-policy=off -Xdin99d -Wdin99d --diffusion=fs:scan=raster --gpu-policy=off --lookup-policy=none --palette-type=rgb -p 224 --snap-policy=reversible:timing=all:rate=1:channel_l=0.85 -o {devnull} {input}
85a2674e53a2d7b75c6944b5a87b04ee9ea182b1,macOS-26.5.1-arm64-arm-64bit,natural-snake,natural photograph,232,gamma,sRGB gamma,off,snap off,False,none,off,0.0,0.85,9,0.20683650000137277,0.20560091600054875,0.21126808400731534,0.20288483299373183,0.2169736249925336,1.0,{img2sixel} --threads=1 --precision=float32 --quality=full '--loaders=builtin!' --sampling-policy=full-frame --binning-policy=hard --quantize-model=kmeans:seed=1:binbits=6 --merge-policy=none --cover-policy=off -Xgamma -Wgamma --diffusion=fs:scan=raster --gpu-policy=off --lookup-policy=none --palette-type=rgb -p 232 --snap-policy=none -o {devnull} {input}
85a2674e53a2d7b75c6944b5a87b04ee9ea182b1,macOS-26.5.1-arm64-arm-64bit,natural-snake,natural photograph,232,gamma,sRGB gamma,nearest-quarter,nearest / all / rate 0.25,True,nearest,all,0.25,0.85,9,0.2153629579988774,0.2086807079904247,0.21909870801027864,0.20517183300398756,0.22208704099466559,1.0412231786819446,{img2sixel} --threads=1 --precision=float32 --quality=full '--loaders=builtin!' --sampling-policy=full-frame --binning-policy=hard --quantize-model=kmeans:seed=1:binbits=6 --merge-policy=none --cover-policy=off -Xgamma -Wgamma --diffusion=fs:scan=raster --gpu-policy=off --lookup-policy=none --palette-type=rgb -p 232 --snap-policy=nearest:timing=all:rate=0.25:channel_l=0.85 -o {devnull} {input}
85a2674e53a2d7b75c6944b5a87b04ee9ea182b1,macOS-26.5.1-arm64-arm-64bit,natural-snake,natural photograph,232,gamma,sRGB gamma,nearest-once,nearest / once / rate 1,True,nearest,once,1.0,0.85,9,0.20714491698890924,0.20624616599525325,0.20917916699545458,0.2019912500109058,0.21051758299290668,1.001491114902517,{img2sixel} --threads=1 --precision=float32 --quality=full '--loaders=builtin!' --sampling-policy=full-frame --binning-policy=hard --quantize-model=kmeans:seed=1:binbits=6 --merge-policy=none --cover-policy=off -Xgamma -Wgamma --diffusion=fs:scan=raster --gpu-policy=off --lookup-policy=none --palette-type=rgb -p 232 --snap-policy=nearest:timing=once:rate=1:channel_l=0.85 -o {devnull} {input}
85a2674e53a2d7b75c6944b5a87b04ee9ea182b1,macOS-26.5.1-arm64-arm-64bit,natural-snake,natural photograph,232,gamma,sRGB gamma,nearest-all,nearest / all / rate 1,True,nearest,all,1.0,0.85,9,0.20514516699768137,0.20428474999789614,0.20633237500442192,0.19937225000467151,0.21139733400195837,0.9918228503978738,{img2sixel} --threads=1 --precision=float32 --quality=full '--loaders=builtin!' --sampling-policy=full-frame --binning-policy=hard --quantize-model=kmeans:seed=1:binbits=6 --merge-policy=none --cover-policy=off -Xgamma -Wgamma --diffusion=fs:scan=raster --gpu-policy=off --lookup-policy=none --palette-type=rgb -p 232 --snap-policy=nearest:timing=all:rate=1:channel_l=0.85 -o {devnull} {input}
85a2674e53a2d7b75c6944b5a87b04ee9ea182b1,macOS-26.5.1-arm64-arm-64bit,natural-snake,natural photograph,232,gamma,sRGB gamma,reversible-all,reversible / all / rate 1,True,reversible,all,1.0,0.85,9,0.20551087500643916,0.20278383400000166,0.2088257919967873,0.19979708299797494,0.21402687500813045,0.9935909522984347,{img2sixel} --threads=1 --precision=float32 --quality=full '--loaders=builtin!' --sampling-policy=full-frame --binning-policy=hard --quantize-model=kmeans:seed=1:binbits=6 --merge-policy=none --cover-policy=off -Xgamma -Wgamma --diffusion=fs:scan=raster --gpu-policy=off --lookup-policy=none --palette-type=rgb -p 232 --snap-policy=reversible:timing=all:rate=1:channel_l=0.85 -o {devnull} {input}
85a2674e53a2d7b75c6944b5a87b04ee9ea182b1,macOS-26.5.1-arm64-arm-64bit,natural-snake,natural photograph,232,linear,linear RGB,off,snap off,False,none,off,0.0,0.85,9,0.1927832500077784,0.19132329200510867,0.19408929100609384,0.18862095799704548,0.20115666699712165,1.0,{img2sixel} --threads=1 --precision=float32 --quality=full '--loaders=builtin!' --sampling-policy=full-frame --binning-policy=hard --quantize-model=kmeans:seed=1:binbits=6 --merge-policy=none --cover-policy=off -Xlinear -Wlinear --diffusion=fs:scan=raster --gpu-policy=off --lookup-policy=none --palette-type=rgb -p 232 --snap-policy=none -o {devnull} {input}
85a2674e53a2d7b75c6944b5a87b04ee9ea182b1,macOS-26.5.1-arm64-arm-64bit,natural-snake,natural photograph,232,linear,linear RGB,nearest-quarter,nearest / all / rate 0.25,True,nearest,all,0.25,0.85,9,0.20043904100020882,0.19867983300355263,0.20500741599244066,0.19451804101117887,0.20832108399190474,1.0397119095778369,{img2sixel} --threads=1 --precision=float32 --quality=full '--loaders=builtin!' --sampling-policy=full-frame --binning-policy=hard --quantize-model=kmeans:seed=1:binbits=6 --merge-policy=none --cover-policy=off -Xlinear -Wlinear --diffusion=fs:scan=raster --gpu-policy=off --lookup-policy=none --palette-type=rgb -p 232 --snap-policy=nearest:timing=all:rate=0.25:channel_l=0.85 -o {devnull} {input}
85a2674e53a2d7b75c6944b5a87b04ee9ea182b1,macOS-26.5.1-arm64-arm-64bit,natural-snake,natural photograph,232,linear,linear RGB,nearest-once,nearest / once / rate 1,True,nearest,once,1.0,0.85,9,0.19484154199017212,0.19240075000561774,0.19732145800662693,0.18866391699702945,0.20549799999571405,1.0106767158573717,{img2sixel} --threads=1 --precision=float32 --quality=full '--loaders=builtin!' --sampling-policy=full-frame --binning-policy=hard --quantize-model=kmeans:seed=1:binbits=6 --merge-policy=none --cover-policy=off -Xlinear -Wlinear --diffusion=fs:scan=raster --gpu-policy=off --lookup-policy=none --palette-type=rgb -p 232 --snap-policy=nearest:timing=once:rate=1:channel_l=0.85 -o {devnull} {input}
85a2674e53a2d7b75c6944b5a87b04ee9ea182b1,macOS-26.5.1-arm64-arm-64bit,natural-snake,natural photograph,232,linear,linear RGB,nearest-all,nearest / all / rate 1,True,nearest,all,1.0,0.85,9,0.1923559999995632,0.18900374999793712,0.19330441700003576,0.18764054200437386,0.20178387500345707,0.997783780446704,{img2sixel} --threads=1 --precision=float32 --quality=full '--loaders=builtin!' --sampling-policy=full-frame --binning-policy=hard --quantize-model=kmeans:seed=1:binbits=6 --merge-policy=none --cover-policy=off -Xlinear -Wlinear --diffusion=fs:scan=raster --gpu-policy=off --lookup-policy=none --palette-type=rgb -p 232 --snap-policy=nearest:timing=all:rate=1:channel_l=0.85 -o {devnull} {input}
85a2674e53a2d7b75c6944b5a87b04ee9ea182b1,macOS-26.5.1-arm64-arm-64bit,natural-snake,natural photograph,232,linear,linear RGB,reversible-all,reversible / all / rate 1,True,reversible,all,1.0,0.85,9,0.1870905420073541,0.18532016599783674,0.18967083399184048,0.18326424999395385,0.196692040990456,0.9704709408094602,{img2sixel} --threads=1 --precision=float32 --quality=full '--loaders=builtin!' --sampling-policy=full-frame --binning-policy=hard --quantize-model=kmeans:seed=1:binbits=6 --merge-policy=none --cover-policy=off -Xlinear -Wlinear --diffusion=fs:scan=raster --gpu-policy=off --lookup-policy=none --palette-type=rgb -p 232 --snap-policy=reversible:timing=all:rate=1:channel_l=0.85 -o {devnull} {input}
85a2674e53a2d7b75c6944b5a87b04ee9ea182b1,macOS-26.5.1-arm64-arm-64bit,natural-snake,natural photograph,232,oklab,OKLab,off,snap off,False,none,off,0.0,0.85,9,0.17320937500335276,0.17086358300002757,0.17488070800027344,0.16846187500050291,0.17820291699899826,1.0,{img2sixel} --threads=1 --precision=float32 --quality=full '--loaders=builtin!' --sampling-policy=full-frame --binning-policy=hard --quantize-model=kmeans:seed=1:binbits=6 --merge-policy=none --cover-policy=off -Xoklab -Woklab --diffusion=fs:scan=raster --gpu-policy=off --lookup-policy=none --palette-type=rgb -p 232 --snap-policy=none -o {devnull} {input}
85a2674e53a2d7b75c6944b5a87b04ee9ea182b1,macOS-26.5.1-arm64-arm-64bit,natural-snake,natural photograph,232,oklab,OKLab,nearest-quarter,nearest / all / rate 0.25,True,nearest,all,0.25,0.85,9,0.17721612501190975,0.1769546249997802,0.17868537500908133,0.17399570799898356,0.1832320409885142,1.0231324084419762,{img2sixel} --threads=1 --precision=float32 --quality=full '--loaders=builtin!' --sampling-policy=full-frame --binning-policy=hard --quantize-model=kmeans:seed=1:binbits=6 --merge-policy=none --cover-policy=off -Xoklab -Woklab --diffusion=fs:scan=raster --gpu-policy=off --lookup-policy=none --palette-type=rgb -p 232 --snap-policy=nearest:timing=all:rate=0.25:channel_l=0.85 -o {devnull} {input}
85a2674e53a2d7b75c6944b5a87b04ee9ea182b1,macOS-26.5.1-arm64-arm-64bit,natural-snake,natural photograph,232,oklab,OKLab,nearest-once,nearest / once / rate 1,True,nearest,once,1.0,0.85,9,0.17279008400510065,0.1706977080029901,0.1757285000057891,0.16785170799994376,0.17702158300380688,0.9975792823093785,{img2sixel} --threads=1 --precision=float32 --quality=full '--loaders=builtin!' --sampling-policy=full-frame --binning-policy=hard --quantize-model=kmeans:seed=1:binbits=6 --merge-policy=none --cover-policy=off -Xoklab -Woklab --diffusion=fs:scan=raster --gpu-policy=off --lookup-policy=none --palette-type=rgb -p 232 --snap-policy=nearest:timing=once:rate=1:channel_l=0.85 -o {devnull} {input}
85a2674e53a2d7b75c6944b5a87b04ee9ea182b1,macOS-26.5.1-arm64-arm-64bit,natural-snake,natural photograph,232,oklab,OKLab,nearest-all,nearest / all / rate 1,True,nearest,all,1.0,0.85,9,0.18095829100639094,0.1786723749974044,0.1863088750105817,0.1768615420005517,0.1877412089961581,1.0447372782384798,{img2sixel} --threads=1 --precision=float32 --quality=full '--loaders=builtin!' --sampling-policy=full-frame --binning-policy=hard --quantize-model=kmeans:seed=1:binbits=6 --merge-policy=none --cover-policy=off -Xoklab -Woklab --diffusion=fs:scan=raster --gpu-policy=off --lookup-policy=none --palette-type=rgb -p 232 --snap-policy=nearest:timing=all:rate=1:channel_l=0.85 -o {devnull} {input}
85a2674e53a2d7b75c6944b5a87b04ee9ea182b1,macOS-26.5.1-arm64-arm-64bit,natural-snake,natural photograph,232,oklab,OKLab,reversible-all,reversible / all / rate 1,True,reversible,all,1.0,0.85,9,0.17264345799048897,0.1718264579976676,0.17400520900264382,0.16835183301009238,0.17840691699529998,0.9967327576070704,{img2sixel} --threads=1 --precision=float32 --quality=full '--loaders=builtin!' --sampling-policy=full-frame --binning-policy=hard --quantize-model=kmeans:seed=1:binbits=6 --merge-policy=none --cover-policy=off -Xoklab -Woklab --diffusion=fs:scan=raster --gpu-policy=off --lookup-policy=none --palette-type=rgb -p 232 --snap-policy=reversible:timing=all:rate=1:channel_l=0.85 -o {devnull} {input}
85a2674e53a2d7b75c6944b5a87b04ee9ea182b1,macOS-26.5.1-arm64-arm-64bit,natural-snake,natural photograph,232,cielab,CIELAB,off,snap off,False,none,off,0.0,0.85,9,0.1773460420081392,0.17578737500298303,0.1791114999941783,0.1729072080051992,0.18485424999380484,1.0,{img2sixel} --threads=1 --precision=float32 --quality=full '--loaders=builtin!' --sampling-policy=full-frame --binning-policy=hard --quantize-model=kmeans:seed=1:binbits=6 --merge-policy=none --cover-policy=off -Xcielab -Wcielab --diffusion=fs:scan=raster --gpu-policy=off --lookup-policy=none --palette-type=rgb -p 232 --snap-policy=none -o {devnull} {input}
85a2674e53a2d7b75c6944b5a87b04ee9ea182b1,macOS-26.5.1-arm64-arm-64bit,natural-snake,natural photograph,232,cielab,CIELAB,nearest-quarter,nearest / all / rate 0.25,True,nearest,all,0.25,0.85,9,0.18250866699963808,0.18129904200031888,0.18427825000253506,0.17668720800429583,0.18644766698707826,1.0291104607300001,{img2sixel} --threads=1 --precision=float32 --quality=full '--loaders=builtin!' --sampling-policy=full-frame --binning-policy=hard --quantize-model=kmeans:seed=1:binbits=6 --merge-policy=none --cover-policy=off -Xcielab -Wcielab --diffusion=fs:scan=raster --gpu-policy=off --lookup-policy=none --palette-type=rgb -p 232 --snap-policy=nearest:timing=all:rate=0.25:channel_l=0.85 -o {devnull} {input}
85a2674e53a2d7b75c6944b5a87b04ee9ea182b1,macOS-26.5.1-arm64-arm-64bit,natural-snake,natural photograph,232,cielab,CIELAB,nearest-once,nearest / once / rate 1,True,nearest,once,1.0,0.85,9,0.1759655420028139,0.17439066599763464,0.1789445419999538,0.17010908300289884,0.17985112499445677,0.9922157833933393,{img2sixel} --threads=1 --precision=float32 --quality=full '--loaders=builtin!' --sampling-policy=full-frame --binning-policy=hard --quantize-model=kmeans:seed=1:binbits=6 --merge-policy=none --cover-policy=off -Xcielab -Wcielab --diffusion=fs:scan=raster --gpu-policy=off --lookup-policy=none --palette-type=rgb -p 232 --snap-policy=nearest:timing=once:rate=1:channel_l=0.85 -o {devnull} {input}
85a2674e53a2d7b75c6944b5a87b04ee9ea182b1,macOS-26.5.1-arm64-arm-64bit,natural-snake,natural photograph,232,cielab,CIELAB,nearest-all,nearest / all / rate 1,True,nearest,all,1.0,0.85,9,0.18433450000884477,0.18386812500830274,0.18612225000106264,0.17779950000112876,0.18741954099095892,1.039405773715462,{img2sixel} --threads=1 --precision=float32 --quality=full '--loaders=builtin!' --sampling-policy=full-frame --binning-policy=hard --quantize-model=kmeans:seed=1:binbits=6 --merge-policy=none --cover-policy=off -Xcielab -Wcielab --diffusion=fs:scan=raster --gpu-policy=off --lookup-policy=none --palette-type=rgb -p 232 --snap-policy=nearest:timing=all:rate=1:channel_l=0.85 -o {devnull} {input}
85a2674e53a2d7b75c6944b5a87b04ee9ea182b1,macOS-26.5.1-arm64-arm-64bit,natural-snake,natural photograph,232,cielab,CIELAB,reversible-all,reversible / all / rate 1,True,reversible,all,1.0,0.85,9,0.1785134170058882,0.17752779200964142,0.1802892499981681,0.17314387499936856,0.1835319589881692,1.0065824699808943,{img2sixel} --threads=1 --precision=float32 --quality=full '--loaders=builtin!' --sampling-policy=full-frame --binning-policy=hard --quantize-model=kmeans:seed=1:binbits=6 --merge-policy=none --cover-policy=off -Xcielab -Wcielab --diffusion=fs:scan=raster --gpu-policy=off --lookup-policy=none --palette-type=rgb -p 232 --snap-policy=reversible:timing=all:rate=1:channel_l=0.85 -o {devnull} {input}
85a2674e53a2d7b75c6944b5a87b04ee9ea182b1,macOS-26.5.1-arm64-arm-64bit,natural-snake,natural photograph,232,din99d,DIN99d,off,snap off,False,none,off,0.0,0.85,9,0.19608804199378937,0.19414212500851136,0.19928983300633263,0.1918740420078393,0.20363079200615175,1.0,{img2sixel} --threads=1 --precision=float32 --quality=full '--loaders=builtin!' --sampling-policy=full-frame --binning-policy=hard --quantize-model=kmeans:seed=1:binbits=6 --merge-policy=none --cover-policy=off -Xdin99d -Wdin99d --diffusion=fs:scan=raster --gpu-policy=off --lookup-policy=none --palette-type=rgb -p 232 --snap-policy=none -o {devnull} {input}
85a2674e53a2d7b75c6944b5a87b04ee9ea182b1,macOS-26.5.1-arm64-arm-64bit,natural-snake,natural photograph,232,din99d,DIN99d,nearest-quarter,nearest / all / rate 0.25,True,nearest,all,0.25,0.85,9,0.20404766699357424,0.20119904199964367,0.2077649580023717,0.19813812500797212,0.20979970799817238,1.040592097910983,{img2sixel} --threads=1 --precision=float32 --quality=full '--loaders=builtin!' --sampling-policy=full-frame --binning-policy=hard --quantize-model=kmeans:seed=1:binbits=6 --merge-policy=none --cover-policy=off -Xdin99d -Wdin99d --diffusion=fs:scan=raster --gpu-policy=off --lookup-policy=none --palette-type=rgb -p 232 --snap-policy=nearest:timing=all:rate=0.25:channel_l=0.85 -o {devnull} {input}
85a2674e53a2d7b75c6944b5a87b04ee9ea182b1,macOS-26.5.1-arm64-arm-64bit,natural-snake,natural photograph,232,din99d,DIN99d,nearest-once,nearest / once / rate 1,True,nearest,once,1.0,0.85,9,0.19586045799951535,0.19437262500287034,0.19978024999727495,0.19042870799603406,0.20225791698612738,0.9988393785160993,{img2sixel} --threads=1 --precision=float32 --quality=full '--loaders=builtin!' --sampling-policy=full-frame --binning-policy=hard --quantize-model=kmeans:seed=1:binbits=6 --merge-policy=none --cover-policy=off -Xdin99d -Wdin99d --diffusion=fs:scan=raster --gpu-policy=off --lookup-policy=none --palette-type=rgb -p 232 --snap-policy=nearest:timing=once:rate=1:channel_l=0.85 -o {devnull} {input}
85a2674e53a2d7b75c6944b5a87b04ee9ea182b1,macOS-26.5.1-arm64-arm-64bit,natural-snake,natural photograph,232,din99d,DIN99d,nearest-all,nearest / all / rate 1,True,nearest,all,1.0,0.85,9,0.20450412499485537,0.20146037499944214,0.20554145800997503,0.19858199999725912,0.2153787499992177,1.0429199196212717,{img2sixel} --threads=1 --precision=float32 --quality=full '--loaders=builtin!' --sampling-policy=full-frame --binning-policy=hard --quantize-model=kmeans:seed=1:binbits=6 --merge-policy=none --cover-policy=off -Xdin99d -Wdin99d --diffusion=fs:scan=raster --gpu-policy=off --lookup-policy=none --palette-type=rgb -p 232 --snap-policy=nearest:timing=all:rate=1:channel_l=0.85 -o {devnull} {input}
85a2674e53a2d7b75c6944b5a87b04ee9ea182b1,macOS-26.5.1-arm64-arm-64bit,natural-snake,natural photograph,232,din99d,DIN99d,reversible-all,reversible / all / rate 1,True,reversible,all,1.0,0.85,9,0.19536024999979418,0.19214829101110809,0.20063387499249075,0.19120183399354573,0.20493212500878144,0.9962884427495163,{img2sixel} --threads=1 --precision=float32 --quality=full '--loaders=builtin!' --sampling-policy=full-frame --binning-policy=hard --quantize-model=kmeans:seed=1:binbits=6 --merge-policy=none --cover-policy=off -Xdin99d -Wdin99d --diffusion=fs:scan=raster --gpu-policy=off --lookup-policy=none --palette-type=rgb -p 232 --snap-policy=reversible:timing=all:rate=1:channel_l=0.85 -o {devnull} {input}
85a2674e53a2d7b75c6944b5a87b04ee9ea182b1,macOS-26.5.1-arm64-arm-64bit,natural-snake,natural photograph,240,gamma,sRGB gamma,off,snap off,False,none,off,0.0,0.85,9,0.21409983400371857,0.21221925001009367,0.214819125001668,0.2090760830033105,0.21856470800412353,1.0,{img2sixel} --threads=1 --precision=float32 --quality=full '--loaders=builtin!' --sampling-policy=full-frame --binning-policy=hard --quantize-model=kmeans:seed=1:binbits=6 --merge-policy=none --cover-policy=off -Xgamma -Wgamma --diffusion=fs:scan=raster --gpu-policy=off --lookup-policy=none --palette-type=rgb -p 240 --snap-policy=none -o {devnull} {input}
85a2674e53a2d7b75c6944b5a87b04ee9ea182b1,macOS-26.5.1-arm64-arm-64bit,natural-snake,natural photograph,240,gamma,sRGB gamma,nearest-quarter,nearest / all / rate 0.25,True,nearest,all,0.25,0.85,9,0.21588795899879187,0.21515754199936055,0.2166270000016084,0.2110627500078408,0.2213852079876233,1.0083518280310402,{img2sixel} --threads=1 --precision=float32 --quality=full '--loaders=builtin!' --sampling-policy=full-frame --binning-policy=hard --quantize-model=kmeans:seed=1:binbits=6 --merge-policy=none --cover-policy=off -Xgamma -Wgamma --diffusion=fs:scan=raster --gpu-policy=off --lookup-policy=none --palette-type=rgb -p 240 --snap-policy=nearest:timing=all:rate=0.25:channel_l=0.85 -o {devnull} {input}
85a2674e53a2d7b75c6944b5a87b04ee9ea182b1,macOS-26.5.1-arm64-arm-64bit,natural-snake,natural photograph,240,gamma,sRGB gamma,nearest-once,nearest / once / rate 1,True,nearest,once,1.0,0.85,9,0.21325754199642688,0.2126562909979839,0.2153677919995971,0.20994670900108758,0.22085329200490378,0.9960658913575942,{img2sixel} --threads=1 --precision=float32 --quality=full '--loaders=builtin!' --sampling-policy=full-frame --binning-policy=hard --quantize-model=kmeans:seed=1:binbits=6 --merge-policy=none --cover-policy=off -Xgamma -Wgamma --diffusion=fs:scan=raster --gpu-policy=off --lookup-policy=none --palette-type=rgb -p 240 --snap-policy=nearest:timing=once:rate=1:channel_l=0.85 -o {devnull} {input}
85a2674e53a2d7b75c6944b5a87b04ee9ea182b1,macOS-26.5.1-arm64-arm-64bit,natural-snake,natural photograph,240,gamma,sRGB gamma,nearest-all,nearest / all / rate 1,True,nearest,all,1.0,0.85,9,0.2143175419914769,0.21155091699620243,0.21650079199753236,0.20956158300396055,0.2182097079930827,1.0010168526695566,{img2sixel} --threads=1 --precision=float32 --quality=full '--loaders=builtin!' --sampling-policy=full-frame --binning-policy=hard --quantize-model=kmeans:seed=1:binbits=6 --merge-policy=none --cover-policy=off -Xgamma -Wgamma --diffusion=fs:scan=raster --gpu-policy=off --lookup-policy=none --palette-type=rgb -p 240 --snap-policy=nearest:timing=all:rate=1:channel_l=0.85 -o {devnull} {input}
85a2674e53a2d7b75c6944b5a87b04ee9ea182b1,macOS-26.5.1-arm64-arm-64bit,natural-snake,natural photograph,240,gamma,sRGB gamma,reversible-all,reversible / all / rate 1,True,reversible,all,1.0,0.85,9,0.20938854200358037,0.2066524580004625,0.21126962499693036,0.2041729999909876,0.21161670800938737,0.9779948825179549,{img2sixel} --threads=1 --precision=float32 --quality=full '--loaders=builtin!' --sampling-policy=full-frame --binning-policy=hard --quantize-model=kmeans:seed=1:binbits=6 --merge-policy=none --cover-policy=off -Xgamma -Wgamma --diffusion=fs:scan=raster --gpu-policy=off --lookup-policy=none --palette-type=rgb -p 240 --snap-policy=reversible:timing=all:rate=1:channel_l=0.85 -o {devnull} {input}
85a2674e53a2d7b75c6944b5a87b04ee9ea182b1,macOS-26.5.1-arm64-arm-64bit,natural-snake,natural photograph,240,linear,linear RGB,off,snap off,False,none,off,0.0,0.85,9,0.19744912498572376,0.19533929199678823,0.2004741249984363,0.19309649999195244,0.20253445800335612,1.0,{img2sixel} --threads=1 --precision=float32 --quality=full '--loaders=builtin!' --sampling-policy=full-frame --binning-policy=hard --quantize-model=kmeans:seed=1:binbits=6 --merge-policy=none --cover-policy=off -Xlinear -Wlinear --diffusion=fs:scan=raster --gpu-policy=off --lookup-policy=none --palette-type=rgb -p 240 --snap-policy=none -o {devnull} {input}
85a2674e53a2d7b75c6944b5a87b04ee9ea182b1,macOS-26.5.1-arm64-arm-64bit,natural-snake,natural photograph,240,linear,linear RGB,nearest-quarter,nearest / all / rate 0.25,True,nearest,all,0.25,0.85,9,0.20409783300419804,0.20048733399016783,0.2050662500114413,0.198643790994538,0.21058779199665878,1.0336730183988154,{img2sixel} --threads=1 --precision=float32 --quality=full '--loaders=builtin!' --sampling-policy=full-frame --binning-policy=hard --quantize-model=kmeans:seed=1:binbits=6 --merge-policy=none --cover-policy=off -Xlinear -Wlinear --diffusion=fs:scan=raster --gpu-policy=off --lookup-policy=none --palette-type=rgb -p 240 --snap-policy=nearest:timing=all:rate=0.25:channel_l=0.85 -o {devnull} {input}
85a2674e53a2d7b75c6944b5a87b04ee9ea182b1,macOS-26.5.1-arm64-arm-64bit,natural-snake,natural photograph,240,linear,linear RGB,nearest-once,nearest / once / rate 1,True,nearest,once,1.0,0.85,9,0.19723970899940468,0.1946493329887744,0.19805674999952316,0.19248050000169314,0.20232087500335183,0.9989393926849045,{img2sixel} --threads=1 --precision=float32 --quality=full '--loaders=builtin!' --sampling-policy=full-frame --binning-policy=hard --quantize-model=kmeans:seed=1:binbits=6 --merge-policy=none --cover-policy=off -Xlinear -Wlinear --diffusion=fs:scan=raster --gpu-policy=off --lookup-policy=none --palette-type=rgb -p 240 --snap-policy=nearest:timing=once:rate=1:channel_l=0.85 -o {devnull} {input}
85a2674e53a2d7b75c6944b5a87b04ee9ea182b1,macOS-26.5.1-arm64-arm-64bit,natural-snake,natural photograph,240,linear,linear RGB,nearest-all,nearest / all / rate 1,True,nearest,all,1.0,0.85,9,0.19264979199215304,0.19232158300292213,0.19341608400281984,0.18823070799408015,0.20204116699460428,0.9756933184995491,{img2sixel} --threads=1 --precision=float32 --quality=full '--loaders=builtin!' --sampling-policy=full-frame --binning-policy=hard --quantize-model=kmeans:seed=1:binbits=6 --merge-policy=none --cover-policy=off -Xlinear -Wlinear --diffusion=fs:scan=raster --gpu-policy=off --lookup-policy=none --palette-type=rgb -p 240 --snap-policy=nearest:timing=all:rate=1:channel_l=0.85 -o {devnull} {input}
85a2674e53a2d7b75c6944b5a87b04ee9ea182b1,macOS-26.5.1-arm64-arm-64bit,natural-snake,natural photograph,240,linear,linear RGB,reversible-all,reversible / all / rate 1,True,reversible,all,1.0,0.85,9,0.20232262500212528,0.20067754200135823,0.20393850000982638,0.19938562499010004,0.21061287498741876,1.024682307489354,{img2sixel} --threads=1 --precision=float32 --quality=full '--loaders=builtin!' --sampling-policy=full-frame --binning-policy=hard --quantize-model=kmeans:seed=1:binbits=6 --merge-policy=none --cover-policy=off -Xlinear -Wlinear --diffusion=fs:scan=raster --gpu-policy=off --lookup-policy=none --palette-type=rgb -p 240 --snap-policy=reversible:timing=all:rate=1:channel_l=0.85 -o {devnull} {input}
85a2674e53a2d7b75c6944b5a87b04ee9ea182b1,macOS-26.5.1-arm64-arm-64bit,natural-snake,natural photograph,240,oklab,OKLab,off,snap off,False,none,off,0.0,0.85,9,0.17682941698876675,0.17591233299754094,0.1808852910035057,0.17223712499253452,0.18191670799569692,1.0,{img2sixel} --threads=1 --precision=float32 --quality=full '--loaders=builtin!' --sampling-policy=full-frame --binning-policy=hard --quantize-model=kmeans:seed=1:binbits=6 --merge-policy=none --cover-policy=off -Xoklab -Woklab --diffusion=fs:scan=raster --gpu-policy=off --lookup-policy=none --palette-type=rgb -p 240 --snap-policy=none -o {devnull} {input}
85a2674e53a2d7b75c6944b5a87b04ee9ea182b1,macOS-26.5.1-arm64-arm-64bit,natural-snake,natural photograph,240,oklab,OKLab,nearest-quarter,nearest / all / rate 0.25,True,nearest,all,0.25,0.85,9,0.18145666699274443,0.18035808300192002,0.18484279200492892,0.17771637500845827,0.18557050000526942,1.0261678745696008,{img2sixel} --threads=1 --precision=float32 --quality=full '--loaders=builtin!' --sampling-policy=full-frame --binning-policy=hard --quantize-model=kmeans:seed=1:binbits=6 --merge-policy=none --cover-policy=off -Xoklab -Woklab --diffusion=fs:scan=raster --gpu-policy=off --lookup-policy=none --palette-type=rgb -p 240 --snap-policy=nearest:timing=all:rate=0.25:channel_l=0.85 -o {devnull} {input}
85a2674e53a2d7b75c6944b5a87b04ee9ea182b1,macOS-26.5.1-arm64-arm-64bit,natural-snake,natural photograph,240,oklab,OKLab,nearest-once,nearest / once / rate 1,True,nearest,once,1.0,0.85,9,0.17599183300626464,0.1744769159995485,0.17865054099820554,0.17191962500510272,0.18007775000296533,0.9952633221510009,{img2sixel} --threads=1 --precision=float32 --quality=full '--loaders=builtin!' --sampling-policy=full-frame --binning-policy=hard --quantize-model=kmeans:seed=1:binbits=6 --merge-policy=none --cover-policy=off -Xoklab -Woklab --diffusion=fs:scan=raster --gpu-policy=off --lookup-policy=none --palette-type=rgb -p 240 --snap-policy=nearest:timing=once:rate=1:channel_l=0.85 -o {devnull} {input}
85a2674e53a2d7b75c6944b5a87b04ee9ea182b1,macOS-26.5.1-arm64-arm-64bit,natural-snake,natural photograph,240,oklab,OKLab,nearest-all,nearest / all / rate 1,True,nearest,all,1.0,0.85,9,0.18470704100036528,0.18275574999279343,0.18900895900151227,0.18033099999593105,0.19256587499694433,1.0445492845350441,{img2sixel} --threads=1 --precision=float32 --quality=full '--loaders=builtin!' --sampling-policy=full-frame --binning-policy=hard --quantize-model=kmeans:seed=1:binbits=6 --merge-policy=none --cover-policy=off -Xoklab -Woklab --diffusion=fs:scan=raster --gpu-policy=off --lookup-policy=none --palette-type=rgb -p 240 --snap-policy=nearest:timing=all:rate=1:channel_l=0.85 -o {devnull} {input}
85a2674e53a2d7b75c6944b5a87b04ee9ea182b1,macOS-26.5.1-arm64-arm-64bit,natural-snake,natural photograph,240,oklab,OKLab,reversible-all,reversible / all / rate 1,True,reversible,all,1.0,0.85,9,0.18131304200505838,0.17944224999519065,0.18316237500403076,0.1738953330059303,0.18546637501276564,1.0253556511843074,{img2sixel} --threads=1 --precision=float32 --quality=full '--loaders=builtin!' --sampling-policy=full-frame --binning-policy=hard --quantize-model=kmeans:seed=1:binbits=6 --merge-policy=none --cover-policy=off -Xoklab -Woklab --diffusion=fs:scan=raster --gpu-policy=off --lookup-policy=none --palette-type=rgb -p 240 --snap-policy=reversible:timing=all:rate=1:channel_l=0.85 -o {devnull} {input}
85a2674e53a2d7b75c6944b5a87b04ee9ea182b1,macOS-26.5.1-arm64-arm-64bit,natural-snake,natural photograph,240,cielab,CIELAB,off,snap off,False,none,off,0.0,0.85,9,0.18284295799094252,0.1795781669934513,0.1829006250045495,0.1754819170018891,0.1900115000025835,1.0,{img2sixel} --threads=1 --precision=float32 --quality=full '--loaders=builtin!' --sampling-policy=full-frame --binning-policy=hard --quantize-model=kmeans:seed=1:binbits=6 --merge-policy=none --cover-policy=off -Xcielab -Wcielab --diffusion=fs:scan=raster --gpu-policy=off --lookup-policy=none --palette-type=rgb -p 240 --snap-policy=none -o {devnull} {input}
85a2674e53a2d7b75c6944b5a87b04ee9ea182b1,macOS-26.5.1-arm64-arm-64bit,natural-snake,natural photograph,240,cielab,CIELAB,nearest-quarter,nearest / all / rate 0.25,True,nearest,all,0.25,0.85,9,0.18512058300257195,0.18439829100680072,0.1864179999975022,0.18012245900172275,0.193637292002677,1.0124567280941836,{img2sixel} --threads=1 --precision=float32 --quality=full '--loaders=builtin!' --sampling-policy=full-frame --binning-policy=hard --quantize-model=kmeans:seed=1:binbits=6 --merge-policy=none --cover-policy=off -Xcielab -Wcielab --diffusion=fs:scan=raster --gpu-policy=off --lookup-policy=none --palette-type=rgb -p 240 --snap-policy=nearest:timing=all:rate=0.25:channel_l=0.85 -o {devnull} {input}
85a2674e53a2d7b75c6944b5a87b04ee9ea182b1,macOS-26.5.1-arm64-arm-64bit,natural-snake,natural photograph,240,cielab,CIELAB,nearest-once,nearest / once / rate 1,True,nearest,once,1.0,0.85,9,0.17919883399736136,0.1781630839977879,0.17993187499814667,0.17459087500174064,0.18552374999853782,0.9800696508434211,{img2sixel} --threads=1 --precision=float32 --quality=full '--loaders=builtin!' --sampling-policy=full-frame --binning-policy=hard --quantize-model=kmeans:seed=1:binbits=6 --merge-policy=none --cover-policy=off -Xcielab -Wcielab --diffusion=fs:scan=raster --gpu-policy=off --lookup-policy=none --palette-type=rgb -p 240 --snap-policy=nearest:timing=once:rate=1:channel_l=0.85 -o {devnull} {input}
85a2674e53a2d7b75c6944b5a87b04ee9ea182b1,macOS-26.5.1-arm64-arm-64bit,natural-snake,natural photograph,240,cielab,CIELAB,nearest-all,nearest / all / rate 1,True,nearest,all,1.0,0.85,9,0.18715133299701847,0.18550620799942408,0.18919979099882767,0.1838297920039622,0.19598154099367093,1.023563253698233,{img2sixel} --threads=1 --precision=float32 --quality=full '--loaders=builtin!' --sampling-policy=full-frame --binning-policy=hard --quantize-model=kmeans:seed=1:binbits=6 --merge-policy=none --cover-policy=off -Xcielab -Wcielab --diffusion=fs:scan=raster --gpu-policy=off --lookup-policy=none --palette-type=rgb -p 240 --snap-policy=nearest:timing=all:rate=1:channel_l=0.85 -o {devnull} {input}
85a2674e53a2d7b75c6944b5a87b04ee9ea182b1,macOS-26.5.1-arm64-arm-64bit,natural-snake,natural photograph,240,cielab,CIELAB,reversible-all,reversible / all / rate 1,True,reversible,all,1.0,0.85,9,0.18514070801029447,0.18400262499926612,0.18727008299902081,0.18026850000023842,0.1885467500105733,1.0125667952684607,{img2sixel} --threads=1 --precision=float32 --quality=full '--loaders=builtin!' --sampling-policy=full-frame --binning-policy=hard --quantize-model=kmeans:seed=1:binbits=6 --merge-policy=none --cover-policy=off -Xcielab -Wcielab --diffusion=fs:scan=raster --gpu-policy=off --lookup-policy=none --palette-type=rgb -p 240 --snap-policy=reversible:timing=all:rate=1:channel_l=0.85 -o {devnull} {input}
85a2674e53a2d7b75c6944b5a87b04ee9ea182b1,macOS-26.5.1-arm64-arm-64bit,natural-snake,natural photograph,240,din99d,DIN99d,off,snap off,False,none,off,0.0,0.85,9,0.19991641699743923,0.1986466670059599,0.20056483399821445,0.19577337500231806,0.20380375000240747,1.0,{img2sixel} --threads=1 --precision=float32 --quality=full '--loaders=builtin!' --sampling-policy=full-frame --binning-policy=hard --quantize-model=kmeans:seed=1:binbits=6 --merge-policy=none --cover-policy=off -Xdin99d -Wdin99d --diffusion=fs:scan=raster --gpu-policy=off --lookup-policy=none --palette-type=rgb -p 240 --snap-policy=none -o {devnull} {input}
85a2674e53a2d7b75c6944b5a87b04ee9ea182b1,macOS-26.5.1-arm64-arm-64bit,natural-snake,natural photograph,240,din99d,DIN99d,nearest-quarter,nearest / all / rate 0.25,True,nearest,all,0.25,0.85,9,0.20841712500259746,0.20613825001055375,0.21022633300162852,0.20260324999981094,0.2185110409918707,1.042521310319738,{img2sixel} --threads=1 --precision=float32 --quality=full '--loaders=builtin!' --sampling-policy=full-frame --binning-policy=hard --quantize-model=kmeans:seed=1:binbits=6 --merge-policy=none --cover-policy=off -Xdin99d -Wdin99d --diffusion=fs:scan=raster --gpu-policy=off --lookup-policy=none --palette-type=rgb -p 240 --snap-policy=nearest:timing=all:rate=0.25:channel_l=0.85 -o {devnull} {input}
85a2674e53a2d7b75c6944b5a87b04ee9ea182b1,macOS-26.5.1-arm64-arm-64bit,natural-snake,natural photograph,240,din99d,DIN99d,nearest-once,nearest / once / rate 1,True,nearest,once,1.0,0.85,9,0.1985788330057403,0.19741291699756403,0.19933133298764005,0.1945982090110192,0.20651224999164697,0.993309283890797,{img2sixel} --threads=1 --precision=float32 --quality=full '--loaders=builtin!' --sampling-policy=full-frame --binning-policy=hard --quantize-model=kmeans:seed=1:binbits=6 --merge-policy=none --cover-policy=off -Xdin99d -Wdin99d --diffusion=fs:scan=raster --gpu-policy=off --lookup-policy=none --palette-type=rgb -p 240 --snap-policy=nearest:timing=once:rate=1:channel_l=0.85 -o {devnull} {input}
85a2674e53a2d7b75c6944b5a87b04ee9ea182b1,macOS-26.5.1-arm64-arm-64bit,natural-snake,natural photograph,240,din99d,DIN99d,nearest-all,nearest / all / rate 1,True,nearest,all,1.0,0.85,9,0.2095980000012787,0.2072713749948889,0.21127966699714307,0.2049679589981679,0.21517229100572877,1.0484281538717428,{img2sixel} --threads=1 --precision=float32 --quality=full '--loaders=builtin!' --sampling-policy=full-frame --binning-policy=hard --quantize-model=kmeans:seed=1:binbits=6 --merge-policy=none --cover-policy=off -Xdin99d -Wdin99d --diffusion=fs:scan=raster --gpu-policy=off --lookup-policy=none --palette-type=rgb -p 240 --snap-policy=nearest:timing=all:rate=1:channel_l=0.85 -o {devnull} {input}
85a2674e53a2d7b75c6944b5a87b04ee9ea182b1,macOS-26.5.1-arm64-arm-64bit,natural-snake,natural photograph,240,din99d,DIN99d,reversible-all,reversible / all / rate 1,True,reversible,all,1.0,0.85,9,0.2042642909946153,0.20214916599798016,0.20579187500698026,0.19915433299320284,0.20970379198843148,1.021748458993399,{img2sixel} --threads=1 --precision=float32 --quality=full '--loaders=builtin!' --sampling-policy=full-frame --binning-policy=hard --quantize-model=kmeans:seed=1:binbits=6 --merge-policy=none --cover-policy=off -Xdin99d -Wdin99d --diffusion=fs:scan=raster --gpu-policy=off --lookup-policy=none --palette-type=rgb -p 240 --snap-policy=reversible:timing=all:rate=1:channel_l=0.85 -o {devnull} {input}
85a2674e53a2d7b75c6944b5a87b04ee9ea182b1,macOS-26.5.1-arm64-arm-64bit,natural-snake,natural photograph,248,gamma,sRGB gamma,off,snap off,False,none,off,0.0,0.85,9,0.22248145799676422,0.22177087499585468,0.22581262499443255,0.22094058399670757,0.23304283399193082,1.0,{img2sixel} --threads=1 --precision=float32 --quality=full '--loaders=builtin!' --sampling-policy=full-frame --binning-policy=hard --quantize-model=kmeans:seed=1:binbits=6 --merge-policy=none --cover-policy=off -Xgamma -Wgamma --diffusion=fs:scan=raster --gpu-policy=off --lookup-policy=none --palette-type=rgb -p 248 --snap-policy=none -o {devnull} {input}
85a2674e53a2d7b75c6944b5a87b04ee9ea182b1,macOS-26.5.1-arm64-arm-64bit,natural-snake,natural photograph,248,gamma,sRGB gamma,nearest-quarter,nearest / all / rate 0.25,True,nearest,all,0.25,0.85,9,0.2270442919980269,0.22404712499701418,0.22945441699994262,0.2224421249993611,0.2326210000028368,1.0205088282068389,{img2sixel} --threads=1 --precision=float32 --quality=full '--loaders=builtin!' --sampling-policy=full-frame --binning-policy=hard --quantize-model=kmeans:seed=1:binbits=6 --merge-policy=none --cover-policy=off -Xgamma -Wgamma --diffusion=fs:scan=raster --gpu-policy=off --lookup-policy=none --palette-type=rgb -p 248 --snap-policy=nearest:timing=all:rate=0.25:channel_l=0.85 -o {devnull} {input}
85a2674e53a2d7b75c6944b5a87b04ee9ea182b1,macOS-26.5.1-arm64-arm-64bit,natural-snake,natural photograph,248,gamma,sRGB gamma,nearest-once,nearest / once / rate 1,True,nearest,once,1.0,0.85,9,0.22511395798937883,0.22153633399284445,0.22695991600630805,0.22023762499156874,0.22889883299649227,1.0118324466960877,{img2sixel} --threads=1 --precision=float32 --quality=full '--loaders=builtin!' --sampling-policy=full-frame --binning-policy=hard --quantize-model=kmeans:seed=1:binbits=6 --merge-policy=none --cover-policy=off -Xgamma -Wgamma --diffusion=fs:scan=raster --gpu-policy=off --lookup-policy=none --palette-type=rgb -p 248 --snap-policy=nearest:timing=once:rate=1:channel_l=0.85 -o {devnull} {input}
85a2674e53a2d7b75c6944b5a87b04ee9ea182b1,macOS-26.5.1-arm64-arm-64bit,natural-snake,natural photograph,248,gamma,sRGB gamma,nearest-all,nearest / all / rate 1,True,nearest,all,1.0,0.85,9,0.2227005840104539,0.21773783401295077,0.22474350000265986,0.2149899160140194,0.22844058398914058,1.0009849180945805,{img2sixel} --threads=1 --precision=float32 --quality=full '--loaders=builtin!' --sampling-policy=full-frame --binning-policy=hard --quantize-model=kmeans:seed=1:binbits=6 --merge-policy=none --cover-policy=off -Xgamma -Wgamma --diffusion=fs:scan=raster --gpu-policy=off --lookup-policy=none --palette-type=rgb -p 248 --snap-policy=nearest:timing=all:rate=1:channel_l=0.85 -o {devnull} {input}
85a2674e53a2d7b75c6944b5a87b04ee9ea182b1,macOS-26.5.1-arm64-arm-64bit,natural-snake,natural photograph,248,gamma,sRGB gamma,reversible-all,reversible / all / rate 1,True,reversible,all,1.0,0.85,9,0.21354141600022558,0.21284758399997372,0.2160363329894608,0.21076375000120606,0.21824383299099281,0.9598166873004371,{img2sixel} --threads=1 --precision=float32 --quality=full '--loaders=builtin!' --sampling-policy=full-frame --binning-policy=hard --quantize-model=kmeans:seed=1:binbits=6 --merge-policy=none --cover-policy=off -Xgamma -Wgamma --diffusion=fs:scan=raster --gpu-policy=off --lookup-policy=none --palette-type=rgb -p 248 --snap-policy=reversible:timing=all:rate=1:channel_l=0.85 -o {devnull} {input}
85a2674e53a2d7b75c6944b5a87b04ee9ea182b1,macOS-26.5.1-arm64-arm-64bit,natural-snake,natural photograph,248,linear,linear RGB,off,snap off,False,none,off,0.0,0.85,9,0.20716224999341648,0.20379045899608172,0.20835370899294503,0.20334054200793616,0.21022441699460614,1.0,{img2sixel} --threads=1 --precision=float32 --quality=full '--loaders=builtin!' --sampling-policy=full-frame --binning-policy=hard --quantize-model=kmeans:seed=1:binbits=6 --merge-policy=none --cover-policy=off -Xlinear -Wlinear --diffusion=fs:scan=raster --gpu-policy=off --lookup-policy=none --palette-type=rgb -p 248 --snap-policy=none -o {devnull} {input}
85a2674e53a2d7b75c6944b5a87b04ee9ea182b1,macOS-26.5.1-arm64-arm-64bit,natural-snake,natural photograph,248,linear,linear RGB,nearest-quarter,nearest / all / rate 0.25,True,nearest,all,0.25,0.85,9,0.21363283299433533,0.2108191659935983,0.21744004198990297,0.2076485409925226,0.23866958401049487,1.0312343730632607,{img2sixel} --threads=1 --precision=float32 --quality=full '--loaders=builtin!' --sampling-policy=full-frame --binning-policy=hard --quantize-model=kmeans:seed=1:binbits=6 --merge-policy=none --cover-policy=off -Xlinear -Wlinear --diffusion=fs:scan=raster --gpu-policy=off --lookup-policy=none --palette-type=rgb -p 248 --snap-policy=nearest:timing=all:rate=0.25:channel_l=0.85 -o {devnull} {input}
85a2674e53a2d7b75c6944b5a87b04ee9ea182b1,macOS-26.5.1-arm64-arm-64bit,natural-snake,natural photograph,248,linear,linear RGB,nearest-once,nearest / once / rate 1,True,nearest,once,1.0,0.85,9,0.20660074999614153,0.2030476250074571,0.21151799999643117,0.20101200000499375,0.24709683399123605,0.9972895641107741,{img2sixel} --threads=1 --precision=float32 --quality=full '--loaders=builtin!' --sampling-policy=full-frame --binning-policy=hard --quantize-model=kmeans:seed=1:binbits=6 --merge-policy=none --cover-policy=off -Xlinear -Wlinear --diffusion=fs:scan=raster --gpu-policy=off --lookup-policy=none --palette-type=rgb -p 248 --snap-policy=nearest:timing=once:rate=1:channel_l=0.85 -o {devnull} {input}
85a2674e53a2d7b75c6944b5a87b04ee9ea182b1,macOS-26.5.1-arm64-arm-64bit,natural-snake,natural photograph,248,linear,linear RGB,nearest-all,nearest / all / rate 1,True,nearest,all,1.0,0.85,9,0.202775040990673,0.19963012500375044,0.20527695800410584,0.1967099579924252,0.20962049999798182,0.9788223529968278,{img2sixel} --threads=1 --precision=float32 --quality=full '--loaders=builtin!' --sampling-policy=full-frame --binning-policy=hard --quantize-model=kmeans:seed=1:binbits=6 --merge-policy=none --cover-policy=off -Xlinear -Wlinear --diffusion=fs:scan=raster --gpu-policy=off --lookup-policy=none --palette-type=rgb -p 248 --snap-policy=nearest:timing=all:rate=1:channel_l=0.85 -o {devnull} {input}
85a2674e53a2d7b75c6944b5a87b04ee9ea182b1,macOS-26.5.1-arm64-arm-64bit,natural-snake,natural photograph,248,linear,linear RGB,reversible-all,reversible / all / rate 1,True,reversible,all,1.0,0.85,9,0.2059469999949215,0.20530033299291972,0.2080775420035934,0.20307816698914394,0.21246187499491498,0.9941338250644912,{img2sixel} --threads=1 --precision=float32 --quality=full '--loaders=builtin!' --sampling-policy=full-frame --binning-policy=hard --quantize-model=kmeans:seed=1:binbits=6 --merge-policy=none --cover-policy=off -Xlinear -Wlinear --diffusion=fs:scan=raster --gpu-policy=off --lookup-policy=none --palette-type=rgb -p 248 --snap-policy=reversible:timing=all:rate=1:channel_l=0.85 -o {devnull} {input}
85a2674e53a2d7b75c6944b5a87b04ee9ea182b1,macOS-26.5.1-arm64-arm-64bit,natural-snake,natural photograph,248,oklab,OKLab,off,snap off,False,none,off,0.0,0.85,9,0.18255533400224522,0.1809347499947762,0.18628812501265202,0.1801721660012845,0.18829570901289117,1.0,{img2sixel} --threads=1 --precision=float32 --quality=full '--loaders=builtin!' --sampling-policy=full-frame --binning-policy=hard --quantize-model=kmeans:seed=1:binbits=6 --merge-policy=none --cover-policy=off -Xoklab -Woklab --diffusion=fs:scan=raster --gpu-policy=off --lookup-policy=none --palette-type=rgb -p 248 --snap-policy=none -o {devnull} {input}
85a2674e53a2d7b75c6944b5a87b04ee9ea182b1,macOS-26.5.1-arm64-arm-64bit,natural-snake,natural photograph,248,oklab,OKLab,nearest-quarter,nearest / all / rate 0.25,True,nearest,all,0.25,0.85,9,0.1870176250085933,0.18576612501055934,0.18952633399749175,0.18504937500983942,0.19485904200701043,1.0244434983548232,{img2sixel} --threads=1 --precision=float32 --quality=full '--loaders=builtin!' --sampling-policy=full-frame --binning-policy=hard --quantize-model=kmeans:seed=1:binbits=6 --merge-policy=none --cover-policy=off -Xoklab -Woklab --diffusion=fs:scan=raster --gpu-policy=off --lookup-policy=none --palette-type=rgb -p 248 --snap-policy=nearest:timing=all:rate=0.25:channel_l=0.85 -o {devnull} {input}
85a2674e53a2d7b75c6944b5a87b04ee9ea182b1,macOS-26.5.1-arm64-arm-64bit,natural-snake,natural photograph,248,oklab,OKLab,nearest-once,nearest / once / rate 1,True,nearest,once,1.0,0.85,9,0.18278037500567734,0.1813275829917984,0.18393533299968112,0.17956129100639373,0.1876927919947775,1.0012327276256379,{img2sixel} --threads=1 --precision=float32 --quality=full '--loaders=builtin!' --sampling-policy=full-frame --binning-policy=hard --quantize-model=kmeans:seed=1:binbits=6 --merge-policy=none --cover-policy=off -Xoklab -Woklab --diffusion=fs:scan=raster --gpu-policy=off --lookup-policy=none --palette-type=rgb -p 248 --snap-policy=nearest:timing=once:rate=1:channel_l=0.85 -o {devnull} {input}
85a2674e53a2d7b75c6944b5a87b04ee9ea182b1,macOS-26.5.1-arm64-arm-64bit,natural-snake,natural photograph,248,oklab,OKLab,nearest-all,nearest / all / rate 1,True,nearest,all,1.0,0.85,9,0.191527542003314,0.18901612500485498,0.19252195800072514,0.18797904200619087,0.19925841699296143,1.0491478819290947,{img2sixel} --threads=1 --precision=float32 --quality=full '--loaders=builtin!' --sampling-policy=full-frame --binning-policy=hard --quantize-model=kmeans:seed=1:binbits=6 --merge-policy=none --cover-policy=off -Xoklab -Woklab --diffusion=fs:scan=raster --gpu-policy=off --lookup-policy=none --palette-type=rgb -p 248 --snap-policy=nearest:timing=all:rate=1:channel_l=0.85 -o {devnull} {input}
85a2674e53a2d7b75c6944b5a87b04ee9ea182b1,macOS-26.5.1-arm64-arm-64bit,natural-snake,natural photograph,248,oklab,OKLab,reversible-all,reversible / all / rate 1,True,reversible,all,1.0,0.85,9,0.1862258750043111,0.18360862499685027,0.18853483299608342,0.1822214999992866,0.1993125000008149,1.0201064571579197,{img2sixel} --threads=1 --precision=float32 --quality=full '--loaders=builtin!' --sampling-policy=full-frame --binning-policy=hard --quantize-model=kmeans:seed=1:binbits=6 --merge-policy=none --cover-policy=off -Xoklab -Woklab --diffusion=fs:scan=raster --gpu-policy=off --lookup-policy=none --palette-type=rgb -p 248 --snap-policy=reversible:timing=all:rate=1:channel_l=0.85 -o {devnull} {input}
85a2674e53a2d7b75c6944b5a87b04ee9ea182b1,macOS-26.5.1-arm64-arm-64bit,natural-snake,natural photograph,248,cielab,CIELAB,off,snap off,False,none,off,0.0,0.85,9,0.1875495420099469,0.18552025000099093,0.18835958300041966,0.18316650000633672,0.18952174999867566,1.0,{img2sixel} --threads=1 --precision=float32 --quality=full '--loaders=builtin!' --sampling-policy=full-frame --binning-policy=hard --quantize-model=kmeans:seed=1:binbits=6 --merge-policy=none --cover-policy=off -Xcielab -Wcielab --diffusion=fs:scan=raster --gpu-policy=off --lookup-policy=none --palette-type=rgb -p 248 --snap-policy=none -o {devnull} {input}
85a2674e53a2d7b75c6944b5a87b04ee9ea182b1,macOS-26.5.1-arm64-arm-64bit,natural-snake,natural photograph,248,cielab,CIELAB,nearest-quarter,nearest / all / rate 0.25,True,nearest,all,0.25,0.85,9,0.191235708000022,0.1872804580052616,0.19229591600014828,0.18597545800730586,0.19517454200831708,1.019654358792727,{img2sixel} --threads=1 --precision=float32 --quality=full '--loaders=builtin!' --sampling-policy=full-frame --binning-policy=hard --quantize-model=kmeans:seed=1:binbits=6 --merge-policy=none --cover-policy=off -Xcielab -Wcielab --diffusion=fs:scan=raster --gpu-policy=off --lookup-policy=none --palette-type=rgb -p 248 --snap-policy=nearest:timing=all:rate=0.25:channel_l=0.85 -o {devnull} {input}
85a2674e53a2d7b75c6944b5a87b04ee9ea182b1,macOS-26.5.1-arm64-arm-64bit,natural-snake,natural photograph,248,cielab,CIELAB,nearest-once,nearest / once / rate 1,True,nearest,once,1.0,0.85,9,0.18655008300265763,0.18456625001272187,0.18808520799211692,0.18164441699627787,0.19018874999892432,0.9946709600216659,{img2sixel} --threads=1 --precision=float32 --quality=full '--loaders=builtin!' --sampling-policy=full-frame --binning-policy=hard --quantize-model=kmeans:seed=1:binbits=6 --merge-policy=none --cover-policy=off -Xcielab -Wcielab --diffusion=fs:scan=raster --gpu-policy=off --lookup-policy=none --palette-type=rgb -p 248 --snap-policy=nearest:timing=once:rate=1:channel_l=0.85 -o {devnull} {input}
85a2674e53a2d7b75c6944b5a87b04ee9ea182b1,macOS-26.5.1-arm64-arm-64bit,natural-snake,natural photograph,248,cielab,CIELAB,nearest-all,nearest / all / rate 1,True,nearest,all,1.0,0.85,9,0.19576545800373424,0.1922767920041224,0.19822750000457745,0.19024704200273845,0.2007520830084104,1.0438066438645401,{img2sixel} --threads=1 --precision=float32 --quality=full '--loaders=builtin!' --sampling-policy=full-frame --binning-policy=hard --quantize-model=kmeans:seed=1:binbits=6 --merge-policy=none --cover-policy=off -Xcielab -Wcielab --diffusion=fs:scan=raster --gpu-policy=off --lookup-policy=none --palette-type=rgb -p 248 --snap-policy=nearest:timing=all:rate=1:channel_l=0.85 -o {devnull} {input}
85a2674e53a2d7b75c6944b5a87b04ee9ea182b1,macOS-26.5.1-arm64-arm-64bit,natural-snake,natural photograph,248,cielab,CIELAB,reversible-all,reversible / all / rate 1,True,reversible,all,1.0,0.85,9,0.19247454199648928,0.18943791699712165,0.19338016699475702,0.18858229200122878,0.1966730840067612,1.0262597281430907,{img2sixel} --threads=1 --precision=float32 --quality=full '--loaders=builtin!' --sampling-policy=full-frame --binning-policy=hard --quantize-model=kmeans:seed=1:binbits=6 --merge-policy=none --cover-policy=off -Xcielab -Wcielab --diffusion=fs:scan=raster --gpu-policy=off --lookup-policy=none --palette-type=rgb -p 248 --snap-policy=reversible:timing=all:rate=1:channel_l=0.85 -o {devnull} {input}
85a2674e53a2d7b75c6944b5a87b04ee9ea182b1,macOS-26.5.1-arm64-arm-64bit,natural-snake,natural photograph,248,din99d,DIN99d,off,snap off,False,none,off,0.0,0.85,9,0.2058543750026729,0.20364550000522286,0.20752670799265616,0.2018136249971576,0.21842354201362468,1.0,{img2sixel} --threads=1 --precision=float32 --quality=full '--loaders=builtin!' --sampling-policy=full-frame --binning-policy=hard --quantize-model=kmeans:seed=1:binbits=6 --merge-policy=none --cover-policy=off -Xdin99d -Wdin99d --diffusion=fs:scan=raster --gpu-policy=off --lookup-policy=none --palette-type=rgb -p 248 --snap-policy=none -o {devnull} {input}
85a2674e53a2d7b75c6944b5a87b04ee9ea182b1,macOS-26.5.1-arm64-arm-64bit,natural-snake,natural photograph,248,din99d,DIN99d,nearest-quarter,nearest / all / rate 0.25,True,nearest,all,0.25,0.85,9,0.21304658299777657,0.21234437500243075,0.2167342920001829,0.2114104999927804,0.2274944999953732,1.0349383295594776,{img2sixel} --threads=1 --precision=float32 --quality=full '--loaders=builtin!' --sampling-policy=full-frame --binning-policy=hard --quantize-model=kmeans:seed=1:binbits=6 --merge-policy=none --cover-policy=off -Xdin99d -Wdin99d --diffusion=fs:scan=raster --gpu-policy=off --lookup-policy=none --palette-type=rgb -p 248 --snap-policy=nearest:timing=all:rate=0.25:channel_l=0.85 -o {devnull} {input}
85a2674e53a2d7b75c6944b5a87b04ee9ea182b1,macOS-26.5.1-arm64-arm-64bit,natural-snake,natural photograph,248,din99d,DIN99d,nearest-once,nearest / once / rate 1,True,nearest,once,1.0,0.85,9,0.2040071670053294,0.20331320799596142,0.20865554199554026,0.20041237500845455,0.23425891700026114,0.9910266274529287,{img2sixel} --threads=1 --precision=float32 --quality=full '--loaders=builtin!' --sampling-policy=full-frame --binning-policy=hard --quantize-model=kmeans:seed=1:binbits=6 --merge-policy=none --cover-policy=off -Xdin99d -Wdin99d --diffusion=fs:scan=raster --gpu-policy=off --lookup-policy=none --palette-type=rgb -p 248 --snap-policy=nearest:timing=once:rate=1:channel_l=0.85 -o {devnull} {input}
85a2674e53a2d7b75c6944b5a87b04ee9ea182b1,macOS-26.5.1-arm64-arm-64bit,natural-snake,natural photograph,248,din99d,DIN99d,nearest-all,nearest / all / rate 1,True,nearest,all,1.0,0.85,9,0.2170516670012148,0.21449637500336394,0.22185904199432116,0.21332791598979384,0.22293233399977908,1.054394238637855,{img2sixel} --threads=1 --precision=float32 --quality=full '--loaders=builtin!' --sampling-policy=full-frame --binning-policy=hard --quantize-model=kmeans:seed=1:binbits=6 --merge-policy=none --cover-policy=off -Xdin99d -Wdin99d --diffusion=fs:scan=raster --gpu-policy=off --lookup-policy=none --palette-type=rgb -p 248 --snap-policy=nearest:timing=all:rate=1:channel_l=0.85 -o {devnull} {input}
85a2674e53a2d7b75c6944b5a87b04ee9ea182b1,macOS-26.5.1-arm64-arm-64bit,natural-snake,natural photograph,248,din99d,DIN99d,reversible-all,reversible / all / rate 1,True,reversible,all,1.0,0.85,9,0.21121179200417828,0.20992387500882614,0.21394304100249428,0.20878125001036096,0.21748766698874533,1.0260252763704236,{img2sixel} --threads=1 --precision=float32 --quality=full '--loaders=builtin!' --sampling-policy=full-frame --binning-policy=hard --quantize-model=kmeans:seed=1:binbits=6 --merge-policy=none --cover-policy=off -Xdin99d -Wdin99d --diffusion=fs:scan=raster --gpu-policy=off --lookup-policy=none --palette-type=rgb -p 248 --snap-policy=reversible:timing=all:rate=1:channel_l=0.85 -o {devnull} {input}
85a2674e53a2d7b75c6944b5a87b04ee9ea182b1,macOS-26.5.1-arm64-arm-64bit,natural-snake,natural photograph,256,gamma,sRGB gamma,off,snap off,False,none,off,0.0,0.85,9,0.22436437499709427,0.2234977079933742,0.22846737499639858,0.21791525000298861,0.2305613749922486,1.0,{img2sixel} --threads=1 --precision=float32 --quality=full '--loaders=builtin!' --sampling-policy=full-frame --binning-policy=hard --quantize-model=kmeans:seed=1:binbits=6 --merge-policy=none --cover-policy=off -Xgamma -Wgamma --diffusion=fs:scan=raster --gpu-policy=off --lookup-policy=none --palette-type=rgb -p 256 --snap-policy=none -o {devnull} {input}
85a2674e53a2d7b75c6944b5a87b04ee9ea182b1,macOS-26.5.1-arm64-arm-64bit,natural-snake,natural photograph,256,gamma,sRGB gamma,nearest-quarter,nearest / all / rate 0.25,True,nearest,all,0.25,0.85,9,0.23095174999616574,0.2270851670036791,0.23391974999685772,0.22483524998824578,0.24044129200046882,1.029360164683706,{img2sixel} --threads=1 --precision=float32 --quality=full '--loaders=builtin!' --sampling-policy=full-frame --binning-policy=hard --quantize-model=kmeans:seed=1:binbits=6 --merge-policy=none --cover-policy=off -Xgamma -Wgamma --diffusion=fs:scan=raster --gpu-policy=off --lookup-policy=none --palette-type=rgb -p 256 --snap-policy=nearest:timing=all:rate=0.25:channel_l=0.85 -o {devnull} {input}
85a2674e53a2d7b75c6944b5a87b04ee9ea182b1,macOS-26.5.1-arm64-arm-64bit,natural-snake,natural photograph,256,gamma,sRGB gamma,nearest-once,nearest / once / rate 1,True,nearest,once,1.0,0.85,9,0.22357854200527072,0.2223741250054445,0.22765999998955522,0.21927299999515526,0.22888445798889734,0.996497514403373,{img2sixel} --threads=1 --precision=float32 --quality=full '--loaders=builtin!' --sampling-policy=full-frame --binning-policy=hard --quantize-model=kmeans:seed=1:binbits=6 --merge-policy=none --cover-policy=off -Xgamma -Wgamma --diffusion=fs:scan=raster --gpu-policy=off --lookup-policy=none --palette-type=rgb -p 256 --snap-policy=nearest:timing=once:rate=1:channel_l=0.85 -o {devnull} {input}
85a2674e53a2d7b75c6944b5a87b04ee9ea182b1,macOS-26.5.1-arm64-arm-64bit,natural-snake,natural photograph,256,gamma,sRGB gamma,nearest-all,nearest / all / rate 1,True,nearest,all,1.0,0.85,9,0.23245708299509715,0.23175433299911674,0.23578379199898336,0.22834650000731926,0.2370405830006348,1.0360694874046188,{img2sixel} --threads=1 --precision=float32 --quality=full '--loaders=builtin!' --sampling-policy=full-frame --binning-policy=hard --quantize-model=kmeans:seed=1:binbits=6 --merge-policy=none --cover-policy=off -Xgamma -Wgamma --diffusion=fs:scan=raster --gpu-policy=off --lookup-policy=none --palette-type=rgb -p 256 --snap-policy=nearest:timing=all:rate=1:channel_l=0.85 -o {devnull} {input}
85a2674e53a2d7b75c6944b5a87b04ee9ea182b1,macOS-26.5.1-arm64-arm-64bit,natural-snake,natural photograph,256,gamma,sRGB gamma,reversible-all,reversible / all / rate 1,True,reversible,all,1.0,0.85,9,0.22795295900141355,0.2267658329947153,0.2304475840064697,0.22324733299319632,0.23098554099851754,1.015994446553138,{img2sixel} --threads=1 --precision=float32 --quality=full '--loaders=builtin!' --sampling-policy=full-frame --binning-policy=hard --quantize-model=kmeans:seed=1:binbits=6 --merge-policy=none --cover-policy=off -Xgamma -Wgamma --diffusion=fs:scan=raster --gpu-policy=off --lookup-policy=none --palette-type=rgb -p 256 --snap-policy=reversible:timing=all:rate=1:channel_l=0.85 -o {devnull} {input}
85a2674e53a2d7b75c6944b5a87b04ee9ea182b1,macOS-26.5.1-arm64-arm-64bit,natural-snake,natural photograph,256,linear,linear RGB,off,snap off,False,none,off,0.0,0.85,9,0.20895875000860542,0.206416041997727,0.21124158300517593,0.20416299998760223,0.21479133299726527,1.0,{img2sixel} --threads=1 --precision=float32 --quality=full '--loaders=builtin!' --sampling-policy=full-frame --binning-policy=hard --quantize-model=kmeans:seed=1:binbits=6 --merge-policy=none --cover-policy=off -Xlinear -Wlinear --diffusion=fs:scan=raster --gpu-policy=off --lookup-policy=none --palette-type=rgb -p 256 --snap-policy=none -o {devnull} {input}
85a2674e53a2d7b75c6944b5a87b04ee9ea182b1,macOS-26.5.1-arm64-arm-64bit,natural-snake,natural photograph,256,linear,linear RGB,nearest-quarter,nearest / all / rate 0.25,True,nearest,all,0.25,0.85,9,0.21403845900204033,0.21234958300192375,0.2165082080027787,0.2116293750004843,0.22279920800065156,1.0243096256712185,{img2sixel} --threads=1 --precision=float32 --quality=full '--loaders=builtin!' --sampling-policy=full-frame --binning-policy=hard --quantize-model=kmeans:seed=1:binbits=6 --merge-policy=none --cover-policy=off -Xlinear -Wlinear --diffusion=fs:scan=raster --gpu-policy=off --lookup-policy=none --palette-type=rgb -p 256 --snap-policy=nearest:timing=all:rate=0.25:channel_l=0.85 -o {devnull} {input}
85a2674e53a2d7b75c6944b5a87b04ee9ea182b1,macOS-26.5.1-arm64-arm-64bit,natural-snake,natural photograph,256,linear,linear RGB,nearest-once,nearest / once / rate 1,True,nearest,once,1.0,0.85,9,0.2054609590122709,0.2049060410063248,0.20595966700057033,0.2046917910047341,0.21161879198916722,0.983260854134175,{img2sixel} --threads=1 --precision=float32 --quality=full '--loaders=builtin!' --sampling-policy=full-frame --binning-policy=hard --quantize-model=kmeans:seed=1:binbits=6 --merge-policy=none --cover-policy=off -Xlinear -Wlinear --diffusion=fs:scan=raster --gpu-policy=off --lookup-policy=none --palette-type=rgb -p 256 --snap-policy=nearest:timing=once:rate=1:channel_l=0.85 -o {devnull} {input}
85a2674e53a2d7b75c6944b5a87b04ee9ea182b1,macOS-26.5.1-arm64-arm-64bit,natural-snake,natural photograph,256,linear,linear RGB,nearest-all,nearest / all / rate 1,True,nearest,all,1.0,0.85,9,0.20118229200306814,0.2008010420104256,0.20569183400948532,0.1989244169963058,0.21044604199414607,0.9627847218399946,{img2sixel} --threads=1 --precision=float32 --quality=full '--loaders=builtin!' --sampling-policy=full-frame --binning-policy=hard --quantize-model=kmeans:seed=1:binbits=6 --merge-policy=none --cover-policy=off -Xlinear -Wlinear --diffusion=fs:scan=raster --gpu-policy=off --lookup-policy=none --palette-type=rgb -p 256 --snap-policy=nearest:timing=all:rate=1:channel_l=0.85 -o {devnull} {input}
85a2674e53a2d7b75c6944b5a87b04ee9ea182b1,macOS-26.5.1-arm64-arm-64bit,natural-snake,natural photograph,256,linear,linear RGB,reversible-all,reversible / all / rate 1,True,reversible,all,1.0,0.85,9,0.20051629100635182,0.1997872080100933,0.20227529200201388,0.1990994999941904,0.20838150000781752,0.95959748514046,{img2sixel} --threads=1 --precision=float32 --quality=full '--loaders=builtin!' --sampling-policy=full-frame --binning-policy=hard --quantize-model=kmeans:seed=1:binbits=6 --merge-policy=none --cover-policy=off -Xlinear -Wlinear --diffusion=fs:scan=raster --gpu-policy=off --lookup-policy=none --palette-type=rgb -p 256 --snap-policy=reversible:timing=all:rate=1:channel_l=0.85 -o {devnull} {input}
85a2674e53a2d7b75c6944b5a87b04ee9ea182b1,macOS-26.5.1-arm64-arm-64bit,natural-snake,natural photograph,256,oklab,OKLab,off,snap off,False,none,off,0.0,0.85,9,0.18575849999615457,0.18358629201247822,0.1879543749964796,0.18265804200200364,0.19203999999444932,1.0,{img2sixel} --threads=1 --precision=float32 --quality=full '--loaders=builtin!' --sampling-policy=full-frame --binning-policy=hard --quantize-model=kmeans:seed=1:binbits=6 --merge-policy=none --cover-policy=off -Xoklab -Woklab --diffusion=fs:scan=raster --gpu-policy=off --lookup-policy=none --palette-type=rgb -p 256 --snap-policy=none -o {devnull} {input}
85a2674e53a2d7b75c6944b5a87b04ee9ea182b1,macOS-26.5.1-arm64-arm-64bit,natural-snake,natural photograph,256,oklab,OKLab,nearest-quarter,nearest / all / rate 0.25,True,nearest,all,0.25,0.85,9,0.18901870799891185,0.1853702090011211,0.19144995800161269,0.18428958299045917,0.19239116700191516,1.0175507877315157,{img2sixel} --threads=1 --precision=float32 --quality=full '--loaders=builtin!' --sampling-policy=full-frame --binning-policy=hard --quantize-model=kmeans:seed=1:binbits=6 --merge-policy=none --cover-policy=off -Xoklab -Woklab --diffusion=fs:scan=raster --gpu-policy=off --lookup-policy=none --palette-type=rgb -p 256 --snap-policy=nearest:timing=all:rate=0.25:channel_l=0.85 -o {devnull} {input}
85a2674e53a2d7b75c6944b5a87b04ee9ea182b1,macOS-26.5.1-arm64-arm-64bit,natural-snake,natural photograph,256,oklab,OKLab,nearest-once,nearest / once / rate 1,True,nearest,once,1.0,0.85,9,0.18602116699912585,0.18371954100439325,0.1873232500074664,0.18071145900466945,0.19140933398739435,1.0014140241387433,{img2sixel} --threads=1 --precision=float32 --quality=full '--loaders=builtin!' --sampling-policy=full-frame --binning-policy=hard --quantize-model=kmeans:seed=1:binbits=6 --merge-policy=none --cover-policy=off -Xoklab -Woklab --diffusion=fs:scan=raster --gpu-policy=off --lookup-policy=none --palette-type=rgb -p 256 --snap-policy=nearest:timing=once:rate=1:channel_l=0.85 -o {devnull} {input}
85a2674e53a2d7b75c6944b5a87b04ee9ea182b1,macOS-26.5.1-arm64-arm-64bit,natural-snake,natural photograph,256,oklab,OKLab,nearest-all,nearest / all / rate 1,True,nearest,all,1.0,0.85,9,0.19417383401014376,0.19273612499819137,0.1974053330050083,0.18921741700614803,0.2032000409963075,1.045302551507271,{img2sixel} --threads=1 --precision=float32 --quality=full '--loaders=builtin!' --sampling-policy=full-frame --binning-policy=hard --quantize-model=kmeans:seed=1:binbits=6 --merge-policy=none --cover-policy=off -Xoklab -Woklab --diffusion=fs:scan=raster --gpu-policy=off --lookup-policy=none --palette-type=rgb -p 256 --snap-policy=nearest:timing=all:rate=1:channel_l=0.85 -o {devnull} {input}
85a2674e53a2d7b75c6944b5a87b04ee9ea182b1,macOS-26.5.1-arm64-arm-64bit,natural-snake,natural photograph,256,oklab,OKLab,reversible-all,reversible / all / rate 1,True,reversible,all,1.0,0.85,9,0.18581845899461769,0.18470445800630841,0.1867189160111593,0.18214766700111795,0.1913549159944523,1.0003227792992748,{img2sixel} --threads=1 --precision=float32 --quality=full '--loaders=builtin!' --sampling-policy=full-frame --binning-policy=hard --quantize-model=kmeans:seed=1:binbits=6 --merge-policy=none --cover-policy=off -Xoklab -Woklab --diffusion=fs:scan=raster --gpu-policy=off --lookup-policy=none --palette-type=rgb -p 256 --snap-policy=reversible:timing=all:rate=1:channel_l=0.85 -o {devnull} {input}
85a2674e53a2d7b75c6944b5a87b04ee9ea182b1,macOS-26.5.1-arm64-arm-64bit,natural-snake,natural photograph,256,cielab,CIELAB,off,snap off,False,none,off,0.0,0.85,9,0.18709020799724385,0.18552641599671915,0.19028679199982435,0.18338833400048316,0.19541429200035054,1.0,{img2sixel} --threads=1 --precision=float32 --quality=full '--loaders=builtin!' --sampling-policy=full-frame --binning-policy=hard --quantize-model=kmeans:seed=1:binbits=6 --merge-policy=none --cover-policy=off -Xcielab -Wcielab --diffusion=fs:scan=raster --gpu-policy=off --lookup-policy=none --palette-type=rgb -p 256 --snap-policy=none -o {devnull} {input}
85a2674e53a2d7b75c6944b5a87b04ee9ea182b1,macOS-26.5.1-arm64-arm-64bit,natural-snake,natural photograph,256,cielab,CIELAB,nearest-quarter,nearest / all / rate 0.25,True,nearest,all,0.25,0.85,9,0.19285691699769814,0.19210554200981278,0.19522270798915997,0.18990249998751096,0.19731033300922718,1.0308231470913711,{img2sixel} --threads=1 --precision=float32 --quality=full '--loaders=builtin!' --sampling-policy=full-frame --binning-policy=hard --quantize-model=kmeans:seed=1:binbits=6 --merge-policy=none --cover-policy=off -Xcielab -Wcielab --diffusion=fs:scan=raster --gpu-policy=off --lookup-policy=none --palette-type=rgb -p 256 --snap-policy=nearest:timing=all:rate=0.25:channel_l=0.85 -o {devnull} {input}
85a2674e53a2d7b75c6944b5a87b04ee9ea182b1,macOS-26.5.1-arm64-arm-64bit,natural-snake,natural photograph,256,cielab,CIELAB,nearest-once,nearest / once / rate 1,True,nearest,once,1.0,0.85,9,0.1854785420000553,0.18496962501376402,0.18677704100264236,0.1846389169950271,0.1886679580056807,0.9913856207952247,{img2sixel} --threads=1 --precision=float32 --quality=full '--loaders=builtin!' --sampling-policy=full-frame --binning-policy=hard --quantize-model=kmeans:seed=1:binbits=6 --merge-policy=none --cover-policy=off -Xcielab -Wcielab --diffusion=fs:scan=raster --gpu-policy=off --lookup-policy=none --palette-type=rgb -p 256 --snap-policy=nearest:timing=once:rate=1:channel_l=0.85 -o {devnull} {input}
85a2674e53a2d7b75c6944b5a87b04ee9ea182b1,macOS-26.5.1-arm64-arm-64bit,natural-snake,natural photograph,256,cielab,CIELAB,nearest-all,nearest / all / rate 1,True,nearest,all,1.0,0.85,9,0.19580095799756236,0.1941069169988623,0.19688070799747948,0.19261216599261388,0.19871349999448285,1.0465590908982625,{img2sixel} --threads=1 --precision=float32 --quality=full '--loaders=builtin!' --sampling-policy=full-frame --binning-policy=hard --quantize-model=kmeans:seed=1:binbits=6 --merge-policy=none --cover-policy=off -Xcielab -Wcielab --diffusion=fs:scan=raster --gpu-policy=off --lookup-policy=none --palette-type=rgb -p 256 --snap-policy=nearest:timing=all:rate=1:channel_l=0.85 -o {devnull} {input}
85a2674e53a2d7b75c6944b5a87b04ee9ea182b1,macOS-26.5.1-arm64-arm-64bit,natural-snake,natural photograph,256,cielab,CIELAB,reversible-all,reversible / all / rate 1,True,reversible,all,1.0,0.85,9,0.19277437499840744,0.1922591670008842,0.19372683300753124,0.18881350000447128,0.20165158400777727,1.030381958852958,{img2sixel} --threads=1 --precision=float32 --quality=full '--loaders=builtin!' --sampling-policy=full-frame --binning-policy=hard --quantize-model=kmeans:seed=1:binbits=6 --merge-policy=none --cover-policy=off -Xcielab -Wcielab --diffusion=fs:scan=raster --gpu-policy=off --lookup-policy=none --palette-type=rgb -p 256 --snap-policy=reversible:timing=all:rate=1:channel_l=0.85 -o {devnull} {input}
85a2674e53a2d7b75c6944b5a87b04ee9ea182b1,macOS-26.5.1-arm64-arm-64bit,natural-snake,natural photograph,256,din99d,DIN99d,off,snap off,False,none,off,0.0,0.85,9,0.20948070799931884,0.20877104200189933,0.21282066700223368,0.2056934580032248,0.21713087499665562,1.0,{img2sixel} --threads=1 --precision=float32 --quality=full '--loaders=builtin!' --sampling-policy=full-frame --binning-policy=hard --quantize-model=kmeans:seed=1:binbits=6 --merge-policy=none --cover-policy=off -Xdin99d -Wdin99d --diffusion=fs:scan=raster --gpu-policy=off --lookup-policy=none --palette-type=rgb -p 256 --snap-policy=none -o {devnull} {input}
85a2674e53a2d7b75c6944b5a87b04ee9ea182b1,macOS-26.5.1-arm64-arm-64bit,natural-snake,natural photograph,256,din99d,DIN99d,nearest-quarter,nearest / all / rate 0.25,True,nearest,all,0.25,0.85,9,0.2160826250037644,0.21542750000662636,0.21851779099961277,0.2149455000035232,0.22742712499166373,1.0315156324775598,{img2sixel} --threads=1 --precision=float32 --quality=full '--loaders=builtin!' --sampling-policy=full-frame --binning-policy=hard --quantize-model=kmeans:seed=1:binbits=6 --merge-policy=none --cover-policy=off -Xdin99d -Wdin99d --diffusion=fs:scan=raster --gpu-policy=off --lookup-policy=none --palette-type=rgb -p 256 --snap-policy=nearest:timing=all:rate=0.25:channel_l=0.85 -o {devnull} {input}
85a2674e53a2d7b75c6944b5a87b04ee9ea182b1,macOS-26.5.1-arm64-arm-64bit,natural-snake,natural photograph,256,din99d,DIN99d,nearest-once,nearest / once / rate 1,True,nearest,once,1.0,0.85,9,0.20895470899995416,0.20722070899500977,0.21394908300135285,0.20578683400526643,0.22142758399422746,0.9974890336948528,{img2sixel} --threads=1 --precision=float32 --quality=full '--loaders=builtin!' --sampling-policy=full-frame --binning-policy=hard --quantize-model=kmeans:seed=1:binbits=6 --merge-policy=none --cover-policy=off -Xdin99d -Wdin99d --diffusion=fs:scan=raster --gpu-policy=off --lookup-policy=none --palette-type=rgb -p 256 --snap-policy=nearest:timing=once:rate=1:channel_l=0.85 -o {devnull} {input}
85a2674e53a2d7b75c6944b5a87b04ee9ea182b1,macOS-26.5.1-arm64-arm-64bit,natural-snake,natural photograph,256,din99d,DIN99d,nearest-all,nearest / all / rate 1,True,nearest,all,1.0,0.85,9,0.21827141600078903,0.21623841700784396,0.21882704200106673,0.2150305830000434,0.2274624170095194,1.0419642843745724,{img2sixel} --threads=1 --precision=float32 --quality=full '--loaders=builtin!' --sampling-policy=full-frame --binning-policy=hard --quantize-model=kmeans:seed=1:binbits=6 --merge-policy=none --cover-policy=off -Xdin99d -Wdin99d --diffusion=fs:scan=raster --gpu-policy=off --lookup-policy=none --palette-type=rgb -p 256 --snap-policy=nearest:timing=all:rate=1:channel_l=0.85 -o {devnull} {input}
85a2674e53a2d7b75c6944b5a87b04ee9ea182b1,macOS-26.5.1-arm64-arm-64bit,natural-snake,natural photograph,256,din99d,DIN99d,reversible-all,reversible / all / rate 1,True,reversible,all,1.0,0.85,9,0.20860550001088995,0.20682954200310633,0.2106612089992268,0.20356908300891519,0.21298362499510404,0.995822011502693,{img2sixel} --threads=1 --precision=float32 --quality=full '--loaders=builtin!' --sampling-policy=full-frame --binning-policy=hard --quantize-model=kmeans:seed=1:binbits=6 --merge-policy=none --cover-policy=off -Xdin99d -Wdin99d --diffusion=fs:scan=raster --gpu-policy=off --lookup-policy=none --palette-type=rgb -p 256 --snap-policy=reversible:timing=all:rate=1:channel_l=0.85 -o {devnull} {input}
