revision,platform,fixture_id,fixture_label,colors,colorspace,colorspace_label,config,label,enabled,policy,timing,rate,channel_l,MS-SSIM,Delta E00_mean,Delta Chroma_mean,palette_entries,palette_channels,unsafe_entries,unsafe_channels,unsafe_channel_fraction,mean_abs_roundtrip_drift,max_abs_roundtrip_drift,encoded_bytes,command,assessment_command
85a2674e53a2d7b75c6944b5a87b04ee9ea182b1,macOS-26.5.1-arm64-arm-64bit,natural-snake,natural photograph,8,gamma,sRGB gamma,off,snap off,False,none,off,0.0,0.85,0.89103,6.673236,5.953215,8,24,7,13,0.5416666666666666,0.5416666666666666,1,104536,{img2sixel} --threads=1 --precision=float32 --quality=full '--loaders=builtin!' --sampling-policy=full-frame --binning-policy=hard --quantize-model=kmeans:seed=1:binbits=6 --merge-policy=none --cover-policy=off -Xgamma -Wgamma --diffusion=fs:scan=raster --gpu-policy=off --lookup-policy=none --palette-type=rgb -p 8 --snap-policy=none --mapfile-output=act:{palette} {input},{lsqa} '--loaders=builtin!' {input} -
85a2674e53a2d7b75c6944b5a87b04ee9ea182b1,macOS-26.5.1-arm64-arm-64bit,natural-snake,natural photograph,8,gamma,sRGB gamma,nearest-quarter,nearest / all / rate 0.25,True,nearest,all,0.25,0.85,0.892175,6.632883,5.955462,8,24,8,13,0.5416666666666666,0.5416666666666666,1,103550,{img2sixel} --threads=1 --precision=float32 --quality=full '--loaders=builtin!' --sampling-policy=full-frame --binning-policy=hard --quantize-model=kmeans:seed=1:binbits=6 --merge-policy=none --cover-policy=off -Xgamma -Wgamma --diffusion=fs:scan=raster --gpu-policy=off --lookup-policy=none --palette-type=rgb -p 8 --snap-policy=nearest:timing=all:rate=0.25:channel_l=0.85 --mapfile-output=act:{palette} {input},{lsqa} '--loaders=builtin!' {input} -
85a2674e53a2d7b75c6944b5a87b04ee9ea182b1,macOS-26.5.1-arm64-arm-64bit,natural-snake,natural photograph,8,gamma,sRGB gamma,nearest-once,nearest / once / rate 1,True,nearest,once,1.0,0.85,0.890671,6.642372,5.875497,8,24,0,0,0.0,0.0,0,103529,{img2sixel} --threads=1 --precision=float32 --quality=full '--loaders=builtin!' --sampling-policy=full-frame --binning-policy=hard --quantize-model=kmeans:seed=1:binbits=6 --merge-policy=none --cover-policy=off -Xgamma -Wgamma --diffusion=fs:scan=raster --gpu-policy=off --lookup-policy=none --palette-type=rgb -p 8 --snap-policy=nearest:timing=once:rate=1:channel_l=0.85 --mapfile-output=act:{palette} {input},{lsqa} '--loaders=builtin!' {input} -
85a2674e53a2d7b75c6944b5a87b04ee9ea182b1,macOS-26.5.1-arm64-arm-64bit,natural-snake,natural photograph,8,gamma,sRGB gamma,nearest-all,nearest / all / rate 1,True,nearest,all,1.0,0.85,0.890276,6.651215,5.848647,8,24,0,0,0.0,0.0,0,103650,{img2sixel} --threads=1 --precision=float32 --quality=full '--loaders=builtin!' --sampling-policy=full-frame --binning-policy=hard --quantize-model=kmeans:seed=1:binbits=6 --merge-policy=none --cover-policy=off -Xgamma -Wgamma --diffusion=fs:scan=raster --gpu-policy=off --lookup-policy=none --palette-type=rgb -p 8 --snap-policy=nearest:timing=all:rate=1:channel_l=0.85 --mapfile-output=act:{palette} {input},{lsqa} '--loaders=builtin!' {input} -
85a2674e53a2d7b75c6944b5a87b04ee9ea182b1,macOS-26.5.1-arm64-arm-64bit,natural-snake,natural photograph,8,gamma,sRGB gamma,reversible-all,reversible / all / rate 1,True,reversible,all,1.0,0.85,0.89127,6.690346,5.942984,8,24,0,0,0.0,0.0,0,104793,{img2sixel} --threads=1 --precision=float32 --quality=full '--loaders=builtin!' --sampling-policy=full-frame --binning-policy=hard --quantize-model=kmeans:seed=1:binbits=6 --merge-policy=none --cover-policy=off -Xgamma -Wgamma --diffusion=fs:scan=raster --gpu-policy=off --lookup-policy=none --palette-type=rgb -p 8 --snap-policy=reversible:timing=all:rate=1:channel_l=0.85 --mapfile-output=act:{palette} {input},{lsqa} '--loaders=builtin!' {input} -
85a2674e53a2d7b75c6944b5a87b04ee9ea182b1,macOS-26.5.1-arm64-arm-64bit,natural-snake,natural photograph,8,linear,linear RGB,off,snap off,False,none,off,0.0,0.85,0.890516,7.346257,8.183455,8,24,8,16,0.6666666666666666,0.6666666666666666,1,100370,{img2sixel} --threads=1 --precision=float32 --quality=full '--loaders=builtin!' --sampling-policy=full-frame --binning-policy=hard --quantize-model=kmeans:seed=1:binbits=6 --merge-policy=none --cover-policy=off -Xlinear -Wlinear --diffusion=fs:scan=raster --gpu-policy=off --lookup-policy=none --palette-type=rgb -p 8 --snap-policy=none --mapfile-output=act:{palette} {input},{lsqa} '--loaders=builtin!' {input} -
85a2674e53a2d7b75c6944b5a87b04ee9ea182b1,macOS-26.5.1-arm64-arm-64bit,natural-snake,natural photograph,8,linear,linear RGB,nearest-quarter,nearest / all / rate 0.25,True,nearest,all,0.25,0.85,0.887682,7.469091,8.233888,8,24,4,5,0.20833333333333334,0.20833333333333334,1,102392,{img2sixel} --threads=1 --precision=float32 --quality=full '--loaders=builtin!' --sampling-policy=full-frame --binning-policy=hard --quantize-model=kmeans:seed=1:binbits=6 --merge-policy=none --cover-policy=off -Xlinear -Wlinear --diffusion=fs:scan=raster --gpu-policy=off --lookup-policy=none --palette-type=rgb -p 8 --snap-policy=nearest:timing=all:rate=0.25:channel_l=0.85 --mapfile-output=act:{palette} {input},{lsqa} '--loaders=builtin!' {input} -
85a2674e53a2d7b75c6944b5a87b04ee9ea182b1,macOS-26.5.1-arm64-arm-64bit,natural-snake,natural photograph,8,linear,linear RGB,nearest-once,nearest / once / rate 1,True,nearest,once,1.0,0.85,0.888005,7.627248,8.224396,8,24,0,0,0.0,0.0,0,106936,{img2sixel} --threads=1 --precision=float32 --quality=full '--loaders=builtin!' --sampling-policy=full-frame --binning-policy=hard --quantize-model=kmeans:seed=1:binbits=6 --merge-policy=none --cover-policy=off -Xlinear -Wlinear --diffusion=fs:scan=raster --gpu-policy=off --lookup-policy=none --palette-type=rgb -p 8 --snap-policy=nearest:timing=once:rate=1:channel_l=0.85 --mapfile-output=act:{palette} {input},{lsqa} '--loaders=builtin!' {input} -
85a2674e53a2d7b75c6944b5a87b04ee9ea182b1,macOS-26.5.1-arm64-arm-64bit,natural-snake,natural photograph,8,linear,linear RGB,nearest-all,nearest / all / rate 1,True,nearest,all,1.0,0.85,0.887058,7.644772,8.252872,8,24,0,0,0.0,0.0,0,108203,{img2sixel} --threads=1 --precision=float32 --quality=full '--loaders=builtin!' --sampling-policy=full-frame --binning-policy=hard --quantize-model=kmeans:seed=1:binbits=6 --merge-policy=none --cover-policy=off -Xlinear -Wlinear --diffusion=fs:scan=raster --gpu-policy=off --lookup-policy=none --palette-type=rgb -p 8 --snap-policy=nearest:timing=all:rate=1:channel_l=0.85 --mapfile-output=act:{palette} {input},{lsqa} '--loaders=builtin!' {input} -
85a2674e53a2d7b75c6944b5a87b04ee9ea182b1,macOS-26.5.1-arm64-arm-64bit,natural-snake,natural photograph,8,linear,linear RGB,reversible-all,reversible / all / rate 1,True,reversible,all,1.0,0.85,0.882976,7.32212,8.186481,8,24,0,0,0.0,0.0,0,104566,{img2sixel} --threads=1 --precision=float32 --quality=full '--loaders=builtin!' --sampling-policy=full-frame --binning-policy=hard --quantize-model=kmeans:seed=1:binbits=6 --merge-policy=none --cover-policy=off -Xlinear -Wlinear --diffusion=fs:scan=raster --gpu-policy=off --lookup-policy=none --palette-type=rgb -p 8 --snap-policy=reversible:timing=all:rate=1:channel_l=0.85 --mapfile-output=act:{palette} {input},{lsqa} '--loaders=builtin!' {input} -
85a2674e53a2d7b75c6944b5a87b04ee9ea182b1,macOS-26.5.1-arm64-arm-64bit,natural-snake,natural photograph,8,oklab,OKLab,off,snap off,False,none,off,0.0,0.85,0.917011,7.309188,7.530138,8,24,8,16,0.6666666666666666,0.6666666666666666,1,111756,{img2sixel} --threads=1 --precision=float32 --quality=full '--loaders=builtin!' --sampling-policy=full-frame --binning-policy=hard --quantize-model=kmeans:seed=1:binbits=6 --merge-policy=none --cover-policy=off -Xoklab -Woklab --diffusion=fs:scan=raster --gpu-policy=off --lookup-policy=none --palette-type=rgb -p 8 --snap-policy=none --mapfile-output=act:{palette} {input},{lsqa} '--loaders=builtin!' {input} -
85a2674e53a2d7b75c6944b5a87b04ee9ea182b1,macOS-26.5.1-arm64-arm-64bit,natural-snake,natural photograph,8,oklab,OKLab,nearest-quarter,nearest / all / rate 0.25,True,nearest,all,0.25,0.85,0.910199,8.072036,7.531968,8,24,6,13,0.5416666666666666,0.5416666666666666,1,117356,{img2sixel} --threads=1 --precision=float32 --quality=full '--loaders=builtin!' --sampling-policy=full-frame --binning-policy=hard --quantize-model=kmeans:seed=1:binbits=6 --merge-policy=none --cover-policy=off -Xoklab -Woklab --diffusion=fs:scan=raster --gpu-policy=off --lookup-policy=none --palette-type=rgb -p 8 --snap-policy=nearest:timing=all:rate=0.25:channel_l=0.85 --mapfile-output=act:{palette} {input},{lsqa} '--loaders=builtin!' {input} -
85a2674e53a2d7b75c6944b5a87b04ee9ea182b1,macOS-26.5.1-arm64-arm-64bit,natural-snake,natural photograph,8,oklab,OKLab,nearest-once,nearest / once / rate 1,True,nearest,once,1.0,0.85,0.908643,7.812611,7.461742,8,24,0,0,0.0,0.0,0,116683,{img2sixel} --threads=1 --precision=float32 --quality=full '--loaders=builtin!' --sampling-policy=full-frame --binning-policy=hard --quantize-model=kmeans:seed=1:binbits=6 --merge-policy=none --cover-policy=off -Xoklab -Woklab --diffusion=fs:scan=raster --gpu-policy=off --lookup-policy=none --palette-type=rgb -p 8 --snap-policy=nearest:timing=once:rate=1:channel_l=0.85 --mapfile-output=act:{palette} {input},{lsqa} '--loaders=builtin!' {input} -
85a2674e53a2d7b75c6944b5a87b04ee9ea182b1,macOS-26.5.1-arm64-arm-64bit,natural-snake,natural photograph,8,oklab,OKLab,nearest-all,nearest / all / rate 1,True,nearest,all,1.0,0.85,0.910127,7.524602,7.283553,8,24,0,0,0.0,0.0,0,114274,{img2sixel} --threads=1 --precision=float32 --quality=full '--loaders=builtin!' --sampling-policy=full-frame --binning-policy=hard --quantize-model=kmeans:seed=1:binbits=6 --merge-policy=none --cover-policy=off -Xoklab -Woklab --diffusion=fs:scan=raster --gpu-policy=off --lookup-policy=none --palette-type=rgb -p 8 --snap-policy=nearest:timing=all:rate=1:channel_l=0.85 --mapfile-output=act:{palette} {input},{lsqa} '--loaders=builtin!' {input} -
85a2674e53a2d7b75c6944b5a87b04ee9ea182b1,macOS-26.5.1-arm64-arm-64bit,natural-snake,natural photograph,8,oklab,OKLab,reversible-all,reversible / all / rate 1,True,reversible,all,1.0,0.85,0.904894,7.781181,7.586926,8,24,0,0,0.0,0.0,0,109154,{img2sixel} --threads=1 --precision=float32 --quality=full '--loaders=builtin!' --sampling-policy=full-frame --binning-policy=hard --quantize-model=kmeans:seed=1:binbits=6 --merge-policy=none --cover-policy=off -Xoklab -Woklab --diffusion=fs:scan=raster --gpu-policy=off --lookup-policy=none --palette-type=rgb -p 8 --snap-policy=reversible:timing=all:rate=1:channel_l=0.85 --mapfile-output=act:{palette} {input},{lsqa} '--loaders=builtin!' {input} -
85a2674e53a2d7b75c6944b5a87b04ee9ea182b1,macOS-26.5.1-arm64-arm-64bit,natural-snake,natural photograph,8,cielab,CIELAB,off,snap off,False,none,off,0.0,0.85,0.857768,7.400455,6.145723,8,24,7,14,0.5833333333333334,0.5833333333333334,1,103559,{img2sixel} --threads=1 --precision=float32 --quality=full '--loaders=builtin!' --sampling-policy=full-frame --binning-policy=hard --quantize-model=kmeans:seed=1:binbits=6 --merge-policy=none --cover-policy=off -Xcielab -Wcielab --diffusion=fs:scan=raster --gpu-policy=off --lookup-policy=none --palette-type=rgb -p 8 --snap-policy=none --mapfile-output=act:{palette} {input},{lsqa} '--loaders=builtin!' {input} -
85a2674e53a2d7b75c6944b5a87b04ee9ea182b1,macOS-26.5.1-arm64-arm-64bit,natural-snake,natural photograph,8,cielab,CIELAB,nearest-quarter,nearest / all / rate 0.25,True,nearest,all,0.25,0.85,0.857986,7.430441,5.831884,8,24,7,11,0.4583333333333333,0.4583333333333333,1,104025,{img2sixel} --threads=1 --precision=float32 --quality=full '--loaders=builtin!' --sampling-policy=full-frame --binning-policy=hard --quantize-model=kmeans:seed=1:binbits=6 --merge-policy=none --cover-policy=off -Xcielab -Wcielab --diffusion=fs:scan=raster --gpu-policy=off --lookup-policy=none --palette-type=rgb -p 8 --snap-policy=nearest:timing=all:rate=0.25:channel_l=0.85 --mapfile-output=act:{palette} {input},{lsqa} '--loaders=builtin!' {input} -
85a2674e53a2d7b75c6944b5a87b04ee9ea182b1,macOS-26.5.1-arm64-arm-64bit,natural-snake,natural photograph,8,cielab,CIELAB,nearest-once,nearest / once / rate 1,True,nearest,once,1.0,0.85,0.864359,7.288031,5.770314,8,24,0,0,0.0,0.0,0,99781,{img2sixel} --threads=1 --precision=float32 --quality=full '--loaders=builtin!' --sampling-policy=full-frame --binning-policy=hard --quantize-model=kmeans:seed=1:binbits=6 --merge-policy=none --cover-policy=off -Xcielab -Wcielab --diffusion=fs:scan=raster --gpu-policy=off --lookup-policy=none --palette-type=rgb -p 8 --snap-policy=nearest:timing=once:rate=1:channel_l=0.85 --mapfile-output=act:{palette} {input},{lsqa} '--loaders=builtin!' {input} -
85a2674e53a2d7b75c6944b5a87b04ee9ea182b1,macOS-26.5.1-arm64-arm-64bit,natural-snake,natural photograph,8,cielab,CIELAB,nearest-all,nearest / all / rate 1,True,nearest,all,1.0,0.85,0.851434,7.689947,5.823883,8,24,0,0,0.0,0.0,0,107518,{img2sixel} --threads=1 --precision=float32 --quality=full '--loaders=builtin!' --sampling-policy=full-frame --binning-policy=hard --quantize-model=kmeans:seed=1:binbits=6 --merge-policy=none --cover-policy=off -Xcielab -Wcielab --diffusion=fs:scan=raster --gpu-policy=off --lookup-policy=none --palette-type=rgb -p 8 --snap-policy=nearest:timing=all:rate=1:channel_l=0.85 --mapfile-output=act:{palette} {input},{lsqa} '--loaders=builtin!' {input} -
85a2674e53a2d7b75c6944b5a87b04ee9ea182b1,macOS-26.5.1-arm64-arm-64bit,natural-snake,natural photograph,8,cielab,CIELAB,reversible-all,reversible / all / rate 1,True,reversible,all,1.0,0.85,0.867678,7.015428,6.132479,8,24,0,0,0.0,0.0,0,99730,{img2sixel} --threads=1 --precision=float32 --quality=full '--loaders=builtin!' --sampling-policy=full-frame --binning-policy=hard --quantize-model=kmeans:seed=1:binbits=6 --merge-policy=none --cover-policy=off -Xcielab -Wcielab --diffusion=fs:scan=raster --gpu-policy=off --lookup-policy=none --palette-type=rgb -p 8 --snap-policy=reversible:timing=all:rate=1:channel_l=0.85 --mapfile-output=act:{palette} {input},{lsqa} '--loaders=builtin!' {input} -
85a2674e53a2d7b75c6944b5a87b04ee9ea182b1,macOS-26.5.1-arm64-arm-64bit,natural-snake,natural photograph,8,din99d,DIN99d,off,snap off,False,none,off,0.0,0.85,0.880937,6.713148,5.777659,8,24,8,17,0.7083333333333334,0.7083333333333334,1,104016,{img2sixel} --threads=1 --precision=float32 --quality=full '--loaders=builtin!' --sampling-policy=full-frame --binning-policy=hard --quantize-model=kmeans:seed=1:binbits=6 --merge-policy=none --cover-policy=off -Xdin99d -Wdin99d --diffusion=fs:scan=raster --gpu-policy=off --lookup-policy=none --palette-type=rgb -p 8 --snap-policy=none --mapfile-output=act:{palette} {input},{lsqa} '--loaders=builtin!' {input} -
85a2674e53a2d7b75c6944b5a87b04ee9ea182b1,macOS-26.5.1-arm64-arm-64bit,natural-snake,natural photograph,8,din99d,DIN99d,nearest-quarter,nearest / all / rate 0.25,True,nearest,all,0.25,0.85,0.883856,6.695659,5.932486,8,24,2,2,0.08333333333333333,0.08333333333333333,1,102880,{img2sixel} --threads=1 --precision=float32 --quality=full '--loaders=builtin!' --sampling-policy=full-frame --binning-policy=hard --quantize-model=kmeans:seed=1:binbits=6 --merge-policy=none --cover-policy=off -Xdin99d -Wdin99d --diffusion=fs:scan=raster --gpu-policy=off --lookup-policy=none --palette-type=rgb -p 8 --snap-policy=nearest:timing=all:rate=0.25:channel_l=0.85 --mapfile-output=act:{palette} {input},{lsqa} '--loaders=builtin!' {input} -
85a2674e53a2d7b75c6944b5a87b04ee9ea182b1,macOS-26.5.1-arm64-arm-64bit,natural-snake,natural photograph,8,din99d,DIN99d,nearest-once,nearest / once / rate 1,True,nearest,once,1.0,0.85,0.885088,6.689719,6.034695,8,24,0,0,0.0,0.0,0,103378,{img2sixel} --threads=1 --precision=float32 --quality=full '--loaders=builtin!' --sampling-policy=full-frame --binning-policy=hard --quantize-model=kmeans:seed=1:binbits=6 --merge-policy=none --cover-policy=off -Xdin99d -Wdin99d --diffusion=fs:scan=raster --gpu-policy=off --lookup-policy=none --palette-type=rgb -p 8 --snap-policy=nearest:timing=once:rate=1:channel_l=0.85 --mapfile-output=act:{palette} {input},{lsqa} '--loaders=builtin!' {input} -
85a2674e53a2d7b75c6944b5a87b04ee9ea182b1,macOS-26.5.1-arm64-arm-64bit,natural-snake,natural photograph,8,din99d,DIN99d,nearest-all,nearest / all / rate 1,True,nearest,all,1.0,0.85,0.885088,6.689719,6.034695,8,24,0,0,0.0,0.0,0,103378,{img2sixel} --threads=1 --precision=float32 --quality=full '--loaders=builtin!' --sampling-policy=full-frame --binning-policy=hard --quantize-model=kmeans:seed=1:binbits=6 --merge-policy=none --cover-policy=off -Xdin99d -Wdin99d --diffusion=fs:scan=raster --gpu-policy=off --lookup-policy=none --palette-type=rgb -p 8 --snap-policy=nearest:timing=all:rate=1:channel_l=0.85 --mapfile-output=act:{palette} {input},{lsqa} '--loaders=builtin!' {input} -
85a2674e53a2d7b75c6944b5a87b04ee9ea182b1,macOS-26.5.1-arm64-arm-64bit,natural-snake,natural photograph,8,din99d,DIN99d,reversible-all,reversible / all / rate 1,True,reversible,all,1.0,0.85,0.892304,6.454716,5.882796,8,24,0,0,0.0,0.0,0,98947,{img2sixel} --threads=1 --precision=float32 --quality=full '--loaders=builtin!' --sampling-policy=full-frame --binning-policy=hard --quantize-model=kmeans:seed=1:binbits=6 --merge-policy=none --cover-policy=off -Xdin99d -Wdin99d --diffusion=fs:scan=raster --gpu-policy=off --lookup-policy=none --palette-type=rgb -p 8 --snap-policy=reversible:timing=all:rate=1:channel_l=0.85 --mapfile-output=act:{palette} {input},{lsqa} '--loaders=builtin!' {input} -
85a2674e53a2d7b75c6944b5a87b04ee9ea182b1,macOS-26.5.1-arm64-arm-64bit,natural-snake,natural photograph,16,gamma,sRGB gamma,off,snap off,False,none,off,0.0,0.85,0.940804,5.054835,4.625726,16,48,15,30,0.625,0.625,1,134509,{img2sixel} --threads=1 --precision=float32 --quality=full '--loaders=builtin!' --sampling-policy=full-frame --binning-policy=hard --quantize-model=kmeans:seed=1:binbits=6 --merge-policy=none --cover-policy=off -Xgamma -Wgamma --diffusion=fs:scan=raster --gpu-policy=off --lookup-policy=none --palette-type=rgb -p 16 --snap-policy=none --mapfile-output=act:{palette} {input},{lsqa} '--loaders=builtin!' {input} -
85a2674e53a2d7b75c6944b5a87b04ee9ea182b1,macOS-26.5.1-arm64-arm-64bit,natural-snake,natural photograph,16,gamma,sRGB gamma,nearest-quarter,nearest / all / rate 0.25,True,nearest,all,0.25,0.85,0.940165,5.081435,4.611599,16,48,13,16,0.3333333333333333,0.3333333333333333,1,132908,{img2sixel} --threads=1 --precision=float32 --quality=full '--loaders=builtin!' --sampling-policy=full-frame --binning-policy=hard --quantize-model=kmeans:seed=1:binbits=6 --merge-policy=none --cover-policy=off -Xgamma -Wgamma --diffusion=fs:scan=raster --gpu-policy=off --lookup-policy=none --palette-type=rgb -p 16 --snap-policy=nearest:timing=all:rate=0.25:channel_l=0.85 --mapfile-output=act:{palette} {input},{lsqa} '--loaders=builtin!' {input} -
85a2674e53a2d7b75c6944b5a87b04ee9ea182b1,macOS-26.5.1-arm64-arm-64bit,natural-snake,natural photograph,16,gamma,sRGB gamma,nearest-once,nearest / once / rate 1,True,nearest,once,1.0,0.85,0.941445,5.050873,4.563729,16,48,0,0,0.0,0.0,0,135617,{img2sixel} --threads=1 --precision=float32 --quality=full '--loaders=builtin!' --sampling-policy=full-frame --binning-policy=hard --quantize-model=kmeans:seed=1:binbits=6 --merge-policy=none --cover-policy=off -Xgamma -Wgamma --diffusion=fs:scan=raster --gpu-policy=off --lookup-policy=none --palette-type=rgb -p 16 --snap-policy=nearest:timing=once:rate=1:channel_l=0.85 --mapfile-output=act:{palette} {input},{lsqa} '--loaders=builtin!' {input} -
85a2674e53a2d7b75c6944b5a87b04ee9ea182b1,macOS-26.5.1-arm64-arm-64bit,natural-snake,natural photograph,16,gamma,sRGB gamma,nearest-all,nearest / all / rate 1,True,nearest,all,1.0,0.85,0.940423,5.001596,4.756032,16,48,0,0,0.0,0.0,0,129994,{img2sixel} --threads=1 --precision=float32 --quality=full '--loaders=builtin!' --sampling-policy=full-frame --binning-policy=hard --quantize-model=kmeans:seed=1:binbits=6 --merge-policy=none --cover-policy=off -Xgamma -Wgamma --diffusion=fs:scan=raster --gpu-policy=off --lookup-policy=none --palette-type=rgb -p 16 --snap-policy=nearest:timing=all:rate=1:channel_l=0.85 --mapfile-output=act:{palette} {input},{lsqa} '--loaders=builtin!' {input} -
85a2674e53a2d7b75c6944b5a87b04ee9ea182b1,macOS-26.5.1-arm64-arm-64bit,natural-snake,natural photograph,16,gamma,sRGB gamma,reversible-all,reversible / all / rate 1,True,reversible,all,1.0,0.85,0.944191,4.805782,4.333357,16,48,0,0,0.0,0.0,0,126374,{img2sixel} --threads=1 --precision=float32 --quality=full '--loaders=builtin!' --sampling-policy=full-frame --binning-policy=hard --quantize-model=kmeans:seed=1:binbits=6 --merge-policy=none --cover-policy=off -Xgamma -Wgamma --diffusion=fs:scan=raster --gpu-policy=off --lookup-policy=none --palette-type=rgb -p 16 --snap-policy=reversible:timing=all:rate=1:channel_l=0.85 --mapfile-output=act:{palette} {input},{lsqa} '--loaders=builtin!' {input} -
85a2674e53a2d7b75c6944b5a87b04ee9ea182b1,macOS-26.5.1-arm64-arm-64bit,natural-snake,natural photograph,16,linear,linear RGB,off,snap off,False,none,off,0.0,0.85,0.915636,6.072797,6.896162,16,48,14,24,0.5,0.5,1,130549,{img2sixel} --threads=1 --precision=float32 --quality=full '--loaders=builtin!' --sampling-policy=full-frame --binning-policy=hard --quantize-model=kmeans:seed=1:binbits=6 --merge-policy=none --cover-policy=off -Xlinear -Wlinear --diffusion=fs:scan=raster --gpu-policy=off --lookup-policy=none --palette-type=rgb -p 16 --snap-policy=none --mapfile-output=act:{palette} {input},{lsqa} '--loaders=builtin!' {input} -
85a2674e53a2d7b75c6944b5a87b04ee9ea182b1,macOS-26.5.1-arm64-arm-64bit,natural-snake,natural photograph,16,linear,linear RGB,nearest-quarter,nearest / all / rate 0.25,True,nearest,all,0.25,0.85,0.915282,6.008508,6.826066,16,48,9,12,0.25,0.25,1,129967,{img2sixel} --threads=1 --precision=float32 --quality=full '--loaders=builtin!' --sampling-policy=full-frame --binning-policy=hard --quantize-model=kmeans:seed=1:binbits=6 --merge-policy=none --cover-policy=off -Xlinear -Wlinear --diffusion=fs:scan=raster --gpu-policy=off --lookup-policy=none --palette-type=rgb -p 16 --snap-policy=nearest:timing=all:rate=0.25:channel_l=0.85 --mapfile-output=act:{palette} {input},{lsqa} '--loaders=builtin!' {input} -
85a2674e53a2d7b75c6944b5a87b04ee9ea182b1,macOS-26.5.1-arm64-arm-64bit,natural-snake,natural photograph,16,linear,linear RGB,nearest-once,nearest / once / rate 1,True,nearest,once,1.0,0.85,0.913369,6.07323,6.848186,16,48,0,0,0.0,0.0,0,132203,{img2sixel} --threads=1 --precision=float32 --quality=full '--loaders=builtin!' --sampling-policy=full-frame --binning-policy=hard --quantize-model=kmeans:seed=1:binbits=6 --merge-policy=none --cover-policy=off -Xlinear -Wlinear --diffusion=fs:scan=raster --gpu-policy=off --lookup-policy=none --palette-type=rgb -p 16 --snap-policy=nearest:timing=once:rate=1:channel_l=0.85 --mapfile-output=act:{palette} {input},{lsqa} '--loaders=builtin!' {input} -
85a2674e53a2d7b75c6944b5a87b04ee9ea182b1,macOS-26.5.1-arm64-arm-64bit,natural-snake,natural photograph,16,linear,linear RGB,nearest-all,nearest / all / rate 1,True,nearest,all,1.0,0.85,0.915457,6.204423,6.738936,16,48,0,0,0.0,0.0,0,142554,{img2sixel} --threads=1 --precision=float32 --quality=full '--loaders=builtin!' --sampling-policy=full-frame --binning-policy=hard --quantize-model=kmeans:seed=1:binbits=6 --merge-policy=none --cover-policy=off -Xlinear -Wlinear --diffusion=fs:scan=raster --gpu-policy=off --lookup-policy=none --palette-type=rgb -p 16 --snap-policy=nearest:timing=all:rate=1:channel_l=0.85 --mapfile-output=act:{palette} {input},{lsqa} '--loaders=builtin!' {input} -
85a2674e53a2d7b75c6944b5a87b04ee9ea182b1,macOS-26.5.1-arm64-arm-64bit,natural-snake,natural photograph,16,linear,linear RGB,reversible-all,reversible / all / rate 1,True,reversible,all,1.0,0.85,0.917438,6.13497,6.72872,16,48,0,0,0.0,0.0,0,139238,{img2sixel} --threads=1 --precision=float32 --quality=full '--loaders=builtin!' --sampling-policy=full-frame --binning-policy=hard --quantize-model=kmeans:seed=1:binbits=6 --merge-policy=none --cover-policy=off -Xlinear -Wlinear --diffusion=fs:scan=raster --gpu-policy=off --lookup-policy=none --palette-type=rgb -p 16 --snap-policy=reversible:timing=all:rate=1:channel_l=0.85 --mapfile-output=act:{palette} {input},{lsqa} '--loaders=builtin!' {input} -
85a2674e53a2d7b75c6944b5a87b04ee9ea182b1,macOS-26.5.1-arm64-arm-64bit,natural-snake,natural photograph,16,oklab,OKLab,off,snap off,False,none,off,0.0,0.85,0.940383,5.536208,5.304521,16,48,16,32,0.6666666666666666,0.6666666666666666,1,123750,{img2sixel} --threads=1 --precision=float32 --quality=full '--loaders=builtin!' --sampling-policy=full-frame --binning-policy=hard --quantize-model=kmeans:seed=1:binbits=6 --merge-policy=none --cover-policy=off -Xoklab -Woklab --diffusion=fs:scan=raster --gpu-policy=off --lookup-policy=none --palette-type=rgb -p 16 --snap-policy=none --mapfile-output=act:{palette} {input},{lsqa} '--loaders=builtin!' {input} -
85a2674e53a2d7b75c6944b5a87b04ee9ea182b1,macOS-26.5.1-arm64-arm-64bit,natural-snake,natural photograph,16,oklab,OKLab,nearest-quarter,nearest / all / rate 0.25,True,nearest,all,0.25,0.85,0.946098,5.454507,5.271169,16,48,13,20,0.4166666666666667,0.4166666666666667,1,127691,{img2sixel} --threads=1 --precision=float32 --quality=full '--loaders=builtin!' --sampling-policy=full-frame --binning-policy=hard --quantize-model=kmeans:seed=1:binbits=6 --merge-policy=none --cover-policy=off -Xoklab -Woklab --diffusion=fs:scan=raster --gpu-policy=off --lookup-policy=none --palette-type=rgb -p 16 --snap-policy=nearest:timing=all:rate=0.25:channel_l=0.85 --mapfile-output=act:{palette} {input},{lsqa} '--loaders=builtin!' {input} -
85a2674e53a2d7b75c6944b5a87b04ee9ea182b1,macOS-26.5.1-arm64-arm-64bit,natural-snake,natural photograph,16,oklab,OKLab,nearest-once,nearest / once / rate 1,True,nearest,once,1.0,0.85,0.943119,5.520566,5.179663,16,48,0,0,0.0,0.0,0,125891,{img2sixel} --threads=1 --precision=float32 --quality=full '--loaders=builtin!' --sampling-policy=full-frame --binning-policy=hard --quantize-model=kmeans:seed=1:binbits=6 --merge-policy=none --cover-policy=off -Xoklab -Woklab --diffusion=fs:scan=raster --gpu-policy=off --lookup-policy=none --palette-type=rgb -p 16 --snap-policy=nearest:timing=once:rate=1:channel_l=0.85 --mapfile-output=act:{palette} {input},{lsqa} '--loaders=builtin!' {input} -
85a2674e53a2d7b75c6944b5a87b04ee9ea182b1,macOS-26.5.1-arm64-arm-64bit,natural-snake,natural photograph,16,oklab,OKLab,nearest-all,nearest / all / rate 1,True,nearest,all,1.0,0.85,0.939877,5.659216,5.298025,16,48,0,0,0.0,0.0,0,126804,{img2sixel} --threads=1 --precision=float32 --quality=full '--loaders=builtin!' --sampling-policy=full-frame --binning-policy=hard --quantize-model=kmeans:seed=1:binbits=6 --merge-policy=none --cover-policy=off -Xoklab -Woklab --diffusion=fs:scan=raster --gpu-policy=off --lookup-policy=none --palette-type=rgb -p 16 --snap-policy=nearest:timing=all:rate=1:channel_l=0.85 --mapfile-output=act:{palette} {input},{lsqa} '--loaders=builtin!' {input} -
85a2674e53a2d7b75c6944b5a87b04ee9ea182b1,macOS-26.5.1-arm64-arm-64bit,natural-snake,natural photograph,16,oklab,OKLab,reversible-all,reversible / all / rate 1,True,reversible,all,1.0,0.85,0.940587,5.493257,5.435023,16,48,0,0,0.0,0.0,0,125109,{img2sixel} --threads=1 --precision=float32 --quality=full '--loaders=builtin!' --sampling-policy=full-frame --binning-policy=hard --quantize-model=kmeans:seed=1:binbits=6 --merge-policy=none --cover-policy=off -Xoklab -Woklab --diffusion=fs:scan=raster --gpu-policy=off --lookup-policy=none --palette-type=rgb -p 16 --snap-policy=reversible:timing=all:rate=1:channel_l=0.85 --mapfile-output=act:{palette} {input},{lsqa} '--loaders=builtin!' {input} -
85a2674e53a2d7b75c6944b5a87b04ee9ea182b1,macOS-26.5.1-arm64-arm-64bit,natural-snake,natural photograph,16,cielab,CIELAB,off,snap off,False,none,off,0.0,0.85,0.900902,5.769966,4.664702,16,48,16,29,0.6041666666666666,0.6041666666666666,1,131776,{img2sixel} --threads=1 --precision=float32 --quality=full '--loaders=builtin!' --sampling-policy=full-frame --binning-policy=hard --quantize-model=kmeans:seed=1:binbits=6 --merge-policy=none --cover-policy=off -Xcielab -Wcielab --diffusion=fs:scan=raster --gpu-policy=off --lookup-policy=none --palette-type=rgb -p 16 --snap-policy=none --mapfile-output=act:{palette} {input},{lsqa} '--loaders=builtin!' {input} -
85a2674e53a2d7b75c6944b5a87b04ee9ea182b1,macOS-26.5.1-arm64-arm-64bit,natural-snake,natural photograph,16,cielab,CIELAB,nearest-quarter,nearest / all / rate 0.25,True,nearest,all,0.25,0.85,0.902678,5.804275,4.678567,16,48,8,12,0.25,0.25,1,132650,{img2sixel} --threads=1 --precision=float32 --quality=full '--loaders=builtin!' --sampling-policy=full-frame --binning-policy=hard --quantize-model=kmeans:seed=1:binbits=6 --merge-policy=none --cover-policy=off -Xcielab -Wcielab --diffusion=fs:scan=raster --gpu-policy=off --lookup-policy=none --palette-type=rgb -p 16 --snap-policy=nearest:timing=all:rate=0.25:channel_l=0.85 --mapfile-output=act:{palette} {input},{lsqa} '--loaders=builtin!' {input} -
85a2674e53a2d7b75c6944b5a87b04ee9ea182b1,macOS-26.5.1-arm64-arm-64bit,natural-snake,natural photograph,16,cielab,CIELAB,nearest-once,nearest / once / rate 1,True,nearest,once,1.0,0.85,0.895415,5.915444,4.557573,16,48,0,0,0.0,0.0,0,134135,{img2sixel} --threads=1 --precision=float32 --quality=full '--loaders=builtin!' --sampling-policy=full-frame --binning-policy=hard --quantize-model=kmeans:seed=1:binbits=6 --merge-policy=none --cover-policy=off -Xcielab -Wcielab --diffusion=fs:scan=raster --gpu-policy=off --lookup-policy=none --palette-type=rgb -p 16 --snap-policy=nearest:timing=once:rate=1:channel_l=0.85 --mapfile-output=act:{palette} {input},{lsqa} '--loaders=builtin!' {input} -
85a2674e53a2d7b75c6944b5a87b04ee9ea182b1,macOS-26.5.1-arm64-arm-64bit,natural-snake,natural photograph,16,cielab,CIELAB,nearest-all,nearest / all / rate 1,True,nearest,all,1.0,0.85,0.906196,5.743555,4.633983,16,48,0,0,0.0,0.0,0,129500,{img2sixel} --threads=1 --precision=float32 --quality=full '--loaders=builtin!' --sampling-policy=full-frame --binning-policy=hard --quantize-model=kmeans:seed=1:binbits=6 --merge-policy=none --cover-policy=off -Xcielab -Wcielab --diffusion=fs:scan=raster --gpu-policy=off --lookup-policy=none --palette-type=rgb -p 16 --snap-policy=nearest:timing=all:rate=1:channel_l=0.85 --mapfile-output=act:{palette} {input},{lsqa} '--loaders=builtin!' {input} -
85a2674e53a2d7b75c6944b5a87b04ee9ea182b1,macOS-26.5.1-arm64-arm-64bit,natural-snake,natural photograph,16,cielab,CIELAB,reversible-all,reversible / all / rate 1,True,reversible,all,1.0,0.85,0.903651,5.805378,4.710268,16,48,0,0,0.0,0.0,0,130035,{img2sixel} --threads=1 --precision=float32 --quality=full '--loaders=builtin!' --sampling-policy=full-frame --binning-policy=hard --quantize-model=kmeans:seed=1:binbits=6 --merge-policy=none --cover-policy=off -Xcielab -Wcielab --diffusion=fs:scan=raster --gpu-policy=off --lookup-policy=none --palette-type=rgb -p 16 --snap-policy=reversible:timing=all:rate=1:channel_l=0.85 --mapfile-output=act:{palette} {input},{lsqa} '--loaders=builtin!' {input} -
85a2674e53a2d7b75c6944b5a87b04ee9ea182b1,macOS-26.5.1-arm64-arm-64bit,natural-snake,natural photograph,16,din99d,DIN99d,off,snap off,False,none,off,0.0,0.85,0.92561,5.070876,5.002223,16,48,16,28,0.5833333333333334,0.5833333333333334,1,130026,{img2sixel} --threads=1 --precision=float32 --quality=full '--loaders=builtin!' --sampling-policy=full-frame --binning-policy=hard --quantize-model=kmeans:seed=1:binbits=6 --merge-policy=none --cover-policy=off -Xdin99d -Wdin99d --diffusion=fs:scan=raster --gpu-policy=off --lookup-policy=none --palette-type=rgb -p 16 --snap-policy=none --mapfile-output=act:{palette} {input},{lsqa} '--loaders=builtin!' {input} -
85a2674e53a2d7b75c6944b5a87b04ee9ea182b1,macOS-26.5.1-arm64-arm-64bit,natural-snake,natural photograph,16,din99d,DIN99d,nearest-quarter,nearest / all / rate 0.25,True,nearest,all,0.25,0.85,0.927391,5.051192,5.004939,16,48,12,16,0.3333333333333333,0.3333333333333333,1,129344,{img2sixel} --threads=1 --precision=float32 --quality=full '--loaders=builtin!' --sampling-policy=full-frame --binning-policy=hard --quantize-model=kmeans:seed=1:binbits=6 --merge-policy=none --cover-policy=off -Xdin99d -Wdin99d --diffusion=fs:scan=raster --gpu-policy=off --lookup-policy=none --palette-type=rgb -p 16 --snap-policy=nearest:timing=all:rate=0.25:channel_l=0.85 --mapfile-output=act:{palette} {input},{lsqa} '--loaders=builtin!' {input} -
85a2674e53a2d7b75c6944b5a87b04ee9ea182b1,macOS-26.5.1-arm64-arm-64bit,natural-snake,natural photograph,16,din99d,DIN99d,nearest-once,nearest / once / rate 1,True,nearest,once,1.0,0.85,0.926524,5.097322,4.958317,16,48,0,0,0.0,0.0,0,133054,{img2sixel} --threads=1 --precision=float32 --quality=full '--loaders=builtin!' --sampling-policy=full-frame --binning-policy=hard --quantize-model=kmeans:seed=1:binbits=6 --merge-policy=none --cover-policy=off -Xdin99d -Wdin99d --diffusion=fs:scan=raster --gpu-policy=off --lookup-policy=none --palette-type=rgb -p 16 --snap-policy=nearest:timing=once:rate=1:channel_l=0.85 --mapfile-output=act:{palette} {input},{lsqa} '--loaders=builtin!' {input} -
85a2674e53a2d7b75c6944b5a87b04ee9ea182b1,macOS-26.5.1-arm64-arm-64bit,natural-snake,natural photograph,16,din99d,DIN99d,nearest-all,nearest / all / rate 1,True,nearest,all,1.0,0.85,0.926076,5.268235,5.106147,16,48,0,0,0.0,0.0,0,134435,{img2sixel} --threads=1 --precision=float32 --quality=full '--loaders=builtin!' --sampling-policy=full-frame --binning-policy=hard --quantize-model=kmeans:seed=1:binbits=6 --merge-policy=none --cover-policy=off -Xdin99d -Wdin99d --diffusion=fs:scan=raster --gpu-policy=off --lookup-policy=none --palette-type=rgb -p 16 --snap-policy=nearest:timing=all:rate=1:channel_l=0.85 --mapfile-output=act:{palette} {input},{lsqa} '--loaders=builtin!' {input} -
85a2674e53a2d7b75c6944b5a87b04ee9ea182b1,macOS-26.5.1-arm64-arm-64bit,natural-snake,natural photograph,16,din99d,DIN99d,reversible-all,reversible / all / rate 1,True,reversible,all,1.0,0.85,0.920561,5.171763,4.943423,16,48,0,0,0.0,0.0,0,127170,{img2sixel} --threads=1 --precision=float32 --quality=full '--loaders=builtin!' --sampling-policy=full-frame --binning-policy=hard --quantize-model=kmeans:seed=1:binbits=6 --merge-policy=none --cover-policy=off -Xdin99d -Wdin99d --diffusion=fs:scan=raster --gpu-policy=off --lookup-policy=none --palette-type=rgb -p 16 --snap-policy=reversible:timing=all:rate=1:channel_l=0.85 --mapfile-output=act:{palette} {input},{lsqa} '--loaders=builtin!' {input} -
85a2674e53a2d7b75c6944b5a87b04ee9ea182b1,macOS-26.5.1-arm64-arm-64bit,natural-snake,natural photograph,32,gamma,sRGB gamma,off,snap off,False,none,off,0.0,0.85,0.961575,3.92649,3.526545,32,96,26,53,0.5520833333333334,0.5520833333333334,1,160655,{img2sixel} --threads=1 --precision=float32 --quality=full '--loaders=builtin!' --sampling-policy=full-frame --binning-policy=hard --quantize-model=kmeans:seed=1:binbits=6 --merge-policy=none --cover-policy=off -Xgamma -Wgamma --diffusion=fs:scan=raster --gpu-policy=off --lookup-policy=none --palette-type=rgb -p 32 --snap-policy=none --mapfile-output=act:{palette} {input},{lsqa} '--loaders=builtin!' {input} -
85a2674e53a2d7b75c6944b5a87b04ee9ea182b1,macOS-26.5.1-arm64-arm-64bit,natural-snake,natural photograph,32,gamma,sRGB gamma,nearest-quarter,nearest / all / rate 0.25,True,nearest,all,0.25,0.85,0.961607,3.882925,3.526672,32,96,19,26,0.2708333333333333,0.2708333333333333,1,160793,{img2sixel} --threads=1 --precision=float32 --quality=full '--loaders=builtin!' --sampling-policy=full-frame --binning-policy=hard --quantize-model=kmeans:seed=1:binbits=6 --merge-policy=none --cover-policy=off -Xgamma -Wgamma --diffusion=fs:scan=raster --gpu-policy=off --lookup-policy=none --palette-type=rgb -p 32 --snap-policy=nearest:timing=all:rate=0.25:channel_l=0.85 --mapfile-output=act:{palette} {input},{lsqa} '--loaders=builtin!' {input} -
85a2674e53a2d7b75c6944b5a87b04ee9ea182b1,macOS-26.5.1-arm64-arm-64bit,natural-snake,natural photograph,32,gamma,sRGB gamma,nearest-once,nearest / once / rate 1,True,nearest,once,1.0,0.85,0.962467,3.915957,3.533155,32,96,0,0,0.0,0.0,0,160737,{img2sixel} --threads=1 --precision=float32 --quality=full '--loaders=builtin!' --sampling-policy=full-frame --binning-policy=hard --quantize-model=kmeans:seed=1:binbits=6 --merge-policy=none --cover-policy=off -Xgamma -Wgamma --diffusion=fs:scan=raster --gpu-policy=off --lookup-policy=none --palette-type=rgb -p 32 --snap-policy=nearest:timing=once:rate=1:channel_l=0.85 --mapfile-output=act:{palette} {input},{lsqa} '--loaders=builtin!' {input} -
85a2674e53a2d7b75c6944b5a87b04ee9ea182b1,macOS-26.5.1-arm64-arm-64bit,natural-snake,natural photograph,32,gamma,sRGB gamma,nearest-all,nearest / all / rate 1,True,nearest,all,1.0,0.85,0.958546,4.118819,3.837829,32,96,0,0,0.0,0.0,0,162399,{img2sixel} --threads=1 --precision=float32 --quality=full '--loaders=builtin!' --sampling-policy=full-frame --binning-policy=hard --quantize-model=kmeans:seed=1:binbits=6 --merge-policy=none --cover-policy=off -Xgamma -Wgamma --diffusion=fs:scan=raster --gpu-policy=off --lookup-policy=none --palette-type=rgb -p 32 --snap-policy=nearest:timing=all:rate=1:channel_l=0.85 --mapfile-output=act:{palette} {input},{lsqa} '--loaders=builtin!' {input} -
85a2674e53a2d7b75c6944b5a87b04ee9ea182b1,macOS-26.5.1-arm64-arm-64bit,natural-snake,natural photograph,32,gamma,sRGB gamma,reversible-all,reversible / all / rate 1,True,reversible,all,1.0,0.85,0.962572,3.981027,3.679356,32,96,0,0,0.0,0.0,0,162055,{img2sixel} --threads=1 --precision=float32 --quality=full '--loaders=builtin!' --sampling-policy=full-frame --binning-policy=hard --quantize-model=kmeans:seed=1:binbits=6 --merge-policy=none --cover-policy=off -Xgamma -Wgamma --diffusion=fs:scan=raster --gpu-policy=off --lookup-policy=none --palette-type=rgb -p 32 --snap-policy=reversible:timing=all:rate=1:channel_l=0.85 --mapfile-output=act:{palette} {input},{lsqa} '--loaders=builtin!' {input} -
85a2674e53a2d7b75c6944b5a87b04ee9ea182b1,macOS-26.5.1-arm64-arm-64bit,natural-snake,natural photograph,32,linear,linear RGB,off,snap off,False,none,off,0.0,0.85,0.957479,4.457186,5.055184,32,96,31,60,0.625,0.625,1,153213,{img2sixel} --threads=1 --precision=float32 --quality=full '--loaders=builtin!' --sampling-policy=full-frame --binning-policy=hard --quantize-model=kmeans:seed=1:binbits=6 --merge-policy=none --cover-policy=off -Xlinear -Wlinear --diffusion=fs:scan=raster --gpu-policy=off --lookup-policy=none --palette-type=rgb -p 32 --snap-policy=none --mapfile-output=act:{palette} {input},{lsqa} '--loaders=builtin!' {input} -
85a2674e53a2d7b75c6944b5a87b04ee9ea182b1,macOS-26.5.1-arm64-arm-64bit,natural-snake,natural photograph,32,linear,linear RGB,nearest-quarter,nearest / all / rate 0.25,True,nearest,all,0.25,0.85,0.95574,4.441435,4.92274,32,96,21,31,0.3229166666666667,0.3229166666666667,1,155147,{img2sixel} --threads=1 --precision=float32 --quality=full '--loaders=builtin!' --sampling-policy=full-frame --binning-policy=hard --quantize-model=kmeans:seed=1:binbits=6 --merge-policy=none --cover-policy=off -Xlinear -Wlinear --diffusion=fs:scan=raster --gpu-policy=off --lookup-policy=none --palette-type=rgb -p 32 --snap-policy=nearest:timing=all:rate=0.25:channel_l=0.85 --mapfile-output=act:{palette} {input},{lsqa} '--loaders=builtin!' {input} -
85a2674e53a2d7b75c6944b5a87b04ee9ea182b1,macOS-26.5.1-arm64-arm-64bit,natural-snake,natural photograph,32,linear,linear RGB,nearest-once,nearest / once / rate 1,True,nearest,once,1.0,0.85,0.955738,4.413287,4.993115,32,96,0,0,0.0,0.0,0,151778,{img2sixel} --threads=1 --precision=float32 --quality=full '--loaders=builtin!' --sampling-policy=full-frame --binning-policy=hard --quantize-model=kmeans:seed=1:binbits=6 --merge-policy=none --cover-policy=off -Xlinear -Wlinear --diffusion=fs:scan=raster --gpu-policy=off --lookup-policy=none --palette-type=rgb -p 32 --snap-policy=nearest:timing=once:rate=1:channel_l=0.85 --mapfile-output=act:{palette} {input},{lsqa} '--loaders=builtin!' {input} -
85a2674e53a2d7b75c6944b5a87b04ee9ea182b1,macOS-26.5.1-arm64-arm-64bit,natural-snake,natural photograph,32,linear,linear RGB,nearest-all,nearest / all / rate 1,True,nearest,all,1.0,0.85,0.955316,4.447518,5.110762,32,96,0,0,0.0,0.0,0,152867,{img2sixel} --threads=1 --precision=float32 --quality=full '--loaders=builtin!' --sampling-policy=full-frame --binning-policy=hard --quantize-model=kmeans:seed=1:binbits=6 --merge-policy=none --cover-policy=off -Xlinear -Wlinear --diffusion=fs:scan=raster --gpu-policy=off --lookup-policy=none --palette-type=rgb -p 32 --snap-policy=nearest:timing=all:rate=1:channel_l=0.85 --mapfile-output=act:{palette} {input},{lsqa} '--loaders=builtin!' {input} -
85a2674e53a2d7b75c6944b5a87b04ee9ea182b1,macOS-26.5.1-arm64-arm-64bit,natural-snake,natural photograph,32,linear,linear RGB,reversible-all,reversible / all / rate 1,True,reversible,all,1.0,0.85,0.957697,4.454532,5.084933,32,96,0,0,0.0,0.0,0,154527,{img2sixel} --threads=1 --precision=float32 --quality=full '--loaders=builtin!' --sampling-policy=full-frame --binning-policy=hard --quantize-model=kmeans:seed=1:binbits=6 --merge-policy=none --cover-policy=off -Xlinear -Wlinear --diffusion=fs:scan=raster --gpu-policy=off --lookup-policy=none --palette-type=rgb -p 32 --snap-policy=reversible:timing=all:rate=1:channel_l=0.85 --mapfile-output=act:{palette} {input},{lsqa} '--loaders=builtin!' {input} -
85a2674e53a2d7b75c6944b5a87b04ee9ea182b1,macOS-26.5.1-arm64-arm-64bit,natural-snake,natural photograph,32,oklab,OKLab,off,snap off,False,none,off,0.0,0.85,0.973799,4.108732,4.346655,32,96,31,61,0.6354166666666666,0.6354166666666666,1,153108,{img2sixel} --threads=1 --precision=float32 --quality=full '--loaders=builtin!' --sampling-policy=full-frame --binning-policy=hard --quantize-model=kmeans:seed=1:binbits=6 --merge-policy=none --cover-policy=off -Xoklab -Woklab --diffusion=fs:scan=raster --gpu-policy=off --lookup-policy=none --palette-type=rgb -p 32 --snap-policy=none --mapfile-output=act:{palette} {input},{lsqa} '--loaders=builtin!' {input} -
85a2674e53a2d7b75c6944b5a87b04ee9ea182b1,macOS-26.5.1-arm64-arm-64bit,natural-snake,natural photograph,32,oklab,OKLab,nearest-quarter,nearest / all / rate 0.25,True,nearest,all,0.25,0.85,0.972983,3.938752,4.174998,32,96,28,42,0.4375,0.4375,1,151851,{img2sixel} --threads=1 --precision=float32 --quality=full '--loaders=builtin!' --sampling-policy=full-frame --binning-policy=hard --quantize-model=kmeans:seed=1:binbits=6 --merge-policy=none --cover-policy=off -Xoklab -Woklab --diffusion=fs:scan=raster --gpu-policy=off --lookup-policy=none --palette-type=rgb -p 32 --snap-policy=nearest:timing=all:rate=0.25:channel_l=0.85 --mapfile-output=act:{palette} {input},{lsqa} '--loaders=builtin!' {input} -
85a2674e53a2d7b75c6944b5a87b04ee9ea182b1,macOS-26.5.1-arm64-arm-64bit,natural-snake,natural photograph,32,oklab,OKLab,nearest-once,nearest / once / rate 1,True,nearest,once,1.0,0.85,0.969144,4.295778,4.394804,32,96,0,0,0.0,0.0,0,155083,{img2sixel} --threads=1 --precision=float32 --quality=full '--loaders=builtin!' --sampling-policy=full-frame --binning-policy=hard --quantize-model=kmeans:seed=1:binbits=6 --merge-policy=none --cover-policy=off -Xoklab -Woklab --diffusion=fs:scan=raster --gpu-policy=off --lookup-policy=none --palette-type=rgb -p 32 --snap-policy=nearest:timing=once:rate=1:channel_l=0.85 --mapfile-output=act:{palette} {input},{lsqa} '--loaders=builtin!' {input} -
85a2674e53a2d7b75c6944b5a87b04ee9ea182b1,macOS-26.5.1-arm64-arm-64bit,natural-snake,natural photograph,32,oklab,OKLab,nearest-all,nearest / all / rate 1,True,nearest,all,1.0,0.85,0.971347,4.151227,4.215936,32,96,0,0,0.0,0.0,0,153898,{img2sixel} --threads=1 --precision=float32 --quality=full '--loaders=builtin!' --sampling-policy=full-frame --binning-policy=hard --quantize-model=kmeans:seed=1:binbits=6 --merge-policy=none --cover-policy=off -Xoklab -Woklab --diffusion=fs:scan=raster --gpu-policy=off --lookup-policy=none --palette-type=rgb -p 32 --snap-policy=nearest:timing=all:rate=1:channel_l=0.85 --mapfile-output=act:{palette} {input},{lsqa} '--loaders=builtin!' {input} -
85a2674e53a2d7b75c6944b5a87b04ee9ea182b1,macOS-26.5.1-arm64-arm-64bit,natural-snake,natural photograph,32,oklab,OKLab,reversible-all,reversible / all / rate 1,True,reversible,all,1.0,0.85,0.966936,4.310686,4.381267,32,96,0,0,0.0,0.0,0,150888,{img2sixel} --threads=1 --precision=float32 --quality=full '--loaders=builtin!' --sampling-policy=full-frame --binning-policy=hard --quantize-model=kmeans:seed=1:binbits=6 --merge-policy=none --cover-policy=off -Xoklab -Woklab --diffusion=fs:scan=raster --gpu-policy=off --lookup-policy=none --palette-type=rgb -p 32 --snap-policy=reversible:timing=all:rate=1:channel_l=0.85 --mapfile-output=act:{palette} {input},{lsqa} '--loaders=builtin!' {input} -
85a2674e53a2d7b75c6944b5a87b04ee9ea182b1,macOS-26.5.1-arm64-arm-64bit,natural-snake,natural photograph,32,cielab,CIELAB,off,snap off,False,none,off,0.0,0.85,0.941535,4.400659,3.722951,32,96,32,63,0.65625,0.65625,1,155032,{img2sixel} --threads=1 --precision=float32 --quality=full '--loaders=builtin!' --sampling-policy=full-frame --binning-policy=hard --quantize-model=kmeans:seed=1:binbits=6 --merge-policy=none --cover-policy=off -Xcielab -Wcielab --diffusion=fs:scan=raster --gpu-policy=off --lookup-policy=none --palette-type=rgb -p 32 --snap-policy=none --mapfile-output=act:{palette} {input},{lsqa} '--loaders=builtin!' {input} -
85a2674e53a2d7b75c6944b5a87b04ee9ea182b1,macOS-26.5.1-arm64-arm-64bit,natural-snake,natural photograph,32,cielab,CIELAB,nearest-quarter,nearest / all / rate 0.25,True,nearest,all,0.25,0.85,0.943434,4.31611,3.323756,32,96,23,39,0.40625,0.40625,1,156574,{img2sixel} --threads=1 --precision=float32 --quality=full '--loaders=builtin!' --sampling-policy=full-frame --binning-policy=hard --quantize-model=kmeans:seed=1:binbits=6 --merge-policy=none --cover-policy=off -Xcielab -Wcielab --diffusion=fs:scan=raster --gpu-policy=off --lookup-policy=none --palette-type=rgb -p 32 --snap-policy=nearest:timing=all:rate=0.25:channel_l=0.85 --mapfile-output=act:{palette} {input},{lsqa} '--loaders=builtin!' {input} -
85a2674e53a2d7b75c6944b5a87b04ee9ea182b1,macOS-26.5.1-arm64-arm-64bit,natural-snake,natural photograph,32,cielab,CIELAB,nearest-once,nearest / once / rate 1,True,nearest,once,1.0,0.85,0.93971,4.431663,3.585324,32,96,0,0,0.0,0.0,0,159742,{img2sixel} --threads=1 --precision=float32 --quality=full '--loaders=builtin!' --sampling-policy=full-frame --binning-policy=hard --quantize-model=kmeans:seed=1:binbits=6 --merge-policy=none --cover-policy=off -Xcielab -Wcielab --diffusion=fs:scan=raster --gpu-policy=off --lookup-policy=none --palette-type=rgb -p 32 --snap-policy=nearest:timing=once:rate=1:channel_l=0.85 --mapfile-output=act:{palette} {input},{lsqa} '--loaders=builtin!' {input} -
85a2674e53a2d7b75c6944b5a87b04ee9ea182b1,macOS-26.5.1-arm64-arm-64bit,natural-snake,natural photograph,32,cielab,CIELAB,nearest-all,nearest / all / rate 1,True,nearest,all,1.0,0.85,0.936555,4.52409,3.598052,32,96,0,0,0.0,0.0,0,161628,{img2sixel} --threads=1 --precision=float32 --quality=full '--loaders=builtin!' --sampling-policy=full-frame --binning-policy=hard --quantize-model=kmeans:seed=1:binbits=6 --merge-policy=none --cover-policy=off -Xcielab -Wcielab --diffusion=fs:scan=raster --gpu-policy=off --lookup-policy=none --palette-type=rgb -p 32 --snap-policy=nearest:timing=all:rate=1:channel_l=0.85 --mapfile-output=act:{palette} {input},{lsqa} '--loaders=builtin!' {input} -
85a2674e53a2d7b75c6944b5a87b04ee9ea182b1,macOS-26.5.1-arm64-arm-64bit,natural-snake,natural photograph,32,cielab,CIELAB,reversible-all,reversible / all / rate 1,True,reversible,all,1.0,0.85,0.947312,4.332511,3.705559,32,96,0,0,0.0,0.0,0,164268,{img2sixel} --threads=1 --precision=float32 --quality=full '--loaders=builtin!' --sampling-policy=full-frame --binning-policy=hard --quantize-model=kmeans:seed=1:binbits=6 --merge-policy=none --cover-policy=off -Xcielab -Wcielab --diffusion=fs:scan=raster --gpu-policy=off --lookup-policy=none --palette-type=rgb -p 32 --snap-policy=reversible:timing=all:rate=1:channel_l=0.85 --mapfile-output=act:{palette} {input},{lsqa} '--loaders=builtin!' {input} -
85a2674e53a2d7b75c6944b5a87b04ee9ea182b1,macOS-26.5.1-arm64-arm-64bit,natural-snake,natural photograph,32,din99d,DIN99d,off,snap off,False,none,off,0.0,0.85,0.948194,4.383357,4.136355,32,96,29,59,0.6145833333333334,0.6145833333333334,1,164453,{img2sixel} --threads=1 --precision=float32 --quality=full '--loaders=builtin!' --sampling-policy=full-frame --binning-policy=hard --quantize-model=kmeans:seed=1:binbits=6 --merge-policy=none --cover-policy=off -Xdin99d -Wdin99d --diffusion=fs:scan=raster --gpu-policy=off --lookup-policy=none --palette-type=rgb -p 32 --snap-policy=none --mapfile-output=act:{palette} {input},{lsqa} '--loaders=builtin!' {input} -
85a2674e53a2d7b75c6944b5a87b04ee9ea182b1,macOS-26.5.1-arm64-arm-64bit,natural-snake,natural photograph,32,din99d,DIN99d,nearest-quarter,nearest / all / rate 0.25,True,nearest,all,0.25,0.85,0.947082,4.40646,4.100076,32,96,25,44,0.4583333333333333,0.4583333333333333,1,166143,{img2sixel} --threads=1 --precision=float32 --quality=full '--loaders=builtin!' --sampling-policy=full-frame --binning-policy=hard --quantize-model=kmeans:seed=1:binbits=6 --merge-policy=none --cover-policy=off -Xdin99d -Wdin99d --diffusion=fs:scan=raster --gpu-policy=off --lookup-policy=none --palette-type=rgb -p 32 --snap-policy=nearest:timing=all:rate=0.25:channel_l=0.85 --mapfile-output=act:{palette} {input},{lsqa} '--loaders=builtin!' {input} -
85a2674e53a2d7b75c6944b5a87b04ee9ea182b1,macOS-26.5.1-arm64-arm-64bit,natural-snake,natural photograph,32,din99d,DIN99d,nearest-once,nearest / once / rate 1,True,nearest,once,1.0,0.85,0.94616,4.607101,4.320053,32,96,0,0,0.0,0.0,0,168856,{img2sixel} --threads=1 --precision=float32 --quality=full '--loaders=builtin!' --sampling-policy=full-frame --binning-policy=hard --quantize-model=kmeans:seed=1:binbits=6 --merge-policy=none --cover-policy=off -Xdin99d -Wdin99d --diffusion=fs:scan=raster --gpu-policy=off --lookup-policy=none --palette-type=rgb -p 32 --snap-policy=nearest:timing=once:rate=1:channel_l=0.85 --mapfile-output=act:{palette} {input},{lsqa} '--loaders=builtin!' {input} -
85a2674e53a2d7b75c6944b5a87b04ee9ea182b1,macOS-26.5.1-arm64-arm-64bit,natural-snake,natural photograph,32,din99d,DIN99d,nearest-all,nearest / all / rate 1,True,nearest,all,1.0,0.85,0.94663,4.661261,4.400278,32,96,0,0,0.0,0.0,0,173063,{img2sixel} --threads=1 --precision=float32 --quality=full '--loaders=builtin!' --sampling-policy=full-frame --binning-policy=hard --quantize-model=kmeans:seed=1:binbits=6 --merge-policy=none --cover-policy=off -Xdin99d -Wdin99d --diffusion=fs:scan=raster --gpu-policy=off --lookup-policy=none --palette-type=rgb -p 32 --snap-policy=nearest:timing=all:rate=1:channel_l=0.85 --mapfile-output=act:{palette} {input},{lsqa} '--loaders=builtin!' {input} -
85a2674e53a2d7b75c6944b5a87b04ee9ea182b1,macOS-26.5.1-arm64-arm-64bit,natural-snake,natural photograph,32,din99d,DIN99d,reversible-all,reversible / all / rate 1,True,reversible,all,1.0,0.85,0.945489,4.582931,4.268573,32,96,0,0,0.0,0.0,0,167664,{img2sixel} --threads=1 --precision=float32 --quality=full '--loaders=builtin!' --sampling-policy=full-frame --binning-policy=hard --quantize-model=kmeans:seed=1:binbits=6 --merge-policy=none --cover-policy=off -Xdin99d -Wdin99d --diffusion=fs:scan=raster --gpu-policy=off --lookup-policy=none --palette-type=rgb -p 32 --snap-policy=reversible:timing=all:rate=1:channel_l=0.85 --mapfile-output=act:{palette} {input},{lsqa} '--loaders=builtin!' {input} -
85a2674e53a2d7b75c6944b5a87b04ee9ea182b1,macOS-26.5.1-arm64-arm-64bit,natural-snake,natural photograph,64,gamma,sRGB gamma,off,snap off,False,none,off,0.0,0.85,0.979055,3.189964,2.899705,64,192,61,110,0.5729166666666666,0.5729166666666666,1,194920,{img2sixel} --threads=1 --precision=float32 --quality=full '--loaders=builtin!' --sampling-policy=full-frame --binning-policy=hard --quantize-model=kmeans:seed=1:binbits=6 --merge-policy=none --cover-policy=off -Xgamma -Wgamma --diffusion=fs:scan=raster --gpu-policy=off --lookup-policy=none --palette-type=rgb -p 64 --snap-policy=none --mapfile-output=act:{palette} {input},{lsqa} '--loaders=builtin!' {input} -
85a2674e53a2d7b75c6944b5a87b04ee9ea182b1,macOS-26.5.1-arm64-arm-64bit,natural-snake,natural photograph,64,gamma,sRGB gamma,nearest-quarter,nearest / all / rate 0.25,True,nearest,all,0.25,0.85,0.978917,3.204418,2.876289,64,192,40,47,0.24479166666666666,0.24479166666666666,1,194020,{img2sixel} --threads=1 --precision=float32 --quality=full '--loaders=builtin!' --sampling-policy=full-frame --binning-policy=hard --quantize-model=kmeans:seed=1:binbits=6 --merge-policy=none --cover-policy=off -Xgamma -Wgamma --diffusion=fs:scan=raster --gpu-policy=off --lookup-policy=none --palette-type=rgb -p 64 --snap-policy=nearest:timing=all:rate=0.25:channel_l=0.85 --mapfile-output=act:{palette} {input},{lsqa} '--loaders=builtin!' {input} -
85a2674e53a2d7b75c6944b5a87b04ee9ea182b1,macOS-26.5.1-arm64-arm-64bit,natural-snake,natural photograph,64,gamma,sRGB gamma,nearest-once,nearest / once / rate 1,True,nearest,once,1.0,0.85,0.976631,3.328538,2.963325,64,192,0,0,0.0,0.0,0,198915,{img2sixel} --threads=1 --precision=float32 --quality=full '--loaders=builtin!' --sampling-policy=full-frame --binning-policy=hard --quantize-model=kmeans:seed=1:binbits=6 --merge-policy=none --cover-policy=off -Xgamma -Wgamma --diffusion=fs:scan=raster --gpu-policy=off --lookup-policy=none --palette-type=rgb -p 64 --snap-policy=nearest:timing=once:rate=1:channel_l=0.85 --mapfile-output=act:{palette} {input},{lsqa} '--loaders=builtin!' {input} -
85a2674e53a2d7b75c6944b5a87b04ee9ea182b1,macOS-26.5.1-arm64-arm-64bit,natural-snake,natural photograph,64,gamma,sRGB gamma,nearest-all,nearest / all / rate 1,True,nearest,all,1.0,0.85,0.975467,3.32216,3.076254,64,192,0,0,0.0,0.0,0,193956,{img2sixel} --threads=1 --precision=float32 --quality=full '--loaders=builtin!' --sampling-policy=full-frame --binning-policy=hard --quantize-model=kmeans:seed=1:binbits=6 --merge-policy=none --cover-policy=off -Xgamma -Wgamma --diffusion=fs:scan=raster --gpu-policy=off --lookup-policy=none --palette-type=rgb -p 64 --snap-policy=nearest:timing=all:rate=1:channel_l=0.85 --mapfile-output=act:{palette} {input},{lsqa} '--loaders=builtin!' {input} -
85a2674e53a2d7b75c6944b5a87b04ee9ea182b1,macOS-26.5.1-arm64-arm-64bit,natural-snake,natural photograph,64,gamma,sRGB gamma,reversible-all,reversible / all / rate 1,True,reversible,all,1.0,0.85,0.975999,3.357623,3.036131,64,192,0,0,0.0,0.0,0,195762,{img2sixel} --threads=1 --precision=float32 --quality=full '--loaders=builtin!' --sampling-policy=full-frame --binning-policy=hard --quantize-model=kmeans:seed=1:binbits=6 --merge-policy=none --cover-policy=off -Xgamma -Wgamma --diffusion=fs:scan=raster --gpu-policy=off --lookup-policy=none --palette-type=rgb -p 64 --snap-policy=reversible:timing=all:rate=1:channel_l=0.85 --mapfile-output=act:{palette} {input},{lsqa} '--loaders=builtin!' {input} -
85a2674e53a2d7b75c6944b5a87b04ee9ea182b1,macOS-26.5.1-arm64-arm-64bit,natural-snake,natural photograph,64,linear,linear RGB,off,snap off,False,none,off,0.0,0.85,0.97808,3.593993,3.981051,64,192,59,109,0.5677083333333334,0.5677083333333334,1,194415,{img2sixel} --threads=1 --precision=float32 --quality=full '--loaders=builtin!' --sampling-policy=full-frame --binning-policy=hard --quantize-model=kmeans:seed=1:binbits=6 --merge-policy=none --cover-policy=off -Xlinear -Wlinear --diffusion=fs:scan=raster --gpu-policy=off --lookup-policy=none --palette-type=rgb -p 64 --snap-policy=none --mapfile-output=act:{palette} {input},{lsqa} '--loaders=builtin!' {input} -
85a2674e53a2d7b75c6944b5a87b04ee9ea182b1,macOS-26.5.1-arm64-arm-64bit,natural-snake,natural photograph,64,linear,linear RGB,nearest-quarter,nearest / all / rate 0.25,True,nearest,all,0.25,0.85,0.97922,3.584424,4.041157,64,192,36,50,0.2604166666666667,0.2604166666666667,1,193738,{img2sixel} --threads=1 --precision=float32 --quality=full '--loaders=builtin!' --sampling-policy=full-frame --binning-policy=hard --quantize-model=kmeans:seed=1:binbits=6 --merge-policy=none --cover-policy=off -Xlinear -Wlinear --diffusion=fs:scan=raster --gpu-policy=off --lookup-policy=none --palette-type=rgb -p 64 --snap-policy=nearest:timing=all:rate=0.25:channel_l=0.85 --mapfile-output=act:{palette} {input},{lsqa} '--loaders=builtin!' {input} -
85a2674e53a2d7b75c6944b5a87b04ee9ea182b1,macOS-26.5.1-arm64-arm-64bit,natural-snake,natural photograph,64,linear,linear RGB,nearest-once,nearest / once / rate 1,True,nearest,once,1.0,0.85,0.977868,3.622602,4.155797,64,192,0,0,0.0,0.0,0,196671,{img2sixel} --threads=1 --precision=float32 --quality=full '--loaders=builtin!' --sampling-policy=full-frame --binning-policy=hard --quantize-model=kmeans:seed=1:binbits=6 --merge-policy=none --cover-policy=off -Xlinear -Wlinear --diffusion=fs:scan=raster --gpu-policy=off --lookup-policy=none --palette-type=rgb -p 64 --snap-policy=nearest:timing=once:rate=1:channel_l=0.85 --mapfile-output=act:{palette} {input},{lsqa} '--loaders=builtin!' {input} -
85a2674e53a2d7b75c6944b5a87b04ee9ea182b1,macOS-26.5.1-arm64-arm-64bit,natural-snake,natural photograph,64,linear,linear RGB,nearest-all,nearest / all / rate 1,True,nearest,all,1.0,0.85,0.975794,3.894259,4.327872,64,192,0,0,0.0,0.0,0,207543,{img2sixel} --threads=1 --precision=float32 --quality=full '--loaders=builtin!' --sampling-policy=full-frame --binning-policy=hard --quantize-model=kmeans:seed=1:binbits=6 --merge-policy=none --cover-policy=off -Xlinear -Wlinear --diffusion=fs:scan=raster --gpu-policy=off --lookup-policy=none --palette-type=rgb -p 64 --snap-policy=nearest:timing=all:rate=1:channel_l=0.85 --mapfile-output=act:{palette} {input},{lsqa} '--loaders=builtin!' {input} -
85a2674e53a2d7b75c6944b5a87b04ee9ea182b1,macOS-26.5.1-arm64-arm-64bit,natural-snake,natural photograph,64,linear,linear RGB,reversible-all,reversible / all / rate 1,True,reversible,all,1.0,0.85,0.977189,3.740583,4.025702,64,192,0,0,0.0,0.0,0,203193,{img2sixel} --threads=1 --precision=float32 --quality=full '--loaders=builtin!' --sampling-policy=full-frame --binning-policy=hard --quantize-model=kmeans:seed=1:binbits=6 --merge-policy=none --cover-policy=off -Xlinear -Wlinear --diffusion=fs:scan=raster --gpu-policy=off --lookup-policy=none --palette-type=rgb -p 64 --snap-policy=reversible:timing=all:rate=1:channel_l=0.85 --mapfile-output=act:{palette} {input},{lsqa} '--loaders=builtin!' {input} -
85a2674e53a2d7b75c6944b5a87b04ee9ea182b1,macOS-26.5.1-arm64-arm-64bit,natural-snake,natural photograph,64,oklab,OKLab,off,snap off,False,none,off,0.0,0.85,0.982282,3.442054,3.551071,64,192,60,107,0.5572916666666666,0.5572916666666666,1,185576,{img2sixel} --threads=1 --precision=float32 --quality=full '--loaders=builtin!' --sampling-policy=full-frame --binning-policy=hard --quantize-model=kmeans:seed=1:binbits=6 --merge-policy=none --cover-policy=off -Xoklab -Woklab --diffusion=fs:scan=raster --gpu-policy=off --lookup-policy=none --palette-type=rgb -p 64 --snap-policy=none --mapfile-output=act:{palette} {input},{lsqa} '--loaders=builtin!' {input} -
85a2674e53a2d7b75c6944b5a87b04ee9ea182b1,macOS-26.5.1-arm64-arm-64bit,natural-snake,natural photograph,64,oklab,OKLab,nearest-quarter,nearest / all / rate 0.25,True,nearest,all,0.25,0.85,0.984048,3.491359,3.456323,64,192,51,89,0.4635416666666667,0.4635416666666667,1,192630,{img2sixel} --threads=1 --precision=float32 --quality=full '--loaders=builtin!' --sampling-policy=full-frame --binning-policy=hard --quantize-model=kmeans:seed=1:binbits=6 --merge-policy=none --cover-policy=off -Xoklab -Woklab --diffusion=fs:scan=raster --gpu-policy=off --lookup-policy=none --palette-type=rgb -p 64 --snap-policy=nearest:timing=all:rate=0.25:channel_l=0.85 --mapfile-output=act:{palette} {input},{lsqa} '--loaders=builtin!' {input} -
85a2674e53a2d7b75c6944b5a87b04ee9ea182b1,macOS-26.5.1-arm64-arm-64bit,natural-snake,natural photograph,64,oklab,OKLab,nearest-once,nearest / once / rate 1,True,nearest,once,1.0,0.85,0.982011,3.621162,3.512182,64,192,0,0,0.0,0.0,0,196807,{img2sixel} --threads=1 --precision=float32 --quality=full '--loaders=builtin!' --sampling-policy=full-frame --binning-policy=hard --quantize-model=kmeans:seed=1:binbits=6 --merge-policy=none --cover-policy=off -Xoklab -Woklab --diffusion=fs:scan=raster --gpu-policy=off --lookup-policy=none --palette-type=rgb -p 64 --snap-policy=nearest:timing=once:rate=1:channel_l=0.85 --mapfile-output=act:{palette} {input},{lsqa} '--loaders=builtin!' {input} -
85a2674e53a2d7b75c6944b5a87b04ee9ea182b1,macOS-26.5.1-arm64-arm-64bit,natural-snake,natural photograph,64,oklab,OKLab,nearest-all,nearest / all / rate 1,True,nearest,all,1.0,0.85,0.981022,3.697137,3.825289,64,192,0,0,0.0,0.0,0,199365,{img2sixel} --threads=1 --precision=float32 --quality=full '--loaders=builtin!' --sampling-policy=full-frame --binning-policy=hard --quantize-model=kmeans:seed=1:binbits=6 --merge-policy=none --cover-policy=off -Xoklab -Woklab --diffusion=fs:scan=raster --gpu-policy=off --lookup-policy=none --palette-type=rgb -p 64 --snap-policy=nearest:timing=all:rate=1:channel_l=0.85 --mapfile-output=act:{palette} {input},{lsqa} '--loaders=builtin!' {input} -
85a2674e53a2d7b75c6944b5a87b04ee9ea182b1,macOS-26.5.1-arm64-arm-64bit,natural-snake,natural photograph,64,oklab,OKLab,reversible-all,reversible / all / rate 1,True,reversible,all,1.0,0.85,0.981992,3.669371,3.780519,64,192,0,0,0.0,0.0,0,197165,{img2sixel} --threads=1 --precision=float32 --quality=full '--loaders=builtin!' --sampling-policy=full-frame --binning-policy=hard --quantize-model=kmeans:seed=1:binbits=6 --merge-policy=none --cover-policy=off -Xoklab -Woklab --diffusion=fs:scan=raster --gpu-policy=off --lookup-policy=none --palette-type=rgb -p 64 --snap-policy=reversible:timing=all:rate=1:channel_l=0.85 --mapfile-output=act:{palette} {input},{lsqa} '--loaders=builtin!' {input} -
85a2674e53a2d7b75c6944b5a87b04ee9ea182b1,macOS-26.5.1-arm64-arm-64bit,natural-snake,natural photograph,64,cielab,CIELAB,off,snap off,False,none,off,0.0,0.85,0.965515,3.611498,2.851834,64,192,57,108,0.5625,0.5625,1,196093,{img2sixel} --threads=1 --precision=float32 --quality=full '--loaders=builtin!' --sampling-policy=full-frame --binning-policy=hard --quantize-model=kmeans:seed=1:binbits=6 --merge-policy=none --cover-policy=off -Xcielab -Wcielab --diffusion=fs:scan=raster --gpu-policy=off --lookup-policy=none --palette-type=rgb -p 64 --snap-policy=none --mapfile-output=act:{palette} {input},{lsqa} '--loaders=builtin!' {input} -
85a2674e53a2d7b75c6944b5a87b04ee9ea182b1,macOS-26.5.1-arm64-arm-64bit,natural-snake,natural photograph,64,cielab,CIELAB,nearest-quarter,nearest / all / rate 0.25,True,nearest,all,0.25,0.85,0.968461,3.423129,2.704367,64,192,39,55,0.2864583333333333,0.2864583333333333,1,196280,{img2sixel} --threads=1 --precision=float32 --quality=full '--loaders=builtin!' --sampling-policy=full-frame --binning-policy=hard --quantize-model=kmeans:seed=1:binbits=6 --merge-policy=none --cover-policy=off -Xcielab -Wcielab --diffusion=fs:scan=raster --gpu-policy=off --lookup-policy=none --palette-type=rgb -p 64 --snap-policy=nearest:timing=all:rate=0.25:channel_l=0.85 --mapfile-output=act:{palette} {input},{lsqa} '--loaders=builtin!' {input} -
85a2674e53a2d7b75c6944b5a87b04ee9ea182b1,macOS-26.5.1-arm64-arm-64bit,natural-snake,natural photograph,64,cielab,CIELAB,nearest-once,nearest / once / rate 1,True,nearest,once,1.0,0.85,0.96551,3.563501,2.795847,64,192,0,0,0.0,0.0,0,205440,{img2sixel} --threads=1 --precision=float32 --quality=full '--loaders=builtin!' --sampling-policy=full-frame --binning-policy=hard --quantize-model=kmeans:seed=1:binbits=6 --merge-policy=none --cover-policy=off -Xcielab -Wcielab --diffusion=fs:scan=raster --gpu-policy=off --lookup-policy=none --palette-type=rgb -p 64 --snap-policy=nearest:timing=once:rate=1:channel_l=0.85 --mapfile-output=act:{palette} {input},{lsqa} '--loaders=builtin!' {input} -
85a2674e53a2d7b75c6944b5a87b04ee9ea182b1,macOS-26.5.1-arm64-arm-64bit,natural-snake,natural photograph,64,cielab,CIELAB,nearest-all,nearest / all / rate 1,True,nearest,all,1.0,0.85,0.965486,3.465157,2.813903,64,192,0,0,0.0,0.0,0,205091,{img2sixel} --threads=1 --precision=float32 --quality=full '--loaders=builtin!' --sampling-policy=full-frame --binning-policy=hard --quantize-model=kmeans:seed=1:binbits=6 --merge-policy=none --cover-policy=off -Xcielab -Wcielab --diffusion=fs:scan=raster --gpu-policy=off --lookup-policy=none --palette-type=rgb -p 64 --snap-policy=nearest:timing=all:rate=1:channel_l=0.85 --mapfile-output=act:{palette} {input},{lsqa} '--loaders=builtin!' {input} -
85a2674e53a2d7b75c6944b5a87b04ee9ea182b1,macOS-26.5.1-arm64-arm-64bit,natural-snake,natural photograph,64,cielab,CIELAB,reversible-all,reversible / all / rate 1,True,reversible,all,1.0,0.85,0.964266,3.654727,2.97338,64,192,0,0,0.0,0.0,0,198747,{img2sixel} --threads=1 --precision=float32 --quality=full '--loaders=builtin!' --sampling-policy=full-frame --binning-policy=hard --quantize-model=kmeans:seed=1:binbits=6 --merge-policy=none --cover-policy=off -Xcielab -Wcielab --diffusion=fs:scan=raster --gpu-policy=off --lookup-policy=none --palette-type=rgb -p 64 --snap-policy=reversible:timing=all:rate=1:channel_l=0.85 --mapfile-output=act:{palette} {input},{lsqa} '--loaders=builtin!' {input} -
85a2674e53a2d7b75c6944b5a87b04ee9ea182b1,macOS-26.5.1-arm64-arm-64bit,natural-snake,natural photograph,64,din99d,DIN99d,off,snap off,False,none,off,0.0,0.85,0.967213,3.611303,3.466722,64,192,59,110,0.5729166666666666,0.5729166666666666,1,202810,{img2sixel} --threads=1 --precision=float32 --quality=full '--loaders=builtin!' --sampling-policy=full-frame --binning-policy=hard --quantize-model=kmeans:seed=1:binbits=6 --merge-policy=none --cover-policy=off -Xdin99d -Wdin99d --diffusion=fs:scan=raster --gpu-policy=off --lookup-policy=none --palette-type=rgb -p 64 --snap-policy=none --mapfile-output=act:{palette} {input},{lsqa} '--loaders=builtin!' {input} -
85a2674e53a2d7b75c6944b5a87b04ee9ea182b1,macOS-26.5.1-arm64-arm-64bit,natural-snake,natural photograph,64,din99d,DIN99d,nearest-quarter,nearest / all / rate 0.25,True,nearest,all,0.25,0.85,0.968807,3.396363,3.223957,64,192,47,80,0.4166666666666667,0.4166666666666667,1,200262,{img2sixel} --threads=1 --precision=float32 --quality=full '--loaders=builtin!' --sampling-policy=full-frame --binning-policy=hard --quantize-model=kmeans:seed=1:binbits=6 --merge-policy=none --cover-policy=off -Xdin99d -Wdin99d --diffusion=fs:scan=raster --gpu-policy=off --lookup-policy=none --palette-type=rgb -p 64 --snap-policy=nearest:timing=all:rate=0.25:channel_l=0.85 --mapfile-output=act:{palette} {input},{lsqa} '--loaders=builtin!' {input} -
85a2674e53a2d7b75c6944b5a87b04ee9ea182b1,macOS-26.5.1-arm64-arm-64bit,natural-snake,natural photograph,64,din99d,DIN99d,nearest-once,nearest / once / rate 1,True,nearest,once,1.0,0.85,0.966544,3.455326,3.18917,64,192,0,0,0.0,0.0,0,201660,{img2sixel} --threads=1 --precision=float32 --quality=full '--loaders=builtin!' --sampling-policy=full-frame --binning-policy=hard --quantize-model=kmeans:seed=1:binbits=6 --merge-policy=none --cover-policy=off -Xdin99d -Wdin99d --diffusion=fs:scan=raster --gpu-policy=off --lookup-policy=none --palette-type=rgb -p 64 --snap-policy=nearest:timing=once:rate=1:channel_l=0.85 --mapfile-output=act:{palette} {input},{lsqa} '--loaders=builtin!' {input} -
85a2674e53a2d7b75c6944b5a87b04ee9ea182b1,macOS-26.5.1-arm64-arm-64bit,natural-snake,natural photograph,64,din99d,DIN99d,nearest-all,nearest / all / rate 1,True,nearest,all,1.0,0.85,0.96688,3.430377,3.339691,64,192,0,0,0.0,0.0,0,199602,{img2sixel} --threads=1 --precision=float32 --quality=full '--loaders=builtin!' --sampling-policy=full-frame --binning-policy=hard --quantize-model=kmeans:seed=1:binbits=6 --merge-policy=none --cover-policy=off -Xdin99d -Wdin99d --diffusion=fs:scan=raster --gpu-policy=off --lookup-policy=none --palette-type=rgb -p 64 --snap-policy=nearest:timing=all:rate=1:channel_l=0.85 --mapfile-output=act:{palette} {input},{lsqa} '--loaders=builtin!' {input} -
85a2674e53a2d7b75c6944b5a87b04ee9ea182b1,macOS-26.5.1-arm64-arm-64bit,natural-snake,natural photograph,64,din99d,DIN99d,reversible-all,reversible / all / rate 1,True,reversible,all,1.0,0.85,0.965078,3.557002,3.458349,64,192,0,0,0.0,0.0,0,204020,{img2sixel} --threads=1 --precision=float32 --quality=full '--loaders=builtin!' --sampling-policy=full-frame --binning-policy=hard --quantize-model=kmeans:seed=1:binbits=6 --merge-policy=none --cover-policy=off -Xdin99d -Wdin99d --diffusion=fs:scan=raster --gpu-policy=off --lookup-policy=none --palette-type=rgb -p 64 --snap-policy=reversible:timing=all:rate=1:channel_l=0.85 --mapfile-output=act:{palette} {input},{lsqa} '--loaders=builtin!' {input} -
85a2674e53a2d7b75c6944b5a87b04ee9ea182b1,macOS-26.5.1-arm64-arm-64bit,natural-snake,natural photograph,128,gamma,sRGB gamma,off,snap off,False,none,off,0.0,0.85,0.984124,2.834266,2.418286,128,384,119,236,0.6145833333333334,0.6145833333333334,1,243467,{img2sixel} --threads=1 --precision=float32 --quality=full '--loaders=builtin!' --sampling-policy=full-frame --binning-policy=hard --quantize-model=kmeans:seed=1:binbits=6 --merge-policy=none --cover-policy=off -Xgamma -Wgamma --diffusion=fs:scan=raster --gpu-policy=off --lookup-policy=none --palette-type=rgb -p 128 --snap-policy=none --mapfile-output=act:{palette} {input},{lsqa} '--loaders=builtin!' {input} -
85a2674e53a2d7b75c6944b5a87b04ee9ea182b1,macOS-26.5.1-arm64-arm-64bit,natural-snake,natural photograph,128,gamma,sRGB gamma,nearest-quarter,nearest / all / rate 0.25,True,nearest,all,0.25,0.85,0.984811,2.778769,2.374158,128,384,76,92,0.23958333333333334,0.23958333333333334,1,241394,{img2sixel} --threads=1 --precision=float32 --quality=full '--loaders=builtin!' --sampling-policy=full-frame --binning-policy=hard --quantize-model=kmeans:seed=1:binbits=6 --merge-policy=none --cover-policy=off -Xgamma -Wgamma --diffusion=fs:scan=raster --gpu-policy=off --lookup-policy=none --palette-type=rgb -p 128 --snap-policy=nearest:timing=all:rate=0.25:channel_l=0.85 --mapfile-output=act:{palette} {input},{lsqa} '--loaders=builtin!' {input} -
85a2674e53a2d7b75c6944b5a87b04ee9ea182b1,macOS-26.5.1-arm64-arm-64bit,natural-snake,natural photograph,128,gamma,sRGB gamma,nearest-once,nearest / once / rate 1,True,nearest,once,1.0,0.85,0.984939,2.841207,2.510467,128,384,0,0,0.0,0.0,0,242690,{img2sixel} --threads=1 --precision=float32 --quality=full '--loaders=builtin!' --sampling-policy=full-frame --binning-policy=hard --quantize-model=kmeans:seed=1:binbits=6 --merge-policy=none --cover-policy=off -Xgamma -Wgamma --diffusion=fs:scan=raster --gpu-policy=off --lookup-policy=none --palette-type=rgb -p 128 --snap-policy=nearest:timing=once:rate=1:channel_l=0.85 --mapfile-output=act:{palette} {input},{lsqa} '--loaders=builtin!' {input} -
85a2674e53a2d7b75c6944b5a87b04ee9ea182b1,macOS-26.5.1-arm64-arm-64bit,natural-snake,natural photograph,128,gamma,sRGB gamma,nearest-all,nearest / all / rate 1,True,nearest,all,1.0,0.85,0.984793,2.78229,2.424072,128,384,0,0,0.0,0.0,0,243160,{img2sixel} --threads=1 --precision=float32 --quality=full '--loaders=builtin!' --sampling-policy=full-frame --binning-policy=hard --quantize-model=kmeans:seed=1:binbits=6 --merge-policy=none --cover-policy=off -Xgamma -Wgamma --diffusion=fs:scan=raster --gpu-policy=off --lookup-policy=none --palette-type=rgb -p 128 --snap-policy=nearest:timing=all:rate=1:channel_l=0.85 --mapfile-output=act:{palette} {input},{lsqa} '--loaders=builtin!' {input} -
85a2674e53a2d7b75c6944b5a87b04ee9ea182b1,macOS-26.5.1-arm64-arm-64bit,natural-snake,natural photograph,128,gamma,sRGB gamma,reversible-all,reversible / all / rate 1,True,reversible,all,1.0,0.85,0.983652,2.839631,2.49089,128,384,0,0,0.0,0.0,0,242243,{img2sixel} --threads=1 --precision=float32 --quality=full '--loaders=builtin!' --sampling-policy=full-frame --binning-policy=hard --quantize-model=kmeans:seed=1:binbits=6 --merge-policy=none --cover-policy=off -Xgamma -Wgamma --diffusion=fs:scan=raster --gpu-policy=off --lookup-policy=none --palette-type=rgb -p 128 --snap-policy=reversible:timing=all:rate=1:channel_l=0.85 --mapfile-output=act:{palette} {input},{lsqa} '--loaders=builtin!' {input} -
85a2674e53a2d7b75c6944b5a87b04ee9ea182b1,macOS-26.5.1-arm64-arm-64bit,natural-snake,natural photograph,128,linear,linear RGB,off,snap off,False,none,off,0.0,0.85,0.985374,2.977421,3.32051,128,384,118,226,0.5885416666666666,0.5885416666666666,1,255805,{img2sixel} --threads=1 --precision=float32 --quality=full '--loaders=builtin!' --sampling-policy=full-frame --binning-policy=hard --quantize-model=kmeans:seed=1:binbits=6 --merge-policy=none --cover-policy=off -Xlinear -Wlinear --diffusion=fs:scan=raster --gpu-policy=off --lookup-policy=none --palette-type=rgb -p 128 --snap-policy=none --mapfile-output=act:{palette} {input},{lsqa} '--loaders=builtin!' {input} -
85a2674e53a2d7b75c6944b5a87b04ee9ea182b1,macOS-26.5.1-arm64-arm-64bit,natural-snake,natural photograph,128,linear,linear RGB,nearest-quarter,nearest / all / rate 0.25,True,nearest,all,0.25,0.85,0.984754,2.886607,3.239666,128,384,81,110,0.2864583333333333,0.2864583333333333,1,255029,{img2sixel} --threads=1 --precision=float32 --quality=full '--loaders=builtin!' --sampling-policy=full-frame --binning-policy=hard --quantize-model=kmeans:seed=1:binbits=6 --merge-policy=none --cover-policy=off -Xlinear -Wlinear --diffusion=fs:scan=raster --gpu-policy=off --lookup-policy=none --palette-type=rgb -p 128 --snap-policy=nearest:timing=all:rate=0.25:channel_l=0.85 --mapfile-output=act:{palette} {input},{lsqa} '--loaders=builtin!' {input} -
85a2674e53a2d7b75c6944b5a87b04ee9ea182b1,macOS-26.5.1-arm64-arm-64bit,natural-snake,natural photograph,128,linear,linear RGB,nearest-once,nearest / once / rate 1,True,nearest,once,1.0,0.85,0.984515,2.962947,3.39903,128,384,0,0,0.0,0.0,0,255219,{img2sixel} --threads=1 --precision=float32 --quality=full '--loaders=builtin!' --sampling-policy=full-frame --binning-policy=hard --quantize-model=kmeans:seed=1:binbits=6 --merge-policy=none --cover-policy=off -Xlinear -Wlinear --diffusion=fs:scan=raster --gpu-policy=off --lookup-policy=none --palette-type=rgb -p 128 --snap-policy=nearest:timing=once:rate=1:channel_l=0.85 --mapfile-output=act:{palette} {input},{lsqa} '--loaders=builtin!' {input} -
85a2674e53a2d7b75c6944b5a87b04ee9ea182b1,macOS-26.5.1-arm64-arm-64bit,natural-snake,natural photograph,128,linear,linear RGB,nearest-all,nearest / all / rate 1,True,nearest,all,1.0,0.85,0.985055,2.922199,3.218582,128,384,0,0,0.0,0.0,0,256653,{img2sixel} --threads=1 --precision=float32 --quality=full '--loaders=builtin!' --sampling-policy=full-frame --binning-policy=hard --quantize-model=kmeans:seed=1:binbits=6 --merge-policy=none --cover-policy=off -Xlinear -Wlinear --diffusion=fs:scan=raster --gpu-policy=off --lookup-policy=none --palette-type=rgb -p 128 --snap-policy=nearest:timing=all:rate=1:channel_l=0.85 --mapfile-output=act:{palette} {input},{lsqa} '--loaders=builtin!' {input} -
85a2674e53a2d7b75c6944b5a87b04ee9ea182b1,macOS-26.5.1-arm64-arm-64bit,natural-snake,natural photograph,128,linear,linear RGB,reversible-all,reversible / all / rate 1,True,reversible,all,1.0,0.85,0.984429,2.948712,3.28331,128,384,0,0,0.0,0.0,0,257877,{img2sixel} --threads=1 --precision=float32 --quality=full '--loaders=builtin!' --sampling-policy=full-frame --binning-policy=hard --quantize-model=kmeans:seed=1:binbits=6 --merge-policy=none --cover-policy=off -Xlinear -Wlinear --diffusion=fs:scan=raster --gpu-policy=off --lookup-policy=none --palette-type=rgb -p 128 --snap-policy=reversible:timing=all:rate=1:channel_l=0.85 --mapfile-output=act:{palette} {input},{lsqa} '--loaders=builtin!' {input} -
85a2674e53a2d7b75c6944b5a87b04ee9ea182b1,macOS-26.5.1-arm64-arm-64bit,natural-snake,natural photograph,128,oklab,OKLab,off,snap off,False,none,off,0.0,0.85,0.986986,3.077826,3.191806,128,384,117,225,0.5859375,0.5859375,1,253982,{img2sixel} --threads=1 --precision=float32 --quality=full '--loaders=builtin!' --sampling-policy=full-frame --binning-policy=hard --quantize-model=kmeans:seed=1:binbits=6 --merge-policy=none --cover-policy=off -Xoklab -Woklab --diffusion=fs:scan=raster --gpu-policy=off --lookup-policy=none --palette-type=rgb -p 128 --snap-policy=none --mapfile-output=act:{palette} {input},{lsqa} '--loaders=builtin!' {input} -
85a2674e53a2d7b75c6944b5a87b04ee9ea182b1,macOS-26.5.1-arm64-arm-64bit,natural-snake,natural photograph,128,oklab,OKLab,nearest-quarter,nearest / all / rate 0.25,True,nearest,all,0.25,0.85,0.989829,2.969967,2.984123,128,384,99,160,0.4166666666666667,0.4166666666666667,1,252005,{img2sixel} --threads=1 --precision=float32 --quality=full '--loaders=builtin!' --sampling-policy=full-frame --binning-policy=hard --quantize-model=kmeans:seed=1:binbits=6 --merge-policy=none --cover-policy=off -Xoklab -Woklab --diffusion=fs:scan=raster --gpu-policy=off --lookup-policy=none --palette-type=rgb -p 128 --snap-policy=nearest:timing=all:rate=0.25:channel_l=0.85 --mapfile-output=act:{palette} {input},{lsqa} '--loaders=builtin!' {input} -
85a2674e53a2d7b75c6944b5a87b04ee9ea182b1,macOS-26.5.1-arm64-arm-64bit,natural-snake,natural photograph,128,oklab,OKLab,nearest-once,nearest / once / rate 1,True,nearest,once,1.0,0.85,0.990049,3.015264,2.950039,128,384,0,0,0.0,0.0,0,260057,{img2sixel} --threads=1 --precision=float32 --quality=full '--loaders=builtin!' --sampling-policy=full-frame --binning-policy=hard --quantize-model=kmeans:seed=1:binbits=6 --merge-policy=none --cover-policy=off -Xoklab -Woklab --diffusion=fs:scan=raster --gpu-policy=off --lookup-policy=none --palette-type=rgb -p 128 --snap-policy=nearest:timing=once:rate=1:channel_l=0.85 --mapfile-output=act:{palette} {input},{lsqa} '--loaders=builtin!' {input} -
85a2674e53a2d7b75c6944b5a87b04ee9ea182b1,macOS-26.5.1-arm64-arm-64bit,natural-snake,natural photograph,128,oklab,OKLab,nearest-all,nearest / all / rate 1,True,nearest,all,1.0,0.85,0.988908,3.019459,2.998311,128,384,0,0,0.0,0.0,0,254723,{img2sixel} --threads=1 --precision=float32 --quality=full '--loaders=builtin!' --sampling-policy=full-frame --binning-policy=hard --quantize-model=kmeans:seed=1:binbits=6 --merge-policy=none --cover-policy=off -Xoklab -Woklab --diffusion=fs:scan=raster --gpu-policy=off --lookup-policy=none --palette-type=rgb -p 128 --snap-policy=nearest:timing=all:rate=1:channel_l=0.85 --mapfile-output=act:{palette} {input},{lsqa} '--loaders=builtin!' {input} -
85a2674e53a2d7b75c6944b5a87b04ee9ea182b1,macOS-26.5.1-arm64-arm-64bit,natural-snake,natural photograph,128,oklab,OKLab,reversible-all,reversible / all / rate 1,True,reversible,all,1.0,0.85,0.989387,2.929941,2.969721,128,384,0,0,0.0,0.0,0,249211,{img2sixel} --threads=1 --precision=float32 --quality=full '--loaders=builtin!' --sampling-policy=full-frame --binning-policy=hard --quantize-model=kmeans:seed=1:binbits=6 --merge-policy=none --cover-policy=off -Xoklab -Woklab --diffusion=fs:scan=raster --gpu-policy=off --lookup-policy=none --palette-type=rgb -p 128 --snap-policy=reversible:timing=all:rate=1:channel_l=0.85 --mapfile-output=act:{palette} {input},{lsqa} '--loaders=builtin!' {input} -
85a2674e53a2d7b75c6944b5a87b04ee9ea182b1,macOS-26.5.1-arm64-arm-64bit,natural-snake,natural photograph,128,cielab,CIELAB,off,snap off,False,none,off,0.0,0.85,0.977484,2.917181,2.230705,128,384,119,232,0.6041666666666666,0.6041666666666666,1,263915,{img2sixel} --threads=1 --precision=float32 --quality=full '--loaders=builtin!' --sampling-policy=full-frame --binning-policy=hard --quantize-model=kmeans:seed=1:binbits=6 --merge-policy=none --cover-policy=off -Xcielab -Wcielab --diffusion=fs:scan=raster --gpu-policy=off --lookup-policy=none --palette-type=rgb -p 128 --snap-policy=none --mapfile-output=act:{palette} {input},{lsqa} '--loaders=builtin!' {input} -
85a2674e53a2d7b75c6944b5a87b04ee9ea182b1,macOS-26.5.1-arm64-arm-64bit,natural-snake,natural photograph,128,cielab,CIELAB,nearest-quarter,nearest / all / rate 0.25,True,nearest,all,0.25,0.85,0.981579,2.767886,2.172068,128,384,92,138,0.359375,0.359375,1,262260,{img2sixel} --threads=1 --precision=float32 --quality=full '--loaders=builtin!' --sampling-policy=full-frame --binning-policy=hard --quantize-model=kmeans:seed=1:binbits=6 --merge-policy=none --cover-policy=off -Xcielab -Wcielab --diffusion=fs:scan=raster --gpu-policy=off --lookup-policy=none --palette-type=rgb -p 128 --snap-policy=nearest:timing=all:rate=0.25:channel_l=0.85 --mapfile-output=act:{palette} {input},{lsqa} '--loaders=builtin!' {input} -
85a2674e53a2d7b75c6944b5a87b04ee9ea182b1,macOS-26.5.1-arm64-arm-64bit,natural-snake,natural photograph,128,cielab,CIELAB,nearest-once,nearest / once / rate 1,True,nearest,once,1.0,0.85,0.979451,2.837099,2.200053,128,384,0,0,0.0,0.0,0,264788,{img2sixel} --threads=1 --precision=float32 --quality=full '--loaders=builtin!' --sampling-policy=full-frame --binning-policy=hard --quantize-model=kmeans:seed=1:binbits=6 --merge-policy=none --cover-policy=off -Xcielab -Wcielab --diffusion=fs:scan=raster --gpu-policy=off --lookup-policy=none --palette-type=rgb -p 128 --snap-policy=nearest:timing=once:rate=1:channel_l=0.85 --mapfile-output=act:{palette} {input},{lsqa} '--loaders=builtin!' {input} -
85a2674e53a2d7b75c6944b5a87b04ee9ea182b1,macOS-26.5.1-arm64-arm-64bit,natural-snake,natural photograph,128,cielab,CIELAB,nearest-all,nearest / all / rate 1,True,nearest,all,1.0,0.85,0.980927,2.799487,2.20206,128,384,0,0,0.0,0.0,0,264778,{img2sixel} --threads=1 --precision=float32 --quality=full '--loaders=builtin!' --sampling-policy=full-frame --binning-policy=hard --quantize-model=kmeans:seed=1:binbits=6 --merge-policy=none --cover-policy=off -Xcielab -Wcielab --diffusion=fs:scan=raster --gpu-policy=off --lookup-policy=none --palette-type=rgb -p 128 --snap-policy=nearest:timing=all:rate=1:channel_l=0.85 --mapfile-output=act:{palette} {input},{lsqa} '--loaders=builtin!' {input} -
85a2674e53a2d7b75c6944b5a87b04ee9ea182b1,macOS-26.5.1-arm64-arm-64bit,natural-snake,natural photograph,128,cielab,CIELAB,reversible-all,reversible / all / rate 1,True,reversible,all,1.0,0.85,0.976786,2.871474,2.21175,128,384,0,0,0.0,0.0,0,253784,{img2sixel} --threads=1 --precision=float32 --quality=full '--loaders=builtin!' --sampling-policy=full-frame --binning-policy=hard --quantize-model=kmeans:seed=1:binbits=6 --merge-policy=none --cover-policy=off -Xcielab -Wcielab --diffusion=fs:scan=raster --gpu-policy=off --lookup-policy=none --palette-type=rgb -p 128 --snap-policy=reversible:timing=all:rate=1:channel_l=0.85 --mapfile-output=act:{palette} {input},{lsqa} '--loaders=builtin!' {input} -
85a2674e53a2d7b75c6944b5a87b04ee9ea182b1,macOS-26.5.1-arm64-arm-64bit,natural-snake,natural photograph,128,din99d,DIN99d,off,snap off,False,none,off,0.0,0.85,0.981486,2.755044,2.662964,128,384,122,232,0.6041666666666666,0.6041666666666666,1,257183,{img2sixel} --threads=1 --precision=float32 --quality=full '--loaders=builtin!' --sampling-policy=full-frame --binning-policy=hard --quantize-model=kmeans:seed=1:binbits=6 --merge-policy=none --cover-policy=off -Xdin99d -Wdin99d --diffusion=fs:scan=raster --gpu-policy=off --lookup-policy=none --palette-type=rgb -p 128 --snap-policy=none --mapfile-output=act:{palette} {input},{lsqa} '--loaders=builtin!' {input} -
85a2674e53a2d7b75c6944b5a87b04ee9ea182b1,macOS-26.5.1-arm64-arm-64bit,natural-snake,natural photograph,128,din99d,DIN99d,nearest-quarter,nearest / all / rate 0.25,True,nearest,all,0.25,0.85,0.98101,2.695577,2.587598,128,384,95,129,0.3359375,0.3359375,1,256654,{img2sixel} --threads=1 --precision=float32 --quality=full '--loaders=builtin!' --sampling-policy=full-frame --binning-policy=hard --quantize-model=kmeans:seed=1:binbits=6 --merge-policy=none --cover-policy=off -Xdin99d -Wdin99d --diffusion=fs:scan=raster --gpu-policy=off --lookup-policy=none --palette-type=rgb -p 128 --snap-policy=nearest:timing=all:rate=0.25:channel_l=0.85 --mapfile-output=act:{palette} {input},{lsqa} '--loaders=builtin!' {input} -
85a2674e53a2d7b75c6944b5a87b04ee9ea182b1,macOS-26.5.1-arm64-arm-64bit,natural-snake,natural photograph,128,din99d,DIN99d,nearest-once,nearest / once / rate 1,True,nearest,once,1.0,0.85,0.980894,2.691688,2.615386,128,384,0,0,0.0,0.0,0,260749,{img2sixel} --threads=1 --precision=float32 --quality=full '--loaders=builtin!' --sampling-policy=full-frame --binning-policy=hard --quantize-model=kmeans:seed=1:binbits=6 --merge-policy=none --cover-policy=off -Xdin99d -Wdin99d --diffusion=fs:scan=raster --gpu-policy=off --lookup-policy=none --palette-type=rgb -p 128 --snap-policy=nearest:timing=once:rate=1:channel_l=0.85 --mapfile-output=act:{palette} {input},{lsqa} '--loaders=builtin!' {input} -
85a2674e53a2d7b75c6944b5a87b04ee9ea182b1,macOS-26.5.1-arm64-arm-64bit,natural-snake,natural photograph,128,din99d,DIN99d,nearest-all,nearest / all / rate 1,True,nearest,all,1.0,0.85,0.980265,2.748189,2.657272,128,384,0,0,0.0,0.0,0,253583,{img2sixel} --threads=1 --precision=float32 --quality=full '--loaders=builtin!' --sampling-policy=full-frame --binning-policy=hard --quantize-model=kmeans:seed=1:binbits=6 --merge-policy=none --cover-policy=off -Xdin99d -Wdin99d --diffusion=fs:scan=raster --gpu-policy=off --lookup-policy=none --palette-type=rgb -p 128 --snap-policy=nearest:timing=all:rate=1:channel_l=0.85 --mapfile-output=act:{palette} {input},{lsqa} '--loaders=builtin!' {input} -
85a2674e53a2d7b75c6944b5a87b04ee9ea182b1,macOS-26.5.1-arm64-arm-64bit,natural-snake,natural photograph,128,din99d,DIN99d,reversible-all,reversible / all / rate 1,True,reversible,all,1.0,0.85,0.979668,2.826778,2.67449,128,384,0,0,0.0,0.0,0,263206,{img2sixel} --threads=1 --precision=float32 --quality=full '--loaders=builtin!' --sampling-policy=full-frame --binning-policy=hard --quantize-model=kmeans:seed=1:binbits=6 --merge-policy=none --cover-policy=off -Xdin99d -Wdin99d --diffusion=fs:scan=raster --gpu-policy=off --lookup-policy=none --palette-type=rgb -p 128 --snap-policy=reversible:timing=all:rate=1:channel_l=0.85 --mapfile-output=act:{palette} {input},{lsqa} '--loaders=builtin!' {input} -
85a2674e53a2d7b75c6944b5a87b04ee9ea182b1,macOS-26.5.1-arm64-arm-64bit,natural-snake,natural photograph,256,gamma,sRGB gamma,off,snap off,False,none,off,0.0,0.85,0.99088,2.281684,1.825853,256,768,235,460,0.5989583333333334,0.5989583333333334,1,312786,{img2sixel} --threads=1 --precision=float32 --quality=full '--loaders=builtin!' --sampling-policy=full-frame --binning-policy=hard --quantize-model=kmeans:seed=1:binbits=6 --merge-policy=none --cover-policy=off -Xgamma -Wgamma --diffusion=fs:scan=raster --gpu-policy=off --lookup-policy=none --palette-type=rgb -p 256 --snap-policy=none --mapfile-output=act:{palette} {input},{lsqa} '--loaders=builtin!' {input} -
85a2674e53a2d7b75c6944b5a87b04ee9ea182b1,macOS-26.5.1-arm64-arm-64bit,natural-snake,natural photograph,256,gamma,sRGB gamma,nearest-quarter,nearest / all / rate 0.25,True,nearest,all,0.25,0.85,0.991376,2.205802,1.766243,256,768,172,230,0.2994791666666667,0.2994791666666667,1,312997,{img2sixel} --threads=1 --precision=float32 --quality=full '--loaders=builtin!' --sampling-policy=full-frame --binning-policy=hard --quantize-model=kmeans:seed=1:binbits=6 --merge-policy=none --cover-policy=off -Xgamma -Wgamma --diffusion=fs:scan=raster --gpu-policy=off --lookup-policy=none --palette-type=rgb -p 256 --snap-policy=nearest:timing=all:rate=0.25:channel_l=0.85 --mapfile-output=act:{palette} {input},{lsqa} '--loaders=builtin!' {input} -
85a2674e53a2d7b75c6944b5a87b04ee9ea182b1,macOS-26.5.1-arm64-arm-64bit,natural-snake,natural photograph,256,gamma,sRGB gamma,nearest-once,nearest / once / rate 1,True,nearest,once,1.0,0.85,0.990586,2.274371,1.852304,256,768,0,0,0.0,0.0,0,314204,{img2sixel} --threads=1 --precision=float32 --quality=full '--loaders=builtin!' --sampling-policy=full-frame --binning-policy=hard --quantize-model=kmeans:seed=1:binbits=6 --merge-policy=none --cover-policy=off -Xgamma -Wgamma --diffusion=fs:scan=raster --gpu-policy=off --lookup-policy=none --palette-type=rgb -p 256 --snap-policy=nearest:timing=once:rate=1:channel_l=0.85 --mapfile-output=act:{palette} {input},{lsqa} '--loaders=builtin!' {input} -
85a2674e53a2d7b75c6944b5a87b04ee9ea182b1,macOS-26.5.1-arm64-arm-64bit,natural-snake,natural photograph,256,gamma,sRGB gamma,nearest-all,nearest / all / rate 1,True,nearest,all,1.0,0.85,0.99103,2.199674,1.877855,256,768,0,0,0.0,0.0,0,314710,{img2sixel} --threads=1 --precision=float32 --quality=full '--loaders=builtin!' --sampling-policy=full-frame --binning-policy=hard --quantize-model=kmeans:seed=1:binbits=6 --merge-policy=none --cover-policy=off -Xgamma -Wgamma --diffusion=fs:scan=raster --gpu-policy=off --lookup-policy=none --palette-type=rgb -p 256 --snap-policy=nearest:timing=all:rate=1:channel_l=0.85 --mapfile-output=act:{palette} {input},{lsqa} '--loaders=builtin!' {input} -
85a2674e53a2d7b75c6944b5a87b04ee9ea182b1,macOS-26.5.1-arm64-arm-64bit,natural-snake,natural photograph,256,gamma,sRGB gamma,reversible-all,reversible / all / rate 1,True,reversible,all,1.0,0.85,0.990123,2.301903,1.896011,256,768,0,0,0.0,0.0,0,315098,{img2sixel} --threads=1 --precision=float32 --quality=full '--loaders=builtin!' --sampling-policy=full-frame --binning-policy=hard --quantize-model=kmeans:seed=1:binbits=6 --merge-policy=none --cover-policy=off -Xgamma -Wgamma --diffusion=fs:scan=raster --gpu-policy=off --lookup-policy=none --palette-type=rgb -p 256 --snap-policy=reversible:timing=all:rate=1:channel_l=0.85 --mapfile-output=act:{palette} {input},{lsqa} '--loaders=builtin!' {input} -
85a2674e53a2d7b75c6944b5a87b04ee9ea182b1,macOS-26.5.1-arm64-arm-64bit,natural-snake,natural photograph,256,linear,linear RGB,off,snap off,False,none,off,0.0,0.85,0.992531,2.356379,2.66133,256,768,242,443,0.5768229166666666,0.5768229166666666,1,340161,{img2sixel} --threads=1 --precision=float32 --quality=full '--loaders=builtin!' --sampling-policy=full-frame --binning-policy=hard --quantize-model=kmeans:seed=1:binbits=6 --merge-policy=none --cover-policy=off -Xlinear -Wlinear --diffusion=fs:scan=raster --gpu-policy=off --lookup-policy=none --palette-type=rgb -p 256 --snap-policy=none --mapfile-output=act:{palette} {input},{lsqa} '--loaders=builtin!' {input} -
85a2674e53a2d7b75c6944b5a87b04ee9ea182b1,macOS-26.5.1-arm64-arm-64bit,natural-snake,natural photograph,256,linear,linear RGB,nearest-quarter,nearest / all / rate 0.25,True,nearest,all,0.25,0.85,0.992618,2.250561,2.543149,256,768,140,191,0.24869791666666666,0.24869791666666666,1,339213,{img2sixel} --threads=1 --precision=float32 --quality=full '--loaders=builtin!' --sampling-policy=full-frame --binning-policy=hard --quantize-model=kmeans:seed=1:binbits=6 --merge-policy=none --cover-policy=off -Xlinear -Wlinear --diffusion=fs:scan=raster --gpu-policy=off --lookup-policy=none --palette-type=rgb -p 256 --snap-policy=nearest:timing=all:rate=0.25:channel_l=0.85 --mapfile-output=act:{palette} {input},{lsqa} '--loaders=builtin!' {input} -
85a2674e53a2d7b75c6944b5a87b04ee9ea182b1,macOS-26.5.1-arm64-arm-64bit,natural-snake,natural photograph,256,linear,linear RGB,nearest-once,nearest / once / rate 1,True,nearest,once,1.0,0.85,0.99251,2.26673,2.54478,256,768,0,0,0.0,0.0,0,340372,{img2sixel} --threads=1 --precision=float32 --quality=full '--loaders=builtin!' --sampling-policy=full-frame --binning-policy=hard --quantize-model=kmeans:seed=1:binbits=6 --merge-policy=none --cover-policy=off -Xlinear -Wlinear --diffusion=fs:scan=raster --gpu-policy=off --lookup-policy=none --palette-type=rgb -p 256 --snap-policy=nearest:timing=once:rate=1:channel_l=0.85 --mapfile-output=act:{palette} {input},{lsqa} '--loaders=builtin!' {input} -
85a2674e53a2d7b75c6944b5a87b04ee9ea182b1,macOS-26.5.1-arm64-arm-64bit,natural-snake,natural photograph,256,linear,linear RGB,nearest-all,nearest / all / rate 1,True,nearest,all,1.0,0.85,0.992399,2.252994,2.558801,256,768,0,0,0.0,0.0,0,342371,{img2sixel} --threads=1 --precision=float32 --quality=full '--loaders=builtin!' --sampling-policy=full-frame --binning-policy=hard --quantize-model=kmeans:seed=1:binbits=6 --merge-policy=none --cover-policy=off -Xlinear -Wlinear --diffusion=fs:scan=raster --gpu-policy=off --lookup-policy=none --palette-type=rgb -p 256 --snap-policy=nearest:timing=all:rate=1:channel_l=0.85 --mapfile-output=act:{palette} {input},{lsqa} '--loaders=builtin!' {input} -
85a2674e53a2d7b75c6944b5a87b04ee9ea182b1,macOS-26.5.1-arm64-arm-64bit,natural-snake,natural photograph,256,linear,linear RGB,reversible-all,reversible / all / rate 1,True,reversible,all,1.0,0.85,0.992096,2.305748,2.595737,256,768,0,0,0.0,0.0,0,343447,{img2sixel} --threads=1 --precision=float32 --quality=full '--loaders=builtin!' --sampling-policy=full-frame --binning-policy=hard --quantize-model=kmeans:seed=1:binbits=6 --merge-policy=none --cover-policy=off -Xlinear -Wlinear --diffusion=fs:scan=raster --gpu-policy=off --lookup-policy=none --palette-type=rgb -p 256 --snap-policy=reversible:timing=all:rate=1:channel_l=0.85 --mapfile-output=act:{palette} {input},{lsqa} '--loaders=builtin!' {input} -
85a2674e53a2d7b75c6944b5a87b04ee9ea182b1,macOS-26.5.1-arm64-arm-64bit,natural-snake,natural photograph,256,oklab,OKLab,off,snap off,False,none,off,0.0,0.85,0.994124,2.372092,2.396683,256,768,239,435,0.56640625,0.56640625,1,345177,{img2sixel} --threads=1 --precision=float32 --quality=full '--loaders=builtin!' --sampling-policy=full-frame --binning-policy=hard --quantize-model=kmeans:seed=1:binbits=6 --merge-policy=none --cover-policy=off -Xoklab -Woklab --diffusion=fs:scan=raster --gpu-policy=off --lookup-policy=none --palette-type=rgb -p 256 --snap-policy=none --mapfile-output=act:{palette} {input},{lsqa} '--loaders=builtin!' {input} -
85a2674e53a2d7b75c6944b5a87b04ee9ea182b1,macOS-26.5.1-arm64-arm-64bit,natural-snake,natural photograph,256,oklab,OKLab,nearest-quarter,nearest / all / rate 0.25,True,nearest,all,0.25,0.85,0.994927,2.390738,2.301332,256,768,201,338,0.4401041666666667,0.4401041666666667,1,340360,{img2sixel} --threads=1 --precision=float32 --quality=full '--loaders=builtin!' --sampling-policy=full-frame --binning-policy=hard --quantize-model=kmeans:seed=1:binbits=6 --merge-policy=none --cover-policy=off -Xoklab -Woklab --diffusion=fs:scan=raster --gpu-policy=off --lookup-policy=none --palette-type=rgb -p 256 --snap-policy=nearest:timing=all:rate=0.25:channel_l=0.85 --mapfile-output=act:{palette} {input},{lsqa} '--loaders=builtin!' {input} -
85a2674e53a2d7b75c6944b5a87b04ee9ea182b1,macOS-26.5.1-arm64-arm-64bit,natural-snake,natural photograph,256,oklab,OKLab,nearest-once,nearest / once / rate 1,True,nearest,once,1.0,0.85,0.994944,2.425881,2.343509,256,768,0,0,0.0,0.0,0,347198,{img2sixel} --threads=1 --precision=float32 --quality=full '--loaders=builtin!' --sampling-policy=full-frame --binning-policy=hard --quantize-model=kmeans:seed=1:binbits=6 --merge-policy=none --cover-policy=off -Xoklab -Woklab --diffusion=fs:scan=raster --gpu-policy=off --lookup-policy=none --palette-type=rgb -p 256 --snap-policy=nearest:timing=once:rate=1:channel_l=0.85 --mapfile-output=act:{palette} {input},{lsqa} '--loaders=builtin!' {input} -
85a2674e53a2d7b75c6944b5a87b04ee9ea182b1,macOS-26.5.1-arm64-arm-64bit,natural-snake,natural photograph,256,oklab,OKLab,nearest-all,nearest / all / rate 1,True,nearest,all,1.0,0.85,0.995108,2.387392,2.351332,256,768,0,0,0.0,0.0,0,349284,{img2sixel} --threads=1 --precision=float32 --quality=full '--loaders=builtin!' --sampling-policy=full-frame --binning-policy=hard --quantize-model=kmeans:seed=1:binbits=6 --merge-policy=none --cover-policy=off -Xoklab -Woklab --diffusion=fs:scan=raster --gpu-policy=off --lookup-policy=none --palette-type=rgb -p 256 --snap-policy=nearest:timing=all:rate=1:channel_l=0.85 --mapfile-output=act:{palette} {input},{lsqa} '--loaders=builtin!' {input} -
85a2674e53a2d7b75c6944b5a87b04ee9ea182b1,macOS-26.5.1-arm64-arm-64bit,natural-snake,natural photograph,256,oklab,OKLab,reversible-all,reversible / all / rate 1,True,reversible,all,1.0,0.85,0.994702,2.296362,2.332333,256,768,0,0,0.0,0.0,0,340461,{img2sixel} --threads=1 --precision=float32 --quality=full '--loaders=builtin!' --sampling-policy=full-frame --binning-policy=hard --quantize-model=kmeans:seed=1:binbits=6 --merge-policy=none --cover-policy=off -Xoklab -Woklab --diffusion=fs:scan=raster --gpu-policy=off --lookup-policy=none --palette-type=rgb -p 256 --snap-policy=reversible:timing=all:rate=1:channel_l=0.85 --mapfile-output=act:{palette} {input},{lsqa} '--loaders=builtin!' {input} -
85a2674e53a2d7b75c6944b5a87b04ee9ea182b1,macOS-26.5.1-arm64-arm-64bit,natural-snake,natural photograph,256,cielab,CIELAB,off,snap off,False,none,off,0.0,0.85,0.988501,2.175621,1.574642,256,768,238,458,0.5963541666666666,0.5963541666666666,1,346346,{img2sixel} --threads=1 --precision=float32 --quality=full '--loaders=builtin!' --sampling-policy=full-frame --binning-policy=hard --quantize-model=kmeans:seed=1:binbits=6 --merge-policy=none --cover-policy=off -Xcielab -Wcielab --diffusion=fs:scan=raster --gpu-policy=off --lookup-policy=none --palette-type=rgb -p 256 --snap-policy=none --mapfile-output=act:{palette} {input},{lsqa} '--loaders=builtin!' {input} -
85a2674e53a2d7b75c6944b5a87b04ee9ea182b1,macOS-26.5.1-arm64-arm-64bit,natural-snake,natural photograph,256,cielab,CIELAB,nearest-quarter,nearest / all / rate 0.25,True,nearest,all,0.25,0.85,0.989022,2.191139,1.653975,256,768,178,272,0.3541666666666667,0.3541666666666667,1,341493,{img2sixel} --threads=1 --precision=float32 --quality=full '--loaders=builtin!' --sampling-policy=full-frame --binning-policy=hard --quantize-model=kmeans:seed=1:binbits=6 --merge-policy=none --cover-policy=off -Xcielab -Wcielab --diffusion=fs:scan=raster --gpu-policy=off --lookup-policy=none --palette-type=rgb -p 256 --snap-policy=nearest:timing=all:rate=0.25:channel_l=0.85 --mapfile-output=act:{palette} {input},{lsqa} '--loaders=builtin!' {input} -
85a2674e53a2d7b75c6944b5a87b04ee9ea182b1,macOS-26.5.1-arm64-arm-64bit,natural-snake,natural photograph,256,cielab,CIELAB,nearest-once,nearest / once / rate 1,True,nearest,once,1.0,0.85,0.989102,2.139901,1.571133,256,768,0,0,0.0,0.0,0,345804,{img2sixel} --threads=1 --precision=float32 --quality=full '--loaders=builtin!' --sampling-policy=full-frame --binning-policy=hard --quantize-model=kmeans:seed=1:binbits=6 --merge-policy=none --cover-policy=off -Xcielab -Wcielab --diffusion=fs:scan=raster --gpu-policy=off --lookup-policy=none --palette-type=rgb -p 256 --snap-policy=nearest:timing=once:rate=1:channel_l=0.85 --mapfile-output=act:{palette} {input},{lsqa} '--loaders=builtin!' {input} -
85a2674e53a2d7b75c6944b5a87b04ee9ea182b1,macOS-26.5.1-arm64-arm-64bit,natural-snake,natural photograph,256,cielab,CIELAB,nearest-all,nearest / all / rate 1,True,nearest,all,1.0,0.85,0.98936,2.130413,1.604291,256,768,0,0,0.0,0.0,0,346356,{img2sixel} --threads=1 --precision=float32 --quality=full '--loaders=builtin!' --sampling-policy=full-frame --binning-policy=hard --quantize-model=kmeans:seed=1:binbits=6 --merge-policy=none --cover-policy=off -Xcielab -Wcielab --diffusion=fs:scan=raster --gpu-policy=off --lookup-policy=none --palette-type=rgb -p 256 --snap-policy=nearest:timing=all:rate=1:channel_l=0.85 --mapfile-output=act:{palette} {input},{lsqa} '--loaders=builtin!' {input} -
85a2674e53a2d7b75c6944b5a87b04ee9ea182b1,macOS-26.5.1-arm64-arm-64bit,natural-snake,natural photograph,256,cielab,CIELAB,reversible-all,reversible / all / rate 1,True,reversible,all,1.0,0.85,0.988793,2.134556,1.625579,256,768,0,0,0.0,0.0,0,343909,{img2sixel} --threads=1 --precision=float32 --quality=full '--loaders=builtin!' --sampling-policy=full-frame --binning-policy=hard --quantize-model=kmeans:seed=1:binbits=6 --merge-policy=none --cover-policy=off -Xcielab -Wcielab --diffusion=fs:scan=raster --gpu-policy=off --lookup-policy=none --palette-type=rgb -p 256 --snap-policy=reversible:timing=all:rate=1:channel_l=0.85 --mapfile-output=act:{palette} {input},{lsqa} '--loaders=builtin!' {input} -
85a2674e53a2d7b75c6944b5a87b04ee9ea182b1,macOS-26.5.1-arm64-arm-64bit,natural-snake,natural photograph,256,din99d,DIN99d,off,snap off,False,none,off,0.0,0.85,0.988785,2.132517,2.088656,256,768,244,462,0.6015625,0.6015625,1,337200,{img2sixel} --threads=1 --precision=float32 --quality=full '--loaders=builtin!' --sampling-policy=full-frame --binning-policy=hard --quantize-model=kmeans:seed=1:binbits=6 --merge-policy=none --cover-policy=off -Xdin99d -Wdin99d --diffusion=fs:scan=raster --gpu-policy=off --lookup-policy=none --palette-type=rgb -p 256 --snap-policy=none --mapfile-output=act:{palette} {input},{lsqa} '--loaders=builtin!' {input} -
85a2674e53a2d7b75c6944b5a87b04ee9ea182b1,macOS-26.5.1-arm64-arm-64bit,natural-snake,natural photograph,256,din99d,DIN99d,nearest-quarter,nearest / all / rate 0.25,True,nearest,all,0.25,0.85,0.989584,2.047805,2.024474,256,768,174,278,0.3619791666666667,0.3619791666666667,1,336320,{img2sixel} --threads=1 --precision=float32 --quality=full '--loaders=builtin!' --sampling-policy=full-frame --binning-policy=hard --quantize-model=kmeans:seed=1:binbits=6 --merge-policy=none --cover-policy=off -Xdin99d -Wdin99d --diffusion=fs:scan=raster --gpu-policy=off --lookup-policy=none --palette-type=rgb -p 256 --snap-policy=nearest:timing=all:rate=0.25:channel_l=0.85 --mapfile-output=act:{palette} {input},{lsqa} '--loaders=builtin!' {input} -
85a2674e53a2d7b75c6944b5a87b04ee9ea182b1,macOS-26.5.1-arm64-arm-64bit,natural-snake,natural photograph,256,din99d,DIN99d,nearest-once,nearest / once / rate 1,True,nearest,once,1.0,0.85,0.989279,2.082315,2.07082,256,768,0,0,0.0,0.0,0,336414,{img2sixel} --threads=1 --precision=float32 --quality=full '--loaders=builtin!' --sampling-policy=full-frame --binning-policy=hard --quantize-model=kmeans:seed=1:binbits=6 --merge-policy=none --cover-policy=off -Xdin99d -Wdin99d --diffusion=fs:scan=raster --gpu-policy=off --lookup-policy=none --palette-type=rgb -p 256 --snap-policy=nearest:timing=once:rate=1:channel_l=0.85 --mapfile-output=act:{palette} {input},{lsqa} '--loaders=builtin!' {input} -
85a2674e53a2d7b75c6944b5a87b04ee9ea182b1,macOS-26.5.1-arm64-arm-64bit,natural-snake,natural photograph,256,din99d,DIN99d,nearest-all,nearest / all / rate 1,True,nearest,all,1.0,0.85,0.988122,2.102546,2.039455,256,768,0,0,0.0,0.0,0,339928,{img2sixel} --threads=1 --precision=float32 --quality=full '--loaders=builtin!' --sampling-policy=full-frame --binning-policy=hard --quantize-model=kmeans:seed=1:binbits=6 --merge-policy=none --cover-policy=off -Xdin99d -Wdin99d --diffusion=fs:scan=raster --gpu-policy=off --lookup-policy=none --palette-type=rgb -p 256 --snap-policy=nearest:timing=all:rate=1:channel_l=0.85 --mapfile-output=act:{palette} {input},{lsqa} '--loaders=builtin!' {input} -
85a2674e53a2d7b75c6944b5a87b04ee9ea182b1,macOS-26.5.1-arm64-arm-64bit,natural-snake,natural photograph,256,din99d,DIN99d,reversible-all,reversible / all / rate 1,True,reversible,all,1.0,0.85,0.988086,2.115421,2.077717,256,768,0,0,0.0,0.0,0,338076,{img2sixel} --threads=1 --precision=float32 --quality=full '--loaders=builtin!' --sampling-policy=full-frame --binning-policy=hard --quantize-model=kmeans:seed=1:binbits=6 --merge-policy=none --cover-policy=off -Xdin99d -Wdin99d --diffusion=fs:scan=raster --gpu-policy=off --lookup-policy=none --palette-type=rgb -p 256 --snap-policy=reversible:timing=all:rate=1:channel_l=0.85 --mapfile-output=act:{palette} {input},{lsqa} '--loaders=builtin!' {input} -
