revision,platform,fixture_id,fixture_label,colors,colorspace,colorspace_label,config,label,enabled,policy,timing,rate,channel_l,runs,median_seconds,q1_seconds,q3_seconds,min_seconds,max_seconds,time_ratio_vs_off,command
85a2674e53a2d7b75c6944b5a87b04ee9ea182b1,macOS-26.5.1-arm64-arm-64bit,natural-snake,natural photograph,8,gamma,sRGB gamma,off,snap off,False,none,off,0.0,0.85,9,0.0558801669976674,0.055311292002443224,0.05751887500809971,0.054987166993669234,0.05786037500365637,1.0,{img2sixel} --threads=1 --precision=float32 --quality=full '--loaders=builtin!' --sampling-policy=full-frame --binning-policy=hard --quantize-model=kmeans:seed=1:binbits=6 --merge-policy=none --cover-policy=off -Xgamma -Wgamma --diffusion=fs:scan=raster --gpu-policy=off --lookup-policy=none --palette-type=rgb -p 8 --snap-policy=none -o {devnull} {input}
85a2674e53a2d7b75c6944b5a87b04ee9ea182b1,macOS-26.5.1-arm64-arm-64bit,natural-snake,natural photograph,8,gamma,sRGB gamma,nearest-quarter,nearest / all / rate 0.25,True,nearest,all,0.25,0.85,9,0.05546529199637007,0.055431957996916026,0.05591862500295974,0.05462562499451451,0.05683291700552218,0.9925756306112211,{img2sixel} --threads=1 --precision=float32 --quality=full '--loaders=builtin!' --sampling-policy=full-frame --binning-policy=hard --quantize-model=kmeans:seed=1:binbits=6 --merge-policy=none --cover-policy=off -Xgamma -Wgamma --diffusion=fs:scan=raster --gpu-policy=off --lookup-policy=none --palette-type=rgb -p 8 --snap-policy=nearest:timing=all:rate=0.25:channel_l=0.85 -o {devnull} {input}
85a2674e53a2d7b75c6944b5a87b04ee9ea182b1,macOS-26.5.1-arm64-arm-64bit,natural-snake,natural photograph,8,gamma,sRGB gamma,nearest-once,nearest / once / rate 1,True,nearest,once,1.0,0.85,9,0.05518645900883712,0.054939416993875057,0.05686804199649487,0.05464883300010115,0.058900832998915575,0.9875857924895027,{img2sixel} --threads=1 --precision=float32 --quality=full '--loaders=builtin!' --sampling-policy=full-frame --binning-policy=hard --quantize-model=kmeans:seed=1:binbits=6 --merge-policy=none --cover-policy=off -Xgamma -Wgamma --diffusion=fs:scan=raster --gpu-policy=off --lookup-policy=none --palette-type=rgb -p 8 --snap-policy=nearest:timing=once:rate=1:channel_l=0.85 -o {devnull} {input}
85a2674e53a2d7b75c6944b5a87b04ee9ea182b1,macOS-26.5.1-arm64-arm-64bit,natural-snake,natural photograph,8,gamma,sRGB gamma,nearest-all,nearest / all / rate 1,True,nearest,all,1.0,0.85,9,0.05597266599943396,0.055853875004686415,0.05726445899927057,0.05526708299294114,0.058672416998888366,1.0016553100453407,{img2sixel} --threads=1 --precision=float32 --quality=full '--loaders=builtin!' --sampling-policy=full-frame --binning-policy=hard --quantize-model=kmeans:seed=1:binbits=6 --merge-policy=none --cover-policy=off -Xgamma -Wgamma --diffusion=fs:scan=raster --gpu-policy=off --lookup-policy=none --palette-type=rgb -p 8 --snap-policy=nearest:timing=all:rate=1:channel_l=0.85 -o {devnull} {input}
85a2674e53a2d7b75c6944b5a87b04ee9ea182b1,macOS-26.5.1-arm64-arm-64bit,natural-snake,natural photograph,8,gamma,sRGB gamma,reversible-all,reversible / all / rate 1,True,reversible,all,1.0,0.85,9,0.056113708997145295,0.05512250000901986,0.05736149998847395,0.053808625001693144,0.05832229199586436,1.004179336104841,{img2sixel} --threads=1 --precision=float32 --quality=full '--loaders=builtin!' --sampling-policy=full-frame --binning-policy=hard --quantize-model=kmeans:seed=1:binbits=6 --merge-policy=none --cover-policy=off -Xgamma -Wgamma --diffusion=fs:scan=raster --gpu-policy=off --lookup-policy=none --palette-type=rgb -p 8 --snap-policy=reversible:timing=all:rate=1:channel_l=0.85 -o {devnull} {input}
85a2674e53a2d7b75c6944b5a87b04ee9ea182b1,macOS-26.5.1-arm64-arm-64bit,natural-snake,natural photograph,8,linear,linear RGB,off,snap off,False,none,off,0.0,0.85,9,0.05908716699923389,0.05839716699847486,0.05963737500132993,0.05707441699632909,0.06162925000535324,1.0,{img2sixel} --threads=1 --precision=float32 --quality=full '--loaders=builtin!' --sampling-policy=full-frame --binning-policy=hard --quantize-model=kmeans:seed=1:binbits=6 --merge-policy=none --cover-policy=off -Xlinear -Wlinear --diffusion=fs:scan=raster --gpu-policy=off --lookup-policy=none --palette-type=rgb -p 8 --snap-policy=none -o {devnull} {input}
85a2674e53a2d7b75c6944b5a87b04ee9ea182b1,macOS-26.5.1-arm64-arm-64bit,natural-snake,natural photograph,8,linear,linear RGB,nearest-quarter,nearest / all / rate 0.25,True,nearest,all,0.25,0.85,9,0.05931212499854155,0.05878900000243448,0.06141379100154154,0.05840033398999367,0.06259691600280348,1.0038072226294177,{img2sixel} --threads=1 --precision=float32 --quality=full '--loaders=builtin!' --sampling-policy=full-frame --binning-policy=hard --quantize-model=kmeans:seed=1:binbits=6 --merge-policy=none --cover-policy=off -Xlinear -Wlinear --diffusion=fs:scan=raster --gpu-policy=off --lookup-policy=none --palette-type=rgb -p 8 --snap-policy=nearest:timing=all:rate=0.25:channel_l=0.85 -o {devnull} {input}
85a2674e53a2d7b75c6944b5a87b04ee9ea182b1,macOS-26.5.1-arm64-arm-64bit,natural-snake,natural photograph,8,linear,linear RGB,nearest-once,nearest / once / rate 1,True,nearest,once,1.0,0.85,9,0.05913325000437908,0.05873004200111609,0.061585458999616094,0.0578992500086315,0.06240716599859297,1.0007799156311858,{img2sixel} --threads=1 --precision=float32 --quality=full '--loaders=builtin!' --sampling-policy=full-frame --binning-policy=hard --quantize-model=kmeans:seed=1:binbits=6 --merge-policy=none --cover-policy=off -Xlinear -Wlinear --diffusion=fs:scan=raster --gpu-policy=off --lookup-policy=none --palette-type=rgb -p 8 --snap-policy=nearest:timing=once:rate=1:channel_l=0.85 -o {devnull} {input}
85a2674e53a2d7b75c6944b5a87b04ee9ea182b1,macOS-26.5.1-arm64-arm-64bit,natural-snake,natural photograph,8,linear,linear RGB,nearest-all,nearest / all / rate 1,True,nearest,all,1.0,0.85,9,0.06081612499838229,0.05962008400820196,0.06202729199139867,0.05849829099315684,0.06489162499201484,1.0292611422573505,{img2sixel} --threads=1 --precision=float32 --quality=full '--loaders=builtin!' --sampling-policy=full-frame --binning-policy=hard --quantize-model=kmeans:seed=1:binbits=6 --merge-policy=none --cover-policy=off -Xlinear -Wlinear --diffusion=fs:scan=raster --gpu-policy=off --lookup-policy=none --palette-type=rgb -p 8 --snap-policy=nearest:timing=all:rate=1:channel_l=0.85 -o {devnull} {input}
85a2674e53a2d7b75c6944b5a87b04ee9ea182b1,macOS-26.5.1-arm64-arm-64bit,natural-snake,natural photograph,8,linear,linear RGB,reversible-all,reversible / all / rate 1,True,reversible,all,1.0,0.85,9,0.058911584012093954,0.05881829200370703,0.06071154199889861,0.05713420901156496,0.06259204099478666,0.997028407418108,{img2sixel} --threads=1 --precision=float32 --quality=full '--loaders=builtin!' --sampling-policy=full-frame --binning-policy=hard --quantize-model=kmeans:seed=1:binbits=6 --merge-policy=none --cover-policy=off -Xlinear -Wlinear --diffusion=fs:scan=raster --gpu-policy=off --lookup-policy=none --palette-type=rgb -p 8 --snap-policy=reversible:timing=all:rate=1:channel_l=0.85 -o {devnull} {input}
85a2674e53a2d7b75c6944b5a87b04ee9ea182b1,macOS-26.5.1-arm64-arm-64bit,natural-snake,natural photograph,8,oklab,OKLab,off,snap off,False,none,off,0.0,0.85,9,0.060158874999615364,0.05936524999560788,0.060432291007600725,0.05858125000668224,0.06164508400252089,1.0,{img2sixel} --threads=1 --precision=float32 --quality=full '--loaders=builtin!' --sampling-policy=full-frame --binning-policy=hard --quantize-model=kmeans:seed=1:binbits=6 --merge-policy=none --cover-policy=off -Xoklab -Woklab --diffusion=fs:scan=raster --gpu-policy=off --lookup-policy=none --palette-type=rgb -p 8 --snap-policy=none -o {devnull} {input}
85a2674e53a2d7b75c6944b5a87b04ee9ea182b1,macOS-26.5.1-arm64-arm-64bit,natural-snake,natural photograph,8,oklab,OKLab,nearest-quarter,nearest / all / rate 0.25,True,nearest,all,0.25,0.85,9,0.05935325000609737,0.05903950000356417,0.060229250011616386,0.05874533299356699,0.06271362499683164,0.9866083766772044,{img2sixel} --threads=1 --precision=float32 --quality=full '--loaders=builtin!' --sampling-policy=full-frame --binning-policy=hard --quantize-model=kmeans:seed=1:binbits=6 --merge-policy=none --cover-policy=off -Xoklab -Woklab --diffusion=fs:scan=raster --gpu-policy=off --lookup-policy=none --palette-type=rgb -p 8 --snap-policy=nearest:timing=all:rate=0.25:channel_l=0.85 -o {devnull} {input}
85a2674e53a2d7b75c6944b5a87b04ee9ea182b1,macOS-26.5.1-arm64-arm-64bit,natural-snake,natural photograph,8,oklab,OKLab,nearest-once,nearest / once / rate 1,True,nearest,once,1.0,0.85,9,0.060571041991352104,0.06004825000127312,0.061507791993790306,0.058307541999965906,0.06252279199543409,1.0068513081692332,{img2sixel} --threads=1 --precision=float32 --quality=full '--loaders=builtin!' --sampling-policy=full-frame --binning-policy=hard --quantize-model=kmeans:seed=1:binbits=6 --merge-policy=none --cover-policy=off -Xoklab -Woklab --diffusion=fs:scan=raster --gpu-policy=off --lookup-policy=none --palette-type=rgb -p 8 --snap-policy=nearest:timing=once:rate=1:channel_l=0.85 -o {devnull} {input}
85a2674e53a2d7b75c6944b5a87b04ee9ea182b1,macOS-26.5.1-arm64-arm-64bit,natural-snake,natural photograph,8,oklab,OKLab,nearest-all,nearest / all / rate 1,True,nearest,all,1.0,0.85,9,0.06022466599824838,0.05939708299410995,0.06157145800534636,0.0582319590030238,0.06409704199177213,1.0010936208270755,{img2sixel} --threads=1 --precision=float32 --quality=full '--loaders=builtin!' --sampling-policy=full-frame --binning-policy=hard --quantize-model=kmeans:seed=1:binbits=6 --merge-policy=none --cover-policy=off -Xoklab -Woklab --diffusion=fs:scan=raster --gpu-policy=off --lookup-policy=none --palette-type=rgb -p 8 --snap-policy=nearest:timing=all:rate=1:channel_l=0.85 -o {devnull} {input}
85a2674e53a2d7b75c6944b5a87b04ee9ea182b1,macOS-26.5.1-arm64-arm-64bit,natural-snake,natural photograph,8,oklab,OKLab,reversible-all,reversible / all / rate 1,True,reversible,all,1.0,0.85,9,0.05929983299574815,0.059118958000908606,0.060366124991560355,0.058349957995233126,0.0615445409930544,0.9857204443422071,{img2sixel} --threads=1 --precision=float32 --quality=full '--loaders=builtin!' --sampling-policy=full-frame --binning-policy=hard --quantize-model=kmeans:seed=1:binbits=6 --merge-policy=none --cover-policy=off -Xoklab -Woklab --diffusion=fs:scan=raster --gpu-policy=off --lookup-policy=none --palette-type=rgb -p 8 --snap-policy=reversible:timing=all:rate=1:channel_l=0.85 -o {devnull} {input}
85a2674e53a2d7b75c6944b5a87b04ee9ea182b1,macOS-26.5.1-arm64-arm-64bit,natural-snake,natural photograph,8,cielab,CIELAB,off,snap off,False,none,off,0.0,0.85,9,0.06100874999538064,0.06022029201267287,0.06172108300961554,0.06009633300709538,0.07377145800273865,1.0,{img2sixel} --threads=1 --precision=float32 --quality=full '--loaders=builtin!' --sampling-policy=full-frame --binning-policy=hard --quantize-model=kmeans:seed=1:binbits=6 --merge-policy=none --cover-policy=off -Xcielab -Wcielab --diffusion=fs:scan=raster --gpu-policy=off --lookup-policy=none --palette-type=rgb -p 8 --snap-policy=none -o {devnull} {input}
85a2674e53a2d7b75c6944b5a87b04ee9ea182b1,macOS-26.5.1-arm64-arm-64bit,natural-snake,natural photograph,8,cielab,CIELAB,nearest-quarter,nearest / all / rate 0.25,True,nearest,all,0.25,0.85,9,0.06143300000985619,0.0604830420052167,0.06309058300394099,0.059846334013855085,0.06388525001239032,1.0069539207819809,{img2sixel} --threads=1 --precision=float32 --quality=full '--loaders=builtin!' --sampling-policy=full-frame --binning-policy=hard --quantize-model=kmeans:seed=1:binbits=6 --merge-policy=none --cover-policy=off -Xcielab -Wcielab --diffusion=fs:scan=raster --gpu-policy=off --lookup-policy=none --palette-type=rgb -p 8 --snap-policy=nearest:timing=all:rate=0.25:channel_l=0.85 -o {devnull} {input}
85a2674e53a2d7b75c6944b5a87b04ee9ea182b1,macOS-26.5.1-arm64-arm-64bit,natural-snake,natural photograph,8,cielab,CIELAB,nearest-once,nearest / once / rate 1,True,nearest,once,1.0,0.85,9,0.06198570800188463,0.060853082992252894,0.062485250004101545,0.06006491699372418,0.06274537500576116,1.0160134080206193,{img2sixel} --threads=1 --precision=float32 --quality=full '--loaders=builtin!' --sampling-policy=full-frame --binning-policy=hard --quantize-model=kmeans:seed=1:binbits=6 --merge-policy=none --cover-policy=off -Xcielab -Wcielab --diffusion=fs:scan=raster --gpu-policy=off --lookup-policy=none --palette-type=rgb -p 8 --snap-policy=nearest:timing=once:rate=1:channel_l=0.85 -o {devnull} {input}
85a2674e53a2d7b75c6944b5a87b04ee9ea182b1,macOS-26.5.1-arm64-arm-64bit,natural-snake,natural photograph,8,cielab,CIELAB,nearest-all,nearest / all / rate 1,True,nearest,all,1.0,0.85,9,0.06158629200945143,0.06068441599200014,0.06242808300885372,0.059887958006584086,0.0628652500017779,1.0094665439648332,{img2sixel} --threads=1 --precision=float32 --quality=full '--loaders=builtin!' --sampling-policy=full-frame --binning-policy=hard --quantize-model=kmeans:seed=1:binbits=6 --merge-policy=none --cover-policy=off -Xcielab -Wcielab --diffusion=fs:scan=raster --gpu-policy=off --lookup-policy=none --palette-type=rgb -p 8 --snap-policy=nearest:timing=all:rate=1:channel_l=0.85 -o {devnull} {input}
85a2674e53a2d7b75c6944b5a87b04ee9ea182b1,macOS-26.5.1-arm64-arm-64bit,natural-snake,natural photograph,8,cielab,CIELAB,reversible-all,reversible / all / rate 1,True,reversible,all,1.0,0.85,9,0.062532874988392,0.06195299999671988,0.06275399999867659,0.061290291996556334,0.0641399169981014,1.0249820721310756,{img2sixel} --threads=1 --precision=float32 --quality=full '--loaders=builtin!' --sampling-policy=full-frame --binning-policy=hard --quantize-model=kmeans:seed=1:binbits=6 --merge-policy=none --cover-policy=off -Xcielab -Wcielab --diffusion=fs:scan=raster --gpu-policy=off --lookup-policy=none --palette-type=rgb -p 8 --snap-policy=reversible:timing=all:rate=1:channel_l=0.85 -o {devnull} {input}
85a2674e53a2d7b75c6944b5a87b04ee9ea182b1,macOS-26.5.1-arm64-arm-64bit,natural-snake,natural photograph,8,din99d,DIN99d,off,snap off,False,none,off,0.0,0.85,9,0.0738429999910295,0.07331666599202435,0.07420837500831112,0.07220816599146929,0.07669020800676662,1.0,{img2sixel} --threads=1 --precision=float32 --quality=full '--loaders=builtin!' --sampling-policy=full-frame --binning-policy=hard --quantize-model=kmeans:seed=1:binbits=6 --merge-policy=none --cover-policy=off -Xdin99d -Wdin99d --diffusion=fs:scan=raster --gpu-policy=off --lookup-policy=none --palette-type=rgb -p 8 --snap-policy=none -o {devnull} {input}
85a2674e53a2d7b75c6944b5a87b04ee9ea182b1,macOS-26.5.1-arm64-arm-64bit,natural-snake,natural photograph,8,din99d,DIN99d,nearest-quarter,nearest / all / rate 0.25,True,nearest,all,0.25,0.85,9,0.07390350000059698,0.07329866699001286,0.07461037499888334,0.07267066699569114,0.0765824169939151,1.0008193059541843,{img2sixel} --threads=1 --precision=float32 --quality=full '--loaders=builtin!' --sampling-policy=full-frame --binning-policy=hard --quantize-model=kmeans:seed=1:binbits=6 --merge-policy=none --cover-policy=off -Xdin99d -Wdin99d --diffusion=fs:scan=raster --gpu-policy=off --lookup-policy=none --palette-type=rgb -p 8 --snap-policy=nearest:timing=all:rate=0.25:channel_l=0.85 -o {devnull} {input}
85a2674e53a2d7b75c6944b5a87b04ee9ea182b1,macOS-26.5.1-arm64-arm-64bit,natural-snake,natural photograph,8,din99d,DIN99d,nearest-once,nearest / once / rate 1,True,nearest,once,1.0,0.85,9,0.07354108399886172,0.07249437501013745,0.07384245900902897,0.07205712499853689,0.0743884590046946,0.9959113796540707,{img2sixel} --threads=1 --precision=float32 --quality=full '--loaders=builtin!' --sampling-policy=full-frame --binning-policy=hard --quantize-model=kmeans:seed=1:binbits=6 --merge-policy=none --cover-policy=off -Xdin99d -Wdin99d --diffusion=fs:scan=raster --gpu-policy=off --lookup-policy=none --palette-type=rgb -p 8 --snap-policy=nearest:timing=once:rate=1:channel_l=0.85 -o {devnull} {input}
85a2674e53a2d7b75c6944b5a87b04ee9ea182b1,macOS-26.5.1-arm64-arm-64bit,natural-snake,natural photograph,8,din99d,DIN99d,nearest-all,nearest / all / rate 1,True,nearest,all,1.0,0.85,9,0.07333108400052879,0.07283866699435748,0.07450208300724626,0.0727473330043722,0.07547258300473914,0.9930675082192909,{img2sixel} --threads=1 --precision=float32 --quality=full '--loaders=builtin!' --sampling-policy=full-frame --binning-policy=hard --quantize-model=kmeans:seed=1:binbits=6 --merge-policy=none --cover-policy=off -Xdin99d -Wdin99d --diffusion=fs:scan=raster --gpu-policy=off --lookup-policy=none --palette-type=rgb -p 8 --snap-policy=nearest:timing=all:rate=1:channel_l=0.85 -o {devnull} {input}
85a2674e53a2d7b75c6944b5a87b04ee9ea182b1,macOS-26.5.1-arm64-arm-64bit,natural-snake,natural photograph,8,din99d,DIN99d,reversible-all,reversible / all / rate 1,True,reversible,all,1.0,0.85,9,0.0732573749992298,0.07253379200119525,0.07499891601037234,0.07227058299758937,0.07586474998970516,0.9920693228624129,{img2sixel} --threads=1 --precision=float32 --quality=full '--loaders=builtin!' --sampling-policy=full-frame --binning-policy=hard --quantize-model=kmeans:seed=1:binbits=6 --merge-policy=none --cover-policy=off -Xdin99d -Wdin99d --diffusion=fs:scan=raster --gpu-policy=off --lookup-policy=none --palette-type=rgb -p 8 --snap-policy=reversible:timing=all:rate=1:channel_l=0.85 -o {devnull} {input}
85a2674e53a2d7b75c6944b5a87b04ee9ea182b1,macOS-26.5.1-arm64-arm-64bit,natural-snake,natural photograph,16,gamma,sRGB gamma,off,snap off,False,none,off,0.0,0.85,9,0.06325541700061876,0.06185695900057908,0.06392812500416767,0.06118212499131914,0.06613416700565722,1.0,{img2sixel} --threads=1 --precision=float32 --quality=full '--loaders=builtin!' --sampling-policy=full-frame --binning-policy=hard --quantize-model=kmeans:seed=1:binbits=6 --merge-policy=none --cover-policy=off -Xgamma -Wgamma --diffusion=fs:scan=raster --gpu-policy=off --lookup-policy=none --palette-type=rgb -p 16 --snap-policy=none -o {devnull} {input}
85a2674e53a2d7b75c6944b5a87b04ee9ea182b1,macOS-26.5.1-arm64-arm-64bit,natural-snake,natural photograph,16,gamma,sRGB gamma,nearest-quarter,nearest / all / rate 0.25,True,nearest,all,0.25,0.85,9,0.06316725000215229,0.061786707999999635,0.06411241700698156,0.06060937501024455,0.06485908399918117,0.9986061747333732,{img2sixel} --threads=1 --precision=float32 --quality=full '--loaders=builtin!' --sampling-policy=full-frame --binning-policy=hard --quantize-model=kmeans:seed=1:binbits=6 --merge-policy=none --cover-policy=off -Xgamma -Wgamma --diffusion=fs:scan=raster --gpu-policy=off --lookup-policy=none --palette-type=rgb -p 16 --snap-policy=nearest:timing=all:rate=0.25:channel_l=0.85 -o {devnull} {input}
85a2674e53a2d7b75c6944b5a87b04ee9ea182b1,macOS-26.5.1-arm64-arm-64bit,natural-snake,natural photograph,16,gamma,sRGB gamma,nearest-once,nearest / once / rate 1,True,nearest,once,1.0,0.85,9,0.06291283300379291,0.06224862500675954,0.06321812499663793,0.06116024999937508,0.0653810420044465,0.9945841160635697,{img2sixel} --threads=1 --precision=float32 --quality=full '--loaders=builtin!' --sampling-policy=full-frame --binning-policy=hard --quantize-model=kmeans:seed=1:binbits=6 --merge-policy=none --cover-policy=off -Xgamma -Wgamma --diffusion=fs:scan=raster --gpu-policy=off --lookup-policy=none --palette-type=rgb -p 16 --snap-policy=nearest:timing=once:rate=1:channel_l=0.85 -o {devnull} {input}
85a2674e53a2d7b75c6944b5a87b04ee9ea182b1,macOS-26.5.1-arm64-arm-64bit,natural-snake,natural photograph,16,gamma,sRGB gamma,nearest-all,nearest / all / rate 1,True,nearest,all,1.0,0.85,9,0.06231258300249465,0.06196099999942817,0.06283504200109746,0.0605596660025185,0.06330262499977835,0.9850948101707259,{img2sixel} --threads=1 --precision=float32 --quality=full '--loaders=builtin!' --sampling-policy=full-frame --binning-policy=hard --quantize-model=kmeans:seed=1:binbits=6 --merge-policy=none --cover-policy=off -Xgamma -Wgamma --diffusion=fs:scan=raster --gpu-policy=off --lookup-policy=none --palette-type=rgb -p 16 --snap-policy=nearest:timing=all:rate=1:channel_l=0.85 -o {devnull} {input}
85a2674e53a2d7b75c6944b5a87b04ee9ea182b1,macOS-26.5.1-arm64-arm-64bit,natural-snake,natural photograph,16,gamma,sRGB gamma,reversible-all,reversible / all / rate 1,True,reversible,all,1.0,0.85,9,0.06332041700079571,0.06249766700784676,0.06421475000388455,0.06183904099452775,0.06483633299649227,1.0010275799806412,{img2sixel} --threads=1 --precision=float32 --quality=full '--loaders=builtin!' --sampling-policy=full-frame --binning-policy=hard --quantize-model=kmeans:seed=1:binbits=6 --merge-policy=none --cover-policy=off -Xgamma -Wgamma --diffusion=fs:scan=raster --gpu-policy=off --lookup-policy=none --palette-type=rgb -p 16 --snap-policy=reversible:timing=all:rate=1:channel_l=0.85 -o {devnull} {input}
85a2674e53a2d7b75c6944b5a87b04ee9ea182b1,macOS-26.5.1-arm64-arm-64bit,natural-snake,natural photograph,16,linear,linear RGB,off,snap off,False,none,off,0.0,0.85,9,0.06530000000202563,0.06491995899705216,0.06665283400798216,0.06343241699505597,0.07529799999610987,1.0,{img2sixel} --threads=1 --precision=float32 --quality=full '--loaders=builtin!' --sampling-policy=full-frame --binning-policy=hard --quantize-model=kmeans:seed=1:binbits=6 --merge-policy=none --cover-policy=off -Xlinear -Wlinear --diffusion=fs:scan=raster --gpu-policy=off --lookup-policy=none --palette-type=rgb -p 16 --snap-policy=none -o {devnull} {input}
85a2674e53a2d7b75c6944b5a87b04ee9ea182b1,macOS-26.5.1-arm64-arm-64bit,natural-snake,natural photograph,16,linear,linear RGB,nearest-quarter,nearest / all / rate 0.25,True,nearest,all,0.25,0.85,9,0.06586333300219849,0.06530470799771138,0.0683768750022864,0.06292066699825227,0.0766725419962313,1.0086268453316292,{img2sixel} --threads=1 --precision=float32 --quality=full '--loaders=builtin!' --sampling-policy=full-frame --binning-policy=hard --quantize-model=kmeans:seed=1:binbits=6 --merge-policy=none --cover-policy=off -Xlinear -Wlinear --diffusion=fs:scan=raster --gpu-policy=off --lookup-policy=none --palette-type=rgb -p 16 --snap-policy=nearest:timing=all:rate=0.25:channel_l=0.85 -o {devnull} {input}
85a2674e53a2d7b75c6944b5a87b04ee9ea182b1,macOS-26.5.1-arm64-arm-64bit,natural-snake,natural photograph,16,linear,linear RGB,nearest-once,nearest / once / rate 1,True,nearest,once,1.0,0.85,9,0.06605062499875203,0.06543395800690632,0.06712445800076239,0.0630784160020994,0.075061833995278,1.0114950229204152,{img2sixel} --threads=1 --precision=float32 --quality=full '--loaders=builtin!' --sampling-policy=full-frame --binning-policy=hard --quantize-model=kmeans:seed=1:binbits=6 --merge-policy=none --cover-policy=off -Xlinear -Wlinear --diffusion=fs:scan=raster --gpu-policy=off --lookup-policy=none --palette-type=rgb -p 16 --snap-policy=nearest:timing=once:rate=1:channel_l=0.85 -o {devnull} {input}
85a2674e53a2d7b75c6944b5a87b04ee9ea182b1,macOS-26.5.1-arm64-arm-64bit,natural-snake,natural photograph,16,linear,linear RGB,nearest-all,nearest / all / rate 1,True,nearest,all,1.0,0.85,9,0.06477929200627841,0.06389512500027195,0.0651756659935927,0.062004415987757966,0.06858008400013205,0.9920259112445473,{img2sixel} --threads=1 --precision=float32 --quality=full '--loaders=builtin!' --sampling-policy=full-frame --binning-policy=hard --quantize-model=kmeans:seed=1:binbits=6 --merge-policy=none --cover-policy=off -Xlinear -Wlinear --diffusion=fs:scan=raster --gpu-policy=off --lookup-policy=none --palette-type=rgb -p 16 --snap-policy=nearest:timing=all:rate=1:channel_l=0.85 -o {devnull} {input}
85a2674e53a2d7b75c6944b5a87b04ee9ea182b1,macOS-26.5.1-arm64-arm-64bit,natural-snake,natural photograph,16,linear,linear RGB,reversible-all,reversible / all / rate 1,True,reversible,all,1.0,0.85,9,0.06454354200104717,0.06411462499818299,0.06611095801054034,0.06241062500339467,0.06808904100034852,0.9884156508276418,{img2sixel} --threads=1 --precision=float32 --quality=full '--loaders=builtin!' --sampling-policy=full-frame --binning-policy=hard --quantize-model=kmeans:seed=1:binbits=6 --merge-policy=none --cover-policy=off -Xlinear -Wlinear --diffusion=fs:scan=raster --gpu-policy=off --lookup-policy=none --palette-type=rgb -p 16 --snap-policy=reversible:timing=all:rate=1:channel_l=0.85 -o {devnull} {input}
85a2674e53a2d7b75c6944b5a87b04ee9ea182b1,macOS-26.5.1-arm64-arm-64bit,natural-snake,natural photograph,16,oklab,OKLab,off,snap off,False,none,off,0.0,0.85,9,0.06358337499841582,0.06337816700397525,0.06462791700323578,0.06301395899208728,0.06811395799741149,1.0,{img2sixel} --threads=1 --precision=float32 --quality=full '--loaders=builtin!' --sampling-policy=full-frame --binning-policy=hard --quantize-model=kmeans:seed=1:binbits=6 --merge-policy=none --cover-policy=off -Xoklab -Woklab --diffusion=fs:scan=raster --gpu-policy=off --lookup-policy=none --palette-type=rgb -p 16 --snap-policy=none -o {devnull} {input}
85a2674e53a2d7b75c6944b5a87b04ee9ea182b1,macOS-26.5.1-arm64-arm-64bit,natural-snake,natural photograph,16,oklab,OKLab,nearest-quarter,nearest / all / rate 0.25,True,nearest,all,0.25,0.85,9,0.0661445419973461,0.0648220000002766,0.06666391699400265,0.0628004169993801,0.06963558300049044,1.0402804506522985,{img2sixel} --threads=1 --precision=float32 --quality=full '--loaders=builtin!' --sampling-policy=full-frame --binning-policy=hard --quantize-model=kmeans:seed=1:binbits=6 --merge-policy=none --cover-policy=off -Xoklab -Woklab --diffusion=fs:scan=raster --gpu-policy=off --lookup-policy=none --palette-type=rgb -p 16 --snap-policy=nearest:timing=all:rate=0.25:channel_l=0.85 -o {devnull} {input}
85a2674e53a2d7b75c6944b5a87b04ee9ea182b1,macOS-26.5.1-arm64-arm-64bit,natural-snake,natural photograph,16,oklab,OKLab,nearest-once,nearest / once / rate 1,True,nearest,once,1.0,0.85,9,0.06482070800848305,0.06419999999343418,0.06573674999526702,0.06301604099280667,0.06877954099036288,1.019460008376373,{img2sixel} --threads=1 --precision=float32 --quality=full '--loaders=builtin!' --sampling-policy=full-frame --binning-policy=hard --quantize-model=kmeans:seed=1:binbits=6 --merge-policy=none --cover-policy=off -Xoklab -Woklab --diffusion=fs:scan=raster --gpu-policy=off --lookup-policy=none --palette-type=rgb -p 16 --snap-policy=nearest:timing=once:rate=1:channel_l=0.85 -o {devnull} {input}
85a2674e53a2d7b75c6944b5a87b04ee9ea182b1,macOS-26.5.1-arm64-arm-64bit,natural-snake,natural photograph,16,oklab,OKLab,nearest-all,nearest / all / rate 1,True,nearest,all,1.0,0.85,9,0.06494187499629334,0.06335274998855311,0.06531241699121892,0.06263470799603965,0.0658775829942897,1.021365647827146,{img2sixel} --threads=1 --precision=float32 --quality=full '--loaders=builtin!' --sampling-policy=full-frame --binning-policy=hard --quantize-model=kmeans:seed=1:binbits=6 --merge-policy=none --cover-policy=off -Xoklab -Woklab --diffusion=fs:scan=raster --gpu-policy=off --lookup-policy=none --palette-type=rgb -p 16 --snap-policy=nearest:timing=all:rate=1:channel_l=0.85 -o {devnull} {input}
85a2674e53a2d7b75c6944b5a87b04ee9ea182b1,macOS-26.5.1-arm64-arm-64bit,natural-snake,natural photograph,16,oklab,OKLab,reversible-all,reversible / all / rate 1,True,reversible,all,1.0,0.85,9,0.06457687499641906,0.06367566699918825,0.06512154199299403,0.0626287909981329,0.0665889590018196,1.0156251535566962,{img2sixel} --threads=1 --precision=float32 --quality=full '--loaders=builtin!' --sampling-policy=full-frame --binning-policy=hard --quantize-model=kmeans:seed=1:binbits=6 --merge-policy=none --cover-policy=off -Xoklab -Woklab --diffusion=fs:scan=raster --gpu-policy=off --lookup-policy=none --palette-type=rgb -p 16 --snap-policy=reversible:timing=all:rate=1:channel_l=0.85 -o {devnull} {input}
85a2674e53a2d7b75c6944b5a87b04ee9ea182b1,macOS-26.5.1-arm64-arm-64bit,natural-snake,natural photograph,16,cielab,CIELAB,off,snap off,False,none,off,0.0,0.85,9,0.06627900000603404,0.0651416250038892,0.0667904159927275,0.06458916699921247,0.06837258300220128,1.0,{img2sixel} --threads=1 --precision=float32 --quality=full '--loaders=builtin!' --sampling-policy=full-frame --binning-policy=hard --quantize-model=kmeans:seed=1:binbits=6 --merge-policy=none --cover-policy=off -Xcielab -Wcielab --diffusion=fs:scan=raster --gpu-policy=off --lookup-policy=none --palette-type=rgb -p 16 --snap-policy=none -o {devnull} {input}
85a2674e53a2d7b75c6944b5a87b04ee9ea182b1,macOS-26.5.1-arm64-arm-64bit,natural-snake,natural photograph,16,cielab,CIELAB,nearest-quarter,nearest / all / rate 0.25,True,nearest,all,0.25,0.85,9,0.06648058400605805,0.06621429200458806,0.06709550000960007,0.06541404098970816,0.06946270800835919,1.003041446008625,{img2sixel} --threads=1 --precision=float32 --quality=full '--loaders=builtin!' --sampling-policy=full-frame --binning-policy=hard --quantize-model=kmeans:seed=1:binbits=6 --merge-policy=none --cover-policy=off -Xcielab -Wcielab --diffusion=fs:scan=raster --gpu-policy=off --lookup-policy=none --palette-type=rgb -p 16 --snap-policy=nearest:timing=all:rate=0.25:channel_l=0.85 -o {devnull} {input}
85a2674e53a2d7b75c6944b5a87b04ee9ea182b1,macOS-26.5.1-arm64-arm-64bit,natural-snake,natural photograph,16,cielab,CIELAB,nearest-once,nearest / once / rate 1,True,nearest,once,1.0,0.85,9,0.0655859170074109,0.06504874999518506,0.06669337500352412,0.0644789999932982,0.06856433300708886,0.9895429472599158,{img2sixel} --threads=1 --precision=float32 --quality=full '--loaders=builtin!' --sampling-policy=full-frame --binning-policy=hard --quantize-model=kmeans:seed=1:binbits=6 --merge-policy=none --cover-policy=off -Xcielab -Wcielab --diffusion=fs:scan=raster --gpu-policy=off --lookup-policy=none --palette-type=rgb -p 16 --snap-policy=nearest:timing=once:rate=1:channel_l=0.85 -o {devnull} {input}
85a2674e53a2d7b75c6944b5a87b04ee9ea182b1,macOS-26.5.1-arm64-arm-64bit,natural-snake,natural photograph,16,cielab,CIELAB,nearest-all,nearest / all / rate 1,True,nearest,all,1.0,0.85,9,0.0668495419959072,0.06625679100397974,0.06755704199895263,0.06549824999819975,0.06798841700947378,1.008608186451534,{img2sixel} --threads=1 --precision=float32 --quality=full '--loaders=builtin!' --sampling-policy=full-frame --binning-policy=hard --quantize-model=kmeans:seed=1:binbits=6 --merge-policy=none --cover-policy=off -Xcielab -Wcielab --diffusion=fs:scan=raster --gpu-policy=off --lookup-policy=none --palette-type=rgb -p 16 --snap-policy=nearest:timing=all:rate=1:channel_l=0.85 -o {devnull} {input}
85a2674e53a2d7b75c6944b5a87b04ee9ea182b1,macOS-26.5.1-arm64-arm-64bit,natural-snake,natural photograph,16,cielab,CIELAB,reversible-all,reversible / all / rate 1,True,reversible,all,1.0,0.85,9,0.06631908300914802,0.06545158399967477,0.06734612501168158,0.06464366700674873,0.06983079201017972,1.0006047617361506,{img2sixel} --threads=1 --precision=float32 --quality=full '--loaders=builtin!' --sampling-policy=full-frame --binning-policy=hard --quantize-model=kmeans:seed=1:binbits=6 --merge-policy=none --cover-policy=off -Xcielab -Wcielab --diffusion=fs:scan=raster --gpu-policy=off --lookup-policy=none --palette-type=rgb -p 16 --snap-policy=reversible:timing=all:rate=1:channel_l=0.85 -o {devnull} {input}
85a2674e53a2d7b75c6944b5a87b04ee9ea182b1,macOS-26.5.1-arm64-arm-64bit,natural-snake,natural photograph,16,din99d,DIN99d,off,snap off,False,none,off,0.0,0.85,9,0.07781379199877847,0.07772233300784137,0.07880233399919234,0.07719479200022761,0.07986870800959878,1.0,{img2sixel} --threads=1 --precision=float32 --quality=full '--loaders=builtin!' --sampling-policy=full-frame --binning-policy=hard --quantize-model=kmeans:seed=1:binbits=6 --merge-policy=none --cover-policy=off -Xdin99d -Wdin99d --diffusion=fs:scan=raster --gpu-policy=off --lookup-policy=none --palette-type=rgb -p 16 --snap-policy=none -o {devnull} {input}
85a2674e53a2d7b75c6944b5a87b04ee9ea182b1,macOS-26.5.1-arm64-arm-64bit,natural-snake,natural photograph,16,din99d,DIN99d,nearest-quarter,nearest / all / rate 0.25,True,nearest,all,0.25,0.85,9,0.07940754099399783,0.07822979200864211,0.08107099999324419,0.07748408299812581,0.08344895800109953,1.0204815747219256,{img2sixel} --threads=1 --precision=float32 --quality=full '--loaders=builtin!' --sampling-policy=full-frame --binning-policy=hard --quantize-model=kmeans:seed=1:binbits=6 --merge-policy=none --cover-policy=off -Xdin99d -Wdin99d --diffusion=fs:scan=raster --gpu-policy=off --lookup-policy=none --palette-type=rgb -p 16 --snap-policy=nearest:timing=all:rate=0.25:channel_l=0.85 -o {devnull} {input}
85a2674e53a2d7b75c6944b5a87b04ee9ea182b1,macOS-26.5.1-arm64-arm-64bit,natural-snake,natural photograph,16,din99d,DIN99d,nearest-once,nearest / once / rate 1,True,nearest,once,1.0,0.85,9,0.07863716699648649,0.07800908401259221,0.08006074999866541,0.0764826670056209,0.08602324999810662,1.0105813503822167,{img2sixel} --threads=1 --precision=float32 --quality=full '--loaders=builtin!' --sampling-policy=full-frame --binning-policy=hard --quantize-model=kmeans:seed=1:binbits=6 --merge-policy=none --cover-policy=off -Xdin99d -Wdin99d --diffusion=fs:scan=raster --gpu-policy=off --lookup-policy=none --palette-type=rgb -p 16 --snap-policy=nearest:timing=once:rate=1:channel_l=0.85 -o {devnull} {input}
85a2674e53a2d7b75c6944b5a87b04ee9ea182b1,macOS-26.5.1-arm64-arm-64bit,natural-snake,natural photograph,16,din99d,DIN99d,nearest-all,nearest / all / rate 1,True,nearest,all,1.0,0.85,9,0.08102908299770206,0.08035658398875967,0.08111312499386258,0.07753954200597946,0.08165049999661278,1.041320322738854,{img2sixel} --threads=1 --precision=float32 --quality=full '--loaders=builtin!' --sampling-policy=full-frame --binning-policy=hard --quantize-model=kmeans:seed=1:binbits=6 --merge-policy=none --cover-policy=off -Xdin99d -Wdin99d --diffusion=fs:scan=raster --gpu-policy=off --lookup-policy=none --palette-type=rgb -p 16 --snap-policy=nearest:timing=all:rate=1:channel_l=0.85 -o {devnull} {input}
85a2674e53a2d7b75c6944b5a87b04ee9ea182b1,macOS-26.5.1-arm64-arm-64bit,natural-snake,natural photograph,16,din99d,DIN99d,reversible-all,reversible / all / rate 1,True,reversible,all,1.0,0.85,9,0.0780799579952145,0.0767343330080621,0.07879566600604448,0.07501466698886361,0.08135058298648801,1.0034205503882938,{img2sixel} --threads=1 --precision=float32 --quality=full '--loaders=builtin!' --sampling-policy=full-frame --binning-policy=hard --quantize-model=kmeans:seed=1:binbits=6 --merge-policy=none --cover-policy=off -Xdin99d -Wdin99d --diffusion=fs:scan=raster --gpu-policy=off --lookup-policy=none --palette-type=rgb -p 16 --snap-policy=reversible:timing=all:rate=1:channel_l=0.85 -o {devnull} {input}
85a2674e53a2d7b75c6944b5a87b04ee9ea182b1,macOS-26.5.1-arm64-arm-64bit,natural-snake,natural photograph,32,gamma,sRGB gamma,off,snap off,False,none,off,0.0,0.85,9,0.07273425000312272,0.07232925000425894,0.07344937499146909,0.07208845800778363,0.07357904200034682,1.0,{img2sixel} --threads=1 --precision=float32 --quality=full '--loaders=builtin!' --sampling-policy=full-frame --binning-policy=hard --quantize-model=kmeans:seed=1:binbits=6 --merge-policy=none --cover-policy=off -Xgamma -Wgamma --diffusion=fs:scan=raster --gpu-policy=off --lookup-policy=none --palette-type=rgb -p 32 --snap-policy=none -o {devnull} {input}
85a2674e53a2d7b75c6944b5a87b04ee9ea182b1,macOS-26.5.1-arm64-arm-64bit,natural-snake,natural photograph,32,gamma,sRGB gamma,nearest-quarter,nearest / all / rate 0.25,True,nearest,all,0.25,0.85,9,0.07447145800688304,0.07362520899914671,0.07466166600352153,0.0726935830025468,0.0769176660105586,1.0238843186488584,{img2sixel} --threads=1 --precision=float32 --quality=full '--loaders=builtin!' --sampling-policy=full-frame --binning-policy=hard --quantize-model=kmeans:seed=1:binbits=6 --merge-policy=none --cover-policy=off -Xgamma -Wgamma --diffusion=fs:scan=raster --gpu-policy=off --lookup-policy=none --palette-type=rgb -p 32 --snap-policy=nearest:timing=all:rate=0.25:channel_l=0.85 -o {devnull} {input}
85a2674e53a2d7b75c6944b5a87b04ee9ea182b1,macOS-26.5.1-arm64-arm-64bit,natural-snake,natural photograph,32,gamma,sRGB gamma,nearest-once,nearest / once / rate 1,True,nearest,once,1.0,0.85,9,0.07482712499040645,0.07446537500072736,0.07532554199860897,0.07245345899718814,0.07803633299772628,1.0287742705423355,{img2sixel} --threads=1 --precision=float32 --quality=full '--loaders=builtin!' --sampling-policy=full-frame --binning-policy=hard --quantize-model=kmeans:seed=1:binbits=6 --merge-policy=none --cover-policy=off -Xgamma -Wgamma --diffusion=fs:scan=raster --gpu-policy=off --lookup-policy=none --palette-type=rgb -p 32 --snap-policy=nearest:timing=once:rate=1:channel_l=0.85 -o {devnull} {input}
85a2674e53a2d7b75c6944b5a87b04ee9ea182b1,macOS-26.5.1-arm64-arm-64bit,natural-snake,natural photograph,32,gamma,sRGB gamma,nearest-all,nearest / all / rate 1,True,nearest,all,1.0,0.85,9,0.07034629199188203,0.06961716699879616,0.07134854100877419,0.06940149998990819,0.07211083399306517,0.9671687270970942,{img2sixel} --threads=1 --precision=float32 --quality=full '--loaders=builtin!' --sampling-policy=full-frame --binning-policy=hard --quantize-model=kmeans:seed=1:binbits=6 --merge-policy=none --cover-policy=off -Xgamma -Wgamma --diffusion=fs:scan=raster --gpu-policy=off --lookup-policy=none --palette-type=rgb -p 32 --snap-policy=nearest:timing=all:rate=1:channel_l=0.85 -o {devnull} {input}
85a2674e53a2d7b75c6944b5a87b04ee9ea182b1,macOS-26.5.1-arm64-arm-64bit,natural-snake,natural photograph,32,gamma,sRGB gamma,reversible-all,reversible / all / rate 1,True,reversible,all,1.0,0.85,9,0.07358566699258517,0.07276312500471249,0.07418716700340156,0.07251704199006781,0.07981520901375916,1.0117058605736073,{img2sixel} --threads=1 --precision=float32 --quality=full '--loaders=builtin!' --sampling-policy=full-frame --binning-policy=hard --quantize-model=kmeans:seed=1:binbits=6 --merge-policy=none --cover-policy=off -Xgamma -Wgamma --diffusion=fs:scan=raster --gpu-policy=off --lookup-policy=none --palette-type=rgb -p 32 --snap-policy=reversible:timing=all:rate=1:channel_l=0.85 -o {devnull} {input}
85a2674e53a2d7b75c6944b5a87b04ee9ea182b1,macOS-26.5.1-arm64-arm-64bit,natural-snake,natural photograph,32,linear,linear RGB,off,snap off,False,none,off,0.0,0.85,9,0.07471070799510926,0.07443362500634976,0.07523937500081956,0.07345704099861905,0.07619454199448228,1.0,{img2sixel} --threads=1 --precision=float32 --quality=full '--loaders=builtin!' --sampling-policy=full-frame --binning-policy=hard --quantize-model=kmeans:seed=1:binbits=6 --merge-policy=none --cover-policy=off -Xlinear -Wlinear --diffusion=fs:scan=raster --gpu-policy=off --lookup-policy=none --palette-type=rgb -p 32 --snap-policy=none -o {devnull} {input}
85a2674e53a2d7b75c6944b5a87b04ee9ea182b1,macOS-26.5.1-arm64-arm-64bit,natural-snake,natural photograph,32,linear,linear RGB,nearest-quarter,nearest / all / rate 0.25,True,nearest,all,0.25,0.85,9,0.07487520900031086,0.07441687499522232,0.07600883398845326,0.07287562500278,0.07764591599698178,1.0022018397310914,{img2sixel} --threads=1 --precision=float32 --quality=full '--loaders=builtin!' --sampling-policy=full-frame --binning-policy=hard --quantize-model=kmeans:seed=1:binbits=6 --merge-policy=none --cover-policy=off -Xlinear -Wlinear --diffusion=fs:scan=raster --gpu-policy=off --lookup-policy=none --palette-type=rgb -p 32 --snap-policy=nearest:timing=all:rate=0.25:channel_l=0.85 -o {devnull} {input}
85a2674e53a2d7b75c6944b5a87b04ee9ea182b1,macOS-26.5.1-arm64-arm-64bit,natural-snake,natural photograph,32,linear,linear RGB,nearest-once,nearest / once / rate 1,True,nearest,once,1.0,0.85,9,0.07518158400489483,0.07406308299687225,0.07573470799252391,0.07325383300485555,0.07734479098871816,1.0063026575764267,{img2sixel} --threads=1 --precision=float32 --quality=full '--loaders=builtin!' --sampling-policy=full-frame --binning-policy=hard --quantize-model=kmeans:seed=1:binbits=6 --merge-policy=none --cover-policy=off -Xlinear -Wlinear --diffusion=fs:scan=raster --gpu-policy=off --lookup-policy=none --palette-type=rgb -p 32 --snap-policy=nearest:timing=once:rate=1:channel_l=0.85 -o {devnull} {input}
85a2674e53a2d7b75c6944b5a87b04ee9ea182b1,macOS-26.5.1-arm64-arm-64bit,natural-snake,natural photograph,32,linear,linear RGB,nearest-all,nearest / all / rate 1,True,nearest,all,1.0,0.85,9,0.07397970800229814,0.07376199999998789,0.07520145800663158,0.07320583300315775,0.07606770801066887,0.9902155927519924,{img2sixel} --threads=1 --precision=float32 --quality=full '--loaders=builtin!' --sampling-policy=full-frame --binning-policy=hard --quantize-model=kmeans:seed=1:binbits=6 --merge-policy=none --cover-policy=off -Xlinear -Wlinear --diffusion=fs:scan=raster --gpu-policy=off --lookup-policy=none --palette-type=rgb -p 32 --snap-policy=nearest:timing=all:rate=1:channel_l=0.85 -o {devnull} {input}
85a2674e53a2d7b75c6944b5a87b04ee9ea182b1,macOS-26.5.1-arm64-arm-64bit,natural-snake,natural photograph,32,linear,linear RGB,reversible-all,reversible / all / rate 1,True,reversible,all,1.0,0.85,9,0.07517316700250376,0.07499716700112913,0.07608454099681694,0.07463050000660587,0.07889683298708405,1.0061899963178609,{img2sixel} --threads=1 --precision=float32 --quality=full '--loaders=builtin!' --sampling-policy=full-frame --binning-policy=hard --quantize-model=kmeans:seed=1:binbits=6 --merge-policy=none --cover-policy=off -Xlinear -Wlinear --diffusion=fs:scan=raster --gpu-policy=off --lookup-policy=none --palette-type=rgb -p 32 --snap-policy=reversible:timing=all:rate=1:channel_l=0.85 -o {devnull} {input}
85a2674e53a2d7b75c6944b5a87b04ee9ea182b1,macOS-26.5.1-arm64-arm-64bit,natural-snake,natural photograph,32,oklab,OKLab,off,snap off,False,none,off,0.0,0.85,9,0.07330212500528432,0.07319687500421423,0.07376079200184904,0.07080791699991096,0.0742819590086583,1.0,{img2sixel} --threads=1 --precision=float32 --quality=full '--loaders=builtin!' --sampling-policy=full-frame --binning-policy=hard --quantize-model=kmeans:seed=1:binbits=6 --merge-policy=none --cover-policy=off -Xoklab -Woklab --diffusion=fs:scan=raster --gpu-policy=off --lookup-policy=none --palette-type=rgb -p 32 --snap-policy=none -o {devnull} {input}
85a2674e53a2d7b75c6944b5a87b04ee9ea182b1,macOS-26.5.1-arm64-arm-64bit,natural-snake,natural photograph,32,oklab,OKLab,nearest-quarter,nearest / all / rate 0.25,True,nearest,all,0.25,0.85,9,0.07461354100087192,0.074488583006314,0.07506633299635723,0.07394037500489503,0.07661808299599215,1.0178905590457719,{img2sixel} --threads=1 --precision=float32 --quality=full '--loaders=builtin!' --sampling-policy=full-frame --binning-policy=hard --quantize-model=kmeans:seed=1:binbits=6 --merge-policy=none --cover-policy=off -Xoklab -Woklab --diffusion=fs:scan=raster --gpu-policy=off --lookup-policy=none --palette-type=rgb -p 32 --snap-policy=nearest:timing=all:rate=0.25:channel_l=0.85 -o {devnull} {input}
85a2674e53a2d7b75c6944b5a87b04ee9ea182b1,macOS-26.5.1-arm64-arm-64bit,natural-snake,natural photograph,32,oklab,OKLab,nearest-once,nearest / once / rate 1,True,nearest,once,1.0,0.85,9,0.07403791700198781,0.07358129200292751,0.07559387499350123,0.07217345800017938,0.07666170899756253,1.0100377989949192,{img2sixel} --threads=1 --precision=float32 --quality=full '--loaders=builtin!' --sampling-policy=full-frame --binning-policy=hard --quantize-model=kmeans:seed=1:binbits=6 --merge-policy=none --cover-policy=off -Xoklab -Woklab --diffusion=fs:scan=raster --gpu-policy=off --lookup-policy=none --palette-type=rgb -p 32 --snap-policy=nearest:timing=once:rate=1:channel_l=0.85 -o {devnull} {input}
85a2674e53a2d7b75c6944b5a87b04ee9ea182b1,macOS-26.5.1-arm64-arm-64bit,natural-snake,natural photograph,32,oklab,OKLab,nearest-all,nearest / all / rate 1,True,nearest,all,1.0,0.85,9,0.07418379200680647,0.07344887500221375,0.07456841600651387,0.07331183399946894,0.0771227499935776,1.0120278505085438,{img2sixel} --threads=1 --precision=float32 --quality=full '--loaders=builtin!' --sampling-policy=full-frame --binning-policy=hard --quantize-model=kmeans:seed=1:binbits=6 --merge-policy=none --cover-policy=off -Xoklab -Woklab --diffusion=fs:scan=raster --gpu-policy=off --lookup-policy=none --palette-type=rgb -p 32 --snap-policy=nearest:timing=all:rate=1:channel_l=0.85 -o {devnull} {input}
85a2674e53a2d7b75c6944b5a87b04ee9ea182b1,macOS-26.5.1-arm64-arm-64bit,natural-snake,natural photograph,32,oklab,OKLab,reversible-all,reversible / all / rate 1,True,reversible,all,1.0,0.85,9,0.0735594160069013,0.07280804199399427,0.07445658399956301,0.0720342920103576,0.07531575000029989,1.0035100074056302,{img2sixel} --threads=1 --precision=float32 --quality=full '--loaders=builtin!' --sampling-policy=full-frame --binning-policy=hard --quantize-model=kmeans:seed=1:binbits=6 --merge-policy=none --cover-policy=off -Xoklab -Woklab --diffusion=fs:scan=raster --gpu-policy=off --lookup-policy=none --palette-type=rgb -p 32 --snap-policy=reversible:timing=all:rate=1:channel_l=0.85 -o {devnull} {input}
85a2674e53a2d7b75c6944b5a87b04ee9ea182b1,macOS-26.5.1-arm64-arm-64bit,natural-snake,natural photograph,32,cielab,CIELAB,off,snap off,False,none,off,0.0,0.85,9,0.07521504099713638,0.07489150000037625,0.07600025000283495,0.07475129100203048,0.07657987500715535,1.0,{img2sixel} --threads=1 --precision=float32 --quality=full '--loaders=builtin!' --sampling-policy=full-frame --binning-policy=hard --quantize-model=kmeans:seed=1:binbits=6 --merge-policy=none --cover-policy=off -Xcielab -Wcielab --diffusion=fs:scan=raster --gpu-policy=off --lookup-policy=none --palette-type=rgb -p 32 --snap-policy=none -o {devnull} {input}
85a2674e53a2d7b75c6944b5a87b04ee9ea182b1,macOS-26.5.1-arm64-arm-64bit,natural-snake,natural photograph,32,cielab,CIELAB,nearest-quarter,nearest / all / rate 0.25,True,nearest,all,0.25,0.85,9,0.07466204099182505,0.07424033299321309,0.07638670901360456,0.07376800000201911,0.07713874999899417,0.9926477470731899,{img2sixel} --threads=1 --precision=float32 --quality=full '--loaders=builtin!' --sampling-policy=full-frame --binning-policy=hard --quantize-model=kmeans:seed=1:binbits=6 --merge-policy=none --cover-policy=off -Xcielab -Wcielab --diffusion=fs:scan=raster --gpu-policy=off --lookup-policy=none --palette-type=rgb -p 32 --snap-policy=nearest:timing=all:rate=0.25:channel_l=0.85 -o {devnull} {input}
85a2674e53a2d7b75c6944b5a87b04ee9ea182b1,macOS-26.5.1-arm64-arm-64bit,natural-snake,natural photograph,32,cielab,CIELAB,nearest-once,nearest / once / rate 1,True,nearest,once,1.0,0.85,9,0.07466637500328943,0.07444841699907556,0.07550687500042841,0.07422945799771696,0.07586124999215826,0.9927053686792799,{img2sixel} --threads=1 --precision=float32 --quality=full '--loaders=builtin!' --sampling-policy=full-frame --binning-policy=hard --quantize-model=kmeans:seed=1:binbits=6 --merge-policy=none --cover-policy=off -Xcielab -Wcielab --diffusion=fs:scan=raster --gpu-policy=off --lookup-policy=none --palette-type=rgb -p 32 --snap-policy=nearest:timing=once:rate=1:channel_l=0.85 -o {devnull} {input}
85a2674e53a2d7b75c6944b5a87b04ee9ea182b1,macOS-26.5.1-arm64-arm-64bit,natural-snake,natural photograph,32,cielab,CIELAB,nearest-all,nearest / all / rate 1,True,nearest,all,1.0,0.85,9,0.07553295799880289,0.07414516700373497,0.07594712500576861,0.0732825419981964,0.0780980840063421,1.0042267742921074,{img2sixel} --threads=1 --precision=float32 --quality=full '--loaders=builtin!' --sampling-policy=full-frame --binning-policy=hard --quantize-model=kmeans:seed=1:binbits=6 --merge-policy=none --cover-policy=off -Xcielab -Wcielab --diffusion=fs:scan=raster --gpu-policy=off --lookup-policy=none --palette-type=rgb -p 32 --snap-policy=nearest:timing=all:rate=1:channel_l=0.85 -o {devnull} {input}
85a2674e53a2d7b75c6944b5a87b04ee9ea182b1,macOS-26.5.1-arm64-arm-64bit,natural-snake,natural photograph,32,cielab,CIELAB,reversible-all,reversible / all / rate 1,True,reversible,all,1.0,0.85,9,0.07435966699267738,0.0738071670057252,0.07494554099685047,0.0721414160070708,0.07573770798626356,0.9886276203121185,{img2sixel} --threads=1 --precision=float32 --quality=full '--loaders=builtin!' --sampling-policy=full-frame --binning-policy=hard --quantize-model=kmeans:seed=1:binbits=6 --merge-policy=none --cover-policy=off -Xcielab -Wcielab --diffusion=fs:scan=raster --gpu-policy=off --lookup-policy=none --palette-type=rgb -p 32 --snap-policy=reversible:timing=all:rate=1:channel_l=0.85 -o {devnull} {input}
85a2674e53a2d7b75c6944b5a87b04ee9ea182b1,macOS-26.5.1-arm64-arm-64bit,natural-snake,natural photograph,32,din99d,DIN99d,off,snap off,False,none,off,0.0,0.85,9,0.08775520899507683,0.08659308399364818,0.08791254099924117,0.0857737499900395,0.08886279200669378,1.0,{img2sixel} --threads=1 --precision=float32 --quality=full '--loaders=builtin!' --sampling-policy=full-frame --binning-policy=hard --quantize-model=kmeans:seed=1:binbits=6 --merge-policy=none --cover-policy=off -Xdin99d -Wdin99d --diffusion=fs:scan=raster --gpu-policy=off --lookup-policy=none --palette-type=rgb -p 32 --snap-policy=none -o {devnull} {input}
85a2674e53a2d7b75c6944b5a87b04ee9ea182b1,macOS-26.5.1-arm64-arm-64bit,natural-snake,natural photograph,32,din99d,DIN99d,nearest-quarter,nearest / all / rate 0.25,True,nearest,all,0.25,0.85,9,0.08933433299534954,0.08834037500491831,0.08949612500146031,0.08642599999438971,0.09157312499883119,1.0179946469087813,{img2sixel} --threads=1 --precision=float32 --quality=full '--loaders=builtin!' --sampling-policy=full-frame --binning-policy=hard --quantize-model=kmeans:seed=1:binbits=6 --merge-policy=none --cover-policy=off -Xdin99d -Wdin99d --diffusion=fs:scan=raster --gpu-policy=off --lookup-policy=none --palette-type=rgb -p 32 --snap-policy=nearest:timing=all:rate=0.25:channel_l=0.85 -o {devnull} {input}
85a2674e53a2d7b75c6944b5a87b04ee9ea182b1,macOS-26.5.1-arm64-arm-64bit,natural-snake,natural photograph,32,din99d,DIN99d,nearest-once,nearest / once / rate 1,True,nearest,once,1.0,0.85,9,0.08677900000475347,0.08666441698733252,0.08788233400264289,0.08521287499752361,0.09020004198828246,0.9888757715752449,{img2sixel} --threads=1 --precision=float32 --quality=full '--loaders=builtin!' --sampling-policy=full-frame --binning-policy=hard --quantize-model=kmeans:seed=1:binbits=6 --merge-policy=none --cover-policy=off -Xdin99d -Wdin99d --diffusion=fs:scan=raster --gpu-policy=off --lookup-policy=none --palette-type=rgb -p 32 --snap-policy=nearest:timing=once:rate=1:channel_l=0.85 -o {devnull} {input}
85a2674e53a2d7b75c6944b5a87b04ee9ea182b1,macOS-26.5.1-arm64-arm-64bit,natural-snake,natural photograph,32,din99d,DIN99d,nearest-all,nearest / all / rate 1,True,nearest,all,1.0,0.85,9,0.08904362500470597,0.0885253339947667,0.08933654200518504,0.08767945900035556,0.09546758299984504,1.014681931983108,{img2sixel} --threads=1 --precision=float32 --quality=full '--loaders=builtin!' --sampling-policy=full-frame --binning-policy=hard --quantize-model=kmeans:seed=1:binbits=6 --merge-policy=none --cover-policy=off -Xdin99d -Wdin99d --diffusion=fs:scan=raster --gpu-policy=off --lookup-policy=none --palette-type=rgb -p 32 --snap-policy=nearest:timing=all:rate=1:channel_l=0.85 -o {devnull} {input}
85a2674e53a2d7b75c6944b5a87b04ee9ea182b1,macOS-26.5.1-arm64-arm-64bit,natural-snake,natural photograph,32,din99d,DIN99d,reversible-all,reversible / all / rate 1,True,reversible,all,1.0,0.85,9,0.08871512500627432,0.08749029200407676,0.08978199999546632,0.08719824999570847,0.09084699999948498,1.0109385644703022,{img2sixel} --threads=1 --precision=float32 --quality=full '--loaders=builtin!' --sampling-policy=full-frame --binning-policy=hard --quantize-model=kmeans:seed=1:binbits=6 --merge-policy=none --cover-policy=off -Xdin99d -Wdin99d --diffusion=fs:scan=raster --gpu-policy=off --lookup-policy=none --palette-type=rgb -p 32 --snap-policy=reversible:timing=all:rate=1:channel_l=0.85 -o {devnull} {input}
85a2674e53a2d7b75c6944b5a87b04ee9ea182b1,macOS-26.5.1-arm64-arm-64bit,natural-snake,natural photograph,64,gamma,sRGB gamma,off,snap off,False,none,off,0.0,0.85,9,0.09530029101006221,0.09463916700042319,0.09541879199969117,0.09328745800303295,0.09848954199696891,1.0,{img2sixel} --threads=1 --precision=float32 --quality=full '--loaders=builtin!' --sampling-policy=full-frame --binning-policy=hard --quantize-model=kmeans:seed=1:binbits=6 --merge-policy=none --cover-policy=off -Xgamma -Wgamma --diffusion=fs:scan=raster --gpu-policy=off --lookup-policy=none --palette-type=rgb -p 64 --snap-policy=none -o {devnull} {input}
85a2674e53a2d7b75c6944b5a87b04ee9ea182b1,macOS-26.5.1-arm64-arm-64bit,natural-snake,natural photograph,64,gamma,sRGB gamma,nearest-quarter,nearest / all / rate 0.25,True,nearest,all,0.25,0.85,9,0.09650433399656322,0.09517250000499189,0.09685520798666403,0.09478474999195896,0.09705925000889692,1.0126342005227862,{img2sixel} --threads=1 --precision=float32 --quality=full '--loaders=builtin!' --sampling-policy=full-frame --binning-policy=hard --quantize-model=kmeans:seed=1:binbits=6 --merge-policy=none --cover-policy=off -Xgamma -Wgamma --diffusion=fs:scan=raster --gpu-policy=off --lookup-policy=none --palette-type=rgb -p 64 --snap-policy=nearest:timing=all:rate=0.25:channel_l=0.85 -o {devnull} {input}
85a2674e53a2d7b75c6944b5a87b04ee9ea182b1,macOS-26.5.1-arm64-arm-64bit,natural-snake,natural photograph,64,gamma,sRGB gamma,nearest-once,nearest / once / rate 1,True,nearest,once,1.0,0.85,9,0.09566900000208989,0.09525358400424011,0.09617520800384227,0.09435237500292715,0.09651945899531711,1.0038689177978348,{img2sixel} --threads=1 --precision=float32 --quality=full '--loaders=builtin!' --sampling-policy=full-frame --binning-policy=hard --quantize-model=kmeans:seed=1:binbits=6 --merge-policy=none --cover-policy=off -Xgamma -Wgamma --diffusion=fs:scan=raster --gpu-policy=off --lookup-policy=none --palette-type=rgb -p 64 --snap-policy=nearest:timing=once:rate=1:channel_l=0.85 -o {devnull} {input}
85a2674e53a2d7b75c6944b5a87b04ee9ea182b1,macOS-26.5.1-arm64-arm-64bit,natural-snake,natural photograph,64,gamma,sRGB gamma,nearest-all,nearest / all / rate 1,True,nearest,all,1.0,0.85,9,0.09574033299577422,0.09481754200533032,0.09590104098606389,0.0925989999959711,0.09677458400256,1.0046174254144256,{img2sixel} --threads=1 --precision=float32 --quality=full '--loaders=builtin!' --sampling-policy=full-frame --binning-policy=hard --quantize-model=kmeans:seed=1:binbits=6 --merge-policy=none --cover-policy=off -Xgamma -Wgamma --diffusion=fs:scan=raster --gpu-policy=off --lookup-policy=none --palette-type=rgb -p 64 --snap-policy=nearest:timing=all:rate=1:channel_l=0.85 -o {devnull} {input}
85a2674e53a2d7b75c6944b5a87b04ee9ea182b1,macOS-26.5.1-arm64-arm-64bit,natural-snake,natural photograph,64,gamma,sRGB gamma,reversible-all,reversible / all / rate 1,True,reversible,all,1.0,0.85,9,0.09340362499642652,0.09219862500322051,0.09377833399048541,0.09174895900650881,0.09412070899270475,0.9800980039668983,{img2sixel} --threads=1 --precision=float32 --quality=full '--loaders=builtin!' --sampling-policy=full-frame --binning-policy=hard --quantize-model=kmeans:seed=1:binbits=6 --merge-policy=none --cover-policy=off -Xgamma -Wgamma --diffusion=fs:scan=raster --gpu-policy=off --lookup-policy=none --palette-type=rgb -p 64 --snap-policy=reversible:timing=all:rate=1:channel_l=0.85 -o {devnull} {input}
85a2674e53a2d7b75c6944b5a87b04ee9ea182b1,macOS-26.5.1-arm64-arm-64bit,natural-snake,natural photograph,64,linear,linear RGB,off,snap off,False,none,off,0.0,0.85,9,0.095127542008413,0.0948424999951385,0.09607529100321699,0.09388720800052397,0.0975584580010036,1.0,{img2sixel} --threads=1 --precision=float32 --quality=full '--loaders=builtin!' --sampling-policy=full-frame --binning-policy=hard --quantize-model=kmeans:seed=1:binbits=6 --merge-policy=none --cover-policy=off -Xlinear -Wlinear --diffusion=fs:scan=raster --gpu-policy=off --lookup-policy=none --palette-type=rgb -p 64 --snap-policy=none -o {devnull} {input}
85a2674e53a2d7b75c6944b5a87b04ee9ea182b1,macOS-26.5.1-arm64-arm-64bit,natural-snake,natural photograph,64,linear,linear RGB,nearest-quarter,nearest / all / rate 0.25,True,nearest,all,0.25,0.85,9,0.09854133299086243,0.09795641699747648,0.09943520899105351,0.09582479200616945,0.10167929199815262,1.035886462641361,{img2sixel} --threads=1 --precision=float32 --quality=full '--loaders=builtin!' --sampling-policy=full-frame --binning-policy=hard --quantize-model=kmeans:seed=1:binbits=6 --merge-policy=none --cover-policy=off -Xlinear -Wlinear --diffusion=fs:scan=raster --gpu-policy=off --lookup-policy=none --palette-type=rgb -p 64 --snap-policy=nearest:timing=all:rate=0.25:channel_l=0.85 -o {devnull} {input}
85a2674e53a2d7b75c6944b5a87b04ee9ea182b1,macOS-26.5.1-arm64-arm-64bit,natural-snake,natural photograph,64,linear,linear RGB,nearest-once,nearest / once / rate 1,True,nearest,once,1.0,0.85,9,0.09673174998897593,0.09664170899486635,0.09709362499415874,0.09553591700387187,0.09887445799540728,1.0168637593981042,{img2sixel} --threads=1 --precision=float32 --quality=full '--loaders=builtin!' --sampling-policy=full-frame --binning-policy=hard --quantize-model=kmeans:seed=1:binbits=6 --merge-policy=none --cover-policy=off -Xlinear -Wlinear --diffusion=fs:scan=raster --gpu-policy=off --lookup-policy=none --palette-type=rgb -p 64 --snap-policy=nearest:timing=once:rate=1:channel_l=0.85 -o {devnull} {input}
85a2674e53a2d7b75c6944b5a87b04ee9ea182b1,macOS-26.5.1-arm64-arm-64bit,natural-snake,natural photograph,64,linear,linear RGB,nearest-all,nearest / all / rate 1,True,nearest,all,1.0,0.85,9,0.09672391600906849,0.09590600000228733,0.09769179100112524,0.09544812499370892,0.09815708300448023,1.0167814070136945,{img2sixel} --threads=1 --precision=float32 --quality=full '--loaders=builtin!' --sampling-policy=full-frame --binning-policy=hard --quantize-model=kmeans:seed=1:binbits=6 --merge-policy=none --cover-policy=off -Xlinear -Wlinear --diffusion=fs:scan=raster --gpu-policy=off --lookup-policy=none --palette-type=rgb -p 64 --snap-policy=nearest:timing=all:rate=1:channel_l=0.85 -o {devnull} {input}
85a2674e53a2d7b75c6944b5a87b04ee9ea182b1,macOS-26.5.1-arm64-arm-64bit,natural-snake,natural photograph,64,linear,linear RGB,reversible-all,reversible / all / rate 1,True,reversible,all,1.0,0.85,9,0.0976850829902105,0.0968842079892056,0.09778220900625456,0.09620554200955667,0.09895562499877997,1.026885389108144,{img2sixel} --threads=1 --precision=float32 --quality=full '--loaders=builtin!' --sampling-policy=full-frame --binning-policy=hard --quantize-model=kmeans:seed=1:binbits=6 --merge-policy=none --cover-policy=off -Xlinear -Wlinear --diffusion=fs:scan=raster --gpu-policy=off --lookup-policy=none --palette-type=rgb -p 64 --snap-policy=reversible:timing=all:rate=1:channel_l=0.85 -o {devnull} {input}
85a2674e53a2d7b75c6944b5a87b04ee9ea182b1,macOS-26.5.1-arm64-arm-64bit,natural-snake,natural photograph,64,oklab,OKLab,off,snap off,False,none,off,0.0,0.85,9,0.0905967089929618,0.09024162500281818,0.09127029099909123,0.08942354199825786,0.09225966699887067,1.0,{img2sixel} --threads=1 --precision=float32 --quality=full '--loaders=builtin!' --sampling-policy=full-frame --binning-policy=hard --quantize-model=kmeans:seed=1:binbits=6 --merge-policy=none --cover-policy=off -Xoklab -Woklab --diffusion=fs:scan=raster --gpu-policy=off --lookup-policy=none --palette-type=rgb -p 64 --snap-policy=none -o {devnull} {input}
85a2674e53a2d7b75c6944b5a87b04ee9ea182b1,macOS-26.5.1-arm64-arm-64bit,natural-snake,natural photograph,64,oklab,OKLab,nearest-quarter,nearest / all / rate 0.25,True,nearest,all,0.25,0.85,9,0.09179762499115895,0.09148791700135916,0.09224583298782818,0.08993733298848383,0.09330066600523423,1.0132556249729827,{img2sixel} --threads=1 --precision=float32 --quality=full '--loaders=builtin!' --sampling-policy=full-frame --binning-policy=hard --quantize-model=kmeans:seed=1:binbits=6 --merge-policy=none --cover-policy=off -Xoklab -Woklab --diffusion=fs:scan=raster --gpu-policy=off --lookup-policy=none --palette-type=rgb -p 64 --snap-policy=nearest:timing=all:rate=0.25:channel_l=0.85 -o {devnull} {input}
85a2674e53a2d7b75c6944b5a87b04ee9ea182b1,macOS-26.5.1-arm64-arm-64bit,natural-snake,natural photograph,64,oklab,OKLab,nearest-once,nearest / once / rate 1,True,nearest,once,1.0,0.85,9,0.09017570900323335,0.0894228329998441,0.09139108398812823,0.08910745799948927,0.09159604199521709,0.9953530321972165,{img2sixel} --threads=1 --precision=float32 --quality=full '--loaders=builtin!' --sampling-policy=full-frame --binning-policy=hard --quantize-model=kmeans:seed=1:binbits=6 --merge-policy=none --cover-policy=off -Xoklab -Woklab --diffusion=fs:scan=raster --gpu-policy=off --lookup-policy=none --palette-type=rgb -p 64 --snap-policy=nearest:timing=once:rate=1:channel_l=0.85 -o {devnull} {input}
85a2674e53a2d7b75c6944b5a87b04ee9ea182b1,macOS-26.5.1-arm64-arm-64bit,natural-snake,natural photograph,64,oklab,OKLab,nearest-all,nearest / all / rate 1,True,nearest,all,1.0,0.85,9,0.09150729101384059,0.09112108399858698,0.09238858299795538,0.09100879200559575,0.10432562499772757,1.010050939278043,{img2sixel} --threads=1 --precision=float32 --quality=full '--loaders=builtin!' --sampling-policy=full-frame --binning-policy=hard --quantize-model=kmeans:seed=1:binbits=6 --merge-policy=none --cover-policy=off -Xoklab -Woklab --diffusion=fs:scan=raster --gpu-policy=off --lookup-policy=none --palette-type=rgb -p 64 --snap-policy=nearest:timing=all:rate=1:channel_l=0.85 -o {devnull} {input}
85a2674e53a2d7b75c6944b5a87b04ee9ea182b1,macOS-26.5.1-arm64-arm-64bit,natural-snake,natural photograph,64,oklab,OKLab,reversible-all,reversible / all / rate 1,True,reversible,all,1.0,0.85,9,0.09186329199292231,0.09150516700174194,0.09260445799736772,0.09042379099992104,0.10305208399950061,1.0139804526460108,{img2sixel} --threads=1 --precision=float32 --quality=full '--loaders=builtin!' --sampling-policy=full-frame --binning-policy=hard --quantize-model=kmeans:seed=1:binbits=6 --merge-policy=none --cover-policy=off -Xoklab -Woklab --diffusion=fs:scan=raster --gpu-policy=off --lookup-policy=none --palette-type=rgb -p 64 --snap-policy=reversible:timing=all:rate=1:channel_l=0.85 -o {devnull} {input}
85a2674e53a2d7b75c6944b5a87b04ee9ea182b1,macOS-26.5.1-arm64-arm-64bit,natural-snake,natural photograph,64,cielab,CIELAB,off,snap off,False,none,off,0.0,0.85,9,0.09249804200953804,0.0918167500058189,0.0937289159919601,0.09128599999530707,0.10174983300385065,1.0,{img2sixel} --threads=1 --precision=float32 --quality=full '--loaders=builtin!' --sampling-policy=full-frame --binning-policy=hard --quantize-model=kmeans:seed=1:binbits=6 --merge-policy=none --cover-policy=off -Xcielab -Wcielab --diffusion=fs:scan=raster --gpu-policy=off --lookup-policy=none --palette-type=rgb -p 64 --snap-policy=none -o {devnull} {input}
85a2674e53a2d7b75c6944b5a87b04ee9ea182b1,macOS-26.5.1-arm64-arm-64bit,natural-snake,natural photograph,64,cielab,CIELAB,nearest-quarter,nearest / all / rate 0.25,True,nearest,all,0.25,0.85,9,0.09385999999358319,0.09280695799679961,0.0943947079940699,0.09263341600308195,0.09602845800691284,1.0147241817713797,{img2sixel} --threads=1 --precision=float32 --quality=full '--loaders=builtin!' --sampling-policy=full-frame --binning-policy=hard --quantize-model=kmeans:seed=1:binbits=6 --merge-policy=none --cover-policy=off -Xcielab -Wcielab --diffusion=fs:scan=raster --gpu-policy=off --lookup-policy=none --palette-type=rgb -p 64 --snap-policy=nearest:timing=all:rate=0.25:channel_l=0.85 -o {devnull} {input}
85a2674e53a2d7b75c6944b5a87b04ee9ea182b1,macOS-26.5.1-arm64-arm-64bit,natural-snake,natural photograph,64,cielab,CIELAB,nearest-once,nearest / once / rate 1,True,nearest,once,1.0,0.85,9,0.09151170900440775,0.09119808299874421,0.09263320799800567,0.0908775000134483,0.096222417007084,0.9893367147703669,{img2sixel} --threads=1 --precision=float32 --quality=full '--loaders=builtin!' --sampling-policy=full-frame --binning-policy=hard --quantize-model=kmeans:seed=1:binbits=6 --merge-policy=none --cover-policy=off -Xcielab -Wcielab --diffusion=fs:scan=raster --gpu-policy=off --lookup-policy=none --palette-type=rgb -p 64 --snap-policy=nearest:timing=once:rate=1:channel_l=0.85 -o {devnull} {input}
85a2674e53a2d7b75c6944b5a87b04ee9ea182b1,macOS-26.5.1-arm64-arm-64bit,natural-snake,natural photograph,64,cielab,CIELAB,nearest-all,nearest / all / rate 1,True,nearest,all,1.0,0.85,9,0.09454845800064504,0.09374004098935984,0.0947727919992758,0.09228683299443219,0.09540308399300557,1.0221671285852254,{img2sixel} --threads=1 --precision=float32 --quality=full '--loaders=builtin!' --sampling-policy=full-frame --binning-policy=hard --quantize-model=kmeans:seed=1:binbits=6 --merge-policy=none --cover-policy=off -Xcielab -Wcielab --diffusion=fs:scan=raster --gpu-policy=off --lookup-policy=none --palette-type=rgb -p 64 --snap-policy=nearest:timing=all:rate=1:channel_l=0.85 -o {devnull} {input}
85a2674e53a2d7b75c6944b5a87b04ee9ea182b1,macOS-26.5.1-arm64-arm-64bit,natural-snake,natural photograph,64,cielab,CIELAB,reversible-all,reversible / all / rate 1,True,reversible,all,1.0,0.85,9,0.09198629199818242,0.09093912498792633,0.0923512919980567,0.09047037499840371,0.09369824999885168,0.9944674503347558,{img2sixel} --threads=1 --precision=float32 --quality=full '--loaders=builtin!' --sampling-policy=full-frame --binning-policy=hard --quantize-model=kmeans:seed=1:binbits=6 --merge-policy=none --cover-policy=off -Xcielab -Wcielab --diffusion=fs:scan=raster --gpu-policy=off --lookup-policy=none --palette-type=rgb -p 64 --snap-policy=reversible:timing=all:rate=1:channel_l=0.85 -o {devnull} {input}
85a2674e53a2d7b75c6944b5a87b04ee9ea182b1,macOS-26.5.1-arm64-arm-64bit,natural-snake,natural photograph,64,din99d,DIN99d,off,snap off,False,none,off,0.0,0.85,9,0.10620379199099261,0.10515566600952297,0.10693850000097882,0.10464958399825264,0.1087280829960946,1.0,{img2sixel} --threads=1 --precision=float32 --quality=full '--loaders=builtin!' --sampling-policy=full-frame --binning-policy=hard --quantize-model=kmeans:seed=1:binbits=6 --merge-policy=none --cover-policy=off -Xdin99d -Wdin99d --diffusion=fs:scan=raster --gpu-policy=off --lookup-policy=none --palette-type=rgb -p 64 --snap-policy=none -o {devnull} {input}
85a2674e53a2d7b75c6944b5a87b04ee9ea182b1,macOS-26.5.1-arm64-arm-64bit,natural-snake,natural photograph,64,din99d,DIN99d,nearest-quarter,nearest / all / rate 0.25,True,nearest,all,0.25,0.85,9,0.10939937499642838,0.10872720899351407,0.10950508300447837,0.1083458749926649,0.11011708300793543,1.030089161088587,{img2sixel} --threads=1 --precision=float32 --quality=full '--loaders=builtin!' --sampling-policy=full-frame --binning-policy=hard --quantize-model=kmeans:seed=1:binbits=6 --merge-policy=none --cover-policy=off -Xdin99d -Wdin99d --diffusion=fs:scan=raster --gpu-policy=off --lookup-policy=none --palette-type=rgb -p 64 --snap-policy=nearest:timing=all:rate=0.25:channel_l=0.85 -o {devnull} {input}
85a2674e53a2d7b75c6944b5a87b04ee9ea182b1,macOS-26.5.1-arm64-arm-64bit,natural-snake,natural photograph,64,din99d,DIN99d,nearest-once,nearest / once / rate 1,True,nearest,once,1.0,0.85,9,0.10652820899849758,0.1060214589961106,0.10739508300321177,0.1046608339966042,0.10783300000184681,1.003054665011702,{img2sixel} --threads=1 --precision=float32 --quality=full '--loaders=builtin!' --sampling-policy=full-frame --binning-policy=hard --quantize-model=kmeans:seed=1:binbits=6 --merge-policy=none --cover-policy=off -Xdin99d -Wdin99d --diffusion=fs:scan=raster --gpu-policy=off --lookup-policy=none --palette-type=rgb -p 64 --snap-policy=nearest:timing=once:rate=1:channel_l=0.85 -o {devnull} {input}
85a2674e53a2d7b75c6944b5a87b04ee9ea182b1,macOS-26.5.1-arm64-arm-64bit,natural-snake,natural photograph,64,din99d,DIN99d,nearest-all,nearest / all / rate 1,True,nearest,all,1.0,0.85,9,0.10980612499406561,0.10865387500962242,0.11059462500270456,0.10701816700748168,0.1108557919942541,1.0339190619801835,{img2sixel} --threads=1 --precision=float32 --quality=full '--loaders=builtin!' --sampling-policy=full-frame --binning-policy=hard --quantize-model=kmeans:seed=1:binbits=6 --merge-policy=none --cover-policy=off -Xdin99d -Wdin99d --diffusion=fs:scan=raster --gpu-policy=off --lookup-policy=none --palette-type=rgb -p 64 --snap-policy=nearest:timing=all:rate=1:channel_l=0.85 -o {devnull} {input}
85a2674e53a2d7b75c6944b5a87b04ee9ea182b1,macOS-26.5.1-arm64-arm-64bit,natural-snake,natural photograph,64,din99d,DIN99d,reversible-all,reversible / all / rate 1,True,reversible,all,1.0,0.85,9,0.10689512500539422,0.1059839999943506,0.10703983300481923,0.10562075000780169,0.10815225000260398,1.0065094946370676,{img2sixel} --threads=1 --precision=float32 --quality=full '--loaders=builtin!' --sampling-policy=full-frame --binning-policy=hard --quantize-model=kmeans:seed=1:binbits=6 --merge-policy=none --cover-policy=off -Xdin99d -Wdin99d --diffusion=fs:scan=raster --gpu-policy=off --lookup-policy=none --palette-type=rgb -p 64 --snap-policy=reversible:timing=all:rate=1:channel_l=0.85 -o {devnull} {input}
85a2674e53a2d7b75c6944b5a87b04ee9ea182b1,macOS-26.5.1-arm64-arm-64bit,natural-snake,natural photograph,128,gamma,sRGB gamma,off,snap off,False,none,off,0.0,0.85,9,0.14494312500755768,0.1428462090116227,0.14671120900311507,0.14050045800104272,0.16261904200655408,1.0,{img2sixel} --threads=1 --precision=float32 --quality=full '--loaders=builtin!' --sampling-policy=full-frame --binning-policy=hard --quantize-model=kmeans:seed=1:binbits=6 --merge-policy=none --cover-policy=off -Xgamma -Wgamma --diffusion=fs:scan=raster --gpu-policy=off --lookup-policy=none --palette-type=rgb -p 128 --snap-policy=none -o {devnull} {input}
85a2674e53a2d7b75c6944b5a87b04ee9ea182b1,macOS-26.5.1-arm64-arm-64bit,natural-snake,natural photograph,128,gamma,sRGB gamma,nearest-quarter,nearest / all / rate 0.25,True,nearest,all,0.25,0.85,9,0.14480604100390337,0.14290966700355057,0.14672483400499914,0.1418850409972947,0.1605826659942977,0.9990542221050694,{img2sixel} --threads=1 --precision=float32 --quality=full '--loaders=builtin!' --sampling-policy=full-frame --binning-policy=hard --quantize-model=kmeans:seed=1:binbits=6 --merge-policy=none --cover-policy=off -Xgamma -Wgamma --diffusion=fs:scan=raster --gpu-policy=off --lookup-policy=none --palette-type=rgb -p 128 --snap-policy=nearest:timing=all:rate=0.25:channel_l=0.85 -o {devnull} {input}
85a2674e53a2d7b75c6944b5a87b04ee9ea182b1,macOS-26.5.1-arm64-arm-64bit,natural-snake,natural photograph,128,gamma,sRGB gamma,nearest-once,nearest / once / rate 1,True,nearest,once,1.0,0.85,9,0.14458212499448564,0.14228225000260863,0.14478237499133684,0.13995037499989849,0.14701583399437368,0.9975093678085579,{img2sixel} --threads=1 --precision=float32 --quality=full '--loaders=builtin!' --sampling-policy=full-frame --binning-policy=hard --quantize-model=kmeans:seed=1:binbits=6 --merge-policy=none --cover-policy=off -Xgamma -Wgamma --diffusion=fs:scan=raster --gpu-policy=off --lookup-policy=none --palette-type=rgb -p 128 --snap-policy=nearest:timing=once:rate=1:channel_l=0.85 -o {devnull} {input}
85a2674e53a2d7b75c6944b5a87b04ee9ea182b1,macOS-26.5.1-arm64-arm-64bit,natural-snake,natural photograph,128,gamma,sRGB gamma,nearest-all,nearest / all / rate 1,True,nearest,all,1.0,0.85,9,0.14835149999998976,0.14631229199585505,0.14909412500855979,0.1430323749955278,0.1501623749936698,1.0235152580866071,{img2sixel} --threads=1 --precision=float32 --quality=full '--loaders=builtin!' --sampling-policy=full-frame --binning-policy=hard --quantize-model=kmeans:seed=1:binbits=6 --merge-policy=none --cover-policy=off -Xgamma -Wgamma --diffusion=fs:scan=raster --gpu-policy=off --lookup-policy=none --palette-type=rgb -p 128 --snap-policy=nearest:timing=all:rate=1:channel_l=0.85 -o {devnull} {input}
85a2674e53a2d7b75c6944b5a87b04ee9ea182b1,macOS-26.5.1-arm64-arm-64bit,natural-snake,natural photograph,128,gamma,sRGB gamma,reversible-all,reversible / all / rate 1,True,reversible,all,1.0,0.85,9,0.1410429160023341,0.1398025419912301,0.14180558299995027,0.13775654100754764,0.14313516700349282,0.9730914522160314,{img2sixel} --threads=1 --precision=float32 --quality=full '--loaders=builtin!' --sampling-policy=full-frame --binning-policy=hard --quantize-model=kmeans:seed=1:binbits=6 --merge-policy=none --cover-policy=off -Xgamma -Wgamma --diffusion=fs:scan=raster --gpu-policy=off --lookup-policy=none --palette-type=rgb -p 128 --snap-policy=reversible:timing=all:rate=1:channel_l=0.85 -o {devnull} {input}
85a2674e53a2d7b75c6944b5a87b04ee9ea182b1,macOS-26.5.1-arm64-arm-64bit,natural-snake,natural photograph,128,linear,linear RGB,off,snap off,False,none,off,0.0,0.85,9,0.13399804099753965,0.1338202079932671,0.13524170900927857,0.13117104199773166,0.13830087499809451,1.0,{img2sixel} --threads=1 --precision=float32 --quality=full '--loaders=builtin!' --sampling-policy=full-frame --binning-policy=hard --quantize-model=kmeans:seed=1:binbits=6 --merge-policy=none --cover-policy=off -Xlinear -Wlinear --diffusion=fs:scan=raster --gpu-policy=off --lookup-policy=none --palette-type=rgb -p 128 --snap-policy=none -o {devnull} {input}
85a2674e53a2d7b75c6944b5a87b04ee9ea182b1,macOS-26.5.1-arm64-arm-64bit,natural-snake,natural photograph,128,linear,linear RGB,nearest-quarter,nearest / all / rate 0.25,True,nearest,all,0.25,0.85,9,0.13727858300262596,0.1366520000010496,0.1382627080020029,0.13580837499466725,0.14558920900162775,1.0244820146672633,{img2sixel} --threads=1 --precision=float32 --quality=full '--loaders=builtin!' --sampling-policy=full-frame --binning-policy=hard --quantize-model=kmeans:seed=1:binbits=6 --merge-policy=none --cover-policy=off -Xlinear -Wlinear --diffusion=fs:scan=raster --gpu-policy=off --lookup-policy=none --palette-type=rgb -p 128 --snap-policy=nearest:timing=all:rate=0.25:channel_l=0.85 -o {devnull} {input}
85a2674e53a2d7b75c6944b5a87b04ee9ea182b1,macOS-26.5.1-arm64-arm-64bit,natural-snake,natural photograph,128,linear,linear RGB,nearest-once,nearest / once / rate 1,True,nearest,once,1.0,0.85,9,0.13433291600085795,0.1326508750062203,0.1361216249933932,0.13172029200359248,0.14005162501416635,1.0024991037243929,{img2sixel} --threads=1 --precision=float32 --quality=full '--loaders=builtin!' --sampling-policy=full-frame --binning-policy=hard --quantize-model=kmeans:seed=1:binbits=6 --merge-policy=none --cover-policy=off -Xlinear -Wlinear --diffusion=fs:scan=raster --gpu-policy=off --lookup-policy=none --palette-type=rgb -p 128 --snap-policy=nearest:timing=once:rate=1:channel_l=0.85 -o {devnull} {input}
85a2674e53a2d7b75c6944b5a87b04ee9ea182b1,macOS-26.5.1-arm64-arm-64bit,natural-snake,natural photograph,128,linear,linear RGB,nearest-all,nearest / all / rate 1,True,nearest,all,1.0,0.85,9,0.13104766600008588,0.1309753749956144,0.1318371250090422,0.1290958750032587,0.1344155410042731,0.9779819542473167,{img2sixel} --threads=1 --precision=float32 --quality=full '--loaders=builtin!' --sampling-policy=full-frame --binning-policy=hard --quantize-model=kmeans:seed=1:binbits=6 --merge-policy=none --cover-policy=off -Xlinear -Wlinear --diffusion=fs:scan=raster --gpu-policy=off --lookup-policy=none --palette-type=rgb -p 128 --snap-policy=nearest:timing=all:rate=1:channel_l=0.85 -o {devnull} {input}
85a2674e53a2d7b75c6944b5a87b04ee9ea182b1,macOS-26.5.1-arm64-arm-64bit,natural-snake,natural photograph,128,linear,linear RGB,reversible-all,reversible / all / rate 1,True,reversible,all,1.0,0.85,9,0.13027300000248943,0.12895700000808574,0.13142787500692066,0.12859204200503882,0.13282429199898615,0.9722007801955954,{img2sixel} --threads=1 --precision=float32 --quality=full '--loaders=builtin!' --sampling-policy=full-frame --binning-policy=hard --quantize-model=kmeans:seed=1:binbits=6 --merge-policy=none --cover-policy=off -Xlinear -Wlinear --diffusion=fs:scan=raster --gpu-policy=off --lookup-policy=none --palette-type=rgb -p 128 --snap-policy=reversible:timing=all:rate=1:channel_l=0.85 -o {devnull} {input}
85a2674e53a2d7b75c6944b5a87b04ee9ea182b1,macOS-26.5.1-arm64-arm-64bit,natural-snake,natural photograph,128,oklab,OKLab,off,snap off,False,none,off,0.0,0.85,9,0.12357066699769348,0.12175624999508727,0.12597962499421556,0.11746649999986403,0.12707041700195987,1.0,{img2sixel} --threads=1 --precision=float32 --quality=full '--loaders=builtin!' --sampling-policy=full-frame --binning-policy=hard --quantize-model=kmeans:seed=1:binbits=6 --merge-policy=none --cover-policy=off -Xoklab -Woklab --diffusion=fs:scan=raster --gpu-policy=off --lookup-policy=none --palette-type=rgb -p 128 --snap-policy=none -o {devnull} {input}
85a2674e53a2d7b75c6944b5a87b04ee9ea182b1,macOS-26.5.1-arm64-arm-64bit,natural-snake,natural photograph,128,oklab,OKLab,nearest-quarter,nearest / all / rate 0.25,True,nearest,all,0.25,0.85,9,0.1254237090033712,0.12408820900600404,0.1265707080019638,0.11962304200278595,0.1314799999963725,1.0149958080724149,{img2sixel} --threads=1 --precision=float32 --quality=full '--loaders=builtin!' --sampling-policy=full-frame --binning-policy=hard --quantize-model=kmeans:seed=1:binbits=6 --merge-policy=none --cover-policy=off -Xoklab -Woklab --diffusion=fs:scan=raster --gpu-policy=off --lookup-policy=none --palette-type=rgb -p 128 --snap-policy=nearest:timing=all:rate=0.25:channel_l=0.85 -o {devnull} {input}
85a2674e53a2d7b75c6944b5a87b04ee9ea182b1,macOS-26.5.1-arm64-arm-64bit,natural-snake,natural photograph,128,oklab,OKLab,nearest-once,nearest / once / rate 1,True,nearest,once,1.0,0.85,9,0.12370937500963919,0.12359420799475629,0.1255001249955967,0.118524042001809,0.12893879099283367,1.0011224995002115,{img2sixel} --threads=1 --precision=float32 --quality=full '--loaders=builtin!' --sampling-policy=full-frame --binning-policy=hard --quantize-model=kmeans:seed=1:binbits=6 --merge-policy=none --cover-policy=off -Xoklab -Woklab --diffusion=fs:scan=raster --gpu-policy=off --lookup-policy=none --palette-type=rgb -p 128 --snap-policy=nearest:timing=once:rate=1:channel_l=0.85 -o {devnull} {input}
85a2674e53a2d7b75c6944b5a87b04ee9ea182b1,macOS-26.5.1-arm64-arm-64bit,natural-snake,natural photograph,128,oklab,OKLab,nearest-all,nearest / all / rate 1,True,nearest,all,1.0,0.85,9,0.12717525000334717,0.12663187499856576,0.12746187500306405,0.12194283399730921,0.12969441700261086,1.029170215660655,{img2sixel} --threads=1 --precision=float32 --quality=full '--loaders=builtin!' --sampling-policy=full-frame --binning-policy=hard --quantize-model=kmeans:seed=1:binbits=6 --merge-policy=none --cover-policy=off -Xoklab -Woklab --diffusion=fs:scan=raster --gpu-policy=off --lookup-policy=none --palette-type=rgb -p 128 --snap-policy=nearest:timing=all:rate=1:channel_l=0.85 -o {devnull} {input}
85a2674e53a2d7b75c6944b5a87b04ee9ea182b1,macOS-26.5.1-arm64-arm-64bit,natural-snake,natural photograph,128,oklab,OKLab,reversible-all,reversible / all / rate 1,True,reversible,all,1.0,0.85,9,0.1265203329967335,0.12583337500109337,0.12729537500126753,0.1206359159987187,0.12866587500320747,1.0238702765850982,{img2sixel} --threads=1 --precision=float32 --quality=full '--loaders=builtin!' --sampling-policy=full-frame --binning-policy=hard --quantize-model=kmeans:seed=1:binbits=6 --merge-policy=none --cover-policy=off -Xoklab -Woklab --diffusion=fs:scan=raster --gpu-policy=off --lookup-policy=none --palette-type=rgb -p 128 --snap-policy=reversible:timing=all:rate=1:channel_l=0.85 -o {devnull} {input}
85a2674e53a2d7b75c6944b5a87b04ee9ea182b1,macOS-26.5.1-arm64-arm-64bit,natural-snake,natural photograph,128,cielab,CIELAB,off,snap off,False,none,off,0.0,0.85,9,0.12828745899605565,0.12557229200319853,0.12924012501025572,0.11996345799707342,0.13027783299912699,1.0,{img2sixel} --threads=1 --precision=float32 --quality=full '--loaders=builtin!' --sampling-policy=full-frame --binning-policy=hard --quantize-model=kmeans:seed=1:binbits=6 --merge-policy=none --cover-policy=off -Xcielab -Wcielab --diffusion=fs:scan=raster --gpu-policy=off --lookup-policy=none --palette-type=rgb -p 128 --snap-policy=none -o {devnull} {input}
85a2674e53a2d7b75c6944b5a87b04ee9ea182b1,macOS-26.5.1-arm64-arm-64bit,natural-snake,natural photograph,128,cielab,CIELAB,nearest-quarter,nearest / all / rate 0.25,True,nearest,all,0.25,0.85,9,0.12816245899011847,0.12710929100285284,0.1313512909982819,0.1227700419985922,0.13319629199395422,0.9990256256775573,{img2sixel} --threads=1 --precision=float32 --quality=full '--loaders=builtin!' --sampling-policy=full-frame --binning-policy=hard --quantize-model=kmeans:seed=1:binbits=6 --merge-policy=none --cover-policy=off -Xcielab -Wcielab --diffusion=fs:scan=raster --gpu-policy=off --lookup-policy=none --palette-type=rgb -p 128 --snap-policy=nearest:timing=all:rate=0.25:channel_l=0.85 -o {devnull} {input}
85a2674e53a2d7b75c6944b5a87b04ee9ea182b1,macOS-26.5.1-arm64-arm-64bit,natural-snake,natural photograph,128,cielab,CIELAB,nearest-once,nearest / once / rate 1,True,nearest,once,1.0,0.85,9,0.12556691600184422,0.12453308398835361,0.12715579199721105,0.12077854201197624,0.1298958749976009,0.9787933831139716,{img2sixel} --threads=1 --precision=float32 --quality=full '--loaders=builtin!' --sampling-policy=full-frame --binning-policy=hard --quantize-model=kmeans:seed=1:binbits=6 --merge-policy=none --cover-policy=off -Xcielab -Wcielab --diffusion=fs:scan=raster --gpu-policy=off --lookup-policy=none --palette-type=rgb -p 128 --snap-policy=nearest:timing=once:rate=1:channel_l=0.85 -o {devnull} {input}
85a2674e53a2d7b75c6944b5a87b04ee9ea182b1,macOS-26.5.1-arm64-arm-64bit,natural-snake,natural photograph,128,cielab,CIELAB,nearest-all,nearest / all / rate 1,True,nearest,all,1.0,0.85,9,0.1293517919984879,0.12889779200486373,0.13031662499997765,0.12499300000490621,0.1327282499987632,1.0082964695907257,{img2sixel} --threads=1 --precision=float32 --quality=full '--loaders=builtin!' --sampling-policy=full-frame --binning-policy=hard --quantize-model=kmeans:seed=1:binbits=6 --merge-policy=none --cover-policy=off -Xcielab -Wcielab --diffusion=fs:scan=raster --gpu-policy=off --lookup-policy=none --palette-type=rgb -p 128 --snap-policy=nearest:timing=all:rate=1:channel_l=0.85 -o {devnull} {input}
85a2674e53a2d7b75c6944b5a87b04ee9ea182b1,macOS-26.5.1-arm64-arm-64bit,natural-snake,natural photograph,128,cielab,CIELAB,reversible-all,reversible / all / rate 1,True,reversible,all,1.0,0.85,9,0.12930637500539888,0.12787945799937006,0.12990820800769143,0.12678529099503066,0.13199629200971685,1.007942444392593,{img2sixel} --threads=1 --precision=float32 --quality=full '--loaders=builtin!' --sampling-policy=full-frame --binning-policy=hard --quantize-model=kmeans:seed=1:binbits=6 --merge-policy=none --cover-policy=off -Xcielab -Wcielab --diffusion=fs:scan=raster --gpu-policy=off --lookup-policy=none --palette-type=rgb -p 128 --snap-policy=reversible:timing=all:rate=1:channel_l=0.85 -o {devnull} {input}
85a2674e53a2d7b75c6944b5a87b04ee9ea182b1,macOS-26.5.1-arm64-arm-64bit,natural-snake,natural photograph,128,din99d,DIN99d,off,snap off,False,none,off,0.0,0.85,9,0.14150429199798964,0.14109383399772923,0.14610787499987055,0.1403944589983439,0.15943120799784083,1.0,{img2sixel} --threads=1 --precision=float32 --quality=full '--loaders=builtin!' --sampling-policy=full-frame --binning-policy=hard --quantize-model=kmeans:seed=1:binbits=6 --merge-policy=none --cover-policy=off -Xdin99d -Wdin99d --diffusion=fs:scan=raster --gpu-policy=off --lookup-policy=none --palette-type=rgb -p 128 --snap-policy=none -o {devnull} {input}
85a2674e53a2d7b75c6944b5a87b04ee9ea182b1,macOS-26.5.1-arm64-arm-64bit,natural-snake,natural photograph,128,din99d,DIN99d,nearest-quarter,nearest / all / rate 0.25,True,nearest,all,0.25,0.85,9,0.1456038750038715,0.14441858298960142,0.14857604200369678,0.14350466600444634,0.18940004101023078,1.0289714392969798,{img2sixel} --threads=1 --precision=float32 --quality=full '--loaders=builtin!' --sampling-policy=full-frame --binning-policy=hard --quantize-model=kmeans:seed=1:binbits=6 --merge-policy=none --cover-policy=off -Xdin99d -Wdin99d --diffusion=fs:scan=raster --gpu-policy=off --lookup-policy=none --palette-type=rgb -p 128 --snap-policy=nearest:timing=all:rate=0.25:channel_l=0.85 -o {devnull} {input}
85a2674e53a2d7b75c6944b5a87b04ee9ea182b1,macOS-26.5.1-arm64-arm-64bit,natural-snake,natural photograph,128,din99d,DIN99d,nearest-once,nearest / once / rate 1,True,nearest,once,1.0,0.85,9,0.1416882500052452,0.13892904200474732,0.1437415830005193,0.1380992089980282,0.1576230420032516,1.0013000171560746,{img2sixel} --threads=1 --precision=float32 --quality=full '--loaders=builtin!' --sampling-policy=full-frame --binning-policy=hard --quantize-model=kmeans:seed=1:binbits=6 --merge-policy=none --cover-policy=off -Xdin99d -Wdin99d --diffusion=fs:scan=raster --gpu-policy=off --lookup-policy=none --palette-type=rgb -p 128 --snap-policy=nearest:timing=once:rate=1:channel_l=0.85 -o {devnull} {input}
85a2674e53a2d7b75c6944b5a87b04ee9ea182b1,macOS-26.5.1-arm64-arm-64bit,natural-snake,natural photograph,128,din99d,DIN99d,nearest-all,nearest / all / rate 1,True,nearest,all,1.0,0.85,9,0.14841633300238755,0.14614412499940954,0.14921879199391697,0.14451145799830556,0.1514874169952236,1.0488468646908329,{img2sixel} --threads=1 --precision=float32 --quality=full '--loaders=builtin!' --sampling-policy=full-frame --binning-policy=hard --quantize-model=kmeans:seed=1:binbits=6 --merge-policy=none --cover-policy=off -Xdin99d -Wdin99d --diffusion=fs:scan=raster --gpu-policy=off --lookup-policy=none --palette-type=rgb -p 128 --snap-policy=nearest:timing=all:rate=1:channel_l=0.85 -o {devnull} {input}
85a2674e53a2d7b75c6944b5a87b04ee9ea182b1,macOS-26.5.1-arm64-arm-64bit,natural-snake,natural photograph,128,din99d,DIN99d,reversible-all,reversible / all / rate 1,True,reversible,all,1.0,0.85,9,0.14651304100698326,0.1431612500018673,0.147929375001695,0.14149587501015048,0.1518409169948427,1.0353964458481921,{img2sixel} --threads=1 --precision=float32 --quality=full '--loaders=builtin!' --sampling-policy=full-frame --binning-policy=hard --quantize-model=kmeans:seed=1:binbits=6 --merge-policy=none --cover-policy=off -Xdin99d -Wdin99d --diffusion=fs:scan=raster --gpu-policy=off --lookup-policy=none --palette-type=rgb -p 128 --snap-policy=reversible:timing=all:rate=1:channel_l=0.85 -o {devnull} {input}
85a2674e53a2d7b75c6944b5a87b04ee9ea182b1,macOS-26.5.1-arm64-arm-64bit,natural-snake,natural photograph,256,gamma,sRGB gamma,off,snap off,False,none,off,0.0,0.85,9,0.22491745800653007,0.22441945900209248,0.22759079199749976,0.22355945799790788,0.23300079199543688,1.0,{img2sixel} --threads=1 --precision=float32 --quality=full '--loaders=builtin!' --sampling-policy=full-frame --binning-policy=hard --quantize-model=kmeans:seed=1:binbits=6 --merge-policy=none --cover-policy=off -Xgamma -Wgamma --diffusion=fs:scan=raster --gpu-policy=off --lookup-policy=none --palette-type=rgb -p 256 --snap-policy=none -o {devnull} {input}
85a2674e53a2d7b75c6944b5a87b04ee9ea182b1,macOS-26.5.1-arm64-arm-64bit,natural-snake,natural photograph,256,gamma,sRGB gamma,nearest-quarter,nearest / all / rate 0.25,True,nearest,all,0.25,0.85,9,0.22970354100107215,0.22897162499430124,0.2302242089936044,0.22720574999402743,0.23205762499128468,1.0212792863522544,{img2sixel} --threads=1 --precision=float32 --quality=full '--loaders=builtin!' --sampling-policy=full-frame --binning-policy=hard --quantize-model=kmeans:seed=1:binbits=6 --merge-policy=none --cover-policy=off -Xgamma -Wgamma --diffusion=fs:scan=raster --gpu-policy=off --lookup-policy=none --palette-type=rgb -p 256 --snap-policy=nearest:timing=all:rate=0.25:channel_l=0.85 -o {devnull} {input}
85a2674e53a2d7b75c6944b5a87b04ee9ea182b1,macOS-26.5.1-arm64-arm-64bit,natural-snake,natural photograph,256,gamma,sRGB gamma,nearest-once,nearest / once / rate 1,True,nearest,once,1.0,0.85,9,0.22360512500745244,0.2227263750100974,0.2236713340098504,0.2224159590114141,0.2343239170004381,0.994165268402422,{img2sixel} --threads=1 --precision=float32 --quality=full '--loaders=builtin!' --sampling-policy=full-frame --binning-policy=hard --quantize-model=kmeans:seed=1:binbits=6 --merge-policy=none --cover-policy=off -Xgamma -Wgamma --diffusion=fs:scan=raster --gpu-policy=off --lookup-policy=none --palette-type=rgb -p 256 --snap-policy=nearest:timing=once:rate=1:channel_l=0.85 -o {devnull} {input}
85a2674e53a2d7b75c6944b5a87b04ee9ea182b1,macOS-26.5.1-arm64-arm-64bit,natural-snake,natural photograph,256,gamma,sRGB gamma,nearest-all,nearest / all / rate 1,True,nearest,all,1.0,0.85,9,0.23403445800067857,0.2330178749980405,0.2345424590021139,0.23118587500357535,0.23989625000103842,1.0405348703251118,{img2sixel} --threads=1 --precision=float32 --quality=full '--loaders=builtin!' --sampling-policy=full-frame --binning-policy=hard --quantize-model=kmeans:seed=1:binbits=6 --merge-policy=none --cover-policy=off -Xgamma -Wgamma --diffusion=fs:scan=raster --gpu-policy=off --lookup-policy=none --palette-type=rgb -p 256 --snap-policy=nearest:timing=all:rate=1:channel_l=0.85 -o {devnull} {input}
85a2674e53a2d7b75c6944b5a87b04ee9ea182b1,macOS-26.5.1-arm64-arm-64bit,natural-snake,natural photograph,256,gamma,sRGB gamma,reversible-all,reversible / all / rate 1,True,reversible,all,1.0,0.85,9,0.22891841699311044,0.2275517910020426,0.2305151670007035,0.2259305830084486,0.23152170900721103,1.0177885657344758,{img2sixel} --threads=1 --precision=float32 --quality=full '--loaders=builtin!' --sampling-policy=full-frame --binning-policy=hard --quantize-model=kmeans:seed=1:binbits=6 --merge-policy=none --cover-policy=off -Xgamma -Wgamma --diffusion=fs:scan=raster --gpu-policy=off --lookup-policy=none --palette-type=rgb -p 256 --snap-policy=reversible:timing=all:rate=1:channel_l=0.85 -o {devnull} {input}
85a2674e53a2d7b75c6944b5a87b04ee9ea182b1,macOS-26.5.1-arm64-arm-64bit,natural-snake,natural photograph,256,linear,linear RGB,off,snap off,False,none,off,0.0,0.85,9,0.21056149998912588,0.20961583299504127,0.21150337500148453,0.20594445899769198,0.21237575000850484,1.0,{img2sixel} --threads=1 --precision=float32 --quality=full '--loaders=builtin!' --sampling-policy=full-frame --binning-policy=hard --quantize-model=kmeans:seed=1:binbits=6 --merge-policy=none --cover-policy=off -Xlinear -Wlinear --diffusion=fs:scan=raster --gpu-policy=off --lookup-policy=none --palette-type=rgb -p 256 --snap-policy=none -o {devnull} {input}
85a2674e53a2d7b75c6944b5a87b04ee9ea182b1,macOS-26.5.1-arm64-arm-64bit,natural-snake,natural photograph,256,linear,linear RGB,nearest-quarter,nearest / all / rate 0.25,True,nearest,all,0.25,0.85,9,0.21676279201346915,0.21506858299835585,0.21724399999948218,0.21299975000147242,0.2183524580032099,1.029451215082831,{img2sixel} --threads=1 --precision=float32 --quality=full '--loaders=builtin!' --sampling-policy=full-frame --binning-policy=hard --quantize-model=kmeans:seed=1:binbits=6 --merge-policy=none --cover-policy=off -Xlinear -Wlinear --diffusion=fs:scan=raster --gpu-policy=off --lookup-policy=none --palette-type=rgb -p 256 --snap-policy=nearest:timing=all:rate=0.25:channel_l=0.85 -o {devnull} {input}
85a2674e53a2d7b75c6944b5a87b04ee9ea182b1,macOS-26.5.1-arm64-arm-64bit,natural-snake,natural photograph,256,linear,linear RGB,nearest-once,nearest / once / rate 1,True,nearest,once,1.0,0.85,9,0.2089625420048833,0.207623042006162,0.21022424999682698,0.2046273750020191,0.211449000009452,0.9924062186851577,{img2sixel} --threads=1 --precision=float32 --quality=full '--loaders=builtin!' --sampling-policy=full-frame --binning-policy=hard --quantize-model=kmeans:seed=1:binbits=6 --merge-policy=none --cover-policy=off -Xlinear -Wlinear --diffusion=fs:scan=raster --gpu-policy=off --lookup-policy=none --palette-type=rgb -p 256 --snap-policy=nearest:timing=once:rate=1:channel_l=0.85 -o {devnull} {input}
85a2674e53a2d7b75c6944b5a87b04ee9ea182b1,macOS-26.5.1-arm64-arm-64bit,natural-snake,natural photograph,256,linear,linear RGB,nearest-all,nearest / all / rate 1,True,nearest,all,1.0,0.85,9,0.20444941600726452,0.20402625000861008,0.20623787499789614,0.20355099999869708,0.2078965000109747,0.9709724523135663,{img2sixel} --threads=1 --precision=float32 --quality=full '--loaders=builtin!' --sampling-policy=full-frame --binning-policy=hard --quantize-model=kmeans:seed=1:binbits=6 --merge-policy=none --cover-policy=off -Xlinear -Wlinear --diffusion=fs:scan=raster --gpu-policy=off --lookup-policy=none --palette-type=rgb -p 256 --snap-policy=nearest:timing=all:rate=1:channel_l=0.85 -o {devnull} {input}
85a2674e53a2d7b75c6944b5a87b04ee9ea182b1,macOS-26.5.1-arm64-arm-64bit,natural-snake,natural photograph,256,linear,linear RGB,reversible-all,reversible / all / rate 1,True,reversible,all,1.0,0.85,9,0.20447212499857415,0.20263349999731872,0.2049452080100309,0.2017527499992866,0.20735854099621065,0.9710803019979141,{img2sixel} --threads=1 --precision=float32 --quality=full '--loaders=builtin!' --sampling-policy=full-frame --binning-policy=hard --quantize-model=kmeans:seed=1:binbits=6 --merge-policy=none --cover-policy=off -Xlinear -Wlinear --diffusion=fs:scan=raster --gpu-policy=off --lookup-policy=none --palette-type=rgb -p 256 --snap-policy=reversible:timing=all:rate=1:channel_l=0.85 -o {devnull} {input}
85a2674e53a2d7b75c6944b5a87b04ee9ea182b1,macOS-26.5.1-arm64-arm-64bit,natural-snake,natural photograph,256,oklab,OKLab,off,snap off,False,none,off,0.0,0.85,9,0.18899312500434462,0.18725270900176838,0.18938224999874365,0.18572020799911115,0.19215704199450556,1.0,{img2sixel} --threads=1 --precision=float32 --quality=full '--loaders=builtin!' --sampling-policy=full-frame --binning-policy=hard --quantize-model=kmeans:seed=1:binbits=6 --merge-policy=none --cover-policy=off -Xoklab -Woklab --diffusion=fs:scan=raster --gpu-policy=off --lookup-policy=none --palette-type=rgb -p 256 --snap-policy=none -o {devnull} {input}
85a2674e53a2d7b75c6944b5a87b04ee9ea182b1,macOS-26.5.1-arm64-arm-64bit,natural-snake,natural photograph,256,oklab,OKLab,nearest-quarter,nearest / all / rate 0.25,True,nearest,all,0.25,0.85,9,0.1909857090067817,0.19012295799620915,0.1912229169975035,0.18616841699986253,0.20154512498993427,1.0105431560136977,{img2sixel} --threads=1 --precision=float32 --quality=full '--loaders=builtin!' --sampling-policy=full-frame --binning-policy=hard --quantize-model=kmeans:seed=1:binbits=6 --merge-policy=none --cover-policy=off -Xoklab -Woklab --diffusion=fs:scan=raster --gpu-policy=off --lookup-policy=none --palette-type=rgb -p 256 --snap-policy=nearest:timing=all:rate=0.25:channel_l=0.85 -o {devnull} {input}
85a2674e53a2d7b75c6944b5a87b04ee9ea182b1,macOS-26.5.1-arm64-arm-64bit,natural-snake,natural photograph,256,oklab,OKLab,nearest-once,nearest / once / rate 1,True,nearest,once,1.0,0.85,9,0.18844991701189429,0.18753845899482258,0.1911984170001233,0.18636949999199715,0.19634370799758472,0.9971257790862084,{img2sixel} --threads=1 --precision=float32 --quality=full '--loaders=builtin!' --sampling-policy=full-frame --binning-policy=hard --quantize-model=kmeans:seed=1:binbits=6 --merge-policy=none --cover-policy=off -Xoklab -Woklab --diffusion=fs:scan=raster --gpu-policy=off --lookup-policy=none --palette-type=rgb -p 256 --snap-policy=nearest:timing=once:rate=1:channel_l=0.85 -o {devnull} {input}
85a2674e53a2d7b75c6944b5a87b04ee9ea182b1,macOS-26.5.1-arm64-arm-64bit,natural-snake,natural photograph,256,oklab,OKLab,nearest-all,nearest / all / rate 1,True,nearest,all,1.0,0.85,9,0.197546749986941,0.19704949999868404,0.202424749993952,0.1953412919974653,0.2039945419965079,1.0452589213623498,{img2sixel} --threads=1 --precision=float32 --quality=full '--loaders=builtin!' --sampling-policy=full-frame --binning-policy=hard --quantize-model=kmeans:seed=1:binbits=6 --merge-policy=none --cover-policy=off -Xoklab -Woklab --diffusion=fs:scan=raster --gpu-policy=off --lookup-policy=none --palette-type=rgb -p 256 --snap-policy=nearest:timing=all:rate=1:channel_l=0.85 -o {devnull} {input}
85a2674e53a2d7b75c6944b5a87b04ee9ea182b1,macOS-26.5.1-arm64-arm-64bit,natural-snake,natural photograph,256,oklab,OKLab,reversible-all,reversible / all / rate 1,True,reversible,all,1.0,0.85,9,0.19001504199695773,0.1876093330065487,0.1925128750008298,0.18633441600832157,0.20109695800056215,1.0054071649039595,{img2sixel} --threads=1 --precision=float32 --quality=full '--loaders=builtin!' --sampling-policy=full-frame --binning-policy=hard --quantize-model=kmeans:seed=1:binbits=6 --merge-policy=none --cover-policy=off -Xoklab -Woklab --diffusion=fs:scan=raster --gpu-policy=off --lookup-policy=none --palette-type=rgb -p 256 --snap-policy=reversible:timing=all:rate=1:channel_l=0.85 -o {devnull} {input}
85a2674e53a2d7b75c6944b5a87b04ee9ea182b1,macOS-26.5.1-arm64-arm-64bit,natural-snake,natural photograph,256,cielab,CIELAB,off,snap off,False,none,off,0.0,0.85,9,0.19163425000442658,0.1889051659964025,0.19281150000460912,0.1883693330019014,0.1964871249947464,1.0,{img2sixel} --threads=1 --precision=float32 --quality=full '--loaders=builtin!' --sampling-policy=full-frame --binning-policy=hard --quantize-model=kmeans:seed=1:binbits=6 --merge-policy=none --cover-policy=off -Xcielab -Wcielab --diffusion=fs:scan=raster --gpu-policy=off --lookup-policy=none --palette-type=rgb -p 256 --snap-policy=none -o {devnull} {input}
85a2674e53a2d7b75c6944b5a87b04ee9ea182b1,macOS-26.5.1-arm64-arm-64bit,natural-snake,natural photograph,256,cielab,CIELAB,nearest-quarter,nearest / all / rate 0.25,True,nearest,all,0.25,0.85,9,0.19537320898962207,0.19444983299763408,0.19823662500130013,0.19396212499123067,0.20628620800562203,1.0195109119852486,{img2sixel} --threads=1 --precision=float32 --quality=full '--loaders=builtin!' --sampling-policy=full-frame --binning-policy=hard --quantize-model=kmeans:seed=1:binbits=6 --merge-policy=none --cover-policy=off -Xcielab -Wcielab --diffusion=fs:scan=raster --gpu-policy=off --lookup-policy=none --palette-type=rgb -p 256 --snap-policy=nearest:timing=all:rate=0.25:channel_l=0.85 -o {devnull} {input}
85a2674e53a2d7b75c6944b5a87b04ee9ea182b1,macOS-26.5.1-arm64-arm-64bit,natural-snake,natural photograph,256,cielab,CIELAB,nearest-once,nearest / once / rate 1,True,nearest,once,1.0,0.85,9,0.1896117919968674,0.189305541003705,0.19002837500011083,0.18891945799987298,0.19299016600416508,0.9894462602195983,{img2sixel} --threads=1 --precision=float32 --quality=full '--loaders=builtin!' --sampling-policy=full-frame --binning-policy=hard --quantize-model=kmeans:seed=1:binbits=6 --merge-policy=none --cover-policy=off -Xcielab -Wcielab --diffusion=fs:scan=raster --gpu-policy=off --lookup-policy=none --palette-type=rgb -p 256 --snap-policy=nearest:timing=once:rate=1:channel_l=0.85 -o {devnull} {input}
85a2674e53a2d7b75c6944b5a87b04ee9ea182b1,macOS-26.5.1-arm64-arm-64bit,natural-snake,natural photograph,256,cielab,CIELAB,nearest-all,nearest / all / rate 1,True,nearest,all,1.0,0.85,9,0.20063404200482182,0.19941245899826754,0.20118470799934585,0.19715183399966918,0.20284291700227186,1.0469633794595035,{img2sixel} --threads=1 --precision=float32 --quality=full '--loaders=builtin!' --sampling-policy=full-frame --binning-policy=hard --quantize-model=kmeans:seed=1:binbits=6 --merge-policy=none --cover-policy=off -Xcielab -Wcielab --diffusion=fs:scan=raster --gpu-policy=off --lookup-policy=none --palette-type=rgb -p 256 --snap-policy=nearest:timing=all:rate=1:channel_l=0.85 -o {devnull} {input}
85a2674e53a2d7b75c6944b5a87b04ee9ea182b1,macOS-26.5.1-arm64-arm-64bit,natural-snake,natural photograph,256,cielab,CIELAB,reversible-all,reversible / all / rate 1,True,reversible,all,1.0,0.85,9,0.19519229199795518,0.1945993749977788,0.19616641700849868,0.19432566600153223,0.1975344579986995,1.0185668375744232,{img2sixel} --threads=1 --precision=float32 --quality=full '--loaders=builtin!' --sampling-policy=full-frame --binning-policy=hard --quantize-model=kmeans:seed=1:binbits=6 --merge-policy=none --cover-policy=off -Xcielab -Wcielab --diffusion=fs:scan=raster --gpu-policy=off --lookup-policy=none --palette-type=rgb -p 256 --snap-policy=reversible:timing=all:rate=1:channel_l=0.85 -o {devnull} {input}
85a2674e53a2d7b75c6944b5a87b04ee9ea182b1,macOS-26.5.1-arm64-arm-64bit,natural-snake,natural photograph,256,din99d,DIN99d,off,snap off,False,none,off,0.0,0.85,9,0.21278004099440295,0.21209487500891555,0.21329016699746717,0.20987633299955633,0.2171397909987718,1.0,{img2sixel} --threads=1 --precision=float32 --quality=full '--loaders=builtin!' --sampling-policy=full-frame --binning-policy=hard --quantize-model=kmeans:seed=1:binbits=6 --merge-policy=none --cover-policy=off -Xdin99d -Wdin99d --diffusion=fs:scan=raster --gpu-policy=off --lookup-policy=none --palette-type=rgb -p 256 --snap-policy=none -o {devnull} {input}
85a2674e53a2d7b75c6944b5a87b04ee9ea182b1,macOS-26.5.1-arm64-arm-64bit,natural-snake,natural photograph,256,din99d,DIN99d,nearest-quarter,nearest / all / rate 0.25,True,nearest,all,0.25,0.85,9,0.21994020899001043,0.21965070899750572,0.22209362500871066,0.21780716600187588,0.22368058300344273,1.0336505621586747,{img2sixel} --threads=1 --precision=float32 --quality=full '--loaders=builtin!' --sampling-policy=full-frame --binning-policy=hard --quantize-model=kmeans:seed=1:binbits=6 --merge-policy=none --cover-policy=off -Xdin99d -Wdin99d --diffusion=fs:scan=raster --gpu-policy=off --lookup-policy=none --palette-type=rgb -p 256 --snap-policy=nearest:timing=all:rate=0.25:channel_l=0.85 -o {devnull} {input}
85a2674e53a2d7b75c6944b5a87b04ee9ea182b1,macOS-26.5.1-arm64-arm-64bit,natural-snake,natural photograph,256,din99d,DIN99d,nearest-once,nearest / once / rate 1,True,nearest,once,1.0,0.85,9,0.21139791600580793,0.21042895900609437,0.21153270799550228,0.20883474999573082,0.21658316599496175,0.9935044425119206,{img2sixel} --threads=1 --precision=float32 --quality=full '--loaders=builtin!' --sampling-policy=full-frame --binning-policy=hard --quantize-model=kmeans:seed=1:binbits=6 --merge-policy=none --cover-policy=off -Xdin99d -Wdin99d --diffusion=fs:scan=raster --gpu-policy=off --lookup-policy=none --palette-type=rgb -p 256 --snap-policy=nearest:timing=once:rate=1:channel_l=0.85 -o {devnull} {input}
85a2674e53a2d7b75c6944b5a87b04ee9ea182b1,macOS-26.5.1-arm64-arm-64bit,natural-snake,natural photograph,256,din99d,DIN99d,nearest-all,nearest / all / rate 1,True,nearest,all,1.0,0.85,9,0.22050129200215451,0.2196446250018198,0.22267416700196918,0.21886229200754315,0.22610625000379514,1.036287477771257,{img2sixel} --threads=1 --precision=float32 --quality=full '--loaders=builtin!' --sampling-policy=full-frame --binning-policy=hard --quantize-model=kmeans:seed=1:binbits=6 --merge-policy=none --cover-policy=off -Xdin99d -Wdin99d --diffusion=fs:scan=raster --gpu-policy=off --lookup-policy=none --palette-type=rgb -p 256 --snap-policy=nearest:timing=all:rate=1:channel_l=0.85 -o {devnull} {input}
85a2674e53a2d7b75c6944b5a87b04ee9ea182b1,macOS-26.5.1-arm64-arm-64bit,natural-snake,natural photograph,256,din99d,DIN99d,reversible-all,reversible / all / rate 1,True,reversible,all,1.0,0.85,9,0.20971483299217653,0.20948129199678078,0.21026037499541417,0.2077690000005532,0.21230041699891444,0.98559447592969,{img2sixel} --threads=1 --precision=float32 --quality=full '--loaders=builtin!' --sampling-policy=full-frame --binning-policy=hard --quantize-model=kmeans:seed=1:binbits=6 --merge-policy=none --cover-policy=off -Xdin99d -Wdin99d --diffusion=fs:scan=raster --gpu-policy=off --lookup-policy=none --palette-type=rgb -p 256 --snap-policy=reversible:timing=all:rate=1:channel_l=0.85 -o {devnull} {input}
