revision,platform,sweep,control_value,fixture_id,fixture_label,fixture_class,colors,colorspace,policy,timing,rate,channel_l,merge_policy,MS-SSIM,Delta E00_mean,Delta Chroma_mean,palette_entries,palette_channels,unsafe_entries,unsafe_channels,unsafe_channel_fraction,mean_abs_roundtrip_drift,max_abs_roundtrip_drift,encoded_bytes,command,assessment_command
85a2674e53a2d7b75c6944b5a87b04ee9ea182b1,macOS-26.5.1-arm64-arm-64bit,rate,0,natural-snake,natural photograph,natural,64,gamma,none,off,0.0,0.85,none,0.979055,3.189964,2.899705,64,192,61,110,0.5729166666666666,0.5729166666666666,1,194920,{img2sixel} --threads=1 --precision=float32 --quality=full '--loaders=builtin!' --sampling-policy=full-frame --binning-policy=hard --quantize-model=kmeans:seed=1:binbits=6 --merge-policy=none --cover-policy=off -Xgamma -Wgamma --diffusion=fs:scan=raster --gpu-policy=off --lookup-policy=none --palette-type=rgb -p 64 --snap-policy=none --mapfile-output=act:{palette} {input},{lsqa} '--loaders=builtin!' {input} -
85a2674e53a2d7b75c6944b5a87b04ee9ea182b1,macOS-26.5.1-arm64-arm-64bit,rate,0.25,natural-snake,natural photograph,natural,64,gamma,nearest,all,0.25,0.85,none,0.978917,3.204418,2.876289,64,192,40,47,0.24479166666666666,0.24479166666666666,1,194020,{img2sixel} --threads=1 --precision=float32 --quality=full '--loaders=builtin!' --sampling-policy=full-frame --binning-policy=hard --quantize-model=kmeans:seed=1:binbits=6 --merge-policy=none --cover-policy=off -Xgamma -Wgamma --diffusion=fs:scan=raster --gpu-policy=off --lookup-policy=none --palette-type=rgb -p 64 --snap-policy=nearest:timing=all:rate=0.25:channel_l=0.85 --mapfile-output=act:{palette} {input},{lsqa} '--loaders=builtin!' {input} -
85a2674e53a2d7b75c6944b5a87b04ee9ea182b1,macOS-26.5.1-arm64-arm-64bit,rate,0.5,natural-snake,natural photograph,natural,64,gamma,nearest,all,0.5,0.85,none,0.978378,3.208322,2.909168,64,192,0,0,0.0,0.0,0,193364,{img2sixel} --threads=1 --precision=float32 --quality=full '--loaders=builtin!' --sampling-policy=full-frame --binning-policy=hard --quantize-model=kmeans:seed=1:binbits=6 --merge-policy=none --cover-policy=off -Xgamma -Wgamma --diffusion=fs:scan=raster --gpu-policy=off --lookup-policy=none --palette-type=rgb -p 64 --snap-policy=nearest:timing=all:rate=0.5:channel_l=0.85 --mapfile-output=act:{palette} {input},{lsqa} '--loaders=builtin!' {input} -
85a2674e53a2d7b75c6944b5a87b04ee9ea182b1,macOS-26.5.1-arm64-arm-64bit,rate,0.75,natural-snake,natural photograph,natural,64,gamma,nearest,all,0.75,0.85,none,0.977528,3.224193,2.981388,64,192,0,0,0.0,0.0,0,193042,{img2sixel} --threads=1 --precision=float32 --quality=full '--loaders=builtin!' --sampling-policy=full-frame --binning-policy=hard --quantize-model=kmeans:seed=1:binbits=6 --merge-policy=none --cover-policy=off -Xgamma -Wgamma --diffusion=fs:scan=raster --gpu-policy=off --lookup-policy=none --palette-type=rgb -p 64 --snap-policy=nearest:timing=all:rate=0.75:channel_l=0.85 --mapfile-output=act:{palette} {input},{lsqa} '--loaders=builtin!' {input} -
85a2674e53a2d7b75c6944b5a87b04ee9ea182b1,macOS-26.5.1-arm64-arm-64bit,rate,1,natural-snake,natural photograph,natural,64,gamma,nearest,all,1.0,0.85,none,0.975467,3.32216,3.076254,64,192,0,0,0.0,0.0,0,193956,{img2sixel} --threads=1 --precision=float32 --quality=full '--loaders=builtin!' --sampling-policy=full-frame --binning-policy=hard --quantize-model=kmeans:seed=1:binbits=6 --merge-policy=none --cover-policy=off -Xgamma -Wgamma --diffusion=fs:scan=raster --gpu-policy=off --lookup-policy=none --palette-type=rgb -p 64 --snap-policy=nearest:timing=all:rate=1:channel_l=0.85 --mapfile-output=act:{palette} {input},{lsqa} '--loaders=builtin!' {input} -
85a2674e53a2d7b75c6944b5a87b04ee9ea182b1,macOS-26.5.1-arm64-arm-64bit,rate,0,natural-snake,natural photograph,natural,64,linear,none,off,0.0,0.85,none,0.97808,3.593993,3.981051,64,192,59,109,0.5677083333333334,0.5677083333333334,1,194415,{img2sixel} --threads=1 --precision=float32 --quality=full '--loaders=builtin!' --sampling-policy=full-frame --binning-policy=hard --quantize-model=kmeans:seed=1:binbits=6 --merge-policy=none --cover-policy=off -Xlinear -Wlinear --diffusion=fs:scan=raster --gpu-policy=off --lookup-policy=none --palette-type=rgb -p 64 --snap-policy=none --mapfile-output=act:{palette} {input},{lsqa} '--loaders=builtin!' {input} -
85a2674e53a2d7b75c6944b5a87b04ee9ea182b1,macOS-26.5.1-arm64-arm-64bit,rate,0.25,natural-snake,natural photograph,natural,64,linear,nearest,all,0.25,0.85,none,0.97922,3.584424,4.041157,64,192,36,50,0.2604166666666667,0.2604166666666667,1,193738,{img2sixel} --threads=1 --precision=float32 --quality=full '--loaders=builtin!' --sampling-policy=full-frame --binning-policy=hard --quantize-model=kmeans:seed=1:binbits=6 --merge-policy=none --cover-policy=off -Xlinear -Wlinear --diffusion=fs:scan=raster --gpu-policy=off --lookup-policy=none --palette-type=rgb -p 64 --snap-policy=nearest:timing=all:rate=0.25:channel_l=0.85 --mapfile-output=act:{palette} {input},{lsqa} '--loaders=builtin!' {input} -
85a2674e53a2d7b75c6944b5a87b04ee9ea182b1,macOS-26.5.1-arm64-arm-64bit,rate,0.5,natural-snake,natural photograph,natural,64,linear,nearest,all,0.5,0.85,none,0.97747,3.699852,4.140471,64,192,0,0,0.0,0.0,0,203458,{img2sixel} --threads=1 --precision=float32 --quality=full '--loaders=builtin!' --sampling-policy=full-frame --binning-policy=hard --quantize-model=kmeans:seed=1:binbits=6 --merge-policy=none --cover-policy=off -Xlinear -Wlinear --diffusion=fs:scan=raster --gpu-policy=off --lookup-policy=none --palette-type=rgb -p 64 --snap-policy=nearest:timing=all:rate=0.5:channel_l=0.85 --mapfile-output=act:{palette} {input},{lsqa} '--loaders=builtin!' {input} -
85a2674e53a2d7b75c6944b5a87b04ee9ea182b1,macOS-26.5.1-arm64-arm-64bit,rate,0.75,natural-snake,natural photograph,natural,64,linear,nearest,all,0.75,0.85,none,0.97713,3.708219,4.020447,64,192,0,0,0.0,0.0,0,200159,{img2sixel} --threads=1 --precision=float32 --quality=full '--loaders=builtin!' --sampling-policy=full-frame --binning-policy=hard --quantize-model=kmeans:seed=1:binbits=6 --merge-policy=none --cover-policy=off -Xlinear -Wlinear --diffusion=fs:scan=raster --gpu-policy=off --lookup-policy=none --palette-type=rgb -p 64 --snap-policy=nearest:timing=all:rate=0.75:channel_l=0.85 --mapfile-output=act:{palette} {input},{lsqa} '--loaders=builtin!' {input} -
85a2674e53a2d7b75c6944b5a87b04ee9ea182b1,macOS-26.5.1-arm64-arm-64bit,rate,1,natural-snake,natural photograph,natural,64,linear,nearest,all,1.0,0.85,none,0.975794,3.894259,4.327872,64,192,0,0,0.0,0.0,0,207543,{img2sixel} --threads=1 --precision=float32 --quality=full '--loaders=builtin!' --sampling-policy=full-frame --binning-policy=hard --quantize-model=kmeans:seed=1:binbits=6 --merge-policy=none --cover-policy=off -Xlinear -Wlinear --diffusion=fs:scan=raster --gpu-policy=off --lookup-policy=none --palette-type=rgb -p 64 --snap-policy=nearest:timing=all:rate=1:channel_l=0.85 --mapfile-output=act:{palette} {input},{lsqa} '--loaders=builtin!' {input} -
85a2674e53a2d7b75c6944b5a87b04ee9ea182b1,macOS-26.5.1-arm64-arm-64bit,rate,0,natural-snake,natural photograph,natural,64,oklab,none,off,0.0,0.85,none,0.982282,3.442054,3.551071,64,192,60,107,0.5572916666666666,0.5572916666666666,1,185576,{img2sixel} --threads=1 --precision=float32 --quality=full '--loaders=builtin!' --sampling-policy=full-frame --binning-policy=hard --quantize-model=kmeans:seed=1:binbits=6 --merge-policy=none --cover-policy=off -Xoklab -Woklab --diffusion=fs:scan=raster --gpu-policy=off --lookup-policy=none --palette-type=rgb -p 64 --snap-policy=none --mapfile-output=act:{palette} {input},{lsqa} '--loaders=builtin!' {input} -
85a2674e53a2d7b75c6944b5a87b04ee9ea182b1,macOS-26.5.1-arm64-arm-64bit,rate,0.25,natural-snake,natural photograph,natural,64,oklab,nearest,all,0.25,0.85,none,0.984048,3.491359,3.456323,64,192,51,89,0.4635416666666667,0.4635416666666667,1,192630,{img2sixel} --threads=1 --precision=float32 --quality=full '--loaders=builtin!' --sampling-policy=full-frame --binning-policy=hard --quantize-model=kmeans:seed=1:binbits=6 --merge-policy=none --cover-policy=off -Xoklab -Woklab --diffusion=fs:scan=raster --gpu-policy=off --lookup-policy=none --palette-type=rgb -p 64 --snap-policy=nearest:timing=all:rate=0.25:channel_l=0.85 --mapfile-output=act:{palette} {input},{lsqa} '--loaders=builtin!' {input} -
85a2674e53a2d7b75c6944b5a87b04ee9ea182b1,macOS-26.5.1-arm64-arm-64bit,rate,0.5,natural-snake,natural photograph,natural,64,oklab,nearest,all,0.5,0.85,none,0.980734,3.680793,3.509596,64,192,20,22,0.11458333333333333,0.11458333333333333,1,195708,{img2sixel} --threads=1 --precision=float32 --quality=full '--loaders=builtin!' --sampling-policy=full-frame --binning-policy=hard --quantize-model=kmeans:seed=1:binbits=6 --merge-policy=none --cover-policy=off -Xoklab -Woklab --diffusion=fs:scan=raster --gpu-policy=off --lookup-policy=none --palette-type=rgb -p 64 --snap-policy=nearest:timing=all:rate=0.5:channel_l=0.85 --mapfile-output=act:{palette} {input},{lsqa} '--loaders=builtin!' {input} -
85a2674e53a2d7b75c6944b5a87b04ee9ea182b1,macOS-26.5.1-arm64-arm-64bit,rate,0.75,natural-snake,natural photograph,natural,64,oklab,nearest,all,0.75,0.85,none,0.982273,3.70053,3.922739,64,192,4,5,0.026041666666666668,0.026041666666666668,1,201252,{img2sixel} --threads=1 --precision=float32 --quality=full '--loaders=builtin!' --sampling-policy=full-frame --binning-policy=hard --quantize-model=kmeans:seed=1:binbits=6 --merge-policy=none --cover-policy=off -Xoklab -Woklab --diffusion=fs:scan=raster --gpu-policy=off --lookup-policy=none --palette-type=rgb -p 64 --snap-policy=nearest:timing=all:rate=0.75:channel_l=0.85 --mapfile-output=act:{palette} {input},{lsqa} '--loaders=builtin!' {input} -
85a2674e53a2d7b75c6944b5a87b04ee9ea182b1,macOS-26.5.1-arm64-arm-64bit,rate,1,natural-snake,natural photograph,natural,64,oklab,nearest,all,1.0,0.85,none,0.981022,3.697137,3.825289,64,192,0,0,0.0,0.0,0,199365,{img2sixel} --threads=1 --precision=float32 --quality=full '--loaders=builtin!' --sampling-policy=full-frame --binning-policy=hard --quantize-model=kmeans:seed=1:binbits=6 --merge-policy=none --cover-policy=off -Xoklab -Woklab --diffusion=fs:scan=raster --gpu-policy=off --lookup-policy=none --palette-type=rgb -p 64 --snap-policy=nearest:timing=all:rate=1:channel_l=0.85 --mapfile-output=act:{palette} {input},{lsqa} '--loaders=builtin!' {input} -
85a2674e53a2d7b75c6944b5a87b04ee9ea182b1,macOS-26.5.1-arm64-arm-64bit,rate,0,natural-snake,natural photograph,natural,64,cielab,none,off,0.0,0.85,none,0.965515,3.611498,2.851834,64,192,57,108,0.5625,0.5625,1,196093,{img2sixel} --threads=1 --precision=float32 --quality=full '--loaders=builtin!' --sampling-policy=full-frame --binning-policy=hard --quantize-model=kmeans:seed=1:binbits=6 --merge-policy=none --cover-policy=off -Xcielab -Wcielab --diffusion=fs:scan=raster --gpu-policy=off --lookup-policy=none --palette-type=rgb -p 64 --snap-policy=none --mapfile-output=act:{palette} {input},{lsqa} '--loaders=builtin!' {input} -
85a2674e53a2d7b75c6944b5a87b04ee9ea182b1,macOS-26.5.1-arm64-arm-64bit,rate,0.25,natural-snake,natural photograph,natural,64,cielab,nearest,all,0.25,0.85,none,0.968461,3.423129,2.704367,64,192,39,55,0.2864583333333333,0.2864583333333333,1,196280,{img2sixel} --threads=1 --precision=float32 --quality=full '--loaders=builtin!' --sampling-policy=full-frame --binning-policy=hard --quantize-model=kmeans:seed=1:binbits=6 --merge-policy=none --cover-policy=off -Xcielab -Wcielab --diffusion=fs:scan=raster --gpu-policy=off --lookup-policy=none --palette-type=rgb -p 64 --snap-policy=nearest:timing=all:rate=0.25:channel_l=0.85 --mapfile-output=act:{palette} {input},{lsqa} '--loaders=builtin!' {input} -
85a2674e53a2d7b75c6944b5a87b04ee9ea182b1,macOS-26.5.1-arm64-arm-64bit,rate,0.5,natural-snake,natural photograph,natural,64,cielab,nearest,all,0.5,0.85,none,0.967277,3.421919,2.696927,64,192,4,4,0.020833333333333332,0.020833333333333332,1,202222,{img2sixel} --threads=1 --precision=float32 --quality=full '--loaders=builtin!' --sampling-policy=full-frame --binning-policy=hard --quantize-model=kmeans:seed=1:binbits=6 --merge-policy=none --cover-policy=off -Xcielab -Wcielab --diffusion=fs:scan=raster --gpu-policy=off --lookup-policy=none --palette-type=rgb -p 64 --snap-policy=nearest:timing=all:rate=0.5:channel_l=0.85 --mapfile-output=act:{palette} {input},{lsqa} '--loaders=builtin!' {input} -
85a2674e53a2d7b75c6944b5a87b04ee9ea182b1,macOS-26.5.1-arm64-arm-64bit,rate,0.75,natural-snake,natural photograph,natural,64,cielab,nearest,all,0.75,0.85,none,0.966388,3.51518,2.842361,64,192,0,0,0.0,0.0,0,198492,{img2sixel} --threads=1 --precision=float32 --quality=full '--loaders=builtin!' --sampling-policy=full-frame --binning-policy=hard --quantize-model=kmeans:seed=1:binbits=6 --merge-policy=none --cover-policy=off -Xcielab -Wcielab --diffusion=fs:scan=raster --gpu-policy=off --lookup-policy=none --palette-type=rgb -p 64 --snap-policy=nearest:timing=all:rate=0.75:channel_l=0.85 --mapfile-output=act:{palette} {input},{lsqa} '--loaders=builtin!' {input} -
85a2674e53a2d7b75c6944b5a87b04ee9ea182b1,macOS-26.5.1-arm64-arm-64bit,rate,1,natural-snake,natural photograph,natural,64,cielab,nearest,all,1.0,0.85,none,0.965486,3.465157,2.813903,64,192,0,0,0.0,0.0,0,205091,{img2sixel} --threads=1 --precision=float32 --quality=full '--loaders=builtin!' --sampling-policy=full-frame --binning-policy=hard --quantize-model=kmeans:seed=1:binbits=6 --merge-policy=none --cover-policy=off -Xcielab -Wcielab --diffusion=fs:scan=raster --gpu-policy=off --lookup-policy=none --palette-type=rgb -p 64 --snap-policy=nearest:timing=all:rate=1:channel_l=0.85 --mapfile-output=act:{palette} {input},{lsqa} '--loaders=builtin!' {input} -
85a2674e53a2d7b75c6944b5a87b04ee9ea182b1,macOS-26.5.1-arm64-arm-64bit,rate,0,natural-snake,natural photograph,natural,64,din99d,none,off,0.0,0.85,none,0.967213,3.611303,3.466722,64,192,59,110,0.5729166666666666,0.5729166666666666,1,202810,{img2sixel} --threads=1 --precision=float32 --quality=full '--loaders=builtin!' --sampling-policy=full-frame --binning-policy=hard --quantize-model=kmeans:seed=1:binbits=6 --merge-policy=none --cover-policy=off -Xdin99d -Wdin99d --diffusion=fs:scan=raster --gpu-policy=off --lookup-policy=none --palette-type=rgb -p 64 --snap-policy=none --mapfile-output=act:{palette} {input},{lsqa} '--loaders=builtin!' {input} -
85a2674e53a2d7b75c6944b5a87b04ee9ea182b1,macOS-26.5.1-arm64-arm-64bit,rate,0.25,natural-snake,natural photograph,natural,64,din99d,nearest,all,0.25,0.85,none,0.968807,3.396363,3.223957,64,192,47,80,0.4166666666666667,0.4166666666666667,1,200262,{img2sixel} --threads=1 --precision=float32 --quality=full '--loaders=builtin!' --sampling-policy=full-frame --binning-policy=hard --quantize-model=kmeans:seed=1:binbits=6 --merge-policy=none --cover-policy=off -Xdin99d -Wdin99d --diffusion=fs:scan=raster --gpu-policy=off --lookup-policy=none --palette-type=rgb -p 64 --snap-policy=nearest:timing=all:rate=0.25:channel_l=0.85 --mapfile-output=act:{palette} {input},{lsqa} '--loaders=builtin!' {input} -
85a2674e53a2d7b75c6944b5a87b04ee9ea182b1,macOS-26.5.1-arm64-arm-64bit,rate,0.5,natural-snake,natural photograph,natural,64,din99d,nearest,all,0.5,0.85,none,0.96649,3.494087,3.242459,64,192,4,4,0.020833333333333332,0.020833333333333332,1,199149,{img2sixel} --threads=1 --precision=float32 --quality=full '--loaders=builtin!' --sampling-policy=full-frame --binning-policy=hard --quantize-model=kmeans:seed=1:binbits=6 --merge-policy=none --cover-policy=off -Xdin99d -Wdin99d --diffusion=fs:scan=raster --gpu-policy=off --lookup-policy=none --palette-type=rgb -p 64 --snap-policy=nearest:timing=all:rate=0.5:channel_l=0.85 --mapfile-output=act:{palette} {input},{lsqa} '--loaders=builtin!' {input} -
85a2674e53a2d7b75c6944b5a87b04ee9ea182b1,macOS-26.5.1-arm64-arm-64bit,rate,0.75,natural-snake,natural photograph,natural,64,din99d,nearest,all,0.75,0.85,none,0.966105,3.646446,3.491425,64,192,0,0,0.0,0.0,0,201241,{img2sixel} --threads=1 --precision=float32 --quality=full '--loaders=builtin!' --sampling-policy=full-frame --binning-policy=hard --quantize-model=kmeans:seed=1:binbits=6 --merge-policy=none --cover-policy=off -Xdin99d -Wdin99d --diffusion=fs:scan=raster --gpu-policy=off --lookup-policy=none --palette-type=rgb -p 64 --snap-policy=nearest:timing=all:rate=0.75:channel_l=0.85 --mapfile-output=act:{palette} {input},{lsqa} '--loaders=builtin!' {input} -
85a2674e53a2d7b75c6944b5a87b04ee9ea182b1,macOS-26.5.1-arm64-arm-64bit,rate,1,natural-snake,natural photograph,natural,64,din99d,nearest,all,1.0,0.85,none,0.96688,3.430377,3.339691,64,192,0,0,0.0,0.0,0,199602,{img2sixel} --threads=1 --precision=float32 --quality=full '--loaders=builtin!' --sampling-policy=full-frame --binning-policy=hard --quantize-model=kmeans:seed=1:binbits=6 --merge-policy=none --cover-policy=off -Xdin99d -Wdin99d --diffusion=fs:scan=raster --gpu-policy=off --lookup-policy=none --palette-type=rgb -p 64 --snap-policy=nearest:timing=all:rate=1:channel_l=0.85 --mapfile-output=act:{palette} {input},{lsqa} '--loaders=builtin!' {input} -
85a2674e53a2d7b75c6944b5a87b04ee9ea182b1,macOS-26.5.1-arm64-arm-64bit,rate,0,flat-artwork,flat artwork,flat-artwork,64,gamma,none,off,0.0,0.85,none,0.999472,0.562185,0.267338,64,192,51,100,0.5208333333333334,0.5208333333333334,1,89221,{img2sixel} --threads=1 --precision=float32 --quality=full '--loaders=builtin!' --sampling-policy=full-frame --binning-policy=hard --quantize-model=kmeans:seed=1:binbits=6 --merge-policy=none --cover-policy=off -Xgamma -Wgamma --diffusion=fs:scan=raster --gpu-policy=off --lookup-policy=none --palette-type=rgb -p 64 --snap-policy=none --mapfile-output=act:{palette} {input},{lsqa} '--loaders=builtin!' {input} -
85a2674e53a2d7b75c6944b5a87b04ee9ea182b1,macOS-26.5.1-arm64-arm-64bit,rate,0.25,flat-artwork,flat artwork,flat-artwork,64,gamma,nearest,all,0.25,0.85,none,0.994276,0.634215,0.3292,64,192,32,53,0.2760416666666667,0.2760416666666667,1,117491,{img2sixel} --threads=1 --precision=float32 --quality=full '--loaders=builtin!' --sampling-policy=full-frame --binning-policy=hard --quantize-model=kmeans:seed=1:binbits=6 --merge-policy=none --cover-policy=off -Xgamma -Wgamma --diffusion=fs:scan=raster --gpu-policy=off --lookup-policy=none --palette-type=rgb -p 64 --snap-policy=nearest:timing=all:rate=0.25:channel_l=0.85 --mapfile-output=act:{palette} {input},{lsqa} '--loaders=builtin!' {input} -
85a2674e53a2d7b75c6944b5a87b04ee9ea182b1,macOS-26.5.1-arm64-arm-64bit,rate,0.5,flat-artwork,flat artwork,flat-artwork,64,gamma,nearest,all,0.5,0.85,none,0.989221,0.835818,0.991278,64,192,0,0,0.0,0.0,0,138895,{img2sixel} --threads=1 --precision=float32 --quality=full '--loaders=builtin!' --sampling-policy=full-frame --binning-policy=hard --quantize-model=kmeans:seed=1:binbits=6 --merge-policy=none --cover-policy=off -Xgamma -Wgamma --diffusion=fs:scan=raster --gpu-policy=off --lookup-policy=none --palette-type=rgb -p 64 --snap-policy=nearest:timing=all:rate=0.5:channel_l=0.85 --mapfile-output=act:{palette} {input},{lsqa} '--loaders=builtin!' {input} -
85a2674e53a2d7b75c6944b5a87b04ee9ea182b1,macOS-26.5.1-arm64-arm-64bit,rate,0.75,flat-artwork,flat artwork,flat-artwork,64,gamma,nearest,all,0.75,0.85,none,0.985903,0.877906,1.020672,64,192,0,0,0.0,0.0,0,152259,{img2sixel} --threads=1 --precision=float32 --quality=full '--loaders=builtin!' --sampling-policy=full-frame --binning-policy=hard --quantize-model=kmeans:seed=1:binbits=6 --merge-policy=none --cover-policy=off -Xgamma -Wgamma --diffusion=fs:scan=raster --gpu-policy=off --lookup-policy=none --palette-type=rgb -p 64 --snap-policy=nearest:timing=all:rate=0.75:channel_l=0.85 --mapfile-output=act:{palette} {input},{lsqa} '--loaders=builtin!' {input} -
85a2674e53a2d7b75c6944b5a87b04ee9ea182b1,macOS-26.5.1-arm64-arm-64bit,rate,1,flat-artwork,flat artwork,flat-artwork,64,gamma,nearest,all,1.0,0.85,none,0.984729,0.891535,1.022491,64,192,0,0,0.0,0.0,0,155296,{img2sixel} --threads=1 --precision=float32 --quality=full '--loaders=builtin!' --sampling-policy=full-frame --binning-policy=hard --quantize-model=kmeans:seed=1:binbits=6 --merge-policy=none --cover-policy=off -Xgamma -Wgamma --diffusion=fs:scan=raster --gpu-policy=off --lookup-policy=none --palette-type=rgb -p 64 --snap-policy=nearest:timing=all:rate=1:channel_l=0.85 --mapfile-output=act:{palette} {input},{lsqa} '--loaders=builtin!' {input} -
85a2674e53a2d7b75c6944b5a87b04ee9ea182b1,macOS-26.5.1-arm64-arm-64bit,rate,0,flat-artwork,flat artwork,flat-artwork,64,linear,none,off,0.0,0.85,none,0.996887,0.85016,1.039468,64,192,53,113,0.5885416666666666,0.5885416666666666,1,86088,{img2sixel} --threads=1 --precision=float32 --quality=full '--loaders=builtin!' --sampling-policy=full-frame --binning-policy=hard --quantize-model=kmeans:seed=1:binbits=6 --merge-policy=none --cover-policy=off -Xlinear -Wlinear --diffusion=fs:scan=raster --gpu-policy=off --lookup-policy=none --palette-type=rgb -p 64 --snap-policy=none --mapfile-output=act:{palette} {input},{lsqa} '--loaders=builtin!' {input} -
85a2674e53a2d7b75c6944b5a87b04ee9ea182b1,macOS-26.5.1-arm64-arm-64bit,rate,0.25,flat-artwork,flat artwork,flat-artwork,64,linear,nearest,all,0.25,0.85,none,0.996311,0.852097,1.016181,64,192,36,53,0.2760416666666667,0.2760416666666667,1,86661,{img2sixel} --threads=1 --precision=float32 --quality=full '--loaders=builtin!' --sampling-policy=full-frame --binning-policy=hard --quantize-model=kmeans:seed=1:binbits=6 --merge-policy=none --cover-policy=off -Xlinear -Wlinear --diffusion=fs:scan=raster --gpu-policy=off --lookup-policy=none --palette-type=rgb -p 64 --snap-policy=nearest:timing=all:rate=0.25:channel_l=0.85 --mapfile-output=act:{palette} {input},{lsqa} '--loaders=builtin!' {input} -
85a2674e53a2d7b75c6944b5a87b04ee9ea182b1,macOS-26.5.1-arm64-arm-64bit,rate,0.5,flat-artwork,flat artwork,flat-artwork,64,linear,nearest,all,0.5,0.85,none,0.995958,0.863496,1.026852,64,192,0,0,0.0,0.0,0,86616,{img2sixel} --threads=1 --precision=float32 --quality=full '--loaders=builtin!' --sampling-policy=full-frame --binning-policy=hard --quantize-model=kmeans:seed=1:binbits=6 --merge-policy=none --cover-policy=off -Xlinear -Wlinear --diffusion=fs:scan=raster --gpu-policy=off --lookup-policy=none --palette-type=rgb -p 64 --snap-policy=nearest:timing=all:rate=0.5:channel_l=0.85 --mapfile-output=act:{palette} {input},{lsqa} '--loaders=builtin!' {input} -
85a2674e53a2d7b75c6944b5a87b04ee9ea182b1,macOS-26.5.1-arm64-arm-64bit,rate,0.75,flat-artwork,flat artwork,flat-artwork,64,linear,nearest,all,0.75,0.85,none,0.995774,0.869721,1.023613,64,192,0,0,0.0,0.0,0,89267,{img2sixel} --threads=1 --precision=float32 --quality=full '--loaders=builtin!' --sampling-policy=full-frame --binning-policy=hard --quantize-model=kmeans:seed=1:binbits=6 --merge-policy=none --cover-policy=off -Xlinear -Wlinear --diffusion=fs:scan=raster --gpu-policy=off --lookup-policy=none --palette-type=rgb -p 64 --snap-policy=nearest:timing=all:rate=0.75:channel_l=0.85 --mapfile-output=act:{palette} {input},{lsqa} '--loaders=builtin!' {input} -
85a2674e53a2d7b75c6944b5a87b04ee9ea182b1,macOS-26.5.1-arm64-arm-64bit,rate,1,flat-artwork,flat artwork,flat-artwork,64,linear,nearest,all,1.0,0.85,none,0.995692,0.869978,1.024626,64,192,0,0,0.0,0.0,0,88723,{img2sixel} --threads=1 --precision=float32 --quality=full '--loaders=builtin!' --sampling-policy=full-frame --binning-policy=hard --quantize-model=kmeans:seed=1:binbits=6 --merge-policy=none --cover-policy=off -Xlinear -Wlinear --diffusion=fs:scan=raster --gpu-policy=off --lookup-policy=none --palette-type=rgb -p 64 --snap-policy=nearest:timing=all:rate=1:channel_l=0.85 --mapfile-output=act:{palette} {input},{lsqa} '--loaders=builtin!' {input} -
85a2674e53a2d7b75c6944b5a87b04ee9ea182b1,macOS-26.5.1-arm64-arm-64bit,rate,0,flat-artwork,flat artwork,flat-artwork,64,oklab,none,off,0.0,0.85,none,0.976328,1.205527,1.110129,64,192,61,118,0.6145833333333334,0.6145833333333334,1,146960,{img2sixel} --threads=1 --precision=float32 --quality=full '--loaders=builtin!' --sampling-policy=full-frame --binning-policy=hard --quantize-model=kmeans:seed=1:binbits=6 --merge-policy=none --cover-policy=off -Xoklab -Woklab --diffusion=fs:scan=raster --gpu-policy=off --lookup-policy=none --palette-type=rgb -p 64 --snap-policy=none --mapfile-output=act:{palette} {input},{lsqa} '--loaders=builtin!' {input} -
85a2674e53a2d7b75c6944b5a87b04ee9ea182b1,macOS-26.5.1-arm64-arm-64bit,rate,0.25,flat-artwork,flat artwork,flat-artwork,64,oklab,nearest,all,0.25,0.85,none,0.997881,1.230313,1.081524,64,192,48,85,0.4427083333333333,0.4427083333333333,1,203749,{img2sixel} --threads=1 --precision=float32 --quality=full '--loaders=builtin!' --sampling-policy=full-frame --binning-policy=hard --quantize-model=kmeans:seed=1:binbits=6 --merge-policy=none --cover-policy=off -Xoklab -Woklab --diffusion=fs:scan=raster --gpu-policy=off --lookup-policy=none --palette-type=rgb -p 64 --snap-policy=nearest:timing=all:rate=0.25:channel_l=0.85 --mapfile-output=act:{palette} {input},{lsqa} '--loaders=builtin!' {input} -
85a2674e53a2d7b75c6944b5a87b04ee9ea182b1,macOS-26.5.1-arm64-arm-64bit,rate,0.5,flat-artwork,flat artwork,flat-artwork,64,oklab,nearest,all,0.5,0.85,none,0.982546,1.348961,1.310088,64,192,21,25,0.13020833333333334,0.13020833333333334,1,206705,{img2sixel} --threads=1 --precision=float32 --quality=full '--loaders=builtin!' --sampling-policy=full-frame --binning-policy=hard --quantize-model=kmeans:seed=1:binbits=6 --merge-policy=none --cover-policy=off -Xoklab -Woklab --diffusion=fs:scan=raster --gpu-policy=off --lookup-policy=none --palette-type=rgb -p 64 --snap-policy=nearest:timing=all:rate=0.5:channel_l=0.85 --mapfile-output=act:{palette} {input},{lsqa} '--loaders=builtin!' {input} -
85a2674e53a2d7b75c6944b5a87b04ee9ea182b1,macOS-26.5.1-arm64-arm-64bit,rate,0.75,flat-artwork,flat artwork,flat-artwork,64,oklab,nearest,all,0.75,0.85,none,0.974727,1.447959,1.455413,64,192,8,9,0.046875,0.046875,1,209109,{img2sixel} --threads=1 --precision=float32 --quality=full '--loaders=builtin!' --sampling-policy=full-frame --binning-policy=hard --quantize-model=kmeans:seed=1:binbits=6 --merge-policy=none --cover-policy=off -Xoklab -Woklab --diffusion=fs:scan=raster --gpu-policy=off --lookup-policy=none --palette-type=rgb -p 64 --snap-policy=nearest:timing=all:rate=0.75:channel_l=0.85 --mapfile-output=act:{palette} {input},{lsqa} '--loaders=builtin!' {input} -
85a2674e53a2d7b75c6944b5a87b04ee9ea182b1,macOS-26.5.1-arm64-arm-64bit,rate,1,flat-artwork,flat artwork,flat-artwork,64,oklab,nearest,all,1.0,0.85,none,0.94807,1.417756,1.273936,64,192,0,0,0.0,0.0,0,216993,{img2sixel} --threads=1 --precision=float32 --quality=full '--loaders=builtin!' --sampling-policy=full-frame --binning-policy=hard --quantize-model=kmeans:seed=1:binbits=6 --merge-policy=none --cover-policy=off -Xoklab -Woklab --diffusion=fs:scan=raster --gpu-policy=off --lookup-policy=none --palette-type=rgb -p 64 --snap-policy=nearest:timing=all:rate=1:channel_l=0.85 --mapfile-output=act:{palette} {input},{lsqa} '--loaders=builtin!' {input} -
85a2674e53a2d7b75c6944b5a87b04ee9ea182b1,macOS-26.5.1-arm64-arm-64bit,rate,0,flat-artwork,flat artwork,flat-artwork,64,cielab,none,off,0.0,0.85,none,0.989083,1.313603,1.054822,64,192,59,118,0.6145833333333334,0.6145833333333334,1,144020,{img2sixel} --threads=1 --precision=float32 --quality=full '--loaders=builtin!' --sampling-policy=full-frame --binning-policy=hard --quantize-model=kmeans:seed=1:binbits=6 --merge-policy=none --cover-policy=off -Xcielab -Wcielab --diffusion=fs:scan=raster --gpu-policy=off --lookup-policy=none --palette-type=rgb -p 64 --snap-policy=none --mapfile-output=act:{palette} {input},{lsqa} '--loaders=builtin!' {input} -
85a2674e53a2d7b75c6944b5a87b04ee9ea182b1,macOS-26.5.1-arm64-arm-64bit,rate,0.25,flat-artwork,flat artwork,flat-artwork,64,cielab,nearest,all,0.25,0.85,none,0.989393,0.949858,0.610897,64,192,45,77,0.4010416666666667,0.4010416666666667,1,111704,{img2sixel} --threads=1 --precision=float32 --quality=full '--loaders=builtin!' --sampling-policy=full-frame --binning-policy=hard --quantize-model=kmeans:seed=1:binbits=6 --merge-policy=none --cover-policy=off -Xcielab -Wcielab --diffusion=fs:scan=raster --gpu-policy=off --lookup-policy=none --palette-type=rgb -p 64 --snap-policy=nearest:timing=all:rate=0.25:channel_l=0.85 --mapfile-output=act:{palette} {input},{lsqa} '--loaders=builtin!' {input} -
85a2674e53a2d7b75c6944b5a87b04ee9ea182b1,macOS-26.5.1-arm64-arm-64bit,rate,0.5,flat-artwork,flat artwork,flat-artwork,64,cielab,nearest,all,0.5,0.85,none,0.98112,1.136744,0.712389,64,192,5,5,0.026041666666666668,0.026041666666666668,1,135694,{img2sixel} --threads=1 --precision=float32 --quality=full '--loaders=builtin!' --sampling-policy=full-frame --binning-policy=hard --quantize-model=kmeans:seed=1:binbits=6 --merge-policy=none --cover-policy=off -Xcielab -Wcielab --diffusion=fs:scan=raster --gpu-policy=off --lookup-policy=none --palette-type=rgb -p 64 --snap-policy=nearest:timing=all:rate=0.5:channel_l=0.85 --mapfile-output=act:{palette} {input},{lsqa} '--loaders=builtin!' {input} -
85a2674e53a2d7b75c6944b5a87b04ee9ea182b1,macOS-26.5.1-arm64-arm-64bit,rate,0.75,flat-artwork,flat artwork,flat-artwork,64,cielab,nearest,all,0.75,0.85,none,0.98066,1.241488,0.798411,64,192,0,0,0.0,0.0,0,149156,{img2sixel} --threads=1 --precision=float32 --quality=full '--loaders=builtin!' --sampling-policy=full-frame --binning-policy=hard --quantize-model=kmeans:seed=1:binbits=6 --merge-policy=none --cover-policy=off -Xcielab -Wcielab --diffusion=fs:scan=raster --gpu-policy=off --lookup-policy=none --palette-type=rgb -p 64 --snap-policy=nearest:timing=all:rate=0.75:channel_l=0.85 --mapfile-output=act:{palette} {input},{lsqa} '--loaders=builtin!' {input} -
85a2674e53a2d7b75c6944b5a87b04ee9ea182b1,macOS-26.5.1-arm64-arm-64bit,rate,1,flat-artwork,flat artwork,flat-artwork,64,cielab,nearest,all,1.0,0.85,none,0.977466,1.343203,0.862144,64,192,0,0,0.0,0.0,0,158864,{img2sixel} --threads=1 --precision=float32 --quality=full '--loaders=builtin!' --sampling-policy=full-frame --binning-policy=hard --quantize-model=kmeans:seed=1:binbits=6 --merge-policy=none --cover-policy=off -Xcielab -Wcielab --diffusion=fs:scan=raster --gpu-policy=off --lookup-policy=none --palette-type=rgb -p 64 --snap-policy=nearest:timing=all:rate=1:channel_l=0.85 --mapfile-output=act:{palette} {input},{lsqa} '--loaders=builtin!' {input} -
85a2674e53a2d7b75c6944b5a87b04ee9ea182b1,macOS-26.5.1-arm64-arm-64bit,rate,0,flat-artwork,flat artwork,flat-artwork,64,din99d,none,off,0.0,0.85,none,0.986899,1.051279,0.794557,64,192,61,117,0.609375,0.609375,1,188303,{img2sixel} --threads=1 --precision=float32 --quality=full '--loaders=builtin!' --sampling-policy=full-frame --binning-policy=hard --quantize-model=kmeans:seed=1:binbits=6 --merge-policy=none --cover-policy=off -Xdin99d -Wdin99d --diffusion=fs:scan=raster --gpu-policy=off --lookup-policy=none --palette-type=rgb -p 64 --snap-policy=none --mapfile-output=act:{palette} {input},{lsqa} '--loaders=builtin!' {input} -
85a2674e53a2d7b75c6944b5a87b04ee9ea182b1,macOS-26.5.1-arm64-arm-64bit,rate,0.25,flat-artwork,flat artwork,flat-artwork,64,din99d,nearest,all,0.25,0.85,none,0.993754,0.883324,0.594687,64,192,38,70,0.3645833333333333,0.3645833333333333,1,198858,{img2sixel} --threads=1 --precision=float32 --quality=full '--loaders=builtin!' --sampling-policy=full-frame --binning-policy=hard --quantize-model=kmeans:seed=1:binbits=6 --merge-policy=none --cover-policy=off -Xdin99d -Wdin99d --diffusion=fs:scan=raster --gpu-policy=off --lookup-policy=none --palette-type=rgb -p 64 --snap-policy=nearest:timing=all:rate=0.25:channel_l=0.85 --mapfile-output=act:{palette} {input},{lsqa} '--loaders=builtin!' {input} -
85a2674e53a2d7b75c6944b5a87b04ee9ea182b1,macOS-26.5.1-arm64-arm-64bit,rate,0.5,flat-artwork,flat artwork,flat-artwork,64,din99d,nearest,all,0.5,0.85,none,0.98665,1.031086,0.701936,64,192,6,6,0.03125,0.03125,1,210010,{img2sixel} --threads=1 --precision=float32 --quality=full '--loaders=builtin!' --sampling-policy=full-frame --binning-policy=hard --quantize-model=kmeans:seed=1:binbits=6 --merge-policy=none --cover-policy=off -Xdin99d -Wdin99d --diffusion=fs:scan=raster --gpu-policy=off --lookup-policy=none --palette-type=rgb -p 64 --snap-policy=nearest:timing=all:rate=0.5:channel_l=0.85 --mapfile-output=act:{palette} {input},{lsqa} '--loaders=builtin!' {input} -
85a2674e53a2d7b75c6944b5a87b04ee9ea182b1,macOS-26.5.1-arm64-arm-64bit,rate,0.75,flat-artwork,flat artwork,flat-artwork,64,din99d,nearest,all,0.75,0.85,none,0.984048,1.092316,0.732938,64,192,2,2,0.010416666666666666,0.010416666666666666,1,213920,{img2sixel} --threads=1 --precision=float32 --quality=full '--loaders=builtin!' --sampling-policy=full-frame --binning-policy=hard --quantize-model=kmeans:seed=1:binbits=6 --merge-policy=none --cover-policy=off -Xdin99d -Wdin99d --diffusion=fs:scan=raster --gpu-policy=off --lookup-policy=none --palette-type=rgb -p 64 --snap-policy=nearest:timing=all:rate=0.75:channel_l=0.85 --mapfile-output=act:{palette} {input},{lsqa} '--loaders=builtin!' {input} -
85a2674e53a2d7b75c6944b5a87b04ee9ea182b1,macOS-26.5.1-arm64-arm-64bit,rate,1,flat-artwork,flat artwork,flat-artwork,64,din99d,nearest,all,1.0,0.85,none,0.99225,1.078929,0.749858,64,192,0,0,0.0,0.0,0,242250,{img2sixel} --threads=1 --precision=float32 --quality=full '--loaders=builtin!' --sampling-policy=full-frame --binning-policy=hard --quantize-model=kmeans:seed=1:binbits=6 --merge-policy=none --cover-policy=off -Xdin99d -Wdin99d --diffusion=fs:scan=raster --gpu-policy=off --lookup-policy=none --palette-type=rgb -p 64 --snap-policy=nearest:timing=all:rate=1:channel_l=0.85 --mapfile-output=act:{palette} {input},{lsqa} '--loaders=builtin!' {input} -
85a2674e53a2d7b75c6944b5a87b04ee9ea182b1,macOS-26.5.1-arm64-arm-64bit,rate,0,smooth-gradient,smooth gradient,gradient,64,gamma,none,off,0.0,0.85,none,0.91843,5.140624,6.440594,64,192,57,124,0.6458333333333334,0.6458333333333334,1,124085,{img2sixel} --threads=1 --precision=float32 --quality=full '--loaders=builtin!' --sampling-policy=full-frame --binning-policy=hard --quantize-model=kmeans:seed=1:binbits=6 --merge-policy=none --cover-policy=off -Xgamma -Wgamma --diffusion=fs:scan=raster --gpu-policy=off --lookup-policy=none --palette-type=rgb -p 64 --snap-policy=none --mapfile-output=act:{palette} {input},{lsqa} '--loaders=builtin!' {input} -
85a2674e53a2d7b75c6944b5a87b04ee9ea182b1,macOS-26.5.1-arm64-arm-64bit,rate,0.25,smooth-gradient,smooth gradient,gradient,64,gamma,nearest,all,0.25,0.85,none,0.91822,5.153542,6.499092,64,192,40,59,0.3072916666666667,0.3072916666666667,1,125406,{img2sixel} --threads=1 --precision=float32 --quality=full '--loaders=builtin!' --sampling-policy=full-frame --binning-policy=hard --quantize-model=kmeans:seed=1:binbits=6 --merge-policy=none --cover-policy=off -Xgamma -Wgamma --diffusion=fs:scan=raster --gpu-policy=off --lookup-policy=none --palette-type=rgb -p 64 --snap-policy=nearest:timing=all:rate=0.25:channel_l=0.85 --mapfile-output=act:{palette} {input},{lsqa} '--loaders=builtin!' {input} -
85a2674e53a2d7b75c6944b5a87b04ee9ea182b1,macOS-26.5.1-arm64-arm-64bit,rate,0.5,smooth-gradient,smooth gradient,gradient,64,gamma,nearest,all,0.5,0.85,none,0.921041,5.116167,6.462772,64,192,0,0,0.0,0.0,0,125604,{img2sixel} --threads=1 --precision=float32 --quality=full '--loaders=builtin!' --sampling-policy=full-frame --binning-policy=hard --quantize-model=kmeans:seed=1:binbits=6 --merge-policy=none --cover-policy=off -Xgamma -Wgamma --diffusion=fs:scan=raster --gpu-policy=off --lookup-policy=none --palette-type=rgb -p 64 --snap-policy=nearest:timing=all:rate=0.5:channel_l=0.85 --mapfile-output=act:{palette} {input},{lsqa} '--loaders=builtin!' {input} -
85a2674e53a2d7b75c6944b5a87b04ee9ea182b1,macOS-26.5.1-arm64-arm-64bit,rate,0.75,smooth-gradient,smooth gradient,gradient,64,gamma,nearest,all,0.75,0.85,none,0.919929,5.121651,6.406293,64,192,0,0,0.0,0.0,0,125517,{img2sixel} --threads=1 --precision=float32 --quality=full '--loaders=builtin!' --sampling-policy=full-frame --binning-policy=hard --quantize-model=kmeans:seed=1:binbits=6 --merge-policy=none --cover-policy=off -Xgamma -Wgamma --diffusion=fs:scan=raster --gpu-policy=off --lookup-policy=none --palette-type=rgb -p 64 --snap-policy=nearest:timing=all:rate=0.75:channel_l=0.85 --mapfile-output=act:{palette} {input},{lsqa} '--loaders=builtin!' {input} -
85a2674e53a2d7b75c6944b5a87b04ee9ea182b1,macOS-26.5.1-arm64-arm-64bit,rate,1,smooth-gradient,smooth gradient,gradient,64,gamma,nearest,all,1.0,0.85,none,0.917474,5.133459,6.517838,64,192,0,0,0.0,0.0,0,126770,{img2sixel} --threads=1 --precision=float32 --quality=full '--loaders=builtin!' --sampling-policy=full-frame --binning-policy=hard --quantize-model=kmeans:seed=1:binbits=6 --merge-policy=none --cover-policy=off -Xgamma -Wgamma --diffusion=fs:scan=raster --gpu-policy=off --lookup-policy=none --palette-type=rgb -p 64 --snap-policy=nearest:timing=all:rate=1:channel_l=0.85 --mapfile-output=act:{palette} {input},{lsqa} '--loaders=builtin!' {input} -
85a2674e53a2d7b75c6944b5a87b04ee9ea182b1,macOS-26.5.1-arm64-arm-64bit,rate,0,smooth-gradient,smooth gradient,gradient,64,linear,none,off,0.0,0.85,none,0.887238,5.100062,7.14551,64,192,60,118,0.6145833333333334,0.6145833333333334,1,121149,{img2sixel} --threads=1 --precision=float32 --quality=full '--loaders=builtin!' --sampling-policy=full-frame --binning-policy=hard --quantize-model=kmeans:seed=1:binbits=6 --merge-policy=none --cover-policy=off -Xlinear -Wlinear --diffusion=fs:scan=raster --gpu-policy=off --lookup-policy=none --palette-type=rgb -p 64 --snap-policy=none --mapfile-output=act:{palette} {input},{lsqa} '--loaders=builtin!' {input} -
85a2674e53a2d7b75c6944b5a87b04ee9ea182b1,macOS-26.5.1-arm64-arm-64bit,rate,0.25,smooth-gradient,smooth gradient,gradient,64,linear,nearest,all,0.25,0.85,none,0.886685,5.090323,7.120115,64,192,42,60,0.3125,0.3125,1,119996,{img2sixel} --threads=1 --precision=float32 --quality=full '--loaders=builtin!' --sampling-policy=full-frame --binning-policy=hard --quantize-model=kmeans:seed=1:binbits=6 --merge-policy=none --cover-policy=off -Xlinear -Wlinear --diffusion=fs:scan=raster --gpu-policy=off --lookup-policy=none --palette-type=rgb -p 64 --snap-policy=nearest:timing=all:rate=0.25:channel_l=0.85 --mapfile-output=act:{palette} {input},{lsqa} '--loaders=builtin!' {input} -
85a2674e53a2d7b75c6944b5a87b04ee9ea182b1,macOS-26.5.1-arm64-arm-64bit,rate,0.5,smooth-gradient,smooth gradient,gradient,64,linear,nearest,all,0.5,0.85,none,0.888944,5.110163,7.037567,64,192,0,0,0.0,0.0,0,122413,{img2sixel} --threads=1 --precision=float32 --quality=full '--loaders=builtin!' --sampling-policy=full-frame --binning-policy=hard --quantize-model=kmeans:seed=1:binbits=6 --merge-policy=none --cover-policy=off -Xlinear -Wlinear --diffusion=fs:scan=raster --gpu-policy=off --lookup-policy=none --palette-type=rgb -p 64 --snap-policy=nearest:timing=all:rate=0.5:channel_l=0.85 --mapfile-output=act:{palette} {input},{lsqa} '--loaders=builtin!' {input} -
85a2674e53a2d7b75c6944b5a87b04ee9ea182b1,macOS-26.5.1-arm64-arm-64bit,rate,0.75,smooth-gradient,smooth gradient,gradient,64,linear,nearest,all,0.75,0.85,none,0.886019,5.136886,7.146621,64,192,0,0,0.0,0.0,0,122693,{img2sixel} --threads=1 --precision=float32 --quality=full '--loaders=builtin!' --sampling-policy=full-frame --binning-policy=hard --quantize-model=kmeans:seed=1:binbits=6 --merge-policy=none --cover-policy=off -Xlinear -Wlinear --diffusion=fs:scan=raster --gpu-policy=off --lookup-policy=none --palette-type=rgb -p 64 --snap-policy=nearest:timing=all:rate=0.75:channel_l=0.85 --mapfile-output=act:{palette} {input},{lsqa} '--loaders=builtin!' {input} -
85a2674e53a2d7b75c6944b5a87b04ee9ea182b1,macOS-26.5.1-arm64-arm-64bit,rate,1,smooth-gradient,smooth gradient,gradient,64,linear,nearest,all,1.0,0.85,none,0.887124,5.198227,7.237897,64,192,0,0,0.0,0.0,0,122175,{img2sixel} --threads=1 --precision=float32 --quality=full '--loaders=builtin!' --sampling-policy=full-frame --binning-policy=hard --quantize-model=kmeans:seed=1:binbits=6 --merge-policy=none --cover-policy=off -Xlinear -Wlinear --diffusion=fs:scan=raster --gpu-policy=off --lookup-policy=none --palette-type=rgb -p 64 --snap-policy=nearest:timing=all:rate=1:channel_l=0.85 --mapfile-output=act:{palette} {input},{lsqa} '--loaders=builtin!' {input} -
85a2674e53a2d7b75c6944b5a87b04ee9ea182b1,macOS-26.5.1-arm64-arm-64bit,rate,0,smooth-gradient,smooth gradient,gradient,64,oklab,none,off,0.0,0.85,none,0.901935,5.110081,7.315949,64,192,58,116,0.6041666666666666,0.6041666666666666,1,122188,{img2sixel} --threads=1 --precision=float32 --quality=full '--loaders=builtin!' --sampling-policy=full-frame --binning-policy=hard --quantize-model=kmeans:seed=1:binbits=6 --merge-policy=none --cover-policy=off -Xoklab -Woklab --diffusion=fs:scan=raster --gpu-policy=off --lookup-policy=none --palette-type=rgb -p 64 --snap-policy=none --mapfile-output=act:{palette} {input},{lsqa} '--loaders=builtin!' {input} -
85a2674e53a2d7b75c6944b5a87b04ee9ea182b1,macOS-26.5.1-arm64-arm-64bit,rate,0.25,smooth-gradient,smooth gradient,gradient,64,oklab,nearest,all,0.25,0.85,none,0.905117,4.829093,6.884261,64,192,56,90,0.46875,0.46875,1,119005,{img2sixel} --threads=1 --precision=float32 --quality=full '--loaders=builtin!' --sampling-policy=full-frame --binning-policy=hard --quantize-model=kmeans:seed=1:binbits=6 --merge-policy=none --cover-policy=off -Xoklab -Woklab --diffusion=fs:scan=raster --gpu-policy=off --lookup-policy=none --palette-type=rgb -p 64 --snap-policy=nearest:timing=all:rate=0.25:channel_l=0.85 --mapfile-output=act:{palette} {input},{lsqa} '--loaders=builtin!' {input} -
85a2674e53a2d7b75c6944b5a87b04ee9ea182b1,macOS-26.5.1-arm64-arm-64bit,rate,0.5,smooth-gradient,smooth gradient,gradient,64,oklab,nearest,all,0.5,0.85,none,0.90762,4.935535,6.942151,64,192,14,14,0.07291666666666667,0.07291666666666667,1,118853,{img2sixel} --threads=1 --precision=float32 --quality=full '--loaders=builtin!' --sampling-policy=full-frame --binning-policy=hard --quantize-model=kmeans:seed=1:binbits=6 --merge-policy=none --cover-policy=off -Xoklab -Woklab --diffusion=fs:scan=raster --gpu-policy=off --lookup-policy=none --palette-type=rgb -p 64 --snap-policy=nearest:timing=all:rate=0.5:channel_l=0.85 --mapfile-output=act:{palette} {input},{lsqa} '--loaders=builtin!' {input} -
85a2674e53a2d7b75c6944b5a87b04ee9ea182b1,macOS-26.5.1-arm64-arm-64bit,rate,0.75,smooth-gradient,smooth gradient,gradient,64,oklab,nearest,all,0.75,0.85,none,0.906885,4.956792,7.067346,64,192,3,3,0.015625,0.015625,1,121506,{img2sixel} --threads=1 --precision=float32 --quality=full '--loaders=builtin!' --sampling-policy=full-frame --binning-policy=hard --quantize-model=kmeans:seed=1:binbits=6 --merge-policy=none --cover-policy=off -Xoklab -Woklab --diffusion=fs:scan=raster --gpu-policy=off --lookup-policy=none --palette-type=rgb -p 64 --snap-policy=nearest:timing=all:rate=0.75:channel_l=0.85 --mapfile-output=act:{palette} {input},{lsqa} '--loaders=builtin!' {input} -
85a2674e53a2d7b75c6944b5a87b04ee9ea182b1,macOS-26.5.1-arm64-arm-64bit,rate,1,smooth-gradient,smooth gradient,gradient,64,oklab,nearest,all,1.0,0.85,none,0.905273,4.992812,6.912246,64,192,0,0,0.0,0.0,0,117986,{img2sixel} --threads=1 --precision=float32 --quality=full '--loaders=builtin!' --sampling-policy=full-frame --binning-policy=hard --quantize-model=kmeans:seed=1:binbits=6 --merge-policy=none --cover-policy=off -Xoklab -Woklab --diffusion=fs:scan=raster --gpu-policy=off --lookup-policy=none --palette-type=rgb -p 64 --snap-policy=nearest:timing=all:rate=1:channel_l=0.85 --mapfile-output=act:{palette} {input},{lsqa} '--loaders=builtin!' {input} -
85a2674e53a2d7b75c6944b5a87b04ee9ea182b1,macOS-26.5.1-arm64-arm-64bit,rate,0,smooth-gradient,smooth gradient,gradient,64,cielab,none,off,0.0,0.85,none,0.854082,4.847812,5.593124,64,192,61,118,0.6145833333333334,0.6145833333333334,1,123295,{img2sixel} --threads=1 --precision=float32 --quality=full '--loaders=builtin!' --sampling-policy=full-frame --binning-policy=hard --quantize-model=kmeans:seed=1:binbits=6 --merge-policy=none --cover-policy=off -Xcielab -Wcielab --diffusion=fs:scan=raster --gpu-policy=off --lookup-policy=none --palette-type=rgb -p 64 --snap-policy=none --mapfile-output=act:{palette} {input},{lsqa} '--loaders=builtin!' {input} -
85a2674e53a2d7b75c6944b5a87b04ee9ea182b1,macOS-26.5.1-arm64-arm-64bit,rate,0.25,smooth-gradient,smooth gradient,gradient,64,cielab,nearest,all,0.25,0.85,none,0.860123,4.800743,5.57138,64,192,50,85,0.4427083333333333,0.4427083333333333,1,120806,{img2sixel} --threads=1 --precision=float32 --quality=full '--loaders=builtin!' --sampling-policy=full-frame --binning-policy=hard --quantize-model=kmeans:seed=1:binbits=6 --merge-policy=none --cover-policy=off -Xcielab -Wcielab --diffusion=fs:scan=raster --gpu-policy=off --lookup-policy=none --palette-type=rgb -p 64 --snap-policy=nearest:timing=all:rate=0.25:channel_l=0.85 --mapfile-output=act:{palette} {input},{lsqa} '--loaders=builtin!' {input} -
85a2674e53a2d7b75c6944b5a87b04ee9ea182b1,macOS-26.5.1-arm64-arm-64bit,rate,0.5,smooth-gradient,smooth gradient,gradient,64,cielab,nearest,all,0.5,0.85,none,0.863461,4.77533,5.393606,64,192,11,12,0.0625,0.0625,1,119730,{img2sixel} --threads=1 --precision=float32 --quality=full '--loaders=builtin!' --sampling-policy=full-frame --binning-policy=hard --quantize-model=kmeans:seed=1:binbits=6 --merge-policy=none --cover-policy=off -Xcielab -Wcielab --diffusion=fs:scan=raster --gpu-policy=off --lookup-policy=none --palette-type=rgb -p 64 --snap-policy=nearest:timing=all:rate=0.5:channel_l=0.85 --mapfile-output=act:{palette} {input},{lsqa} '--loaders=builtin!' {input} -
85a2674e53a2d7b75c6944b5a87b04ee9ea182b1,macOS-26.5.1-arm64-arm-64bit,rate,0.75,smooth-gradient,smooth gradient,gradient,64,cielab,nearest,all,0.75,0.85,none,0.854902,5.0178,5.911815,64,192,1,1,0.005208333333333333,0.005208333333333333,1,124176,{img2sixel} --threads=1 --precision=float32 --quality=full '--loaders=builtin!' --sampling-policy=full-frame --binning-policy=hard --quantize-model=kmeans:seed=1:binbits=6 --merge-policy=none --cover-policy=off -Xcielab -Wcielab --diffusion=fs:scan=raster --gpu-policy=off --lookup-policy=none --palette-type=rgb -p 64 --snap-policy=nearest:timing=all:rate=0.75:channel_l=0.85 --mapfile-output=act:{palette} {input},{lsqa} '--loaders=builtin!' {input} -
85a2674e53a2d7b75c6944b5a87b04ee9ea182b1,macOS-26.5.1-arm64-arm-64bit,rate,1,smooth-gradient,smooth gradient,gradient,64,cielab,nearest,all,1.0,0.85,none,0.858081,4.994628,5.829976,64,192,0,0,0.0,0.0,0,123650,{img2sixel} --threads=1 --precision=float32 --quality=full '--loaders=builtin!' --sampling-policy=full-frame --binning-policy=hard --quantize-model=kmeans:seed=1:binbits=6 --merge-policy=none --cover-policy=off -Xcielab -Wcielab --diffusion=fs:scan=raster --gpu-policy=off --lookup-policy=none --palette-type=rgb -p 64 --snap-policy=nearest:timing=all:rate=1:channel_l=0.85 --mapfile-output=act:{palette} {input},{lsqa} '--loaders=builtin!' {input} -
85a2674e53a2d7b75c6944b5a87b04ee9ea182b1,macOS-26.5.1-arm64-arm-64bit,rate,0,smooth-gradient,smooth gradient,gradient,64,din99d,none,off,0.0,0.85,none,0.883415,4.503571,6.221321,64,192,57,107,0.5572916666666666,0.5572916666666666,1,111832,{img2sixel} --threads=1 --precision=float32 --quality=full '--loaders=builtin!' --sampling-policy=full-frame --binning-policy=hard --quantize-model=kmeans:seed=1:binbits=6 --merge-policy=none --cover-policy=off -Xdin99d -Wdin99d --diffusion=fs:scan=raster --gpu-policy=off --lookup-policy=none --palette-type=rgb -p 64 --snap-policy=none --mapfile-output=act:{palette} {input},{lsqa} '--loaders=builtin!' {input} -
85a2674e53a2d7b75c6944b5a87b04ee9ea182b1,macOS-26.5.1-arm64-arm-64bit,rate,0.25,smooth-gradient,smooth gradient,gradient,64,din99d,nearest,all,0.25,0.85,none,0.886567,4.444828,6.134748,64,192,44,71,0.3697916666666667,0.3697916666666667,1,112860,{img2sixel} --threads=1 --precision=float32 --quality=full '--loaders=builtin!' --sampling-policy=full-frame --binning-policy=hard --quantize-model=kmeans:seed=1:binbits=6 --merge-policy=none --cover-policy=off -Xdin99d -Wdin99d --diffusion=fs:scan=raster --gpu-policy=off --lookup-policy=none --palette-type=rgb -p 64 --snap-policy=nearest:timing=all:rate=0.25:channel_l=0.85 --mapfile-output=act:{palette} {input},{lsqa} '--loaders=builtin!' {input} -
85a2674e53a2d7b75c6944b5a87b04ee9ea182b1,macOS-26.5.1-arm64-arm-64bit,rate,0.5,smooth-gradient,smooth gradient,gradient,64,din99d,nearest,all,0.5,0.85,none,0.888644,4.512862,6.322652,64,192,16,18,0.09375,0.09375,1,112893,{img2sixel} --threads=1 --precision=float32 --quality=full '--loaders=builtin!' --sampling-policy=full-frame --binning-policy=hard --quantize-model=kmeans:seed=1:binbits=6 --merge-policy=none --cover-policy=off -Xdin99d -Wdin99d --diffusion=fs:scan=raster --gpu-policy=off --lookup-policy=none --palette-type=rgb -p 64 --snap-policy=nearest:timing=all:rate=0.5:channel_l=0.85 --mapfile-output=act:{palette} {input},{lsqa} '--loaders=builtin!' {input} -
85a2674e53a2d7b75c6944b5a87b04ee9ea182b1,macOS-26.5.1-arm64-arm-64bit,rate,0.75,smooth-gradient,smooth gradient,gradient,64,din99d,nearest,all,0.75,0.85,none,0.885867,4.476186,6.208365,64,192,1,1,0.005208333333333333,0.005208333333333333,1,112951,{img2sixel} --threads=1 --precision=float32 --quality=full '--loaders=builtin!' --sampling-policy=full-frame --binning-policy=hard --quantize-model=kmeans:seed=1:binbits=6 --merge-policy=none --cover-policy=off -Xdin99d -Wdin99d --diffusion=fs:scan=raster --gpu-policy=off --lookup-policy=none --palette-type=rgb -p 64 --snap-policy=nearest:timing=all:rate=0.75:channel_l=0.85 --mapfile-output=act:{palette} {input},{lsqa} '--loaders=builtin!' {input} -
85a2674e53a2d7b75c6944b5a87b04ee9ea182b1,macOS-26.5.1-arm64-arm-64bit,rate,1,smooth-gradient,smooth gradient,gradient,64,din99d,nearest,all,1.0,0.85,none,0.884567,4.603995,6.46197,64,192,0,0,0.0,0.0,0,112525,{img2sixel} --threads=1 --precision=float32 --quality=full '--loaders=builtin!' --sampling-policy=full-frame --binning-policy=hard --quantize-model=kmeans:seed=1:binbits=6 --merge-policy=none --cover-policy=off -Xdin99d -Wdin99d --diffusion=fs:scan=raster --gpu-policy=off --lookup-policy=none --palette-type=rgb -p 64 --snap-policy=nearest:timing=all:rate=1:channel_l=0.85 --mapfile-output=act:{palette} {input},{lsqa} '--loaders=builtin!' {input} -
85a2674e53a2d7b75c6944b5a87b04ee9ea182b1,macOS-26.5.1-arm64-arm-64bit,rate,0,rare-colors,sparse rare colors,rare-color,64,gamma,none,off,0.0,0.85,none,0.990272,0.958396,0.221146,64,192,46,116,0.6041666666666666,0.6041666666666666,1,143353,{img2sixel} --threads=1 --precision=float32 --quality=full '--loaders=builtin!' --sampling-policy=full-frame --binning-policy=hard --quantize-model=kmeans:seed=1:binbits=6 --merge-policy=none --cover-policy=off -Xgamma -Wgamma --diffusion=fs:scan=raster --gpu-policy=off --lookup-policy=none --palette-type=rgb -p 64 --snap-policy=none --mapfile-output=act:{palette} {input},{lsqa} '--loaders=builtin!' {input} -
85a2674e53a2d7b75c6944b5a87b04ee9ea182b1,macOS-26.5.1-arm64-arm-64bit,rate,0.25,rare-colors,sparse rare colors,rare-color,64,gamma,nearest,all,0.25,0.85,none,0.99017,0.967552,0.222669,64,192,35,77,0.4010416666666667,0.4010416666666667,1,149438,{img2sixel} --threads=1 --precision=float32 --quality=full '--loaders=builtin!' --sampling-policy=full-frame --binning-policy=hard --quantize-model=kmeans:seed=1:binbits=6 --merge-policy=none --cover-policy=off -Xgamma -Wgamma --diffusion=fs:scan=raster --gpu-policy=off --lookup-policy=none --palette-type=rgb -p 64 --snap-policy=nearest:timing=all:rate=0.25:channel_l=0.85 --mapfile-output=act:{palette} {input},{lsqa} '--loaders=builtin!' {input} -
85a2674e53a2d7b75c6944b5a87b04ee9ea182b1,macOS-26.5.1-arm64-arm-64bit,rate,0.5,rare-colors,sparse rare colors,rare-color,64,gamma,nearest,all,0.5,0.85,none,0.990377,0.963764,0.220959,64,192,1,3,0.015625,0.015625,1,149756,{img2sixel} --threads=1 --precision=float32 --quality=full '--loaders=builtin!' --sampling-policy=full-frame --binning-policy=hard --quantize-model=kmeans:seed=1:binbits=6 --merge-policy=none --cover-policy=off -Xgamma -Wgamma --diffusion=fs:scan=raster --gpu-policy=off --lookup-policy=none --palette-type=rgb -p 64 --snap-policy=nearest:timing=all:rate=0.5:channel_l=0.85 --mapfile-output=act:{palette} {input},{lsqa} '--loaders=builtin!' {input} -
85a2674e53a2d7b75c6944b5a87b04ee9ea182b1,macOS-26.5.1-arm64-arm-64bit,rate,0.75,rare-colors,sparse rare colors,rare-color,64,gamma,nearest,all,0.75,0.85,none,0.990466,0.964312,0.222238,64,192,0,0,0.0,0.0,0,148326,{img2sixel} --threads=1 --precision=float32 --quality=full '--loaders=builtin!' --sampling-policy=full-frame --binning-policy=hard --quantize-model=kmeans:seed=1:binbits=6 --merge-policy=none --cover-policy=off -Xgamma -Wgamma --diffusion=fs:scan=raster --gpu-policy=off --lookup-policy=none --palette-type=rgb -p 64 --snap-policy=nearest:timing=all:rate=0.75:channel_l=0.85 --mapfile-output=act:{palette} {input},{lsqa} '--loaders=builtin!' {input} -
85a2674e53a2d7b75c6944b5a87b04ee9ea182b1,macOS-26.5.1-arm64-arm-64bit,rate,1,rare-colors,sparse rare colors,rare-color,64,gamma,nearest,all,1.0,0.85,none,0.990526,0.966402,0.223886,64,192,0,0,0.0,0.0,0,147710,{img2sixel} --threads=1 --precision=float32 --quality=full '--loaders=builtin!' --sampling-policy=full-frame --binning-policy=hard --quantize-model=kmeans:seed=1:binbits=6 --merge-policy=none --cover-policy=off -Xgamma -Wgamma --diffusion=fs:scan=raster --gpu-policy=off --lookup-policy=none --palette-type=rgb -p 64 --snap-policy=nearest:timing=all:rate=1:channel_l=0.85 --mapfile-output=act:{palette} {input},{lsqa} '--loaders=builtin!' {input} -
85a2674e53a2d7b75c6944b5a87b04ee9ea182b1,macOS-26.5.1-arm64-arm-64bit,rate,0,rare-colors,sparse rare colors,rare-color,64,linear,none,off,0.0,0.85,none,0.971988,1.224194,0.261698,64,192,47,124,0.6458333333333334,0.6458333333333334,1,145185,{img2sixel} --threads=1 --precision=float32 --quality=full '--loaders=builtin!' --sampling-policy=full-frame --binning-policy=hard --quantize-model=kmeans:seed=1:binbits=6 --merge-policy=none --cover-policy=off -Xlinear -Wlinear --diffusion=fs:scan=raster --gpu-policy=off --lookup-policy=none --palette-type=rgb -p 64 --snap-policy=none --mapfile-output=act:{palette} {input},{lsqa} '--loaders=builtin!' {input} -
85a2674e53a2d7b75c6944b5a87b04ee9ea182b1,macOS-26.5.1-arm64-arm-64bit,rate,0.25,rare-colors,sparse rare colors,rare-color,64,linear,nearest,all,0.25,0.85,none,0.971888,1.213643,0.262869,64,192,36,79,0.4114583333333333,0.4114583333333333,1,144192,{img2sixel} --threads=1 --precision=float32 --quality=full '--loaders=builtin!' --sampling-policy=full-frame --binning-policy=hard --quantize-model=kmeans:seed=1:binbits=6 --merge-policy=none --cover-policy=off -Xlinear -Wlinear --diffusion=fs:scan=raster --gpu-policy=off --lookup-policy=none --palette-type=rgb -p 64 --snap-policy=nearest:timing=all:rate=0.25:channel_l=0.85 --mapfile-output=act:{palette} {input},{lsqa} '--loaders=builtin!' {input} -
85a2674e53a2d7b75c6944b5a87b04ee9ea182b1,macOS-26.5.1-arm64-arm-64bit,rate,0.5,rare-colors,sparse rare colors,rare-color,64,linear,nearest,all,0.5,0.85,none,0.98107,1.027776,0.262114,64,192,0,0,0.0,0.0,0,147235,{img2sixel} --threads=1 --precision=float32 --quality=full '--loaders=builtin!' --sampling-policy=full-frame --binning-policy=hard --quantize-model=kmeans:seed=1:binbits=6 --merge-policy=none --cover-policy=off -Xlinear -Wlinear --diffusion=fs:scan=raster --gpu-policy=off --lookup-policy=none --palette-type=rgb -p 64 --snap-policy=nearest:timing=all:rate=0.5:channel_l=0.85 --mapfile-output=act:{palette} {input},{lsqa} '--loaders=builtin!' {input} -
85a2674e53a2d7b75c6944b5a87b04ee9ea182b1,macOS-26.5.1-arm64-arm-64bit,rate,0.75,rare-colors,sparse rare colors,rare-color,64,linear,nearest,all,0.75,0.85,none,0.981199,1.031549,0.260862,64,192,0,0,0.0,0.0,0,146660,{img2sixel} --threads=1 --precision=float32 --quality=full '--loaders=builtin!' --sampling-policy=full-frame --binning-policy=hard --quantize-model=kmeans:seed=1:binbits=6 --merge-policy=none --cover-policy=off -Xlinear -Wlinear --diffusion=fs:scan=raster --gpu-policy=off --lookup-policy=none --palette-type=rgb -p 64 --snap-policy=nearest:timing=all:rate=0.75:channel_l=0.85 --mapfile-output=act:{palette} {input},{lsqa} '--loaders=builtin!' {input} -
85a2674e53a2d7b75c6944b5a87b04ee9ea182b1,macOS-26.5.1-arm64-arm-64bit,rate,1,rare-colors,sparse rare colors,rare-color,64,linear,nearest,all,1.0,0.85,none,0.981238,1.032456,0.261778,64,192,0,0,0.0,0.0,0,147624,{img2sixel} --threads=1 --precision=float32 --quality=full '--loaders=builtin!' --sampling-policy=full-frame --binning-policy=hard --quantize-model=kmeans:seed=1:binbits=6 --merge-policy=none --cover-policy=off -Xlinear -Wlinear --diffusion=fs:scan=raster --gpu-policy=off --lookup-policy=none --palette-type=rgb -p 64 --snap-policy=nearest:timing=all:rate=1:channel_l=0.85 --mapfile-output=act:{palette} {input},{lsqa} '--loaders=builtin!' {input} -
85a2674e53a2d7b75c6944b5a87b04ee9ea182b1,macOS-26.5.1-arm64-arm-64bit,rate,0,rare-colors,sparse rare colors,rare-color,64,oklab,none,off,0.0,0.85,none,0.982212,2.350059,2.035756,64,192,61,111,0.578125,0.578125,1,164963,{img2sixel} --threads=1 --precision=float32 --quality=full '--loaders=builtin!' --sampling-policy=full-frame --binning-policy=hard --quantize-model=kmeans:seed=1:binbits=6 --merge-policy=none --cover-policy=off -Xoklab -Woklab --diffusion=fs:scan=raster --gpu-policy=off --lookup-policy=none --palette-type=rgb -p 64 --snap-policy=none --mapfile-output=act:{palette} {input},{lsqa} '--loaders=builtin!' {input} -
85a2674e53a2d7b75c6944b5a87b04ee9ea182b1,macOS-26.5.1-arm64-arm-64bit,rate,0.25,rare-colors,sparse rare colors,rare-color,64,oklab,nearest,all,0.25,0.85,none,0.989753,1.62638,0.995998,64,192,49,106,0.5520833333333334,0.5520833333333334,1,149542,{img2sixel} --threads=1 --precision=float32 --quality=full '--loaders=builtin!' --sampling-policy=full-frame --binning-policy=hard --quantize-model=kmeans:seed=1:binbits=6 --merge-policy=none --cover-policy=off -Xoklab -Woklab --diffusion=fs:scan=raster --gpu-policy=off --lookup-policy=none --palette-type=rgb -p 64 --snap-policy=nearest:timing=all:rate=0.25:channel_l=0.85 --mapfile-output=act:{palette} {input},{lsqa} '--loaders=builtin!' {input} -
85a2674e53a2d7b75c6944b5a87b04ee9ea182b1,macOS-26.5.1-arm64-arm-64bit,rate,0.5,rare-colors,sparse rare colors,rare-color,64,oklab,nearest,all,0.5,0.85,none,0.988753,1.720411,1.042344,64,192,17,19,0.09895833333333333,0.09895833333333333,1,159119,{img2sixel} --threads=1 --precision=float32 --quality=full '--loaders=builtin!' --sampling-policy=full-frame --binning-policy=hard --quantize-model=kmeans:seed=1:binbits=6 --merge-policy=none --cover-policy=off -Xoklab -Woklab --diffusion=fs:scan=raster --gpu-policy=off --lookup-policy=none --palette-type=rgb -p 64 --snap-policy=nearest:timing=all:rate=0.5:channel_l=0.85 --mapfile-output=act:{palette} {input},{lsqa} '--loaders=builtin!' {input} -
85a2674e53a2d7b75c6944b5a87b04ee9ea182b1,macOS-26.5.1-arm64-arm-64bit,rate,0.75,rare-colors,sparse rare colors,rare-color,64,oklab,nearest,all,0.75,0.85,none,0.988157,1.759699,1.053245,64,192,3,3,0.015625,0.015625,1,164712,{img2sixel} --threads=1 --precision=float32 --quality=full '--loaders=builtin!' --sampling-policy=full-frame --binning-policy=hard --quantize-model=kmeans:seed=1:binbits=6 --merge-policy=none --cover-policy=off -Xoklab -Woklab --diffusion=fs:scan=raster --gpu-policy=off --lookup-policy=none --palette-type=rgb -p 64 --snap-policy=nearest:timing=all:rate=0.75:channel_l=0.85 --mapfile-output=act:{palette} {input},{lsqa} '--loaders=builtin!' {input} -
85a2674e53a2d7b75c6944b5a87b04ee9ea182b1,macOS-26.5.1-arm64-arm-64bit,rate,1,rare-colors,sparse rare colors,rare-color,64,oklab,nearest,all,1.0,0.85,none,0.987859,1.771748,1.053584,64,192,0,0,0.0,0.0,0,166305,{img2sixel} --threads=1 --precision=float32 --quality=full '--loaders=builtin!' --sampling-policy=full-frame --binning-policy=hard --quantize-model=kmeans:seed=1:binbits=6 --merge-policy=none --cover-policy=off -Xoklab -Woklab --diffusion=fs:scan=raster --gpu-policy=off --lookup-policy=none --palette-type=rgb -p 64 --snap-policy=nearest:timing=all:rate=1:channel_l=0.85 --mapfile-output=act:{palette} {input},{lsqa} '--loaders=builtin!' {input} -
85a2674e53a2d7b75c6944b5a87b04ee9ea182b1,macOS-26.5.1-arm64-arm-64bit,rate,0,rare-colors,sparse rare colors,rare-color,64,cielab,none,off,0.0,0.85,none,0.969061,2.660339,2.178856,64,192,59,110,0.5729166666666666,0.5729166666666666,1,207843,{img2sixel} --threads=1 --precision=float32 --quality=full '--loaders=builtin!' --sampling-policy=full-frame --binning-policy=hard --quantize-model=kmeans:seed=1:binbits=6 --merge-policy=none --cover-policy=off -Xcielab -Wcielab --diffusion=fs:scan=raster --gpu-policy=off --lookup-policy=none --palette-type=rgb -p 64 --snap-policy=none --mapfile-output=act:{palette} {input},{lsqa} '--loaders=builtin!' {input} -
85a2674e53a2d7b75c6944b5a87b04ee9ea182b1,macOS-26.5.1-arm64-arm-64bit,rate,0.25,rare-colors,sparse rare colors,rare-color,64,cielab,nearest,all,0.25,0.85,none,0.989452,1.385757,0.580911,64,192,34,73,0.3802083333333333,0.3802083333333333,1,164452,{img2sixel} --threads=1 --precision=float32 --quality=full '--loaders=builtin!' --sampling-policy=full-frame --binning-policy=hard --quantize-model=kmeans:seed=1:binbits=6 --merge-policy=none --cover-policy=off -Xcielab -Wcielab --diffusion=fs:scan=raster --gpu-policy=off --lookup-policy=none --palette-type=rgb -p 64 --snap-policy=nearest:timing=all:rate=0.25:channel_l=0.85 --mapfile-output=act:{palette} {input},{lsqa} '--loaders=builtin!' {input} -
85a2674e53a2d7b75c6944b5a87b04ee9ea182b1,macOS-26.5.1-arm64-arm-64bit,rate,0.5,rare-colors,sparse rare colors,rare-color,64,cielab,nearest,all,0.5,0.85,none,0.986767,1.602127,0.650991,64,192,9,11,0.057291666666666664,0.057291666666666664,1,174319,{img2sixel} --threads=1 --precision=float32 --quality=full '--loaders=builtin!' --sampling-policy=full-frame --binning-policy=hard --quantize-model=kmeans:seed=1:binbits=6 --merge-policy=none --cover-policy=off -Xcielab -Wcielab --diffusion=fs:scan=raster --gpu-policy=off --lookup-policy=none --palette-type=rgb -p 64 --snap-policy=nearest:timing=all:rate=0.5:channel_l=0.85 --mapfile-output=act:{palette} {input},{lsqa} '--loaders=builtin!' {input} -
85a2674e53a2d7b75c6944b5a87b04ee9ea182b1,macOS-26.5.1-arm64-arm-64bit,rate,0.75,rare-colors,sparse rare colors,rare-color,64,cielab,nearest,all,0.75,0.85,none,0.985698,1.665976,0.63334,64,192,1,1,0.005208333333333333,0.005208333333333333,1,175514,{img2sixel} --threads=1 --precision=float32 --quality=full '--loaders=builtin!' --sampling-policy=full-frame --binning-policy=hard --quantize-model=kmeans:seed=1:binbits=6 --merge-policy=none --cover-policy=off -Xcielab -Wcielab --diffusion=fs:scan=raster --gpu-policy=off --lookup-policy=none --palette-type=rgb -p 64 --snap-policy=nearest:timing=all:rate=0.75:channel_l=0.85 --mapfile-output=act:{palette} {input},{lsqa} '--loaders=builtin!' {input} -
85a2674e53a2d7b75c6944b5a87b04ee9ea182b1,macOS-26.5.1-arm64-arm-64bit,rate,1,rare-colors,sparse rare colors,rare-color,64,cielab,nearest,all,1.0,0.85,none,0.9855,1.683048,0.63023,64,192,0,0,0.0,0.0,0,175842,{img2sixel} --threads=1 --precision=float32 --quality=full '--loaders=builtin!' --sampling-policy=full-frame --binning-policy=hard --quantize-model=kmeans:seed=1:binbits=6 --merge-policy=none --cover-policy=off -Xcielab -Wcielab --diffusion=fs:scan=raster --gpu-policy=off --lookup-policy=none --palette-type=rgb -p 64 --snap-policy=nearest:timing=all:rate=1:channel_l=0.85 --mapfile-output=act:{palette} {input},{lsqa} '--loaders=builtin!' {input} -
85a2674e53a2d7b75c6944b5a87b04ee9ea182b1,macOS-26.5.1-arm64-arm-64bit,rate,0,rare-colors,sparse rare colors,rare-color,64,din99d,none,off,0.0,0.85,none,0.982345,1.487001,1.079866,64,192,62,115,0.5989583333333334,0.5989583333333334,1,186554,{img2sixel} --threads=1 --precision=float32 --quality=full '--loaders=builtin!' --sampling-policy=full-frame --binning-policy=hard --quantize-model=kmeans:seed=1:binbits=6 --merge-policy=none --cover-policy=off -Xdin99d -Wdin99d --diffusion=fs:scan=raster --gpu-policy=off --lookup-policy=none --palette-type=rgb -p 64 --snap-policy=none --mapfile-output=act:{palette} {input},{lsqa} '--loaders=builtin!' {input} -
85a2674e53a2d7b75c6944b5a87b04ee9ea182b1,macOS-26.5.1-arm64-arm-64bit,rate,0.25,rare-colors,sparse rare colors,rare-color,64,din99d,nearest,all,0.25,0.85,none,0.991267,0.802917,0.236681,64,192,38,91,0.4739583333333333,0.4739583333333333,1,156229,{img2sixel} --threads=1 --precision=float32 --quality=full '--loaders=builtin!' --sampling-policy=full-frame --binning-policy=hard --quantize-model=kmeans:seed=1:binbits=6 --merge-policy=none --cover-policy=off -Xdin99d -Wdin99d --diffusion=fs:scan=raster --gpu-policy=off --lookup-policy=none --palette-type=rgb -p 64 --snap-policy=nearest:timing=all:rate=0.25:channel_l=0.85 --mapfile-output=act:{palette} {input},{lsqa} '--loaders=builtin!' {input} -
85a2674e53a2d7b75c6944b5a87b04ee9ea182b1,macOS-26.5.1-arm64-arm-64bit,rate,0.5,rare-colors,sparse rare colors,rare-color,64,din99d,nearest,all,0.5,0.85,none,0.991357,0.810152,0.233638,64,192,4,4,0.020833333333333332,0.020833333333333332,1,156581,{img2sixel} --threads=1 --precision=float32 --quality=full '--loaders=builtin!' --sampling-policy=full-frame --binning-policy=hard --quantize-model=kmeans:seed=1:binbits=6 --merge-policy=none --cover-policy=off -Xdin99d -Wdin99d --diffusion=fs:scan=raster --gpu-policy=off --lookup-policy=none --palette-type=rgb -p 64 --snap-policy=nearest:timing=all:rate=0.5:channel_l=0.85 --mapfile-output=act:{palette} {input},{lsqa} '--loaders=builtin!' {input} -
85a2674e53a2d7b75c6944b5a87b04ee9ea182b1,macOS-26.5.1-arm64-arm-64bit,rate,0.75,rare-colors,sparse rare colors,rare-color,64,din99d,nearest,all,0.75,0.85,none,0.99136,0.813749,0.231587,64,192,0,0,0.0,0.0,0,155144,{img2sixel} --threads=1 --precision=float32 --quality=full '--loaders=builtin!' --sampling-policy=full-frame --binning-policy=hard --quantize-model=kmeans:seed=1:binbits=6 --merge-policy=none --cover-policy=off -Xdin99d -Wdin99d --diffusion=fs:scan=raster --gpu-policy=off --lookup-policy=none --palette-type=rgb -p 64 --snap-policy=nearest:timing=all:rate=0.75:channel_l=0.85 --mapfile-output=act:{palette} {input},{lsqa} '--loaders=builtin!' {input} -
85a2674e53a2d7b75c6944b5a87b04ee9ea182b1,macOS-26.5.1-arm64-arm-64bit,rate,1,rare-colors,sparse rare colors,rare-color,64,din99d,nearest,all,1.0,0.85,none,0.99148,0.831641,0.232579,64,192,0,0,0.0,0.0,0,155164,{img2sixel} --threads=1 --precision=float32 --quality=full '--loaders=builtin!' --sampling-policy=full-frame --binning-policy=hard --quantize-model=kmeans:seed=1:binbits=6 --merge-policy=none --cover-policy=off -Xdin99d -Wdin99d --diffusion=fs:scan=raster --gpu-policy=off --lookup-policy=none --palette-type=rgb -p 64 --snap-policy=nearest:timing=all:rate=1:channel_l=0.85 --mapfile-output=act:{palette} {input},{lsqa} '--loaders=builtin!' {input} -
85a2674e53a2d7b75c6944b5a87b04ee9ea182b1,macOS-26.5.1-arm64-arm-64bit,rate,0,a98-gamut,Adobe RGB gamut ramps,broad-gamut,64,gamma,none,off,0.0,0.85,none,0.946294,3.623102,3.92873,64,192,55,78,0.40625,0.40625,1,123209,{img2sixel} --threads=1 --precision=float32 --quality=full '--loaders=builtin!' --sampling-policy=full-frame --binning-policy=hard --quantize-model=kmeans:seed=1:binbits=6 --merge-policy=none --cover-policy=off -Xgamma -Wgamma --diffusion=fs:scan=raster --gpu-policy=off --lookup-policy=none --palette-type=rgb -p 64 --snap-policy=none --mapfile-output=act:{palette} {input},{lsqa} '--loaders=builtin!' {input} -
85a2674e53a2d7b75c6944b5a87b04ee9ea182b1,macOS-26.5.1-arm64-arm-64bit,rate,0.25,a98-gamut,Adobe RGB gamut ramps,broad-gamut,64,gamma,nearest,all,0.25,0.85,none,0.945494,3.646361,3.944026,64,192,39,49,0.2552083333333333,0.2552083333333333,1,124687,{img2sixel} --threads=1 --precision=float32 --quality=full '--loaders=builtin!' --sampling-policy=full-frame --binning-policy=hard --quantize-model=kmeans:seed=1:binbits=6 --merge-policy=none --cover-policy=off -Xgamma -Wgamma --diffusion=fs:scan=raster --gpu-policy=off --lookup-policy=none --palette-type=rgb -p 64 --snap-policy=nearest:timing=all:rate=0.25:channel_l=0.85 --mapfile-output=act:{palette} {input},{lsqa} '--loaders=builtin!' {input} -
85a2674e53a2d7b75c6944b5a87b04ee9ea182b1,macOS-26.5.1-arm64-arm-64bit,rate,0.5,a98-gamut,Adobe RGB gamut ramps,broad-gamut,64,gamma,nearest,all,0.5,0.85,none,0.947657,3.693794,3.996972,64,192,0,0,0.0,0.0,0,122493,{img2sixel} --threads=1 --precision=float32 --quality=full '--loaders=builtin!' --sampling-policy=full-frame --binning-policy=hard --quantize-model=kmeans:seed=1:binbits=6 --merge-policy=none --cover-policy=off -Xgamma -Wgamma --diffusion=fs:scan=raster --gpu-policy=off --lookup-policy=none --palette-type=rgb -p 64 --snap-policy=nearest:timing=all:rate=0.5:channel_l=0.85 --mapfile-output=act:{palette} {input},{lsqa} '--loaders=builtin!' {input} -
85a2674e53a2d7b75c6944b5a87b04ee9ea182b1,macOS-26.5.1-arm64-arm-64bit,rate,0.75,a98-gamut,Adobe RGB gamut ramps,broad-gamut,64,gamma,nearest,all,0.75,0.85,none,0.947402,3.682521,3.94238,64,192,0,0,0.0,0.0,0,121806,{img2sixel} --threads=1 --precision=float32 --quality=full '--loaders=builtin!' --sampling-policy=full-frame --binning-policy=hard --quantize-model=kmeans:seed=1:binbits=6 --merge-policy=none --cover-policy=off -Xgamma -Wgamma --diffusion=fs:scan=raster --gpu-policy=off --lookup-policy=none --palette-type=rgb -p 64 --snap-policy=nearest:timing=all:rate=0.75:channel_l=0.85 --mapfile-output=act:{palette} {input},{lsqa} '--loaders=builtin!' {input} -
85a2674e53a2d7b75c6944b5a87b04ee9ea182b1,macOS-26.5.1-arm64-arm-64bit,rate,1,a98-gamut,Adobe RGB gamut ramps,broad-gamut,64,gamma,nearest,all,1.0,0.85,none,0.947816,3.734842,3.954018,64,192,0,0,0.0,0.0,0,123528,{img2sixel} --threads=1 --precision=float32 --quality=full '--loaders=builtin!' --sampling-policy=full-frame --binning-policy=hard --quantize-model=kmeans:seed=1:binbits=6 --merge-policy=none --cover-policy=off -Xgamma -Wgamma --diffusion=fs:scan=raster --gpu-policy=off --lookup-policy=none --palette-type=rgb -p 64 --snap-policy=nearest:timing=all:rate=1:channel_l=0.85 --mapfile-output=act:{palette} {input},{lsqa} '--loaders=builtin!' {input} -
85a2674e53a2d7b75c6944b5a87b04ee9ea182b1,macOS-26.5.1-arm64-arm-64bit,rate,0,a98-gamut,Adobe RGB gamut ramps,broad-gamut,64,linear,none,off,0.0,0.85,none,0.932542,4.389265,4.257329,64,192,49,71,0.3697916666666667,0.3697916666666667,1,117314,{img2sixel} --threads=1 --precision=float32 --quality=full '--loaders=builtin!' --sampling-policy=full-frame --binning-policy=hard --quantize-model=kmeans:seed=1:binbits=6 --merge-policy=none --cover-policy=off -Xlinear -Wlinear --diffusion=fs:scan=raster --gpu-policy=off --lookup-policy=none --palette-type=rgb -p 64 --snap-policy=none --mapfile-output=act:{palette} {input},{lsqa} '--loaders=builtin!' {input} -
85a2674e53a2d7b75c6944b5a87b04ee9ea182b1,macOS-26.5.1-arm64-arm-64bit,rate,0.25,a98-gamut,Adobe RGB gamut ramps,broad-gamut,64,linear,nearest,all,0.25,0.85,none,0.931981,4.450234,4.299278,64,192,21,25,0.13020833333333334,0.13020833333333334,1,117215,{img2sixel} --threads=1 --precision=float32 --quality=full '--loaders=builtin!' --sampling-policy=full-frame --binning-policy=hard --quantize-model=kmeans:seed=1:binbits=6 --merge-policy=none --cover-policy=off -Xlinear -Wlinear --diffusion=fs:scan=raster --gpu-policy=off --lookup-policy=none --palette-type=rgb -p 64 --snap-policy=nearest:timing=all:rate=0.25:channel_l=0.85 --mapfile-output=act:{palette} {input},{lsqa} '--loaders=builtin!' {input} -
85a2674e53a2d7b75c6944b5a87b04ee9ea182b1,macOS-26.5.1-arm64-arm-64bit,rate,0.5,a98-gamut,Adobe RGB gamut ramps,broad-gamut,64,linear,nearest,all,0.5,0.85,none,0.930057,4.483878,4.276507,64,192,0,0,0.0,0.0,0,117382,{img2sixel} --threads=1 --precision=float32 --quality=full '--loaders=builtin!' --sampling-policy=full-frame --binning-policy=hard --quantize-model=kmeans:seed=1:binbits=6 --merge-policy=none --cover-policy=off -Xlinear -Wlinear --diffusion=fs:scan=raster --gpu-policy=off --lookup-policy=none --palette-type=rgb -p 64 --snap-policy=nearest:timing=all:rate=0.5:channel_l=0.85 --mapfile-output=act:{palette} {input},{lsqa} '--loaders=builtin!' {input} -
85a2674e53a2d7b75c6944b5a87b04ee9ea182b1,macOS-26.5.1-arm64-arm-64bit,rate,0.75,a98-gamut,Adobe RGB gamut ramps,broad-gamut,64,linear,nearest,all,0.75,0.85,none,0.92846,4.565667,4.424529,64,192,0,0,0.0,0.0,0,119872,{img2sixel} --threads=1 --precision=float32 --quality=full '--loaders=builtin!' --sampling-policy=full-frame --binning-policy=hard --quantize-model=kmeans:seed=1:binbits=6 --merge-policy=none --cover-policy=off -Xlinear -Wlinear --diffusion=fs:scan=raster --gpu-policy=off --lookup-policy=none --palette-type=rgb -p 64 --snap-policy=nearest:timing=all:rate=0.75:channel_l=0.85 --mapfile-output=act:{palette} {input},{lsqa} '--loaders=builtin!' {input} -
85a2674e53a2d7b75c6944b5a87b04ee9ea182b1,macOS-26.5.1-arm64-arm-64bit,rate,1,a98-gamut,Adobe RGB gamut ramps,broad-gamut,64,linear,nearest,all,1.0,0.85,none,0.922575,4.604708,4.363899,64,192,0,0,0.0,0.0,0,118224,{img2sixel} --threads=1 --precision=float32 --quality=full '--loaders=builtin!' --sampling-policy=full-frame --binning-policy=hard --quantize-model=kmeans:seed=1:binbits=6 --merge-policy=none --cover-policy=off -Xlinear -Wlinear --diffusion=fs:scan=raster --gpu-policy=off --lookup-policy=none --palette-type=rgb -p 64 --snap-policy=nearest:timing=all:rate=1:channel_l=0.85 --mapfile-output=act:{palette} {input},{lsqa} '--loaders=builtin!' {input} -
85a2674e53a2d7b75c6944b5a87b04ee9ea182b1,macOS-26.5.1-arm64-arm-64bit,rate,0,a98-gamut,Adobe RGB gamut ramps,broad-gamut,64,oklab,none,off,0.0,0.85,none,0.941727,4.160183,4.443392,64,192,63,108,0.5625,0.5625,1,126175,{img2sixel} --threads=1 --precision=float32 --quality=full '--loaders=builtin!' --sampling-policy=full-frame --binning-policy=hard --quantize-model=kmeans:seed=1:binbits=6 --merge-policy=none --cover-policy=off -Xoklab -Woklab --diffusion=fs:scan=raster --gpu-policy=off --lookup-policy=none --palette-type=rgb -p 64 --snap-policy=none --mapfile-output=act:{palette} {input},{lsqa} '--loaders=builtin!' {input} -
85a2674e53a2d7b75c6944b5a87b04ee9ea182b1,macOS-26.5.1-arm64-arm-64bit,rate,0.25,a98-gamut,Adobe RGB gamut ramps,broad-gamut,64,oklab,nearest,all,0.25,0.85,none,0.944091,3.84517,4.27423,64,192,53,84,0.4375,0.4375,1,123337,{img2sixel} --threads=1 --precision=float32 --quality=full '--loaders=builtin!' --sampling-policy=full-frame --binning-policy=hard --quantize-model=kmeans:seed=1:binbits=6 --merge-policy=none --cover-policy=off -Xoklab -Woklab --diffusion=fs:scan=raster --gpu-policy=off --lookup-policy=none --palette-type=rgb -p 64 --snap-policy=nearest:timing=all:rate=0.25:channel_l=0.85 --mapfile-output=act:{palette} {input},{lsqa} '--loaders=builtin!' {input} -
85a2674e53a2d7b75c6944b5a87b04ee9ea182b1,macOS-26.5.1-arm64-arm-64bit,rate,0.5,a98-gamut,Adobe RGB gamut ramps,broad-gamut,64,oklab,nearest,all,0.5,0.85,none,0.943657,4.116104,4.379081,64,192,28,35,0.18229166666666666,0.18229166666666666,1,122312,{img2sixel} --threads=1 --precision=float32 --quality=full '--loaders=builtin!' --sampling-policy=full-frame --binning-policy=hard --quantize-model=kmeans:seed=1:binbits=6 --merge-policy=none --cover-policy=off -Xoklab -Woklab --diffusion=fs:scan=raster --gpu-policy=off --lookup-policy=none --palette-type=rgb -p 64 --snap-policy=nearest:timing=all:rate=0.5:channel_l=0.85 --mapfile-output=act:{palette} {input},{lsqa} '--loaders=builtin!' {input} -
85a2674e53a2d7b75c6944b5a87b04ee9ea182b1,macOS-26.5.1-arm64-arm-64bit,rate,0.75,a98-gamut,Adobe RGB gamut ramps,broad-gamut,64,oklab,nearest,all,0.75,0.85,none,0.94471,4.034803,4.262767,64,192,20,21,0.109375,0.109375,1,121127,{img2sixel} --threads=1 --precision=float32 --quality=full '--loaders=builtin!' --sampling-policy=full-frame --binning-policy=hard --quantize-model=kmeans:seed=1:binbits=6 --merge-policy=none --cover-policy=off -Xoklab -Woklab --diffusion=fs:scan=raster --gpu-policy=off --lookup-policy=none --palette-type=rgb -p 64 --snap-policy=nearest:timing=all:rate=0.75:channel_l=0.85 --mapfile-output=act:{palette} {input},{lsqa} '--loaders=builtin!' {input} -
85a2674e53a2d7b75c6944b5a87b04ee9ea182b1,macOS-26.5.1-arm64-arm-64bit,rate,1,a98-gamut,Adobe RGB gamut ramps,broad-gamut,64,oklab,nearest,all,1.0,0.85,none,0.953715,3.805851,4.313609,64,192,0,0,0.0,0.0,0,121882,{img2sixel} --threads=1 --precision=float32 --quality=full '--loaders=builtin!' --sampling-policy=full-frame --binning-policy=hard --quantize-model=kmeans:seed=1:binbits=6 --merge-policy=none --cover-policy=off -Xoklab -Woklab --diffusion=fs:scan=raster --gpu-policy=off --lookup-policy=none --palette-type=rgb -p 64 --snap-policy=nearest:timing=all:rate=1:channel_l=0.85 --mapfile-output=act:{palette} {input},{lsqa} '--loaders=builtin!' {input} -
85a2674e53a2d7b75c6944b5a87b04ee9ea182b1,macOS-26.5.1-arm64-arm-64bit,rate,0,a98-gamut,Adobe RGB gamut ramps,broad-gamut,64,cielab,none,off,0.0,0.85,none,0.935748,3.606276,3.679346,64,192,56,95,0.4947916666666667,0.4947916666666667,1,122033,{img2sixel} --threads=1 --precision=float32 --quality=full '--loaders=builtin!' --sampling-policy=full-frame --binning-policy=hard --quantize-model=kmeans:seed=1:binbits=6 --merge-policy=none --cover-policy=off -Xcielab -Wcielab --diffusion=fs:scan=raster --gpu-policy=off --lookup-policy=none --palette-type=rgb -p 64 --snap-policy=none --mapfile-output=act:{palette} {input},{lsqa} '--loaders=builtin!' {input} -
85a2674e53a2d7b75c6944b5a87b04ee9ea182b1,macOS-26.5.1-arm64-arm-64bit,rate,0.25,a98-gamut,Adobe RGB gamut ramps,broad-gamut,64,cielab,nearest,all,0.25,0.85,none,0.935835,3.616016,3.457806,64,192,45,59,0.3072916666666667,0.3072916666666667,1,121133,{img2sixel} --threads=1 --precision=float32 --quality=full '--loaders=builtin!' --sampling-policy=full-frame --binning-policy=hard --quantize-model=kmeans:seed=1:binbits=6 --merge-policy=none --cover-policy=off -Xcielab -Wcielab --diffusion=fs:scan=raster --gpu-policy=off --lookup-policy=none --palette-type=rgb -p 64 --snap-policy=nearest:timing=all:rate=0.25:channel_l=0.85 --mapfile-output=act:{palette} {input},{lsqa} '--loaders=builtin!' {input} -
85a2674e53a2d7b75c6944b5a87b04ee9ea182b1,macOS-26.5.1-arm64-arm-64bit,rate,0.5,a98-gamut,Adobe RGB gamut ramps,broad-gamut,64,cielab,nearest,all,0.5,0.85,none,0.93999,3.633363,3.563125,64,192,22,22,0.11458333333333333,0.11458333333333333,1,122644,{img2sixel} --threads=1 --precision=float32 --quality=full '--loaders=builtin!' --sampling-policy=full-frame --binning-policy=hard --quantize-model=kmeans:seed=1:binbits=6 --merge-policy=none --cover-policy=off -Xcielab -Wcielab --diffusion=fs:scan=raster --gpu-policy=off --lookup-policy=none --palette-type=rgb -p 64 --snap-policy=nearest:timing=all:rate=0.5:channel_l=0.85 --mapfile-output=act:{palette} {input},{lsqa} '--loaders=builtin!' {input} -
85a2674e53a2d7b75c6944b5a87b04ee9ea182b1,macOS-26.5.1-arm64-arm-64bit,rate,0.75,a98-gamut,Adobe RGB gamut ramps,broad-gamut,64,cielab,nearest,all,0.75,0.85,none,0.940136,3.656409,3.602219,64,192,18,18,0.09375,0.09375,1,122550,{img2sixel} --threads=1 --precision=float32 --quality=full '--loaders=builtin!' --sampling-policy=full-frame --binning-policy=hard --quantize-model=kmeans:seed=1:binbits=6 --merge-policy=none --cover-policy=off -Xcielab -Wcielab --diffusion=fs:scan=raster --gpu-policy=off --lookup-policy=none --palette-type=rgb -p 64 --snap-policy=nearest:timing=all:rate=0.75:channel_l=0.85 --mapfile-output=act:{palette} {input},{lsqa} '--loaders=builtin!' {input} -
85a2674e53a2d7b75c6944b5a87b04ee9ea182b1,macOS-26.5.1-arm64-arm-64bit,rate,1,a98-gamut,Adobe RGB gamut ramps,broad-gamut,64,cielab,nearest,all,1.0,0.85,none,0.939601,3.629469,3.647645,64,192,0,0,0.0,0.0,0,123558,{img2sixel} --threads=1 --precision=float32 --quality=full '--loaders=builtin!' --sampling-policy=full-frame --binning-policy=hard --quantize-model=kmeans:seed=1:binbits=6 --merge-policy=none --cover-policy=off -Xcielab -Wcielab --diffusion=fs:scan=raster --gpu-policy=off --lookup-policy=none --palette-type=rgb -p 64 --snap-policy=nearest:timing=all:rate=1:channel_l=0.85 --mapfile-output=act:{palette} {input},{lsqa} '--loaders=builtin!' {input} -
85a2674e53a2d7b75c6944b5a87b04ee9ea182b1,macOS-26.5.1-arm64-arm-64bit,rate,0,a98-gamut,Adobe RGB gamut ramps,broad-gamut,64,din99d,none,off,0.0,0.85,none,0.942692,3.30699,4.00488,64,192,55,102,0.53125,0.53125,1,113603,{img2sixel} --threads=1 --precision=float32 --quality=full '--loaders=builtin!' --sampling-policy=full-frame --binning-policy=hard --quantize-model=kmeans:seed=1:binbits=6 --merge-policy=none --cover-policy=off -Xdin99d -Wdin99d --diffusion=fs:scan=raster --gpu-policy=off --lookup-policy=none --palette-type=rgb -p 64 --snap-policy=none --mapfile-output=act:{palette} {input},{lsqa} '--loaders=builtin!' {input} -
85a2674e53a2d7b75c6944b5a87b04ee9ea182b1,macOS-26.5.1-arm64-arm-64bit,rate,0.25,a98-gamut,Adobe RGB gamut ramps,broad-gamut,64,din99d,nearest,all,0.25,0.85,none,0.948021,3.313561,3.968721,64,192,55,96,0.5,0.5,1,110981,{img2sixel} --threads=1 --precision=float32 --quality=full '--loaders=builtin!' --sampling-policy=full-frame --binning-policy=hard --quantize-model=kmeans:seed=1:binbits=6 --merge-policy=none --cover-policy=off -Xdin99d -Wdin99d --diffusion=fs:scan=raster --gpu-policy=off --lookup-policy=none --palette-type=rgb -p 64 --snap-policy=nearest:timing=all:rate=0.25:channel_l=0.85 --mapfile-output=act:{palette} {input},{lsqa} '--loaders=builtin!' {input} -
85a2674e53a2d7b75c6944b5a87b04ee9ea182b1,macOS-26.5.1-arm64-arm-64bit,rate,0.5,a98-gamut,Adobe RGB gamut ramps,broad-gamut,64,din99d,nearest,all,0.5,0.85,none,0.950279,3.275593,3.883863,64,192,24,26,0.13541666666666666,0.13541666666666666,1,112849,{img2sixel} --threads=1 --precision=float32 --quality=full '--loaders=builtin!' --sampling-policy=full-frame --binning-policy=hard --quantize-model=kmeans:seed=1:binbits=6 --merge-policy=none --cover-policy=off -Xdin99d -Wdin99d --diffusion=fs:scan=raster --gpu-policy=off --lookup-policy=none --palette-type=rgb -p 64 --snap-policy=nearest:timing=all:rate=0.5:channel_l=0.85 --mapfile-output=act:{palette} {input},{lsqa} '--loaders=builtin!' {input} -
85a2674e53a2d7b75c6944b5a87b04ee9ea182b1,macOS-26.5.1-arm64-arm-64bit,rate,0.75,a98-gamut,Adobe RGB gamut ramps,broad-gamut,64,din99d,nearest,all,0.75,0.85,none,0.950703,3.219373,3.799834,64,192,12,13,0.06770833333333333,0.06770833333333333,1,111591,{img2sixel} --threads=1 --precision=float32 --quality=full '--loaders=builtin!' --sampling-policy=full-frame --binning-policy=hard --quantize-model=kmeans:seed=1:binbits=6 --merge-policy=none --cover-policy=off -Xdin99d -Wdin99d --diffusion=fs:scan=raster --gpu-policy=off --lookup-policy=none --palette-type=rgb -p 64 --snap-policy=nearest:timing=all:rate=0.75:channel_l=0.85 --mapfile-output=act:{palette} {input},{lsqa} '--loaders=builtin!' {input} -
85a2674e53a2d7b75c6944b5a87b04ee9ea182b1,macOS-26.5.1-arm64-arm-64bit,rate,1,a98-gamut,Adobe RGB gamut ramps,broad-gamut,64,din99d,nearest,all,1.0,0.85,none,0.946713,3.257329,4.021472,64,192,0,0,0.0,0.0,0,111447,{img2sixel} --threads=1 --precision=float32 --quality=full '--loaders=builtin!' --sampling-policy=full-frame --binning-policy=hard --quantize-model=kmeans:seed=1:binbits=6 --merge-policy=none --cover-policy=off -Xdin99d -Wdin99d --diffusion=fs:scan=raster --gpu-policy=off --lookup-policy=none --palette-type=rgb -p 64 --snap-policy=nearest:timing=all:rate=1:channel_l=0.85 --mapfile-output=act:{palette} {input},{lsqa} '--loaders=builtin!' {input} -
85a2674e53a2d7b75c6944b5a87b04ee9ea182b1,macOS-26.5.1-arm64-arm-64bit,timing,off,natural-snake,natural photograph,natural,64,gamma,none,off,0.0,0.85,ward,0.978469,3.138711,2.902652,64,192,59,104,0.5416666666666666,0.5416666666666666,1,199755,{img2sixel} --threads=1 --precision=float32 --quality=full '--loaders=builtin!' --sampling-policy=full-frame --binning-policy=hard --quantize-model=kmeans:seed=1:binbits=6 --merge-policy=ward --cover-policy=off -Xgamma -Wgamma --diffusion=fs:scan=raster --gpu-policy=off --lookup-policy=none --palette-type=rgb -p 64 --snap-policy=none --mapfile-output=act:{palette} {input},{lsqa} '--loaders=builtin!' {input} -
85a2674e53a2d7b75c6944b5a87b04ee9ea182b1,macOS-26.5.1-arm64-arm-64bit,timing,once,natural-snake,natural photograph,natural,64,gamma,nearest,once,1.0,0.85,ward,0.978261,3.203103,2.958399,64,192,0,0,0.0,0.0,0,203857,{img2sixel} --threads=1 --precision=float32 --quality=full '--loaders=builtin!' --sampling-policy=full-frame --binning-policy=hard --quantize-model=kmeans:seed=1:binbits=6 --merge-policy=ward --cover-policy=off -Xgamma -Wgamma --diffusion=fs:scan=raster --gpu-policy=off --lookup-policy=none --palette-type=rgb -p 64 --snap-policy=nearest:timing=once:rate=1:channel_l=0.85 --mapfile-output=act:{palette} {input},{lsqa} '--loaders=builtin!' {input} -
85a2674e53a2d7b75c6944b5a87b04ee9ea182b1,macOS-26.5.1-arm64-arm-64bit,timing,polish,natural-snake,natural photograph,natural,64,gamma,nearest,polish,1.0,0.85,ward,0.978261,3.203103,2.958399,64,192,0,0,0.0,0.0,0,203857,{img2sixel} --threads=1 --precision=float32 --quality=full '--loaders=builtin!' --sampling-policy=full-frame --binning-policy=hard --quantize-model=kmeans:seed=1:binbits=6 --merge-policy=ward --cover-policy=off -Xgamma -Wgamma --diffusion=fs:scan=raster --gpu-policy=off --lookup-policy=none --palette-type=rgb -p 64 --snap-policy=nearest:timing=polish:rate=1:channel_l=0.85 --mapfile-output=act:{palette} {input},{lsqa} '--loaders=builtin!' {input} -
85a2674e53a2d7b75c6944b5a87b04ee9ea182b1,macOS-26.5.1-arm64-arm-64bit,timing,merge,natural-snake,natural photograph,natural,64,gamma,nearest,merge,1.0,0.85,ward,0.978261,3.203103,2.958399,64,192,0,0,0.0,0.0,0,203857,{img2sixel} --threads=1 --precision=float32 --quality=full '--loaders=builtin!' --sampling-policy=full-frame --binning-policy=hard --quantize-model=kmeans:seed=1:binbits=6 --merge-policy=ward --cover-policy=off -Xgamma -Wgamma --diffusion=fs:scan=raster --gpu-policy=off --lookup-policy=none --palette-type=rgb -p 64 --snap-policy=nearest:timing=merge:rate=1:channel_l=0.85 --mapfile-output=act:{palette} {input},{lsqa} '--loaders=builtin!' {input} -
85a2674e53a2d7b75c6944b5a87b04ee9ea182b1,macOS-26.5.1-arm64-arm-64bit,timing,resolve,natural-snake,natural photograph,natural,64,gamma,nearest,resolve,1.0,0.85,ward,0.977103,3.247503,2.924923,64,192,0,0,0.0,0.0,0,203544,{img2sixel} --threads=1 --precision=float32 --quality=full '--loaders=builtin!' --sampling-policy=full-frame --binning-policy=hard --quantize-model=kmeans:seed=1:binbits=6 --merge-policy=ward --cover-policy=off -Xgamma -Wgamma --diffusion=fs:scan=raster --gpu-policy=off --lookup-policy=none --palette-type=rgb -p 64 --snap-policy=nearest:timing=resolve:rate=1:channel_l=0.85 --mapfile-output=act:{palette} {input},{lsqa} '--loaders=builtin!' {input} -
85a2674e53a2d7b75c6944b5a87b04ee9ea182b1,macOS-26.5.1-arm64-arm-64bit,timing,all,natural-snake,natural photograph,natural,64,gamma,nearest,all,1.0,0.85,ward,0.97798,3.259987,2.904416,64,192,0,0,0.0,0.0,0,205904,{img2sixel} --threads=1 --precision=float32 --quality=full '--loaders=builtin!' --sampling-policy=full-frame --binning-policy=hard --quantize-model=kmeans:seed=1:binbits=6 --merge-policy=ward --cover-policy=off -Xgamma -Wgamma --diffusion=fs:scan=raster --gpu-policy=off --lookup-policy=none --palette-type=rgb -p 64 --snap-policy=nearest:timing=all:rate=1:channel_l=0.85 --mapfile-output=act:{palette} {input},{lsqa} '--loaders=builtin!' {input} -
85a2674e53a2d7b75c6944b5a87b04ee9ea182b1,macOS-26.5.1-arm64-arm-64bit,timing,off,natural-snake,natural photograph,natural,64,linear,none,off,0.0,0.85,ward,0.97975,3.472672,3.92615,64,192,58,111,0.578125,0.578125,1,201973,{img2sixel} --threads=1 --precision=float32 --quality=full '--loaders=builtin!' --sampling-policy=full-frame --binning-policy=hard --quantize-model=kmeans:seed=1:binbits=6 --merge-policy=ward --cover-policy=off -Xlinear -Wlinear --diffusion=fs:scan=raster --gpu-policy=off --lookup-policy=none --palette-type=rgb -p 64 --snap-policy=none --mapfile-output=act:{palette} {input},{lsqa} '--loaders=builtin!' {input} -
85a2674e53a2d7b75c6944b5a87b04ee9ea182b1,macOS-26.5.1-arm64-arm-64bit,timing,once,natural-snake,natural photograph,natural,64,linear,nearest,once,1.0,0.85,ward,0.978645,3.432822,3.814929,64,192,0,0,0.0,0.0,0,204140,{img2sixel} --threads=1 --precision=float32 --quality=full '--loaders=builtin!' --sampling-policy=full-frame --binning-policy=hard --quantize-model=kmeans:seed=1:binbits=6 --merge-policy=ward --cover-policy=off -Xlinear -Wlinear --diffusion=fs:scan=raster --gpu-policy=off --lookup-policy=none --palette-type=rgb -p 64 --snap-policy=nearest:timing=once:rate=1:channel_l=0.85 --mapfile-output=act:{palette} {input},{lsqa} '--loaders=builtin!' {input} -
85a2674e53a2d7b75c6944b5a87b04ee9ea182b1,macOS-26.5.1-arm64-arm-64bit,timing,polish,natural-snake,natural photograph,natural,64,linear,nearest,polish,1.0,0.85,ward,0.978645,3.432822,3.814929,64,192,0,0,0.0,0.0,0,204140,{img2sixel} --threads=1 --precision=float32 --quality=full '--loaders=builtin!' --sampling-policy=full-frame --binning-policy=hard --quantize-model=kmeans:seed=1:binbits=6 --merge-policy=ward --cover-policy=off -Xlinear -Wlinear --diffusion=fs:scan=raster --gpu-policy=off --lookup-policy=none --palette-type=rgb -p 64 --snap-policy=nearest:timing=polish:rate=1:channel_l=0.85 --mapfile-output=act:{palette} {input},{lsqa} '--loaders=builtin!' {input} -
85a2674e53a2d7b75c6944b5a87b04ee9ea182b1,macOS-26.5.1-arm64-arm-64bit,timing,merge,natural-snake,natural photograph,natural,64,linear,nearest,merge,1.0,0.85,ward,0.978645,3.432822,3.814929,64,192,0,0,0.0,0.0,0,204140,{img2sixel} --threads=1 --precision=float32 --quality=full '--loaders=builtin!' --sampling-policy=full-frame --binning-policy=hard --quantize-model=kmeans:seed=1:binbits=6 --merge-policy=ward --cover-policy=off -Xlinear -Wlinear --diffusion=fs:scan=raster --gpu-policy=off --lookup-policy=none --palette-type=rgb -p 64 --snap-policy=nearest:timing=merge:rate=1:channel_l=0.85 --mapfile-output=act:{palette} {input},{lsqa} '--loaders=builtin!' {input} -
85a2674e53a2d7b75c6944b5a87b04ee9ea182b1,macOS-26.5.1-arm64-arm-64bit,timing,resolve,natural-snake,natural photograph,natural,64,linear,nearest,resolve,1.0,0.85,ward,0.979542,3.480679,3.968478,64,192,0,0,0.0,0.0,0,205625,{img2sixel} --threads=1 --precision=float32 --quality=full '--loaders=builtin!' --sampling-policy=full-frame --binning-policy=hard --quantize-model=kmeans:seed=1:binbits=6 --merge-policy=ward --cover-policy=off -Xlinear -Wlinear --diffusion=fs:scan=raster --gpu-policy=off --lookup-policy=none --palette-type=rgb -p 64 --snap-policy=nearest:timing=resolve:rate=1:channel_l=0.85 --mapfile-output=act:{palette} {input},{lsqa} '--loaders=builtin!' {input} -
85a2674e53a2d7b75c6944b5a87b04ee9ea182b1,macOS-26.5.1-arm64-arm-64bit,timing,all,natural-snake,natural photograph,natural,64,linear,nearest,all,1.0,0.85,ward,0.979199,3.405771,3.840449,64,192,0,0,0.0,0.0,0,205724,{img2sixel} --threads=1 --precision=float32 --quality=full '--loaders=builtin!' --sampling-policy=full-frame --binning-policy=hard --quantize-model=kmeans:seed=1:binbits=6 --merge-policy=ward --cover-policy=off -Xlinear -Wlinear --diffusion=fs:scan=raster --gpu-policy=off --lookup-policy=none --palette-type=rgb -p 64 --snap-policy=nearest:timing=all:rate=1:channel_l=0.85 --mapfile-output=act:{palette} {input},{lsqa} '--loaders=builtin!' {input} -
85a2674e53a2d7b75c6944b5a87b04ee9ea182b1,macOS-26.5.1-arm64-arm-64bit,timing,off,natural-snake,natural photograph,natural,64,oklab,none,off,0.0,0.85,ward,0.982772,3.55206,3.570824,64,192,61,116,0.6041666666666666,0.6041666666666666,1,210768,{img2sixel} --threads=1 --precision=float32 --quality=full '--loaders=builtin!' --sampling-policy=full-frame --binning-policy=hard --quantize-model=kmeans:seed=1:binbits=6 --merge-policy=ward --cover-policy=off -Xoklab -Woklab --diffusion=fs:scan=raster --gpu-policy=off --lookup-policy=none --palette-type=rgb -p 64 --snap-policy=none --mapfile-output=act:{palette} {input},{lsqa} '--loaders=builtin!' {input} -
85a2674e53a2d7b75c6944b5a87b04ee9ea182b1,macOS-26.5.1-arm64-arm-64bit,timing,once,natural-snake,natural photograph,natural,64,oklab,nearest,once,1.0,0.85,ward,0.984965,3.461762,3.642523,64,192,0,0,0.0,0.0,0,209525,{img2sixel} --threads=1 --precision=float32 --quality=full '--loaders=builtin!' --sampling-policy=full-frame --binning-policy=hard --quantize-model=kmeans:seed=1:binbits=6 --merge-policy=ward --cover-policy=off -Xoklab -Woklab --diffusion=fs:scan=raster --gpu-policy=off --lookup-policy=none --palette-type=rgb -p 64 --snap-policy=nearest:timing=once:rate=1:channel_l=0.85 --mapfile-output=act:{palette} {input},{lsqa} '--loaders=builtin!' {input} -
85a2674e53a2d7b75c6944b5a87b04ee9ea182b1,macOS-26.5.1-arm64-arm-64bit,timing,polish,natural-snake,natural photograph,natural,64,oklab,nearest,polish,1.0,0.85,ward,0.984965,3.461762,3.642523,64,192,0,0,0.0,0.0,0,209525,{img2sixel} --threads=1 --precision=float32 --quality=full '--loaders=builtin!' --sampling-policy=full-frame --binning-policy=hard --quantize-model=kmeans:seed=1:binbits=6 --merge-policy=ward --cover-policy=off -Xoklab -Woklab --diffusion=fs:scan=raster --gpu-policy=off --lookup-policy=none --palette-type=rgb -p 64 --snap-policy=nearest:timing=polish:rate=1:channel_l=0.85 --mapfile-output=act:{palette} {input},{lsqa} '--loaders=builtin!' {input} -
85a2674e53a2d7b75c6944b5a87b04ee9ea182b1,macOS-26.5.1-arm64-arm-64bit,timing,merge,natural-snake,natural photograph,natural,64,oklab,nearest,merge,1.0,0.85,ward,0.984965,3.461762,3.642523,64,192,0,0,0.0,0.0,0,209525,{img2sixel} --threads=1 --precision=float32 --quality=full '--loaders=builtin!' --sampling-policy=full-frame --binning-policy=hard --quantize-model=kmeans:seed=1:binbits=6 --merge-policy=ward --cover-policy=off -Xoklab -Woklab --diffusion=fs:scan=raster --gpu-policy=off --lookup-policy=none --palette-type=rgb -p 64 --snap-policy=nearest:timing=merge:rate=1:channel_l=0.85 --mapfile-output=act:{palette} {input},{lsqa} '--loaders=builtin!' {input} -
85a2674e53a2d7b75c6944b5a87b04ee9ea182b1,macOS-26.5.1-arm64-arm-64bit,timing,resolve,natural-snake,natural photograph,natural,64,oklab,nearest,resolve,1.0,0.85,ward,0.982607,3.600878,3.655519,64,192,0,0,0.0,0.0,0,210022,{img2sixel} --threads=1 --precision=float32 --quality=full '--loaders=builtin!' --sampling-policy=full-frame --binning-policy=hard --quantize-model=kmeans:seed=1:binbits=6 --merge-policy=ward --cover-policy=off -Xoklab -Woklab --diffusion=fs:scan=raster --gpu-policy=off --lookup-policy=none --palette-type=rgb -p 64 --snap-policy=nearest:timing=resolve:rate=1:channel_l=0.85 --mapfile-output=act:{palette} {input},{lsqa} '--loaders=builtin!' {input} -
85a2674e53a2d7b75c6944b5a87b04ee9ea182b1,macOS-26.5.1-arm64-arm-64bit,timing,all,natural-snake,natural photograph,natural,64,oklab,nearest,all,1.0,0.85,ward,0.984263,3.479707,3.595771,64,192,0,0,0.0,0.0,0,205814,{img2sixel} --threads=1 --precision=float32 --quality=full '--loaders=builtin!' --sampling-policy=full-frame --binning-policy=hard --quantize-model=kmeans:seed=1:binbits=6 --merge-policy=ward --cover-policy=off -Xoklab -Woklab --diffusion=fs:scan=raster --gpu-policy=off --lookup-policy=none --palette-type=rgb -p 64 --snap-policy=nearest:timing=all:rate=1:channel_l=0.85 --mapfile-output=act:{palette} {input},{lsqa} '--loaders=builtin!' {input} -
85a2674e53a2d7b75c6944b5a87b04ee9ea182b1,macOS-26.5.1-arm64-arm-64bit,timing,off,natural-snake,natural photograph,natural,64,cielab,none,off,0.0,0.85,ward,0.963877,3.571455,2.771373,64,192,56,104,0.5416666666666666,0.5416666666666666,1,212642,{img2sixel} --threads=1 --precision=float32 --quality=full '--loaders=builtin!' --sampling-policy=full-frame --binning-policy=hard --quantize-model=kmeans:seed=1:binbits=6 --merge-policy=ward --cover-policy=off -Xcielab -Wcielab --diffusion=fs:scan=raster --gpu-policy=off --lookup-policy=none --palette-type=rgb -p 64 --snap-policy=none --mapfile-output=act:{palette} {input},{lsqa} '--loaders=builtin!' {input} -
85a2674e53a2d7b75c6944b5a87b04ee9ea182b1,macOS-26.5.1-arm64-arm-64bit,timing,once,natural-snake,natural photograph,natural,64,cielab,nearest,once,1.0,0.85,ward,0.963932,3.535315,2.877227,64,192,0,0,0.0,0.0,0,210906,{img2sixel} --threads=1 --precision=float32 --quality=full '--loaders=builtin!' --sampling-policy=full-frame --binning-policy=hard --quantize-model=kmeans:seed=1:binbits=6 --merge-policy=ward --cover-policy=off -Xcielab -Wcielab --diffusion=fs:scan=raster --gpu-policy=off --lookup-policy=none --palette-type=rgb -p 64 --snap-policy=nearest:timing=once:rate=1:channel_l=0.85 --mapfile-output=act:{palette} {input},{lsqa} '--loaders=builtin!' {input} -
85a2674e53a2d7b75c6944b5a87b04ee9ea182b1,macOS-26.5.1-arm64-arm-64bit,timing,polish,natural-snake,natural photograph,natural,64,cielab,nearest,polish,1.0,0.85,ward,0.963932,3.535315,2.877227,64,192,0,0,0.0,0.0,0,210906,{img2sixel} --threads=1 --precision=float32 --quality=full '--loaders=builtin!' --sampling-policy=full-frame --binning-policy=hard --quantize-model=kmeans:seed=1:binbits=6 --merge-policy=ward --cover-policy=off -Xcielab -Wcielab --diffusion=fs:scan=raster --gpu-policy=off --lookup-policy=none --palette-type=rgb -p 64 --snap-policy=nearest:timing=polish:rate=1:channel_l=0.85 --mapfile-output=act:{palette} {input},{lsqa} '--loaders=builtin!' {input} -
85a2674e53a2d7b75c6944b5a87b04ee9ea182b1,macOS-26.5.1-arm64-arm-64bit,timing,merge,natural-snake,natural photograph,natural,64,cielab,nearest,merge,1.0,0.85,ward,0.963932,3.535315,2.877227,64,192,0,0,0.0,0.0,0,210906,{img2sixel} --threads=1 --precision=float32 --quality=full '--loaders=builtin!' --sampling-policy=full-frame --binning-policy=hard --quantize-model=kmeans:seed=1:binbits=6 --merge-policy=ward --cover-policy=off -Xcielab -Wcielab --diffusion=fs:scan=raster --gpu-policy=off --lookup-policy=none --palette-type=rgb -p 64 --snap-policy=nearest:timing=merge:rate=1:channel_l=0.85 --mapfile-output=act:{palette} {input},{lsqa} '--loaders=builtin!' {input} -
85a2674e53a2d7b75c6944b5a87b04ee9ea182b1,macOS-26.5.1-arm64-arm-64bit,timing,resolve,natural-snake,natural photograph,natural,64,cielab,nearest,resolve,1.0,0.85,ward,0.966299,3.506961,2.747874,64,192,0,0,0.0,0.0,0,213924,{img2sixel} --threads=1 --precision=float32 --quality=full '--loaders=builtin!' --sampling-policy=full-frame --binning-policy=hard --quantize-model=kmeans:seed=1:binbits=6 --merge-policy=ward --cover-policy=off -Xcielab -Wcielab --diffusion=fs:scan=raster --gpu-policy=off --lookup-policy=none --palette-type=rgb -p 64 --snap-policy=nearest:timing=resolve:rate=1:channel_l=0.85 --mapfile-output=act:{palette} {input},{lsqa} '--loaders=builtin!' {input} -
85a2674e53a2d7b75c6944b5a87b04ee9ea182b1,macOS-26.5.1-arm64-arm-64bit,timing,all,natural-snake,natural photograph,natural,64,cielab,nearest,all,1.0,0.85,ward,0.961286,3.575469,2.76853,64,192,0,0,0.0,0.0,0,214073,{img2sixel} --threads=1 --precision=float32 --quality=full '--loaders=builtin!' --sampling-policy=full-frame --binning-policy=hard --quantize-model=kmeans:seed=1:binbits=6 --merge-policy=ward --cover-policy=off -Xcielab -Wcielab --diffusion=fs:scan=raster --gpu-policy=off --lookup-policy=none --palette-type=rgb -p 64 --snap-policy=nearest:timing=all:rate=1:channel_l=0.85 --mapfile-output=act:{palette} {input},{lsqa} '--loaders=builtin!' {input} -
85a2674e53a2d7b75c6944b5a87b04ee9ea182b1,macOS-26.5.1-arm64-arm-64bit,timing,off,natural-snake,natural photograph,natural,64,din99d,none,off,0.0,0.85,ward,0.968261,3.385227,3.261991,64,192,62,121,0.6302083333333334,0.6302083333333334,1,204854,{img2sixel} --threads=1 --precision=float32 --quality=full '--loaders=builtin!' --sampling-policy=full-frame --binning-policy=hard --quantize-model=kmeans:seed=1:binbits=6 --merge-policy=ward --cover-policy=off -Xdin99d -Wdin99d --diffusion=fs:scan=raster --gpu-policy=off --lookup-policy=none --palette-type=rgb -p 64 --snap-policy=none --mapfile-output=act:{palette} {input},{lsqa} '--loaders=builtin!' {input} -
85a2674e53a2d7b75c6944b5a87b04ee9ea182b1,macOS-26.5.1-arm64-arm-64bit,timing,once,natural-snake,natural photograph,natural,64,din99d,nearest,once,1.0,0.85,ward,0.965452,3.495472,3.383188,64,192,0,0,0.0,0.0,0,212820,{img2sixel} --threads=1 --precision=float32 --quality=full '--loaders=builtin!' --sampling-policy=full-frame --binning-policy=hard --quantize-model=kmeans:seed=1:binbits=6 --merge-policy=ward --cover-policy=off -Xdin99d -Wdin99d --diffusion=fs:scan=raster --gpu-policy=off --lookup-policy=none --palette-type=rgb -p 64 --snap-policy=nearest:timing=once:rate=1:channel_l=0.85 --mapfile-output=act:{palette} {input},{lsqa} '--loaders=builtin!' {input} -
85a2674e53a2d7b75c6944b5a87b04ee9ea182b1,macOS-26.5.1-arm64-arm-64bit,timing,polish,natural-snake,natural photograph,natural,64,din99d,nearest,polish,1.0,0.85,ward,0.965452,3.495472,3.383188,64,192,0,0,0.0,0.0,0,212820,{img2sixel} --threads=1 --precision=float32 --quality=full '--loaders=builtin!' --sampling-policy=full-frame --binning-policy=hard --quantize-model=kmeans:seed=1:binbits=6 --merge-policy=ward --cover-policy=off -Xdin99d -Wdin99d --diffusion=fs:scan=raster --gpu-policy=off --lookup-policy=none --palette-type=rgb -p 64 --snap-policy=nearest:timing=polish:rate=1:channel_l=0.85 --mapfile-output=act:{palette} {input},{lsqa} '--loaders=builtin!' {input} -
85a2674e53a2d7b75c6944b5a87b04ee9ea182b1,macOS-26.5.1-arm64-arm-64bit,timing,merge,natural-snake,natural photograph,natural,64,din99d,nearest,merge,1.0,0.85,ward,0.965452,3.495472,3.383188,64,192,0,0,0.0,0.0,0,212820,{img2sixel} --threads=1 --precision=float32 --quality=full '--loaders=builtin!' --sampling-policy=full-frame --binning-policy=hard --quantize-model=kmeans:seed=1:binbits=6 --merge-policy=ward --cover-policy=off -Xdin99d -Wdin99d --diffusion=fs:scan=raster --gpu-policy=off --lookup-policy=none --palette-type=rgb -p 64 --snap-policy=nearest:timing=merge:rate=1:channel_l=0.85 --mapfile-output=act:{palette} {input},{lsqa} '--loaders=builtin!' {input} -
85a2674e53a2d7b75c6944b5a87b04ee9ea182b1,macOS-26.5.1-arm64-arm-64bit,timing,resolve,natural-snake,natural photograph,natural,64,din99d,nearest,resolve,1.0,0.85,ward,0.97103,3.425526,3.406677,64,192,0,0,0.0,0.0,0,212785,{img2sixel} --threads=1 --precision=float32 --quality=full '--loaders=builtin!' --sampling-policy=full-frame --binning-policy=hard --quantize-model=kmeans:seed=1:binbits=6 --merge-policy=ward --cover-policy=off -Xdin99d -Wdin99d --diffusion=fs:scan=raster --gpu-policy=off --lookup-policy=none --palette-type=rgb -p 64 --snap-policy=nearest:timing=resolve:rate=1:channel_l=0.85 --mapfile-output=act:{palette} {input},{lsqa} '--loaders=builtin!' {input} -
85a2674e53a2d7b75c6944b5a87b04ee9ea182b1,macOS-26.5.1-arm64-arm-64bit,timing,all,natural-snake,natural photograph,natural,64,din99d,nearest,all,1.0,0.85,ward,0.969054,3.425011,3.268637,64,192,0,0,0.0,0.0,0,214294,{img2sixel} --threads=1 --precision=float32 --quality=full '--loaders=builtin!' --sampling-policy=full-frame --binning-policy=hard --quantize-model=kmeans:seed=1:binbits=6 --merge-policy=ward --cover-policy=off -Xdin99d -Wdin99d --diffusion=fs:scan=raster --gpu-policy=off --lookup-policy=none --palette-type=rgb -p 64 --snap-policy=nearest:timing=all:rate=1:channel_l=0.85 --mapfile-output=act:{palette} {input},{lsqa} '--loaders=builtin!' {input} -
85a2674e53a2d7b75c6944b5a87b04ee9ea182b1,macOS-26.5.1-arm64-arm-64bit,channel_l,off,natural-snake,natural photograph,natural,64,oklab,none,off,0.0,0.85,none,0.982282,3.442054,3.551071,64,192,60,107,0.5572916666666666,0.5572916666666666,1,185576,{img2sixel} --threads=1 --precision=float32 --quality=full '--loaders=builtin!' --sampling-policy=full-frame --binning-policy=hard --quantize-model=kmeans:seed=1:binbits=6 --merge-policy=none --cover-policy=off -Xoklab -Woklab --diffusion=fs:scan=raster --gpu-policy=off --lookup-policy=none --palette-type=rgb -p 64 --snap-policy=none --mapfile-output=act:{palette} {input},{lsqa} '--loaders=builtin!' {input} -
85a2674e53a2d7b75c6944b5a87b04ee9ea182b1,macOS-26.5.1-arm64-arm-64bit,channel_l,0,natural-snake,natural photograph,natural,64,oklab,nearest,all,1.0,0.0,none,0.984289,3.391211,3.56559,64,192,0,0,0.0,0.0,0,189146,{img2sixel} --threads=1 --precision=float32 --quality=full '--loaders=builtin!' --sampling-policy=full-frame --binning-policy=hard --quantize-model=kmeans:seed=1:binbits=6 --merge-policy=none --cover-policy=off -Xoklab -Woklab --diffusion=fs:scan=raster --gpu-policy=off --lookup-policy=none --palette-type=rgb -p 64 --snap-policy=nearest:timing=all:rate=1:channel_l=0 --mapfile-output=act:{palette} {input},{lsqa} '--loaders=builtin!' {input} -
85a2674e53a2d7b75c6944b5a87b04ee9ea182b1,macOS-26.5.1-arm64-arm-64bit,channel_l,0.25,natural-snake,natural photograph,natural,64,oklab,nearest,all,1.0,0.25,none,0.984159,3.407368,3.466616,64,192,0,0,0.0,0.0,0,193358,{img2sixel} --threads=1 --precision=float32 --quality=full '--loaders=builtin!' --sampling-policy=full-frame --binning-policy=hard --quantize-model=kmeans:seed=1:binbits=6 --merge-policy=none --cover-policy=off -Xoklab -Woklab --diffusion=fs:scan=raster --gpu-policy=off --lookup-policy=none --palette-type=rgb -p 64 --snap-policy=nearest:timing=all:rate=1:channel_l=0.25 --mapfile-output=act:{palette} {input},{lsqa} '--loaders=builtin!' {input} -
85a2674e53a2d7b75c6944b5a87b04ee9ea182b1,macOS-26.5.1-arm64-arm-64bit,channel_l,0.5,natural-snake,natural photograph,natural,64,oklab,nearest,all,1.0,0.5,none,0.981368,3.443185,3.524326,64,192,0,0,0.0,0.0,0,194211,{img2sixel} --threads=1 --precision=float32 --quality=full '--loaders=builtin!' --sampling-policy=full-frame --binning-policy=hard --quantize-model=kmeans:seed=1:binbits=6 --merge-policy=none --cover-policy=off -Xoklab -Woklab --diffusion=fs:scan=raster --gpu-policy=off --lookup-policy=none --palette-type=rgb -p 64 --snap-policy=nearest:timing=all:rate=1:channel_l=0.5 --mapfile-output=act:{palette} {input},{lsqa} '--loaders=builtin!' {input} -
85a2674e53a2d7b75c6944b5a87b04ee9ea182b1,macOS-26.5.1-arm64-arm-64bit,channel_l,0.75,natural-snake,natural photograph,natural,64,oklab,nearest,all,1.0,0.75,none,0.981357,3.610196,3.540798,64,192,0,0,0.0,0.0,0,197969,{img2sixel} --threads=1 --precision=float32 --quality=full '--loaders=builtin!' --sampling-policy=full-frame --binning-policy=hard --quantize-model=kmeans:seed=1:binbits=6 --merge-policy=none --cover-policy=off -Xoklab -Woklab --diffusion=fs:scan=raster --gpu-policy=off --lookup-policy=none --palette-type=rgb -p 64 --snap-policy=nearest:timing=all:rate=1:channel_l=0.75 --mapfile-output=act:{palette} {input},{lsqa} '--loaders=builtin!' {input} -
85a2674e53a2d7b75c6944b5a87b04ee9ea182b1,macOS-26.5.1-arm64-arm-64bit,channel_l,1,natural-snake,natural photograph,natural,64,oklab,nearest,all,1.0,1.0,none,0.979914,3.683018,3.691264,64,192,0,0,0.0,0.0,0,198014,{img2sixel} --threads=1 --precision=float32 --quality=full '--loaders=builtin!' --sampling-policy=full-frame --binning-policy=hard --quantize-model=kmeans:seed=1:binbits=6 --merge-policy=none --cover-policy=off -Xoklab -Woklab --diffusion=fs:scan=raster --gpu-policy=off --lookup-policy=none --palette-type=rgb -p 64 --snap-policy=nearest:timing=all:rate=1:channel_l=1 --mapfile-output=act:{palette} {input},{lsqa} '--loaders=builtin!' {input} -
85a2674e53a2d7b75c6944b5a87b04ee9ea182b1,macOS-26.5.1-arm64-arm-64bit,channel_l,off,natural-snake,natural photograph,natural,64,cielab,none,off,0.0,0.85,none,0.965515,3.611498,2.851834,64,192,57,108,0.5625,0.5625,1,196093,{img2sixel} --threads=1 --precision=float32 --quality=full '--loaders=builtin!' --sampling-policy=full-frame --binning-policy=hard --quantize-model=kmeans:seed=1:binbits=6 --merge-policy=none --cover-policy=off -Xcielab -Wcielab --diffusion=fs:scan=raster --gpu-policy=off --lookup-policy=none --palette-type=rgb -p 64 --snap-policy=none --mapfile-output=act:{palette} {input},{lsqa} '--loaders=builtin!' {input} -
85a2674e53a2d7b75c6944b5a87b04ee9ea182b1,macOS-26.5.1-arm64-arm-64bit,channel_l,0,natural-snake,natural photograph,natural,64,cielab,nearest,all,1.0,0.0,none,0.965432,3.474103,2.799815,64,192,0,0,0.0,0.0,0,194960,{img2sixel} --threads=1 --precision=float32 --quality=full '--loaders=builtin!' --sampling-policy=full-frame --binning-policy=hard --quantize-model=kmeans:seed=1:binbits=6 --merge-policy=none --cover-policy=off -Xcielab -Wcielab --diffusion=fs:scan=raster --gpu-policy=off --lookup-policy=none --palette-type=rgb -p 64 --snap-policy=nearest:timing=all:rate=1:channel_l=0 --mapfile-output=act:{palette} {input},{lsqa} '--loaders=builtin!' {input} -
85a2674e53a2d7b75c6944b5a87b04ee9ea182b1,macOS-26.5.1-arm64-arm-64bit,channel_l,0.25,natural-snake,natural photograph,natural,64,cielab,nearest,all,1.0,0.25,none,0.963776,3.566384,2.758228,64,192,0,0,0.0,0.0,0,195756,{img2sixel} --threads=1 --precision=float32 --quality=full '--loaders=builtin!' --sampling-policy=full-frame --binning-policy=hard --quantize-model=kmeans:seed=1:binbits=6 --merge-policy=none --cover-policy=off -Xcielab -Wcielab --diffusion=fs:scan=raster --gpu-policy=off --lookup-policy=none --palette-type=rgb -p 64 --snap-policy=nearest:timing=all:rate=1:channel_l=0.25 --mapfile-output=act:{palette} {input},{lsqa} '--loaders=builtin!' {input} -
85a2674e53a2d7b75c6944b5a87b04ee9ea182b1,macOS-26.5.1-arm64-arm-64bit,channel_l,0.5,natural-snake,natural photograph,natural,64,cielab,nearest,all,1.0,0.5,none,0.964071,3.512967,2.744063,64,192,0,0,0.0,0.0,0,193107,{img2sixel} --threads=1 --precision=float32 --quality=full '--loaders=builtin!' --sampling-policy=full-frame --binning-policy=hard --quantize-model=kmeans:seed=1:binbits=6 --merge-policy=none --cover-policy=off -Xcielab -Wcielab --diffusion=fs:scan=raster --gpu-policy=off --lookup-policy=none --palette-type=rgb -p 64 --snap-policy=nearest:timing=all:rate=1:channel_l=0.5 --mapfile-output=act:{palette} {input},{lsqa} '--loaders=builtin!' {input} -
85a2674e53a2d7b75c6944b5a87b04ee9ea182b1,macOS-26.5.1-arm64-arm-64bit,channel_l,0.75,natural-snake,natural photograph,natural,64,cielab,nearest,all,1.0,0.75,none,0.965928,3.727538,2.909778,64,192,0,0,0.0,0.0,0,202007,{img2sixel} --threads=1 --precision=float32 --quality=full '--loaders=builtin!' --sampling-policy=full-frame --binning-policy=hard --quantize-model=kmeans:seed=1:binbits=6 --merge-policy=none --cover-policy=off -Xcielab -Wcielab --diffusion=fs:scan=raster --gpu-policy=off --lookup-policy=none --palette-type=rgb -p 64 --snap-policy=nearest:timing=all:rate=1:channel_l=0.75 --mapfile-output=act:{palette} {input},{lsqa} '--loaders=builtin!' {input} -
85a2674e53a2d7b75c6944b5a87b04ee9ea182b1,macOS-26.5.1-arm64-arm-64bit,channel_l,1,natural-snake,natural photograph,natural,64,cielab,nearest,all,1.0,1.0,none,0.964308,3.673658,2.961169,64,192,0,0,0.0,0.0,0,207286,{img2sixel} --threads=1 --precision=float32 --quality=full '--loaders=builtin!' --sampling-policy=full-frame --binning-policy=hard --quantize-model=kmeans:seed=1:binbits=6 --merge-policy=none --cover-policy=off -Xcielab -Wcielab --diffusion=fs:scan=raster --gpu-policy=off --lookup-policy=none --palette-type=rgb -p 64 --snap-policy=nearest:timing=all:rate=1:channel_l=1 --mapfile-output=act:{palette} {input},{lsqa} '--loaders=builtin!' {input} -
85a2674e53a2d7b75c6944b5a87b04ee9ea182b1,macOS-26.5.1-arm64-arm-64bit,channel_l,off,natural-snake,natural photograph,natural,64,din99d,none,off,0.0,0.85,none,0.967213,3.611303,3.466722,64,192,59,110,0.5729166666666666,0.5729166666666666,1,202810,{img2sixel} --threads=1 --precision=float32 --quality=full '--loaders=builtin!' --sampling-policy=full-frame --binning-policy=hard --quantize-model=kmeans:seed=1:binbits=6 --merge-policy=none --cover-policy=off -Xdin99d -Wdin99d --diffusion=fs:scan=raster --gpu-policy=off --lookup-policy=none --palette-type=rgb -p 64 --snap-policy=none --mapfile-output=act:{palette} {input},{lsqa} '--loaders=builtin!' {input} -
85a2674e53a2d7b75c6944b5a87b04ee9ea182b1,macOS-26.5.1-arm64-arm-64bit,channel_l,0,natural-snake,natural photograph,natural,64,din99d,nearest,all,1.0,0.0,none,0.966718,3.492086,3.358783,64,192,0,0,0.0,0.0,0,198228,{img2sixel} --threads=1 --precision=float32 --quality=full '--loaders=builtin!' --sampling-policy=full-frame --binning-policy=hard --quantize-model=kmeans:seed=1:binbits=6 --merge-policy=none --cover-policy=off -Xdin99d -Wdin99d --diffusion=fs:scan=raster --gpu-policy=off --lookup-policy=none --palette-type=rgb -p 64 --snap-policy=nearest:timing=all:rate=1:channel_l=0 --mapfile-output=act:{palette} {input},{lsqa} '--loaders=builtin!' {input} -
85a2674e53a2d7b75c6944b5a87b04ee9ea182b1,macOS-26.5.1-arm64-arm-64bit,channel_l,0.25,natural-snake,natural photograph,natural,64,din99d,nearest,all,1.0,0.25,none,0.967287,3.434397,3.25422,64,192,0,0,0.0,0.0,0,198862,{img2sixel} --threads=1 --precision=float32 --quality=full '--loaders=builtin!' --sampling-policy=full-frame --binning-policy=hard --quantize-model=kmeans:seed=1:binbits=6 --merge-policy=none --cover-policy=off -Xdin99d -Wdin99d --diffusion=fs:scan=raster --gpu-policy=off --lookup-policy=none --palette-type=rgb -p 64 --snap-policy=nearest:timing=all:rate=1:channel_l=0.25 --mapfile-output=act:{palette} {input},{lsqa} '--loaders=builtin!' {input} -
85a2674e53a2d7b75c6944b5a87b04ee9ea182b1,macOS-26.5.1-arm64-arm-64bit,channel_l,0.5,natural-snake,natural photograph,natural,64,din99d,nearest,all,1.0,0.5,none,0.96767,3.465765,3.312002,64,192,0,0,0.0,0.0,0,198346,{img2sixel} --threads=1 --precision=float32 --quality=full '--loaders=builtin!' --sampling-policy=full-frame --binning-policy=hard --quantize-model=kmeans:seed=1:binbits=6 --merge-policy=none --cover-policy=off -Xdin99d -Wdin99d --diffusion=fs:scan=raster --gpu-policy=off --lookup-policy=none --palette-type=rgb -p 64 --snap-policy=nearest:timing=all:rate=1:channel_l=0.5 --mapfile-output=act:{palette} {input},{lsqa} '--loaders=builtin!' {input} -
85a2674e53a2d7b75c6944b5a87b04ee9ea182b1,macOS-26.5.1-arm64-arm-64bit,channel_l,0.75,natural-snake,natural photograph,natural,64,din99d,nearest,all,1.0,0.75,none,0.968337,3.470373,3.382524,64,192,0,0,0.0,0.0,0,200619,{img2sixel} --threads=1 --precision=float32 --quality=full '--loaders=builtin!' --sampling-policy=full-frame --binning-policy=hard --quantize-model=kmeans:seed=1:binbits=6 --merge-policy=none --cover-policy=off -Xdin99d -Wdin99d --diffusion=fs:scan=raster --gpu-policy=off --lookup-policy=none --palette-type=rgb -p 64 --snap-policy=nearest:timing=all:rate=1:channel_l=0.75 --mapfile-output=act:{palette} {input},{lsqa} '--loaders=builtin!' {input} -
85a2674e53a2d7b75c6944b5a87b04ee9ea182b1,macOS-26.5.1-arm64-arm-64bit,channel_l,1,natural-snake,natural photograph,natural,64,din99d,nearest,all,1.0,1.0,none,0.967973,3.771137,3.698163,64,192,0,0,0.0,0.0,0,205937,{img2sixel} --threads=1 --precision=float32 --quality=full '--loaders=builtin!' --sampling-policy=full-frame --binning-policy=hard --quantize-model=kmeans:seed=1:binbits=6 --merge-policy=none --cover-policy=off -Xdin99d -Wdin99d --diffusion=fs:scan=raster --gpu-policy=off --lookup-policy=none --palette-type=rgb -p 64 --snap-policy=nearest:timing=all:rate=1:channel_l=1 --mapfile-output=act:{palette} {input},{lsqa} '--loaders=builtin!' {input} -
