revision,platform,input,width,height,variant,label,color,threads,sample,schedule_position,encode_first_worker_start_seconds,encode_last_worker_done_seconds,encode_window_seconds,encode_worker_start_count,encode_worker_done_count,command
a639171f5a3ab8207dbb5450edb8b0a000e1f1c0,macOS-26.5.1-arm64-arm-64bit,images/snake.png,1920,1080,fixed256,fixed 256-color,#0072B2,2,1,1,0.098002,0.11284,0.014838,180,180,'$BUILD_DIR/converters/img2sixel' --threads=2 --precision=8bit --quality=high '--loaders=builtin!' --diffusion=none --gpu-policy=off --palette-type=rgb -w 1920 -h 1080 --encode-policy fast -p 256 -o /dev/null -J '{timeline}' '$TOP_SRCDIR/images/snake.png'
a639171f5a3ab8207dbb5450edb8b0a000e1f1c0,macOS-26.5.1-arm64-arm-64bit,images/snake.png,1920,1080,fixed256,fixed 256-color,#0072B2,3,1,2,0.049708,0.103727,0.054019,180,180,'$BUILD_DIR/converters/img2sixel' --threads=3 --precision=8bit --quality=high '--loaders=builtin!' --diffusion=none --gpu-policy=off --palette-type=rgb -w 1920 -h 1080 --encode-policy fast -p 256 -o /dev/null -J '{timeline}' '$TOP_SRCDIR/images/snake.png'
a639171f5a3ab8207dbb5450edb8b0a000e1f1c0,macOS-26.5.1-arm64-arm-64bit,images/snake.png,1920,1080,fixed256,fixed 256-color,#0072B2,4,1,3,0.038507,0.079628,0.041121,180,180,'$BUILD_DIR/converters/img2sixel' --threads=4 --precision=8bit --quality=high '--loaders=builtin!' --diffusion=none --gpu-policy=off --palette-type=rgb -w 1920 -h 1080 --encode-policy fast -p 256 -o /dev/null -J '{timeline}' '$TOP_SRCDIR/images/snake.png'
a639171f5a3ab8207dbb5450edb8b0a000e1f1c0,macOS-26.5.1-arm64-arm-64bit,images/snake.png,1920,1080,fixed256,fixed 256-color,#0072B2,5,1,4,0.037889,0.067161,0.029272,180,180,'$BUILD_DIR/converters/img2sixel' --threads=5 --precision=8bit --quality=high '--loaders=builtin!' --diffusion=none --gpu-policy=off --palette-type=rgb -w 1920 -h 1080 --encode-policy fast -p 256 -o /dev/null -J '{timeline}' '$TOP_SRCDIR/images/snake.png'
a639171f5a3ab8207dbb5450edb8b0a000e1f1c0,macOS-26.5.1-arm64-arm-64bit,images/snake.png,1920,1080,fixed256,fixed 256-color,#0072B2,6,1,5,0.038823,0.067317,0.028494,180,180,'$BUILD_DIR/converters/img2sixel' --threads=6 --precision=8bit --quality=high '--loaders=builtin!' --diffusion=none --gpu-policy=off --palette-type=rgb -w 1920 -h 1080 --encode-policy fast -p 256 -o /dev/null -J '{timeline}' '$TOP_SRCDIR/images/snake.png'
a639171f5a3ab8207dbb5450edb8b0a000e1f1c0,macOS-26.5.1-arm64-arm-64bit,images/snake.png,1920,1080,fixed256,fixed 256-color,#0072B2,7,1,6,0.038795,0.064341,0.025546,180,180,'$BUILD_DIR/converters/img2sixel' --threads=7 --precision=8bit --quality=high '--loaders=builtin!' --diffusion=none --gpu-policy=off --palette-type=rgb -w 1920 -h 1080 --encode-policy fast -p 256 -o /dev/null -J '{timeline}' '$TOP_SRCDIR/images/snake.png'
a639171f5a3ab8207dbb5450edb8b0a000e1f1c0,macOS-26.5.1-arm64-arm-64bit,images/snake.png,1920,1080,fixed256,fixed 256-color,#0072B2,8,1,7,0.037324,0.060064,0.02274,180,180,'$BUILD_DIR/converters/img2sixel' --threads=8 --precision=8bit --quality=high '--loaders=builtin!' --diffusion=none --gpu-policy=off --palette-type=rgb -w 1920 -h 1080 --encode-policy fast -p 256 -o /dev/null -J '{timeline}' '$TOP_SRCDIR/images/snake.png'
a639171f5a3ab8207dbb5450edb8b0a000e1f1c0,macOS-26.5.1-arm64-arm-64bit,images/snake.png,1920,1080,fixed256,fixed 256-color,#0072B2,9,1,8,0.038589,0.059945,0.021356,180,180,'$BUILD_DIR/converters/img2sixel' --threads=9 --precision=8bit --quality=high '--loaders=builtin!' --diffusion=none --gpu-policy=off --palette-type=rgb -w 1920 -h 1080 --encode-policy fast -p 256 -o /dev/null -J '{timeline}' '$TOP_SRCDIR/images/snake.png'
a639171f5a3ab8207dbb5450edb8b0a000e1f1c0,macOS-26.5.1-arm64-arm-64bit,images/snake.png,1920,1080,fixed256,fixed 256-color,#0072B2,10,1,9,0.040566,0.061127,0.020561,180,180,'$BUILD_DIR/converters/img2sixel' --threads=10 --precision=8bit --quality=high '--loaders=builtin!' --diffusion=none --gpu-policy=off --palette-type=rgb -w 1920 -h 1080 --encode-policy fast -p 256 -o /dev/null -J '{timeline}' '$TOP_SRCDIR/images/snake.png'
a639171f5a3ab8207dbb5450edb8b0a000e1f1c0,macOS-26.5.1-arm64-arm-64bit,images/snake.png,1920,1080,fixed256,fixed 256-color,#0072B2,11,1,10,0.039602,0.059216,0.019614,180,180,'$BUILD_DIR/converters/img2sixel' --threads=11 --precision=8bit --quality=high '--loaders=builtin!' --diffusion=none --gpu-policy=off --palette-type=rgb -w 1920 -h 1080 --encode-policy fast -p 256 -o /dev/null -J '{timeline}' '$TOP_SRCDIR/images/snake.png'
a639171f5a3ab8207dbb5450edb8b0a000e1f1c0,macOS-26.5.1-arm64-arm-64bit,images/snake.png,1920,1080,fixed256,fixed 256-color,#0072B2,12,1,11,0.039565,0.057528,0.017963,180,180,'$BUILD_DIR/converters/img2sixel' --threads=12 --precision=8bit --quality=high '--loaders=builtin!' --diffusion=none --gpu-policy=off --palette-type=rgb -w 1920 -h 1080 --encode-policy fast -p 256 -o /dev/null -J '{timeline}' '$TOP_SRCDIR/images/snake.png'
a639171f5a3ab8207dbb5450edb8b0a000e1f1c0,macOS-26.5.1-arm64-arm-64bit,images/snake.png,1920,1080,high15,high color (15bpp),#D55E00,2,1,12,0.040448,0.101492,0.061044,286,286,'$BUILD_DIR/converters/img2sixel' --threads=2 --precision=8bit --quality=high '--loaders=builtin!' --diffusion=none --gpu-policy=off --palette-type=rgb -w 1920 -h 1080 --encode-policy fast -I -o /dev/null -J '{timeline}' '$TOP_SRCDIR/images/snake.png'
a639171f5a3ab8207dbb5450edb8b0a000e1f1c0,macOS-26.5.1-arm64-arm-64bit,images/snake.png,1920,1080,high15,high color (15bpp),#D55E00,3,1,13,0.039717,0.098845,0.059128,286,286,'$BUILD_DIR/converters/img2sixel' --threads=3 --precision=8bit --quality=high '--loaders=builtin!' --diffusion=none --gpu-policy=off --palette-type=rgb -w 1920 -h 1080 --encode-policy fast -I -o /dev/null -J '{timeline}' '$TOP_SRCDIR/images/snake.png'
a639171f5a3ab8207dbb5450edb8b0a000e1f1c0,macOS-26.5.1-arm64-arm-64bit,images/snake.png,1920,1080,high15,high color (15bpp),#D55E00,4,1,14,0.039051,0.096944,0.057893,286,286,'$BUILD_DIR/converters/img2sixel' --threads=4 --precision=8bit --quality=high '--loaders=builtin!' --diffusion=none --gpu-policy=off --palette-type=rgb -w 1920 -h 1080 --encode-policy fast -I -o /dev/null -J '{timeline}' '$TOP_SRCDIR/images/snake.png'
a639171f5a3ab8207dbb5450edb8b0a000e1f1c0,macOS-26.5.1-arm64-arm-64bit,images/snake.png,1920,1080,high15,high color (15bpp),#D55E00,5,1,15,0.03796,0.095795,0.057835,286,286,'$BUILD_DIR/converters/img2sixel' --threads=5 --precision=8bit --quality=high '--loaders=builtin!' --diffusion=none --gpu-policy=off --palette-type=rgb -w 1920 -h 1080 --encode-policy fast -I -o /dev/null -J '{timeline}' '$TOP_SRCDIR/images/snake.png'
a639171f5a3ab8207dbb5450edb8b0a000e1f1c0,macOS-26.5.1-arm64-arm-64bit,images/snake.png,1920,1080,high15,high color (15bpp),#D55E00,6,1,16,0.039466,0.097513,0.058047,286,286,'$BUILD_DIR/converters/img2sixel' --threads=6 --precision=8bit --quality=high '--loaders=builtin!' --diffusion=none --gpu-policy=off --palette-type=rgb -w 1920 -h 1080 --encode-policy fast -I -o /dev/null -J '{timeline}' '$TOP_SRCDIR/images/snake.png'
a639171f5a3ab8207dbb5450edb8b0a000e1f1c0,macOS-26.5.1-arm64-arm-64bit,images/snake.png,1920,1080,high15,high color (15bpp),#D55E00,7,1,17,0.039372,0.09735,0.057978,286,286,'$BUILD_DIR/converters/img2sixel' --threads=7 --precision=8bit --quality=high '--loaders=builtin!' --diffusion=none --gpu-policy=off --palette-type=rgb -w 1920 -h 1080 --encode-policy fast -I -o /dev/null -J '{timeline}' '$TOP_SRCDIR/images/snake.png'
a639171f5a3ab8207dbb5450edb8b0a000e1f1c0,macOS-26.5.1-arm64-arm-64bit,images/snake.png,1920,1080,high15,high color (15bpp),#D55E00,8,1,18,0.039092,0.098401,0.059309,286,286,'$BUILD_DIR/converters/img2sixel' --threads=8 --precision=8bit --quality=high '--loaders=builtin!' --diffusion=none --gpu-policy=off --palette-type=rgb -w 1920 -h 1080 --encode-policy fast -I -o /dev/null -J '{timeline}' '$TOP_SRCDIR/images/snake.png'
a639171f5a3ab8207dbb5450edb8b0a000e1f1c0,macOS-26.5.1-arm64-arm-64bit,images/snake.png,1920,1080,high15,high color (15bpp),#D55E00,9,1,19,0.039006,0.095985,0.056979,286,286,'$BUILD_DIR/converters/img2sixel' --threads=9 --precision=8bit --quality=high '--loaders=builtin!' --diffusion=none --gpu-policy=off --palette-type=rgb -w 1920 -h 1080 --encode-policy fast -I -o /dev/null -J '{timeline}' '$TOP_SRCDIR/images/snake.png'
a639171f5a3ab8207dbb5450edb8b0a000e1f1c0,macOS-26.5.1-arm64-arm-64bit,images/snake.png,1920,1080,high15,high color (15bpp),#D55E00,10,1,20,0.038695,0.097374,0.058679,286,286,'$BUILD_DIR/converters/img2sixel' --threads=10 --precision=8bit --quality=high '--loaders=builtin!' --diffusion=none --gpu-policy=off --palette-type=rgb -w 1920 -h 1080 --encode-policy fast -I -o /dev/null -J '{timeline}' '$TOP_SRCDIR/images/snake.png'
a639171f5a3ab8207dbb5450edb8b0a000e1f1c0,macOS-26.5.1-arm64-arm-64bit,images/snake.png,1920,1080,high15,high color (15bpp),#D55E00,11,1,21,0.039574,0.097806,0.058232,286,286,'$BUILD_DIR/converters/img2sixel' --threads=11 --precision=8bit --quality=high '--loaders=builtin!' --diffusion=none --gpu-policy=off --palette-type=rgb -w 1920 -h 1080 --encode-policy fast -I -o /dev/null -J '{timeline}' '$TOP_SRCDIR/images/snake.png'
a639171f5a3ab8207dbb5450edb8b0a000e1f1c0,macOS-26.5.1-arm64-arm-64bit,images/snake.png,1920,1080,high15,high color (15bpp),#D55E00,12,1,22,0.039211,0.098335,0.059124,286,286,'$BUILD_DIR/converters/img2sixel' --threads=12 --precision=8bit --quality=high '--loaders=builtin!' --diffusion=none --gpu-policy=off --palette-type=rgb -w 1920 -h 1080 --encode-policy fast -I -o /dev/null -J '{timeline}' '$TOP_SRCDIR/images/snake.png'
a639171f5a3ab8207dbb5450edb8b0a000e1f1c0,macOS-26.5.1-arm64-arm-64bit,images/snake.png,1920,1080,fixed256,fixed 256-color,#0072B2,2,2,1,0.099583,0.11393,0.014347,180,180,'$BUILD_DIR/converters/img2sixel' --threads=2 --precision=8bit --quality=high '--loaders=builtin!' --diffusion=none --gpu-policy=off --palette-type=rgb -w 1920 -h 1080 --encode-policy fast -p 256 -o /dev/null -J '{timeline}' '$TOP_SRCDIR/images/snake.png'
a639171f5a3ab8207dbb5450edb8b0a000e1f1c0,macOS-26.5.1-arm64-arm-64bit,images/snake.png,1920,1080,high15,high color (15bpp),#D55E00,12,2,2,0.038646,0.097537,0.058891,286,286,'$BUILD_DIR/converters/img2sixel' --threads=12 --precision=8bit --quality=high '--loaders=builtin!' --diffusion=none --gpu-policy=off --palette-type=rgb -w 1920 -h 1080 --encode-policy fast -I -o /dev/null -J '{timeline}' '$TOP_SRCDIR/images/snake.png'
a639171f5a3ab8207dbb5450edb8b0a000e1f1c0,macOS-26.5.1-arm64-arm-64bit,images/snake.png,1920,1080,high15,high color (15bpp),#D55E00,11,2,3,0.038431,0.097041,0.05861,286,286,'$BUILD_DIR/converters/img2sixel' --threads=11 --precision=8bit --quality=high '--loaders=builtin!' --diffusion=none --gpu-policy=off --palette-type=rgb -w 1920 -h 1080 --encode-policy fast -I -o /dev/null -J '{timeline}' '$TOP_SRCDIR/images/snake.png'
a639171f5a3ab8207dbb5450edb8b0a000e1f1c0,macOS-26.5.1-arm64-arm-64bit,images/snake.png,1920,1080,high15,high color (15bpp),#D55E00,10,2,4,0.039164,0.098163,0.058999,286,286,'$BUILD_DIR/converters/img2sixel' --threads=10 --precision=8bit --quality=high '--loaders=builtin!' --diffusion=none --gpu-policy=off --palette-type=rgb -w 1920 -h 1080 --encode-policy fast -I -o /dev/null -J '{timeline}' '$TOP_SRCDIR/images/snake.png'
a639171f5a3ab8207dbb5450edb8b0a000e1f1c0,macOS-26.5.1-arm64-arm-64bit,images/snake.png,1920,1080,high15,high color (15bpp),#D55E00,9,2,5,0.039092,0.095776,0.056684,286,286,'$BUILD_DIR/converters/img2sixel' --threads=9 --precision=8bit --quality=high '--loaders=builtin!' --diffusion=none --gpu-policy=off --palette-type=rgb -w 1920 -h 1080 --encode-policy fast -I -o /dev/null -J '{timeline}' '$TOP_SRCDIR/images/snake.png'
a639171f5a3ab8207dbb5450edb8b0a000e1f1c0,macOS-26.5.1-arm64-arm-64bit,images/snake.png,1920,1080,high15,high color (15bpp),#D55E00,8,2,6,0.039043,0.097593,0.05855,286,286,'$BUILD_DIR/converters/img2sixel' --threads=8 --precision=8bit --quality=high '--loaders=builtin!' --diffusion=none --gpu-policy=off --palette-type=rgb -w 1920 -h 1080 --encode-policy fast -I -o /dev/null -J '{timeline}' '$TOP_SRCDIR/images/snake.png'
a639171f5a3ab8207dbb5450edb8b0a000e1f1c0,macOS-26.5.1-arm64-arm-64bit,images/snake.png,1920,1080,high15,high color (15bpp),#D55E00,7,2,7,0.038665,0.096883,0.058218,286,286,'$BUILD_DIR/converters/img2sixel' --threads=7 --precision=8bit --quality=high '--loaders=builtin!' --diffusion=none --gpu-policy=off --palette-type=rgb -w 1920 -h 1080 --encode-policy fast -I -o /dev/null -J '{timeline}' '$TOP_SRCDIR/images/snake.png'
a639171f5a3ab8207dbb5450edb8b0a000e1f1c0,macOS-26.5.1-arm64-arm-64bit,images/snake.png,1920,1080,high15,high color (15bpp),#D55E00,6,2,8,0.039165,0.097769,0.058604,286,286,'$BUILD_DIR/converters/img2sixel' --threads=6 --precision=8bit --quality=high '--loaders=builtin!' --diffusion=none --gpu-policy=off --palette-type=rgb -w 1920 -h 1080 --encode-policy fast -I -o /dev/null -J '{timeline}' '$TOP_SRCDIR/images/snake.png'
a639171f5a3ab8207dbb5450edb8b0a000e1f1c0,macOS-26.5.1-arm64-arm-64bit,images/snake.png,1920,1080,high15,high color (15bpp),#D55E00,5,2,9,0.039328,0.098464,0.059136,286,286,'$BUILD_DIR/converters/img2sixel' --threads=5 --precision=8bit --quality=high '--loaders=builtin!' --diffusion=none --gpu-policy=off --palette-type=rgb -w 1920 -h 1080 --encode-policy fast -I -o /dev/null -J '{timeline}' '$TOP_SRCDIR/images/snake.png'
a639171f5a3ab8207dbb5450edb8b0a000e1f1c0,macOS-26.5.1-arm64-arm-64bit,images/snake.png,1920,1080,high15,high color (15bpp),#D55E00,4,2,10,0.038726,0.097865,0.059139,286,286,'$BUILD_DIR/converters/img2sixel' --threads=4 --precision=8bit --quality=high '--loaders=builtin!' --diffusion=none --gpu-policy=off --palette-type=rgb -w 1920 -h 1080 --encode-policy fast -I -o /dev/null -J '{timeline}' '$TOP_SRCDIR/images/snake.png'
a639171f5a3ab8207dbb5450edb8b0a000e1f1c0,macOS-26.5.1-arm64-arm-64bit,images/snake.png,1920,1080,high15,high color (15bpp),#D55E00,3,2,11,0.039893,0.099815,0.059922,286,286,'$BUILD_DIR/converters/img2sixel' --threads=3 --precision=8bit --quality=high '--loaders=builtin!' --diffusion=none --gpu-policy=off --palette-type=rgb -w 1920 -h 1080 --encode-policy fast -I -o /dev/null -J '{timeline}' '$TOP_SRCDIR/images/snake.png'
a639171f5a3ab8207dbb5450edb8b0a000e1f1c0,macOS-26.5.1-arm64-arm-64bit,images/snake.png,1920,1080,high15,high color (15bpp),#D55E00,2,2,12,0.040982,0.102029,0.061047,286,286,'$BUILD_DIR/converters/img2sixel' --threads=2 --precision=8bit --quality=high '--loaders=builtin!' --diffusion=none --gpu-policy=off --palette-type=rgb -w 1920 -h 1080 --encode-policy fast -I -o /dev/null -J '{timeline}' '$TOP_SRCDIR/images/snake.png'
a639171f5a3ab8207dbb5450edb8b0a000e1f1c0,macOS-26.5.1-arm64-arm-64bit,images/snake.png,1920,1080,fixed256,fixed 256-color,#0072B2,12,2,13,0.040309,0.05785,0.017541,180,180,'$BUILD_DIR/converters/img2sixel' --threads=12 --precision=8bit --quality=high '--loaders=builtin!' --diffusion=none --gpu-policy=off --palette-type=rgb -w 1920 -h 1080 --encode-policy fast -p 256 -o /dev/null -J '{timeline}' '$TOP_SRCDIR/images/snake.png'
a639171f5a3ab8207dbb5450edb8b0a000e1f1c0,macOS-26.5.1-arm64-arm-64bit,images/snake.png,1920,1080,fixed256,fixed 256-color,#0072B2,11,2,14,0.038999,0.05897,0.019971,180,180,'$BUILD_DIR/converters/img2sixel' --threads=11 --precision=8bit --quality=high '--loaders=builtin!' --diffusion=none --gpu-policy=off --palette-type=rgb -w 1920 -h 1080 --encode-policy fast -p 256 -o /dev/null -J '{timeline}' '$TOP_SRCDIR/images/snake.png'
a639171f5a3ab8207dbb5450edb8b0a000e1f1c0,macOS-26.5.1-arm64-arm-64bit,images/snake.png,1920,1080,fixed256,fixed 256-color,#0072B2,10,2,15,0.037958,0.058476,0.020518,180,180,'$BUILD_DIR/converters/img2sixel' --threads=10 --precision=8bit --quality=high '--loaders=builtin!' --diffusion=none --gpu-policy=off --palette-type=rgb -w 1920 -h 1080 --encode-policy fast -p 256 -o /dev/null -J '{timeline}' '$TOP_SRCDIR/images/snake.png'
a639171f5a3ab8207dbb5450edb8b0a000e1f1c0,macOS-26.5.1-arm64-arm-64bit,images/snake.png,1920,1080,fixed256,fixed 256-color,#0072B2,9,2,16,0.038572,0.060427,0.021855,180,180,'$BUILD_DIR/converters/img2sixel' --threads=9 --precision=8bit --quality=high '--loaders=builtin!' --diffusion=none --gpu-policy=off --palette-type=rgb -w 1920 -h 1080 --encode-policy fast -p 256 -o /dev/null -J '{timeline}' '$TOP_SRCDIR/images/snake.png'
a639171f5a3ab8207dbb5450edb8b0a000e1f1c0,macOS-26.5.1-arm64-arm-64bit,images/snake.png,1920,1080,fixed256,fixed 256-color,#0072B2,8,2,17,0.039629,0.060921,0.021292,180,180,'$BUILD_DIR/converters/img2sixel' --threads=8 --precision=8bit --quality=high '--loaders=builtin!' --diffusion=none --gpu-policy=off --palette-type=rgb -w 1920 -h 1080 --encode-policy fast -p 256 -o /dev/null -J '{timeline}' '$TOP_SRCDIR/images/snake.png'
a639171f5a3ab8207dbb5450edb8b0a000e1f1c0,macOS-26.5.1-arm64-arm-64bit,images/snake.png,1920,1080,fixed256,fixed 256-color,#0072B2,7,2,18,0.038999,0.064775,0.025776,180,180,'$BUILD_DIR/converters/img2sixel' --threads=7 --precision=8bit --quality=high '--loaders=builtin!' --diffusion=none --gpu-policy=off --palette-type=rgb -w 1920 -h 1080 --encode-policy fast -p 256 -o /dev/null -J '{timeline}' '$TOP_SRCDIR/images/snake.png'
a639171f5a3ab8207dbb5450edb8b0a000e1f1c0,macOS-26.5.1-arm64-arm-64bit,images/snake.png,1920,1080,fixed256,fixed 256-color,#0072B2,6,2,19,0.039039,0.066751,0.027712,180,180,'$BUILD_DIR/converters/img2sixel' --threads=6 --precision=8bit --quality=high '--loaders=builtin!' --diffusion=none --gpu-policy=off --palette-type=rgb -w 1920 -h 1080 --encode-policy fast -p 256 -o /dev/null -J '{timeline}' '$TOP_SRCDIR/images/snake.png'
a639171f5a3ab8207dbb5450edb8b0a000e1f1c0,macOS-26.5.1-arm64-arm-64bit,images/snake.png,1920,1080,fixed256,fixed 256-color,#0072B2,5,2,20,0.038512,0.06823,0.029718,180,180,'$BUILD_DIR/converters/img2sixel' --threads=5 --precision=8bit --quality=high '--loaders=builtin!' --diffusion=none --gpu-policy=off --palette-type=rgb -w 1920 -h 1080 --encode-policy fast -p 256 -o /dev/null -J '{timeline}' '$TOP_SRCDIR/images/snake.png'
a639171f5a3ab8207dbb5450edb8b0a000e1f1c0,macOS-26.5.1-arm64-arm-64bit,images/snake.png,1920,1080,fixed256,fixed 256-color,#0072B2,4,2,21,0.039439,0.078461,0.039022,180,180,'$BUILD_DIR/converters/img2sixel' --threads=4 --precision=8bit --quality=high '--loaders=builtin!' --diffusion=none --gpu-policy=off --palette-type=rgb -w 1920 -h 1080 --encode-policy fast -p 256 -o /dev/null -J '{timeline}' '$TOP_SRCDIR/images/snake.png'
a639171f5a3ab8207dbb5450edb8b0a000e1f1c0,macOS-26.5.1-arm64-arm-64bit,images/snake.png,1920,1080,fixed256,fixed 256-color,#0072B2,3,2,22,0.047468,0.102994,0.055526,180,180,'$BUILD_DIR/converters/img2sixel' --threads=3 --precision=8bit --quality=high '--loaders=builtin!' --diffusion=none --gpu-policy=off --palette-type=rgb -w 1920 -h 1080 --encode-policy fast -p 256 -o /dev/null -J '{timeline}' '$TOP_SRCDIR/images/snake.png'
a639171f5a3ab8207dbb5450edb8b0a000e1f1c0,macOS-26.5.1-arm64-arm-64bit,images/snake.png,1920,1080,fixed256,fixed 256-color,#0072B2,4,3,1,0.038135,0.076634,0.038499,180,180,'$BUILD_DIR/converters/img2sixel' --threads=4 --precision=8bit --quality=high '--loaders=builtin!' --diffusion=none --gpu-policy=off --palette-type=rgb -w 1920 -h 1080 --encode-policy fast -p 256 -o /dev/null -J '{timeline}' '$TOP_SRCDIR/images/snake.png'
a639171f5a3ab8207dbb5450edb8b0a000e1f1c0,macOS-26.5.1-arm64-arm-64bit,images/snake.png,1920,1080,fixed256,fixed 256-color,#0072B2,5,3,2,0.038549,0.067724,0.029175,180,180,'$BUILD_DIR/converters/img2sixel' --threads=5 --precision=8bit --quality=high '--loaders=builtin!' --diffusion=none --gpu-policy=off --palette-type=rgb -w 1920 -h 1080 --encode-policy fast -p 256 -o /dev/null -J '{timeline}' '$TOP_SRCDIR/images/snake.png'
a639171f5a3ab8207dbb5450edb8b0a000e1f1c0,macOS-26.5.1-arm64-arm-64bit,images/snake.png,1920,1080,fixed256,fixed 256-color,#0072B2,6,3,3,0.037556,0.06599,0.028434,180,180,'$BUILD_DIR/converters/img2sixel' --threads=6 --precision=8bit --quality=high '--loaders=builtin!' --diffusion=none --gpu-policy=off --palette-type=rgb -w 1920 -h 1080 --encode-policy fast -p 256 -o /dev/null -J '{timeline}' '$TOP_SRCDIR/images/snake.png'
a639171f5a3ab8207dbb5450edb8b0a000e1f1c0,macOS-26.5.1-arm64-arm-64bit,images/snake.png,1920,1080,fixed256,fixed 256-color,#0072B2,7,3,4,0.038648,0.065151,0.026503,180,180,'$BUILD_DIR/converters/img2sixel' --threads=7 --precision=8bit --quality=high '--loaders=builtin!' --diffusion=none --gpu-policy=off --palette-type=rgb -w 1920 -h 1080 --encode-policy fast -p 256 -o /dev/null -J '{timeline}' '$TOP_SRCDIR/images/snake.png'
a639171f5a3ab8207dbb5450edb8b0a000e1f1c0,macOS-26.5.1-arm64-arm-64bit,images/snake.png,1920,1080,fixed256,fixed 256-color,#0072B2,8,3,5,0.037826,0.060777,0.022951,180,180,'$BUILD_DIR/converters/img2sixel' --threads=8 --precision=8bit --quality=high '--loaders=builtin!' --diffusion=none --gpu-policy=off --palette-type=rgb -w 1920 -h 1080 --encode-policy fast -p 256 -o /dev/null -J '{timeline}' '$TOP_SRCDIR/images/snake.png'
a639171f5a3ab8207dbb5450edb8b0a000e1f1c0,macOS-26.5.1-arm64-arm-64bit,images/snake.png,1920,1080,fixed256,fixed 256-color,#0072B2,9,3,6,0.038788,0.060323,0.021535,180,180,'$BUILD_DIR/converters/img2sixel' --threads=9 --precision=8bit --quality=high '--loaders=builtin!' --diffusion=none --gpu-policy=off --palette-type=rgb -w 1920 -h 1080 --encode-policy fast -p 256 -o /dev/null -J '{timeline}' '$TOP_SRCDIR/images/snake.png'
a639171f5a3ab8207dbb5450edb8b0a000e1f1c0,macOS-26.5.1-arm64-arm-64bit,images/snake.png,1920,1080,fixed256,fixed 256-color,#0072B2,10,3,7,0.038302,0.058098,0.019796,180,180,'$BUILD_DIR/converters/img2sixel' --threads=10 --precision=8bit --quality=high '--loaders=builtin!' --diffusion=none --gpu-policy=off --palette-type=rgb -w 1920 -h 1080 --encode-policy fast -p 256 -o /dev/null -J '{timeline}' '$TOP_SRCDIR/images/snake.png'
a639171f5a3ab8207dbb5450edb8b0a000e1f1c0,macOS-26.5.1-arm64-arm-64bit,images/snake.png,1920,1080,fixed256,fixed 256-color,#0072B2,11,3,8,0.039133,0.058997,0.019864,180,180,'$BUILD_DIR/converters/img2sixel' --threads=11 --precision=8bit --quality=high '--loaders=builtin!' --diffusion=none --gpu-policy=off --palette-type=rgb -w 1920 -h 1080 --encode-policy fast -p 256 -o /dev/null -J '{timeline}' '$TOP_SRCDIR/images/snake.png'
a639171f5a3ab8207dbb5450edb8b0a000e1f1c0,macOS-26.5.1-arm64-arm-64bit,images/snake.png,1920,1080,fixed256,fixed 256-color,#0072B2,12,3,9,0.037626,0.055873,0.018247,180,180,'$BUILD_DIR/converters/img2sixel' --threads=12 --precision=8bit --quality=high '--loaders=builtin!' --diffusion=none --gpu-policy=off --palette-type=rgb -w 1920 -h 1080 --encode-policy fast -p 256 -o /dev/null -J '{timeline}' '$TOP_SRCDIR/images/snake.png'
a639171f5a3ab8207dbb5450edb8b0a000e1f1c0,macOS-26.5.1-arm64-arm-64bit,images/snake.png,1920,1080,high15,high color (15bpp),#D55E00,2,3,10,0.039722,0.101578,0.061856,286,286,'$BUILD_DIR/converters/img2sixel' --threads=2 --precision=8bit --quality=high '--loaders=builtin!' --diffusion=none --gpu-policy=off --palette-type=rgb -w 1920 -h 1080 --encode-policy fast -I -o /dev/null -J '{timeline}' '$TOP_SRCDIR/images/snake.png'
a639171f5a3ab8207dbb5450edb8b0a000e1f1c0,macOS-26.5.1-arm64-arm-64bit,images/snake.png,1920,1080,high15,high color (15bpp),#D55E00,3,3,11,0.039557,0.098709,0.059152,286,286,'$BUILD_DIR/converters/img2sixel' --threads=3 --precision=8bit --quality=high '--loaders=builtin!' --diffusion=none --gpu-policy=off --palette-type=rgb -w 1920 -h 1080 --encode-policy fast -I -o /dev/null -J '{timeline}' '$TOP_SRCDIR/images/snake.png'
a639171f5a3ab8207dbb5450edb8b0a000e1f1c0,macOS-26.5.1-arm64-arm-64bit,images/snake.png,1920,1080,high15,high color (15bpp),#D55E00,4,3,12,0.038086,0.09729,0.059204,286,286,'$BUILD_DIR/converters/img2sixel' --threads=4 --precision=8bit --quality=high '--loaders=builtin!' --diffusion=none --gpu-policy=off --palette-type=rgb -w 1920 -h 1080 --encode-policy fast -I -o /dev/null -J '{timeline}' '$TOP_SRCDIR/images/snake.png'
a639171f5a3ab8207dbb5450edb8b0a000e1f1c0,macOS-26.5.1-arm64-arm-64bit,images/snake.png,1920,1080,high15,high color (15bpp),#D55E00,5,3,13,0.039493,0.096832,0.057339,286,286,'$BUILD_DIR/converters/img2sixel' --threads=5 --precision=8bit --quality=high '--loaders=builtin!' --diffusion=none --gpu-policy=off --palette-type=rgb -w 1920 -h 1080 --encode-policy fast -I -o /dev/null -J '{timeline}' '$TOP_SRCDIR/images/snake.png'
a639171f5a3ab8207dbb5450edb8b0a000e1f1c0,macOS-26.5.1-arm64-arm-64bit,images/snake.png,1920,1080,high15,high color (15bpp),#D55E00,6,3,14,0.03742,0.096808,0.059388,286,286,'$BUILD_DIR/converters/img2sixel' --threads=6 --precision=8bit --quality=high '--loaders=builtin!' --diffusion=none --gpu-policy=off --palette-type=rgb -w 1920 -h 1080 --encode-policy fast -I -o /dev/null -J '{timeline}' '$TOP_SRCDIR/images/snake.png'
a639171f5a3ab8207dbb5450edb8b0a000e1f1c0,macOS-26.5.1-arm64-arm-64bit,images/snake.png,1920,1080,high15,high color (15bpp),#D55E00,7,3,15,0.037907,0.096624,0.058717,286,286,'$BUILD_DIR/converters/img2sixel' --threads=7 --precision=8bit --quality=high '--loaders=builtin!' --diffusion=none --gpu-policy=off --palette-type=rgb -w 1920 -h 1080 --encode-policy fast -I -o /dev/null -J '{timeline}' '$TOP_SRCDIR/images/snake.png'
a639171f5a3ab8207dbb5450edb8b0a000e1f1c0,macOS-26.5.1-arm64-arm-64bit,images/snake.png,1920,1080,high15,high color (15bpp),#D55E00,8,3,16,0.038245,0.097465,0.05922,286,286,'$BUILD_DIR/converters/img2sixel' --threads=8 --precision=8bit --quality=high '--loaders=builtin!' --diffusion=none --gpu-policy=off --palette-type=rgb -w 1920 -h 1080 --encode-policy fast -I -o /dev/null -J '{timeline}' '$TOP_SRCDIR/images/snake.png'
a639171f5a3ab8207dbb5450edb8b0a000e1f1c0,macOS-26.5.1-arm64-arm-64bit,images/snake.png,1920,1080,high15,high color (15bpp),#D55E00,9,3,17,0.037967,0.095312,0.057345,286,286,'$BUILD_DIR/converters/img2sixel' --threads=9 --precision=8bit --quality=high '--loaders=builtin!' --diffusion=none --gpu-policy=off --palette-type=rgb -w 1920 -h 1080 --encode-policy fast -I -o /dev/null -J '{timeline}' '$TOP_SRCDIR/images/snake.png'
a639171f5a3ab8207dbb5450edb8b0a000e1f1c0,macOS-26.5.1-arm64-arm-64bit,images/snake.png,1920,1080,high15,high color (15bpp),#D55E00,10,3,18,0.03727,0.096563,0.059293,286,286,'$BUILD_DIR/converters/img2sixel' --threads=10 --precision=8bit --quality=high '--loaders=builtin!' --diffusion=none --gpu-policy=off --palette-type=rgb -w 1920 -h 1080 --encode-policy fast -I -o /dev/null -J '{timeline}' '$TOP_SRCDIR/images/snake.png'
a639171f5a3ab8207dbb5450edb8b0a000e1f1c0,macOS-26.5.1-arm64-arm-64bit,images/snake.png,1920,1080,high15,high color (15bpp),#D55E00,11,3,19,0.038159,0.097118,0.058959,286,286,'$BUILD_DIR/converters/img2sixel' --threads=11 --precision=8bit --quality=high '--loaders=builtin!' --diffusion=none --gpu-policy=off --palette-type=rgb -w 1920 -h 1080 --encode-policy fast -I -o /dev/null -J '{timeline}' '$TOP_SRCDIR/images/snake.png'
a639171f5a3ab8207dbb5450edb8b0a000e1f1c0,macOS-26.5.1-arm64-arm-64bit,images/snake.png,1920,1080,high15,high color (15bpp),#D55E00,12,3,20,0.036314,0.094942,0.058628,286,286,'$BUILD_DIR/converters/img2sixel' --threads=12 --precision=8bit --quality=high '--loaders=builtin!' --diffusion=none --gpu-policy=off --palette-type=rgb -w 1920 -h 1080 --encode-policy fast -I -o /dev/null -J '{timeline}' '$TOP_SRCDIR/images/snake.png'
a639171f5a3ab8207dbb5450edb8b0a000e1f1c0,macOS-26.5.1-arm64-arm-64bit,images/snake.png,1920,1080,fixed256,fixed 256-color,#0072B2,2,3,21,0.099446,0.113866,0.01442,180,180,'$BUILD_DIR/converters/img2sixel' --threads=2 --precision=8bit --quality=high '--loaders=builtin!' --diffusion=none --gpu-policy=off --palette-type=rgb -w 1920 -h 1080 --encode-policy fast -p 256 -o /dev/null -J '{timeline}' '$TOP_SRCDIR/images/snake.png'
a639171f5a3ab8207dbb5450edb8b0a000e1f1c0,macOS-26.5.1-arm64-arm-64bit,images/snake.png,1920,1080,fixed256,fixed 256-color,#0072B2,3,3,22,0.048789,0.102306,0.053517,180,180,'$BUILD_DIR/converters/img2sixel' --threads=3 --precision=8bit --quality=high '--loaders=builtin!' --diffusion=none --gpu-policy=off --palette-type=rgb -w 1920 -h 1080 --encode-policy fast -p 256 -o /dev/null -J '{timeline}' '$TOP_SRCDIR/images/snake.png'
a639171f5a3ab8207dbb5450edb8b0a000e1f1c0,macOS-26.5.1-arm64-arm-64bit,images/snake.png,1920,1080,fixed256,fixed 256-color,#0072B2,4,4,1,0.038766,0.07937,0.040604,180,180,'$BUILD_DIR/converters/img2sixel' --threads=4 --precision=8bit --quality=high '--loaders=builtin!' --diffusion=none --gpu-policy=off --palette-type=rgb -w 1920 -h 1080 --encode-policy fast -p 256 -o /dev/null -J '{timeline}' '$TOP_SRCDIR/images/snake.png'
a639171f5a3ab8207dbb5450edb8b0a000e1f1c0,macOS-26.5.1-arm64-arm-64bit,images/snake.png,1920,1080,fixed256,fixed 256-color,#0072B2,3,4,2,0.050459,0.106475,0.056016,180,180,'$BUILD_DIR/converters/img2sixel' --threads=3 --precision=8bit --quality=high '--loaders=builtin!' --diffusion=none --gpu-policy=off --palette-type=rgb -w 1920 -h 1080 --encode-policy fast -p 256 -o /dev/null -J '{timeline}' '$TOP_SRCDIR/images/snake.png'
a639171f5a3ab8207dbb5450edb8b0a000e1f1c0,macOS-26.5.1-arm64-arm-64bit,images/snake.png,1920,1080,fixed256,fixed 256-color,#0072B2,2,4,3,0.100488,0.115224,0.014736,180,180,'$BUILD_DIR/converters/img2sixel' --threads=2 --precision=8bit --quality=high '--loaders=builtin!' --diffusion=none --gpu-policy=off --palette-type=rgb -w 1920 -h 1080 --encode-policy fast -p 256 -o /dev/null -J '{timeline}' '$TOP_SRCDIR/images/snake.png'
a639171f5a3ab8207dbb5450edb8b0a000e1f1c0,macOS-26.5.1-arm64-arm-64bit,images/snake.png,1920,1080,high15,high color (15bpp),#D55E00,12,4,4,0.0362,0.091883,0.055683,286,286,'$BUILD_DIR/converters/img2sixel' --threads=12 --precision=8bit --quality=high '--loaders=builtin!' --diffusion=none --gpu-policy=off --palette-type=rgb -w 1920 -h 1080 --encode-policy fast -I -o /dev/null -J '{timeline}' '$TOP_SRCDIR/images/snake.png'
a639171f5a3ab8207dbb5450edb8b0a000e1f1c0,macOS-26.5.1-arm64-arm-64bit,images/snake.png,1920,1080,high15,high color (15bpp),#D55E00,11,4,5,0.03647,0.090853,0.054383,286,286,'$BUILD_DIR/converters/img2sixel' --threads=11 --precision=8bit --quality=high '--loaders=builtin!' --diffusion=none --gpu-policy=off --palette-type=rgb -w 1920 -h 1080 --encode-policy fast -I -o /dev/null -J '{timeline}' '$TOP_SRCDIR/images/snake.png'
a639171f5a3ab8207dbb5450edb8b0a000e1f1c0,macOS-26.5.1-arm64-arm-64bit,images/snake.png,1920,1080,high15,high color (15bpp),#D55E00,10,4,6,0.035258,0.089222,0.053964,286,286,'$BUILD_DIR/converters/img2sixel' --threads=10 --precision=8bit --quality=high '--loaders=builtin!' --diffusion=none --gpu-policy=off --palette-type=rgb -w 1920 -h 1080 --encode-policy fast -I -o /dev/null -J '{timeline}' '$TOP_SRCDIR/images/snake.png'
a639171f5a3ab8207dbb5450edb8b0a000e1f1c0,macOS-26.5.1-arm64-arm-64bit,images/snake.png,1920,1080,high15,high color (15bpp),#D55E00,9,4,7,0.038043,0.096445,0.058402,286,286,'$BUILD_DIR/converters/img2sixel' --threads=9 --precision=8bit --quality=high '--loaders=builtin!' --diffusion=none --gpu-policy=off --palette-type=rgb -w 1920 -h 1080 --encode-policy fast -I -o /dev/null -J '{timeline}' '$TOP_SRCDIR/images/snake.png'
a639171f5a3ab8207dbb5450edb8b0a000e1f1c0,macOS-26.5.1-arm64-arm-64bit,images/snake.png,1920,1080,high15,high color (15bpp),#D55E00,8,4,8,0.035161,0.08792,0.052759,286,286,'$BUILD_DIR/converters/img2sixel' --threads=8 --precision=8bit --quality=high '--loaders=builtin!' --diffusion=none --gpu-policy=off --palette-type=rgb -w 1920 -h 1080 --encode-policy fast -I -o /dev/null -J '{timeline}' '$TOP_SRCDIR/images/snake.png'
a639171f5a3ab8207dbb5450edb8b0a000e1f1c0,macOS-26.5.1-arm64-arm-64bit,images/snake.png,1920,1080,high15,high color (15bpp),#D55E00,7,4,9,0.034789,0.089651,0.054862,286,286,'$BUILD_DIR/converters/img2sixel' --threads=7 --precision=8bit --quality=high '--loaders=builtin!' --diffusion=none --gpu-policy=off --palette-type=rgb -w 1920 -h 1080 --encode-policy fast -I -o /dev/null -J '{timeline}' '$TOP_SRCDIR/images/snake.png'
a639171f5a3ab8207dbb5450edb8b0a000e1f1c0,macOS-26.5.1-arm64-arm-64bit,images/snake.png,1920,1080,high15,high color (15bpp),#D55E00,6,4,10,0.035243,0.089425,0.054182,286,286,'$BUILD_DIR/converters/img2sixel' --threads=6 --precision=8bit --quality=high '--loaders=builtin!' --diffusion=none --gpu-policy=off --palette-type=rgb -w 1920 -h 1080 --encode-policy fast -I -o /dev/null -J '{timeline}' '$TOP_SRCDIR/images/snake.png'
a639171f5a3ab8207dbb5450edb8b0a000e1f1c0,macOS-26.5.1-arm64-arm-64bit,images/snake.png,1920,1080,high15,high color (15bpp),#D55E00,5,4,11,0.036595,0.105919,0.069324,286,286,'$BUILD_DIR/converters/img2sixel' --threads=5 --precision=8bit --quality=high '--loaders=builtin!' --diffusion=none --gpu-policy=off --palette-type=rgb -w 1920 -h 1080 --encode-policy fast -I -o /dev/null -J '{timeline}' '$TOP_SRCDIR/images/snake.png'
a639171f5a3ab8207dbb5450edb8b0a000e1f1c0,macOS-26.5.1-arm64-arm-64bit,images/snake.png,1920,1080,high15,high color (15bpp),#D55E00,4,4,12,0.039192,0.098554,0.059362,286,286,'$BUILD_DIR/converters/img2sixel' --threads=4 --precision=8bit --quality=high '--loaders=builtin!' --diffusion=none --gpu-policy=off --palette-type=rgb -w 1920 -h 1080 --encode-policy fast -I -o /dev/null -J '{timeline}' '$TOP_SRCDIR/images/snake.png'
a639171f5a3ab8207dbb5450edb8b0a000e1f1c0,macOS-26.5.1-arm64-arm-64bit,images/snake.png,1920,1080,high15,high color (15bpp),#D55E00,3,4,13,0.040101,0.099641,0.05954,286,286,'$BUILD_DIR/converters/img2sixel' --threads=3 --precision=8bit --quality=high '--loaders=builtin!' --diffusion=none --gpu-policy=off --palette-type=rgb -w 1920 -h 1080 --encode-policy fast -I -o /dev/null -J '{timeline}' '$TOP_SRCDIR/images/snake.png'
a639171f5a3ab8207dbb5450edb8b0a000e1f1c0,macOS-26.5.1-arm64-arm-64bit,images/snake.png,1920,1080,high15,high color (15bpp),#D55E00,2,4,14,0.041002,0.103322,0.06232,286,286,'$BUILD_DIR/converters/img2sixel' --threads=2 --precision=8bit --quality=high '--loaders=builtin!' --diffusion=none --gpu-policy=off --palette-type=rgb -w 1920 -h 1080 --encode-policy fast -I -o /dev/null -J '{timeline}' '$TOP_SRCDIR/images/snake.png'
a639171f5a3ab8207dbb5450edb8b0a000e1f1c0,macOS-26.5.1-arm64-arm-64bit,images/snake.png,1920,1080,fixed256,fixed 256-color,#0072B2,12,4,15,0.039606,0.057366,0.01776,180,180,'$BUILD_DIR/converters/img2sixel' --threads=12 --precision=8bit --quality=high '--loaders=builtin!' --diffusion=none --gpu-policy=off --palette-type=rgb -w 1920 -h 1080 --encode-policy fast -p 256 -o /dev/null -J '{timeline}' '$TOP_SRCDIR/images/snake.png'
a639171f5a3ab8207dbb5450edb8b0a000e1f1c0,macOS-26.5.1-arm64-arm-64bit,images/snake.png,1920,1080,fixed256,fixed 256-color,#0072B2,11,4,16,0.039244,0.058784,0.01954,180,180,'$BUILD_DIR/converters/img2sixel' --threads=11 --precision=8bit --quality=high '--loaders=builtin!' --diffusion=none --gpu-policy=off --palette-type=rgb -w 1920 -h 1080 --encode-policy fast -p 256 -o /dev/null -J '{timeline}' '$TOP_SRCDIR/images/snake.png'
a639171f5a3ab8207dbb5450edb8b0a000e1f1c0,macOS-26.5.1-arm64-arm-64bit,images/snake.png,1920,1080,fixed256,fixed 256-color,#0072B2,10,4,17,0.036376,0.055513,0.019137,180,180,'$BUILD_DIR/converters/img2sixel' --threads=10 --precision=8bit --quality=high '--loaders=builtin!' --diffusion=none --gpu-policy=off --palette-type=rgb -w 1920 -h 1080 --encode-policy fast -p 256 -o /dev/null -J '{timeline}' '$TOP_SRCDIR/images/snake.png'
a639171f5a3ab8207dbb5450edb8b0a000e1f1c0,macOS-26.5.1-arm64-arm-64bit,images/snake.png,1920,1080,fixed256,fixed 256-color,#0072B2,9,4,18,0.037715,0.058655,0.02094,180,180,'$BUILD_DIR/converters/img2sixel' --threads=9 --precision=8bit --quality=high '--loaders=builtin!' --diffusion=none --gpu-policy=off --palette-type=rgb -w 1920 -h 1080 --encode-policy fast -p 256 -o /dev/null -J '{timeline}' '$TOP_SRCDIR/images/snake.png'
a639171f5a3ab8207dbb5450edb8b0a000e1f1c0,macOS-26.5.1-arm64-arm-64bit,images/snake.png,1920,1080,fixed256,fixed 256-color,#0072B2,8,4,19,0.036821,0.05857,0.021749,180,180,'$BUILD_DIR/converters/img2sixel' --threads=8 --precision=8bit --quality=high '--loaders=builtin!' --diffusion=none --gpu-policy=off --palette-type=rgb -w 1920 -h 1080 --encode-policy fast -p 256 -o /dev/null -J '{timeline}' '$TOP_SRCDIR/images/snake.png'
a639171f5a3ab8207dbb5450edb8b0a000e1f1c0,macOS-26.5.1-arm64-arm-64bit,images/snake.png,1920,1080,fixed256,fixed 256-color,#0072B2,7,4,20,0.036429,0.05941,0.022981,180,180,'$BUILD_DIR/converters/img2sixel' --threads=7 --precision=8bit --quality=high '--loaders=builtin!' --diffusion=none --gpu-policy=off --palette-type=rgb -w 1920 -h 1080 --encode-policy fast -p 256 -o /dev/null -J '{timeline}' '$TOP_SRCDIR/images/snake.png'
a639171f5a3ab8207dbb5450edb8b0a000e1f1c0,macOS-26.5.1-arm64-arm-64bit,images/snake.png,1920,1080,fixed256,fixed 256-color,#0072B2,6,4,21,0.036247,0.064239,0.027992,180,180,'$BUILD_DIR/converters/img2sixel' --threads=6 --precision=8bit --quality=high '--loaders=builtin!' --diffusion=none --gpu-policy=off --palette-type=rgb -w 1920 -h 1080 --encode-policy fast -p 256 -o /dev/null -J '{timeline}' '$TOP_SRCDIR/images/snake.png'
a639171f5a3ab8207dbb5450edb8b0a000e1f1c0,macOS-26.5.1-arm64-arm-64bit,images/snake.png,1920,1080,fixed256,fixed 256-color,#0072B2,5,4,22,0.035724,0.064708,0.028984,180,180,'$BUILD_DIR/converters/img2sixel' --threads=5 --precision=8bit --quality=high '--loaders=builtin!' --diffusion=none --gpu-policy=off --palette-type=rgb -w 1920 -h 1080 --encode-policy fast -p 256 -o /dev/null -J '{timeline}' '$TOP_SRCDIR/images/snake.png'
a639171f5a3ab8207dbb5450edb8b0a000e1f1c0,macOS-26.5.1-arm64-arm-64bit,images/snake.png,1920,1080,fixed256,fixed 256-color,#0072B2,6,5,1,0.036777,0.064058,0.027281,180,180,'$BUILD_DIR/converters/img2sixel' --threads=6 --precision=8bit --quality=high '--loaders=builtin!' --diffusion=none --gpu-policy=off --palette-type=rgb -w 1920 -h 1080 --encode-policy fast -p 256 -o /dev/null -J '{timeline}' '$TOP_SRCDIR/images/snake.png'
a639171f5a3ab8207dbb5450edb8b0a000e1f1c0,macOS-26.5.1-arm64-arm-64bit,images/snake.png,1920,1080,fixed256,fixed 256-color,#0072B2,7,5,2,0.035966,0.060432,0.024466,180,180,'$BUILD_DIR/converters/img2sixel' --threads=7 --precision=8bit --quality=high '--loaders=builtin!' --diffusion=none --gpu-policy=off --palette-type=rgb -w 1920 -h 1080 --encode-policy fast -p 256 -o /dev/null -J '{timeline}' '$TOP_SRCDIR/images/snake.png'
a639171f5a3ab8207dbb5450edb8b0a000e1f1c0,macOS-26.5.1-arm64-arm-64bit,images/snake.png,1920,1080,fixed256,fixed 256-color,#0072B2,8,5,3,0.036129,0.05758,0.021451,180,180,'$BUILD_DIR/converters/img2sixel' --threads=8 --precision=8bit --quality=high '--loaders=builtin!' --diffusion=none --gpu-policy=off --palette-type=rgb -w 1920 -h 1080 --encode-policy fast -p 256 -o /dev/null -J '{timeline}' '$TOP_SRCDIR/images/snake.png'
a639171f5a3ab8207dbb5450edb8b0a000e1f1c0,macOS-26.5.1-arm64-arm-64bit,images/snake.png,1920,1080,fixed256,fixed 256-color,#0072B2,9,5,4,0.037006,0.056301,0.019295,180,180,'$BUILD_DIR/converters/img2sixel' --threads=9 --precision=8bit --quality=high '--loaders=builtin!' --diffusion=none --gpu-policy=off --palette-type=rgb -w 1920 -h 1080 --encode-policy fast -p 256 -o /dev/null -J '{timeline}' '$TOP_SRCDIR/images/snake.png'
a639171f5a3ab8207dbb5450edb8b0a000e1f1c0,macOS-26.5.1-arm64-arm-64bit,images/snake.png,1920,1080,fixed256,fixed 256-color,#0072B2,10,5,5,0.03662,0.056491,0.019871,180,180,'$BUILD_DIR/converters/img2sixel' --threads=10 --precision=8bit --quality=high '--loaders=builtin!' --diffusion=none --gpu-policy=off --palette-type=rgb -w 1920 -h 1080 --encode-policy fast -p 256 -o /dev/null -J '{timeline}' '$TOP_SRCDIR/images/snake.png'
a639171f5a3ab8207dbb5450edb8b0a000e1f1c0,macOS-26.5.1-arm64-arm-64bit,images/snake.png,1920,1080,fixed256,fixed 256-color,#0072B2,11,5,6,0.037565,0.055141,0.017576,180,180,'$BUILD_DIR/converters/img2sixel' --threads=11 --precision=8bit --quality=high '--loaders=builtin!' --diffusion=none --gpu-policy=off --palette-type=rgb -w 1920 -h 1080 --encode-policy fast -p 256 -o /dev/null -J '{timeline}' '$TOP_SRCDIR/images/snake.png'
a639171f5a3ab8207dbb5450edb8b0a000e1f1c0,macOS-26.5.1-arm64-arm-64bit,images/snake.png,1920,1080,fixed256,fixed 256-color,#0072B2,12,5,7,0.036904,0.054675,0.017771,180,180,'$BUILD_DIR/converters/img2sixel' --threads=12 --precision=8bit --quality=high '--loaders=builtin!' --diffusion=none --gpu-policy=off --palette-type=rgb -w 1920 -h 1080 --encode-policy fast -p 256 -o /dev/null -J '{timeline}' '$TOP_SRCDIR/images/snake.png'
a639171f5a3ab8207dbb5450edb8b0a000e1f1c0,macOS-26.5.1-arm64-arm-64bit,images/snake.png,1920,1080,high15,high color (15bpp),#D55E00,2,5,8,0.037827,0.094788,0.056961,286,286,'$BUILD_DIR/converters/img2sixel' --threads=2 --precision=8bit --quality=high '--loaders=builtin!' --diffusion=none --gpu-policy=off --palette-type=rgb -w 1920 -h 1080 --encode-policy fast -I -o /dev/null -J '{timeline}' '$TOP_SRCDIR/images/snake.png'
a639171f5a3ab8207dbb5450edb8b0a000e1f1c0,macOS-26.5.1-arm64-arm-64bit,images/snake.png,1920,1080,high15,high color (15bpp),#D55E00,3,5,9,0.037472,0.092682,0.05521,286,286,'$BUILD_DIR/converters/img2sixel' --threads=3 --precision=8bit --quality=high '--loaders=builtin!' --diffusion=none --gpu-policy=off --palette-type=rgb -w 1920 -h 1080 --encode-policy fast -I -o /dev/null -J '{timeline}' '$TOP_SRCDIR/images/snake.png'
a639171f5a3ab8207dbb5450edb8b0a000e1f1c0,macOS-26.5.1-arm64-arm-64bit,images/snake.png,1920,1080,high15,high color (15bpp),#D55E00,4,5,10,0.036729,0.091586,0.054857,286,286,'$BUILD_DIR/converters/img2sixel' --threads=4 --precision=8bit --quality=high '--loaders=builtin!' --diffusion=none --gpu-policy=off --palette-type=rgb -w 1920 -h 1080 --encode-policy fast -I -o /dev/null -J '{timeline}' '$TOP_SRCDIR/images/snake.png'
a639171f5a3ab8207dbb5450edb8b0a000e1f1c0,macOS-26.5.1-arm64-arm-64bit,images/snake.png,1920,1080,high15,high color (15bpp),#D55E00,5,5,11,0.039345,0.094108,0.054763,286,286,'$BUILD_DIR/converters/img2sixel' --threads=5 --precision=8bit --quality=high '--loaders=builtin!' --diffusion=none --gpu-policy=off --palette-type=rgb -w 1920 -h 1080 --encode-policy fast -I -o /dev/null -J '{timeline}' '$TOP_SRCDIR/images/snake.png'
a639171f5a3ab8207dbb5450edb8b0a000e1f1c0,macOS-26.5.1-arm64-arm-64bit,images/snake.png,1920,1080,high15,high color (15bpp),#D55E00,6,5,12,0.035751,0.090353,0.054602,286,286,'$BUILD_DIR/converters/img2sixel' --threads=6 --precision=8bit --quality=high '--loaders=builtin!' --diffusion=none --gpu-policy=off --palette-type=rgb -w 1920 -h 1080 --encode-policy fast -I -o /dev/null -J '{timeline}' '$TOP_SRCDIR/images/snake.png'
a639171f5a3ab8207dbb5450edb8b0a000e1f1c0,macOS-26.5.1-arm64-arm-64bit,images/snake.png,1920,1080,high15,high color (15bpp),#D55E00,7,5,13,0.035454,0.090024,0.05457,286,286,'$BUILD_DIR/converters/img2sixel' --threads=7 --precision=8bit --quality=high '--loaders=builtin!' --diffusion=none --gpu-policy=off --palette-type=rgb -w 1920 -h 1080 --encode-policy fast -I -o /dev/null -J '{timeline}' '$TOP_SRCDIR/images/snake.png'
a639171f5a3ab8207dbb5450edb8b0a000e1f1c0,macOS-26.5.1-arm64-arm-64bit,images/snake.png,1920,1080,high15,high color (15bpp),#D55E00,8,5,14,0.036118,0.088495,0.052377,286,286,'$BUILD_DIR/converters/img2sixel' --threads=8 --precision=8bit --quality=high '--loaders=builtin!' --diffusion=none --gpu-policy=off --palette-type=rgb -w 1920 -h 1080 --encode-policy fast -I -o /dev/null -J '{timeline}' '$TOP_SRCDIR/images/snake.png'
a639171f5a3ab8207dbb5450edb8b0a000e1f1c0,macOS-26.5.1-arm64-arm-64bit,images/snake.png,1920,1080,high15,high color (15bpp),#D55E00,9,5,15,0.034851,0.089741,0.05489,286,286,'$BUILD_DIR/converters/img2sixel' --threads=9 --precision=8bit --quality=high '--loaders=builtin!' --diffusion=none --gpu-policy=off --palette-type=rgb -w 1920 -h 1080 --encode-policy fast -I -o /dev/null -J '{timeline}' '$TOP_SRCDIR/images/snake.png'
a639171f5a3ab8207dbb5450edb8b0a000e1f1c0,macOS-26.5.1-arm64-arm-64bit,images/snake.png,1920,1080,high15,high color (15bpp),#D55E00,10,5,16,0.035211,0.089748,0.054537,286,286,'$BUILD_DIR/converters/img2sixel' --threads=10 --precision=8bit --quality=high '--loaders=builtin!' --diffusion=none --gpu-policy=off --palette-type=rgb -w 1920 -h 1080 --encode-policy fast -I -o /dev/null -J '{timeline}' '$TOP_SRCDIR/images/snake.png'
a639171f5a3ab8207dbb5450edb8b0a000e1f1c0,macOS-26.5.1-arm64-arm-64bit,images/snake.png,1920,1080,high15,high color (15bpp),#D55E00,11,5,17,0.035437,0.089283,0.053846,286,286,'$BUILD_DIR/converters/img2sixel' --threads=11 --precision=8bit --quality=high '--loaders=builtin!' --diffusion=none --gpu-policy=off --palette-type=rgb -w 1920 -h 1080 --encode-policy fast -I -o /dev/null -J '{timeline}' '$TOP_SRCDIR/images/snake.png'
a639171f5a3ab8207dbb5450edb8b0a000e1f1c0,macOS-26.5.1-arm64-arm-64bit,images/snake.png,1920,1080,high15,high color (15bpp),#D55E00,12,5,18,0.035131,0.089231,0.0541,286,286,'$BUILD_DIR/converters/img2sixel' --threads=12 --precision=8bit --quality=high '--loaders=builtin!' --diffusion=none --gpu-policy=off --palette-type=rgb -w 1920 -h 1080 --encode-policy fast -I -o /dev/null -J '{timeline}' '$TOP_SRCDIR/images/snake.png'
a639171f5a3ab8207dbb5450edb8b0a000e1f1c0,macOS-26.5.1-arm64-arm-64bit,images/snake.png,1920,1080,fixed256,fixed 256-color,#0072B2,2,5,19,0.091764,0.10584,0.014076,180,180,'$BUILD_DIR/converters/img2sixel' --threads=2 --precision=8bit --quality=high '--loaders=builtin!' --diffusion=none --gpu-policy=off --palette-type=rgb -w 1920 -h 1080 --encode-policy fast -p 256 -o /dev/null -J '{timeline}' '$TOP_SRCDIR/images/snake.png'
a639171f5a3ab8207dbb5450edb8b0a000e1f1c0,macOS-26.5.1-arm64-arm-64bit,images/snake.png,1920,1080,fixed256,fixed 256-color,#0072B2,3,5,20,0.046916,0.095824,0.048908,180,180,'$BUILD_DIR/converters/img2sixel' --threads=3 --precision=8bit --quality=high '--loaders=builtin!' --diffusion=none --gpu-policy=off --palette-type=rgb -w 1920 -h 1080 --encode-policy fast -p 256 -o /dev/null -J '{timeline}' '$TOP_SRCDIR/images/snake.png'
a639171f5a3ab8207dbb5450edb8b0a000e1f1c0,macOS-26.5.1-arm64-arm-64bit,images/snake.png,1920,1080,fixed256,fixed 256-color,#0072B2,4,5,21,0.036406,0.071545,0.035139,180,180,'$BUILD_DIR/converters/img2sixel' --threads=4 --precision=8bit --quality=high '--loaders=builtin!' --diffusion=none --gpu-policy=off --palette-type=rgb -w 1920 -h 1080 --encode-policy fast -p 256 -o /dev/null -J '{timeline}' '$TOP_SRCDIR/images/snake.png'
a639171f5a3ab8207dbb5450edb8b0a000e1f1c0,macOS-26.5.1-arm64-arm-64bit,images/snake.png,1920,1080,fixed256,fixed 256-color,#0072B2,5,5,22,0.036543,0.065398,0.028855,180,180,'$BUILD_DIR/converters/img2sixel' --threads=5 --precision=8bit --quality=high '--loaders=builtin!' --diffusion=none --gpu-policy=off --palette-type=rgb -w 1920 -h 1080 --encode-policy fast -p 256 -o /dev/null -J '{timeline}' '$TOP_SRCDIR/images/snake.png'
a639171f5a3ab8207dbb5450edb8b0a000e1f1c0,macOS-26.5.1-arm64-arm-64bit,images/snake.png,1920,1080,fixed256,fixed 256-color,#0072B2,6,6,1,0.035691,0.061985,0.026294,180,180,'$BUILD_DIR/converters/img2sixel' --threads=6 --precision=8bit --quality=high '--loaders=builtin!' --diffusion=none --gpu-policy=off --palette-type=rgb -w 1920 -h 1080 --encode-policy fast -p 256 -o /dev/null -J '{timeline}' '$TOP_SRCDIR/images/snake.png'
a639171f5a3ab8207dbb5450edb8b0a000e1f1c0,macOS-26.5.1-arm64-arm-64bit,images/snake.png,1920,1080,fixed256,fixed 256-color,#0072B2,5,6,2,0.036793,0.065379,0.028586,180,180,'$BUILD_DIR/converters/img2sixel' --threads=5 --precision=8bit --quality=high '--loaders=builtin!' --diffusion=none --gpu-policy=off --palette-type=rgb -w 1920 -h 1080 --encode-policy fast -p 256 -o /dev/null -J '{timeline}' '$TOP_SRCDIR/images/snake.png'
a639171f5a3ab8207dbb5450edb8b0a000e1f1c0,macOS-26.5.1-arm64-arm-64bit,images/snake.png,1920,1080,fixed256,fixed 256-color,#0072B2,4,6,3,0.037007,0.072483,0.035476,180,180,'$BUILD_DIR/converters/img2sixel' --threads=4 --precision=8bit --quality=high '--loaders=builtin!' --diffusion=none --gpu-policy=off --palette-type=rgb -w 1920 -h 1080 --encode-policy fast -p 256 -o /dev/null -J '{timeline}' '$TOP_SRCDIR/images/snake.png'
a639171f5a3ab8207dbb5450edb8b0a000e1f1c0,macOS-26.5.1-arm64-arm-64bit,images/snake.png,1920,1080,fixed256,fixed 256-color,#0072B2,3,6,4,0.047564,0.100537,0.052973,180,180,'$BUILD_DIR/converters/img2sixel' --threads=3 --precision=8bit --quality=high '--loaders=builtin!' --diffusion=none --gpu-policy=off --palette-type=rgb -w 1920 -h 1080 --encode-policy fast -p 256 -o /dev/null -J '{timeline}' '$TOP_SRCDIR/images/snake.png'
a639171f5a3ab8207dbb5450edb8b0a000e1f1c0,macOS-26.5.1-arm64-arm-64bit,images/snake.png,1920,1080,fixed256,fixed 256-color,#0072B2,2,6,5,0.092592,0.106117,0.013525,180,180,'$BUILD_DIR/converters/img2sixel' --threads=2 --precision=8bit --quality=high '--loaders=builtin!' --diffusion=none --gpu-policy=off --palette-type=rgb -w 1920 -h 1080 --encode-policy fast -p 256 -o /dev/null -J '{timeline}' '$TOP_SRCDIR/images/snake.png'
a639171f5a3ab8207dbb5450edb8b0a000e1f1c0,macOS-26.5.1-arm64-arm-64bit,images/snake.png,1920,1080,high15,high color (15bpp),#D55E00,12,6,6,0.037195,0.096186,0.058991,286,286,'$BUILD_DIR/converters/img2sixel' --threads=12 --precision=8bit --quality=high '--loaders=builtin!' --diffusion=none --gpu-policy=off --palette-type=rgb -w 1920 -h 1080 --encode-policy fast -I -o /dev/null -J '{timeline}' '$TOP_SRCDIR/images/snake.png'
a639171f5a3ab8207dbb5450edb8b0a000e1f1c0,macOS-26.5.1-arm64-arm-64bit,images/snake.png,1920,1080,high15,high color (15bpp),#D55E00,11,6,7,0.038282,0.096397,0.058115,286,286,'$BUILD_DIR/converters/img2sixel' --threads=11 --precision=8bit --quality=high '--loaders=builtin!' --diffusion=none --gpu-policy=off --palette-type=rgb -w 1920 -h 1080 --encode-policy fast -I -o /dev/null -J '{timeline}' '$TOP_SRCDIR/images/snake.png'
a639171f5a3ab8207dbb5450edb8b0a000e1f1c0,macOS-26.5.1-arm64-arm-64bit,images/snake.png,1920,1080,high15,high color (15bpp),#D55E00,10,6,8,0.039134,0.097334,0.0582,286,286,'$BUILD_DIR/converters/img2sixel' --threads=10 --precision=8bit --quality=high '--loaders=builtin!' --diffusion=none --gpu-policy=off --palette-type=rgb -w 1920 -h 1080 --encode-policy fast -I -o /dev/null -J '{timeline}' '$TOP_SRCDIR/images/snake.png'
a639171f5a3ab8207dbb5450edb8b0a000e1f1c0,macOS-26.5.1-arm64-arm-64bit,images/snake.png,1920,1080,high15,high color (15bpp),#D55E00,9,6,9,0.039253,0.095912,0.056659,286,286,'$BUILD_DIR/converters/img2sixel' --threads=9 --precision=8bit --quality=high '--loaders=builtin!' --diffusion=none --gpu-policy=off --palette-type=rgb -w 1920 -h 1080 --encode-policy fast -I -o /dev/null -J '{timeline}' '$TOP_SRCDIR/images/snake.png'
a639171f5a3ab8207dbb5450edb8b0a000e1f1c0,macOS-26.5.1-arm64-arm-64bit,images/snake.png,1920,1080,high15,high color (15bpp),#D55E00,8,6,10,0.037125,0.095773,0.058648,286,286,'$BUILD_DIR/converters/img2sixel' --threads=8 --precision=8bit --quality=high '--loaders=builtin!' --diffusion=none --gpu-policy=off --palette-type=rgb -w 1920 -h 1080 --encode-policy fast -I -o /dev/null -J '{timeline}' '$TOP_SRCDIR/images/snake.png'
a639171f5a3ab8207dbb5450edb8b0a000e1f1c0,macOS-26.5.1-arm64-arm-64bit,images/snake.png,1920,1080,high15,high color (15bpp),#D55E00,7,6,11,0.038585,0.098609,0.060024,286,286,'$BUILD_DIR/converters/img2sixel' --threads=7 --precision=8bit --quality=high '--loaders=builtin!' --diffusion=none --gpu-policy=off --palette-type=rgb -w 1920 -h 1080 --encode-policy fast -I -o /dev/null -J '{timeline}' '$TOP_SRCDIR/images/snake.png'
a639171f5a3ab8207dbb5450edb8b0a000e1f1c0,macOS-26.5.1-arm64-arm-64bit,images/snake.png,1920,1080,high15,high color (15bpp),#D55E00,6,6,12,0.037985,0.096811,0.058826,286,286,'$BUILD_DIR/converters/img2sixel' --threads=6 --precision=8bit --quality=high '--loaders=builtin!' --diffusion=none --gpu-policy=off --palette-type=rgb -w 1920 -h 1080 --encode-policy fast -I -o /dev/null -J '{timeline}' '$TOP_SRCDIR/images/snake.png'
a639171f5a3ab8207dbb5450edb8b0a000e1f1c0,macOS-26.5.1-arm64-arm-64bit,images/snake.png,1920,1080,high15,high color (15bpp),#D55E00,5,6,13,0.037947,0.097192,0.059245,286,286,'$BUILD_DIR/converters/img2sixel' --threads=5 --precision=8bit --quality=high '--loaders=builtin!' --diffusion=none --gpu-policy=off --palette-type=rgb -w 1920 -h 1080 --encode-policy fast -I -o /dev/null -J '{timeline}' '$TOP_SRCDIR/images/snake.png'
a639171f5a3ab8207dbb5450edb8b0a000e1f1c0,macOS-26.5.1-arm64-arm-64bit,images/snake.png,1920,1080,high15,high color (15bpp),#D55E00,4,6,14,0.039283,0.098899,0.059616,286,286,'$BUILD_DIR/converters/img2sixel' --threads=4 --precision=8bit --quality=high '--loaders=builtin!' --diffusion=none --gpu-policy=off --palette-type=rgb -w 1920 -h 1080 --encode-policy fast -I -o /dev/null -J '{timeline}' '$TOP_SRCDIR/images/snake.png'
a639171f5a3ab8207dbb5450edb8b0a000e1f1c0,macOS-26.5.1-arm64-arm-64bit,images/snake.png,1920,1080,high15,high color (15bpp),#D55E00,3,6,15,0.037768,0.097929,0.060161,286,286,'$BUILD_DIR/converters/img2sixel' --threads=3 --precision=8bit --quality=high '--loaders=builtin!' --diffusion=none --gpu-policy=off --palette-type=rgb -w 1920 -h 1080 --encode-policy fast -I -o /dev/null -J '{timeline}' '$TOP_SRCDIR/images/snake.png'
a639171f5a3ab8207dbb5450edb8b0a000e1f1c0,macOS-26.5.1-arm64-arm-64bit,images/snake.png,1920,1080,high15,high color (15bpp),#D55E00,2,6,16,0.040449,0.101498,0.061049,286,286,'$BUILD_DIR/converters/img2sixel' --threads=2 --precision=8bit --quality=high '--loaders=builtin!' --diffusion=none --gpu-policy=off --palette-type=rgb -w 1920 -h 1080 --encode-policy fast -I -o /dev/null -J '{timeline}' '$TOP_SRCDIR/images/snake.png'
a639171f5a3ab8207dbb5450edb8b0a000e1f1c0,macOS-26.5.1-arm64-arm-64bit,images/snake.png,1920,1080,fixed256,fixed 256-color,#0072B2,12,6,17,0.038228,0.055902,0.017674,180,180,'$BUILD_DIR/converters/img2sixel' --threads=12 --precision=8bit --quality=high '--loaders=builtin!' --diffusion=none --gpu-policy=off --palette-type=rgb -w 1920 -h 1080 --encode-policy fast -p 256 -o /dev/null -J '{timeline}' '$TOP_SRCDIR/images/snake.png'
a639171f5a3ab8207dbb5450edb8b0a000e1f1c0,macOS-26.5.1-arm64-arm-64bit,images/snake.png,1920,1080,fixed256,fixed 256-color,#0072B2,11,6,18,0.039681,0.058998,0.019317,180,180,'$BUILD_DIR/converters/img2sixel' --threads=11 --precision=8bit --quality=high '--loaders=builtin!' --diffusion=none --gpu-policy=off --palette-type=rgb -w 1920 -h 1080 --encode-policy fast -p 256 -o /dev/null -J '{timeline}' '$TOP_SRCDIR/images/snake.png'
a639171f5a3ab8207dbb5450edb8b0a000e1f1c0,macOS-26.5.1-arm64-arm-64bit,images/snake.png,1920,1080,fixed256,fixed 256-color,#0072B2,10,6,19,0.038206,0.058148,0.019942,180,180,'$BUILD_DIR/converters/img2sixel' --threads=10 --precision=8bit --quality=high '--loaders=builtin!' --diffusion=none --gpu-policy=off --palette-type=rgb -w 1920 -h 1080 --encode-policy fast -p 256 -o /dev/null -J '{timeline}' '$TOP_SRCDIR/images/snake.png'
a639171f5a3ab8207dbb5450edb8b0a000e1f1c0,macOS-26.5.1-arm64-arm-64bit,images/snake.png,1920,1080,fixed256,fixed 256-color,#0072B2,9,6,20,0.038958,0.05984,0.020882,180,180,'$BUILD_DIR/converters/img2sixel' --threads=9 --precision=8bit --quality=high '--loaders=builtin!' --diffusion=none --gpu-policy=off --palette-type=rgb -w 1920 -h 1080 --encode-policy fast -p 256 -o /dev/null -J '{timeline}' '$TOP_SRCDIR/images/snake.png'
a639171f5a3ab8207dbb5450edb8b0a000e1f1c0,macOS-26.5.1-arm64-arm-64bit,images/snake.png,1920,1080,fixed256,fixed 256-color,#0072B2,8,6,21,0.038054,0.059723,0.021669,180,180,'$BUILD_DIR/converters/img2sixel' --threads=8 --precision=8bit --quality=high '--loaders=builtin!' --diffusion=none --gpu-policy=off --palette-type=rgb -w 1920 -h 1080 --encode-policy fast -p 256 -o /dev/null -J '{timeline}' '$TOP_SRCDIR/images/snake.png'
a639171f5a3ab8207dbb5450edb8b0a000e1f1c0,macOS-26.5.1-arm64-arm-64bit,images/snake.png,1920,1080,fixed256,fixed 256-color,#0072B2,7,6,22,0.039988,0.065564,0.025576,180,180,'$BUILD_DIR/converters/img2sixel' --threads=7 --precision=8bit --quality=high '--loaders=builtin!' --diffusion=none --gpu-policy=off --palette-type=rgb -w 1920 -h 1080 --encode-policy fast -p 256 -o /dev/null -J '{timeline}' '$TOP_SRCDIR/images/snake.png'
a639171f5a3ab8207dbb5450edb8b0a000e1f1c0,macOS-26.5.1-arm64-arm-64bit,images/snake.png,1920,1080,fixed256,fixed 256-color,#0072B2,8,7,1,0.039378,0.061347,0.021969,180,180,'$BUILD_DIR/converters/img2sixel' --threads=8 --precision=8bit --quality=high '--loaders=builtin!' --diffusion=none --gpu-policy=off --palette-type=rgb -w 1920 -h 1080 --encode-policy fast -p 256 -o /dev/null -J '{timeline}' '$TOP_SRCDIR/images/snake.png'
a639171f5a3ab8207dbb5450edb8b0a000e1f1c0,macOS-26.5.1-arm64-arm-64bit,images/snake.png,1920,1080,fixed256,fixed 256-color,#0072B2,9,7,2,0.039749,0.06053,0.020781,180,180,'$BUILD_DIR/converters/img2sixel' --threads=9 --precision=8bit --quality=high '--loaders=builtin!' --diffusion=none --gpu-policy=off --palette-type=rgb -w 1920 -h 1080 --encode-policy fast -p 256 -o /dev/null -J '{timeline}' '$TOP_SRCDIR/images/snake.png'
a639171f5a3ab8207dbb5450edb8b0a000e1f1c0,macOS-26.5.1-arm64-arm-64bit,images/snake.png,1920,1080,fixed256,fixed 256-color,#0072B2,10,7,3,0.039023,0.059405,0.020382,180,180,'$BUILD_DIR/converters/img2sixel' --threads=10 --precision=8bit --quality=high '--loaders=builtin!' --diffusion=none --gpu-policy=off --palette-type=rgb -w 1920 -h 1080 --encode-policy fast -p 256 -o /dev/null -J '{timeline}' '$TOP_SRCDIR/images/snake.png'
a639171f5a3ab8207dbb5450edb8b0a000e1f1c0,macOS-26.5.1-arm64-arm-64bit,images/snake.png,1920,1080,fixed256,fixed 256-color,#0072B2,11,7,4,0.039986,0.058866,0.01888,180,180,'$BUILD_DIR/converters/img2sixel' --threads=11 --precision=8bit --quality=high '--loaders=builtin!' --diffusion=none --gpu-policy=off --palette-type=rgb -w 1920 -h 1080 --encode-policy fast -p 256 -o /dev/null -J '{timeline}' '$TOP_SRCDIR/images/snake.png'
a639171f5a3ab8207dbb5450edb8b0a000e1f1c0,macOS-26.5.1-arm64-arm-64bit,images/snake.png,1920,1080,fixed256,fixed 256-color,#0072B2,12,7,5,0.038831,0.057281,0.01845,180,180,'$BUILD_DIR/converters/img2sixel' --threads=12 --precision=8bit --quality=high '--loaders=builtin!' --diffusion=none --gpu-policy=off --palette-type=rgb -w 1920 -h 1080 --encode-policy fast -p 256 -o /dev/null -J '{timeline}' '$TOP_SRCDIR/images/snake.png'
a639171f5a3ab8207dbb5450edb8b0a000e1f1c0,macOS-26.5.1-arm64-arm-64bit,images/snake.png,1920,1080,high15,high color (15bpp),#D55E00,2,7,6,0.040719,0.102577,0.061858,286,286,'$BUILD_DIR/converters/img2sixel' --threads=2 --precision=8bit --quality=high '--loaders=builtin!' --diffusion=none --gpu-policy=off --palette-type=rgb -w 1920 -h 1080 --encode-policy fast -I -o /dev/null -J '{timeline}' '$TOP_SRCDIR/images/snake.png'
a639171f5a3ab8207dbb5450edb8b0a000e1f1c0,macOS-26.5.1-arm64-arm-64bit,images/snake.png,1920,1080,high15,high color (15bpp),#D55E00,3,7,7,0.03999,0.100142,0.060152,286,286,'$BUILD_DIR/converters/img2sixel' --threads=3 --precision=8bit --quality=high '--loaders=builtin!' --diffusion=none --gpu-policy=off --palette-type=rgb -w 1920 -h 1080 --encode-policy fast -I -o /dev/null -J '{timeline}' '$TOP_SRCDIR/images/snake.png'
a639171f5a3ab8207dbb5450edb8b0a000e1f1c0,macOS-26.5.1-arm64-arm-64bit,images/snake.png,1920,1080,high15,high color (15bpp),#D55E00,4,7,8,0.03984,0.099082,0.059242,286,286,'$BUILD_DIR/converters/img2sixel' --threads=4 --precision=8bit --quality=high '--loaders=builtin!' --diffusion=none --gpu-policy=off --palette-type=rgb -w 1920 -h 1080 --encode-policy fast -I -o /dev/null -J '{timeline}' '$TOP_SRCDIR/images/snake.png'
a639171f5a3ab8207dbb5450edb8b0a000e1f1c0,macOS-26.5.1-arm64-arm-64bit,images/snake.png,1920,1080,high15,high color (15bpp),#D55E00,5,7,9,0.038751,0.098327,0.059576,286,286,'$BUILD_DIR/converters/img2sixel' --threads=5 --precision=8bit --quality=high '--loaders=builtin!' --diffusion=none --gpu-policy=off --palette-type=rgb -w 1920 -h 1080 --encode-policy fast -I -o /dev/null -J '{timeline}' '$TOP_SRCDIR/images/snake.png'
a639171f5a3ab8207dbb5450edb8b0a000e1f1c0,macOS-26.5.1-arm64-arm-64bit,images/snake.png,1920,1080,high15,high color (15bpp),#D55E00,6,7,10,0.039297,0.098365,0.059068,286,286,'$BUILD_DIR/converters/img2sixel' --threads=6 --precision=8bit --quality=high '--loaders=builtin!' --diffusion=none --gpu-policy=off --palette-type=rgb -w 1920 -h 1080 --encode-policy fast -I -o /dev/null -J '{timeline}' '$TOP_SRCDIR/images/snake.png'
a639171f5a3ab8207dbb5450edb8b0a000e1f1c0,macOS-26.5.1-arm64-arm-64bit,images/snake.png,1920,1080,high15,high color (15bpp),#D55E00,7,7,11,0.038287,0.096391,0.058104,286,286,'$BUILD_DIR/converters/img2sixel' --threads=7 --precision=8bit --quality=high '--loaders=builtin!' --diffusion=none --gpu-policy=off --palette-type=rgb -w 1920 -h 1080 --encode-policy fast -I -o /dev/null -J '{timeline}' '$TOP_SRCDIR/images/snake.png'
a639171f5a3ab8207dbb5450edb8b0a000e1f1c0,macOS-26.5.1-arm64-arm-64bit,images/snake.png,1920,1080,high15,high color (15bpp),#D55E00,8,7,12,0.038737,0.097086,0.058349,286,286,'$BUILD_DIR/converters/img2sixel' --threads=8 --precision=8bit --quality=high '--loaders=builtin!' --diffusion=none --gpu-policy=off --palette-type=rgb -w 1920 -h 1080 --encode-policy fast -I -o /dev/null -J '{timeline}' '$TOP_SRCDIR/images/snake.png'
a639171f5a3ab8207dbb5450edb8b0a000e1f1c0,macOS-26.5.1-arm64-arm-64bit,images/snake.png,1920,1080,high15,high color (15bpp),#D55E00,9,7,13,0.038481,0.095873,0.057392,286,286,'$BUILD_DIR/converters/img2sixel' --threads=9 --precision=8bit --quality=high '--loaders=builtin!' --diffusion=none --gpu-policy=off --palette-type=rgb -w 1920 -h 1080 --encode-policy fast -I -o /dev/null -J '{timeline}' '$TOP_SRCDIR/images/snake.png'
a639171f5a3ab8207dbb5450edb8b0a000e1f1c0,macOS-26.5.1-arm64-arm-64bit,images/snake.png,1920,1080,high15,high color (15bpp),#D55E00,10,7,14,0.037825,0.097784,0.059959,286,286,'$BUILD_DIR/converters/img2sixel' --threads=10 --precision=8bit --quality=high '--loaders=builtin!' --diffusion=none --gpu-policy=off --palette-type=rgb -w 1920 -h 1080 --encode-policy fast -I -o /dev/null -J '{timeline}' '$TOP_SRCDIR/images/snake.png'
a639171f5a3ab8207dbb5450edb8b0a000e1f1c0,macOS-26.5.1-arm64-arm-64bit,images/snake.png,1920,1080,high15,high color (15bpp),#D55E00,11,7,15,0.038859,0.096092,0.057233,286,286,'$BUILD_DIR/converters/img2sixel' --threads=11 --precision=8bit --quality=high '--loaders=builtin!' --diffusion=none --gpu-policy=off --palette-type=rgb -w 1920 -h 1080 --encode-policy fast -I -o /dev/null -J '{timeline}' '$TOP_SRCDIR/images/snake.png'
a639171f5a3ab8207dbb5450edb8b0a000e1f1c0,macOS-26.5.1-arm64-arm-64bit,images/snake.png,1920,1080,high15,high color (15bpp),#D55E00,12,7,16,0.037326,0.09179,0.054464,286,286,'$BUILD_DIR/converters/img2sixel' --threads=12 --precision=8bit --quality=high '--loaders=builtin!' --diffusion=none --gpu-policy=off --palette-type=rgb -w 1920 -h 1080 --encode-policy fast -I -o /dev/null -J '{timeline}' '$TOP_SRCDIR/images/snake.png'
a639171f5a3ab8207dbb5450edb8b0a000e1f1c0,macOS-26.5.1-arm64-arm-64bit,images/snake.png,1920,1080,fixed256,fixed 256-color,#0072B2,2,7,17,0.093098,0.107195,0.014097,180,180,'$BUILD_DIR/converters/img2sixel' --threads=2 --precision=8bit --quality=high '--loaders=builtin!' --diffusion=none --gpu-policy=off --palette-type=rgb -w 1920 -h 1080 --encode-policy fast -p 256 -o /dev/null -J '{timeline}' '$TOP_SRCDIR/images/snake.png'
a639171f5a3ab8207dbb5450edb8b0a000e1f1c0,macOS-26.5.1-arm64-arm-64bit,images/snake.png,1920,1080,fixed256,fixed 256-color,#0072B2,3,7,18,0.0461,0.094885,0.048785,180,180,'$BUILD_DIR/converters/img2sixel' --threads=3 --precision=8bit --quality=high '--loaders=builtin!' --diffusion=none --gpu-policy=off --palette-type=rgb -w 1920 -h 1080 --encode-policy fast -p 256 -o /dev/null -J '{timeline}' '$TOP_SRCDIR/images/snake.png'
a639171f5a3ab8207dbb5450edb8b0a000e1f1c0,macOS-26.5.1-arm64-arm-64bit,images/snake.png,1920,1080,fixed256,fixed 256-color,#0072B2,4,7,19,0.036232,0.0713,0.035068,180,180,'$BUILD_DIR/converters/img2sixel' --threads=4 --precision=8bit --quality=high '--loaders=builtin!' --diffusion=none --gpu-policy=off --palette-type=rgb -w 1920 -h 1080 --encode-policy fast -p 256 -o /dev/null -J '{timeline}' '$TOP_SRCDIR/images/snake.png'
a639171f5a3ab8207dbb5450edb8b0a000e1f1c0,macOS-26.5.1-arm64-arm-64bit,images/snake.png,1920,1080,fixed256,fixed 256-color,#0072B2,5,7,20,0.037442,0.06989,0.032448,180,180,'$BUILD_DIR/converters/img2sixel' --threads=5 --precision=8bit --quality=high '--loaders=builtin!' --diffusion=none --gpu-policy=off --palette-type=rgb -w 1920 -h 1080 --encode-policy fast -p 256 -o /dev/null -J '{timeline}' '$TOP_SRCDIR/images/snake.png'
a639171f5a3ab8207dbb5450edb8b0a000e1f1c0,macOS-26.5.1-arm64-arm-64bit,images/snake.png,1920,1080,fixed256,fixed 256-color,#0072B2,6,7,21,0.036258,0.06336,0.027102,180,180,'$BUILD_DIR/converters/img2sixel' --threads=6 --precision=8bit --quality=high '--loaders=builtin!' --diffusion=none --gpu-policy=off --palette-type=rgb -w 1920 -h 1080 --encode-policy fast -p 256 -o /dev/null -J '{timeline}' '$TOP_SRCDIR/images/snake.png'
a639171f5a3ab8207dbb5450edb8b0a000e1f1c0,macOS-26.5.1-arm64-arm-64bit,images/snake.png,1920,1080,fixed256,fixed 256-color,#0072B2,7,7,22,0.035929,0.060847,0.024918,180,180,'$BUILD_DIR/converters/img2sixel' --threads=7 --precision=8bit --quality=high '--loaders=builtin!' --diffusion=none --gpu-policy=off --palette-type=rgb -w 1920 -h 1080 --encode-policy fast -p 256 -o /dev/null -J '{timeline}' '$TOP_SRCDIR/images/snake.png'
a639171f5a3ab8207dbb5450edb8b0a000e1f1c0,macOS-26.5.1-arm64-arm-64bit,images/snake.png,1920,1080,fixed256,fixed 256-color,#0072B2,8,8,1,0.035764,0.05736,0.021596,180,180,'$BUILD_DIR/converters/img2sixel' --threads=8 --precision=8bit --quality=high '--loaders=builtin!' --diffusion=none --gpu-policy=off --palette-type=rgb -w 1920 -h 1080 --encode-policy fast -p 256 -o /dev/null -J '{timeline}' '$TOP_SRCDIR/images/snake.png'
a639171f5a3ab8207dbb5450edb8b0a000e1f1c0,macOS-26.5.1-arm64-arm-64bit,images/snake.png,1920,1080,fixed256,fixed 256-color,#0072B2,7,8,2,0.03628,0.060733,0.024453,180,180,'$BUILD_DIR/converters/img2sixel' --threads=7 --precision=8bit --quality=high '--loaders=builtin!' --diffusion=none --gpu-policy=off --palette-type=rgb -w 1920 -h 1080 --encode-policy fast -p 256 -o /dev/null -J '{timeline}' '$TOP_SRCDIR/images/snake.png'
a639171f5a3ab8207dbb5450edb8b0a000e1f1c0,macOS-26.5.1-arm64-arm-64bit,images/snake.png,1920,1080,fixed256,fixed 256-color,#0072B2,6,8,3,0.037128,0.064481,0.027353,180,180,'$BUILD_DIR/converters/img2sixel' --threads=6 --precision=8bit --quality=high '--loaders=builtin!' --diffusion=none --gpu-policy=off --palette-type=rgb -w 1920 -h 1080 --encode-policy fast -p 256 -o /dev/null -J '{timeline}' '$TOP_SRCDIR/images/snake.png'
a639171f5a3ab8207dbb5450edb8b0a000e1f1c0,macOS-26.5.1-arm64-arm-64bit,images/snake.png,1920,1080,fixed256,fixed 256-color,#0072B2,5,8,4,0.037082,0.064567,0.027485,180,180,'$BUILD_DIR/converters/img2sixel' --threads=5 --precision=8bit --quality=high '--loaders=builtin!' --diffusion=none --gpu-policy=off --palette-type=rgb -w 1920 -h 1080 --encode-policy fast -p 256 -o /dev/null -J '{timeline}' '$TOP_SRCDIR/images/snake.png'
a639171f5a3ab8207dbb5450edb8b0a000e1f1c0,macOS-26.5.1-arm64-arm-64bit,images/snake.png,1920,1080,fixed256,fixed 256-color,#0072B2,4,8,5,0.036694,0.072005,0.035311,180,180,'$BUILD_DIR/converters/img2sixel' --threads=4 --precision=8bit --quality=high '--loaders=builtin!' --diffusion=none --gpu-policy=off --palette-type=rgb -w 1920 -h 1080 --encode-policy fast -p 256 -o /dev/null -J '{timeline}' '$TOP_SRCDIR/images/snake.png'
a639171f5a3ab8207dbb5450edb8b0a000e1f1c0,macOS-26.5.1-arm64-arm-64bit,images/snake.png,1920,1080,fixed256,fixed 256-color,#0072B2,3,8,6,0.047165,0.099583,0.052418,180,180,'$BUILD_DIR/converters/img2sixel' --threads=3 --precision=8bit --quality=high '--loaders=builtin!' --diffusion=none --gpu-policy=off --palette-type=rgb -w 1920 -h 1080 --encode-policy fast -p 256 -o /dev/null -J '{timeline}' '$TOP_SRCDIR/images/snake.png'
a639171f5a3ab8207dbb5450edb8b0a000e1f1c0,macOS-26.5.1-arm64-arm-64bit,images/snake.png,1920,1080,fixed256,fixed 256-color,#0072B2,2,8,7,0.100951,0.115816,0.014865,180,180,'$BUILD_DIR/converters/img2sixel' --threads=2 --precision=8bit --quality=high '--loaders=builtin!' --diffusion=none --gpu-policy=off --palette-type=rgb -w 1920 -h 1080 --encode-policy fast -p 256 -o /dev/null -J '{timeline}' '$TOP_SRCDIR/images/snake.png'
a639171f5a3ab8207dbb5450edb8b0a000e1f1c0,macOS-26.5.1-arm64-arm-64bit,images/snake.png,1920,1080,high15,high color (15bpp),#D55E00,12,8,8,0.039275,0.097873,0.058598,286,286,'$BUILD_DIR/converters/img2sixel' --threads=12 --precision=8bit --quality=high '--loaders=builtin!' --diffusion=none --gpu-policy=off --palette-type=rgb -w 1920 -h 1080 --encode-policy fast -I -o /dev/null -J '{timeline}' '$TOP_SRCDIR/images/snake.png'
a639171f5a3ab8207dbb5450edb8b0a000e1f1c0,macOS-26.5.1-arm64-arm-64bit,images/snake.png,1920,1080,high15,high color (15bpp),#D55E00,11,8,9,0.039014,0.111792,0.072778,286,286,'$BUILD_DIR/converters/img2sixel' --threads=11 --precision=8bit --quality=high '--loaders=builtin!' --diffusion=none --gpu-policy=off --palette-type=rgb -w 1920 -h 1080 --encode-policy fast -I -o /dev/null -J '{timeline}' '$TOP_SRCDIR/images/snake.png'
a639171f5a3ab8207dbb5450edb8b0a000e1f1c0,macOS-26.5.1-arm64-arm-64bit,images/snake.png,1920,1080,high15,high color (15bpp),#D55E00,10,8,10,0.038918,0.099559,0.060641,286,286,'$BUILD_DIR/converters/img2sixel' --threads=10 --precision=8bit --quality=high '--loaders=builtin!' --diffusion=none --gpu-policy=off --palette-type=rgb -w 1920 -h 1080 --encode-policy fast -I -o /dev/null -J '{timeline}' '$TOP_SRCDIR/images/snake.png'
a639171f5a3ab8207dbb5450edb8b0a000e1f1c0,macOS-26.5.1-arm64-arm-64bit,images/snake.png,1920,1080,high15,high color (15bpp),#D55E00,9,8,11,0.039473,0.096921,0.057448,286,286,'$BUILD_DIR/converters/img2sixel' --threads=9 --precision=8bit --quality=high '--loaders=builtin!' --diffusion=none --gpu-policy=off --palette-type=rgb -w 1920 -h 1080 --encode-policy fast -I -o /dev/null -J '{timeline}' '$TOP_SRCDIR/images/snake.png'
a639171f5a3ab8207dbb5450edb8b0a000e1f1c0,macOS-26.5.1-arm64-arm-64bit,images/snake.png,1920,1080,high15,high color (15bpp),#D55E00,8,8,12,0.039412,0.098131,0.058719,286,286,'$BUILD_DIR/converters/img2sixel' --threads=8 --precision=8bit --quality=high '--loaders=builtin!' --diffusion=none --gpu-policy=off --palette-type=rgb -w 1920 -h 1080 --encode-policy fast -I -o /dev/null -J '{timeline}' '$TOP_SRCDIR/images/snake.png'
a639171f5a3ab8207dbb5450edb8b0a000e1f1c0,macOS-26.5.1-arm64-arm-64bit,images/snake.png,1920,1080,high15,high color (15bpp),#D55E00,7,8,13,0.03881,0.098071,0.059261,286,286,'$BUILD_DIR/converters/img2sixel' --threads=7 --precision=8bit --quality=high '--loaders=builtin!' --diffusion=none --gpu-policy=off --palette-type=rgb -w 1920 -h 1080 --encode-policy fast -I -o /dev/null -J '{timeline}' '$TOP_SRCDIR/images/snake.png'
a639171f5a3ab8207dbb5450edb8b0a000e1f1c0,macOS-26.5.1-arm64-arm-64bit,images/snake.png,1920,1080,high15,high color (15bpp),#D55E00,6,8,14,0.038979,0.09733,0.058351,286,286,'$BUILD_DIR/converters/img2sixel' --threads=6 --precision=8bit --quality=high '--loaders=builtin!' --diffusion=none --gpu-policy=off --palette-type=rgb -w 1920 -h 1080 --encode-policy fast -I -o /dev/null -J '{timeline}' '$TOP_SRCDIR/images/snake.png'
a639171f5a3ab8207dbb5450edb8b0a000e1f1c0,macOS-26.5.1-arm64-arm-64bit,images/snake.png,1920,1080,high15,high color (15bpp),#D55E00,5,8,15,0.039324,0.098923,0.059599,286,286,'$BUILD_DIR/converters/img2sixel' --threads=5 --precision=8bit --quality=high '--loaders=builtin!' --diffusion=none --gpu-policy=off --palette-type=rgb -w 1920 -h 1080 --encode-policy fast -I -o /dev/null -J '{timeline}' '$TOP_SRCDIR/images/snake.png'
a639171f5a3ab8207dbb5450edb8b0a000e1f1c0,macOS-26.5.1-arm64-arm-64bit,images/snake.png,1920,1080,high15,high color (15bpp),#D55E00,4,8,16,0.039303,0.098573,0.05927,286,286,'$BUILD_DIR/converters/img2sixel' --threads=4 --precision=8bit --quality=high '--loaders=builtin!' --diffusion=none --gpu-policy=off --palette-type=rgb -w 1920 -h 1080 --encode-policy fast -I -o /dev/null -J '{timeline}' '$TOP_SRCDIR/images/snake.png'
a639171f5a3ab8207dbb5450edb8b0a000e1f1c0,macOS-26.5.1-arm64-arm-64bit,images/snake.png,1920,1080,high15,high color (15bpp),#D55E00,3,8,17,0.040394,0.101006,0.060612,286,286,'$BUILD_DIR/converters/img2sixel' --threads=3 --precision=8bit --quality=high '--loaders=builtin!' --diffusion=none --gpu-policy=off --palette-type=rgb -w 1920 -h 1080 --encode-policy fast -I -o /dev/null -J '{timeline}' '$TOP_SRCDIR/images/snake.png'
a639171f5a3ab8207dbb5450edb8b0a000e1f1c0,macOS-26.5.1-arm64-arm-64bit,images/snake.png,1920,1080,high15,high color (15bpp),#D55E00,2,8,18,0.040628,0.10305,0.062422,286,286,'$BUILD_DIR/converters/img2sixel' --threads=2 --precision=8bit --quality=high '--loaders=builtin!' --diffusion=none --gpu-policy=off --palette-type=rgb -w 1920 -h 1080 --encode-policy fast -I -o /dev/null -J '{timeline}' '$TOP_SRCDIR/images/snake.png'
a639171f5a3ab8207dbb5450edb8b0a000e1f1c0,macOS-26.5.1-arm64-arm-64bit,images/snake.png,1920,1080,fixed256,fixed 256-color,#0072B2,12,8,19,0.037854,0.055506,0.017652,180,180,'$BUILD_DIR/converters/img2sixel' --threads=12 --precision=8bit --quality=high '--loaders=builtin!' --diffusion=none --gpu-policy=off --palette-type=rgb -w 1920 -h 1080 --encode-policy fast -p 256 -o /dev/null -J '{timeline}' '$TOP_SRCDIR/images/snake.png'
a639171f5a3ab8207dbb5450edb8b0a000e1f1c0,macOS-26.5.1-arm64-arm-64bit,images/snake.png,1920,1080,fixed256,fixed 256-color,#0072B2,11,8,20,0.039696,0.058942,0.019246,180,180,'$BUILD_DIR/converters/img2sixel' --threads=11 --precision=8bit --quality=high '--loaders=builtin!' --diffusion=none --gpu-policy=off --palette-type=rgb -w 1920 -h 1080 --encode-policy fast -p 256 -o /dev/null -J '{timeline}' '$TOP_SRCDIR/images/snake.png'
a639171f5a3ab8207dbb5450edb8b0a000e1f1c0,macOS-26.5.1-arm64-arm-64bit,images/snake.png,1920,1080,fixed256,fixed 256-color,#0072B2,10,8,21,0.039327,0.059668,0.020341,180,180,'$BUILD_DIR/converters/img2sixel' --threads=10 --precision=8bit --quality=high '--loaders=builtin!' --diffusion=none --gpu-policy=off --palette-type=rgb -w 1920 -h 1080 --encode-policy fast -p 256 -o /dev/null -J '{timeline}' '$TOP_SRCDIR/images/snake.png'
a639171f5a3ab8207dbb5450edb8b0a000e1f1c0,macOS-26.5.1-arm64-arm-64bit,images/snake.png,1920,1080,fixed256,fixed 256-color,#0072B2,9,8,22,0.03818,0.058841,0.020661,180,180,'$BUILD_DIR/converters/img2sixel' --threads=9 --precision=8bit --quality=high '--loaders=builtin!' --diffusion=none --gpu-policy=off --palette-type=rgb -w 1920 -h 1080 --encode-policy fast -p 256 -o /dev/null -J '{timeline}' '$TOP_SRCDIR/images/snake.png'
a639171f5a3ab8207dbb5450edb8b0a000e1f1c0,macOS-26.5.1-arm64-arm-64bit,images/snake.png,1920,1080,fixed256,fixed 256-color,#0072B2,10,9,1,0.039612,0.059085,0.019473,180,180,'$BUILD_DIR/converters/img2sixel' --threads=10 --precision=8bit --quality=high '--loaders=builtin!' --diffusion=none --gpu-policy=off --palette-type=rgb -w 1920 -h 1080 --encode-policy fast -p 256 -o /dev/null -J '{timeline}' '$TOP_SRCDIR/images/snake.png'
a639171f5a3ab8207dbb5450edb8b0a000e1f1c0,macOS-26.5.1-arm64-arm-64bit,images/snake.png,1920,1080,fixed256,fixed 256-color,#0072B2,11,9,2,0.03689,0.055993,0.019103,180,180,'$BUILD_DIR/converters/img2sixel' --threads=11 --precision=8bit --quality=high '--loaders=builtin!' --diffusion=none --gpu-policy=off --palette-type=rgb -w 1920 -h 1080 --encode-policy fast -p 256 -o /dev/null -J '{timeline}' '$TOP_SRCDIR/images/snake.png'
a639171f5a3ab8207dbb5450edb8b0a000e1f1c0,macOS-26.5.1-arm64-arm-64bit,images/snake.png,1920,1080,fixed256,fixed 256-color,#0072B2,12,9,3,0.037034,0.054672,0.017638,180,180,'$BUILD_DIR/converters/img2sixel' --threads=12 --precision=8bit --quality=high '--loaders=builtin!' --diffusion=none --gpu-policy=off --palette-type=rgb -w 1920 -h 1080 --encode-policy fast -p 256 -o /dev/null -J '{timeline}' '$TOP_SRCDIR/images/snake.png'
a639171f5a3ab8207dbb5450edb8b0a000e1f1c0,macOS-26.5.1-arm64-arm-64bit,images/snake.png,1920,1080,high15,high color (15bpp),#D55E00,2,9,4,0.03799,0.095435,0.057445,286,286,'$BUILD_DIR/converters/img2sixel' --threads=2 --precision=8bit --quality=high '--loaders=builtin!' --diffusion=none --gpu-policy=off --palette-type=rgb -w 1920 -h 1080 --encode-policy fast -I -o /dev/null -J '{timeline}' '$TOP_SRCDIR/images/snake.png'
a639171f5a3ab8207dbb5450edb8b0a000e1f1c0,macOS-26.5.1-arm64-arm-64bit,images/snake.png,1920,1080,high15,high color (15bpp),#D55E00,3,9,5,0.03653,0.091905,0.055375,286,286,'$BUILD_DIR/converters/img2sixel' --threads=3 --precision=8bit --quality=high '--loaders=builtin!' --diffusion=none --gpu-policy=off --palette-type=rgb -w 1920 -h 1080 --encode-policy fast -I -o /dev/null -J '{timeline}' '$TOP_SRCDIR/images/snake.png'
a639171f5a3ab8207dbb5450edb8b0a000e1f1c0,macOS-26.5.1-arm64-arm-64bit,images/snake.png,1920,1080,high15,high color (15bpp),#D55E00,4,9,6,0.036594,0.091622,0.055028,286,286,'$BUILD_DIR/converters/img2sixel' --threads=4 --precision=8bit --quality=high '--loaders=builtin!' --diffusion=none --gpu-policy=off --palette-type=rgb -w 1920 -h 1080 --encode-policy fast -I -o /dev/null -J '{timeline}' '$TOP_SRCDIR/images/snake.png'
a639171f5a3ab8207dbb5450edb8b0a000e1f1c0,macOS-26.5.1-arm64-arm-64bit,images/snake.png,1920,1080,high15,high color (15bpp),#D55E00,5,9,7,0.036237,0.089862,0.053625,286,286,'$BUILD_DIR/converters/img2sixel' --threads=5 --precision=8bit --quality=high '--loaders=builtin!' --diffusion=none --gpu-policy=off --palette-type=rgb -w 1920 -h 1080 --encode-policy fast -I -o /dev/null -J '{timeline}' '$TOP_SRCDIR/images/snake.png'
a639171f5a3ab8207dbb5450edb8b0a000e1f1c0,macOS-26.5.1-arm64-arm-64bit,images/snake.png,1920,1080,high15,high color (15bpp),#D55E00,6,9,8,0.038449,0.093046,0.054597,286,286,'$BUILD_DIR/converters/img2sixel' --threads=6 --precision=8bit --quality=high '--loaders=builtin!' --diffusion=none --gpu-policy=off --palette-type=rgb -w 1920 -h 1080 --encode-policy fast -I -o /dev/null -J '{timeline}' '$TOP_SRCDIR/images/snake.png'
a639171f5a3ab8207dbb5450edb8b0a000e1f1c0,macOS-26.5.1-arm64-arm-64bit,images/snake.png,1920,1080,high15,high color (15bpp),#D55E00,7,9,9,0.035883,0.090171,0.054288,286,286,'$BUILD_DIR/converters/img2sixel' --threads=7 --precision=8bit --quality=high '--loaders=builtin!' --diffusion=none --gpu-policy=off --palette-type=rgb -w 1920 -h 1080 --encode-policy fast -I -o /dev/null -J '{timeline}' '$TOP_SRCDIR/images/snake.png'
a639171f5a3ab8207dbb5450edb8b0a000e1f1c0,macOS-26.5.1-arm64-arm-64bit,images/snake.png,1920,1080,high15,high color (15bpp),#D55E00,8,9,10,0.035854,0.090294,0.05444,286,286,'$BUILD_DIR/converters/img2sixel' --threads=8 --precision=8bit --quality=high '--loaders=builtin!' --diffusion=none --gpu-policy=off --palette-type=rgb -w 1920 -h 1080 --encode-policy fast -I -o /dev/null -J '{timeline}' '$TOP_SRCDIR/images/snake.png'
a639171f5a3ab8207dbb5450edb8b0a000e1f1c0,macOS-26.5.1-arm64-arm-64bit,images/snake.png,1920,1080,high15,high color (15bpp),#D55E00,9,9,11,0.035233,0.089156,0.053923,286,286,'$BUILD_DIR/converters/img2sixel' --threads=9 --precision=8bit --quality=high '--loaders=builtin!' --diffusion=none --gpu-policy=off --palette-type=rgb -w 1920 -h 1080 --encode-policy fast -I -o /dev/null -J '{timeline}' '$TOP_SRCDIR/images/snake.png'
a639171f5a3ab8207dbb5450edb8b0a000e1f1c0,macOS-26.5.1-arm64-arm-64bit,images/snake.png,1920,1080,high15,high color (15bpp),#D55E00,10,9,12,0.035819,0.089023,0.053204,286,286,'$BUILD_DIR/converters/img2sixel' --threads=10 --precision=8bit --quality=high '--loaders=builtin!' --diffusion=none --gpu-policy=off --palette-type=rgb -w 1920 -h 1080 --encode-policy fast -I -o /dev/null -J '{timeline}' '$TOP_SRCDIR/images/snake.png'
a639171f5a3ab8207dbb5450edb8b0a000e1f1c0,macOS-26.5.1-arm64-arm-64bit,images/snake.png,1920,1080,high15,high color (15bpp),#D55E00,11,9,13,0.035635,0.088782,0.053147,286,286,'$BUILD_DIR/converters/img2sixel' --threads=11 --precision=8bit --quality=high '--loaders=builtin!' --diffusion=none --gpu-policy=off --palette-type=rgb -w 1920 -h 1080 --encode-policy fast -I -o /dev/null -J '{timeline}' '$TOP_SRCDIR/images/snake.png'
a639171f5a3ab8207dbb5450edb8b0a000e1f1c0,macOS-26.5.1-arm64-arm-64bit,images/snake.png,1920,1080,high15,high color (15bpp),#D55E00,12,9,14,0.035976,0.08996,0.053984,286,286,'$BUILD_DIR/converters/img2sixel' --threads=12 --precision=8bit --quality=high '--loaders=builtin!' --diffusion=none --gpu-policy=off --palette-type=rgb -w 1920 -h 1080 --encode-policy fast -I -o /dev/null -J '{timeline}' '$TOP_SRCDIR/images/snake.png'
a639171f5a3ab8207dbb5450edb8b0a000e1f1c0,macOS-26.5.1-arm64-arm-64bit,images/snake.png,1920,1080,fixed256,fixed 256-color,#0072B2,2,9,15,0.09143,0.105536,0.014106,180,180,'$BUILD_DIR/converters/img2sixel' --threads=2 --precision=8bit --quality=high '--loaders=builtin!' --diffusion=none --gpu-policy=off --palette-type=rgb -w 1920 -h 1080 --encode-policy fast -p 256 -o /dev/null -J '{timeline}' '$TOP_SRCDIR/images/snake.png'
a639171f5a3ab8207dbb5450edb8b0a000e1f1c0,macOS-26.5.1-arm64-arm-64bit,images/snake.png,1920,1080,fixed256,fixed 256-color,#0072B2,3,9,16,0.051112,0.105359,0.054247,180,180,'$BUILD_DIR/converters/img2sixel' --threads=3 --precision=8bit --quality=high '--loaders=builtin!' --diffusion=none --gpu-policy=off --palette-type=rgb -w 1920 -h 1080 --encode-policy fast -p 256 -o /dev/null -J '{timeline}' '$TOP_SRCDIR/images/snake.png'
a639171f5a3ab8207dbb5450edb8b0a000e1f1c0,macOS-26.5.1-arm64-arm-64bit,images/snake.png,1920,1080,fixed256,fixed 256-color,#0072B2,4,9,17,0.039051,0.079454,0.040403,180,180,'$BUILD_DIR/converters/img2sixel' --threads=4 --precision=8bit --quality=high '--loaders=builtin!' --diffusion=none --gpu-policy=off --palette-type=rgb -w 1920 -h 1080 --encode-policy fast -p 256 -o /dev/null -J '{timeline}' '$TOP_SRCDIR/images/snake.png'
a639171f5a3ab8207dbb5450edb8b0a000e1f1c0,macOS-26.5.1-arm64-arm-64bit,images/snake.png,1920,1080,fixed256,fixed 256-color,#0072B2,5,9,18,0.039952,0.069045,0.029093,180,180,'$BUILD_DIR/converters/img2sixel' --threads=5 --precision=8bit --quality=high '--loaders=builtin!' --diffusion=none --gpu-policy=off --palette-type=rgb -w 1920 -h 1080 --encode-policy fast -p 256 -o /dev/null -J '{timeline}' '$TOP_SRCDIR/images/snake.png'
a639171f5a3ab8207dbb5450edb8b0a000e1f1c0,macOS-26.5.1-arm64-arm-64bit,images/snake.png,1920,1080,fixed256,fixed 256-color,#0072B2,6,9,19,0.040423,0.069938,0.029515,180,180,'$BUILD_DIR/converters/img2sixel' --threads=6 --precision=8bit --quality=high '--loaders=builtin!' --diffusion=none --gpu-policy=off --palette-type=rgb -w 1920 -h 1080 --encode-policy fast -p 256 -o /dev/null -J '{timeline}' '$TOP_SRCDIR/images/snake.png'
a639171f5a3ab8207dbb5450edb8b0a000e1f1c0,macOS-26.5.1-arm64-arm-64bit,images/snake.png,1920,1080,fixed256,fixed 256-color,#0072B2,7,9,20,0.037173,0.062199,0.025026,180,180,'$BUILD_DIR/converters/img2sixel' --threads=7 --precision=8bit --quality=high '--loaders=builtin!' --diffusion=none --gpu-policy=off --palette-type=rgb -w 1920 -h 1080 --encode-policy fast -p 256 -o /dev/null -J '{timeline}' '$TOP_SRCDIR/images/snake.png'
a639171f5a3ab8207dbb5450edb8b0a000e1f1c0,macOS-26.5.1-arm64-arm-64bit,images/snake.png,1920,1080,fixed256,fixed 256-color,#0072B2,8,9,21,0.038161,0.060526,0.022365,180,180,'$BUILD_DIR/converters/img2sixel' --threads=8 --precision=8bit --quality=high '--loaders=builtin!' --diffusion=none --gpu-policy=off --palette-type=rgb -w 1920 -h 1080 --encode-policy fast -p 256 -o /dev/null -J '{timeline}' '$TOP_SRCDIR/images/snake.png'
a639171f5a3ab8207dbb5450edb8b0a000e1f1c0,macOS-26.5.1-arm64-arm-64bit,images/snake.png,1920,1080,fixed256,fixed 256-color,#0072B2,9,9,22,0.037745,0.058817,0.021072,180,180,'$BUILD_DIR/converters/img2sixel' --threads=9 --precision=8bit --quality=high '--loaders=builtin!' --diffusion=none --gpu-policy=off --palette-type=rgb -w 1920 -h 1080 --encode-policy fast -p 256 -o /dev/null -J '{timeline}' '$TOP_SRCDIR/images/snake.png'
a639171f5a3ab8207dbb5450edb8b0a000e1f1c0,macOS-26.5.1-arm64-arm-64bit,images/snake.png,1920,1080,fixed256,fixed 256-color,#0072B2,10,10,1,0.03834,0.058266,0.019926,180,180,'$BUILD_DIR/converters/img2sixel' --threads=10 --precision=8bit --quality=high '--loaders=builtin!' --diffusion=none --gpu-policy=off --palette-type=rgb -w 1920 -h 1080 --encode-policy fast -p 256 -o /dev/null -J '{timeline}' '$TOP_SRCDIR/images/snake.png'
a639171f5a3ab8207dbb5450edb8b0a000e1f1c0,macOS-26.5.1-arm64-arm-64bit,images/snake.png,1920,1080,fixed256,fixed 256-color,#0072B2,9,10,2,0.038561,0.059509,0.020948,180,180,'$BUILD_DIR/converters/img2sixel' --threads=9 --precision=8bit --quality=high '--loaders=builtin!' --diffusion=none --gpu-policy=off --palette-type=rgb -w 1920 -h 1080 --encode-policy fast -p 256 -o /dev/null -J '{timeline}' '$TOP_SRCDIR/images/snake.png'
a639171f5a3ab8207dbb5450edb8b0a000e1f1c0,macOS-26.5.1-arm64-arm-64bit,images/snake.png,1920,1080,fixed256,fixed 256-color,#0072B2,8,10,3,0.038111,0.06066,0.022549,180,180,'$BUILD_DIR/converters/img2sixel' --threads=8 --precision=8bit --quality=high '--loaders=builtin!' --diffusion=none --gpu-policy=off --palette-type=rgb -w 1920 -h 1080 --encode-policy fast -p 256 -o /dev/null -J '{timeline}' '$TOP_SRCDIR/images/snake.png'
a639171f5a3ab8207dbb5450edb8b0a000e1f1c0,macOS-26.5.1-arm64-arm-64bit,images/snake.png,1920,1080,fixed256,fixed 256-color,#0072B2,7,10,4,0.037309,0.063018,0.025709,180,180,'$BUILD_DIR/converters/img2sixel' --threads=7 --precision=8bit --quality=high '--loaders=builtin!' --diffusion=none --gpu-policy=off --palette-type=rgb -w 1920 -h 1080 --encode-policy fast -p 256 -o /dev/null -J '{timeline}' '$TOP_SRCDIR/images/snake.png'
a639171f5a3ab8207dbb5450edb8b0a000e1f1c0,macOS-26.5.1-arm64-arm-64bit,images/snake.png,1920,1080,fixed256,fixed 256-color,#0072B2,6,10,5,0.038717,0.068169,0.029452,180,180,'$BUILD_DIR/converters/img2sixel' --threads=6 --precision=8bit --quality=high '--loaders=builtin!' --diffusion=none --gpu-policy=off --palette-type=rgb -w 1920 -h 1080 --encode-policy fast -p 256 -o /dev/null -J '{timeline}' '$TOP_SRCDIR/images/snake.png'
a639171f5a3ab8207dbb5450edb8b0a000e1f1c0,macOS-26.5.1-arm64-arm-64bit,images/snake.png,1920,1080,fixed256,fixed 256-color,#0072B2,5,10,6,0.040884,0.069895,0.029011,180,180,'$BUILD_DIR/converters/img2sixel' --threads=5 --precision=8bit --quality=high '--loaders=builtin!' --diffusion=none --gpu-policy=off --palette-type=rgb -w 1920 -h 1080 --encode-policy fast -p 256 -o /dev/null -J '{timeline}' '$TOP_SRCDIR/images/snake.png'
a639171f5a3ab8207dbb5450edb8b0a000e1f1c0,macOS-26.5.1-arm64-arm-64bit,images/snake.png,1920,1080,fixed256,fixed 256-color,#0072B2,4,10,7,0.038165,0.076668,0.038503,180,180,'$BUILD_DIR/converters/img2sixel' --threads=4 --precision=8bit --quality=high '--loaders=builtin!' --diffusion=none --gpu-policy=off --palette-type=rgb -w 1920 -h 1080 --encode-policy fast -p 256 -o /dev/null -J '{timeline}' '$TOP_SRCDIR/images/snake.png'
a639171f5a3ab8207dbb5450edb8b0a000e1f1c0,macOS-26.5.1-arm64-arm-64bit,images/snake.png,1920,1080,fixed256,fixed 256-color,#0072B2,3,10,8,0.050617,0.103147,0.05253,180,180,'$BUILD_DIR/converters/img2sixel' --threads=3 --precision=8bit --quality=high '--loaders=builtin!' --diffusion=none --gpu-policy=off --palette-type=rgb -w 1920 -h 1080 --encode-policy fast -p 256 -o /dev/null -J '{timeline}' '$TOP_SRCDIR/images/snake.png'
a639171f5a3ab8207dbb5450edb8b0a000e1f1c0,macOS-26.5.1-arm64-arm-64bit,images/snake.png,1920,1080,fixed256,fixed 256-color,#0072B2,2,10,9,0.100267,0.114981,0.014714,180,180,'$BUILD_DIR/converters/img2sixel' --threads=2 --precision=8bit --quality=high '--loaders=builtin!' --diffusion=none --gpu-policy=off --palette-type=rgb -w 1920 -h 1080 --encode-policy fast -p 256 -o /dev/null -J '{timeline}' '$TOP_SRCDIR/images/snake.png'
a639171f5a3ab8207dbb5450edb8b0a000e1f1c0,macOS-26.5.1-arm64-arm-64bit,images/snake.png,1920,1080,high15,high color (15bpp),#D55E00,12,10,10,0.039283,0.098409,0.059126,286,286,'$BUILD_DIR/converters/img2sixel' --threads=12 --precision=8bit --quality=high '--loaders=builtin!' --diffusion=none --gpu-policy=off --palette-type=rgb -w 1920 -h 1080 --encode-policy fast -I -o /dev/null -J '{timeline}' '$TOP_SRCDIR/images/snake.png'
a639171f5a3ab8207dbb5450edb8b0a000e1f1c0,macOS-26.5.1-arm64-arm-64bit,images/snake.png,1920,1080,high15,high color (15bpp),#D55E00,11,10,11,0.039097,0.098394,0.059297,286,286,'$BUILD_DIR/converters/img2sixel' --threads=11 --precision=8bit --quality=high '--loaders=builtin!' --diffusion=none --gpu-policy=off --palette-type=rgb -w 1920 -h 1080 --encode-policy fast -I -o /dev/null -J '{timeline}' '$TOP_SRCDIR/images/snake.png'
a639171f5a3ab8207dbb5450edb8b0a000e1f1c0,macOS-26.5.1-arm64-arm-64bit,images/snake.png,1920,1080,high15,high color (15bpp),#D55E00,10,10,12,0.038716,0.098727,0.060011,286,286,'$BUILD_DIR/converters/img2sixel' --threads=10 --precision=8bit --quality=high '--loaders=builtin!' --diffusion=none --gpu-policy=off --palette-type=rgb -w 1920 -h 1080 --encode-policy fast -I -o /dev/null -J '{timeline}' '$TOP_SRCDIR/images/snake.png'
a639171f5a3ab8207dbb5450edb8b0a000e1f1c0,macOS-26.5.1-arm64-arm-64bit,images/snake.png,1920,1080,high15,high color (15bpp),#D55E00,9,10,13,0.038741,0.097568,0.058827,286,286,'$BUILD_DIR/converters/img2sixel' --threads=9 --precision=8bit --quality=high '--loaders=builtin!' --diffusion=none --gpu-policy=off --palette-type=rgb -w 1920 -h 1080 --encode-policy fast -I -o /dev/null -J '{timeline}' '$TOP_SRCDIR/images/snake.png'
a639171f5a3ab8207dbb5450edb8b0a000e1f1c0,macOS-26.5.1-arm64-arm-64bit,images/snake.png,1920,1080,high15,high color (15bpp),#D55E00,8,10,14,0.039256,0.099711,0.060455,286,286,'$BUILD_DIR/converters/img2sixel' --threads=8 --precision=8bit --quality=high '--loaders=builtin!' --diffusion=none --gpu-policy=off --palette-type=rgb -w 1920 -h 1080 --encode-policy fast -I -o /dev/null -J '{timeline}' '$TOP_SRCDIR/images/snake.png'
a639171f5a3ab8207dbb5450edb8b0a000e1f1c0,macOS-26.5.1-arm64-arm-64bit,images/snake.png,1920,1080,high15,high color (15bpp),#D55E00,7,10,15,0.039253,0.097618,0.058365,286,286,'$BUILD_DIR/converters/img2sixel' --threads=7 --precision=8bit --quality=high '--loaders=builtin!' --diffusion=none --gpu-policy=off --palette-type=rgb -w 1920 -h 1080 --encode-policy fast -I -o /dev/null -J '{timeline}' '$TOP_SRCDIR/images/snake.png'
a639171f5a3ab8207dbb5450edb8b0a000e1f1c0,macOS-26.5.1-arm64-arm-64bit,images/snake.png,1920,1080,high15,high color (15bpp),#D55E00,6,10,16,0.039272,0.098426,0.059154,286,286,'$BUILD_DIR/converters/img2sixel' --threads=6 --precision=8bit --quality=high '--loaders=builtin!' --diffusion=none --gpu-policy=off --palette-type=rgb -w 1920 -h 1080 --encode-policy fast -I -o /dev/null -J '{timeline}' '$TOP_SRCDIR/images/snake.png'
a639171f5a3ab8207dbb5450edb8b0a000e1f1c0,macOS-26.5.1-arm64-arm-64bit,images/snake.png,1920,1080,high15,high color (15bpp),#D55E00,5,10,17,0.038471,0.096089,0.057618,286,286,'$BUILD_DIR/converters/img2sixel' --threads=5 --precision=8bit --quality=high '--loaders=builtin!' --diffusion=none --gpu-policy=off --palette-type=rgb -w 1920 -h 1080 --encode-policy fast -I -o /dev/null -J '{timeline}' '$TOP_SRCDIR/images/snake.png'
a639171f5a3ab8207dbb5450edb8b0a000e1f1c0,macOS-26.5.1-arm64-arm-64bit,images/snake.png,1920,1080,high15,high color (15bpp),#D55E00,4,10,18,0.038778,0.098232,0.059454,286,286,'$BUILD_DIR/converters/img2sixel' --threads=4 --precision=8bit --quality=high '--loaders=builtin!' --diffusion=none --gpu-policy=off --palette-type=rgb -w 1920 -h 1080 --encode-policy fast -I -o /dev/null -J '{timeline}' '$TOP_SRCDIR/images/snake.png'
a639171f5a3ab8207dbb5450edb8b0a000e1f1c0,macOS-26.5.1-arm64-arm-64bit,images/snake.png,1920,1080,high15,high color (15bpp),#D55E00,3,10,19,0.039601,0.100205,0.060604,286,286,'$BUILD_DIR/converters/img2sixel' --threads=3 --precision=8bit --quality=high '--loaders=builtin!' --diffusion=none --gpu-policy=off --palette-type=rgb -w 1920 -h 1080 --encode-policy fast -I -o /dev/null -J '{timeline}' '$TOP_SRCDIR/images/snake.png'
a639171f5a3ab8207dbb5450edb8b0a000e1f1c0,macOS-26.5.1-arm64-arm-64bit,images/snake.png,1920,1080,high15,high color (15bpp),#D55E00,2,10,20,0.040958,0.100558,0.0596,286,286,'$BUILD_DIR/converters/img2sixel' --threads=2 --precision=8bit --quality=high '--loaders=builtin!' --diffusion=none --gpu-policy=off --palette-type=rgb -w 1920 -h 1080 --encode-policy fast -I -o /dev/null -J '{timeline}' '$TOP_SRCDIR/images/snake.png'
a639171f5a3ab8207dbb5450edb8b0a000e1f1c0,macOS-26.5.1-arm64-arm-64bit,images/snake.png,1920,1080,fixed256,fixed 256-color,#0072B2,12,10,21,0.037067,0.054506,0.017439,180,180,'$BUILD_DIR/converters/img2sixel' --threads=12 --precision=8bit --quality=high '--loaders=builtin!' --diffusion=none --gpu-policy=off --palette-type=rgb -w 1920 -h 1080 --encode-policy fast -p 256 -o /dev/null -J '{timeline}' '$TOP_SRCDIR/images/snake.png'
a639171f5a3ab8207dbb5450edb8b0a000e1f1c0,macOS-26.5.1-arm64-arm-64bit,images/snake.png,1920,1080,fixed256,fixed 256-color,#0072B2,11,10,22,0.036825,0.056423,0.019598,180,180,'$BUILD_DIR/converters/img2sixel' --threads=11 --precision=8bit --quality=high '--loaders=builtin!' --diffusion=none --gpu-policy=off --palette-type=rgb -w 1920 -h 1080 --encode-policy fast -p 256 -o /dev/null -J '{timeline}' '$TOP_SRCDIR/images/snake.png'
a639171f5a3ab8207dbb5450edb8b0a000e1f1c0,macOS-26.5.1-arm64-arm-64bit,images/snake.png,1920,1080,fixed256,fixed 256-color,#0072B2,12,11,1,0.036665,0.055097,0.018432,180,180,'$BUILD_DIR/converters/img2sixel' --threads=12 --precision=8bit --quality=high '--loaders=builtin!' --diffusion=none --gpu-policy=off --palette-type=rgb -w 1920 -h 1080 --encode-policy fast -p 256 -o /dev/null -J '{timeline}' '$TOP_SRCDIR/images/snake.png'
a639171f5a3ab8207dbb5450edb8b0a000e1f1c0,macOS-26.5.1-arm64-arm-64bit,images/snake.png,1920,1080,high15,high color (15bpp),#D55E00,2,11,2,0.037997,0.094688,0.056691,286,286,'$BUILD_DIR/converters/img2sixel' --threads=2 --precision=8bit --quality=high '--loaders=builtin!' --diffusion=none --gpu-policy=off --palette-type=rgb -w 1920 -h 1080 --encode-policy fast -I -o /dev/null -J '{timeline}' '$TOP_SRCDIR/images/snake.png'
a639171f5a3ab8207dbb5450edb8b0a000e1f1c0,macOS-26.5.1-arm64-arm-64bit,images/snake.png,1920,1080,high15,high color (15bpp),#D55E00,3,11,3,0.036504,0.091935,0.055431,286,286,'$BUILD_DIR/converters/img2sixel' --threads=3 --precision=8bit --quality=high '--loaders=builtin!' --diffusion=none --gpu-policy=off --palette-type=rgb -w 1920 -h 1080 --encode-policy fast -I -o /dev/null -J '{timeline}' '$TOP_SRCDIR/images/snake.png'
a639171f5a3ab8207dbb5450edb8b0a000e1f1c0,macOS-26.5.1-arm64-arm-64bit,images/snake.png,1920,1080,high15,high color (15bpp),#D55E00,4,11,4,0.036137,0.093911,0.057774,286,286,'$BUILD_DIR/converters/img2sixel' --threads=4 --precision=8bit --quality=high '--loaders=builtin!' --diffusion=none --gpu-policy=off --palette-type=rgb -w 1920 -h 1080 --encode-policy fast -I -o /dev/null -J '{timeline}' '$TOP_SRCDIR/images/snake.png'
a639171f5a3ab8207dbb5450edb8b0a000e1f1c0,macOS-26.5.1-arm64-arm-64bit,images/snake.png,1920,1080,high15,high color (15bpp),#D55E00,5,11,5,0.038867,0.098005,0.059138,286,286,'$BUILD_DIR/converters/img2sixel' --threads=5 --precision=8bit --quality=high '--loaders=builtin!' --diffusion=none --gpu-policy=off --palette-type=rgb -w 1920 -h 1080 --encode-policy fast -I -o /dev/null -J '{timeline}' '$TOP_SRCDIR/images/snake.png'
a639171f5a3ab8207dbb5450edb8b0a000e1f1c0,macOS-26.5.1-arm64-arm-64bit,images/snake.png,1920,1080,high15,high color (15bpp),#D55E00,6,11,6,0.038909,0.097116,0.058207,286,286,'$BUILD_DIR/converters/img2sixel' --threads=6 --precision=8bit --quality=high '--loaders=builtin!' --diffusion=none --gpu-policy=off --palette-type=rgb -w 1920 -h 1080 --encode-policy fast -I -o /dev/null -J '{timeline}' '$TOP_SRCDIR/images/snake.png'
a639171f5a3ab8207dbb5450edb8b0a000e1f1c0,macOS-26.5.1-arm64-arm-64bit,images/snake.png,1920,1080,high15,high color (15bpp),#D55E00,7,11,7,0.038728,0.097349,0.058621,286,286,'$BUILD_DIR/converters/img2sixel' --threads=7 --precision=8bit --quality=high '--loaders=builtin!' --diffusion=none --gpu-policy=off --palette-type=rgb -w 1920 -h 1080 --encode-policy fast -I -o /dev/null -J '{timeline}' '$TOP_SRCDIR/images/snake.png'
a639171f5a3ab8207dbb5450edb8b0a000e1f1c0,macOS-26.5.1-arm64-arm-64bit,images/snake.png,1920,1080,high15,high color (15bpp),#D55E00,8,11,8,0.038373,0.097419,0.059046,286,286,'$BUILD_DIR/converters/img2sixel' --threads=8 --precision=8bit --quality=high '--loaders=builtin!' --diffusion=none --gpu-policy=off --palette-type=rgb -w 1920 -h 1080 --encode-policy fast -I -o /dev/null -J '{timeline}' '$TOP_SRCDIR/images/snake.png'
a639171f5a3ab8207dbb5450edb8b0a000e1f1c0,macOS-26.5.1-arm64-arm-64bit,images/snake.png,1920,1080,high15,high color (15bpp),#D55E00,9,11,9,0.039546,0.09817,0.058624,286,286,'$BUILD_DIR/converters/img2sixel' --threads=9 --precision=8bit --quality=high '--loaders=builtin!' --diffusion=none --gpu-policy=off --palette-type=rgb -w 1920 -h 1080 --encode-policy fast -I -o /dev/null -J '{timeline}' '$TOP_SRCDIR/images/snake.png'
a639171f5a3ab8207dbb5450edb8b0a000e1f1c0,macOS-26.5.1-arm64-arm-64bit,images/snake.png,1920,1080,high15,high color (15bpp),#D55E00,10,11,10,0.036603,0.092067,0.055464,286,286,'$BUILD_DIR/converters/img2sixel' --threads=10 --precision=8bit --quality=high '--loaders=builtin!' --diffusion=none --gpu-policy=off --palette-type=rgb -w 1920 -h 1080 --encode-policy fast -I -o /dev/null -J '{timeline}' '$TOP_SRCDIR/images/snake.png'
a639171f5a3ab8207dbb5450edb8b0a000e1f1c0,macOS-26.5.1-arm64-arm-64bit,images/snake.png,1920,1080,high15,high color (15bpp),#D55E00,11,11,11,0.036359,0.091298,0.054939,286,286,'$BUILD_DIR/converters/img2sixel' --threads=11 --precision=8bit --quality=high '--loaders=builtin!' --diffusion=none --gpu-policy=off --palette-type=rgb -w 1920 -h 1080 --encode-policy fast -I -o /dev/null -J '{timeline}' '$TOP_SRCDIR/images/snake.png'
a639171f5a3ab8207dbb5450edb8b0a000e1f1c0,macOS-26.5.1-arm64-arm-64bit,images/snake.png,1920,1080,high15,high color (15bpp),#D55E00,12,11,12,0.036147,0.091332,0.055185,286,286,'$BUILD_DIR/converters/img2sixel' --threads=12 --precision=8bit --quality=high '--loaders=builtin!' --diffusion=none --gpu-policy=off --palette-type=rgb -w 1920 -h 1080 --encode-policy fast -I -o /dev/null -J '{timeline}' '$TOP_SRCDIR/images/snake.png'
a639171f5a3ab8207dbb5450edb8b0a000e1f1c0,macOS-26.5.1-arm64-arm-64bit,images/snake.png,1920,1080,fixed256,fixed 256-color,#0072B2,2,11,13,0.090696,0.104758,0.014062,180,180,'$BUILD_DIR/converters/img2sixel' --threads=2 --precision=8bit --quality=high '--loaders=builtin!' --diffusion=none --gpu-policy=off --palette-type=rgb -w 1920 -h 1080 --encode-policy fast -p 256 -o /dev/null -J '{timeline}' '$TOP_SRCDIR/images/snake.png'
a639171f5a3ab8207dbb5450edb8b0a000e1f1c0,macOS-26.5.1-arm64-arm-64bit,images/snake.png,1920,1080,fixed256,fixed 256-color,#0072B2,3,11,14,0.045622,0.097811,0.052189,180,180,'$BUILD_DIR/converters/img2sixel' --threads=3 --precision=8bit --quality=high '--loaders=builtin!' --diffusion=none --gpu-policy=off --palette-type=rgb -w 1920 -h 1080 --encode-policy fast -p 256 -o /dev/null -J '{timeline}' '$TOP_SRCDIR/images/snake.png'
a639171f5a3ab8207dbb5450edb8b0a000e1f1c0,macOS-26.5.1-arm64-arm-64bit,images/snake.png,1920,1080,fixed256,fixed 256-color,#0072B2,4,11,15,0.037397,0.076491,0.039094,180,180,'$BUILD_DIR/converters/img2sixel' --threads=4 --precision=8bit --quality=high '--loaders=builtin!' --diffusion=none --gpu-policy=off --palette-type=rgb -w 1920 -h 1080 --encode-policy fast -p 256 -o /dev/null -J '{timeline}' '$TOP_SRCDIR/images/snake.png'
a639171f5a3ab8207dbb5450edb8b0a000e1f1c0,macOS-26.5.1-arm64-arm-64bit,images/snake.png,1920,1080,fixed256,fixed 256-color,#0072B2,5,11,16,0.036147,0.063262,0.027115,180,180,'$BUILD_DIR/converters/img2sixel' --threads=5 --precision=8bit --quality=high '--loaders=builtin!' --diffusion=none --gpu-policy=off --palette-type=rgb -w 1920 -h 1080 --encode-policy fast -p 256 -o /dev/null -J '{timeline}' '$TOP_SRCDIR/images/snake.png'
a639171f5a3ab8207dbb5450edb8b0a000e1f1c0,macOS-26.5.1-arm64-arm-64bit,images/snake.png,1920,1080,fixed256,fixed 256-color,#0072B2,6,11,17,0.039867,0.067304,0.027437,180,180,'$BUILD_DIR/converters/img2sixel' --threads=6 --precision=8bit --quality=high '--loaders=builtin!' --diffusion=none --gpu-policy=off --palette-type=rgb -w 1920 -h 1080 --encode-policy fast -p 256 -o /dev/null -J '{timeline}' '$TOP_SRCDIR/images/snake.png'
a639171f5a3ab8207dbb5450edb8b0a000e1f1c0,macOS-26.5.1-arm64-arm-64bit,images/snake.png,1920,1080,fixed256,fixed 256-color,#0072B2,7,11,18,0.040202,0.066252,0.02605,180,180,'$BUILD_DIR/converters/img2sixel' --threads=7 --precision=8bit --quality=high '--loaders=builtin!' --diffusion=none --gpu-policy=off --palette-type=rgb -w 1920 -h 1080 --encode-policy fast -p 256 -o /dev/null -J '{timeline}' '$TOP_SRCDIR/images/snake.png'
a639171f5a3ab8207dbb5450edb8b0a000e1f1c0,macOS-26.5.1-arm64-arm-64bit,images/snake.png,1920,1080,fixed256,fixed 256-color,#0072B2,8,11,19,0.038684,0.060424,0.02174,180,180,'$BUILD_DIR/converters/img2sixel' --threads=8 --precision=8bit --quality=high '--loaders=builtin!' --diffusion=none --gpu-policy=off --palette-type=rgb -w 1920 -h 1080 --encode-policy fast -p 256 -o /dev/null -J '{timeline}' '$TOP_SRCDIR/images/snake.png'
a639171f5a3ab8207dbb5450edb8b0a000e1f1c0,macOS-26.5.1-arm64-arm-64bit,images/snake.png,1920,1080,fixed256,fixed 256-color,#0072B2,9,11,20,0.037994,0.059847,0.021853,180,180,'$BUILD_DIR/converters/img2sixel' --threads=9 --precision=8bit --quality=high '--loaders=builtin!' --diffusion=none --gpu-policy=off --palette-type=rgb -w 1920 -h 1080 --encode-policy fast -p 256 -o /dev/null -J '{timeline}' '$TOP_SRCDIR/images/snake.png'
a639171f5a3ab8207dbb5450edb8b0a000e1f1c0,macOS-26.5.1-arm64-arm-64bit,images/snake.png,1920,1080,fixed256,fixed 256-color,#0072B2,10,11,21,0.038177,0.058339,0.020162,180,180,'$BUILD_DIR/converters/img2sixel' --threads=10 --precision=8bit --quality=high '--loaders=builtin!' --diffusion=none --gpu-policy=off --palette-type=rgb -w 1920 -h 1080 --encode-policy fast -p 256 -o /dev/null -J '{timeline}' '$TOP_SRCDIR/images/snake.png'
a639171f5a3ab8207dbb5450edb8b0a000e1f1c0,macOS-26.5.1-arm64-arm-64bit,images/snake.png,1920,1080,fixed256,fixed 256-color,#0072B2,11,11,22,0.038119,0.056706,0.018587,180,180,'$BUILD_DIR/converters/img2sixel' --threads=11 --precision=8bit --quality=high '--loaders=builtin!' --diffusion=none --gpu-policy=off --palette-type=rgb -w 1920 -h 1080 --encode-policy fast -p 256 -o /dev/null -J '{timeline}' '$TOP_SRCDIR/images/snake.png'
a639171f5a3ab8207dbb5450edb8b0a000e1f1c0,macOS-26.5.1-arm64-arm-64bit,images/snake.png,1920,1080,fixed256,fixed 256-color,#0072B2,12,12,1,0.039685,0.057193,0.017508,180,180,'$BUILD_DIR/converters/img2sixel' --threads=12 --precision=8bit --quality=high '--loaders=builtin!' --diffusion=none --gpu-policy=off --palette-type=rgb -w 1920 -h 1080 --encode-policy fast -p 256 -o /dev/null -J '{timeline}' '$TOP_SRCDIR/images/snake.png'
a639171f5a3ab8207dbb5450edb8b0a000e1f1c0,macOS-26.5.1-arm64-arm-64bit,images/snake.png,1920,1080,fixed256,fixed 256-color,#0072B2,11,12,2,0.037851,0.057691,0.01984,180,180,'$BUILD_DIR/converters/img2sixel' --threads=11 --precision=8bit --quality=high '--loaders=builtin!' --diffusion=none --gpu-policy=off --palette-type=rgb -w 1920 -h 1080 --encode-policy fast -p 256 -o /dev/null -J '{timeline}' '$TOP_SRCDIR/images/snake.png'
a639171f5a3ab8207dbb5450edb8b0a000e1f1c0,macOS-26.5.1-arm64-arm-64bit,images/snake.png,1920,1080,fixed256,fixed 256-color,#0072B2,10,12,3,0.040001,0.060348,0.020347,180,180,'$BUILD_DIR/converters/img2sixel' --threads=10 --precision=8bit --quality=high '--loaders=builtin!' --diffusion=none --gpu-policy=off --palette-type=rgb -w 1920 -h 1080 --encode-policy fast -p 256 -o /dev/null -J '{timeline}' '$TOP_SRCDIR/images/snake.png'
a639171f5a3ab8207dbb5450edb8b0a000e1f1c0,macOS-26.5.1-arm64-arm-64bit,images/snake.png,1920,1080,fixed256,fixed 256-color,#0072B2,9,12,4,0.039914,0.060769,0.020855,180,180,'$BUILD_DIR/converters/img2sixel' --threads=9 --precision=8bit --quality=high '--loaders=builtin!' --diffusion=none --gpu-policy=off --palette-type=rgb -w 1920 -h 1080 --encode-policy fast -p 256 -o /dev/null -J '{timeline}' '$TOP_SRCDIR/images/snake.png'
a639171f5a3ab8207dbb5450edb8b0a000e1f1c0,macOS-26.5.1-arm64-arm-64bit,images/snake.png,1920,1080,fixed256,fixed 256-color,#0072B2,8,12,5,0.038316,0.061243,0.022927,180,180,'$BUILD_DIR/converters/img2sixel' --threads=8 --precision=8bit --quality=high '--loaders=builtin!' --diffusion=none --gpu-policy=off --palette-type=rgb -w 1920 -h 1080 --encode-policy fast -p 256 -o /dev/null -J '{timeline}' '$TOP_SRCDIR/images/snake.png'
a639171f5a3ab8207dbb5450edb8b0a000e1f1c0,macOS-26.5.1-arm64-arm-64bit,images/snake.png,1920,1080,fixed256,fixed 256-color,#0072B2,7,12,6,0.036441,0.06137,0.024929,180,180,'$BUILD_DIR/converters/img2sixel' --threads=7 --precision=8bit --quality=high '--loaders=builtin!' --diffusion=none --gpu-policy=off --palette-type=rgb -w 1920 -h 1080 --encode-policy fast -p 256 -o /dev/null -J '{timeline}' '$TOP_SRCDIR/images/snake.png'
a639171f5a3ab8207dbb5450edb8b0a000e1f1c0,macOS-26.5.1-arm64-arm-64bit,images/snake.png,1920,1080,fixed256,fixed 256-color,#0072B2,6,12,7,0.036995,0.063826,0.026831,180,180,'$BUILD_DIR/converters/img2sixel' --threads=6 --precision=8bit --quality=high '--loaders=builtin!' --diffusion=none --gpu-policy=off --palette-type=rgb -w 1920 -h 1080 --encode-policy fast -p 256 -o /dev/null -J '{timeline}' '$TOP_SRCDIR/images/snake.png'
a639171f5a3ab8207dbb5450edb8b0a000e1f1c0,macOS-26.5.1-arm64-arm-64bit,images/snake.png,1920,1080,fixed256,fixed 256-color,#0072B2,5,12,8,0.037074,0.06592,0.028846,180,180,'$BUILD_DIR/converters/img2sixel' --threads=5 --precision=8bit --quality=high '--loaders=builtin!' --diffusion=none --gpu-policy=off --palette-type=rgb -w 1920 -h 1080 --encode-policy fast -p 256 -o /dev/null -J '{timeline}' '$TOP_SRCDIR/images/snake.png'
a639171f5a3ab8207dbb5450edb8b0a000e1f1c0,macOS-26.5.1-arm64-arm-64bit,images/snake.png,1920,1080,fixed256,fixed 256-color,#0072B2,4,12,9,0.036061,0.074779,0.038718,180,180,'$BUILD_DIR/converters/img2sixel' --threads=4 --precision=8bit --quality=high '--loaders=builtin!' --diffusion=none --gpu-policy=off --palette-type=rgb -w 1920 -h 1080 --encode-policy fast -p 256 -o /dev/null -J '{timeline}' '$TOP_SRCDIR/images/snake.png'
a639171f5a3ab8207dbb5450edb8b0a000e1f1c0,macOS-26.5.1-arm64-arm-64bit,images/snake.png,1920,1080,fixed256,fixed 256-color,#0072B2,3,12,10,0.046678,0.097446,0.050768,180,180,'$BUILD_DIR/converters/img2sixel' --threads=3 --precision=8bit --quality=high '--loaders=builtin!' --diffusion=none --gpu-policy=off --palette-type=rgb -w 1920 -h 1080 --encode-policy fast -p 256 -o /dev/null -J '{timeline}' '$TOP_SRCDIR/images/snake.png'
a639171f5a3ab8207dbb5450edb8b0a000e1f1c0,macOS-26.5.1-arm64-arm-64bit,images/snake.png,1920,1080,fixed256,fixed 256-color,#0072B2,2,12,11,0.090723,0.104741,0.014018,180,180,'$BUILD_DIR/converters/img2sixel' --threads=2 --precision=8bit --quality=high '--loaders=builtin!' --diffusion=none --gpu-policy=off --palette-type=rgb -w 1920 -h 1080 --encode-policy fast -p 256 -o /dev/null -J '{timeline}' '$TOP_SRCDIR/images/snake.png'
a639171f5a3ab8207dbb5450edb8b0a000e1f1c0,macOS-26.5.1-arm64-arm-64bit,images/snake.png,1920,1080,high15,high color (15bpp),#D55E00,12,12,12,0.035617,0.089524,0.053907,286,286,'$BUILD_DIR/converters/img2sixel' --threads=12 --precision=8bit --quality=high '--loaders=builtin!' --diffusion=none --gpu-policy=off --palette-type=rgb -w 1920 -h 1080 --encode-policy fast -I -o /dev/null -J '{timeline}' '$TOP_SRCDIR/images/snake.png'
a639171f5a3ab8207dbb5450edb8b0a000e1f1c0,macOS-26.5.1-arm64-arm-64bit,images/snake.png,1920,1080,high15,high color (15bpp),#D55E00,11,12,13,0.035144,0.088056,0.052912,286,286,'$BUILD_DIR/converters/img2sixel' --threads=11 --precision=8bit --quality=high '--loaders=builtin!' --diffusion=none --gpu-policy=off --palette-type=rgb -w 1920 -h 1080 --encode-policy fast -I -o /dev/null -J '{timeline}' '$TOP_SRCDIR/images/snake.png'
a639171f5a3ab8207dbb5450edb8b0a000e1f1c0,macOS-26.5.1-arm64-arm-64bit,images/snake.png,1920,1080,high15,high color (15bpp),#D55E00,10,12,14,0.036592,0.090571,0.053979,286,286,'$BUILD_DIR/converters/img2sixel' --threads=10 --precision=8bit --quality=high '--loaders=builtin!' --diffusion=none --gpu-policy=off --palette-type=rgb -w 1920 -h 1080 --encode-policy fast -I -o /dev/null -J '{timeline}' '$TOP_SRCDIR/images/snake.png'
a639171f5a3ab8207dbb5450edb8b0a000e1f1c0,macOS-26.5.1-arm64-arm-64bit,images/snake.png,1920,1080,high15,high color (15bpp),#D55E00,9,12,15,0.03508,0.088902,0.053822,286,286,'$BUILD_DIR/converters/img2sixel' --threads=9 --precision=8bit --quality=high '--loaders=builtin!' --diffusion=none --gpu-policy=off --palette-type=rgb -w 1920 -h 1080 --encode-policy fast -I -o /dev/null -J '{timeline}' '$TOP_SRCDIR/images/snake.png'
a639171f5a3ab8207dbb5450edb8b0a000e1f1c0,macOS-26.5.1-arm64-arm-64bit,images/snake.png,1920,1080,high15,high color (15bpp),#D55E00,8,12,16,0.036009,0.08949,0.053481,286,286,'$BUILD_DIR/converters/img2sixel' --threads=8 --precision=8bit --quality=high '--loaders=builtin!' --diffusion=none --gpu-policy=off --palette-type=rgb -w 1920 -h 1080 --encode-policy fast -I -o /dev/null -J '{timeline}' '$TOP_SRCDIR/images/snake.png'
a639171f5a3ab8207dbb5450edb8b0a000e1f1c0,macOS-26.5.1-arm64-arm-64bit,images/snake.png,1920,1080,high15,high color (15bpp),#D55E00,7,12,17,0.036158,0.090645,0.054487,286,286,'$BUILD_DIR/converters/img2sixel' --threads=7 --precision=8bit --quality=high '--loaders=builtin!' --diffusion=none --gpu-policy=off --palette-type=rgb -w 1920 -h 1080 --encode-policy fast -I -o /dev/null -J '{timeline}' '$TOP_SRCDIR/images/snake.png'
a639171f5a3ab8207dbb5450edb8b0a000e1f1c0,macOS-26.5.1-arm64-arm-64bit,images/snake.png,1920,1080,high15,high color (15bpp),#D55E00,6,12,18,0.034968,0.088686,0.053718,286,286,'$BUILD_DIR/converters/img2sixel' --threads=6 --precision=8bit --quality=high '--loaders=builtin!' --diffusion=none --gpu-policy=off --palette-type=rgb -w 1920 -h 1080 --encode-policy fast -I -o /dev/null -J '{timeline}' '$TOP_SRCDIR/images/snake.png'
a639171f5a3ab8207dbb5450edb8b0a000e1f1c0,macOS-26.5.1-arm64-arm-64bit,images/snake.png,1920,1080,high15,high color (15bpp),#D55E00,5,12,19,0.035485,0.089756,0.054271,286,286,'$BUILD_DIR/converters/img2sixel' --threads=5 --precision=8bit --quality=high '--loaders=builtin!' --diffusion=none --gpu-policy=off --palette-type=rgb -w 1920 -h 1080 --encode-policy fast -I -o /dev/null -J '{timeline}' '$TOP_SRCDIR/images/snake.png'
a639171f5a3ab8207dbb5450edb8b0a000e1f1c0,macOS-26.5.1-arm64-arm-64bit,images/snake.png,1920,1080,high15,high color (15bpp),#D55E00,4,12,20,0.037151,0.091499,0.054348,286,286,'$BUILD_DIR/converters/img2sixel' --threads=4 --precision=8bit --quality=high '--loaders=builtin!' --diffusion=none --gpu-policy=off --palette-type=rgb -w 1920 -h 1080 --encode-policy fast -I -o /dev/null -J '{timeline}' '$TOP_SRCDIR/images/snake.png'
a639171f5a3ab8207dbb5450edb8b0a000e1f1c0,macOS-26.5.1-arm64-arm-64bit,images/snake.png,1920,1080,high15,high color (15bpp),#D55E00,3,12,21,0.0373,0.092335,0.055035,286,286,'$BUILD_DIR/converters/img2sixel' --threads=3 --precision=8bit --quality=high '--loaders=builtin!' --diffusion=none --gpu-policy=off --palette-type=rgb -w 1920 -h 1080 --encode-policy fast -I -o /dev/null -J '{timeline}' '$TOP_SRCDIR/images/snake.png'
a639171f5a3ab8207dbb5450edb8b0a000e1f1c0,macOS-26.5.1-arm64-arm-64bit,images/snake.png,1920,1080,high15,high color (15bpp),#D55E00,2,12,22,0.038639,0.102035,0.063396,286,286,'$BUILD_DIR/converters/img2sixel' --threads=2 --precision=8bit --quality=high '--loaders=builtin!' --diffusion=none --gpu-policy=off --palette-type=rgb -w 1920 -h 1080 --encode-policy fast -I -o /dev/null -J '{timeline}' '$TOP_SRCDIR/images/snake.png'
a639171f5a3ab8207dbb5450edb8b0a000e1f1c0,macOS-26.5.1-arm64-arm-64bit,images/snake.png,1920,1080,high15,high color (15bpp),#D55E00,3,13,1,0.037766,0.092864,0.055098,286,286,'$BUILD_DIR/converters/img2sixel' --threads=3 --precision=8bit --quality=high '--loaders=builtin!' --diffusion=none --gpu-policy=off --palette-type=rgb -w 1920 -h 1080 --encode-policy fast -I -o /dev/null -J '{timeline}' '$TOP_SRCDIR/images/snake.png'
a639171f5a3ab8207dbb5450edb8b0a000e1f1c0,macOS-26.5.1-arm64-arm-64bit,images/snake.png,1920,1080,high15,high color (15bpp),#D55E00,4,13,2,0.043076,0.104297,0.061221,286,286,'$BUILD_DIR/converters/img2sixel' --threads=4 --precision=8bit --quality=high '--loaders=builtin!' --diffusion=none --gpu-policy=off --palette-type=rgb -w 1920 -h 1080 --encode-policy fast -I -o /dev/null -J '{timeline}' '$TOP_SRCDIR/images/snake.png'
a639171f5a3ab8207dbb5450edb8b0a000e1f1c0,macOS-26.5.1-arm64-arm-64bit,images/snake.png,1920,1080,high15,high color (15bpp),#D55E00,5,13,3,0.03705,0.094283,0.057233,286,286,'$BUILD_DIR/converters/img2sixel' --threads=5 --precision=8bit --quality=high '--loaders=builtin!' --diffusion=none --gpu-policy=off --palette-type=rgb -w 1920 -h 1080 --encode-policy fast -I -o /dev/null -J '{timeline}' '$TOP_SRCDIR/images/snake.png'
a639171f5a3ab8207dbb5450edb8b0a000e1f1c0,macOS-26.5.1-arm64-arm-64bit,images/snake.png,1920,1080,high15,high color (15bpp),#D55E00,6,13,4,0.035489,0.090032,0.054543,286,286,'$BUILD_DIR/converters/img2sixel' --threads=6 --precision=8bit --quality=high '--loaders=builtin!' --diffusion=none --gpu-policy=off --palette-type=rgb -w 1920 -h 1080 --encode-policy fast -I -o /dev/null -J '{timeline}' '$TOP_SRCDIR/images/snake.png'
a639171f5a3ab8207dbb5450edb8b0a000e1f1c0,macOS-26.5.1-arm64-arm-64bit,images/snake.png,1920,1080,high15,high color (15bpp),#D55E00,7,13,5,0.035477,0.088924,0.053447,286,286,'$BUILD_DIR/converters/img2sixel' --threads=7 --precision=8bit --quality=high '--loaders=builtin!' --diffusion=none --gpu-policy=off --palette-type=rgb -w 1920 -h 1080 --encode-policy fast -I -o /dev/null -J '{timeline}' '$TOP_SRCDIR/images/snake.png'
a639171f5a3ab8207dbb5450edb8b0a000e1f1c0,macOS-26.5.1-arm64-arm-64bit,images/snake.png,1920,1080,high15,high color (15bpp),#D55E00,8,13,6,0.035382,0.089326,0.053944,286,286,'$BUILD_DIR/converters/img2sixel' --threads=8 --precision=8bit --quality=high '--loaders=builtin!' --diffusion=none --gpu-policy=off --palette-type=rgb -w 1920 -h 1080 --encode-policy fast -I -o /dev/null -J '{timeline}' '$TOP_SRCDIR/images/snake.png'
a639171f5a3ab8207dbb5450edb8b0a000e1f1c0,macOS-26.5.1-arm64-arm-64bit,images/snake.png,1920,1080,high15,high color (15bpp),#D55E00,9,13,7,0.035854,0.092724,0.05687,286,286,'$BUILD_DIR/converters/img2sixel' --threads=9 --precision=8bit --quality=high '--loaders=builtin!' --diffusion=none --gpu-policy=off --palette-type=rgb -w 1920 -h 1080 --encode-policy fast -I -o /dev/null -J '{timeline}' '$TOP_SRCDIR/images/snake.png'
a639171f5a3ab8207dbb5450edb8b0a000e1f1c0,macOS-26.5.1-arm64-arm-64bit,images/snake.png,1920,1080,high15,high color (15bpp),#D55E00,10,13,8,0.035719,0.089611,0.053892,286,286,'$BUILD_DIR/converters/img2sixel' --threads=10 --precision=8bit --quality=high '--loaders=builtin!' --diffusion=none --gpu-policy=off --palette-type=rgb -w 1920 -h 1080 --encode-policy fast -I -o /dev/null -J '{timeline}' '$TOP_SRCDIR/images/snake.png'
a639171f5a3ab8207dbb5450edb8b0a000e1f1c0,macOS-26.5.1-arm64-arm-64bit,images/snake.png,1920,1080,high15,high color (15bpp),#D55E00,11,13,9,0.035737,0.091091,0.055354,286,286,'$BUILD_DIR/converters/img2sixel' --threads=11 --precision=8bit --quality=high '--loaders=builtin!' --diffusion=none --gpu-policy=off --palette-type=rgb -w 1920 -h 1080 --encode-policy fast -I -o /dev/null -J '{timeline}' '$TOP_SRCDIR/images/snake.png'
a639171f5a3ab8207dbb5450edb8b0a000e1f1c0,macOS-26.5.1-arm64-arm-64bit,images/snake.png,1920,1080,high15,high color (15bpp),#D55E00,12,13,10,0.035698,0.08883,0.053132,286,286,'$BUILD_DIR/converters/img2sixel' --threads=12 --precision=8bit --quality=high '--loaders=builtin!' --diffusion=none --gpu-policy=off --palette-type=rgb -w 1920 -h 1080 --encode-policy fast -I -o /dev/null -J '{timeline}' '$TOP_SRCDIR/images/snake.png'
a639171f5a3ab8207dbb5450edb8b0a000e1f1c0,macOS-26.5.1-arm64-arm-64bit,images/snake.png,1920,1080,fixed256,fixed 256-color,#0072B2,2,13,11,0.090731,0.104187,0.013456,180,180,'$BUILD_DIR/converters/img2sixel' --threads=2 --precision=8bit --quality=high '--loaders=builtin!' --diffusion=none --gpu-policy=off --palette-type=rgb -w 1920 -h 1080 --encode-policy fast -p 256 -o /dev/null -J '{timeline}' '$TOP_SRCDIR/images/snake.png'
a639171f5a3ab8207dbb5450edb8b0a000e1f1c0,macOS-26.5.1-arm64-arm-64bit,images/snake.png,1920,1080,fixed256,fixed 256-color,#0072B2,3,13,12,0.046406,0.096118,0.049712,180,180,'$BUILD_DIR/converters/img2sixel' --threads=3 --precision=8bit --quality=high '--loaders=builtin!' --diffusion=none --gpu-policy=off --palette-type=rgb -w 1920 -h 1080 --encode-policy fast -p 256 -o /dev/null -J '{timeline}' '$TOP_SRCDIR/images/snake.png'
a639171f5a3ab8207dbb5450edb8b0a000e1f1c0,macOS-26.5.1-arm64-arm-64bit,images/snake.png,1920,1080,fixed256,fixed 256-color,#0072B2,4,13,13,0.037255,0.072633,0.035378,180,180,'$BUILD_DIR/converters/img2sixel' --threads=4 --precision=8bit --quality=high '--loaders=builtin!' --diffusion=none --gpu-policy=off --palette-type=rgb -w 1920 -h 1080 --encode-policy fast -p 256 -o /dev/null -J '{timeline}' '$TOP_SRCDIR/images/snake.png'
a639171f5a3ab8207dbb5450edb8b0a000e1f1c0,macOS-26.5.1-arm64-arm-64bit,images/snake.png,1920,1080,fixed256,fixed 256-color,#0072B2,5,13,14,0.036477,0.064302,0.027825,180,180,'$BUILD_DIR/converters/img2sixel' --threads=5 --precision=8bit --quality=high '--loaders=builtin!' --diffusion=none --gpu-policy=off --palette-type=rgb -w 1920 -h 1080 --encode-policy fast -p 256 -o /dev/null -J '{timeline}' '$TOP_SRCDIR/images/snake.png'
a639171f5a3ab8207dbb5450edb8b0a000e1f1c0,macOS-26.5.1-arm64-arm-64bit,images/snake.png,1920,1080,fixed256,fixed 256-color,#0072B2,6,13,15,0.03606,0.062035,0.025975,180,180,'$BUILD_DIR/converters/img2sixel' --threads=6 --precision=8bit --quality=high '--loaders=builtin!' --diffusion=none --gpu-policy=off --palette-type=rgb -w 1920 -h 1080 --encode-policy fast -p 256 -o /dev/null -J '{timeline}' '$TOP_SRCDIR/images/snake.png'
a639171f5a3ab8207dbb5450edb8b0a000e1f1c0,macOS-26.5.1-arm64-arm-64bit,images/snake.png,1920,1080,fixed256,fixed 256-color,#0072B2,7,13,16,0.035733,0.059938,0.024205,180,180,'$BUILD_DIR/converters/img2sixel' --threads=7 --precision=8bit --quality=high '--loaders=builtin!' --diffusion=none --gpu-policy=off --palette-type=rgb -w 1920 -h 1080 --encode-policy fast -p 256 -o /dev/null -J '{timeline}' '$TOP_SRCDIR/images/snake.png'
a639171f5a3ab8207dbb5450edb8b0a000e1f1c0,macOS-26.5.1-arm64-arm-64bit,images/snake.png,1920,1080,fixed256,fixed 256-color,#0072B2,8,13,17,0.036298,0.057552,0.021254,180,180,'$BUILD_DIR/converters/img2sixel' --threads=8 --precision=8bit --quality=high '--loaders=builtin!' --diffusion=none --gpu-policy=off --palette-type=rgb -w 1920 -h 1080 --encode-policy fast -p 256 -o /dev/null -J '{timeline}' '$TOP_SRCDIR/images/snake.png'
a639171f5a3ab8207dbb5450edb8b0a000e1f1c0,macOS-26.5.1-arm64-arm-64bit,images/snake.png,1920,1080,fixed256,fixed 256-color,#0072B2,9,13,18,0.036845,0.056719,0.019874,180,180,'$BUILD_DIR/converters/img2sixel' --threads=9 --precision=8bit --quality=high '--loaders=builtin!' --diffusion=none --gpu-policy=off --palette-type=rgb -w 1920 -h 1080 --encode-policy fast -p 256 -o /dev/null -J '{timeline}' '$TOP_SRCDIR/images/snake.png'
a639171f5a3ab8207dbb5450edb8b0a000e1f1c0,macOS-26.5.1-arm64-arm-64bit,images/snake.png,1920,1080,fixed256,fixed 256-color,#0072B2,10,13,19,0.036661,0.056464,0.019803,180,180,'$BUILD_DIR/converters/img2sixel' --threads=10 --precision=8bit --quality=high '--loaders=builtin!' --diffusion=none --gpu-policy=off --palette-type=rgb -w 1920 -h 1080 --encode-policy fast -p 256 -o /dev/null -J '{timeline}' '$TOP_SRCDIR/images/snake.png'
a639171f5a3ab8207dbb5450edb8b0a000e1f1c0,macOS-26.5.1-arm64-arm-64bit,images/snake.png,1920,1080,fixed256,fixed 256-color,#0072B2,11,13,20,0.036054,0.054858,0.018804,180,180,'$BUILD_DIR/converters/img2sixel' --threads=11 --precision=8bit --quality=high '--loaders=builtin!' --diffusion=none --gpu-policy=off --palette-type=rgb -w 1920 -h 1080 --encode-policy fast -p 256 -o /dev/null -J '{timeline}' '$TOP_SRCDIR/images/snake.png'
a639171f5a3ab8207dbb5450edb8b0a000e1f1c0,macOS-26.5.1-arm64-arm-64bit,images/snake.png,1920,1080,fixed256,fixed 256-color,#0072B2,12,13,21,0.037534,0.056019,0.018485,180,180,'$BUILD_DIR/converters/img2sixel' --threads=12 --precision=8bit --quality=high '--loaders=builtin!' --diffusion=none --gpu-policy=off --palette-type=rgb -w 1920 -h 1080 --encode-policy fast -p 256 -o /dev/null -J '{timeline}' '$TOP_SRCDIR/images/snake.png'
a639171f5a3ab8207dbb5450edb8b0a000e1f1c0,macOS-26.5.1-arm64-arm-64bit,images/snake.png,1920,1080,high15,high color (15bpp),#D55E00,2,13,22,0.041832,0.103777,0.061945,286,286,'$BUILD_DIR/converters/img2sixel' --threads=2 --precision=8bit --quality=high '--loaders=builtin!' --diffusion=none --gpu-policy=off --palette-type=rgb -w 1920 -h 1080 --encode-policy fast -I -o /dev/null -J '{timeline}' '$TOP_SRCDIR/images/snake.png'
a639171f5a3ab8207dbb5450edb8b0a000e1f1c0,macOS-26.5.1-arm64-arm-64bit,images/snake.png,1920,1080,high15,high color (15bpp),#D55E00,3,14,1,0.039732,0.09951,0.059778,286,286,'$BUILD_DIR/converters/img2sixel' --threads=3 --precision=8bit --quality=high '--loaders=builtin!' --diffusion=none --gpu-policy=off --palette-type=rgb -w 1920 -h 1080 --encode-policy fast -I -o /dev/null -J '{timeline}' '$TOP_SRCDIR/images/snake.png'
a639171f5a3ab8207dbb5450edb8b0a000e1f1c0,macOS-26.5.1-arm64-arm-64bit,images/snake.png,1920,1080,high15,high color (15bpp),#D55E00,2,14,2,0.041054,0.10234,0.061286,286,286,'$BUILD_DIR/converters/img2sixel' --threads=2 --precision=8bit --quality=high '--loaders=builtin!' --diffusion=none --gpu-policy=off --palette-type=rgb -w 1920 -h 1080 --encode-policy fast -I -o /dev/null -J '{timeline}' '$TOP_SRCDIR/images/snake.png'
a639171f5a3ab8207dbb5450edb8b0a000e1f1c0,macOS-26.5.1-arm64-arm-64bit,images/snake.png,1920,1080,fixed256,fixed 256-color,#0072B2,12,14,3,0.039615,0.058606,0.018991,180,180,'$BUILD_DIR/converters/img2sixel' --threads=12 --precision=8bit --quality=high '--loaders=builtin!' --diffusion=none --gpu-policy=off --palette-type=rgb -w 1920 -h 1080 --encode-policy fast -p 256 -o /dev/null -J '{timeline}' '$TOP_SRCDIR/images/snake.png'
a639171f5a3ab8207dbb5450edb8b0a000e1f1c0,macOS-26.5.1-arm64-arm-64bit,images/snake.png,1920,1080,fixed256,fixed 256-color,#0072B2,11,14,4,0.037289,0.056118,0.018829,180,180,'$BUILD_DIR/converters/img2sixel' --threads=11 --precision=8bit --quality=high '--loaders=builtin!' --diffusion=none --gpu-policy=off --palette-type=rgb -w 1920 -h 1080 --encode-policy fast -p 256 -o /dev/null -J '{timeline}' '$TOP_SRCDIR/images/snake.png'
a639171f5a3ab8207dbb5450edb8b0a000e1f1c0,macOS-26.5.1-arm64-arm-64bit,images/snake.png,1920,1080,fixed256,fixed 256-color,#0072B2,10,14,5,0.036672,0.056915,0.020243,180,180,'$BUILD_DIR/converters/img2sixel' --threads=10 --precision=8bit --quality=high '--loaders=builtin!' --diffusion=none --gpu-policy=off --palette-type=rgb -w 1920 -h 1080 --encode-policy fast -p 256 -o /dev/null -J '{timeline}' '$TOP_SRCDIR/images/snake.png'
a639171f5a3ab8207dbb5450edb8b0a000e1f1c0,macOS-26.5.1-arm64-arm-64bit,images/snake.png,1920,1080,fixed256,fixed 256-color,#0072B2,9,14,6,0.03792,0.059587,0.021667,180,180,'$BUILD_DIR/converters/img2sixel' --threads=9 --precision=8bit --quality=high '--loaders=builtin!' --diffusion=none --gpu-policy=off --palette-type=rgb -w 1920 -h 1080 --encode-policy fast -p 256 -o /dev/null -J '{timeline}' '$TOP_SRCDIR/images/snake.png'
a639171f5a3ab8207dbb5450edb8b0a000e1f1c0,macOS-26.5.1-arm64-arm-64bit,images/snake.png,1920,1080,fixed256,fixed 256-color,#0072B2,8,14,7,0.038191,0.060456,0.022265,180,180,'$BUILD_DIR/converters/img2sixel' --threads=8 --precision=8bit --quality=high '--loaders=builtin!' --diffusion=none --gpu-policy=off --palette-type=rgb -w 1920 -h 1080 --encode-policy fast -p 256 -o /dev/null -J '{timeline}' '$TOP_SRCDIR/images/snake.png'
a639171f5a3ab8207dbb5450edb8b0a000e1f1c0,macOS-26.5.1-arm64-arm-64bit,images/snake.png,1920,1080,fixed256,fixed 256-color,#0072B2,7,14,8,0.039535,0.064736,0.025201,180,180,'$BUILD_DIR/converters/img2sixel' --threads=7 --precision=8bit --quality=high '--loaders=builtin!' --diffusion=none --gpu-policy=off --palette-type=rgb -w 1920 -h 1080 --encode-policy fast -p 256 -o /dev/null -J '{timeline}' '$TOP_SRCDIR/images/snake.png'
a639171f5a3ab8207dbb5450edb8b0a000e1f1c0,macOS-26.5.1-arm64-arm-64bit,images/snake.png,1920,1080,fixed256,fixed 256-color,#0072B2,6,14,9,0.039483,0.068161,0.028678,180,180,'$BUILD_DIR/converters/img2sixel' --threads=6 --precision=8bit --quality=high '--loaders=builtin!' --diffusion=none --gpu-policy=off --palette-type=rgb -w 1920 -h 1080 --encode-policy fast -p 256 -o /dev/null -J '{timeline}' '$TOP_SRCDIR/images/snake.png'
a639171f5a3ab8207dbb5450edb8b0a000e1f1c0,macOS-26.5.1-arm64-arm-64bit,images/snake.png,1920,1080,fixed256,fixed 256-color,#0072B2,5,14,10,0.039666,0.068295,0.028629,180,180,'$BUILD_DIR/converters/img2sixel' --threads=5 --precision=8bit --quality=high '--loaders=builtin!' --diffusion=none --gpu-policy=off --palette-type=rgb -w 1920 -h 1080 --encode-policy fast -p 256 -o /dev/null -J '{timeline}' '$TOP_SRCDIR/images/snake.png'
a639171f5a3ab8207dbb5450edb8b0a000e1f1c0,macOS-26.5.1-arm64-arm-64bit,images/snake.png,1920,1080,fixed256,fixed 256-color,#0072B2,4,14,11,0.039177,0.079663,0.040486,180,180,'$BUILD_DIR/converters/img2sixel' --threads=4 --precision=8bit --quality=high '--loaders=builtin!' --diffusion=none --gpu-policy=off --palette-type=rgb -w 1920 -h 1080 --encode-policy fast -p 256 -o /dev/null -J '{timeline}' '$TOP_SRCDIR/images/snake.png'
a639171f5a3ab8207dbb5450edb8b0a000e1f1c0,macOS-26.5.1-arm64-arm-64bit,images/snake.png,1920,1080,fixed256,fixed 256-color,#0072B2,3,14,12,0.049596,0.102872,0.053276,180,180,'$BUILD_DIR/converters/img2sixel' --threads=3 --precision=8bit --quality=high '--loaders=builtin!' --diffusion=none --gpu-policy=off --palette-type=rgb -w 1920 -h 1080 --encode-policy fast -p 256 -o /dev/null -J '{timeline}' '$TOP_SRCDIR/images/snake.png'
a639171f5a3ab8207dbb5450edb8b0a000e1f1c0,macOS-26.5.1-arm64-arm-64bit,images/snake.png,1920,1080,fixed256,fixed 256-color,#0072B2,2,14,13,0.100377,0.115188,0.014811,180,180,'$BUILD_DIR/converters/img2sixel' --threads=2 --precision=8bit --quality=high '--loaders=builtin!' --diffusion=none --gpu-policy=off --palette-type=rgb -w 1920 -h 1080 --encode-policy fast -p 256 -o /dev/null -J '{timeline}' '$TOP_SRCDIR/images/snake.png'
a639171f5a3ab8207dbb5450edb8b0a000e1f1c0,macOS-26.5.1-arm64-arm-64bit,images/snake.png,1920,1080,high15,high color (15bpp),#D55E00,12,14,14,0.038917,0.097589,0.058672,286,286,'$BUILD_DIR/converters/img2sixel' --threads=12 --precision=8bit --quality=high '--loaders=builtin!' --diffusion=none --gpu-policy=off --palette-type=rgb -w 1920 -h 1080 --encode-policy fast -I -o /dev/null -J '{timeline}' '$TOP_SRCDIR/images/snake.png'
a639171f5a3ab8207dbb5450edb8b0a000e1f1c0,macOS-26.5.1-arm64-arm-64bit,images/snake.png,1920,1080,high15,high color (15bpp),#D55E00,11,14,15,0.038276,0.097066,0.05879,286,286,'$BUILD_DIR/converters/img2sixel' --threads=11 --precision=8bit --quality=high '--loaders=builtin!' --diffusion=none --gpu-policy=off --palette-type=rgb -w 1920 -h 1080 --encode-policy fast -I -o /dev/null -J '{timeline}' '$TOP_SRCDIR/images/snake.png'
a639171f5a3ab8207dbb5450edb8b0a000e1f1c0,macOS-26.5.1-arm64-arm-64bit,images/snake.png,1920,1080,high15,high color (15bpp),#D55E00,10,14,16,0.036549,0.097012,0.060463,286,286,'$BUILD_DIR/converters/img2sixel' --threads=10 --precision=8bit --quality=high '--loaders=builtin!' --diffusion=none --gpu-policy=off --palette-type=rgb -w 1920 -h 1080 --encode-policy fast -I -o /dev/null -J '{timeline}' '$TOP_SRCDIR/images/snake.png'
a639171f5a3ab8207dbb5450edb8b0a000e1f1c0,macOS-26.5.1-arm64-arm-64bit,images/snake.png,1920,1080,high15,high color (15bpp),#D55E00,9,14,17,0.036872,0.090998,0.054126,286,286,'$BUILD_DIR/converters/img2sixel' --threads=9 --precision=8bit --quality=high '--loaders=builtin!' --diffusion=none --gpu-policy=off --palette-type=rgb -w 1920 -h 1080 --encode-policy fast -I -o /dev/null -J '{timeline}' '$TOP_SRCDIR/images/snake.png'
a639171f5a3ab8207dbb5450edb8b0a000e1f1c0,macOS-26.5.1-arm64-arm-64bit,images/snake.png,1920,1080,high15,high color (15bpp),#D55E00,8,14,18,0.035879,0.091627,0.055748,286,286,'$BUILD_DIR/converters/img2sixel' --threads=8 --precision=8bit --quality=high '--loaders=builtin!' --diffusion=none --gpu-policy=off --palette-type=rgb -w 1920 -h 1080 --encode-policy fast -I -o /dev/null -J '{timeline}' '$TOP_SRCDIR/images/snake.png'
a639171f5a3ab8207dbb5450edb8b0a000e1f1c0,macOS-26.5.1-arm64-arm-64bit,images/snake.png,1920,1080,high15,high color (15bpp),#D55E00,7,14,19,0.036813,0.091455,0.054642,286,286,'$BUILD_DIR/converters/img2sixel' --threads=7 --precision=8bit --quality=high '--loaders=builtin!' --diffusion=none --gpu-policy=off --palette-type=rgb -w 1920 -h 1080 --encode-policy fast -I -o /dev/null -J '{timeline}' '$TOP_SRCDIR/images/snake.png'
a639171f5a3ab8207dbb5450edb8b0a000e1f1c0,macOS-26.5.1-arm64-arm-64bit,images/snake.png,1920,1080,high15,high color (15bpp),#D55E00,6,14,20,0.035525,0.088736,0.053211,286,286,'$BUILD_DIR/converters/img2sixel' --threads=6 --precision=8bit --quality=high '--loaders=builtin!' --diffusion=none --gpu-policy=off --palette-type=rgb -w 1920 -h 1080 --encode-policy fast -I -o /dev/null -J '{timeline}' '$TOP_SRCDIR/images/snake.png'
a639171f5a3ab8207dbb5450edb8b0a000e1f1c0,macOS-26.5.1-arm64-arm-64bit,images/snake.png,1920,1080,high15,high color (15bpp),#D55E00,5,14,21,0.036471,0.091949,0.055478,286,286,'$BUILD_DIR/converters/img2sixel' --threads=5 --precision=8bit --quality=high '--loaders=builtin!' --diffusion=none --gpu-policy=off --palette-type=rgb -w 1920 -h 1080 --encode-policy fast -I -o /dev/null -J '{timeline}' '$TOP_SRCDIR/images/snake.png'
a639171f5a3ab8207dbb5450edb8b0a000e1f1c0,macOS-26.5.1-arm64-arm-64bit,images/snake.png,1920,1080,high15,high color (15bpp),#D55E00,4,14,22,0.035947,0.090933,0.054986,286,286,'$BUILD_DIR/converters/img2sixel' --threads=4 --precision=8bit --quality=high '--loaders=builtin!' --diffusion=none --gpu-policy=off --palette-type=rgb -w 1920 -h 1080 --encode-policy fast -I -o /dev/null -J '{timeline}' '$TOP_SRCDIR/images/snake.png'
a639171f5a3ab8207dbb5450edb8b0a000e1f1c0,macOS-26.5.1-arm64-arm-64bit,images/snake.png,1920,1080,high15,high color (15bpp),#D55E00,5,15,1,0.036695,0.090898,0.054203,286,286,'$BUILD_DIR/converters/img2sixel' --threads=5 --precision=8bit --quality=high '--loaders=builtin!' --diffusion=none --gpu-policy=off --palette-type=rgb -w 1920 -h 1080 --encode-policy fast -I -o /dev/null -J '{timeline}' '$TOP_SRCDIR/images/snake.png'
a639171f5a3ab8207dbb5450edb8b0a000e1f1c0,macOS-26.5.1-arm64-arm-64bit,images/snake.png,1920,1080,high15,high color (15bpp),#D55E00,6,15,2,0.035743,0.090504,0.054761,286,286,'$BUILD_DIR/converters/img2sixel' --threads=6 --precision=8bit --quality=high '--loaders=builtin!' --diffusion=none --gpu-policy=off --palette-type=rgb -w 1920 -h 1080 --encode-policy fast -I -o /dev/null -J '{timeline}' '$TOP_SRCDIR/images/snake.png'
a639171f5a3ab8207dbb5450edb8b0a000e1f1c0,macOS-26.5.1-arm64-arm-64bit,images/snake.png,1920,1080,high15,high color (15bpp),#D55E00,7,15,3,0.035026,0.088915,0.053889,286,286,'$BUILD_DIR/converters/img2sixel' --threads=7 --precision=8bit --quality=high '--loaders=builtin!' --diffusion=none --gpu-policy=off --palette-type=rgb -w 1920 -h 1080 --encode-policy fast -I -o /dev/null -J '{timeline}' '$TOP_SRCDIR/images/snake.png'
a639171f5a3ab8207dbb5450edb8b0a000e1f1c0,macOS-26.5.1-arm64-arm-64bit,images/snake.png,1920,1080,high15,high color (15bpp),#D55E00,8,15,4,0.035928,0.089648,0.05372,286,286,'$BUILD_DIR/converters/img2sixel' --threads=8 --precision=8bit --quality=high '--loaders=builtin!' --diffusion=none --gpu-policy=off --palette-type=rgb -w 1920 -h 1080 --encode-policy fast -I -o /dev/null -J '{timeline}' '$TOP_SRCDIR/images/snake.png'
a639171f5a3ab8207dbb5450edb8b0a000e1f1c0,macOS-26.5.1-arm64-arm-64bit,images/snake.png,1920,1080,high15,high color (15bpp),#D55E00,9,15,5,0.035218,0.088842,0.053624,286,286,'$BUILD_DIR/converters/img2sixel' --threads=9 --precision=8bit --quality=high '--loaders=builtin!' --diffusion=none --gpu-policy=off --palette-type=rgb -w 1920 -h 1080 --encode-policy fast -I -o /dev/null -J '{timeline}' '$TOP_SRCDIR/images/snake.png'
a639171f5a3ab8207dbb5450edb8b0a000e1f1c0,macOS-26.5.1-arm64-arm-64bit,images/snake.png,1920,1080,high15,high color (15bpp),#D55E00,10,15,6,0.035912,0.09021,0.054298,286,286,'$BUILD_DIR/converters/img2sixel' --threads=10 --precision=8bit --quality=high '--loaders=builtin!' --diffusion=none --gpu-policy=off --palette-type=rgb -w 1920 -h 1080 --encode-policy fast -I -o /dev/null -J '{timeline}' '$TOP_SRCDIR/images/snake.png'
a639171f5a3ab8207dbb5450edb8b0a000e1f1c0,macOS-26.5.1-arm64-arm-64bit,images/snake.png,1920,1080,high15,high color (15bpp),#D55E00,11,15,7,0.036189,0.090369,0.05418,286,286,'$BUILD_DIR/converters/img2sixel' --threads=11 --precision=8bit --quality=high '--loaders=builtin!' --diffusion=none --gpu-policy=off --palette-type=rgb -w 1920 -h 1080 --encode-policy fast -I -o /dev/null -J '{timeline}' '$TOP_SRCDIR/images/snake.png'
a639171f5a3ab8207dbb5450edb8b0a000e1f1c0,macOS-26.5.1-arm64-arm-64bit,images/snake.png,1920,1080,high15,high color (15bpp),#D55E00,12,15,8,0.035293,0.094817,0.059524,286,286,'$BUILD_DIR/converters/img2sixel' --threads=12 --precision=8bit --quality=high '--loaders=builtin!' --diffusion=none --gpu-policy=off --palette-type=rgb -w 1920 -h 1080 --encode-policy fast -I -o /dev/null -J '{timeline}' '$TOP_SRCDIR/images/snake.png'
a639171f5a3ab8207dbb5450edb8b0a000e1f1c0,macOS-26.5.1-arm64-arm-64bit,images/snake.png,1920,1080,fixed256,fixed 256-color,#0072B2,2,15,9,0.094541,0.10906,0.014519,180,180,'$BUILD_DIR/converters/img2sixel' --threads=2 --precision=8bit --quality=high '--loaders=builtin!' --diffusion=none --gpu-policy=off --palette-type=rgb -w 1920 -h 1080 --encode-policy fast -p 256 -o /dev/null -J '{timeline}' '$TOP_SRCDIR/images/snake.png'
a639171f5a3ab8207dbb5450edb8b0a000e1f1c0,macOS-26.5.1-arm64-arm-64bit,images/snake.png,1920,1080,fixed256,fixed 256-color,#0072B2,3,15,10,0.046337,0.099238,0.052901,180,180,'$BUILD_DIR/converters/img2sixel' --threads=3 --precision=8bit --quality=high '--loaders=builtin!' --diffusion=none --gpu-policy=off --palette-type=rgb -w 1920 -h 1080 --encode-policy fast -p 256 -o /dev/null -J '{timeline}' '$TOP_SRCDIR/images/snake.png'
a639171f5a3ab8207dbb5450edb8b0a000e1f1c0,macOS-26.5.1-arm64-arm-64bit,images/snake.png,1920,1080,fixed256,fixed 256-color,#0072B2,4,15,11,0.037227,0.074807,0.03758,180,180,'$BUILD_DIR/converters/img2sixel' --threads=4 --precision=8bit --quality=high '--loaders=builtin!' --diffusion=none --gpu-policy=off --palette-type=rgb -w 1920 -h 1080 --encode-policy fast -p 256 -o /dev/null -J '{timeline}' '$TOP_SRCDIR/images/snake.png'
a639171f5a3ab8207dbb5450edb8b0a000e1f1c0,macOS-26.5.1-arm64-arm-64bit,images/snake.png,1920,1080,fixed256,fixed 256-color,#0072B2,5,15,12,0.036509,0.064685,0.028176,180,180,'$BUILD_DIR/converters/img2sixel' --threads=5 --precision=8bit --quality=high '--loaders=builtin!' --diffusion=none --gpu-policy=off --palette-type=rgb -w 1920 -h 1080 --encode-policy fast -p 256 -o /dev/null -J '{timeline}' '$TOP_SRCDIR/images/snake.png'
a639171f5a3ab8207dbb5450edb8b0a000e1f1c0,macOS-26.5.1-arm64-arm-64bit,images/snake.png,1920,1080,fixed256,fixed 256-color,#0072B2,6,15,13,0.035858,0.064117,0.028259,180,180,'$BUILD_DIR/converters/img2sixel' --threads=6 --precision=8bit --quality=high '--loaders=builtin!' --diffusion=none --gpu-policy=off --palette-type=rgb -w 1920 -h 1080 --encode-policy fast -p 256 -o /dev/null -J '{timeline}' '$TOP_SRCDIR/images/snake.png'
a639171f5a3ab8207dbb5450edb8b0a000e1f1c0,macOS-26.5.1-arm64-arm-64bit,images/snake.png,1920,1080,fixed256,fixed 256-color,#0072B2,7,15,14,0.036991,0.060505,0.023514,180,180,'$BUILD_DIR/converters/img2sixel' --threads=7 --precision=8bit --quality=high '--loaders=builtin!' --diffusion=none --gpu-policy=off --palette-type=rgb -w 1920 -h 1080 --encode-policy fast -p 256 -o /dev/null -J '{timeline}' '$TOP_SRCDIR/images/snake.png'
a639171f5a3ab8207dbb5450edb8b0a000e1f1c0,macOS-26.5.1-arm64-arm-64bit,images/snake.png,1920,1080,fixed256,fixed 256-color,#0072B2,8,15,15,0.0363,0.05686,0.02056,180,180,'$BUILD_DIR/converters/img2sixel' --threads=8 --precision=8bit --quality=high '--loaders=builtin!' --diffusion=none --gpu-policy=off --palette-type=rgb -w 1920 -h 1080 --encode-policy fast -p 256 -o /dev/null -J '{timeline}' '$TOP_SRCDIR/images/snake.png'
a639171f5a3ab8207dbb5450edb8b0a000e1f1c0,macOS-26.5.1-arm64-arm-64bit,images/snake.png,1920,1080,fixed256,fixed 256-color,#0072B2,9,15,16,0.038438,0.058815,0.020377,180,180,'$BUILD_DIR/converters/img2sixel' --threads=9 --precision=8bit --quality=high '--loaders=builtin!' --diffusion=none --gpu-policy=off --palette-type=rgb -w 1920 -h 1080 --encode-policy fast -p 256 -o /dev/null -J '{timeline}' '$TOP_SRCDIR/images/snake.png'
a639171f5a3ab8207dbb5450edb8b0a000e1f1c0,macOS-26.5.1-arm64-arm-64bit,images/snake.png,1920,1080,fixed256,fixed 256-color,#0072B2,10,15,17,0.035758,0.055657,0.019899,180,180,'$BUILD_DIR/converters/img2sixel' --threads=10 --precision=8bit --quality=high '--loaders=builtin!' --diffusion=none --gpu-policy=off --palette-type=rgb -w 1920 -h 1080 --encode-policy fast -p 256 -o /dev/null -J '{timeline}' '$TOP_SRCDIR/images/snake.png'
a639171f5a3ab8207dbb5450edb8b0a000e1f1c0,macOS-26.5.1-arm64-arm-64bit,images/snake.png,1920,1080,fixed256,fixed 256-color,#0072B2,11,15,18,0.036892,0.055305,0.018413,180,180,'$BUILD_DIR/converters/img2sixel' --threads=11 --precision=8bit --quality=high '--loaders=builtin!' --diffusion=none --gpu-policy=off --palette-type=rgb -w 1920 -h 1080 --encode-policy fast -p 256 -o /dev/null -J '{timeline}' '$TOP_SRCDIR/images/snake.png'
a639171f5a3ab8207dbb5450edb8b0a000e1f1c0,macOS-26.5.1-arm64-arm-64bit,images/snake.png,1920,1080,fixed256,fixed 256-color,#0072B2,12,15,19,0.036923,0.054122,0.017199,180,180,'$BUILD_DIR/converters/img2sixel' --threads=12 --precision=8bit --quality=high '--loaders=builtin!' --diffusion=none --gpu-policy=off --palette-type=rgb -w 1920 -h 1080 --encode-policy fast -p 256 -o /dev/null -J '{timeline}' '$TOP_SRCDIR/images/snake.png'
a639171f5a3ab8207dbb5450edb8b0a000e1f1c0,macOS-26.5.1-arm64-arm-64bit,images/snake.png,1920,1080,high15,high color (15bpp),#D55E00,2,15,20,0.038566,0.095527,0.056961,286,286,'$BUILD_DIR/converters/img2sixel' --threads=2 --precision=8bit --quality=high '--loaders=builtin!' --diffusion=none --gpu-policy=off --palette-type=rgb -w 1920 -h 1080 --encode-policy fast -I -o /dev/null -J '{timeline}' '$TOP_SRCDIR/images/snake.png'
a639171f5a3ab8207dbb5450edb8b0a000e1f1c0,macOS-26.5.1-arm64-arm-64bit,images/snake.png,1920,1080,high15,high color (15bpp),#D55E00,3,15,21,0.036246,0.091277,0.055031,286,286,'$BUILD_DIR/converters/img2sixel' --threads=3 --precision=8bit --quality=high '--loaders=builtin!' --diffusion=none --gpu-policy=off --palette-type=rgb -w 1920 -h 1080 --encode-policy fast -I -o /dev/null -J '{timeline}' '$TOP_SRCDIR/images/snake.png'
a639171f5a3ab8207dbb5450edb8b0a000e1f1c0,macOS-26.5.1-arm64-arm-64bit,images/snake.png,1920,1080,high15,high color (15bpp),#D55E00,4,15,22,0.035939,0.090091,0.054152,286,286,'$BUILD_DIR/converters/img2sixel' --threads=4 --precision=8bit --quality=high '--loaders=builtin!' --diffusion=none --gpu-policy=off --palette-type=rgb -w 1920 -h 1080 --encode-policy fast -I -o /dev/null -J '{timeline}' '$TOP_SRCDIR/images/snake.png'
a639171f5a3ab8207dbb5450edb8b0a000e1f1c0,macOS-26.5.1-arm64-arm-64bit,images/snake.png,1920,1080,high15,high color (15bpp),#D55E00,5,16,1,0.035523,0.089859,0.054336,286,286,'$BUILD_DIR/converters/img2sixel' --threads=5 --precision=8bit --quality=high '--loaders=builtin!' --diffusion=none --gpu-policy=off --palette-type=rgb -w 1920 -h 1080 --encode-policy fast -I -o /dev/null -J '{timeline}' '$TOP_SRCDIR/images/snake.png'
a639171f5a3ab8207dbb5450edb8b0a000e1f1c0,macOS-26.5.1-arm64-arm-64bit,images/snake.png,1920,1080,high15,high color (15bpp),#D55E00,4,16,2,0.038258,0.093022,0.054764,286,286,'$BUILD_DIR/converters/img2sixel' --threads=4 --precision=8bit --quality=high '--loaders=builtin!' --diffusion=none --gpu-policy=off --palette-type=rgb -w 1920 -h 1080 --encode-policy fast -I -o /dev/null -J '{timeline}' '$TOP_SRCDIR/images/snake.png'
a639171f5a3ab8207dbb5450edb8b0a000e1f1c0,macOS-26.5.1-arm64-arm-64bit,images/snake.png,1920,1080,high15,high color (15bpp),#D55E00,3,16,3,0.036765,0.092204,0.055439,286,286,'$BUILD_DIR/converters/img2sixel' --threads=3 --precision=8bit --quality=high '--loaders=builtin!' --diffusion=none --gpu-policy=off --palette-type=rgb -w 1920 -h 1080 --encode-policy fast -I -o /dev/null -J '{timeline}' '$TOP_SRCDIR/images/snake.png'
a639171f5a3ab8207dbb5450edb8b0a000e1f1c0,macOS-26.5.1-arm64-arm-64bit,images/snake.png,1920,1080,high15,high color (15bpp),#D55E00,2,16,4,0.037864,0.094349,0.056485,286,286,'$BUILD_DIR/converters/img2sixel' --threads=2 --precision=8bit --quality=high '--loaders=builtin!' --diffusion=none --gpu-policy=off --palette-type=rgb -w 1920 -h 1080 --encode-policy fast -I -o /dev/null -J '{timeline}' '$TOP_SRCDIR/images/snake.png'
a639171f5a3ab8207dbb5450edb8b0a000e1f1c0,macOS-26.5.1-arm64-arm-64bit,images/snake.png,1920,1080,fixed256,fixed 256-color,#0072B2,12,16,5,0.037511,0.058967,0.021456,180,180,'$BUILD_DIR/converters/img2sixel' --threads=12 --precision=8bit --quality=high '--loaders=builtin!' --diffusion=none --gpu-policy=off --palette-type=rgb -w 1920 -h 1080 --encode-policy fast -p 256 -o /dev/null -J '{timeline}' '$TOP_SRCDIR/images/snake.png'
a639171f5a3ab8207dbb5450edb8b0a000e1f1c0,macOS-26.5.1-arm64-arm-64bit,images/snake.png,1920,1080,fixed256,fixed 256-color,#0072B2,11,16,6,0.039376,0.058717,0.019341,180,180,'$BUILD_DIR/converters/img2sixel' --threads=11 --precision=8bit --quality=high '--loaders=builtin!' --diffusion=none --gpu-policy=off --palette-type=rgb -w 1920 -h 1080 --encode-policy fast -p 256 -o /dev/null -J '{timeline}' '$TOP_SRCDIR/images/snake.png'
a639171f5a3ab8207dbb5450edb8b0a000e1f1c0,macOS-26.5.1-arm64-arm-64bit,images/snake.png,1920,1080,fixed256,fixed 256-color,#0072B2,10,16,7,0.039072,0.060749,0.021677,180,180,'$BUILD_DIR/converters/img2sixel' --threads=10 --precision=8bit --quality=high '--loaders=builtin!' --diffusion=none --gpu-policy=off --palette-type=rgb -w 1920 -h 1080 --encode-policy fast -p 256 -o /dev/null -J '{timeline}' '$TOP_SRCDIR/images/snake.png'
a639171f5a3ab8207dbb5450edb8b0a000e1f1c0,macOS-26.5.1-arm64-arm-64bit,images/snake.png,1920,1080,fixed256,fixed 256-color,#0072B2,9,16,8,0.037833,0.059276,0.021443,180,180,'$BUILD_DIR/converters/img2sixel' --threads=9 --precision=8bit --quality=high '--loaders=builtin!' --diffusion=none --gpu-policy=off --palette-type=rgb -w 1920 -h 1080 --encode-policy fast -p 256 -o /dev/null -J '{timeline}' '$TOP_SRCDIR/images/snake.png'
a639171f5a3ab8207dbb5450edb8b0a000e1f1c0,macOS-26.5.1-arm64-arm-64bit,images/snake.png,1920,1080,fixed256,fixed 256-color,#0072B2,8,16,9,0.037438,0.058907,0.021469,180,180,'$BUILD_DIR/converters/img2sixel' --threads=8 --precision=8bit --quality=high '--loaders=builtin!' --diffusion=none --gpu-policy=off --palette-type=rgb -w 1920 -h 1080 --encode-policy fast -p 256 -o /dev/null -J '{timeline}' '$TOP_SRCDIR/images/snake.png'
a639171f5a3ab8207dbb5450edb8b0a000e1f1c0,macOS-26.5.1-arm64-arm-64bit,images/snake.png,1920,1080,fixed256,fixed 256-color,#0072B2,7,16,10,0.036685,0.060225,0.02354,180,180,'$BUILD_DIR/converters/img2sixel' --threads=7 --precision=8bit --quality=high '--loaders=builtin!' --diffusion=none --gpu-policy=off --palette-type=rgb -w 1920 -h 1080 --encode-policy fast -p 256 -o /dev/null -J '{timeline}' '$TOP_SRCDIR/images/snake.png'
a639171f5a3ab8207dbb5450edb8b0a000e1f1c0,macOS-26.5.1-arm64-arm-64bit,images/snake.png,1920,1080,fixed256,fixed 256-color,#0072B2,6,16,11,0.036812,0.064182,0.02737,180,180,'$BUILD_DIR/converters/img2sixel' --threads=6 --precision=8bit --quality=high '--loaders=builtin!' --diffusion=none --gpu-policy=off --palette-type=rgb -w 1920 -h 1080 --encode-policy fast -p 256 -o /dev/null -J '{timeline}' '$TOP_SRCDIR/images/snake.png'
a639171f5a3ab8207dbb5450edb8b0a000e1f1c0,macOS-26.5.1-arm64-arm-64bit,images/snake.png,1920,1080,fixed256,fixed 256-color,#0072B2,5,16,12,0.036411,0.063229,0.026818,180,180,'$BUILD_DIR/converters/img2sixel' --threads=5 --precision=8bit --quality=high '--loaders=builtin!' --diffusion=none --gpu-policy=off --palette-type=rgb -w 1920 -h 1080 --encode-policy fast -p 256 -o /dev/null -J '{timeline}' '$TOP_SRCDIR/images/snake.png'
a639171f5a3ab8207dbb5450edb8b0a000e1f1c0,macOS-26.5.1-arm64-arm-64bit,images/snake.png,1920,1080,fixed256,fixed 256-color,#0072B2,4,16,13,0.036857,0.07245,0.035593,180,180,'$BUILD_DIR/converters/img2sixel' --threads=4 --precision=8bit --quality=high '--loaders=builtin!' --diffusion=none --gpu-policy=off --palette-type=rgb -w 1920 -h 1080 --encode-policy fast -p 256 -o /dev/null -J '{timeline}' '$TOP_SRCDIR/images/snake.png'
a639171f5a3ab8207dbb5450edb8b0a000e1f1c0,macOS-26.5.1-arm64-arm-64bit,images/snake.png,1920,1080,fixed256,fixed 256-color,#0072B2,3,16,14,0.046062,0.094775,0.048713,180,180,'$BUILD_DIR/converters/img2sixel' --threads=3 --precision=8bit --quality=high '--loaders=builtin!' --diffusion=none --gpu-policy=off --palette-type=rgb -w 1920 -h 1080 --encode-policy fast -p 256 -o /dev/null -J '{timeline}' '$TOP_SRCDIR/images/snake.png'
a639171f5a3ab8207dbb5450edb8b0a000e1f1c0,macOS-26.5.1-arm64-arm-64bit,images/snake.png,1920,1080,fixed256,fixed 256-color,#0072B2,2,16,15,0.092122,0.10579,0.013668,180,180,'$BUILD_DIR/converters/img2sixel' --threads=2 --precision=8bit --quality=high '--loaders=builtin!' --diffusion=none --gpu-policy=off --palette-type=rgb -w 1920 -h 1080 --encode-policy fast -p 256 -o /dev/null -J '{timeline}' '$TOP_SRCDIR/images/snake.png'
a639171f5a3ab8207dbb5450edb8b0a000e1f1c0,macOS-26.5.1-arm64-arm-64bit,images/snake.png,1920,1080,high15,high color (15bpp),#D55E00,12,16,16,0.035472,0.089357,0.053885,286,286,'$BUILD_DIR/converters/img2sixel' --threads=12 --precision=8bit --quality=high '--loaders=builtin!' --diffusion=none --gpu-policy=off --palette-type=rgb -w 1920 -h 1080 --encode-policy fast -I -o /dev/null -J '{timeline}' '$TOP_SRCDIR/images/snake.png'
a639171f5a3ab8207dbb5450edb8b0a000e1f1c0,macOS-26.5.1-arm64-arm-64bit,images/snake.png,1920,1080,high15,high color (15bpp),#D55E00,11,16,17,0.035577,0.094461,0.058884,286,286,'$BUILD_DIR/converters/img2sixel' --threads=11 --precision=8bit --quality=high '--loaders=builtin!' --diffusion=none --gpu-policy=off --palette-type=rgb -w 1920 -h 1080 --encode-policy fast -I -o /dev/null -J '{timeline}' '$TOP_SRCDIR/images/snake.png'
a639171f5a3ab8207dbb5450edb8b0a000e1f1c0,macOS-26.5.1-arm64-arm-64bit,images/snake.png,1920,1080,high15,high color (15bpp),#D55E00,10,16,18,0.034726,0.088863,0.054137,286,286,'$BUILD_DIR/converters/img2sixel' --threads=10 --precision=8bit --quality=high '--loaders=builtin!' --diffusion=none --gpu-policy=off --palette-type=rgb -w 1920 -h 1080 --encode-policy fast -I -o /dev/null -J '{timeline}' '$TOP_SRCDIR/images/snake.png'
a639171f5a3ab8207dbb5450edb8b0a000e1f1c0,macOS-26.5.1-arm64-arm-64bit,images/snake.png,1920,1080,high15,high color (15bpp),#D55E00,9,16,19,0.035264,0.088347,0.053083,286,286,'$BUILD_DIR/converters/img2sixel' --threads=9 --precision=8bit --quality=high '--loaders=builtin!' --diffusion=none --gpu-policy=off --palette-type=rgb -w 1920 -h 1080 --encode-policy fast -I -o /dev/null -J '{timeline}' '$TOP_SRCDIR/images/snake.png'
a639171f5a3ab8207dbb5450edb8b0a000e1f1c0,macOS-26.5.1-arm64-arm-64bit,images/snake.png,1920,1080,high15,high color (15bpp),#D55E00,8,16,20,0.034724,0.08996,0.055236,286,286,'$BUILD_DIR/converters/img2sixel' --threads=8 --precision=8bit --quality=high '--loaders=builtin!' --diffusion=none --gpu-policy=off --palette-type=rgb -w 1920 -h 1080 --encode-policy fast -I -o /dev/null -J '{timeline}' '$TOP_SRCDIR/images/snake.png'
a639171f5a3ab8207dbb5450edb8b0a000e1f1c0,macOS-26.5.1-arm64-arm-64bit,images/snake.png,1920,1080,high15,high color (15bpp),#D55E00,7,16,21,0.035845,0.090798,0.054953,286,286,'$BUILD_DIR/converters/img2sixel' --threads=7 --precision=8bit --quality=high '--loaders=builtin!' --diffusion=none --gpu-policy=off --palette-type=rgb -w 1920 -h 1080 --encode-policy fast -I -o /dev/null -J '{timeline}' '$TOP_SRCDIR/images/snake.png'
a639171f5a3ab8207dbb5450edb8b0a000e1f1c0,macOS-26.5.1-arm64-arm-64bit,images/snake.png,1920,1080,high15,high color (15bpp),#D55E00,6,16,22,0.036492,0.089599,0.053107,286,286,'$BUILD_DIR/converters/img2sixel' --threads=6 --precision=8bit --quality=high '--loaders=builtin!' --diffusion=none --gpu-policy=off --palette-type=rgb -w 1920 -h 1080 --encode-policy fast -I -o /dev/null -J '{timeline}' '$TOP_SRCDIR/images/snake.png'
a639171f5a3ab8207dbb5450edb8b0a000e1f1c0,macOS-26.5.1-arm64-arm-64bit,images/snake.png,1920,1080,high15,high color (15bpp),#D55E00,7,17,1,0.03658,0.090681,0.054101,286,286,'$BUILD_DIR/converters/img2sixel' --threads=7 --precision=8bit --quality=high '--loaders=builtin!' --diffusion=none --gpu-policy=off --palette-type=rgb -w 1920 -h 1080 --encode-policy fast -I -o /dev/null -J '{timeline}' '$TOP_SRCDIR/images/snake.png'
a639171f5a3ab8207dbb5450edb8b0a000e1f1c0,macOS-26.5.1-arm64-arm-64bit,images/snake.png,1920,1080,high15,high color (15bpp),#D55E00,8,17,2,0.035104,0.087782,0.052678,286,286,'$BUILD_DIR/converters/img2sixel' --threads=8 --precision=8bit --quality=high '--loaders=builtin!' --diffusion=none --gpu-policy=off --palette-type=rgb -w 1920 -h 1080 --encode-policy fast -I -o /dev/null -J '{timeline}' '$TOP_SRCDIR/images/snake.png'
a639171f5a3ab8207dbb5450edb8b0a000e1f1c0,macOS-26.5.1-arm64-arm-64bit,images/snake.png,1920,1080,high15,high color (15bpp),#D55E00,9,17,3,0.035874,0.088943,0.053069,286,286,'$BUILD_DIR/converters/img2sixel' --threads=9 --precision=8bit --quality=high '--loaders=builtin!' --diffusion=none --gpu-policy=off --palette-type=rgb -w 1920 -h 1080 --encode-policy fast -I -o /dev/null -J '{timeline}' '$TOP_SRCDIR/images/snake.png'
a639171f5a3ab8207dbb5450edb8b0a000e1f1c0,macOS-26.5.1-arm64-arm-64bit,images/snake.png,1920,1080,high15,high color (15bpp),#D55E00,10,17,4,0.036573,0.094009,0.057436,286,286,'$BUILD_DIR/converters/img2sixel' --threads=10 --precision=8bit --quality=high '--loaders=builtin!' --diffusion=none --gpu-policy=off --palette-type=rgb -w 1920 -h 1080 --encode-policy fast -I -o /dev/null -J '{timeline}' '$TOP_SRCDIR/images/snake.png'
a639171f5a3ab8207dbb5450edb8b0a000e1f1c0,macOS-26.5.1-arm64-arm-64bit,images/snake.png,1920,1080,high15,high color (15bpp),#D55E00,11,17,5,0.039033,0.09654,0.057507,286,286,'$BUILD_DIR/converters/img2sixel' --threads=11 --precision=8bit --quality=high '--loaders=builtin!' --diffusion=none --gpu-policy=off --palette-type=rgb -w 1920 -h 1080 --encode-policy fast -I -o /dev/null -J '{timeline}' '$TOP_SRCDIR/images/snake.png'
a639171f5a3ab8207dbb5450edb8b0a000e1f1c0,macOS-26.5.1-arm64-arm-64bit,images/snake.png,1920,1080,high15,high color (15bpp),#D55E00,12,17,6,0.039113,0.098264,0.059151,286,286,'$BUILD_DIR/converters/img2sixel' --threads=12 --precision=8bit --quality=high '--loaders=builtin!' --diffusion=none --gpu-policy=off --palette-type=rgb -w 1920 -h 1080 --encode-policy fast -I -o /dev/null -J '{timeline}' '$TOP_SRCDIR/images/snake.png'
a639171f5a3ab8207dbb5450edb8b0a000e1f1c0,macOS-26.5.1-arm64-arm-64bit,images/snake.png,1920,1080,fixed256,fixed 256-color,#0072B2,2,17,7,0.100369,0.114853,0.014484,180,180,'$BUILD_DIR/converters/img2sixel' --threads=2 --precision=8bit --quality=high '--loaders=builtin!' --diffusion=none --gpu-policy=off --palette-type=rgb -w 1920 -h 1080 --encode-policy fast -p 256 -o /dev/null -J '{timeline}' '$TOP_SRCDIR/images/snake.png'
a639171f5a3ab8207dbb5450edb8b0a000e1f1c0,macOS-26.5.1-arm64-arm-64bit,images/snake.png,1920,1080,fixed256,fixed 256-color,#0072B2,3,17,8,0.049739,0.102265,0.052526,180,180,'$BUILD_DIR/converters/img2sixel' --threads=3 --precision=8bit --quality=high '--loaders=builtin!' --diffusion=none --gpu-policy=off --palette-type=rgb -w 1920 -h 1080 --encode-policy fast -p 256 -o /dev/null -J '{timeline}' '$TOP_SRCDIR/images/snake.png'
a639171f5a3ab8207dbb5450edb8b0a000e1f1c0,macOS-26.5.1-arm64-arm-64bit,images/snake.png,1920,1080,fixed256,fixed 256-color,#0072B2,4,17,9,0.04078,0.080626,0.039846,180,180,'$BUILD_DIR/converters/img2sixel' --threads=4 --precision=8bit --quality=high '--loaders=builtin!' --diffusion=none --gpu-policy=off --palette-type=rgb -w 1920 -h 1080 --encode-policy fast -p 256 -o /dev/null -J '{timeline}' '$TOP_SRCDIR/images/snake.png'
a639171f5a3ab8207dbb5450edb8b0a000e1f1c0,macOS-26.5.1-arm64-arm-64bit,images/snake.png,1920,1080,fixed256,fixed 256-color,#0072B2,5,17,10,0.039014,0.068266,0.029252,180,180,'$BUILD_DIR/converters/img2sixel' --threads=5 --precision=8bit --quality=high '--loaders=builtin!' --diffusion=none --gpu-policy=off --palette-type=rgb -w 1920 -h 1080 --encode-policy fast -p 256 -o /dev/null -J '{timeline}' '$TOP_SRCDIR/images/snake.png'
a639171f5a3ab8207dbb5450edb8b0a000e1f1c0,macOS-26.5.1-arm64-arm-64bit,images/snake.png,1920,1080,fixed256,fixed 256-color,#0072B2,6,17,11,0.039248,0.068249,0.029001,180,180,'$BUILD_DIR/converters/img2sixel' --threads=6 --precision=8bit --quality=high '--loaders=builtin!' --diffusion=none --gpu-policy=off --palette-type=rgb -w 1920 -h 1080 --encode-policy fast -p 256 -o /dev/null -J '{timeline}' '$TOP_SRCDIR/images/snake.png'
a639171f5a3ab8207dbb5450edb8b0a000e1f1c0,macOS-26.5.1-arm64-arm-64bit,images/snake.png,1920,1080,fixed256,fixed 256-color,#0072B2,7,17,12,0.037933,0.063235,0.025302,180,180,'$BUILD_DIR/converters/img2sixel' --threads=7 --precision=8bit --quality=high '--loaders=builtin!' --diffusion=none --gpu-policy=off --palette-type=rgb -w 1920 -h 1080 --encode-policy fast -p 256 -o /dev/null -J '{timeline}' '$TOP_SRCDIR/images/snake.png'
a639171f5a3ab8207dbb5450edb8b0a000e1f1c0,macOS-26.5.1-arm64-arm-64bit,images/snake.png,1920,1080,fixed256,fixed 256-color,#0072B2,8,17,13,0.038,0.059807,0.021807,180,180,'$BUILD_DIR/converters/img2sixel' --threads=8 --precision=8bit --quality=high '--loaders=builtin!' --diffusion=none --gpu-policy=off --palette-type=rgb -w 1920 -h 1080 --encode-policy fast -p 256 -o /dev/null -J '{timeline}' '$TOP_SRCDIR/images/snake.png'
a639171f5a3ab8207dbb5450edb8b0a000e1f1c0,macOS-26.5.1-arm64-arm-64bit,images/snake.png,1920,1080,fixed256,fixed 256-color,#0072B2,9,17,14,0.037429,0.05818,0.020751,180,180,'$BUILD_DIR/converters/img2sixel' --threads=9 --precision=8bit --quality=high '--loaders=builtin!' --diffusion=none --gpu-policy=off --palette-type=rgb -w 1920 -h 1080 --encode-policy fast -p 256 -o /dev/null -J '{timeline}' '$TOP_SRCDIR/images/snake.png'
a639171f5a3ab8207dbb5450edb8b0a000e1f1c0,macOS-26.5.1-arm64-arm-64bit,images/snake.png,1920,1080,fixed256,fixed 256-color,#0072B2,10,17,15,0.039019,0.058976,0.019957,180,180,'$BUILD_DIR/converters/img2sixel' --threads=10 --precision=8bit --quality=high '--loaders=builtin!' --diffusion=none --gpu-policy=off --palette-type=rgb -w 1920 -h 1080 --encode-policy fast -p 256 -o /dev/null -J '{timeline}' '$TOP_SRCDIR/images/snake.png'
a639171f5a3ab8207dbb5450edb8b0a000e1f1c0,macOS-26.5.1-arm64-arm-64bit,images/snake.png,1920,1080,fixed256,fixed 256-color,#0072B2,11,17,16,0.037425,0.055673,0.018248,180,180,'$BUILD_DIR/converters/img2sixel' --threads=11 --precision=8bit --quality=high '--loaders=builtin!' --diffusion=none --gpu-policy=off --palette-type=rgb -w 1920 -h 1080 --encode-policy fast -p 256 -o /dev/null -J '{timeline}' '$TOP_SRCDIR/images/snake.png'
a639171f5a3ab8207dbb5450edb8b0a000e1f1c0,macOS-26.5.1-arm64-arm-64bit,images/snake.png,1920,1080,fixed256,fixed 256-color,#0072B2,12,17,17,0.03765,0.056612,0.018962,180,180,'$BUILD_DIR/converters/img2sixel' --threads=12 --precision=8bit --quality=high '--loaders=builtin!' --diffusion=none --gpu-policy=off --palette-type=rgb -w 1920 -h 1080 --encode-policy fast -p 256 -o /dev/null -J '{timeline}' '$TOP_SRCDIR/images/snake.png'
a639171f5a3ab8207dbb5450edb8b0a000e1f1c0,macOS-26.5.1-arm64-arm-64bit,images/snake.png,1920,1080,high15,high color (15bpp),#D55E00,2,17,18,0.040697,0.101601,0.060904,286,286,'$BUILD_DIR/converters/img2sixel' --threads=2 --precision=8bit --quality=high '--loaders=builtin!' --diffusion=none --gpu-policy=off --palette-type=rgb -w 1920 -h 1080 --encode-policy fast -I -o /dev/null -J '{timeline}' '$TOP_SRCDIR/images/snake.png'
a639171f5a3ab8207dbb5450edb8b0a000e1f1c0,macOS-26.5.1-arm64-arm-64bit,images/snake.png,1920,1080,high15,high color (15bpp),#D55E00,3,17,19,0.039105,0.099012,0.059907,286,286,'$BUILD_DIR/converters/img2sixel' --threads=3 --precision=8bit --quality=high '--loaders=builtin!' --diffusion=none --gpu-policy=off --palette-type=rgb -w 1920 -h 1080 --encode-policy fast -I -o /dev/null -J '{timeline}' '$TOP_SRCDIR/images/snake.png'
a639171f5a3ab8207dbb5450edb8b0a000e1f1c0,macOS-26.5.1-arm64-arm-64bit,images/snake.png,1920,1080,high15,high color (15bpp),#D55E00,4,17,20,0.039709,0.098945,0.059236,286,286,'$BUILD_DIR/converters/img2sixel' --threads=4 --precision=8bit --quality=high '--loaders=builtin!' --diffusion=none --gpu-policy=off --palette-type=rgb -w 1920 -h 1080 --encode-policy fast -I -o /dev/null -J '{timeline}' '$TOP_SRCDIR/images/snake.png'
a639171f5a3ab8207dbb5450edb8b0a000e1f1c0,macOS-26.5.1-arm64-arm-64bit,images/snake.png,1920,1080,high15,high color (15bpp),#D55E00,5,17,21,0.039205,0.09862,0.059415,286,286,'$BUILD_DIR/converters/img2sixel' --threads=5 --precision=8bit --quality=high '--loaders=builtin!' --diffusion=none --gpu-policy=off --palette-type=rgb -w 1920 -h 1080 --encode-policy fast -I -o /dev/null -J '{timeline}' '$TOP_SRCDIR/images/snake.png'
a639171f5a3ab8207dbb5450edb8b0a000e1f1c0,macOS-26.5.1-arm64-arm-64bit,images/snake.png,1920,1080,high15,high color (15bpp),#D55E00,6,17,22,0.037929,0.096795,0.058866,286,286,'$BUILD_DIR/converters/img2sixel' --threads=6 --precision=8bit --quality=high '--loaders=builtin!' --diffusion=none --gpu-policy=off --palette-type=rgb -w 1920 -h 1080 --encode-policy fast -I -o /dev/null -J '{timeline}' '$TOP_SRCDIR/images/snake.png'
a639171f5a3ab8207dbb5450edb8b0a000e1f1c0,macOS-26.5.1-arm64-arm-64bit,images/snake.png,1920,1080,high15,high color (15bpp),#D55E00,7,18,1,0.037844,0.096515,0.058671,286,286,'$BUILD_DIR/converters/img2sixel' --threads=7 --precision=8bit --quality=high '--loaders=builtin!' --diffusion=none --gpu-policy=off --palette-type=rgb -w 1920 -h 1080 --encode-policy fast -I -o /dev/null -J '{timeline}' '$TOP_SRCDIR/images/snake.png'
a639171f5a3ab8207dbb5450edb8b0a000e1f1c0,macOS-26.5.1-arm64-arm-64bit,images/snake.png,1920,1080,high15,high color (15bpp),#D55E00,6,18,2,0.039449,0.09897,0.059521,286,286,'$BUILD_DIR/converters/img2sixel' --threads=6 --precision=8bit --quality=high '--loaders=builtin!' --diffusion=none --gpu-policy=off --palette-type=rgb -w 1920 -h 1080 --encode-policy fast -I -o /dev/null -J '{timeline}' '$TOP_SRCDIR/images/snake.png'
a639171f5a3ab8207dbb5450edb8b0a000e1f1c0,macOS-26.5.1-arm64-arm-64bit,images/snake.png,1920,1080,high15,high color (15bpp),#D55E00,5,18,3,0.038563,0.097831,0.059268,286,286,'$BUILD_DIR/converters/img2sixel' --threads=5 --precision=8bit --quality=high '--loaders=builtin!' --diffusion=none --gpu-policy=off --palette-type=rgb -w 1920 -h 1080 --encode-policy fast -I -o /dev/null -J '{timeline}' '$TOP_SRCDIR/images/snake.png'
a639171f5a3ab8207dbb5450edb8b0a000e1f1c0,macOS-26.5.1-arm64-arm-64bit,images/snake.png,1920,1080,high15,high color (15bpp),#D55E00,4,18,4,0.039891,0.099193,0.059302,286,286,'$BUILD_DIR/converters/img2sixel' --threads=4 --precision=8bit --quality=high '--loaders=builtin!' --diffusion=none --gpu-policy=off --palette-type=rgb -w 1920 -h 1080 --encode-policy fast -I -o /dev/null -J '{timeline}' '$TOP_SRCDIR/images/snake.png'
a639171f5a3ab8207dbb5450edb8b0a000e1f1c0,macOS-26.5.1-arm64-arm-64bit,images/snake.png,1920,1080,high15,high color (15bpp),#D55E00,3,18,5,0.038748,0.098307,0.059559,286,286,'$BUILD_DIR/converters/img2sixel' --threads=3 --precision=8bit --quality=high '--loaders=builtin!' --diffusion=none --gpu-policy=off --palette-type=rgb -w 1920 -h 1080 --encode-policy fast -I -o /dev/null -J '{timeline}' '$TOP_SRCDIR/images/snake.png'
a639171f5a3ab8207dbb5450edb8b0a000e1f1c0,macOS-26.5.1-arm64-arm-64bit,images/snake.png,1920,1080,high15,high color (15bpp),#D55E00,2,18,6,0.040666,0.101654,0.060988,286,286,'$BUILD_DIR/converters/img2sixel' --threads=2 --precision=8bit --quality=high '--loaders=builtin!' --diffusion=none --gpu-policy=off --palette-type=rgb -w 1920 -h 1080 --encode-policy fast -I -o /dev/null -J '{timeline}' '$TOP_SRCDIR/images/snake.png'
a639171f5a3ab8207dbb5450edb8b0a000e1f1c0,macOS-26.5.1-arm64-arm-64bit,images/snake.png,1920,1080,fixed256,fixed 256-color,#0072B2,12,18,7,0.038305,0.055722,0.017417,180,180,'$BUILD_DIR/converters/img2sixel' --threads=12 --precision=8bit --quality=high '--loaders=builtin!' --diffusion=none --gpu-policy=off --palette-type=rgb -w 1920 -h 1080 --encode-policy fast -p 256 -o /dev/null -J '{timeline}' '$TOP_SRCDIR/images/snake.png'
a639171f5a3ab8207dbb5450edb8b0a000e1f1c0,macOS-26.5.1-arm64-arm-64bit,images/snake.png,1920,1080,fixed256,fixed 256-color,#0072B2,11,18,8,0.039235,0.057382,0.018147,180,180,'$BUILD_DIR/converters/img2sixel' --threads=11 --precision=8bit --quality=high '--loaders=builtin!' --diffusion=none --gpu-policy=off --palette-type=rgb -w 1920 -h 1080 --encode-policy fast -p 256 -o /dev/null -J '{timeline}' '$TOP_SRCDIR/images/snake.png'
a639171f5a3ab8207dbb5450edb8b0a000e1f1c0,macOS-26.5.1-arm64-arm-64bit,images/snake.png,1920,1080,fixed256,fixed 256-color,#0072B2,10,18,9,0.038969,0.059135,0.020166,180,180,'$BUILD_DIR/converters/img2sixel' --threads=10 --precision=8bit --quality=high '--loaders=builtin!' --diffusion=none --gpu-policy=off --palette-type=rgb -w 1920 -h 1080 --encode-policy fast -p 256 -o /dev/null -J '{timeline}' '$TOP_SRCDIR/images/snake.png'
a639171f5a3ab8207dbb5450edb8b0a000e1f1c0,macOS-26.5.1-arm64-arm-64bit,images/snake.png,1920,1080,fixed256,fixed 256-color,#0072B2,9,18,10,0.039362,0.059681,0.020319,180,180,'$BUILD_DIR/converters/img2sixel' --threads=9 --precision=8bit --quality=high '--loaders=builtin!' --diffusion=none --gpu-policy=off --palette-type=rgb -w 1920 -h 1080 --encode-policy fast -p 256 -o /dev/null -J '{timeline}' '$TOP_SRCDIR/images/snake.png'
a639171f5a3ab8207dbb5450edb8b0a000e1f1c0,macOS-26.5.1-arm64-arm-64bit,images/snake.png,1920,1080,fixed256,fixed 256-color,#0072B2,8,18,11,0.039247,0.062194,0.022947,180,180,'$BUILD_DIR/converters/img2sixel' --threads=8 --precision=8bit --quality=high '--loaders=builtin!' --diffusion=none --gpu-policy=off --palette-type=rgb -w 1920 -h 1080 --encode-policy fast -p 256 -o /dev/null -J '{timeline}' '$TOP_SRCDIR/images/snake.png'
a639171f5a3ab8207dbb5450edb8b0a000e1f1c0,macOS-26.5.1-arm64-arm-64bit,images/snake.png,1920,1080,fixed256,fixed 256-color,#0072B2,7,18,12,0.038669,0.063615,0.024946,180,180,'$BUILD_DIR/converters/img2sixel' --threads=7 --precision=8bit --quality=high '--loaders=builtin!' --diffusion=none --gpu-policy=off --palette-type=rgb -w 1920 -h 1080 --encode-policy fast -p 256 -o /dev/null -J '{timeline}' '$TOP_SRCDIR/images/snake.png'
a639171f5a3ab8207dbb5450edb8b0a000e1f1c0,macOS-26.5.1-arm64-arm-64bit,images/snake.png,1920,1080,fixed256,fixed 256-color,#0072B2,6,18,13,0.037991,0.067103,0.029112,180,180,'$BUILD_DIR/converters/img2sixel' --threads=6 --precision=8bit --quality=high '--loaders=builtin!' --diffusion=none --gpu-policy=off --palette-type=rgb -w 1920 -h 1080 --encode-policy fast -p 256 -o /dev/null -J '{timeline}' '$TOP_SRCDIR/images/snake.png'
a639171f5a3ab8207dbb5450edb8b0a000e1f1c0,macOS-26.5.1-arm64-arm-64bit,images/snake.png,1920,1080,fixed256,fixed 256-color,#0072B2,5,18,14,0.039729,0.068893,0.029164,180,180,'$BUILD_DIR/converters/img2sixel' --threads=5 --precision=8bit --quality=high '--loaders=builtin!' --diffusion=none --gpu-policy=off --palette-type=rgb -w 1920 -h 1080 --encode-policy fast -p 256 -o /dev/null -J '{timeline}' '$TOP_SRCDIR/images/snake.png'
a639171f5a3ab8207dbb5450edb8b0a000e1f1c0,macOS-26.5.1-arm64-arm-64bit,images/snake.png,1920,1080,fixed256,fixed 256-color,#0072B2,4,18,15,0.038099,0.079448,0.041349,180,180,'$BUILD_DIR/converters/img2sixel' --threads=4 --precision=8bit --quality=high '--loaders=builtin!' --diffusion=none --gpu-policy=off --palette-type=rgb -w 1920 -h 1080 --encode-policy fast -p 256 -o /dev/null -J '{timeline}' '$TOP_SRCDIR/images/snake.png'
a639171f5a3ab8207dbb5450edb8b0a000e1f1c0,macOS-26.5.1-arm64-arm-64bit,images/snake.png,1920,1080,fixed256,fixed 256-color,#0072B2,3,18,16,0.048944,0.102808,0.053864,180,180,'$BUILD_DIR/converters/img2sixel' --threads=3 --precision=8bit --quality=high '--loaders=builtin!' --diffusion=none --gpu-policy=off --palette-type=rgb -w 1920 -h 1080 --encode-policy fast -p 256 -o /dev/null -J '{timeline}' '$TOP_SRCDIR/images/snake.png'
a639171f5a3ab8207dbb5450edb8b0a000e1f1c0,macOS-26.5.1-arm64-arm-64bit,images/snake.png,1920,1080,fixed256,fixed 256-color,#0072B2,2,18,17,0.099306,0.113593,0.014287,180,180,'$BUILD_DIR/converters/img2sixel' --threads=2 --precision=8bit --quality=high '--loaders=builtin!' --diffusion=none --gpu-policy=off --palette-type=rgb -w 1920 -h 1080 --encode-policy fast -p 256 -o /dev/null -J '{timeline}' '$TOP_SRCDIR/images/snake.png'
a639171f5a3ab8207dbb5450edb8b0a000e1f1c0,macOS-26.5.1-arm64-arm-64bit,images/snake.png,1920,1080,high15,high color (15bpp),#D55E00,12,18,18,0.037475,0.094875,0.0574,286,286,'$BUILD_DIR/converters/img2sixel' --threads=12 --precision=8bit --quality=high '--loaders=builtin!' --diffusion=none --gpu-policy=off --palette-type=rgb -w 1920 -h 1080 --encode-policy fast -I -o /dev/null -J '{timeline}' '$TOP_SRCDIR/images/snake.png'
a639171f5a3ab8207dbb5450edb8b0a000e1f1c0,macOS-26.5.1-arm64-arm-64bit,images/snake.png,1920,1080,high15,high color (15bpp),#D55E00,11,18,19,0.038437,0.097211,0.058774,286,286,'$BUILD_DIR/converters/img2sixel' --threads=11 --precision=8bit --quality=high '--loaders=builtin!' --diffusion=none --gpu-policy=off --palette-type=rgb -w 1920 -h 1080 --encode-policy fast -I -o /dev/null -J '{timeline}' '$TOP_SRCDIR/images/snake.png'
a639171f5a3ab8207dbb5450edb8b0a000e1f1c0,macOS-26.5.1-arm64-arm-64bit,images/snake.png,1920,1080,high15,high color (15bpp),#D55E00,10,18,20,0.03873,0.096308,0.057578,286,286,'$BUILD_DIR/converters/img2sixel' --threads=10 --precision=8bit --quality=high '--loaders=builtin!' --diffusion=none --gpu-policy=off --palette-type=rgb -w 1920 -h 1080 --encode-policy fast -I -o /dev/null -J '{timeline}' '$TOP_SRCDIR/images/snake.png'
a639171f5a3ab8207dbb5450edb8b0a000e1f1c0,macOS-26.5.1-arm64-arm-64bit,images/snake.png,1920,1080,high15,high color (15bpp),#D55E00,9,18,21,0.038036,0.09633,0.058294,286,286,'$BUILD_DIR/converters/img2sixel' --threads=9 --precision=8bit --quality=high '--loaders=builtin!' --diffusion=none --gpu-policy=off --palette-type=rgb -w 1920 -h 1080 --encode-policy fast -I -o /dev/null -J '{timeline}' '$TOP_SRCDIR/images/snake.png'
a639171f5a3ab8207dbb5450edb8b0a000e1f1c0,macOS-26.5.1-arm64-arm-64bit,images/snake.png,1920,1080,high15,high color (15bpp),#D55E00,8,18,22,0.039543,0.097811,0.058268,286,286,'$BUILD_DIR/converters/img2sixel' --threads=8 --precision=8bit --quality=high '--loaders=builtin!' --diffusion=none --gpu-policy=off --palette-type=rgb -w 1920 -h 1080 --encode-policy fast -I -o /dev/null -J '{timeline}' '$TOP_SRCDIR/images/snake.png'
a639171f5a3ab8207dbb5450edb8b0a000e1f1c0,macOS-26.5.1-arm64-arm-64bit,images/snake.png,1920,1080,high15,high color (15bpp),#D55E00,9,19,1,0.038302,0.097134,0.058832,286,286,'$BUILD_DIR/converters/img2sixel' --threads=9 --precision=8bit --quality=high '--loaders=builtin!' --diffusion=none --gpu-policy=off --palette-type=rgb -w 1920 -h 1080 --encode-policy fast -I -o /dev/null -J '{timeline}' '$TOP_SRCDIR/images/snake.png'
a639171f5a3ab8207dbb5450edb8b0a000e1f1c0,macOS-26.5.1-arm64-arm-64bit,images/snake.png,1920,1080,high15,high color (15bpp),#D55E00,10,19,2,0.039986,0.10105,0.061064,286,286,'$BUILD_DIR/converters/img2sixel' --threads=10 --precision=8bit --quality=high '--loaders=builtin!' --diffusion=none --gpu-policy=off --palette-type=rgb -w 1920 -h 1080 --encode-policy fast -I -o /dev/null -J '{timeline}' '$TOP_SRCDIR/images/snake.png'
a639171f5a3ab8207dbb5450edb8b0a000e1f1c0,macOS-26.5.1-arm64-arm-64bit,images/snake.png,1920,1080,high15,high color (15bpp),#D55E00,11,19,3,0.038287,0.097417,0.05913,286,286,'$BUILD_DIR/converters/img2sixel' --threads=11 --precision=8bit --quality=high '--loaders=builtin!' --diffusion=none --gpu-policy=off --palette-type=rgb -w 1920 -h 1080 --encode-policy fast -I -o /dev/null -J '{timeline}' '$TOP_SRCDIR/images/snake.png'
a639171f5a3ab8207dbb5450edb8b0a000e1f1c0,macOS-26.5.1-arm64-arm-64bit,images/snake.png,1920,1080,high15,high color (15bpp),#D55E00,12,19,4,0.03966,0.097655,0.057995,286,286,'$BUILD_DIR/converters/img2sixel' --threads=12 --precision=8bit --quality=high '--loaders=builtin!' --diffusion=none --gpu-policy=off --palette-type=rgb -w 1920 -h 1080 --encode-policy fast -I -o /dev/null -J '{timeline}' '$TOP_SRCDIR/images/snake.png'
a639171f5a3ab8207dbb5450edb8b0a000e1f1c0,macOS-26.5.1-arm64-arm-64bit,images/snake.png,1920,1080,fixed256,fixed 256-color,#0072B2,2,19,5,0.103177,0.118568,0.015391,180,180,'$BUILD_DIR/converters/img2sixel' --threads=2 --precision=8bit --quality=high '--loaders=builtin!' --diffusion=none --gpu-policy=off --palette-type=rgb -w 1920 -h 1080 --encode-policy fast -p 256 -o /dev/null -J '{timeline}' '$TOP_SRCDIR/images/snake.png'
a639171f5a3ab8207dbb5450edb8b0a000e1f1c0,macOS-26.5.1-arm64-arm-64bit,images/snake.png,1920,1080,fixed256,fixed 256-color,#0072B2,3,19,6,0.048576,0.102592,0.054016,180,180,'$BUILD_DIR/converters/img2sixel' --threads=3 --precision=8bit --quality=high '--loaders=builtin!' --diffusion=none --gpu-policy=off --palette-type=rgb -w 1920 -h 1080 --encode-policy fast -p 256 -o /dev/null -J '{timeline}' '$TOP_SRCDIR/images/snake.png'
a639171f5a3ab8207dbb5450edb8b0a000e1f1c0,macOS-26.5.1-arm64-arm-64bit,images/snake.png,1920,1080,fixed256,fixed 256-color,#0072B2,4,19,7,0.040118,0.079775,0.039657,180,180,'$BUILD_DIR/converters/img2sixel' --threads=4 --precision=8bit --quality=high '--loaders=builtin!' --diffusion=none --gpu-policy=off --palette-type=rgb -w 1920 -h 1080 --encode-policy fast -p 256 -o /dev/null -J '{timeline}' '$TOP_SRCDIR/images/snake.png'
a639171f5a3ab8207dbb5450edb8b0a000e1f1c0,macOS-26.5.1-arm64-arm-64bit,images/snake.png,1920,1080,fixed256,fixed 256-color,#0072B2,5,19,8,0.039408,0.068454,0.029046,180,180,'$BUILD_DIR/converters/img2sixel' --threads=5 --precision=8bit --quality=high '--loaders=builtin!' --diffusion=none --gpu-policy=off --palette-type=rgb -w 1920 -h 1080 --encode-policy fast -p 256 -o /dev/null -J '{timeline}' '$TOP_SRCDIR/images/snake.png'
a639171f5a3ab8207dbb5450edb8b0a000e1f1c0,macOS-26.5.1-arm64-arm-64bit,images/snake.png,1920,1080,fixed256,fixed 256-color,#0072B2,6,19,9,0.04028,0.069966,0.029686,180,180,'$BUILD_DIR/converters/img2sixel' --threads=6 --precision=8bit --quality=high '--loaders=builtin!' --diffusion=none --gpu-policy=off --palette-type=rgb -w 1920 -h 1080 --encode-policy fast -p 256 -o /dev/null -J '{timeline}' '$TOP_SRCDIR/images/snake.png'
a639171f5a3ab8207dbb5450edb8b0a000e1f1c0,macOS-26.5.1-arm64-arm-64bit,images/snake.png,1920,1080,fixed256,fixed 256-color,#0072B2,7,19,10,0.039836,0.064907,0.025071,180,180,'$BUILD_DIR/converters/img2sixel' --threads=7 --precision=8bit --quality=high '--loaders=builtin!' --diffusion=none --gpu-policy=off --palette-type=rgb -w 1920 -h 1080 --encode-policy fast -p 256 -o /dev/null -J '{timeline}' '$TOP_SRCDIR/images/snake.png'
a639171f5a3ab8207dbb5450edb8b0a000e1f1c0,macOS-26.5.1-arm64-arm-64bit,images/snake.png,1920,1080,fixed256,fixed 256-color,#0072B2,8,19,11,0.037991,0.059548,0.021557,180,180,'$BUILD_DIR/converters/img2sixel' --threads=8 --precision=8bit --quality=high '--loaders=builtin!' --diffusion=none --gpu-policy=off --palette-type=rgb -w 1920 -h 1080 --encode-policy fast -p 256 -o /dev/null -J '{timeline}' '$TOP_SRCDIR/images/snake.png'
a639171f5a3ab8207dbb5450edb8b0a000e1f1c0,macOS-26.5.1-arm64-arm-64bit,images/snake.png,1920,1080,fixed256,fixed 256-color,#0072B2,9,19,12,0.037034,0.058106,0.021072,180,180,'$BUILD_DIR/converters/img2sixel' --threads=9 --precision=8bit --quality=high '--loaders=builtin!' --diffusion=none --gpu-policy=off --palette-type=rgb -w 1920 -h 1080 --encode-policy fast -p 256 -o /dev/null -J '{timeline}' '$TOP_SRCDIR/images/snake.png'
a639171f5a3ab8207dbb5450edb8b0a000e1f1c0,macOS-26.5.1-arm64-arm-64bit,images/snake.png,1920,1080,fixed256,fixed 256-color,#0072B2,10,19,13,0.03964,0.060356,0.020716,180,180,'$BUILD_DIR/converters/img2sixel' --threads=10 --precision=8bit --quality=high '--loaders=builtin!' --diffusion=none --gpu-policy=off --palette-type=rgb -w 1920 -h 1080 --encode-policy fast -p 256 -o /dev/null -J '{timeline}' '$TOP_SRCDIR/images/snake.png'
a639171f5a3ab8207dbb5450edb8b0a000e1f1c0,macOS-26.5.1-arm64-arm-64bit,images/snake.png,1920,1080,fixed256,fixed 256-color,#0072B2,11,19,14,0.039528,0.058958,0.01943,180,180,'$BUILD_DIR/converters/img2sixel' --threads=11 --precision=8bit --quality=high '--loaders=builtin!' --diffusion=none --gpu-policy=off --palette-type=rgb -w 1920 -h 1080 --encode-policy fast -p 256 -o /dev/null -J '{timeline}' '$TOP_SRCDIR/images/snake.png'
a639171f5a3ab8207dbb5450edb8b0a000e1f1c0,macOS-26.5.1-arm64-arm-64bit,images/snake.png,1920,1080,fixed256,fixed 256-color,#0072B2,12,19,15,0.039644,0.057623,0.017979,180,180,'$BUILD_DIR/converters/img2sixel' --threads=12 --precision=8bit --quality=high '--loaders=builtin!' --diffusion=none --gpu-policy=off --palette-type=rgb -w 1920 -h 1080 --encode-policy fast -p 256 -o /dev/null -J '{timeline}' '$TOP_SRCDIR/images/snake.png'
a639171f5a3ab8207dbb5450edb8b0a000e1f1c0,macOS-26.5.1-arm64-arm-64bit,images/snake.png,1920,1080,high15,high color (15bpp),#D55E00,2,19,16,0.040394,0.101871,0.061477,286,286,'$BUILD_DIR/converters/img2sixel' --threads=2 --precision=8bit --quality=high '--loaders=builtin!' --diffusion=none --gpu-policy=off --palette-type=rgb -w 1920 -h 1080 --encode-policy fast -I -o /dev/null -J '{timeline}' '$TOP_SRCDIR/images/snake.png'
a639171f5a3ab8207dbb5450edb8b0a000e1f1c0,macOS-26.5.1-arm64-arm-64bit,images/snake.png,1920,1080,high15,high color (15bpp),#D55E00,3,19,17,0.039078,0.099068,0.05999,286,286,'$BUILD_DIR/converters/img2sixel' --threads=3 --precision=8bit --quality=high '--loaders=builtin!' --diffusion=none --gpu-policy=off --palette-type=rgb -w 1920 -h 1080 --encode-policy fast -I -o /dev/null -J '{timeline}' '$TOP_SRCDIR/images/snake.png'
a639171f5a3ab8207dbb5450edb8b0a000e1f1c0,macOS-26.5.1-arm64-arm-64bit,images/snake.png,1920,1080,high15,high color (15bpp),#D55E00,4,19,18,0.039262,0.112216,0.072954,286,286,'$BUILD_DIR/converters/img2sixel' --threads=4 --precision=8bit --quality=high '--loaders=builtin!' --diffusion=none --gpu-policy=off --palette-type=rgb -w 1920 -h 1080 --encode-policy fast -I -o /dev/null -J '{timeline}' '$TOP_SRCDIR/images/snake.png'
a639171f5a3ab8207dbb5450edb8b0a000e1f1c0,macOS-26.5.1-arm64-arm-64bit,images/snake.png,1920,1080,high15,high color (15bpp),#D55E00,5,19,19,0.044118,0.10684,0.062722,286,286,'$BUILD_DIR/converters/img2sixel' --threads=5 --precision=8bit --quality=high '--loaders=builtin!' --diffusion=none --gpu-policy=off --palette-type=rgb -w 1920 -h 1080 --encode-policy fast -I -o /dev/null -J '{timeline}' '$TOP_SRCDIR/images/snake.png'
a639171f5a3ab8207dbb5450edb8b0a000e1f1c0,macOS-26.5.1-arm64-arm-64bit,images/snake.png,1920,1080,high15,high color (15bpp),#D55E00,6,19,20,0.038874,0.096563,0.057689,286,286,'$BUILD_DIR/converters/img2sixel' --threads=6 --precision=8bit --quality=high '--loaders=builtin!' --diffusion=none --gpu-policy=off --palette-type=rgb -w 1920 -h 1080 --encode-policy fast -I -o /dev/null -J '{timeline}' '$TOP_SRCDIR/images/snake.png'
a639171f5a3ab8207dbb5450edb8b0a000e1f1c0,macOS-26.5.1-arm64-arm-64bit,images/snake.png,1920,1080,high15,high color (15bpp),#D55E00,7,19,21,0.036866,0.095073,0.058207,286,286,'$BUILD_DIR/converters/img2sixel' --threads=7 --precision=8bit --quality=high '--loaders=builtin!' --diffusion=none --gpu-policy=off --palette-type=rgb -w 1920 -h 1080 --encode-policy fast -I -o /dev/null -J '{timeline}' '$TOP_SRCDIR/images/snake.png'
a639171f5a3ab8207dbb5450edb8b0a000e1f1c0,macOS-26.5.1-arm64-arm-64bit,images/snake.png,1920,1080,high15,high color (15bpp),#D55E00,8,19,22,0.036639,0.095398,0.058759,286,286,'$BUILD_DIR/converters/img2sixel' --threads=8 --precision=8bit --quality=high '--loaders=builtin!' --diffusion=none --gpu-policy=off --palette-type=rgb -w 1920 -h 1080 --encode-policy fast -I -o /dev/null -J '{timeline}' '$TOP_SRCDIR/images/snake.png'
a639171f5a3ab8207dbb5450edb8b0a000e1f1c0,macOS-26.5.1-arm64-arm-64bit,images/snake.png,1920,1080,high15,high color (15bpp),#D55E00,9,20,1,0.036461,0.095356,0.058895,286,286,'$BUILD_DIR/converters/img2sixel' --threads=9 --precision=8bit --quality=high '--loaders=builtin!' --diffusion=none --gpu-policy=off --palette-type=rgb -w 1920 -h 1080 --encode-policy fast -I -o /dev/null -J '{timeline}' '$TOP_SRCDIR/images/snake.png'
a639171f5a3ab8207dbb5450edb8b0a000e1f1c0,macOS-26.5.1-arm64-arm-64bit,images/snake.png,1920,1080,high15,high color (15bpp),#D55E00,8,20,2,0.039243,0.097849,0.058606,286,286,'$BUILD_DIR/converters/img2sixel' --threads=8 --precision=8bit --quality=high '--loaders=builtin!' --diffusion=none --gpu-policy=off --palette-type=rgb -w 1920 -h 1080 --encode-policy fast -I -o /dev/null -J '{timeline}' '$TOP_SRCDIR/images/snake.png'
a639171f5a3ab8207dbb5450edb8b0a000e1f1c0,macOS-26.5.1-arm64-arm-64bit,images/snake.png,1920,1080,high15,high color (15bpp),#D55E00,7,20,3,0.03769,0.096756,0.059066,286,286,'$BUILD_DIR/converters/img2sixel' --threads=7 --precision=8bit --quality=high '--loaders=builtin!' --diffusion=none --gpu-policy=off --palette-type=rgb -w 1920 -h 1080 --encode-policy fast -I -o /dev/null -J '{timeline}' '$TOP_SRCDIR/images/snake.png'
a639171f5a3ab8207dbb5450edb8b0a000e1f1c0,macOS-26.5.1-arm64-arm-64bit,images/snake.png,1920,1080,high15,high color (15bpp),#D55E00,6,20,4,0.047433,0.10563,0.058197,286,286,'$BUILD_DIR/converters/img2sixel' --threads=6 --precision=8bit --quality=high '--loaders=builtin!' --diffusion=none --gpu-policy=off --palette-type=rgb -w 1920 -h 1080 --encode-policy fast -I -o /dev/null -J '{timeline}' '$TOP_SRCDIR/images/snake.png'
a639171f5a3ab8207dbb5450edb8b0a000e1f1c0,macOS-26.5.1-arm64-arm-64bit,images/snake.png,1920,1080,high15,high color (15bpp),#D55E00,5,20,5,0.03644,0.097933,0.061493,286,286,'$BUILD_DIR/converters/img2sixel' --threads=5 --precision=8bit --quality=high '--loaders=builtin!' --diffusion=none --gpu-policy=off --palette-type=rgb -w 1920 -h 1080 --encode-policy fast -I -o /dev/null -J '{timeline}' '$TOP_SRCDIR/images/snake.png'
a639171f5a3ab8207dbb5450edb8b0a000e1f1c0,macOS-26.5.1-arm64-arm-64bit,images/snake.png,1920,1080,high15,high color (15bpp),#D55E00,4,20,6,0.037271,0.094929,0.057658,286,286,'$BUILD_DIR/converters/img2sixel' --threads=4 --precision=8bit --quality=high '--loaders=builtin!' --diffusion=none --gpu-policy=off --palette-type=rgb -w 1920 -h 1080 --encode-policy fast -I -o /dev/null -J '{timeline}' '$TOP_SRCDIR/images/snake.png'
a639171f5a3ab8207dbb5450edb8b0a000e1f1c0,macOS-26.5.1-arm64-arm-64bit,images/snake.png,1920,1080,high15,high color (15bpp),#D55E00,3,20,7,0.037874,0.094926,0.057052,286,286,'$BUILD_DIR/converters/img2sixel' --threads=3 --precision=8bit --quality=high '--loaders=builtin!' --diffusion=none --gpu-policy=off --palette-type=rgb -w 1920 -h 1080 --encode-policy fast -I -o /dev/null -J '{timeline}' '$TOP_SRCDIR/images/snake.png'
a639171f5a3ab8207dbb5450edb8b0a000e1f1c0,macOS-26.5.1-arm64-arm-64bit,images/snake.png,1920,1080,high15,high color (15bpp),#D55E00,2,20,8,0.039084,0.095901,0.056817,286,286,'$BUILD_DIR/converters/img2sixel' --threads=2 --precision=8bit --quality=high '--loaders=builtin!' --diffusion=none --gpu-policy=off --palette-type=rgb -w 1920 -h 1080 --encode-policy fast -I -o /dev/null -J '{timeline}' '$TOP_SRCDIR/images/snake.png'
a639171f5a3ab8207dbb5450edb8b0a000e1f1c0,macOS-26.5.1-arm64-arm-64bit,images/snake.png,1920,1080,fixed256,fixed 256-color,#0072B2,12,20,9,0.036685,0.053764,0.017079,180,180,'$BUILD_DIR/converters/img2sixel' --threads=12 --precision=8bit --quality=high '--loaders=builtin!' --diffusion=none --gpu-policy=off --palette-type=rgb -w 1920 -h 1080 --encode-policy fast -p 256 -o /dev/null -J '{timeline}' '$TOP_SRCDIR/images/snake.png'
a639171f5a3ab8207dbb5450edb8b0a000e1f1c0,macOS-26.5.1-arm64-arm-64bit,images/snake.png,1920,1080,fixed256,fixed 256-color,#0072B2,11,20,10,0.037452,0.055042,0.01759,180,180,'$BUILD_DIR/converters/img2sixel' --threads=11 --precision=8bit --quality=high '--loaders=builtin!' --diffusion=none --gpu-policy=off --palette-type=rgb -w 1920 -h 1080 --encode-policy fast -p 256 -o /dev/null -J '{timeline}' '$TOP_SRCDIR/images/snake.png'
a639171f5a3ab8207dbb5450edb8b0a000e1f1c0,macOS-26.5.1-arm64-arm-64bit,images/snake.png,1920,1080,fixed256,fixed 256-color,#0072B2,10,20,11,0.036523,0.055859,0.019336,180,180,'$BUILD_DIR/converters/img2sixel' --threads=10 --precision=8bit --quality=high '--loaders=builtin!' --diffusion=none --gpu-policy=off --palette-type=rgb -w 1920 -h 1080 --encode-policy fast -p 256 -o /dev/null -J '{timeline}' '$TOP_SRCDIR/images/snake.png'
a639171f5a3ab8207dbb5450edb8b0a000e1f1c0,macOS-26.5.1-arm64-arm-64bit,images/snake.png,1920,1080,fixed256,fixed 256-color,#0072B2,9,20,12,0.039391,0.059972,0.020581,180,180,'$BUILD_DIR/converters/img2sixel' --threads=9 --precision=8bit --quality=high '--loaders=builtin!' --diffusion=none --gpu-policy=off --palette-type=rgb -w 1920 -h 1080 --encode-policy fast -p 256 -o /dev/null -J '{timeline}' '$TOP_SRCDIR/images/snake.png'
a639171f5a3ab8207dbb5450edb8b0a000e1f1c0,macOS-26.5.1-arm64-arm-64bit,images/snake.png,1920,1080,fixed256,fixed 256-color,#0072B2,8,20,13,0.036481,0.058424,0.021943,180,180,'$BUILD_DIR/converters/img2sixel' --threads=8 --precision=8bit --quality=high '--loaders=builtin!' --diffusion=none --gpu-policy=off --palette-type=rgb -w 1920 -h 1080 --encode-policy fast -p 256 -o /dev/null -J '{timeline}' '$TOP_SRCDIR/images/snake.png'
a639171f5a3ab8207dbb5450edb8b0a000e1f1c0,macOS-26.5.1-arm64-arm-64bit,images/snake.png,1920,1080,fixed256,fixed 256-color,#0072B2,7,20,14,0.035922,0.061079,0.025157,180,180,'$BUILD_DIR/converters/img2sixel' --threads=7 --precision=8bit --quality=high '--loaders=builtin!' --diffusion=none --gpu-policy=off --palette-type=rgb -w 1920 -h 1080 --encode-policy fast -p 256 -o /dev/null -J '{timeline}' '$TOP_SRCDIR/images/snake.png'
a639171f5a3ab8207dbb5450edb8b0a000e1f1c0,macOS-26.5.1-arm64-arm-64bit,images/snake.png,1920,1080,fixed256,fixed 256-color,#0072B2,6,20,15,0.036034,0.063761,0.027727,180,180,'$BUILD_DIR/converters/img2sixel' --threads=6 --precision=8bit --quality=high '--loaders=builtin!' --diffusion=none --gpu-policy=off --palette-type=rgb -w 1920 -h 1080 --encode-policy fast -p 256 -o /dev/null -J '{timeline}' '$TOP_SRCDIR/images/snake.png'
a639171f5a3ab8207dbb5450edb8b0a000e1f1c0,macOS-26.5.1-arm64-arm-64bit,images/snake.png,1920,1080,fixed256,fixed 256-color,#0072B2,5,20,16,0.035947,0.062898,0.026951,180,180,'$BUILD_DIR/converters/img2sixel' --threads=5 --precision=8bit --quality=high '--loaders=builtin!' --diffusion=none --gpu-policy=off --palette-type=rgb -w 1920 -h 1080 --encode-policy fast -p 256 -o /dev/null -J '{timeline}' '$TOP_SRCDIR/images/snake.png'
a639171f5a3ab8207dbb5450edb8b0a000e1f1c0,macOS-26.5.1-arm64-arm-64bit,images/snake.png,1920,1080,fixed256,fixed 256-color,#0072B2,4,20,17,0.037067,0.074357,0.03729,180,180,'$BUILD_DIR/converters/img2sixel' --threads=4 --precision=8bit --quality=high '--loaders=builtin!' --diffusion=none --gpu-policy=off --palette-type=rgb -w 1920 -h 1080 --encode-policy fast -p 256 -o /dev/null -J '{timeline}' '$TOP_SRCDIR/images/snake.png'
a639171f5a3ab8207dbb5450edb8b0a000e1f1c0,macOS-26.5.1-arm64-arm-64bit,images/snake.png,1920,1080,fixed256,fixed 256-color,#0072B2,3,20,18,0.046586,0.098501,0.051915,180,180,'$BUILD_DIR/converters/img2sixel' --threads=3 --precision=8bit --quality=high '--loaders=builtin!' --diffusion=none --gpu-policy=off --palette-type=rgb -w 1920 -h 1080 --encode-policy fast -p 256 -o /dev/null -J '{timeline}' '$TOP_SRCDIR/images/snake.png'
a639171f5a3ab8207dbb5450edb8b0a000e1f1c0,macOS-26.5.1-arm64-arm-64bit,images/snake.png,1920,1080,fixed256,fixed 256-color,#0072B2,2,20,19,0.092205,0.10625,0.014045,180,180,'$BUILD_DIR/converters/img2sixel' --threads=2 --precision=8bit --quality=high '--loaders=builtin!' --diffusion=none --gpu-policy=off --palette-type=rgb -w 1920 -h 1080 --encode-policy fast -p 256 -o /dev/null -J '{timeline}' '$TOP_SRCDIR/images/snake.png'
a639171f5a3ab8207dbb5450edb8b0a000e1f1c0,macOS-26.5.1-arm64-arm-64bit,images/snake.png,1920,1080,high15,high color (15bpp),#D55E00,12,20,20,0.036265,0.090632,0.054367,286,286,'$BUILD_DIR/converters/img2sixel' --threads=12 --precision=8bit --quality=high '--loaders=builtin!' --diffusion=none --gpu-policy=off --palette-type=rgb -w 1920 -h 1080 --encode-policy fast -I -o /dev/null -J '{timeline}' '$TOP_SRCDIR/images/snake.png'
a639171f5a3ab8207dbb5450edb8b0a000e1f1c0,macOS-26.5.1-arm64-arm-64bit,images/snake.png,1920,1080,high15,high color (15bpp),#D55E00,11,20,21,0.035481,0.089699,0.054218,286,286,'$BUILD_DIR/converters/img2sixel' --threads=11 --precision=8bit --quality=high '--loaders=builtin!' --diffusion=none --gpu-policy=off --palette-type=rgb -w 1920 -h 1080 --encode-policy fast -I -o /dev/null -J '{timeline}' '$TOP_SRCDIR/images/snake.png'
a639171f5a3ab8207dbb5450edb8b0a000e1f1c0,macOS-26.5.1-arm64-arm-64bit,images/snake.png,1920,1080,high15,high color (15bpp),#D55E00,10,20,22,0.036238,0.090176,0.053938,286,286,'$BUILD_DIR/converters/img2sixel' --threads=10 --precision=8bit --quality=high '--loaders=builtin!' --diffusion=none --gpu-policy=off --palette-type=rgb -w 1920 -h 1080 --encode-policy fast -I -o /dev/null -J '{timeline}' '$TOP_SRCDIR/images/snake.png'
a639171f5a3ab8207dbb5450edb8b0a000e1f1c0,macOS-26.5.1-arm64-arm-64bit,images/snake.png,1920,1080,high15,high color (15bpp),#D55E00,11,21,1,0.037947,0.092186,0.054239,286,286,'$BUILD_DIR/converters/img2sixel' --threads=11 --precision=8bit --quality=high '--loaders=builtin!' --diffusion=none --gpu-policy=off --palette-type=rgb -w 1920 -h 1080 --encode-policy fast -I -o /dev/null -J '{timeline}' '$TOP_SRCDIR/images/snake.png'
a639171f5a3ab8207dbb5450edb8b0a000e1f1c0,macOS-26.5.1-arm64-arm-64bit,images/snake.png,1920,1080,high15,high color (15bpp),#D55E00,12,21,2,0.037152,0.095839,0.058687,286,286,'$BUILD_DIR/converters/img2sixel' --threads=12 --precision=8bit --quality=high '--loaders=builtin!' --diffusion=none --gpu-policy=off --palette-type=rgb -w 1920 -h 1080 --encode-policy fast -I -o /dev/null -J '{timeline}' '$TOP_SRCDIR/images/snake.png'
a639171f5a3ab8207dbb5450edb8b0a000e1f1c0,macOS-26.5.1-arm64-arm-64bit,images/snake.png,1920,1080,fixed256,fixed 256-color,#0072B2,2,21,3,0.100095,0.114306,0.014211,180,180,'$BUILD_DIR/converters/img2sixel' --threads=2 --precision=8bit --quality=high '--loaders=builtin!' --diffusion=none --gpu-policy=off --palette-type=rgb -w 1920 -h 1080 --encode-policy fast -p 256 -o /dev/null -J '{timeline}' '$TOP_SRCDIR/images/snake.png'
a639171f5a3ab8207dbb5450edb8b0a000e1f1c0,macOS-26.5.1-arm64-arm-64bit,images/snake.png,1920,1080,fixed256,fixed 256-color,#0072B2,3,21,4,0.049104,0.105887,0.056783,180,180,'$BUILD_DIR/converters/img2sixel' --threads=3 --precision=8bit --quality=high '--loaders=builtin!' --diffusion=none --gpu-policy=off --palette-type=rgb -w 1920 -h 1080 --encode-policy fast -p 256 -o /dev/null -J '{timeline}' '$TOP_SRCDIR/images/snake.png'
a639171f5a3ab8207dbb5450edb8b0a000e1f1c0,macOS-26.5.1-arm64-arm-64bit,images/snake.png,1920,1080,fixed256,fixed 256-color,#0072B2,4,21,5,0.039324,0.079539,0.040215,180,180,'$BUILD_DIR/converters/img2sixel' --threads=4 --precision=8bit --quality=high '--loaders=builtin!' --diffusion=none --gpu-policy=off --palette-type=rgb -w 1920 -h 1080 --encode-policy fast -p 256 -o /dev/null -J '{timeline}' '$TOP_SRCDIR/images/snake.png'
a639171f5a3ab8207dbb5450edb8b0a000e1f1c0,macOS-26.5.1-arm64-arm-64bit,images/snake.png,1920,1080,fixed256,fixed 256-color,#0072B2,5,21,6,0.038962,0.067799,0.028837,180,180,'$BUILD_DIR/converters/img2sixel' --threads=5 --precision=8bit --quality=high '--loaders=builtin!' --diffusion=none --gpu-policy=off --palette-type=rgb -w 1920 -h 1080 --encode-policy fast -p 256 -o /dev/null -J '{timeline}' '$TOP_SRCDIR/images/snake.png'
a639171f5a3ab8207dbb5450edb8b0a000e1f1c0,macOS-26.5.1-arm64-arm-64bit,images/snake.png,1920,1080,fixed256,fixed 256-color,#0072B2,6,21,7,0.039031,0.066823,0.027792,180,180,'$BUILD_DIR/converters/img2sixel' --threads=6 --precision=8bit --quality=high '--loaders=builtin!' --diffusion=none --gpu-policy=off --palette-type=rgb -w 1920 -h 1080 --encode-policy fast -p 256 -o /dev/null -J '{timeline}' '$TOP_SRCDIR/images/snake.png'
a639171f5a3ab8207dbb5450edb8b0a000e1f1c0,macOS-26.5.1-arm64-arm-64bit,images/snake.png,1920,1080,fixed256,fixed 256-color,#0072B2,7,21,8,0.038019,0.063108,0.025089,180,180,'$BUILD_DIR/converters/img2sixel' --threads=7 --precision=8bit --quality=high '--loaders=builtin!' --diffusion=none --gpu-policy=off --palette-type=rgb -w 1920 -h 1080 --encode-policy fast -p 256 -o /dev/null -J '{timeline}' '$TOP_SRCDIR/images/snake.png'
a639171f5a3ab8207dbb5450edb8b0a000e1f1c0,macOS-26.5.1-arm64-arm-64bit,images/snake.png,1920,1080,fixed256,fixed 256-color,#0072B2,8,21,9,0.038701,0.060953,0.022252,180,180,'$BUILD_DIR/converters/img2sixel' --threads=8 --precision=8bit --quality=high '--loaders=builtin!' --diffusion=none --gpu-policy=off --palette-type=rgb -w 1920 -h 1080 --encode-policy fast -p 256 -o /dev/null -J '{timeline}' '$TOP_SRCDIR/images/snake.png'
a639171f5a3ab8207dbb5450edb8b0a000e1f1c0,macOS-26.5.1-arm64-arm-64bit,images/snake.png,1920,1080,fixed256,fixed 256-color,#0072B2,9,21,10,0.03937,0.060326,0.020956,180,180,'$BUILD_DIR/converters/img2sixel' --threads=9 --precision=8bit --quality=high '--loaders=builtin!' --diffusion=none --gpu-policy=off --palette-type=rgb -w 1920 -h 1080 --encode-policy fast -p 256 -o /dev/null -J '{timeline}' '$TOP_SRCDIR/images/snake.png'
a639171f5a3ab8207dbb5450edb8b0a000e1f1c0,macOS-26.5.1-arm64-arm-64bit,images/snake.png,1920,1080,fixed256,fixed 256-color,#0072B2,10,21,11,0.038781,0.059866,0.021085,180,180,'$BUILD_DIR/converters/img2sixel' --threads=10 --precision=8bit --quality=high '--loaders=builtin!' --diffusion=none --gpu-policy=off --palette-type=rgb -w 1920 -h 1080 --encode-policy fast -p 256 -o /dev/null -J '{timeline}' '$TOP_SRCDIR/images/snake.png'
a639171f5a3ab8207dbb5450edb8b0a000e1f1c0,macOS-26.5.1-arm64-arm-64bit,images/snake.png,1920,1080,fixed256,fixed 256-color,#0072B2,11,21,12,0.038394,0.057002,0.018608,180,180,'$BUILD_DIR/converters/img2sixel' --threads=11 --precision=8bit --quality=high '--loaders=builtin!' --diffusion=none --gpu-policy=off --palette-type=rgb -w 1920 -h 1080 --encode-policy fast -p 256 -o /dev/null -J '{timeline}' '$TOP_SRCDIR/images/snake.png'
a639171f5a3ab8207dbb5450edb8b0a000e1f1c0,macOS-26.5.1-arm64-arm-64bit,images/snake.png,1920,1080,fixed256,fixed 256-color,#0072B2,12,21,13,0.038661,0.057343,0.018682,180,180,'$BUILD_DIR/converters/img2sixel' --threads=12 --precision=8bit --quality=high '--loaders=builtin!' --diffusion=none --gpu-policy=off --palette-type=rgb -w 1920 -h 1080 --encode-policy fast -p 256 -o /dev/null -J '{timeline}' '$TOP_SRCDIR/images/snake.png'
a639171f5a3ab8207dbb5450edb8b0a000e1f1c0,macOS-26.5.1-arm64-arm-64bit,images/snake.png,1920,1080,high15,high color (15bpp),#D55E00,2,21,14,0.04027,0.101849,0.061579,286,286,'$BUILD_DIR/converters/img2sixel' --threads=2 --precision=8bit --quality=high '--loaders=builtin!' --diffusion=none --gpu-policy=off --palette-type=rgb -w 1920 -h 1080 --encode-policy fast -I -o /dev/null -J '{timeline}' '$TOP_SRCDIR/images/snake.png'
a639171f5a3ab8207dbb5450edb8b0a000e1f1c0,macOS-26.5.1-arm64-arm-64bit,images/snake.png,1920,1080,high15,high color (15bpp),#D55E00,3,21,15,0.038923,0.098735,0.059812,286,286,'$BUILD_DIR/converters/img2sixel' --threads=3 --precision=8bit --quality=high '--loaders=builtin!' --diffusion=none --gpu-policy=off --palette-type=rgb -w 1920 -h 1080 --encode-policy fast -I -o /dev/null -J '{timeline}' '$TOP_SRCDIR/images/snake.png'
a639171f5a3ab8207dbb5450edb8b0a000e1f1c0,macOS-26.5.1-arm64-arm-64bit,images/snake.png,1920,1080,high15,high color (15bpp),#D55E00,4,21,16,0.03942,0.098502,0.059082,286,286,'$BUILD_DIR/converters/img2sixel' --threads=4 --precision=8bit --quality=high '--loaders=builtin!' --diffusion=none --gpu-policy=off --palette-type=rgb -w 1920 -h 1080 --encode-policy fast -I -o /dev/null -J '{timeline}' '$TOP_SRCDIR/images/snake.png'
a639171f5a3ab8207dbb5450edb8b0a000e1f1c0,macOS-26.5.1-arm64-arm-64bit,images/snake.png,1920,1080,high15,high color (15bpp),#D55E00,5,21,17,0.039358,0.097823,0.058465,286,286,'$BUILD_DIR/converters/img2sixel' --threads=5 --precision=8bit --quality=high '--loaders=builtin!' --diffusion=none --gpu-policy=off --palette-type=rgb -w 1920 -h 1080 --encode-policy fast -I -o /dev/null -J '{timeline}' '$TOP_SRCDIR/images/snake.png'
a639171f5a3ab8207dbb5450edb8b0a000e1f1c0,macOS-26.5.1-arm64-arm-64bit,images/snake.png,1920,1080,high15,high color (15bpp),#D55E00,6,21,18,0.046153,0.104933,0.05878,286,286,'$BUILD_DIR/converters/img2sixel' --threads=6 --precision=8bit --quality=high '--loaders=builtin!' --diffusion=none --gpu-policy=off --palette-type=rgb -w 1920 -h 1080 --encode-policy fast -I -o /dev/null -J '{timeline}' '$TOP_SRCDIR/images/snake.png'
a639171f5a3ab8207dbb5450edb8b0a000e1f1c0,macOS-26.5.1-arm64-arm-64bit,images/snake.png,1920,1080,high15,high color (15bpp),#D55E00,7,21,19,0.038314,0.09608,0.057766,286,286,'$BUILD_DIR/converters/img2sixel' --threads=7 --precision=8bit --quality=high '--loaders=builtin!' --diffusion=none --gpu-policy=off --palette-type=rgb -w 1920 -h 1080 --encode-policy fast -I -o /dev/null -J '{timeline}' '$TOP_SRCDIR/images/snake.png'
a639171f5a3ab8207dbb5450edb8b0a000e1f1c0,macOS-26.5.1-arm64-arm-64bit,images/snake.png,1920,1080,high15,high color (15bpp),#D55E00,8,21,20,0.03897,0.097303,0.058333,286,286,'$BUILD_DIR/converters/img2sixel' --threads=8 --precision=8bit --quality=high '--loaders=builtin!' --diffusion=none --gpu-policy=off --palette-type=rgb -w 1920 -h 1080 --encode-policy fast -I -o /dev/null -J '{timeline}' '$TOP_SRCDIR/images/snake.png'
a639171f5a3ab8207dbb5450edb8b0a000e1f1c0,macOS-26.5.1-arm64-arm-64bit,images/snake.png,1920,1080,high15,high color (15bpp),#D55E00,9,21,21,0.038836,0.095981,0.057145,286,286,'$BUILD_DIR/converters/img2sixel' --threads=9 --precision=8bit --quality=high '--loaders=builtin!' --diffusion=none --gpu-policy=off --palette-type=rgb -w 1920 -h 1080 --encode-policy fast -I -o /dev/null -J '{timeline}' '$TOP_SRCDIR/images/snake.png'
a639171f5a3ab8207dbb5450edb8b0a000e1f1c0,macOS-26.5.1-arm64-arm-64bit,images/snake.png,1920,1080,high15,high color (15bpp),#D55E00,10,21,22,0.038853,0.097308,0.058455,286,286,'$BUILD_DIR/converters/img2sixel' --threads=10 --precision=8bit --quality=high '--loaders=builtin!' --diffusion=none --gpu-policy=off --palette-type=rgb -w 1920 -h 1080 --encode-policy fast -I -o /dev/null -J '{timeline}' '$TOP_SRCDIR/images/snake.png'
