revision,platform,input,width,height,variant,label,color,threads,sample,schedule_position,encode_first_worker_start_seconds,encode_last_worker_done_seconds,encode_window_seconds,encode_worker_start_count,encode_worker_done_count,command
a639171f5a3ab8207dbb5450edb8b0a000e1f1c0,macOS-26.5.1-arm64-arm-64bit,images/snake.png,1920,1080,auto,auto,#0072B2,1,1,1,0.096931,0.117537,0.020606,180,180,'$BUILD_DIR/converters/img2sixel' --threads=1 --precision=8bit --quality=high '--loaders=builtin!' --diffusion=none --gpu-policy=off --palette-type=rgb -w 1920 -h 1080 --encode-policy auto -p 256 -o /dev/null -J '{timeline}' '$TOP_SRCDIR/images/snake.png'
a639171f5a3ab8207dbb5450edb8b0a000e1f1c0,macOS-26.5.1-arm64-arm-64bit,images/snake.png,1920,1080,auto,auto,#0072B2,2,1,2,0.097432,0.111232,0.0138,180,180,'$BUILD_DIR/converters/img2sixel' --threads=2 --precision=8bit --quality=high '--loaders=builtin!' --diffusion=none --gpu-policy=off --palette-type=rgb -w 1920 -h 1080 --encode-policy auto -p 256 -o /dev/null -J '{timeline}' '$TOP_SRCDIR/images/snake.png'
a639171f5a3ab8207dbb5450edb8b0a000e1f1c0,macOS-26.5.1-arm64-arm-64bit,images/snake.png,1920,1080,auto,auto,#0072B2,3,1,3,0.045868,0.094222,0.048354,180,180,'$BUILD_DIR/converters/img2sixel' --threads=3 --precision=8bit --quality=high '--loaders=builtin!' --diffusion=none --gpu-policy=off --palette-type=rgb -w 1920 -h 1080 --encode-policy auto -p 256 -o /dev/null -J '{timeline}' '$TOP_SRCDIR/images/snake.png'
a639171f5a3ab8207dbb5450edb8b0a000e1f1c0,macOS-26.5.1-arm64-arm-64bit,images/snake.png,1920,1080,auto,auto,#0072B2,4,1,4,0.035468,0.070857,0.035389,180,180,'$BUILD_DIR/converters/img2sixel' --threads=4 --precision=8bit --quality=high '--loaders=builtin!' --diffusion=none --gpu-policy=off --palette-type=rgb -w 1920 -h 1080 --encode-policy auto -p 256 -o /dev/null -J '{timeline}' '$TOP_SRCDIR/images/snake.png'
a639171f5a3ab8207dbb5450edb8b0a000e1f1c0,macOS-26.5.1-arm64-arm-64bit,images/snake.png,1920,1080,auto,auto,#0072B2,5,1,5,0.035459,0.06382,0.028361,180,180,'$BUILD_DIR/converters/img2sixel' --threads=5 --precision=8bit --quality=high '--loaders=builtin!' --diffusion=none --gpu-policy=off --palette-type=rgb -w 1920 -h 1080 --encode-policy auto -p 256 -o /dev/null -J '{timeline}' '$TOP_SRCDIR/images/snake.png'
a639171f5a3ab8207dbb5450edb8b0a000e1f1c0,macOS-26.5.1-arm64-arm-64bit,images/snake.png,1920,1080,auto,auto,#0072B2,6,1,6,0.035806,0.063313,0.027507,180,180,'$BUILD_DIR/converters/img2sixel' --threads=6 --precision=8bit --quality=high '--loaders=builtin!' --diffusion=none --gpu-policy=off --palette-type=rgb -w 1920 -h 1080 --encode-policy auto -p 256 -o /dev/null -J '{timeline}' '$TOP_SRCDIR/images/snake.png'
a639171f5a3ab8207dbb5450edb8b0a000e1f1c0,macOS-26.5.1-arm64-arm-64bit,images/snake.png,1920,1080,auto,auto,#0072B2,7,1,7,0.035748,0.059625,0.023877,180,180,'$BUILD_DIR/converters/img2sixel' --threads=7 --precision=8bit --quality=high '--loaders=builtin!' --diffusion=none --gpu-policy=off --palette-type=rgb -w 1920 -h 1080 --encode-policy auto -p 256 -o /dev/null -J '{timeline}' '$TOP_SRCDIR/images/snake.png'
a639171f5a3ab8207dbb5450edb8b0a000e1f1c0,macOS-26.5.1-arm64-arm-64bit,images/snake.png,1920,1080,auto,auto,#0072B2,8,1,8,0.041395,0.062295,0.0209,180,180,'$BUILD_DIR/converters/img2sixel' --threads=8 --precision=8bit --quality=high '--loaders=builtin!' --diffusion=none --gpu-policy=off --palette-type=rgb -w 1920 -h 1080 --encode-policy auto -p 256 -o /dev/null -J '{timeline}' '$TOP_SRCDIR/images/snake.png'
a639171f5a3ab8207dbb5450edb8b0a000e1f1c0,macOS-26.5.1-arm64-arm-64bit,images/snake.png,1920,1080,auto,auto,#0072B2,9,1,9,0.035006,0.055348,0.020342,180,180,'$BUILD_DIR/converters/img2sixel' --threads=9 --precision=8bit --quality=high '--loaders=builtin!' --diffusion=none --gpu-policy=off --palette-type=rgb -w 1920 -h 1080 --encode-policy auto -p 256 -o /dev/null -J '{timeline}' '$TOP_SRCDIR/images/snake.png'
a639171f5a3ab8207dbb5450edb8b0a000e1f1c0,macOS-26.5.1-arm64-arm-64bit,images/snake.png,1920,1080,auto,auto,#0072B2,10,1,10,0.035459,0.05505,0.019591,180,180,'$BUILD_DIR/converters/img2sixel' --threads=10 --precision=8bit --quality=high '--loaders=builtin!' --diffusion=none --gpu-policy=off --palette-type=rgb -w 1920 -h 1080 --encode-policy auto -p 256 -o /dev/null -J '{timeline}' '$TOP_SRCDIR/images/snake.png'
a639171f5a3ab8207dbb5450edb8b0a000e1f1c0,macOS-26.5.1-arm64-arm-64bit,images/snake.png,1920,1080,auto,auto,#0072B2,11,1,11,0.035617,0.054513,0.018896,180,180,'$BUILD_DIR/converters/img2sixel' --threads=11 --precision=8bit --quality=high '--loaders=builtin!' --diffusion=none --gpu-policy=off --palette-type=rgb -w 1920 -h 1080 --encode-policy auto -p 256 -o /dev/null -J '{timeline}' '$TOP_SRCDIR/images/snake.png'
a639171f5a3ab8207dbb5450edb8b0a000e1f1c0,macOS-26.5.1-arm64-arm-64bit,images/snake.png,1920,1080,auto,auto,#0072B2,12,1,12,0.035714,0.05275,0.017036,180,180,'$BUILD_DIR/converters/img2sixel' --threads=12 --precision=8bit --quality=high '--loaders=builtin!' --diffusion=none --gpu-policy=off --palette-type=rgb -w 1920 -h 1080 --encode-policy auto -p 256 -o /dev/null -J '{timeline}' '$TOP_SRCDIR/images/snake.png'
a639171f5a3ab8207dbb5450edb8b0a000e1f1c0,macOS-26.5.1-arm64-arm-64bit,images/snake.png,1920,1080,fast,fast,#009E73,1,1,13,0.092226,0.111605,0.019379,180,180,'$BUILD_DIR/converters/img2sixel' --threads=1 --precision=8bit --quality=high '--loaders=builtin!' --diffusion=none --gpu-policy=off --palette-type=rgb -w 1920 -h 1080 --encode-policy fast -p 256 -o /dev/null -J '{timeline}' '$TOP_SRCDIR/images/snake.png'
a639171f5a3ab8207dbb5450edb8b0a000e1f1c0,macOS-26.5.1-arm64-arm-64bit,images/snake.png,1920,1080,fast,fast,#009E73,2,1,14,0.089871,0.103437,0.013566,180,180,'$BUILD_DIR/converters/img2sixel' --threads=2 --precision=8bit --quality=high '--loaders=builtin!' --diffusion=none --gpu-policy=off --palette-type=rgb -w 1920 -h 1080 --encode-policy fast -p 256 -o /dev/null -J '{timeline}' '$TOP_SRCDIR/images/snake.png'
a639171f5a3ab8207dbb5450edb8b0a000e1f1c0,macOS-26.5.1-arm64-arm-64bit,images/snake.png,1920,1080,fast,fast,#009E73,3,1,15,0.0447,0.09673,0.05203,180,180,'$BUILD_DIR/converters/img2sixel' --threads=3 --precision=8bit --quality=high '--loaders=builtin!' --diffusion=none --gpu-policy=off --palette-type=rgb -w 1920 -h 1080 --encode-policy fast -p 256 -o /dev/null -J '{timeline}' '$TOP_SRCDIR/images/snake.png'
a639171f5a3ab8207dbb5450edb8b0a000e1f1c0,macOS-26.5.1-arm64-arm-64bit,images/snake.png,1920,1080,fast,fast,#009E73,4,1,16,0.038048,0.07526,0.037212,180,180,'$BUILD_DIR/converters/img2sixel' --threads=4 --precision=8bit --quality=high '--loaders=builtin!' --diffusion=none --gpu-policy=off --palette-type=rgb -w 1920 -h 1080 --encode-policy fast -p 256 -o /dev/null -J '{timeline}' '$TOP_SRCDIR/images/snake.png'
a639171f5a3ab8207dbb5450edb8b0a000e1f1c0,macOS-26.5.1-arm64-arm-64bit,images/snake.png,1920,1080,fast,fast,#009E73,5,1,17,0.035885,0.062992,0.027107,180,180,'$BUILD_DIR/converters/img2sixel' --threads=5 --precision=8bit --quality=high '--loaders=builtin!' --diffusion=none --gpu-policy=off --palette-type=rgb -w 1920 -h 1080 --encode-policy fast -p 256 -o /dev/null -J '{timeline}' '$TOP_SRCDIR/images/snake.png'
a639171f5a3ab8207dbb5450edb8b0a000e1f1c0,macOS-26.5.1-arm64-arm-64bit,images/snake.png,1920,1080,fast,fast,#009E73,6,1,18,0.035885,0.062948,0.027063,180,180,'$BUILD_DIR/converters/img2sixel' --threads=6 --precision=8bit --quality=high '--loaders=builtin!' --diffusion=none --gpu-policy=off --palette-type=rgb -w 1920 -h 1080 --encode-policy fast -p 256 -o /dev/null -J '{timeline}' '$TOP_SRCDIR/images/snake.png'
a639171f5a3ab8207dbb5450edb8b0a000e1f1c0,macOS-26.5.1-arm64-arm-64bit,images/snake.png,1920,1080,fast,fast,#009E73,7,1,19,0.039475,0.063487,0.024012,180,180,'$BUILD_DIR/converters/img2sixel' --threads=7 --precision=8bit --quality=high '--loaders=builtin!' --diffusion=none --gpu-policy=off --palette-type=rgb -w 1920 -h 1080 --encode-policy fast -p 256 -o /dev/null -J '{timeline}' '$TOP_SRCDIR/images/snake.png'
a639171f5a3ab8207dbb5450edb8b0a000e1f1c0,macOS-26.5.1-arm64-arm-64bit,images/snake.png,1920,1080,fast,fast,#009E73,8,1,20,0.038326,0.061595,0.023269,180,180,'$BUILD_DIR/converters/img2sixel' --threads=8 --precision=8bit --quality=high '--loaders=builtin!' --diffusion=none --gpu-policy=off --palette-type=rgb -w 1920 -h 1080 --encode-policy fast -p 256 -o /dev/null -J '{timeline}' '$TOP_SRCDIR/images/snake.png'
a639171f5a3ab8207dbb5450edb8b0a000e1f1c0,macOS-26.5.1-arm64-arm-64bit,images/snake.png,1920,1080,fast,fast,#009E73,9,1,21,0.038185,0.059434,0.021249,180,180,'$BUILD_DIR/converters/img2sixel' --threads=9 --precision=8bit --quality=high '--loaders=builtin!' --diffusion=none --gpu-policy=off --palette-type=rgb -w 1920 -h 1080 --encode-policy fast -p 256 -o /dev/null -J '{timeline}' '$TOP_SRCDIR/images/snake.png'
a639171f5a3ab8207dbb5450edb8b0a000e1f1c0,macOS-26.5.1-arm64-arm-64bit,images/snake.png,1920,1080,fast,fast,#009E73,10,1,22,0.037883,0.058584,0.020701,180,180,'$BUILD_DIR/converters/img2sixel' --threads=10 --precision=8bit --quality=high '--loaders=builtin!' --diffusion=none --gpu-policy=off --palette-type=rgb -w 1920 -h 1080 --encode-policy fast -p 256 -o /dev/null -J '{timeline}' '$TOP_SRCDIR/images/snake.png'
a639171f5a3ab8207dbb5450edb8b0a000e1f1c0,macOS-26.5.1-arm64-arm-64bit,images/snake.png,1920,1080,fast,fast,#009E73,11,1,23,0.038548,0.057306,0.018758,180,180,'$BUILD_DIR/converters/img2sixel' --threads=11 --precision=8bit --quality=high '--loaders=builtin!' --diffusion=none --gpu-policy=off --palette-type=rgb -w 1920 -h 1080 --encode-policy fast -p 256 -o /dev/null -J '{timeline}' '$TOP_SRCDIR/images/snake.png'
a639171f5a3ab8207dbb5450edb8b0a000e1f1c0,macOS-26.5.1-arm64-arm-64bit,images/snake.png,1920,1080,fast,fast,#009E73,12,1,24,0.037576,0.055729,0.018153,180,180,'$BUILD_DIR/converters/img2sixel' --threads=12 --precision=8bit --quality=high '--loaders=builtin!' --diffusion=none --gpu-policy=off --palette-type=rgb -w 1920 -h 1080 --encode-policy fast -p 256 -o /dev/null -J '{timeline}' '$TOP_SRCDIR/images/snake.png'
a639171f5a3ab8207dbb5450edb8b0a000e1f1c0,macOS-26.5.1-arm64-arm-64bit,images/snake.png,1920,1080,size,size,#D55E00,1,1,25,0.101718,0.122863,0.021145,180,180,'$BUILD_DIR/converters/img2sixel' --threads=1 --precision=8bit --quality=high '--loaders=builtin!' --diffusion=none --gpu-policy=off --palette-type=rgb -w 1920 -h 1080 --encode-policy size -p 256 -o /dev/null -J '{timeline}' '$TOP_SRCDIR/images/snake.png'
a639171f5a3ab8207dbb5450edb8b0a000e1f1c0,macOS-26.5.1-arm64-arm-64bit,images/snake.png,1920,1080,size,size,#D55E00,2,1,26,0.09774,0.112003,0.014263,180,180,'$BUILD_DIR/converters/img2sixel' --threads=2 --precision=8bit --quality=high '--loaders=builtin!' --diffusion=none --gpu-policy=off --palette-type=rgb -w 1920 -h 1080 --encode-policy size -p 256 -o /dev/null -J '{timeline}' '$TOP_SRCDIR/images/snake.png'
a639171f5a3ab8207dbb5450edb8b0a000e1f1c0,macOS-26.5.1-arm64-arm-64bit,images/snake.png,1920,1080,size,size,#D55E00,3,1,27,0.047275,0.101742,0.054467,180,180,'$BUILD_DIR/converters/img2sixel' --threads=3 --precision=8bit --quality=high '--loaders=builtin!' --diffusion=none --gpu-policy=off --palette-type=rgb -w 1920 -h 1080 --encode-policy size -p 256 -o /dev/null -J '{timeline}' '$TOP_SRCDIR/images/snake.png'
a639171f5a3ab8207dbb5450edb8b0a000e1f1c0,macOS-26.5.1-arm64-arm-64bit,images/snake.png,1920,1080,size,size,#D55E00,4,1,28,0.039827,0.07774,0.037913,180,180,'$BUILD_DIR/converters/img2sixel' --threads=4 --precision=8bit --quality=high '--loaders=builtin!' --diffusion=none --gpu-policy=off --palette-type=rgb -w 1920 -h 1080 --encode-policy size -p 256 -o /dev/null -J '{timeline}' '$TOP_SRCDIR/images/snake.png'
a639171f5a3ab8207dbb5450edb8b0a000e1f1c0,macOS-26.5.1-arm64-arm-64bit,images/snake.png,1920,1080,size,size,#D55E00,5,1,29,0.039046,0.066848,0.027802,180,180,'$BUILD_DIR/converters/img2sixel' --threads=5 --precision=8bit --quality=high '--loaders=builtin!' --diffusion=none --gpu-policy=off --palette-type=rgb -w 1920 -h 1080 --encode-policy size -p 256 -o /dev/null -J '{timeline}' '$TOP_SRCDIR/images/snake.png'
a639171f5a3ab8207dbb5450edb8b0a000e1f1c0,macOS-26.5.1-arm64-arm-64bit,images/snake.png,1920,1080,size,size,#D55E00,6,1,30,0.037704,0.065516,0.027812,180,180,'$BUILD_DIR/converters/img2sixel' --threads=6 --precision=8bit --quality=high '--loaders=builtin!' --diffusion=none --gpu-policy=off --palette-type=rgb -w 1920 -h 1080 --encode-policy size -p 256 -o /dev/null -J '{timeline}' '$TOP_SRCDIR/images/snake.png'
a639171f5a3ab8207dbb5450edb8b0a000e1f1c0,macOS-26.5.1-arm64-arm-64bit,images/snake.png,1920,1080,size,size,#D55E00,7,1,31,0.038776,0.062218,0.023442,180,180,'$BUILD_DIR/converters/img2sixel' --threads=7 --precision=8bit --quality=high '--loaders=builtin!' --diffusion=none --gpu-policy=off --palette-type=rgb -w 1920 -h 1080 --encode-policy size -p 256 -o /dev/null -J '{timeline}' '$TOP_SRCDIR/images/snake.png'
a639171f5a3ab8207dbb5450edb8b0a000e1f1c0,macOS-26.5.1-arm64-arm-64bit,images/snake.png,1920,1080,size,size,#D55E00,8,1,32,0.037775,0.059102,0.021327,180,180,'$BUILD_DIR/converters/img2sixel' --threads=8 --precision=8bit --quality=high '--loaders=builtin!' --diffusion=none --gpu-policy=off --palette-type=rgb -w 1920 -h 1080 --encode-policy size -p 256 -o /dev/null -J '{timeline}' '$TOP_SRCDIR/images/snake.png'
a639171f5a3ab8207dbb5450edb8b0a000e1f1c0,macOS-26.5.1-arm64-arm-64bit,images/snake.png,1920,1080,size,size,#D55E00,9,1,33,0.038623,0.058829,0.020206,180,180,'$BUILD_DIR/converters/img2sixel' --threads=9 --precision=8bit --quality=high '--loaders=builtin!' --diffusion=none --gpu-policy=off --palette-type=rgb -w 1920 -h 1080 --encode-policy size -p 256 -o /dev/null -J '{timeline}' '$TOP_SRCDIR/images/snake.png'
a639171f5a3ab8207dbb5450edb8b0a000e1f1c0,macOS-26.5.1-arm64-arm-64bit,images/snake.png,1920,1080,size,size,#D55E00,10,1,34,0.038238,0.058092,0.019854,180,180,'$BUILD_DIR/converters/img2sixel' --threads=10 --precision=8bit --quality=high '--loaders=builtin!' --diffusion=none --gpu-policy=off --palette-type=rgb -w 1920 -h 1080 --encode-policy size -p 256 -o /dev/null -J '{timeline}' '$TOP_SRCDIR/images/snake.png'
a639171f5a3ab8207dbb5450edb8b0a000e1f1c0,macOS-26.5.1-arm64-arm-64bit,images/snake.png,1920,1080,size,size,#D55E00,11,1,35,0.03748,0.056232,0.018752,180,180,'$BUILD_DIR/converters/img2sixel' --threads=11 --precision=8bit --quality=high '--loaders=builtin!' --diffusion=none --gpu-policy=off --palette-type=rgb -w 1920 -h 1080 --encode-policy size -p 256 -o /dev/null -J '{timeline}' '$TOP_SRCDIR/images/snake.png'
a639171f5a3ab8207dbb5450edb8b0a000e1f1c0,macOS-26.5.1-arm64-arm-64bit,images/snake.png,1920,1080,size,size,#D55E00,12,1,36,0.037119,0.05502,0.017901,180,180,'$BUILD_DIR/converters/img2sixel' --threads=12 --precision=8bit --quality=high '--loaders=builtin!' --diffusion=none --gpu-policy=off --palette-type=rgb -w 1920 -h 1080 --encode-policy size -p 256 -o /dev/null -J '{timeline}' '$TOP_SRCDIR/images/snake.png'
a639171f5a3ab8207dbb5450edb8b0a000e1f1c0,macOS-26.5.1-arm64-arm-64bit,images/snake.png,1920,1080,auto,auto,#0072B2,1,2,1,0.102142,0.124155,0.022013,180,180,'$BUILD_DIR/converters/img2sixel' --threads=1 --precision=8bit --quality=high '--loaders=builtin!' --diffusion=none --gpu-policy=off --palette-type=rgb -w 1920 -h 1080 --encode-policy auto -p 256 -o /dev/null -J '{timeline}' '$TOP_SRCDIR/images/snake.png'
a639171f5a3ab8207dbb5450edb8b0a000e1f1c0,macOS-26.5.1-arm64-arm-64bit,images/snake.png,1920,1080,size,size,#D55E00,12,2,2,0.036872,0.054062,0.01719,180,180,'$BUILD_DIR/converters/img2sixel' --threads=12 --precision=8bit --quality=high '--loaders=builtin!' --diffusion=none --gpu-policy=off --palette-type=rgb -w 1920 -h 1080 --encode-policy size -p 256 -o /dev/null -J '{timeline}' '$TOP_SRCDIR/images/snake.png'
a639171f5a3ab8207dbb5450edb8b0a000e1f1c0,macOS-26.5.1-arm64-arm-64bit,images/snake.png,1920,1080,size,size,#D55E00,11,2,3,0.037333,0.057172,0.019839,180,180,'$BUILD_DIR/converters/img2sixel' --threads=11 --precision=8bit --quality=high '--loaders=builtin!' --diffusion=none --gpu-policy=off --palette-type=rgb -w 1920 -h 1080 --encode-policy size -p 256 -o /dev/null -J '{timeline}' '$TOP_SRCDIR/images/snake.png'
a639171f5a3ab8207dbb5450edb8b0a000e1f1c0,macOS-26.5.1-arm64-arm-64bit,images/snake.png,1920,1080,size,size,#D55E00,10,2,4,0.037054,0.057645,0.020591,180,180,'$BUILD_DIR/converters/img2sixel' --threads=10 --precision=8bit --quality=high '--loaders=builtin!' --diffusion=none --gpu-policy=off --palette-type=rgb -w 1920 -h 1080 --encode-policy size -p 256 -o /dev/null -J '{timeline}' '$TOP_SRCDIR/images/snake.png'
a639171f5a3ab8207dbb5450edb8b0a000e1f1c0,macOS-26.5.1-arm64-arm-64bit,images/snake.png,1920,1080,size,size,#D55E00,9,2,5,0.038448,0.059336,0.020888,180,180,'$BUILD_DIR/converters/img2sixel' --threads=9 --precision=8bit --quality=high '--loaders=builtin!' --diffusion=none --gpu-policy=off --palette-type=rgb -w 1920 -h 1080 --encode-policy size -p 256 -o /dev/null -J '{timeline}' '$TOP_SRCDIR/images/snake.png'
a639171f5a3ab8207dbb5450edb8b0a000e1f1c0,macOS-26.5.1-arm64-arm-64bit,images/snake.png,1920,1080,size,size,#D55E00,8,2,6,0.039101,0.060549,0.021448,180,180,'$BUILD_DIR/converters/img2sixel' --threads=8 --precision=8bit --quality=high '--loaders=builtin!' --diffusion=none --gpu-policy=off --palette-type=rgb -w 1920 -h 1080 --encode-policy size -p 256 -o /dev/null -J '{timeline}' '$TOP_SRCDIR/images/snake.png'
a639171f5a3ab8207dbb5450edb8b0a000e1f1c0,macOS-26.5.1-arm64-arm-64bit,images/snake.png,1920,1080,size,size,#D55E00,7,2,7,0.038048,0.06287,0.024822,180,180,'$BUILD_DIR/converters/img2sixel' --threads=7 --precision=8bit --quality=high '--loaders=builtin!' --diffusion=none --gpu-policy=off --palette-type=rgb -w 1920 -h 1080 --encode-policy size -p 256 -o /dev/null -J '{timeline}' '$TOP_SRCDIR/images/snake.png'
a639171f5a3ab8207dbb5450edb8b0a000e1f1c0,macOS-26.5.1-arm64-arm-64bit,images/snake.png,1920,1080,size,size,#D55E00,6,2,8,0.036747,0.064524,0.027777,180,180,'$BUILD_DIR/converters/img2sixel' --threads=6 --precision=8bit --quality=high '--loaders=builtin!' --diffusion=none --gpu-policy=off --palette-type=rgb -w 1920 -h 1080 --encode-policy size -p 256 -o /dev/null -J '{timeline}' '$TOP_SRCDIR/images/snake.png'
a639171f5a3ab8207dbb5450edb8b0a000e1f1c0,macOS-26.5.1-arm64-arm-64bit,images/snake.png,1920,1080,size,size,#D55E00,5,2,9,0.036493,0.064653,0.02816,180,180,'$BUILD_DIR/converters/img2sixel' --threads=5 --precision=8bit --quality=high '--loaders=builtin!' --diffusion=none --gpu-policy=off --palette-type=rgb -w 1920 -h 1080 --encode-policy size -p 256 -o /dev/null -J '{timeline}' '$TOP_SRCDIR/images/snake.png'
a639171f5a3ab8207dbb5450edb8b0a000e1f1c0,macOS-26.5.1-arm64-arm-64bit,images/snake.png,1920,1080,size,size,#D55E00,4,2,10,0.039141,0.077631,0.03849,180,180,'$BUILD_DIR/converters/img2sixel' --threads=4 --precision=8bit --quality=high '--loaders=builtin!' --diffusion=none --gpu-policy=off --palette-type=rgb -w 1920 -h 1080 --encode-policy size -p 256 -o /dev/null -J '{timeline}' '$TOP_SRCDIR/images/snake.png'
a639171f5a3ab8207dbb5450edb8b0a000e1f1c0,macOS-26.5.1-arm64-arm-64bit,images/snake.png,1920,1080,size,size,#D55E00,3,2,11,0.049545,0.099121,0.049576,180,180,'$BUILD_DIR/converters/img2sixel' --threads=3 --precision=8bit --quality=high '--loaders=builtin!' --diffusion=none --gpu-policy=off --palette-type=rgb -w 1920 -h 1080 --encode-policy size -p 256 -o /dev/null -J '{timeline}' '$TOP_SRCDIR/images/snake.png'
a639171f5a3ab8207dbb5450edb8b0a000e1f1c0,macOS-26.5.1-arm64-arm-64bit,images/snake.png,1920,1080,size,size,#D55E00,2,2,12,0.0995,0.113877,0.014377,180,180,'$BUILD_DIR/converters/img2sixel' --threads=2 --precision=8bit --quality=high '--loaders=builtin!' --diffusion=none --gpu-policy=off --palette-type=rgb -w 1920 -h 1080 --encode-policy size -p 256 -o /dev/null -J '{timeline}' '$TOP_SRCDIR/images/snake.png'
a639171f5a3ab8207dbb5450edb8b0a000e1f1c0,macOS-26.5.1-arm64-arm-64bit,images/snake.png,1920,1080,size,size,#D55E00,1,2,13,0.103939,0.126058,0.022119,180,180,'$BUILD_DIR/converters/img2sixel' --threads=1 --precision=8bit --quality=high '--loaders=builtin!' --diffusion=none --gpu-policy=off --palette-type=rgb -w 1920 -h 1080 --encode-policy size -p 256 -o /dev/null -J '{timeline}' '$TOP_SRCDIR/images/snake.png'
a639171f5a3ab8207dbb5450edb8b0a000e1f1c0,macOS-26.5.1-arm64-arm-64bit,images/snake.png,1920,1080,fast,fast,#009E73,12,2,14,0.038963,0.055535,0.016572,180,180,'$BUILD_DIR/converters/img2sixel' --threads=12 --precision=8bit --quality=high '--loaders=builtin!' --diffusion=none --gpu-policy=off --palette-type=rgb -w 1920 -h 1080 --encode-policy fast -p 256 -o /dev/null -J '{timeline}' '$TOP_SRCDIR/images/snake.png'
a639171f5a3ab8207dbb5450edb8b0a000e1f1c0,macOS-26.5.1-arm64-arm-64bit,images/snake.png,1920,1080,fast,fast,#009E73,11,2,15,0.039792,0.058954,0.019162,180,180,'$BUILD_DIR/converters/img2sixel' --threads=11 --precision=8bit --quality=high '--loaders=builtin!' --diffusion=none --gpu-policy=off --palette-type=rgb -w 1920 -h 1080 --encode-policy fast -p 256 -o /dev/null -J '{timeline}' '$TOP_SRCDIR/images/snake.png'
a639171f5a3ab8207dbb5450edb8b0a000e1f1c0,macOS-26.5.1-arm64-arm-64bit,images/snake.png,1920,1080,fast,fast,#009E73,10,2,16,0.036407,0.056775,0.020368,180,180,'$BUILD_DIR/converters/img2sixel' --threads=10 --precision=8bit --quality=high '--loaders=builtin!' --diffusion=none --gpu-policy=off --palette-type=rgb -w 1920 -h 1080 --encode-policy fast -p 256 -o /dev/null -J '{timeline}' '$TOP_SRCDIR/images/snake.png'
a639171f5a3ab8207dbb5450edb8b0a000e1f1c0,macOS-26.5.1-arm64-arm-64bit,images/snake.png,1920,1080,fast,fast,#009E73,9,2,17,0.03926,0.060578,0.021318,180,180,'$BUILD_DIR/converters/img2sixel' --threads=9 --precision=8bit --quality=high '--loaders=builtin!' --diffusion=none --gpu-policy=off --palette-type=rgb -w 1920 -h 1080 --encode-policy fast -p 256 -o /dev/null -J '{timeline}' '$TOP_SRCDIR/images/snake.png'
a639171f5a3ab8207dbb5450edb8b0a000e1f1c0,macOS-26.5.1-arm64-arm-64bit,images/snake.png,1920,1080,fast,fast,#009E73,8,2,18,0.03817,0.060156,0.021986,180,180,'$BUILD_DIR/converters/img2sixel' --threads=8 --precision=8bit --quality=high '--loaders=builtin!' --diffusion=none --gpu-policy=off --palette-type=rgb -w 1920 -h 1080 --encode-policy fast -p 256 -o /dev/null -J '{timeline}' '$TOP_SRCDIR/images/snake.png'
a639171f5a3ab8207dbb5450edb8b0a000e1f1c0,macOS-26.5.1-arm64-arm-64bit,images/snake.png,1920,1080,fast,fast,#009E73,7,2,19,0.036997,0.060828,0.023831,180,180,'$BUILD_DIR/converters/img2sixel' --threads=7 --precision=8bit --quality=high '--loaders=builtin!' --diffusion=none --gpu-policy=off --palette-type=rgb -w 1920 -h 1080 --encode-policy fast -p 256 -o /dev/null -J '{timeline}' '$TOP_SRCDIR/images/snake.png'
a639171f5a3ab8207dbb5450edb8b0a000e1f1c0,macOS-26.5.1-arm64-arm-64bit,images/snake.png,1920,1080,fast,fast,#009E73,6,2,20,0.037553,0.065152,0.027599,180,180,'$BUILD_DIR/converters/img2sixel' --threads=6 --precision=8bit --quality=high '--loaders=builtin!' --diffusion=none --gpu-policy=off --palette-type=rgb -w 1920 -h 1080 --encode-policy fast -p 256 -o /dev/null -J '{timeline}' '$TOP_SRCDIR/images/snake.png'
a639171f5a3ab8207dbb5450edb8b0a000e1f1c0,macOS-26.5.1-arm64-arm-64bit,images/snake.png,1920,1080,fast,fast,#009E73,5,2,21,0.037644,0.06712,0.029476,180,180,'$BUILD_DIR/converters/img2sixel' --threads=5 --precision=8bit --quality=high '--loaders=builtin!' --diffusion=none --gpu-policy=off --palette-type=rgb -w 1920 -h 1080 --encode-policy fast -p 256 -o /dev/null -J '{timeline}' '$TOP_SRCDIR/images/snake.png'
a639171f5a3ab8207dbb5450edb8b0a000e1f1c0,macOS-26.5.1-arm64-arm-64bit,images/snake.png,1920,1080,fast,fast,#009E73,4,2,22,0.038363,0.07711,0.038747,180,180,'$BUILD_DIR/converters/img2sixel' --threads=4 --precision=8bit --quality=high '--loaders=builtin!' --diffusion=none --gpu-policy=off --palette-type=rgb -w 1920 -h 1080 --encode-policy fast -p 256 -o /dev/null -J '{timeline}' '$TOP_SRCDIR/images/snake.png'
a639171f5a3ab8207dbb5450edb8b0a000e1f1c0,macOS-26.5.1-arm64-arm-64bit,images/snake.png,1920,1080,fast,fast,#009E73,3,2,23,0.049069,0.101975,0.052906,180,180,'$BUILD_DIR/converters/img2sixel' --threads=3 --precision=8bit --quality=high '--loaders=builtin!' --diffusion=none --gpu-policy=off --palette-type=rgb -w 1920 -h 1080 --encode-policy fast -p 256 -o /dev/null -J '{timeline}' '$TOP_SRCDIR/images/snake.png'
a639171f5a3ab8207dbb5450edb8b0a000e1f1c0,macOS-26.5.1-arm64-arm-64bit,images/snake.png,1920,1080,fast,fast,#009E73,2,2,24,0.099418,0.114081,0.014663,180,180,'$BUILD_DIR/converters/img2sixel' --threads=2 --precision=8bit --quality=high '--loaders=builtin!' --diffusion=none --gpu-policy=off --palette-type=rgb -w 1920 -h 1080 --encode-policy fast -p 256 -o /dev/null -J '{timeline}' '$TOP_SRCDIR/images/snake.png'
a639171f5a3ab8207dbb5450edb8b0a000e1f1c0,macOS-26.5.1-arm64-arm-64bit,images/snake.png,1920,1080,fast,fast,#009E73,1,2,25,0.102162,0.124343,0.022181,180,180,'$BUILD_DIR/converters/img2sixel' --threads=1 --precision=8bit --quality=high '--loaders=builtin!' --diffusion=none --gpu-policy=off --palette-type=rgb -w 1920 -h 1080 --encode-policy fast -p 256 -o /dev/null -J '{timeline}' '$TOP_SRCDIR/images/snake.png'
a639171f5a3ab8207dbb5450edb8b0a000e1f1c0,macOS-26.5.1-arm64-arm-64bit,images/snake.png,1920,1080,auto,auto,#0072B2,12,2,26,0.040255,0.058005,0.01775,180,180,'$BUILD_DIR/converters/img2sixel' --threads=12 --precision=8bit --quality=high '--loaders=builtin!' --diffusion=none --gpu-policy=off --palette-type=rgb -w 1920 -h 1080 --encode-policy auto -p 256 -o /dev/null -J '{timeline}' '$TOP_SRCDIR/images/snake.png'
a639171f5a3ab8207dbb5450edb8b0a000e1f1c0,macOS-26.5.1-arm64-arm-64bit,images/snake.png,1920,1080,auto,auto,#0072B2,11,2,27,0.038954,0.058048,0.019094,180,180,'$BUILD_DIR/converters/img2sixel' --threads=11 --precision=8bit --quality=high '--loaders=builtin!' --diffusion=none --gpu-policy=off --palette-type=rgb -w 1920 -h 1080 --encode-policy auto -p 256 -o /dev/null -J '{timeline}' '$TOP_SRCDIR/images/snake.png'
a639171f5a3ab8207dbb5450edb8b0a000e1f1c0,macOS-26.5.1-arm64-arm-64bit,images/snake.png,1920,1080,auto,auto,#0072B2,10,2,28,0.03813,0.058886,0.020756,180,180,'$BUILD_DIR/converters/img2sixel' --threads=10 --precision=8bit --quality=high '--loaders=builtin!' --diffusion=none --gpu-policy=off --palette-type=rgb -w 1920 -h 1080 --encode-policy auto -p 256 -o /dev/null -J '{timeline}' '$TOP_SRCDIR/images/snake.png'
a639171f5a3ab8207dbb5450edb8b0a000e1f1c0,macOS-26.5.1-arm64-arm-64bit,images/snake.png,1920,1080,auto,auto,#0072B2,9,2,29,0.037277,0.058345,0.021068,180,180,'$BUILD_DIR/converters/img2sixel' --threads=9 --precision=8bit --quality=high '--loaders=builtin!' --diffusion=none --gpu-policy=off --palette-type=rgb -w 1920 -h 1080 --encode-policy auto -p 256 -o /dev/null -J '{timeline}' '$TOP_SRCDIR/images/snake.png'
a639171f5a3ab8207dbb5450edb8b0a000e1f1c0,macOS-26.5.1-arm64-arm-64bit,images/snake.png,1920,1080,auto,auto,#0072B2,8,2,30,0.036767,0.058009,0.021242,180,180,'$BUILD_DIR/converters/img2sixel' --threads=8 --precision=8bit --quality=high '--loaders=builtin!' --diffusion=none --gpu-policy=off --palette-type=rgb -w 1920 -h 1080 --encode-policy auto -p 256 -o /dev/null -J '{timeline}' '$TOP_SRCDIR/images/snake.png'
a639171f5a3ab8207dbb5450edb8b0a000e1f1c0,macOS-26.5.1-arm64-arm-64bit,images/snake.png,1920,1080,auto,auto,#0072B2,7,2,31,0.036758,0.061097,0.024339,180,180,'$BUILD_DIR/converters/img2sixel' --threads=7 --precision=8bit --quality=high '--loaders=builtin!' --diffusion=none --gpu-policy=off --palette-type=rgb -w 1920 -h 1080 --encode-policy auto -p 256 -o /dev/null -J '{timeline}' '$TOP_SRCDIR/images/snake.png'
a639171f5a3ab8207dbb5450edb8b0a000e1f1c0,macOS-26.5.1-arm64-arm-64bit,images/snake.png,1920,1080,auto,auto,#0072B2,6,2,32,0.037873,0.065514,0.027641,180,180,'$BUILD_DIR/converters/img2sixel' --threads=6 --precision=8bit --quality=high '--loaders=builtin!' --diffusion=none --gpu-policy=off --palette-type=rgb -w 1920 -h 1080 --encode-policy auto -p 256 -o /dev/null -J '{timeline}' '$TOP_SRCDIR/images/snake.png'
a639171f5a3ab8207dbb5450edb8b0a000e1f1c0,macOS-26.5.1-arm64-arm-64bit,images/snake.png,1920,1080,auto,auto,#0072B2,5,2,33,0.035306,0.064252,0.028946,180,180,'$BUILD_DIR/converters/img2sixel' --threads=5 --precision=8bit --quality=high '--loaders=builtin!' --diffusion=none --gpu-policy=off --palette-type=rgb -w 1920 -h 1080 --encode-policy auto -p 256 -o /dev/null -J '{timeline}' '$TOP_SRCDIR/images/snake.png'
a639171f5a3ab8207dbb5450edb8b0a000e1f1c0,macOS-26.5.1-arm64-arm-64bit,images/snake.png,1920,1080,auto,auto,#0072B2,4,2,34,0.037803,0.078124,0.040321,180,180,'$BUILD_DIR/converters/img2sixel' --threads=4 --precision=8bit --quality=high '--loaders=builtin!' --diffusion=none --gpu-policy=off --palette-type=rgb -w 1920 -h 1080 --encode-policy auto -p 256 -o /dev/null -J '{timeline}' '$TOP_SRCDIR/images/snake.png'
a639171f5a3ab8207dbb5450edb8b0a000e1f1c0,macOS-26.5.1-arm64-arm-64bit,images/snake.png,1920,1080,auto,auto,#0072B2,3,2,35,0.050124,0.105226,0.055102,180,180,'$BUILD_DIR/converters/img2sixel' --threads=3 --precision=8bit --quality=high '--loaders=builtin!' --diffusion=none --gpu-policy=off --palette-type=rgb -w 1920 -h 1080 --encode-policy auto -p 256 -o /dev/null -J '{timeline}' '$TOP_SRCDIR/images/snake.png'
a639171f5a3ab8207dbb5450edb8b0a000e1f1c0,macOS-26.5.1-arm64-arm-64bit,images/snake.png,1920,1080,auto,auto,#0072B2,2,2,36,0.1001,0.11451,0.01441,180,180,'$BUILD_DIR/converters/img2sixel' --threads=2 --precision=8bit --quality=high '--loaders=builtin!' --diffusion=none --gpu-policy=off --palette-type=rgb -w 1920 -h 1080 --encode-policy auto -p 256 -o /dev/null -J '{timeline}' '$TOP_SRCDIR/images/snake.png'
a639171f5a3ab8207dbb5450edb8b0a000e1f1c0,macOS-26.5.1-arm64-arm-64bit,images/snake.png,1920,1080,auto,auto,#0072B2,3,3,1,0.04793,0.103879,0.055949,180,180,'$BUILD_DIR/converters/img2sixel' --threads=3 --precision=8bit --quality=high '--loaders=builtin!' --diffusion=none --gpu-policy=off --palette-type=rgb -w 1920 -h 1080 --encode-policy auto -p 256 -o /dev/null -J '{timeline}' '$TOP_SRCDIR/images/snake.png'
a639171f5a3ab8207dbb5450edb8b0a000e1f1c0,macOS-26.5.1-arm64-arm-64bit,images/snake.png,1920,1080,auto,auto,#0072B2,4,3,2,0.039252,0.077126,0.037874,180,180,'$BUILD_DIR/converters/img2sixel' --threads=4 --precision=8bit --quality=high '--loaders=builtin!' --diffusion=none --gpu-policy=off --palette-type=rgb -w 1920 -h 1080 --encode-policy auto -p 256 -o /dev/null -J '{timeline}' '$TOP_SRCDIR/images/snake.png'
a639171f5a3ab8207dbb5450edb8b0a000e1f1c0,macOS-26.5.1-arm64-arm-64bit,images/snake.png,1920,1080,auto,auto,#0072B2,5,3,3,0.039016,0.067077,0.028061,180,180,'$BUILD_DIR/converters/img2sixel' --threads=5 --precision=8bit --quality=high '--loaders=builtin!' --diffusion=none --gpu-policy=off --palette-type=rgb -w 1920 -h 1080 --encode-policy auto -p 256 -o /dev/null -J '{timeline}' '$TOP_SRCDIR/images/snake.png'
a639171f5a3ab8207dbb5450edb8b0a000e1f1c0,macOS-26.5.1-arm64-arm-64bit,images/snake.png,1920,1080,auto,auto,#0072B2,6,3,4,0.037041,0.066127,0.029086,180,180,'$BUILD_DIR/converters/img2sixel' --threads=6 --precision=8bit --quality=high '--loaders=builtin!' --diffusion=none --gpu-policy=off --palette-type=rgb -w 1920 -h 1080 --encode-policy auto -p 256 -o /dev/null -J '{timeline}' '$TOP_SRCDIR/images/snake.png'
a639171f5a3ab8207dbb5450edb8b0a000e1f1c0,macOS-26.5.1-arm64-arm-64bit,images/snake.png,1920,1080,auto,auto,#0072B2,7,3,5,0.037035,0.062538,0.025503,180,180,'$BUILD_DIR/converters/img2sixel' --threads=7 --precision=8bit --quality=high '--loaders=builtin!' --diffusion=none --gpu-policy=off --palette-type=rgb -w 1920 -h 1080 --encode-policy auto -p 256 -o /dev/null -J '{timeline}' '$TOP_SRCDIR/images/snake.png'
a639171f5a3ab8207dbb5450edb8b0a000e1f1c0,macOS-26.5.1-arm64-arm-64bit,images/snake.png,1920,1080,auto,auto,#0072B2,8,3,6,0.037841,0.059003,0.021162,180,180,'$BUILD_DIR/converters/img2sixel' --threads=8 --precision=8bit --quality=high '--loaders=builtin!' --diffusion=none --gpu-policy=off --palette-type=rgb -w 1920 -h 1080 --encode-policy auto -p 256 -o /dev/null -J '{timeline}' '$TOP_SRCDIR/images/snake.png'
a639171f5a3ab8207dbb5450edb8b0a000e1f1c0,macOS-26.5.1-arm64-arm-64bit,images/snake.png,1920,1080,auto,auto,#0072B2,9,3,7,0.036647,0.057731,0.021084,180,180,'$BUILD_DIR/converters/img2sixel' --threads=9 --precision=8bit --quality=high '--loaders=builtin!' --diffusion=none --gpu-policy=off --palette-type=rgb -w 1920 -h 1080 --encode-policy auto -p 256 -o /dev/null -J '{timeline}' '$TOP_SRCDIR/images/snake.png'
a639171f5a3ab8207dbb5450edb8b0a000e1f1c0,macOS-26.5.1-arm64-arm-64bit,images/snake.png,1920,1080,auto,auto,#0072B2,10,3,8,0.038044,0.058219,0.020175,180,180,'$BUILD_DIR/converters/img2sixel' --threads=10 --precision=8bit --quality=high '--loaders=builtin!' --diffusion=none --gpu-policy=off --palette-type=rgb -w 1920 -h 1080 --encode-policy auto -p 256 -o /dev/null -J '{timeline}' '$TOP_SRCDIR/images/snake.png'
a639171f5a3ab8207dbb5450edb8b0a000e1f1c0,macOS-26.5.1-arm64-arm-64bit,images/snake.png,1920,1080,auto,auto,#0072B2,11,3,9,0.038061,0.057583,0.019522,180,180,'$BUILD_DIR/converters/img2sixel' --threads=11 --precision=8bit --quality=high '--loaders=builtin!' --diffusion=none --gpu-policy=off --palette-type=rgb -w 1920 -h 1080 --encode-policy auto -p 256 -o /dev/null -J '{timeline}' '$TOP_SRCDIR/images/snake.png'
a639171f5a3ab8207dbb5450edb8b0a000e1f1c0,macOS-26.5.1-arm64-arm-64bit,images/snake.png,1920,1080,auto,auto,#0072B2,12,3,10,0.038929,0.056451,0.017522,180,180,'$BUILD_DIR/converters/img2sixel' --threads=12 --precision=8bit --quality=high '--loaders=builtin!' --diffusion=none --gpu-policy=off --palette-type=rgb -w 1920 -h 1080 --encode-policy auto -p 256 -o /dev/null -J '{timeline}' '$TOP_SRCDIR/images/snake.png'
a639171f5a3ab8207dbb5450edb8b0a000e1f1c0,macOS-26.5.1-arm64-arm-64bit,images/snake.png,1920,1080,fast,fast,#009E73,1,3,11,0.100214,0.121334,0.02112,180,180,'$BUILD_DIR/converters/img2sixel' --threads=1 --precision=8bit --quality=high '--loaders=builtin!' --diffusion=none --gpu-policy=off --palette-type=rgb -w 1920 -h 1080 --encode-policy fast -p 256 -o /dev/null -J '{timeline}' '$TOP_SRCDIR/images/snake.png'
a639171f5a3ab8207dbb5450edb8b0a000e1f1c0,macOS-26.5.1-arm64-arm-64bit,images/snake.png,1920,1080,fast,fast,#009E73,2,3,12,0.098595,0.112603,0.014008,180,180,'$BUILD_DIR/converters/img2sixel' --threads=2 --precision=8bit --quality=high '--loaders=builtin!' --diffusion=none --gpu-policy=off --palette-type=rgb -w 1920 -h 1080 --encode-policy fast -p 256 -o /dev/null -J '{timeline}' '$TOP_SRCDIR/images/snake.png'
a639171f5a3ab8207dbb5450edb8b0a000e1f1c0,macOS-26.5.1-arm64-arm-64bit,images/snake.png,1920,1080,fast,fast,#009E73,3,3,13,0.047232,0.101831,0.054599,180,180,'$BUILD_DIR/converters/img2sixel' --threads=3 --precision=8bit --quality=high '--loaders=builtin!' --diffusion=none --gpu-policy=off --palette-type=rgb -w 1920 -h 1080 --encode-policy fast -p 256 -o /dev/null -J '{timeline}' '$TOP_SRCDIR/images/snake.png'
a639171f5a3ab8207dbb5450edb8b0a000e1f1c0,macOS-26.5.1-arm64-arm-64bit,images/snake.png,1920,1080,fast,fast,#009E73,4,3,14,0.038513,0.078914,0.040401,180,180,'$BUILD_DIR/converters/img2sixel' --threads=4 --precision=8bit --quality=high '--loaders=builtin!' --diffusion=none --gpu-policy=off --palette-type=rgb -w 1920 -h 1080 --encode-policy fast -p 256 -o /dev/null -J '{timeline}' '$TOP_SRCDIR/images/snake.png'
a639171f5a3ab8207dbb5450edb8b0a000e1f1c0,macOS-26.5.1-arm64-arm-64bit,images/snake.png,1920,1080,fast,fast,#009E73,5,3,15,0.038388,0.067543,0.029155,180,180,'$BUILD_DIR/converters/img2sixel' --threads=5 --precision=8bit --quality=high '--loaders=builtin!' --diffusion=none --gpu-policy=off --palette-type=rgb -w 1920 -h 1080 --encode-policy fast -p 256 -o /dev/null -J '{timeline}' '$TOP_SRCDIR/images/snake.png'
a639171f5a3ab8207dbb5450edb8b0a000e1f1c0,macOS-26.5.1-arm64-arm-64bit,images/snake.png,1920,1080,fast,fast,#009E73,6,3,16,0.038755,0.067157,0.028402,180,180,'$BUILD_DIR/converters/img2sixel' --threads=6 --precision=8bit --quality=high '--loaders=builtin!' --diffusion=none --gpu-policy=off --palette-type=rgb -w 1920 -h 1080 --encode-policy fast -p 256 -o /dev/null -J '{timeline}' '$TOP_SRCDIR/images/snake.png'
a639171f5a3ab8207dbb5450edb8b0a000e1f1c0,macOS-26.5.1-arm64-arm-64bit,images/snake.png,1920,1080,fast,fast,#009E73,7,3,17,0.03729,0.062854,0.025564,180,180,'$BUILD_DIR/converters/img2sixel' --threads=7 --precision=8bit --quality=high '--loaders=builtin!' --diffusion=none --gpu-policy=off --palette-type=rgb -w 1920 -h 1080 --encode-policy fast -p 256 -o /dev/null -J '{timeline}' '$TOP_SRCDIR/images/snake.png'
a639171f5a3ab8207dbb5450edb8b0a000e1f1c0,macOS-26.5.1-arm64-arm-64bit,images/snake.png,1920,1080,fast,fast,#009E73,8,3,18,0.037651,0.075087,0.037436,180,180,'$BUILD_DIR/converters/img2sixel' --threads=8 --precision=8bit --quality=high '--loaders=builtin!' --diffusion=none --gpu-policy=off --palette-type=rgb -w 1920 -h 1080 --encode-policy fast -p 256 -o /dev/null -J '{timeline}' '$TOP_SRCDIR/images/snake.png'
a639171f5a3ab8207dbb5450edb8b0a000e1f1c0,macOS-26.5.1-arm64-arm-64bit,images/snake.png,1920,1080,fast,fast,#009E73,9,3,19,0.038481,0.060187,0.021706,180,180,'$BUILD_DIR/converters/img2sixel' --threads=9 --precision=8bit --quality=high '--loaders=builtin!' --diffusion=none --gpu-policy=off --palette-type=rgb -w 1920 -h 1080 --encode-policy fast -p 256 -o /dev/null -J '{timeline}' '$TOP_SRCDIR/images/snake.png'
a639171f5a3ab8207dbb5450edb8b0a000e1f1c0,macOS-26.5.1-arm64-arm-64bit,images/snake.png,1920,1080,fast,fast,#009E73,10,3,20,0.036855,0.057759,0.020904,180,180,'$BUILD_DIR/converters/img2sixel' --threads=10 --precision=8bit --quality=high '--loaders=builtin!' --diffusion=none --gpu-policy=off --palette-type=rgb -w 1920 -h 1080 --encode-policy fast -p 256 -o /dev/null -J '{timeline}' '$TOP_SRCDIR/images/snake.png'
a639171f5a3ab8207dbb5450edb8b0a000e1f1c0,macOS-26.5.1-arm64-arm-64bit,images/snake.png,1920,1080,fast,fast,#009E73,11,3,21,0.037743,0.057061,0.019318,180,180,'$BUILD_DIR/converters/img2sixel' --threads=11 --precision=8bit --quality=high '--loaders=builtin!' --diffusion=none --gpu-policy=off --palette-type=rgb -w 1920 -h 1080 --encode-policy fast -p 256 -o /dev/null -J '{timeline}' '$TOP_SRCDIR/images/snake.png'
a639171f5a3ab8207dbb5450edb8b0a000e1f1c0,macOS-26.5.1-arm64-arm-64bit,images/snake.png,1920,1080,fast,fast,#009E73,12,3,22,0.038224,0.056439,0.018215,180,180,'$BUILD_DIR/converters/img2sixel' --threads=12 --precision=8bit --quality=high '--loaders=builtin!' --diffusion=none --gpu-policy=off --palette-type=rgb -w 1920 -h 1080 --encode-policy fast -p 256 -o /dev/null -J '{timeline}' '$TOP_SRCDIR/images/snake.png'
a639171f5a3ab8207dbb5450edb8b0a000e1f1c0,macOS-26.5.1-arm64-arm-64bit,images/snake.png,1920,1080,size,size,#D55E00,1,3,23,0.103991,0.124402,0.020411,180,180,'$BUILD_DIR/converters/img2sixel' --threads=1 --precision=8bit --quality=high '--loaders=builtin!' --diffusion=none --gpu-policy=off --palette-type=rgb -w 1920 -h 1080 --encode-policy size -p 256 -o /dev/null -J '{timeline}' '$TOP_SRCDIR/images/snake.png'
a639171f5a3ab8207dbb5450edb8b0a000e1f1c0,macOS-26.5.1-arm64-arm-64bit,images/snake.png,1920,1080,size,size,#D55E00,2,3,24,0.098495,0.112446,0.013951,180,180,'$BUILD_DIR/converters/img2sixel' --threads=2 --precision=8bit --quality=high '--loaders=builtin!' --diffusion=none --gpu-policy=off --palette-type=rgb -w 1920 -h 1080 --encode-policy size -p 256 -o /dev/null -J '{timeline}' '$TOP_SRCDIR/images/snake.png'
a639171f5a3ab8207dbb5450edb8b0a000e1f1c0,macOS-26.5.1-arm64-arm-64bit,images/snake.png,1920,1080,size,size,#D55E00,3,3,25,0.047851,0.102371,0.05452,180,180,'$BUILD_DIR/converters/img2sixel' --threads=3 --precision=8bit --quality=high '--loaders=builtin!' --diffusion=none --gpu-policy=off --palette-type=rgb -w 1920 -h 1080 --encode-policy size -p 256 -o /dev/null -J '{timeline}' '$TOP_SRCDIR/images/snake.png'
a639171f5a3ab8207dbb5450edb8b0a000e1f1c0,macOS-26.5.1-arm64-arm-64bit,images/snake.png,1920,1080,size,size,#D55E00,4,3,26,0.037532,0.075283,0.037751,180,180,'$BUILD_DIR/converters/img2sixel' --threads=4 --precision=8bit --quality=high '--loaders=builtin!' --diffusion=none --gpu-policy=off --palette-type=rgb -w 1920 -h 1080 --encode-policy size -p 256 -o /dev/null -J '{timeline}' '$TOP_SRCDIR/images/snake.png'
a639171f5a3ab8207dbb5450edb8b0a000e1f1c0,macOS-26.5.1-arm64-arm-64bit,images/snake.png,1920,1080,size,size,#D55E00,5,3,27,0.039325,0.068142,0.028817,180,180,'$BUILD_DIR/converters/img2sixel' --threads=5 --precision=8bit --quality=high '--loaders=builtin!' --diffusion=none --gpu-policy=off --palette-type=rgb -w 1920 -h 1080 --encode-policy size -p 256 -o /dev/null -J '{timeline}' '$TOP_SRCDIR/images/snake.png'
a639171f5a3ab8207dbb5450edb8b0a000e1f1c0,macOS-26.5.1-arm64-arm-64bit,images/snake.png,1920,1080,size,size,#D55E00,6,3,28,0.03765,0.066464,0.028814,180,180,'$BUILD_DIR/converters/img2sixel' --threads=6 --precision=8bit --quality=high '--loaders=builtin!' --diffusion=none --gpu-policy=off --palette-type=rgb -w 1920 -h 1080 --encode-policy size -p 256 -o /dev/null -J '{timeline}' '$TOP_SRCDIR/images/snake.png'
a639171f5a3ab8207dbb5450edb8b0a000e1f1c0,macOS-26.5.1-arm64-arm-64bit,images/snake.png,1920,1080,size,size,#D55E00,7,3,29,0.037304,0.062099,0.024795,180,180,'$BUILD_DIR/converters/img2sixel' --threads=7 --precision=8bit --quality=high '--loaders=builtin!' --diffusion=none --gpu-policy=off --palette-type=rgb -w 1920 -h 1080 --encode-policy size -p 256 -o /dev/null -J '{timeline}' '$TOP_SRCDIR/images/snake.png'
a639171f5a3ab8207dbb5450edb8b0a000e1f1c0,macOS-26.5.1-arm64-arm-64bit,images/snake.png,1920,1080,size,size,#D55E00,8,3,30,0.037397,0.058461,0.021064,180,180,'$BUILD_DIR/converters/img2sixel' --threads=8 --precision=8bit --quality=high '--loaders=builtin!' --diffusion=none --gpu-policy=off --palette-type=rgb -w 1920 -h 1080 --encode-policy size -p 256 -o /dev/null -J '{timeline}' '$TOP_SRCDIR/images/snake.png'
a639171f5a3ab8207dbb5450edb8b0a000e1f1c0,macOS-26.5.1-arm64-arm-64bit,images/snake.png,1920,1080,size,size,#D55E00,9,3,31,0.036907,0.059191,0.022284,180,180,'$BUILD_DIR/converters/img2sixel' --threads=9 --precision=8bit --quality=high '--loaders=builtin!' --diffusion=none --gpu-policy=off --palette-type=rgb -w 1920 -h 1080 --encode-policy size -p 256 -o /dev/null -J '{timeline}' '$TOP_SRCDIR/images/snake.png'
a639171f5a3ab8207dbb5450edb8b0a000e1f1c0,macOS-26.5.1-arm64-arm-64bit,images/snake.png,1920,1080,size,size,#D55E00,10,3,32,0.038321,0.058013,0.019692,180,180,'$BUILD_DIR/converters/img2sixel' --threads=10 --precision=8bit --quality=high '--loaders=builtin!' --diffusion=none --gpu-policy=off --palette-type=rgb -w 1920 -h 1080 --encode-policy size -p 256 -o /dev/null -J '{timeline}' '$TOP_SRCDIR/images/snake.png'
a639171f5a3ab8207dbb5450edb8b0a000e1f1c0,macOS-26.5.1-arm64-arm-64bit,images/snake.png,1920,1080,size,size,#D55E00,11,3,33,0.03757,0.055947,0.018377,180,180,'$BUILD_DIR/converters/img2sixel' --threads=11 --precision=8bit --quality=high '--loaders=builtin!' --diffusion=none --gpu-policy=off --palette-type=rgb -w 1920 -h 1080 --encode-policy size -p 256 -o /dev/null -J '{timeline}' '$TOP_SRCDIR/images/snake.png'
a639171f5a3ab8207dbb5450edb8b0a000e1f1c0,macOS-26.5.1-arm64-arm-64bit,images/snake.png,1920,1080,size,size,#D55E00,12,3,34,0.037793,0.055744,0.017951,180,180,'$BUILD_DIR/converters/img2sixel' --threads=12 --precision=8bit --quality=high '--loaders=builtin!' --diffusion=none --gpu-policy=off --palette-type=rgb -w 1920 -h 1080 --encode-policy size -p 256 -o /dev/null -J '{timeline}' '$TOP_SRCDIR/images/snake.png'
a639171f5a3ab8207dbb5450edb8b0a000e1f1c0,macOS-26.5.1-arm64-arm-64bit,images/snake.png,1920,1080,auto,auto,#0072B2,1,3,35,0.098691,0.118592,0.019901,180,180,'$BUILD_DIR/converters/img2sixel' --threads=1 --precision=8bit --quality=high '--loaders=builtin!' --diffusion=none --gpu-policy=off --palette-type=rgb -w 1920 -h 1080 --encode-policy auto -p 256 -o /dev/null -J '{timeline}' '$TOP_SRCDIR/images/snake.png'
a639171f5a3ab8207dbb5450edb8b0a000e1f1c0,macOS-26.5.1-arm64-arm-64bit,images/snake.png,1920,1080,auto,auto,#0072B2,2,3,36,0.102175,0.116884,0.014709,180,180,'$BUILD_DIR/converters/img2sixel' --threads=2 --precision=8bit --quality=high '--loaders=builtin!' --diffusion=none --gpu-policy=off --palette-type=rgb -w 1920 -h 1080 --encode-policy auto -p 256 -o /dev/null -J '{timeline}' '$TOP_SRCDIR/images/snake.png'
a639171f5a3ab8207dbb5450edb8b0a000e1f1c0,macOS-26.5.1-arm64-arm-64bit,images/snake.png,1920,1080,auto,auto,#0072B2,3,4,1,0.048725,0.101298,0.052573,180,180,'$BUILD_DIR/converters/img2sixel' --threads=3 --precision=8bit --quality=high '--loaders=builtin!' --diffusion=none --gpu-policy=off --palette-type=rgb -w 1920 -h 1080 --encode-policy auto -p 256 -o /dev/null -J '{timeline}' '$TOP_SRCDIR/images/snake.png'
a639171f5a3ab8207dbb5450edb8b0a000e1f1c0,macOS-26.5.1-arm64-arm-64bit,images/snake.png,1920,1080,auto,auto,#0072B2,2,4,2,0.099618,0.114095,0.014477,180,180,'$BUILD_DIR/converters/img2sixel' --threads=2 --precision=8bit --quality=high '--loaders=builtin!' --diffusion=none --gpu-policy=off --palette-type=rgb -w 1920 -h 1080 --encode-policy auto -p 256 -o /dev/null -J '{timeline}' '$TOP_SRCDIR/images/snake.png'
a639171f5a3ab8207dbb5450edb8b0a000e1f1c0,macOS-26.5.1-arm64-arm-64bit,images/snake.png,1920,1080,auto,auto,#0072B2,1,4,3,0.101934,0.124301,0.022367,180,180,'$BUILD_DIR/converters/img2sixel' --threads=1 --precision=8bit --quality=high '--loaders=builtin!' --diffusion=none --gpu-policy=off --palette-type=rgb -w 1920 -h 1080 --encode-policy auto -p 256 -o /dev/null -J '{timeline}' '$TOP_SRCDIR/images/snake.png'
a639171f5a3ab8207dbb5450edb8b0a000e1f1c0,macOS-26.5.1-arm64-arm-64bit,images/snake.png,1920,1080,size,size,#D55E00,12,4,4,0.039687,0.058445,0.018758,180,180,'$BUILD_DIR/converters/img2sixel' --threads=12 --precision=8bit --quality=high '--loaders=builtin!' --diffusion=none --gpu-policy=off --palette-type=rgb -w 1920 -h 1080 --encode-policy size -p 256 -o /dev/null -J '{timeline}' '$TOP_SRCDIR/images/snake.png'
a639171f5a3ab8207dbb5450edb8b0a000e1f1c0,macOS-26.5.1-arm64-arm-64bit,images/snake.png,1920,1080,size,size,#D55E00,11,4,5,0.038933,0.057842,0.018909,180,180,'$BUILD_DIR/converters/img2sixel' --threads=11 --precision=8bit --quality=high '--loaders=builtin!' --diffusion=none --gpu-policy=off --palette-type=rgb -w 1920 -h 1080 --encode-policy size -p 256 -o /dev/null -J '{timeline}' '$TOP_SRCDIR/images/snake.png'
a639171f5a3ab8207dbb5450edb8b0a000e1f1c0,macOS-26.5.1-arm64-arm-64bit,images/snake.png,1920,1080,size,size,#D55E00,10,4,6,0.038305,0.057767,0.019462,180,180,'$BUILD_DIR/converters/img2sixel' --threads=10 --precision=8bit --quality=high '--loaders=builtin!' --diffusion=none --gpu-policy=off --palette-type=rgb -w 1920 -h 1080 --encode-policy size -p 256 -o /dev/null -J '{timeline}' '$TOP_SRCDIR/images/snake.png'
a639171f5a3ab8207dbb5450edb8b0a000e1f1c0,macOS-26.5.1-arm64-arm-64bit,images/snake.png,1920,1080,size,size,#D55E00,9,4,7,0.038979,0.060589,0.02161,180,180,'$BUILD_DIR/converters/img2sixel' --threads=9 --precision=8bit --quality=high '--loaders=builtin!' --diffusion=none --gpu-policy=off --palette-type=rgb -w 1920 -h 1080 --encode-policy size -p 256 -o /dev/null -J '{timeline}' '$TOP_SRCDIR/images/snake.png'
a639171f5a3ab8207dbb5450edb8b0a000e1f1c0,macOS-26.5.1-arm64-arm-64bit,images/snake.png,1920,1080,size,size,#D55E00,8,4,8,0.037303,0.059196,0.021893,180,180,'$BUILD_DIR/converters/img2sixel' --threads=8 --precision=8bit --quality=high '--loaders=builtin!' --diffusion=none --gpu-policy=off --palette-type=rgb -w 1920 -h 1080 --encode-policy size -p 256 -o /dev/null -J '{timeline}' '$TOP_SRCDIR/images/snake.png'
a639171f5a3ab8207dbb5450edb8b0a000e1f1c0,macOS-26.5.1-arm64-arm-64bit,images/snake.png,1920,1080,size,size,#D55E00,7,4,9,0.037858,0.062488,0.02463,180,180,'$BUILD_DIR/converters/img2sixel' --threads=7 --precision=8bit --quality=high '--loaders=builtin!' --diffusion=none --gpu-policy=off --palette-type=rgb -w 1920 -h 1080 --encode-policy size -p 256 -o /dev/null -J '{timeline}' '$TOP_SRCDIR/images/snake.png'
a639171f5a3ab8207dbb5450edb8b0a000e1f1c0,macOS-26.5.1-arm64-arm-64bit,images/snake.png,1920,1080,size,size,#D55E00,6,4,10,0.038348,0.066808,0.02846,180,180,'$BUILD_DIR/converters/img2sixel' --threads=6 --precision=8bit --quality=high '--loaders=builtin!' --diffusion=none --gpu-policy=off --palette-type=rgb -w 1920 -h 1080 --encode-policy size -p 256 -o /dev/null -J '{timeline}' '$TOP_SRCDIR/images/snake.png'
a639171f5a3ab8207dbb5450edb8b0a000e1f1c0,macOS-26.5.1-arm64-arm-64bit,images/snake.png,1920,1080,size,size,#D55E00,5,4,11,0.041333,0.068902,0.027569,180,180,'$BUILD_DIR/converters/img2sixel' --threads=5 --precision=8bit --quality=high '--loaders=builtin!' --diffusion=none --gpu-policy=off --palette-type=rgb -w 1920 -h 1080 --encode-policy size -p 256 -o /dev/null -J '{timeline}' '$TOP_SRCDIR/images/snake.png'
a639171f5a3ab8207dbb5450edb8b0a000e1f1c0,macOS-26.5.1-arm64-arm-64bit,images/snake.png,1920,1080,size,size,#D55E00,4,4,12,0.037542,0.077349,0.039807,180,180,'$BUILD_DIR/converters/img2sixel' --threads=4 --precision=8bit --quality=high '--loaders=builtin!' --diffusion=none --gpu-policy=off --palette-type=rgb -w 1920 -h 1080 --encode-policy size -p 256 -o /dev/null -J '{timeline}' '$TOP_SRCDIR/images/snake.png'
a639171f5a3ab8207dbb5450edb8b0a000e1f1c0,macOS-26.5.1-arm64-arm-64bit,images/snake.png,1920,1080,size,size,#D55E00,3,4,13,0.046459,0.101098,0.054639,180,180,'$BUILD_DIR/converters/img2sixel' --threads=3 --precision=8bit --quality=high '--loaders=builtin!' --diffusion=none --gpu-policy=off --palette-type=rgb -w 1920 -h 1080 --encode-policy size -p 256 -o /dev/null -J '{timeline}' '$TOP_SRCDIR/images/snake.png'
a639171f5a3ab8207dbb5450edb8b0a000e1f1c0,macOS-26.5.1-arm64-arm-64bit,images/snake.png,1920,1080,size,size,#D55E00,2,4,14,0.093062,0.107049,0.013987,180,180,'$BUILD_DIR/converters/img2sixel' --threads=2 --precision=8bit --quality=high '--loaders=builtin!' --diffusion=none --gpu-policy=off --palette-type=rgb -w 1920 -h 1080 --encode-policy size -p 256 -o /dev/null -J '{timeline}' '$TOP_SRCDIR/images/snake.png'
a639171f5a3ab8207dbb5450edb8b0a000e1f1c0,macOS-26.5.1-arm64-arm-64bit,images/snake.png,1920,1080,size,size,#D55E00,1,4,15,0.093585,0.113054,0.019469,180,180,'$BUILD_DIR/converters/img2sixel' --threads=1 --precision=8bit --quality=high '--loaders=builtin!' --diffusion=none --gpu-policy=off --palette-type=rgb -w 1920 -h 1080 --encode-policy size -p 256 -o /dev/null -J '{timeline}' '$TOP_SRCDIR/images/snake.png'
a639171f5a3ab8207dbb5450edb8b0a000e1f1c0,macOS-26.5.1-arm64-arm-64bit,images/snake.png,1920,1080,fast,fast,#009E73,12,4,16,0.035193,0.052127,0.016934,180,180,'$BUILD_DIR/converters/img2sixel' --threads=12 --precision=8bit --quality=high '--loaders=builtin!' --diffusion=none --gpu-policy=off --palette-type=rgb -w 1920 -h 1080 --encode-policy fast -p 256 -o /dev/null -J '{timeline}' '$TOP_SRCDIR/images/snake.png'
a639171f5a3ab8207dbb5450edb8b0a000e1f1c0,macOS-26.5.1-arm64-arm-64bit,images/snake.png,1920,1080,fast,fast,#009E73,11,4,17,0.037126,0.05651,0.019384,180,180,'$BUILD_DIR/converters/img2sixel' --threads=11 --precision=8bit --quality=high '--loaders=builtin!' --diffusion=none --gpu-policy=off --palette-type=rgb -w 1920 -h 1080 --encode-policy fast -p 256 -o /dev/null -J '{timeline}' '$TOP_SRCDIR/images/snake.png'
a639171f5a3ab8207dbb5450edb8b0a000e1f1c0,macOS-26.5.1-arm64-arm-64bit,images/snake.png,1920,1080,fast,fast,#009E73,10,4,18,0.036112,0.056267,0.020155,180,180,'$BUILD_DIR/converters/img2sixel' --threads=10 --precision=8bit --quality=high '--loaders=builtin!' --diffusion=none --gpu-policy=off --palette-type=rgb -w 1920 -h 1080 --encode-policy fast -p 256 -o /dev/null -J '{timeline}' '$TOP_SRCDIR/images/snake.png'
a639171f5a3ab8207dbb5450edb8b0a000e1f1c0,macOS-26.5.1-arm64-arm-64bit,images/snake.png,1920,1080,fast,fast,#009E73,9,4,19,0.035718,0.054797,0.019079,180,180,'$BUILD_DIR/converters/img2sixel' --threads=9 --precision=8bit --quality=high '--loaders=builtin!' --diffusion=none --gpu-policy=off --palette-type=rgb -w 1920 -h 1080 --encode-policy fast -p 256 -o /dev/null -J '{timeline}' '$TOP_SRCDIR/images/snake.png'
a639171f5a3ab8207dbb5450edb8b0a000e1f1c0,macOS-26.5.1-arm64-arm-64bit,images/snake.png,1920,1080,fast,fast,#009E73,8,4,20,0.035759,0.057771,0.022012,180,180,'$BUILD_DIR/converters/img2sixel' --threads=8 --precision=8bit --quality=high '--loaders=builtin!' --diffusion=none --gpu-policy=off --palette-type=rgb -w 1920 -h 1080 --encode-policy fast -p 256 -o /dev/null -J '{timeline}' '$TOP_SRCDIR/images/snake.png'
a639171f5a3ab8207dbb5450edb8b0a000e1f1c0,macOS-26.5.1-arm64-arm-64bit,images/snake.png,1920,1080,fast,fast,#009E73,7,4,21,0.035227,0.058981,0.023754,180,180,'$BUILD_DIR/converters/img2sixel' --threads=7 --precision=8bit --quality=high '--loaders=builtin!' --diffusion=none --gpu-policy=off --palette-type=rgb -w 1920 -h 1080 --encode-policy fast -p 256 -o /dev/null -J '{timeline}' '$TOP_SRCDIR/images/snake.png'
a639171f5a3ab8207dbb5450edb8b0a000e1f1c0,macOS-26.5.1-arm64-arm-64bit,images/snake.png,1920,1080,fast,fast,#009E73,6,4,22,0.03614,0.062516,0.026376,180,180,'$BUILD_DIR/converters/img2sixel' --threads=6 --precision=8bit --quality=high '--loaders=builtin!' --diffusion=none --gpu-policy=off --palette-type=rgb -w 1920 -h 1080 --encode-policy fast -p 256 -o /dev/null -J '{timeline}' '$TOP_SRCDIR/images/snake.png'
a639171f5a3ab8207dbb5450edb8b0a000e1f1c0,macOS-26.5.1-arm64-arm-64bit,images/snake.png,1920,1080,fast,fast,#009E73,5,4,23,0.036582,0.065159,0.028577,180,180,'$BUILD_DIR/converters/img2sixel' --threads=5 --precision=8bit --quality=high '--loaders=builtin!' --diffusion=none --gpu-policy=off --palette-type=rgb -w 1920 -h 1080 --encode-policy fast -p 256 -o /dev/null -J '{timeline}' '$TOP_SRCDIR/images/snake.png'
a639171f5a3ab8207dbb5450edb8b0a000e1f1c0,macOS-26.5.1-arm64-arm-64bit,images/snake.png,1920,1080,fast,fast,#009E73,4,4,24,0.035877,0.075541,0.039664,180,180,'$BUILD_DIR/converters/img2sixel' --threads=4 --precision=8bit --quality=high '--loaders=builtin!' --diffusion=none --gpu-policy=off --palette-type=rgb -w 1920 -h 1080 --encode-policy fast -p 256 -o /dev/null -J '{timeline}' '$TOP_SRCDIR/images/snake.png'
a639171f5a3ab8207dbb5450edb8b0a000e1f1c0,macOS-26.5.1-arm64-arm-64bit,images/snake.png,1920,1080,fast,fast,#009E73,3,4,25,0.045696,0.097721,0.052025,180,180,'$BUILD_DIR/converters/img2sixel' --threads=3 --precision=8bit --quality=high '--loaders=builtin!' --diffusion=none --gpu-policy=off --palette-type=rgb -w 1920 -h 1080 --encode-policy fast -p 256 -o /dev/null -J '{timeline}' '$TOP_SRCDIR/images/snake.png'
a639171f5a3ab8207dbb5450edb8b0a000e1f1c0,macOS-26.5.1-arm64-arm-64bit,images/snake.png,1920,1080,fast,fast,#009E73,2,4,26,0.091066,0.105127,0.014061,180,180,'$BUILD_DIR/converters/img2sixel' --threads=2 --precision=8bit --quality=high '--loaders=builtin!' --diffusion=none --gpu-policy=off --palette-type=rgb -w 1920 -h 1080 --encode-policy fast -p 256 -o /dev/null -J '{timeline}' '$TOP_SRCDIR/images/snake.png'
a639171f5a3ab8207dbb5450edb8b0a000e1f1c0,macOS-26.5.1-arm64-arm-64bit,images/snake.png,1920,1080,fast,fast,#009E73,1,4,27,0.093897,0.114677,0.02078,180,180,'$BUILD_DIR/converters/img2sixel' --threads=1 --precision=8bit --quality=high '--loaders=builtin!' --diffusion=none --gpu-policy=off --palette-type=rgb -w 1920 -h 1080 --encode-policy fast -p 256 -o /dev/null -J '{timeline}' '$TOP_SRCDIR/images/snake.png'
a639171f5a3ab8207dbb5450edb8b0a000e1f1c0,macOS-26.5.1-arm64-arm-64bit,images/snake.png,1920,1080,auto,auto,#0072B2,12,4,28,0.035624,0.052692,0.017068,180,180,'$BUILD_DIR/converters/img2sixel' --threads=12 --precision=8bit --quality=high '--loaders=builtin!' --diffusion=none --gpu-policy=off --palette-type=rgb -w 1920 -h 1080 --encode-policy auto -p 256 -o /dev/null -J '{timeline}' '$TOP_SRCDIR/images/snake.png'
a639171f5a3ab8207dbb5450edb8b0a000e1f1c0,macOS-26.5.1-arm64-arm-64bit,images/snake.png,1920,1080,auto,auto,#0072B2,11,4,29,0.035645,0.053991,0.018346,180,180,'$BUILD_DIR/converters/img2sixel' --threads=11 --precision=8bit --quality=high '--loaders=builtin!' --diffusion=none --gpu-policy=off --palette-type=rgb -w 1920 -h 1080 --encode-policy auto -p 256 -o /dev/null -J '{timeline}' '$TOP_SRCDIR/images/snake.png'
a639171f5a3ab8207dbb5450edb8b0a000e1f1c0,macOS-26.5.1-arm64-arm-64bit,images/snake.png,1920,1080,auto,auto,#0072B2,10,4,30,0.035865,0.056506,0.020641,180,180,'$BUILD_DIR/converters/img2sixel' --threads=10 --precision=8bit --quality=high '--loaders=builtin!' --diffusion=none --gpu-policy=off --palette-type=rgb -w 1920 -h 1080 --encode-policy auto -p 256 -o /dev/null -J '{timeline}' '$TOP_SRCDIR/images/snake.png'
a639171f5a3ab8207dbb5450edb8b0a000e1f1c0,macOS-26.5.1-arm64-arm-64bit,images/snake.png,1920,1080,auto,auto,#0072B2,9,4,31,0.035262,0.055557,0.020295,180,180,'$BUILD_DIR/converters/img2sixel' --threads=9 --precision=8bit --quality=high '--loaders=builtin!' --diffusion=none --gpu-policy=off --palette-type=rgb -w 1920 -h 1080 --encode-policy auto -p 256 -o /dev/null -J '{timeline}' '$TOP_SRCDIR/images/snake.png'
a639171f5a3ab8207dbb5450edb8b0a000e1f1c0,macOS-26.5.1-arm64-arm-64bit,images/snake.png,1920,1080,auto,auto,#0072B2,8,4,32,0.038539,0.060678,0.022139,180,180,'$BUILD_DIR/converters/img2sixel' --threads=8 --precision=8bit --quality=high '--loaders=builtin!' --diffusion=none --gpu-policy=off --palette-type=rgb -w 1920 -h 1080 --encode-policy auto -p 256 -o /dev/null -J '{timeline}' '$TOP_SRCDIR/images/snake.png'
a639171f5a3ab8207dbb5450edb8b0a000e1f1c0,macOS-26.5.1-arm64-arm-64bit,images/snake.png,1920,1080,auto,auto,#0072B2,7,4,33,0.038072,0.063151,0.025079,180,180,'$BUILD_DIR/converters/img2sixel' --threads=7 --precision=8bit --quality=high '--loaders=builtin!' --diffusion=none --gpu-policy=off --palette-type=rgb -w 1920 -h 1080 --encode-policy auto -p 256 -o /dev/null -J '{timeline}' '$TOP_SRCDIR/images/snake.png'
a639171f5a3ab8207dbb5450edb8b0a000e1f1c0,macOS-26.5.1-arm64-arm-64bit,images/snake.png,1920,1080,auto,auto,#0072B2,6,4,34,0.038767,0.066337,0.02757,180,180,'$BUILD_DIR/converters/img2sixel' --threads=6 --precision=8bit --quality=high '--loaders=builtin!' --diffusion=none --gpu-policy=off --palette-type=rgb -w 1920 -h 1080 --encode-policy auto -p 256 -o /dev/null -J '{timeline}' '$TOP_SRCDIR/images/snake.png'
a639171f5a3ab8207dbb5450edb8b0a000e1f1c0,macOS-26.5.1-arm64-arm-64bit,images/snake.png,1920,1080,auto,auto,#0072B2,5,4,35,0.039655,0.068871,0.029216,180,180,'$BUILD_DIR/converters/img2sixel' --threads=5 --precision=8bit --quality=high '--loaders=builtin!' --diffusion=none --gpu-policy=off --palette-type=rgb -w 1920 -h 1080 --encode-policy auto -p 256 -o /dev/null -J '{timeline}' '$TOP_SRCDIR/images/snake.png'
a639171f5a3ab8207dbb5450edb8b0a000e1f1c0,macOS-26.5.1-arm64-arm-64bit,images/snake.png,1920,1080,auto,auto,#0072B2,4,4,36,0.037143,0.076683,0.03954,180,180,'$BUILD_DIR/converters/img2sixel' --threads=4 --precision=8bit --quality=high '--loaders=builtin!' --diffusion=none --gpu-policy=off --palette-type=rgb -w 1920 -h 1080 --encode-policy auto -p 256 -o /dev/null -J '{timeline}' '$TOP_SRCDIR/images/snake.png'
a639171f5a3ab8207dbb5450edb8b0a000e1f1c0,macOS-26.5.1-arm64-arm-64bit,images/snake.png,1920,1080,auto,auto,#0072B2,5,5,1,0.040152,0.068852,0.0287,180,180,'$BUILD_DIR/converters/img2sixel' --threads=5 --precision=8bit --quality=high '--loaders=builtin!' --diffusion=none --gpu-policy=off --palette-type=rgb -w 1920 -h 1080 --encode-policy auto -p 256 -o /dev/null -J '{timeline}' '$TOP_SRCDIR/images/snake.png'
a639171f5a3ab8207dbb5450edb8b0a000e1f1c0,macOS-26.5.1-arm64-arm-64bit,images/snake.png,1920,1080,auto,auto,#0072B2,6,5,2,0.037503,0.068713,0.03121,180,180,'$BUILD_DIR/converters/img2sixel' --threads=6 --precision=8bit --quality=high '--loaders=builtin!' --diffusion=none --gpu-policy=off --palette-type=rgb -w 1920 -h 1080 --encode-policy auto -p 256 -o /dev/null -J '{timeline}' '$TOP_SRCDIR/images/snake.png'
a639171f5a3ab8207dbb5450edb8b0a000e1f1c0,macOS-26.5.1-arm64-arm-64bit,images/snake.png,1920,1080,auto,auto,#0072B2,7,5,3,0.036866,0.061868,0.025002,180,180,'$BUILD_DIR/converters/img2sixel' --threads=7 --precision=8bit --quality=high '--loaders=builtin!' --diffusion=none --gpu-policy=off --palette-type=rgb -w 1920 -h 1080 --encode-policy auto -p 256 -o /dev/null -J '{timeline}' '$TOP_SRCDIR/images/snake.png'
a639171f5a3ab8207dbb5450edb8b0a000e1f1c0,macOS-26.5.1-arm64-arm-64bit,images/snake.png,1920,1080,auto,auto,#0072B2,8,5,4,0.038157,0.060119,0.021962,180,180,'$BUILD_DIR/converters/img2sixel' --threads=8 --precision=8bit --quality=high '--loaders=builtin!' --diffusion=none --gpu-policy=off --palette-type=rgb -w 1920 -h 1080 --encode-policy auto -p 256 -o /dev/null -J '{timeline}' '$TOP_SRCDIR/images/snake.png'
a639171f5a3ab8207dbb5450edb8b0a000e1f1c0,macOS-26.5.1-arm64-arm-64bit,images/snake.png,1920,1080,auto,auto,#0072B2,9,5,5,0.039037,0.060561,0.021524,180,180,'$BUILD_DIR/converters/img2sixel' --threads=9 --precision=8bit --quality=high '--loaders=builtin!' --diffusion=none --gpu-policy=off --palette-type=rgb -w 1920 -h 1080 --encode-policy auto -p 256 -o /dev/null -J '{timeline}' '$TOP_SRCDIR/images/snake.png'
a639171f5a3ab8207dbb5450edb8b0a000e1f1c0,macOS-26.5.1-arm64-arm-64bit,images/snake.png,1920,1080,auto,auto,#0072B2,10,5,6,0.038488,0.058448,0.01996,180,180,'$BUILD_DIR/converters/img2sixel' --threads=10 --precision=8bit --quality=high '--loaders=builtin!' --diffusion=none --gpu-policy=off --palette-type=rgb -w 1920 -h 1080 --encode-policy auto -p 256 -o /dev/null -J '{timeline}' '$TOP_SRCDIR/images/snake.png'
a639171f5a3ab8207dbb5450edb8b0a000e1f1c0,macOS-26.5.1-arm64-arm-64bit,images/snake.png,1920,1080,auto,auto,#0072B2,11,5,7,0.037273,0.056579,0.019306,180,180,'$BUILD_DIR/converters/img2sixel' --threads=11 --precision=8bit --quality=high '--loaders=builtin!' --diffusion=none --gpu-policy=off --palette-type=rgb -w 1920 -h 1080 --encode-policy auto -p 256 -o /dev/null -J '{timeline}' '$TOP_SRCDIR/images/snake.png'
a639171f5a3ab8207dbb5450edb8b0a000e1f1c0,macOS-26.5.1-arm64-arm-64bit,images/snake.png,1920,1080,auto,auto,#0072B2,12,5,8,0.038652,0.05698,0.018328,180,180,'$BUILD_DIR/converters/img2sixel' --threads=12 --precision=8bit --quality=high '--loaders=builtin!' --diffusion=none --gpu-policy=off --palette-type=rgb -w 1920 -h 1080 --encode-policy auto -p 256 -o /dev/null -J '{timeline}' '$TOP_SRCDIR/images/snake.png'
a639171f5a3ab8207dbb5450edb8b0a000e1f1c0,macOS-26.5.1-arm64-arm-64bit,images/snake.png,1920,1080,fast,fast,#009E73,1,5,9,0.097414,0.118341,0.020927,180,180,'$BUILD_DIR/converters/img2sixel' --threads=1 --precision=8bit --quality=high '--loaders=builtin!' --diffusion=none --gpu-policy=off --palette-type=rgb -w 1920 -h 1080 --encode-policy fast -p 256 -o /dev/null -J '{timeline}' '$TOP_SRCDIR/images/snake.png'
a639171f5a3ab8207dbb5450edb8b0a000e1f1c0,macOS-26.5.1-arm64-arm-64bit,images/snake.png,1920,1080,fast,fast,#009E73,2,5,10,0.09496,0.108584,0.013624,180,180,'$BUILD_DIR/converters/img2sixel' --threads=2 --precision=8bit --quality=high '--loaders=builtin!' --diffusion=none --gpu-policy=off --palette-type=rgb -w 1920 -h 1080 --encode-policy fast -p 256 -o /dev/null -J '{timeline}' '$TOP_SRCDIR/images/snake.png'
a639171f5a3ab8207dbb5450edb8b0a000e1f1c0,macOS-26.5.1-arm64-arm-64bit,images/snake.png,1920,1080,fast,fast,#009E73,3,5,11,0.046582,0.097522,0.05094,180,180,'$BUILD_DIR/converters/img2sixel' --threads=3 --precision=8bit --quality=high '--loaders=builtin!' --diffusion=none --gpu-policy=off --palette-type=rgb -w 1920 -h 1080 --encode-policy fast -p 256 -o /dev/null -J '{timeline}' '$TOP_SRCDIR/images/snake.png'
a639171f5a3ab8207dbb5450edb8b0a000e1f1c0,macOS-26.5.1-arm64-arm-64bit,images/snake.png,1920,1080,fast,fast,#009E73,4,5,12,0.036081,0.073508,0.037427,180,180,'$BUILD_DIR/converters/img2sixel' --threads=4 --precision=8bit --quality=high '--loaders=builtin!' --diffusion=none --gpu-policy=off --palette-type=rgb -w 1920 -h 1080 --encode-policy fast -p 256 -o /dev/null -J '{timeline}' '$TOP_SRCDIR/images/snake.png'
a639171f5a3ab8207dbb5450edb8b0a000e1f1c0,macOS-26.5.1-arm64-arm-64bit,images/snake.png,1920,1080,fast,fast,#009E73,5,5,13,0.036389,0.064536,0.028147,180,180,'$BUILD_DIR/converters/img2sixel' --threads=5 --precision=8bit --quality=high '--loaders=builtin!' --diffusion=none --gpu-policy=off --palette-type=rgb -w 1920 -h 1080 --encode-policy fast -p 256 -o /dev/null -J '{timeline}' '$TOP_SRCDIR/images/snake.png'
a639171f5a3ab8207dbb5450edb8b0a000e1f1c0,macOS-26.5.1-arm64-arm-64bit,images/snake.png,1920,1080,fast,fast,#009E73,6,5,14,0.035729,0.061746,0.026017,180,180,'$BUILD_DIR/converters/img2sixel' --threads=6 --precision=8bit --quality=high '--loaders=builtin!' --diffusion=none --gpu-policy=off --palette-type=rgb -w 1920 -h 1080 --encode-policy fast -p 256 -o /dev/null -J '{timeline}' '$TOP_SRCDIR/images/snake.png'
a639171f5a3ab8207dbb5450edb8b0a000e1f1c0,macOS-26.5.1-arm64-arm-64bit,images/snake.png,1920,1080,fast,fast,#009E73,7,5,15,0.035502,0.060511,0.025009,180,180,'$BUILD_DIR/converters/img2sixel' --threads=7 --precision=8bit --quality=high '--loaders=builtin!' --diffusion=none --gpu-policy=off --palette-type=rgb -w 1920 -h 1080 --encode-policy fast -p 256 -o /dev/null -J '{timeline}' '$TOP_SRCDIR/images/snake.png'
a639171f5a3ab8207dbb5450edb8b0a000e1f1c0,macOS-26.5.1-arm64-arm-64bit,images/snake.png,1920,1080,fast,fast,#009E73,8,5,16,0.035527,0.056245,0.020718,180,180,'$BUILD_DIR/converters/img2sixel' --threads=8 --precision=8bit --quality=high '--loaders=builtin!' --diffusion=none --gpu-policy=off --palette-type=rgb -w 1920 -h 1080 --encode-policy fast -p 256 -o /dev/null -J '{timeline}' '$TOP_SRCDIR/images/snake.png'
a639171f5a3ab8207dbb5450edb8b0a000e1f1c0,macOS-26.5.1-arm64-arm-64bit,images/snake.png,1920,1080,fast,fast,#009E73,9,5,17,0.036049,0.056802,0.020753,180,180,'$BUILD_DIR/converters/img2sixel' --threads=9 --precision=8bit --quality=high '--loaders=builtin!' --diffusion=none --gpu-policy=off --palette-type=rgb -w 1920 -h 1080 --encode-policy fast -p 256 -o /dev/null -J '{timeline}' '$TOP_SRCDIR/images/snake.png'
a639171f5a3ab8207dbb5450edb8b0a000e1f1c0,macOS-26.5.1-arm64-arm-64bit,images/snake.png,1920,1080,fast,fast,#009E73,10,5,18,0.036964,0.057066,0.020102,180,180,'$BUILD_DIR/converters/img2sixel' --threads=10 --precision=8bit --quality=high '--loaders=builtin!' --diffusion=none --gpu-policy=off --palette-type=rgb -w 1920 -h 1080 --encode-policy fast -p 256 -o /dev/null -J '{timeline}' '$TOP_SRCDIR/images/snake.png'
a639171f5a3ab8207dbb5450edb8b0a000e1f1c0,macOS-26.5.1-arm64-arm-64bit,images/snake.png,1920,1080,fast,fast,#009E73,11,5,19,0.036973,0.056538,0.019565,180,180,'$BUILD_DIR/converters/img2sixel' --threads=11 --precision=8bit --quality=high '--loaders=builtin!' --diffusion=none --gpu-policy=off --palette-type=rgb -w 1920 -h 1080 --encode-policy fast -p 256 -o /dev/null -J '{timeline}' '$TOP_SRCDIR/images/snake.png'
a639171f5a3ab8207dbb5450edb8b0a000e1f1c0,macOS-26.5.1-arm64-arm-64bit,images/snake.png,1920,1080,fast,fast,#009E73,12,5,20,0.036651,0.053766,0.017115,180,180,'$BUILD_DIR/converters/img2sixel' --threads=12 --precision=8bit --quality=high '--loaders=builtin!' --diffusion=none --gpu-policy=off --palette-type=rgb -w 1920 -h 1080 --encode-policy fast -p 256 -o /dev/null -J '{timeline}' '$TOP_SRCDIR/images/snake.png'
a639171f5a3ab8207dbb5450edb8b0a000e1f1c0,macOS-26.5.1-arm64-arm-64bit,images/snake.png,1920,1080,size,size,#D55E00,1,5,21,0.102941,0.124131,0.02119,180,180,'$BUILD_DIR/converters/img2sixel' --threads=1 --precision=8bit --quality=high '--loaders=builtin!' --diffusion=none --gpu-policy=off --palette-type=rgb -w 1920 -h 1080 --encode-policy size -p 256 -o /dev/null -J '{timeline}' '$TOP_SRCDIR/images/snake.png'
a639171f5a3ab8207dbb5450edb8b0a000e1f1c0,macOS-26.5.1-arm64-arm-64bit,images/snake.png,1920,1080,size,size,#D55E00,2,5,22,0.099054,0.112958,0.013904,180,180,'$BUILD_DIR/converters/img2sixel' --threads=2 --precision=8bit --quality=high '--loaders=builtin!' --diffusion=none --gpu-policy=off --palette-type=rgb -w 1920 -h 1080 --encode-policy size -p 256 -o /dev/null -J '{timeline}' '$TOP_SRCDIR/images/snake.png'
a639171f5a3ab8207dbb5450edb8b0a000e1f1c0,macOS-26.5.1-arm64-arm-64bit,images/snake.png,1920,1080,size,size,#D55E00,3,5,23,0.049942,0.102589,0.052647,180,180,'$BUILD_DIR/converters/img2sixel' --threads=3 --precision=8bit --quality=high '--loaders=builtin!' --diffusion=none --gpu-policy=off --palette-type=rgb -w 1920 -h 1080 --encode-policy size -p 256 -o /dev/null -J '{timeline}' '$TOP_SRCDIR/images/snake.png'
a639171f5a3ab8207dbb5450edb8b0a000e1f1c0,macOS-26.5.1-arm64-arm-64bit,images/snake.png,1920,1080,size,size,#D55E00,4,5,24,0.040375,0.081593,0.041218,180,180,'$BUILD_DIR/converters/img2sixel' --threads=4 --precision=8bit --quality=high '--loaders=builtin!' --diffusion=none --gpu-policy=off --palette-type=rgb -w 1920 -h 1080 --encode-policy size -p 256 -o /dev/null -J '{timeline}' '$TOP_SRCDIR/images/snake.png'
a639171f5a3ab8207dbb5450edb8b0a000e1f1c0,macOS-26.5.1-arm64-arm-64bit,images/snake.png,1920,1080,size,size,#D55E00,5,5,25,0.040755,0.068475,0.02772,180,180,'$BUILD_DIR/converters/img2sixel' --threads=5 --precision=8bit --quality=high '--loaders=builtin!' --diffusion=none --gpu-policy=off --palette-type=rgb -w 1920 -h 1080 --encode-policy size -p 256 -o /dev/null -J '{timeline}' '$TOP_SRCDIR/images/snake.png'
a639171f5a3ab8207dbb5450edb8b0a000e1f1c0,macOS-26.5.1-arm64-arm-64bit,images/snake.png,1920,1080,size,size,#D55E00,6,5,26,0.037845,0.065976,0.028131,180,180,'$BUILD_DIR/converters/img2sixel' --threads=6 --precision=8bit --quality=high '--loaders=builtin!' --diffusion=none --gpu-policy=off --palette-type=rgb -w 1920 -h 1080 --encode-policy size -p 256 -o /dev/null -J '{timeline}' '$TOP_SRCDIR/images/snake.png'
a639171f5a3ab8207dbb5450edb8b0a000e1f1c0,macOS-26.5.1-arm64-arm-64bit,images/snake.png,1920,1080,size,size,#D55E00,7,5,27,0.036259,0.060065,0.023806,180,180,'$BUILD_DIR/converters/img2sixel' --threads=7 --precision=8bit --quality=high '--loaders=builtin!' --diffusion=none --gpu-policy=off --palette-type=rgb -w 1920 -h 1080 --encode-policy size -p 256 -o /dev/null -J '{timeline}' '$TOP_SRCDIR/images/snake.png'
a639171f5a3ab8207dbb5450edb8b0a000e1f1c0,macOS-26.5.1-arm64-arm-64bit,images/snake.png,1920,1080,size,size,#D55E00,8,5,28,0.037759,0.058815,0.021056,180,180,'$BUILD_DIR/converters/img2sixel' --threads=8 --precision=8bit --quality=high '--loaders=builtin!' --diffusion=none --gpu-policy=off --palette-type=rgb -w 1920 -h 1080 --encode-policy size -p 256 -o /dev/null -J '{timeline}' '$TOP_SRCDIR/images/snake.png'
a639171f5a3ab8207dbb5450edb8b0a000e1f1c0,macOS-26.5.1-arm64-arm-64bit,images/snake.png,1920,1080,size,size,#D55E00,9,5,29,0.039144,0.060331,0.021187,180,180,'$BUILD_DIR/converters/img2sixel' --threads=9 --precision=8bit --quality=high '--loaders=builtin!' --diffusion=none --gpu-policy=off --palette-type=rgb -w 1920 -h 1080 --encode-policy size -p 256 -o /dev/null -J '{timeline}' '$TOP_SRCDIR/images/snake.png'
a639171f5a3ab8207dbb5450edb8b0a000e1f1c0,macOS-26.5.1-arm64-arm-64bit,images/snake.png,1920,1080,size,size,#D55E00,10,5,30,0.036728,0.056755,0.020027,180,180,'$BUILD_DIR/converters/img2sixel' --threads=10 --precision=8bit --quality=high '--loaders=builtin!' --diffusion=none --gpu-policy=off --palette-type=rgb -w 1920 -h 1080 --encode-policy size -p 256 -o /dev/null -J '{timeline}' '$TOP_SRCDIR/images/snake.png'
a639171f5a3ab8207dbb5450edb8b0a000e1f1c0,macOS-26.5.1-arm64-arm-64bit,images/snake.png,1920,1080,size,size,#D55E00,11,5,31,0.038002,0.057203,0.019201,180,180,'$BUILD_DIR/converters/img2sixel' --threads=11 --precision=8bit --quality=high '--loaders=builtin!' --diffusion=none --gpu-policy=off --palette-type=rgb -w 1920 -h 1080 --encode-policy size -p 256 -o /dev/null -J '{timeline}' '$TOP_SRCDIR/images/snake.png'
a639171f5a3ab8207dbb5450edb8b0a000e1f1c0,macOS-26.5.1-arm64-arm-64bit,images/snake.png,1920,1080,size,size,#D55E00,12,5,32,0.038457,0.056172,0.017715,180,180,'$BUILD_DIR/converters/img2sixel' --threads=12 --precision=8bit --quality=high '--loaders=builtin!' --diffusion=none --gpu-policy=off --palette-type=rgb -w 1920 -h 1080 --encode-policy size -p 256 -o /dev/null -J '{timeline}' '$TOP_SRCDIR/images/snake.png'
a639171f5a3ab8207dbb5450edb8b0a000e1f1c0,macOS-26.5.1-arm64-arm-64bit,images/snake.png,1920,1080,auto,auto,#0072B2,1,5,33,0.103525,0.125651,0.022126,180,180,'$BUILD_DIR/converters/img2sixel' --threads=1 --precision=8bit --quality=high '--loaders=builtin!' --diffusion=none --gpu-policy=off --palette-type=rgb -w 1920 -h 1080 --encode-policy auto -p 256 -o /dev/null -J '{timeline}' '$TOP_SRCDIR/images/snake.png'
a639171f5a3ab8207dbb5450edb8b0a000e1f1c0,macOS-26.5.1-arm64-arm-64bit,images/snake.png,1920,1080,auto,auto,#0072B2,2,5,34,0.096213,0.111129,0.014916,180,180,'$BUILD_DIR/converters/img2sixel' --threads=2 --precision=8bit --quality=high '--loaders=builtin!' --diffusion=none --gpu-policy=off --palette-type=rgb -w 1920 -h 1080 --encode-policy auto -p 256 -o /dev/null -J '{timeline}' '$TOP_SRCDIR/images/snake.png'
a639171f5a3ab8207dbb5450edb8b0a000e1f1c0,macOS-26.5.1-arm64-arm-64bit,images/snake.png,1920,1080,auto,auto,#0072B2,3,5,35,0.050103,0.103266,0.053163,180,180,'$BUILD_DIR/converters/img2sixel' --threads=3 --precision=8bit --quality=high '--loaders=builtin!' --diffusion=none --gpu-policy=off --palette-type=rgb -w 1920 -h 1080 --encode-policy auto -p 256 -o /dev/null -J '{timeline}' '$TOP_SRCDIR/images/snake.png'
a639171f5a3ab8207dbb5450edb8b0a000e1f1c0,macOS-26.5.1-arm64-arm-64bit,images/snake.png,1920,1080,auto,auto,#0072B2,4,5,36,0.040149,0.077907,0.037758,180,180,'$BUILD_DIR/converters/img2sixel' --threads=4 --precision=8bit --quality=high '--loaders=builtin!' --diffusion=none --gpu-policy=off --palette-type=rgb -w 1920 -h 1080 --encode-policy auto -p 256 -o /dev/null -J '{timeline}' '$TOP_SRCDIR/images/snake.png'
a639171f5a3ab8207dbb5450edb8b0a000e1f1c0,macOS-26.5.1-arm64-arm-64bit,images/snake.png,1920,1080,auto,auto,#0072B2,5,6,1,0.038413,0.067752,0.029339,180,180,'$BUILD_DIR/converters/img2sixel' --threads=5 --precision=8bit --quality=high '--loaders=builtin!' --diffusion=none --gpu-policy=off --palette-type=rgb -w 1920 -h 1080 --encode-policy auto -p 256 -o /dev/null -J '{timeline}' '$TOP_SRCDIR/images/snake.png'
a639171f5a3ab8207dbb5450edb8b0a000e1f1c0,macOS-26.5.1-arm64-arm-64bit,images/snake.png,1920,1080,auto,auto,#0072B2,4,6,2,0.038527,0.077692,0.039165,180,180,'$BUILD_DIR/converters/img2sixel' --threads=4 --precision=8bit --quality=high '--loaders=builtin!' --diffusion=none --gpu-policy=off --palette-type=rgb -w 1920 -h 1080 --encode-policy auto -p 256 -o /dev/null -J '{timeline}' '$TOP_SRCDIR/images/snake.png'
a639171f5a3ab8207dbb5450edb8b0a000e1f1c0,macOS-26.5.1-arm64-arm-64bit,images/snake.png,1920,1080,auto,auto,#0072B2,3,6,3,0.049384,0.101895,0.052511,180,180,'$BUILD_DIR/converters/img2sixel' --threads=3 --precision=8bit --quality=high '--loaders=builtin!' --diffusion=none --gpu-policy=off --palette-type=rgb -w 1920 -h 1080 --encode-policy auto -p 256 -o /dev/null -J '{timeline}' '$TOP_SRCDIR/images/snake.png'
a639171f5a3ab8207dbb5450edb8b0a000e1f1c0,macOS-26.5.1-arm64-arm-64bit,images/snake.png,1920,1080,auto,auto,#0072B2,2,6,4,0.100101,0.114796,0.014695,180,180,'$BUILD_DIR/converters/img2sixel' --threads=2 --precision=8bit --quality=high '--loaders=builtin!' --diffusion=none --gpu-policy=off --palette-type=rgb -w 1920 -h 1080 --encode-policy auto -p 256 -o /dev/null -J '{timeline}' '$TOP_SRCDIR/images/snake.png'
a639171f5a3ab8207dbb5450edb8b0a000e1f1c0,macOS-26.5.1-arm64-arm-64bit,images/snake.png,1920,1080,auto,auto,#0072B2,1,6,5,0.102757,0.125376,0.022619,180,180,'$BUILD_DIR/converters/img2sixel' --threads=1 --precision=8bit --quality=high '--loaders=builtin!' --diffusion=none --gpu-policy=off --palette-type=rgb -w 1920 -h 1080 --encode-policy auto -p 256 -o /dev/null -J '{timeline}' '$TOP_SRCDIR/images/snake.png'
a639171f5a3ab8207dbb5450edb8b0a000e1f1c0,macOS-26.5.1-arm64-arm-64bit,images/snake.png,1920,1080,size,size,#D55E00,12,6,6,0.03982,0.057878,0.018058,180,180,'$BUILD_DIR/converters/img2sixel' --threads=12 --precision=8bit --quality=high '--loaders=builtin!' --diffusion=none --gpu-policy=off --palette-type=rgb -w 1920 -h 1080 --encode-policy size -p 256 -o /dev/null -J '{timeline}' '$TOP_SRCDIR/images/snake.png'
a639171f5a3ab8207dbb5450edb8b0a000e1f1c0,macOS-26.5.1-arm64-arm-64bit,images/snake.png,1920,1080,size,size,#D55E00,11,6,7,0.03994,0.058616,0.018676,180,180,'$BUILD_DIR/converters/img2sixel' --threads=11 --precision=8bit --quality=high '--loaders=builtin!' --diffusion=none --gpu-policy=off --palette-type=rgb -w 1920 -h 1080 --encode-policy size -p 256 -o /dev/null -J '{timeline}' '$TOP_SRCDIR/images/snake.png'
a639171f5a3ab8207dbb5450edb8b0a000e1f1c0,macOS-26.5.1-arm64-arm-64bit,images/snake.png,1920,1080,size,size,#D55E00,10,6,8,0.037974,0.058317,0.020343,180,180,'$BUILD_DIR/converters/img2sixel' --threads=10 --precision=8bit --quality=high '--loaders=builtin!' --diffusion=none --gpu-policy=off --palette-type=rgb -w 1920 -h 1080 --encode-policy size -p 256 -o /dev/null -J '{timeline}' '$TOP_SRCDIR/images/snake.png'
a639171f5a3ab8207dbb5450edb8b0a000e1f1c0,macOS-26.5.1-arm64-arm-64bit,images/snake.png,1920,1080,size,size,#D55E00,9,6,9,0.035804,0.056305,0.020501,180,180,'$BUILD_DIR/converters/img2sixel' --threads=9 --precision=8bit --quality=high '--loaders=builtin!' --diffusion=none --gpu-policy=off --palette-type=rgb -w 1920 -h 1080 --encode-policy size -p 256 -o /dev/null -J '{timeline}' '$TOP_SRCDIR/images/snake.png'
a639171f5a3ab8207dbb5450edb8b0a000e1f1c0,macOS-26.5.1-arm64-arm-64bit,images/snake.png,1920,1080,size,size,#D55E00,8,6,10,0.038023,0.060207,0.022184,180,180,'$BUILD_DIR/converters/img2sixel' --threads=8 --precision=8bit --quality=high '--loaders=builtin!' --diffusion=none --gpu-policy=off --palette-type=rgb -w 1920 -h 1080 --encode-policy size -p 256 -o /dev/null -J '{timeline}' '$TOP_SRCDIR/images/snake.png'
a639171f5a3ab8207dbb5450edb8b0a000e1f1c0,macOS-26.5.1-arm64-arm-64bit,images/snake.png,1920,1080,size,size,#D55E00,7,6,11,0.038413,0.063421,0.025008,180,180,'$BUILD_DIR/converters/img2sixel' --threads=7 --precision=8bit --quality=high '--loaders=builtin!' --diffusion=none --gpu-policy=off --palette-type=rgb -w 1920 -h 1080 --encode-policy size -p 256 -o /dev/null -J '{timeline}' '$TOP_SRCDIR/images/snake.png'
a639171f5a3ab8207dbb5450edb8b0a000e1f1c0,macOS-26.5.1-arm64-arm-64bit,images/snake.png,1920,1080,size,size,#D55E00,6,6,12,0.03774,0.066294,0.028554,180,180,'$BUILD_DIR/converters/img2sixel' --threads=6 --precision=8bit --quality=high '--loaders=builtin!' --diffusion=none --gpu-policy=off --palette-type=rgb -w 1920 -h 1080 --encode-policy size -p 256 -o /dev/null -J '{timeline}' '$TOP_SRCDIR/images/snake.png'
a639171f5a3ab8207dbb5450edb8b0a000e1f1c0,macOS-26.5.1-arm64-arm-64bit,images/snake.png,1920,1080,size,size,#D55E00,5,6,13,0.040551,0.06911,0.028559,180,180,'$BUILD_DIR/converters/img2sixel' --threads=5 --precision=8bit --quality=high '--loaders=builtin!' --diffusion=none --gpu-policy=off --palette-type=rgb -w 1920 -h 1080 --encode-policy size -p 256 -o /dev/null -J '{timeline}' '$TOP_SRCDIR/images/snake.png'
a639171f5a3ab8207dbb5450edb8b0a000e1f1c0,macOS-26.5.1-arm64-arm-64bit,images/snake.png,1920,1080,size,size,#D55E00,4,6,14,0.036848,0.0774,0.040552,180,180,'$BUILD_DIR/converters/img2sixel' --threads=4 --precision=8bit --quality=high '--loaders=builtin!' --diffusion=none --gpu-policy=off --palette-type=rgb -w 1920 -h 1080 --encode-policy size -p 256 -o /dev/null -J '{timeline}' '$TOP_SRCDIR/images/snake.png'
a639171f5a3ab8207dbb5450edb8b0a000e1f1c0,macOS-26.5.1-arm64-arm-64bit,images/snake.png,1920,1080,size,size,#D55E00,3,6,15,0.046607,0.102562,0.055955,180,180,'$BUILD_DIR/converters/img2sixel' --threads=3 --precision=8bit --quality=high '--loaders=builtin!' --diffusion=none --gpu-policy=off --palette-type=rgb -w 1920 -h 1080 --encode-policy size -p 256 -o /dev/null -J '{timeline}' '$TOP_SRCDIR/images/snake.png'
a639171f5a3ab8207dbb5450edb8b0a000e1f1c0,macOS-26.5.1-arm64-arm-64bit,images/snake.png,1920,1080,size,size,#D55E00,2,6,16,0.095801,0.109911,0.01411,180,180,'$BUILD_DIR/converters/img2sixel' --threads=2 --precision=8bit --quality=high '--loaders=builtin!' --diffusion=none --gpu-policy=off --palette-type=rgb -w 1920 -h 1080 --encode-policy size -p 256 -o /dev/null -J '{timeline}' '$TOP_SRCDIR/images/snake.png'
a639171f5a3ab8207dbb5450edb8b0a000e1f1c0,macOS-26.5.1-arm64-arm-64bit,images/snake.png,1920,1080,size,size,#D55E00,1,6,17,0.10711,0.12639,0.01928,180,180,'$BUILD_DIR/converters/img2sixel' --threads=1 --precision=8bit --quality=high '--loaders=builtin!' --diffusion=none --gpu-policy=off --palette-type=rgb -w 1920 -h 1080 --encode-policy size -p 256 -o /dev/null -J '{timeline}' '$TOP_SRCDIR/images/snake.png'
a639171f5a3ab8207dbb5450edb8b0a000e1f1c0,macOS-26.5.1-arm64-arm-64bit,images/snake.png,1920,1080,fast,fast,#009E73,12,6,18,0.036269,0.054381,0.018112,180,180,'$BUILD_DIR/converters/img2sixel' --threads=12 --precision=8bit --quality=high '--loaders=builtin!' --diffusion=none --gpu-policy=off --palette-type=rgb -w 1920 -h 1080 --encode-policy fast -p 256 -o /dev/null -J '{timeline}' '$TOP_SRCDIR/images/snake.png'
a639171f5a3ab8207dbb5450edb8b0a000e1f1c0,macOS-26.5.1-arm64-arm-64bit,images/snake.png,1920,1080,fast,fast,#009E73,11,6,19,0.038029,0.05901,0.020981,180,180,'$BUILD_DIR/converters/img2sixel' --threads=11 --precision=8bit --quality=high '--loaders=builtin!' --diffusion=none --gpu-policy=off --palette-type=rgb -w 1920 -h 1080 --encode-policy fast -p 256 -o /dev/null -J '{timeline}' '$TOP_SRCDIR/images/snake.png'
a639171f5a3ab8207dbb5450edb8b0a000e1f1c0,macOS-26.5.1-arm64-arm-64bit,images/snake.png,1920,1080,fast,fast,#009E73,10,6,20,0.038101,0.057657,0.019556,180,180,'$BUILD_DIR/converters/img2sixel' --threads=10 --precision=8bit --quality=high '--loaders=builtin!' --diffusion=none --gpu-policy=off --palette-type=rgb -w 1920 -h 1080 --encode-policy fast -p 256 -o /dev/null -J '{timeline}' '$TOP_SRCDIR/images/snake.png'
a639171f5a3ab8207dbb5450edb8b0a000e1f1c0,macOS-26.5.1-arm64-arm-64bit,images/snake.png,1920,1080,fast,fast,#009E73,9,6,21,0.038679,0.060331,0.021652,180,180,'$BUILD_DIR/converters/img2sixel' --threads=9 --precision=8bit --quality=high '--loaders=builtin!' --diffusion=none --gpu-policy=off --palette-type=rgb -w 1920 -h 1080 --encode-policy fast -p 256 -o /dev/null -J '{timeline}' '$TOP_SRCDIR/images/snake.png'
a639171f5a3ab8207dbb5450edb8b0a000e1f1c0,macOS-26.5.1-arm64-arm-64bit,images/snake.png,1920,1080,fast,fast,#009E73,8,6,22,0.038028,0.061162,0.023134,180,180,'$BUILD_DIR/converters/img2sixel' --threads=8 --precision=8bit --quality=high '--loaders=builtin!' --diffusion=none --gpu-policy=off --palette-type=rgb -w 1920 -h 1080 --encode-policy fast -p 256 -o /dev/null -J '{timeline}' '$TOP_SRCDIR/images/snake.png'
a639171f5a3ab8207dbb5450edb8b0a000e1f1c0,macOS-26.5.1-arm64-arm-64bit,images/snake.png,1920,1080,fast,fast,#009E73,7,6,23,0.038342,0.063448,0.025106,180,180,'$BUILD_DIR/converters/img2sixel' --threads=7 --precision=8bit --quality=high '--loaders=builtin!' --diffusion=none --gpu-policy=off --palette-type=rgb -w 1920 -h 1080 --encode-policy fast -p 256 -o /dev/null -J '{timeline}' '$TOP_SRCDIR/images/snake.png'
a639171f5a3ab8207dbb5450edb8b0a000e1f1c0,macOS-26.5.1-arm64-arm-64bit,images/snake.png,1920,1080,fast,fast,#009E73,6,6,24,0.036216,0.06699,0.030774,180,180,'$BUILD_DIR/converters/img2sixel' --threads=6 --precision=8bit --quality=high '--loaders=builtin!' --diffusion=none --gpu-policy=off --palette-type=rgb -w 1920 -h 1080 --encode-policy fast -p 256 -o /dev/null -J '{timeline}' '$TOP_SRCDIR/images/snake.png'
a639171f5a3ab8207dbb5450edb8b0a000e1f1c0,macOS-26.5.1-arm64-arm-64bit,images/snake.png,1920,1080,fast,fast,#009E73,5,6,25,0.038537,0.069387,0.03085,180,180,'$BUILD_DIR/converters/img2sixel' --threads=5 --precision=8bit --quality=high '--loaders=builtin!' --diffusion=none --gpu-policy=off --palette-type=rgb -w 1920 -h 1080 --encode-policy fast -p 256 -o /dev/null -J '{timeline}' '$TOP_SRCDIR/images/snake.png'
a639171f5a3ab8207dbb5450edb8b0a000e1f1c0,macOS-26.5.1-arm64-arm-64bit,images/snake.png,1920,1080,fast,fast,#009E73,4,6,26,0.03992,0.078995,0.039075,180,180,'$BUILD_DIR/converters/img2sixel' --threads=4 --precision=8bit --quality=high '--loaders=builtin!' --diffusion=none --gpu-policy=off --palette-type=rgb -w 1920 -h 1080 --encode-policy fast -p 256 -o /dev/null -J '{timeline}' '$TOP_SRCDIR/images/snake.png'
a639171f5a3ab8207dbb5450edb8b0a000e1f1c0,macOS-26.5.1-arm64-arm-64bit,images/snake.png,1920,1080,fast,fast,#009E73,3,6,27,0.047035,0.102136,0.055101,180,180,'$BUILD_DIR/converters/img2sixel' --threads=3 --precision=8bit --quality=high '--loaders=builtin!' --diffusion=none --gpu-policy=off --palette-type=rgb -w 1920 -h 1080 --encode-policy fast -p 256 -o /dev/null -J '{timeline}' '$TOP_SRCDIR/images/snake.png'
a639171f5a3ab8207dbb5450edb8b0a000e1f1c0,macOS-26.5.1-arm64-arm-64bit,images/snake.png,1920,1080,fast,fast,#009E73,2,6,28,0.100187,0.114182,0.013995,180,180,'$BUILD_DIR/converters/img2sixel' --threads=2 --precision=8bit --quality=high '--loaders=builtin!' --diffusion=none --gpu-policy=off --palette-type=rgb -w 1920 -h 1080 --encode-policy fast -p 256 -o /dev/null -J '{timeline}' '$TOP_SRCDIR/images/snake.png'
a639171f5a3ab8207dbb5450edb8b0a000e1f1c0,macOS-26.5.1-arm64-arm-64bit,images/snake.png,1920,1080,fast,fast,#009E73,1,6,29,0.103105,0.12508,0.021975,180,180,'$BUILD_DIR/converters/img2sixel' --threads=1 --precision=8bit --quality=high '--loaders=builtin!' --diffusion=none --gpu-policy=off --palette-type=rgb -w 1920 -h 1080 --encode-policy fast -p 256 -o /dev/null -J '{timeline}' '$TOP_SRCDIR/images/snake.png'
a639171f5a3ab8207dbb5450edb8b0a000e1f1c0,macOS-26.5.1-arm64-arm-64bit,images/snake.png,1920,1080,auto,auto,#0072B2,12,6,30,0.03726,0.055604,0.018344,180,180,'$BUILD_DIR/converters/img2sixel' --threads=12 --precision=8bit --quality=high '--loaders=builtin!' --diffusion=none --gpu-policy=off --palette-type=rgb -w 1920 -h 1080 --encode-policy auto -p 256 -o /dev/null -J '{timeline}' '$TOP_SRCDIR/images/snake.png'
a639171f5a3ab8207dbb5450edb8b0a000e1f1c0,macOS-26.5.1-arm64-arm-64bit,images/snake.png,1920,1080,auto,auto,#0072B2,11,6,31,0.036435,0.055743,0.019308,180,180,'$BUILD_DIR/converters/img2sixel' --threads=11 --precision=8bit --quality=high '--loaders=builtin!' --diffusion=none --gpu-policy=off --palette-type=rgb -w 1920 -h 1080 --encode-policy auto -p 256 -o /dev/null -J '{timeline}' '$TOP_SRCDIR/images/snake.png'
a639171f5a3ab8207dbb5450edb8b0a000e1f1c0,macOS-26.5.1-arm64-arm-64bit,images/snake.png,1920,1080,auto,auto,#0072B2,10,6,32,0.038992,0.059684,0.020692,180,180,'$BUILD_DIR/converters/img2sixel' --threads=10 --precision=8bit --quality=high '--loaders=builtin!' --diffusion=none --gpu-policy=off --palette-type=rgb -w 1920 -h 1080 --encode-policy auto -p 256 -o /dev/null -J '{timeline}' '$TOP_SRCDIR/images/snake.png'
a639171f5a3ab8207dbb5450edb8b0a000e1f1c0,macOS-26.5.1-arm64-arm-64bit,images/snake.png,1920,1080,auto,auto,#0072B2,9,6,33,0.038611,0.059617,0.021006,180,180,'$BUILD_DIR/converters/img2sixel' --threads=9 --precision=8bit --quality=high '--loaders=builtin!' --diffusion=none --gpu-policy=off --palette-type=rgb -w 1920 -h 1080 --encode-policy auto -p 256 -o /dev/null -J '{timeline}' '$TOP_SRCDIR/images/snake.png'
a639171f5a3ab8207dbb5450edb8b0a000e1f1c0,macOS-26.5.1-arm64-arm-64bit,images/snake.png,1920,1080,auto,auto,#0072B2,8,6,34,0.039789,0.061297,0.021508,180,180,'$BUILD_DIR/converters/img2sixel' --threads=8 --precision=8bit --quality=high '--loaders=builtin!' --diffusion=none --gpu-policy=off --palette-type=rgb -w 1920 -h 1080 --encode-policy auto -p 256 -o /dev/null -J '{timeline}' '$TOP_SRCDIR/images/snake.png'
a639171f5a3ab8207dbb5450edb8b0a000e1f1c0,macOS-26.5.1-arm64-arm-64bit,images/snake.png,1920,1080,auto,auto,#0072B2,7,6,35,0.036695,0.062673,0.025978,180,180,'$BUILD_DIR/converters/img2sixel' --threads=7 --precision=8bit --quality=high '--loaders=builtin!' --diffusion=none --gpu-policy=off --palette-type=rgb -w 1920 -h 1080 --encode-policy auto -p 256 -o /dev/null -J '{timeline}' '$TOP_SRCDIR/images/snake.png'
a639171f5a3ab8207dbb5450edb8b0a000e1f1c0,macOS-26.5.1-arm64-arm-64bit,images/snake.png,1920,1080,auto,auto,#0072B2,6,6,36,0.038026,0.066329,0.028303,180,180,'$BUILD_DIR/converters/img2sixel' --threads=6 --precision=8bit --quality=high '--loaders=builtin!' --diffusion=none --gpu-policy=off --palette-type=rgb -w 1920 -h 1080 --encode-policy auto -p 256 -o /dev/null -J '{timeline}' '$TOP_SRCDIR/images/snake.png'
a639171f5a3ab8207dbb5450edb8b0a000e1f1c0,macOS-26.5.1-arm64-arm-64bit,images/snake.png,1920,1080,auto,auto,#0072B2,7,7,1,0.037605,0.064,0.026395,180,180,'$BUILD_DIR/converters/img2sixel' --threads=7 --precision=8bit --quality=high '--loaders=builtin!' --diffusion=none --gpu-policy=off --palette-type=rgb -w 1920 -h 1080 --encode-policy auto -p 256 -o /dev/null -J '{timeline}' '$TOP_SRCDIR/images/snake.png'
a639171f5a3ab8207dbb5450edb8b0a000e1f1c0,macOS-26.5.1-arm64-arm-64bit,images/snake.png,1920,1080,auto,auto,#0072B2,8,7,2,0.0375,0.059276,0.021776,180,180,'$BUILD_DIR/converters/img2sixel' --threads=8 --precision=8bit --quality=high '--loaders=builtin!' --diffusion=none --gpu-policy=off --palette-type=rgb -w 1920 -h 1080 --encode-policy auto -p 256 -o /dev/null -J '{timeline}' '$TOP_SRCDIR/images/snake.png'
a639171f5a3ab8207dbb5450edb8b0a000e1f1c0,macOS-26.5.1-arm64-arm-64bit,images/snake.png,1920,1080,auto,auto,#0072B2,9,7,3,0.038087,0.058261,0.020174,180,180,'$BUILD_DIR/converters/img2sixel' --threads=9 --precision=8bit --quality=high '--loaders=builtin!' --diffusion=none --gpu-policy=off --palette-type=rgb -w 1920 -h 1080 --encode-policy auto -p 256 -o /dev/null -J '{timeline}' '$TOP_SRCDIR/images/snake.png'
a639171f5a3ab8207dbb5450edb8b0a000e1f1c0,macOS-26.5.1-arm64-arm-64bit,images/snake.png,1920,1080,auto,auto,#0072B2,10,7,4,0.037381,0.057386,0.020005,180,180,'$BUILD_DIR/converters/img2sixel' --threads=10 --precision=8bit --quality=high '--loaders=builtin!' --diffusion=none --gpu-policy=off --palette-type=rgb -w 1920 -h 1080 --encode-policy auto -p 256 -o /dev/null -J '{timeline}' '$TOP_SRCDIR/images/snake.png'
a639171f5a3ab8207dbb5450edb8b0a000e1f1c0,macOS-26.5.1-arm64-arm-64bit,images/snake.png,1920,1080,auto,auto,#0072B2,11,7,5,0.036968,0.056726,0.019758,180,180,'$BUILD_DIR/converters/img2sixel' --threads=11 --precision=8bit --quality=high '--loaders=builtin!' --diffusion=none --gpu-policy=off --palette-type=rgb -w 1920 -h 1080 --encode-policy auto -p 256 -o /dev/null -J '{timeline}' '$TOP_SRCDIR/images/snake.png'
a639171f5a3ab8207dbb5450edb8b0a000e1f1c0,macOS-26.5.1-arm64-arm-64bit,images/snake.png,1920,1080,auto,auto,#0072B2,12,7,6,0.040201,0.057822,0.017621,180,180,'$BUILD_DIR/converters/img2sixel' --threads=12 --precision=8bit --quality=high '--loaders=builtin!' --diffusion=none --gpu-policy=off --palette-type=rgb -w 1920 -h 1080 --encode-policy auto -p 256 -o /dev/null -J '{timeline}' '$TOP_SRCDIR/images/snake.png'
a639171f5a3ab8207dbb5450edb8b0a000e1f1c0,macOS-26.5.1-arm64-arm-64bit,images/snake.png,1920,1080,fast,fast,#009E73,1,7,7,0.102848,0.125706,0.022858,180,180,'$BUILD_DIR/converters/img2sixel' --threads=1 --precision=8bit --quality=high '--loaders=builtin!' --diffusion=none --gpu-policy=off --palette-type=rgb -w 1920 -h 1080 --encode-policy fast -p 256 -o /dev/null -J '{timeline}' '$TOP_SRCDIR/images/snake.png'
a639171f5a3ab8207dbb5450edb8b0a000e1f1c0,macOS-26.5.1-arm64-arm-64bit,images/snake.png,1920,1080,fast,fast,#009E73,2,7,8,0.10114,0.115956,0.014816,180,180,'$BUILD_DIR/converters/img2sixel' --threads=2 --precision=8bit --quality=high '--loaders=builtin!' --diffusion=none --gpu-policy=off --palette-type=rgb -w 1920 -h 1080 --encode-policy fast -p 256 -o /dev/null -J '{timeline}' '$TOP_SRCDIR/images/snake.png'
a639171f5a3ab8207dbb5450edb8b0a000e1f1c0,macOS-26.5.1-arm64-arm-64bit,images/snake.png,1920,1080,fast,fast,#009E73,3,7,9,0.049829,0.102672,0.052843,180,180,'$BUILD_DIR/converters/img2sixel' --threads=3 --precision=8bit --quality=high '--loaders=builtin!' --diffusion=none --gpu-policy=off --palette-type=rgb -w 1920 -h 1080 --encode-policy fast -p 256 -o /dev/null -J '{timeline}' '$TOP_SRCDIR/images/snake.png'
a639171f5a3ab8207dbb5450edb8b0a000e1f1c0,macOS-26.5.1-arm64-arm-64bit,images/snake.png,1920,1080,fast,fast,#009E73,4,7,10,0.039854,0.079399,0.039545,180,180,'$BUILD_DIR/converters/img2sixel' --threads=4 --precision=8bit --quality=high '--loaders=builtin!' --diffusion=none --gpu-policy=off --palette-type=rgb -w 1920 -h 1080 --encode-policy fast -p 256 -o /dev/null -J '{timeline}' '$TOP_SRCDIR/images/snake.png'
a639171f5a3ab8207dbb5450edb8b0a000e1f1c0,macOS-26.5.1-arm64-arm-64bit,images/snake.png,1920,1080,fast,fast,#009E73,5,7,11,0.039273,0.06682,0.027547,180,180,'$BUILD_DIR/converters/img2sixel' --threads=5 --precision=8bit --quality=high '--loaders=builtin!' --diffusion=none --gpu-policy=off --palette-type=rgb -w 1920 -h 1080 --encode-policy fast -p 256 -o /dev/null -J '{timeline}' '$TOP_SRCDIR/images/snake.png'
a639171f5a3ab8207dbb5450edb8b0a000e1f1c0,macOS-26.5.1-arm64-arm-64bit,images/snake.png,1920,1080,fast,fast,#009E73,6,7,12,0.037992,0.065666,0.027674,180,180,'$BUILD_DIR/converters/img2sixel' --threads=6 --precision=8bit --quality=high '--loaders=builtin!' --diffusion=none --gpu-policy=off --palette-type=rgb -w 1920 -h 1080 --encode-policy fast -p 256 -o /dev/null -J '{timeline}' '$TOP_SRCDIR/images/snake.png'
a639171f5a3ab8207dbb5450edb8b0a000e1f1c0,macOS-26.5.1-arm64-arm-64bit,images/snake.png,1920,1080,fast,fast,#009E73,7,7,13,0.038552,0.063759,0.025207,180,180,'$BUILD_DIR/converters/img2sixel' --threads=7 --precision=8bit --quality=high '--loaders=builtin!' --diffusion=none --gpu-policy=off --palette-type=rgb -w 1920 -h 1080 --encode-policy fast -p 256 -o /dev/null -J '{timeline}' '$TOP_SRCDIR/images/snake.png'
a639171f5a3ab8207dbb5450edb8b0a000e1f1c0,macOS-26.5.1-arm64-arm-64bit,images/snake.png,1920,1080,fast,fast,#009E73,8,7,14,0.036722,0.058723,0.022001,180,180,'$BUILD_DIR/converters/img2sixel' --threads=8 --precision=8bit --quality=high '--loaders=builtin!' --diffusion=none --gpu-policy=off --palette-type=rgb -w 1920 -h 1080 --encode-policy fast -p 256 -o /dev/null -J '{timeline}' '$TOP_SRCDIR/images/snake.png'
a639171f5a3ab8207dbb5450edb8b0a000e1f1c0,macOS-26.5.1-arm64-arm-64bit,images/snake.png,1920,1080,fast,fast,#009E73,9,7,15,0.036196,0.05672,0.020524,180,180,'$BUILD_DIR/converters/img2sixel' --threads=9 --precision=8bit --quality=high '--loaders=builtin!' --diffusion=none --gpu-policy=off --palette-type=rgb -w 1920 -h 1080 --encode-policy fast -p 256 -o /dev/null -J '{timeline}' '$TOP_SRCDIR/images/snake.png'
a639171f5a3ab8207dbb5450edb8b0a000e1f1c0,macOS-26.5.1-arm64-arm-64bit,images/snake.png,1920,1080,fast,fast,#009E73,10,7,16,0.036359,0.056152,0.019793,180,180,'$BUILD_DIR/converters/img2sixel' --threads=10 --precision=8bit --quality=high '--loaders=builtin!' --diffusion=none --gpu-policy=off --palette-type=rgb -w 1920 -h 1080 --encode-policy fast -p 256 -o /dev/null -J '{timeline}' '$TOP_SRCDIR/images/snake.png'
a639171f5a3ab8207dbb5450edb8b0a000e1f1c0,macOS-26.5.1-arm64-arm-64bit,images/snake.png,1920,1080,fast,fast,#009E73,11,7,17,0.035953,0.053872,0.017919,180,180,'$BUILD_DIR/converters/img2sixel' --threads=11 --precision=8bit --quality=high '--loaders=builtin!' --diffusion=none --gpu-policy=off --palette-type=rgb -w 1920 -h 1080 --encode-policy fast -p 256 -o /dev/null -J '{timeline}' '$TOP_SRCDIR/images/snake.png'
a639171f5a3ab8207dbb5450edb8b0a000e1f1c0,macOS-26.5.1-arm64-arm-64bit,images/snake.png,1920,1080,fast,fast,#009E73,12,7,18,0.037455,0.055135,0.01768,180,180,'$BUILD_DIR/converters/img2sixel' --threads=12 --precision=8bit --quality=high '--loaders=builtin!' --diffusion=none --gpu-policy=off --palette-type=rgb -w 1920 -h 1080 --encode-policy fast -p 256 -o /dev/null -J '{timeline}' '$TOP_SRCDIR/images/snake.png'
a639171f5a3ab8207dbb5450edb8b0a000e1f1c0,macOS-26.5.1-arm64-arm-64bit,images/snake.png,1920,1080,size,size,#D55E00,1,7,19,0.096634,0.116466,0.019832,180,180,'$BUILD_DIR/converters/img2sixel' --threads=1 --precision=8bit --quality=high '--loaders=builtin!' --diffusion=none --gpu-policy=off --palette-type=rgb -w 1920 -h 1080 --encode-policy size -p 256 -o /dev/null -J '{timeline}' '$TOP_SRCDIR/images/snake.png'
a639171f5a3ab8207dbb5450edb8b0a000e1f1c0,macOS-26.5.1-arm64-arm-64bit,images/snake.png,1920,1080,size,size,#D55E00,2,7,20,0.093607,0.107961,0.014354,180,180,'$BUILD_DIR/converters/img2sixel' --threads=2 --precision=8bit --quality=high '--loaders=builtin!' --diffusion=none --gpu-policy=off --palette-type=rgb -w 1920 -h 1080 --encode-policy size -p 256 -o /dev/null -J '{timeline}' '$TOP_SRCDIR/images/snake.png'
a639171f5a3ab8207dbb5450edb8b0a000e1f1c0,macOS-26.5.1-arm64-arm-64bit,images/snake.png,1920,1080,size,size,#D55E00,3,7,21,0.050775,0.104033,0.053258,180,180,'$BUILD_DIR/converters/img2sixel' --threads=3 --precision=8bit --quality=high '--loaders=builtin!' --diffusion=none --gpu-policy=off --palette-type=rgb -w 1920 -h 1080 --encode-policy size -p 256 -o /dev/null -J '{timeline}' '$TOP_SRCDIR/images/snake.png'
a639171f5a3ab8207dbb5450edb8b0a000e1f1c0,macOS-26.5.1-arm64-arm-64bit,images/snake.png,1920,1080,size,size,#D55E00,4,7,22,0.040284,0.078893,0.038609,180,180,'$BUILD_DIR/converters/img2sixel' --threads=4 --precision=8bit --quality=high '--loaders=builtin!' --diffusion=none --gpu-policy=off --palette-type=rgb -w 1920 -h 1080 --encode-policy size -p 256 -o /dev/null -J '{timeline}' '$TOP_SRCDIR/images/snake.png'
a639171f5a3ab8207dbb5450edb8b0a000e1f1c0,macOS-26.5.1-arm64-arm-64bit,images/snake.png,1920,1080,size,size,#D55E00,5,7,23,0.04033,0.070041,0.029711,180,180,'$BUILD_DIR/converters/img2sixel' --threads=5 --precision=8bit --quality=high '--loaders=builtin!' --diffusion=none --gpu-policy=off --palette-type=rgb -w 1920 -h 1080 --encode-policy size -p 256 -o /dev/null -J '{timeline}' '$TOP_SRCDIR/images/snake.png'
a639171f5a3ab8207dbb5450edb8b0a000e1f1c0,macOS-26.5.1-arm64-arm-64bit,images/snake.png,1920,1080,size,size,#D55E00,6,7,24,0.03754,0.06644,0.0289,180,180,'$BUILD_DIR/converters/img2sixel' --threads=6 --precision=8bit --quality=high '--loaders=builtin!' --diffusion=none --gpu-policy=off --palette-type=rgb -w 1920 -h 1080 --encode-policy size -p 256 -o /dev/null -J '{timeline}' '$TOP_SRCDIR/images/snake.png'
a639171f5a3ab8207dbb5450edb8b0a000e1f1c0,macOS-26.5.1-arm64-arm-64bit,images/snake.png,1920,1080,size,size,#D55E00,7,7,25,0.037676,0.063376,0.0257,180,180,'$BUILD_DIR/converters/img2sixel' --threads=7 --precision=8bit --quality=high '--loaders=builtin!' --diffusion=none --gpu-policy=off --palette-type=rgb -w 1920 -h 1080 --encode-policy size -p 256 -o /dev/null -J '{timeline}' '$TOP_SRCDIR/images/snake.png'
a639171f5a3ab8207dbb5450edb8b0a000e1f1c0,macOS-26.5.1-arm64-arm-64bit,images/snake.png,1920,1080,size,size,#D55E00,8,7,26,0.036466,0.057953,0.021487,180,180,'$BUILD_DIR/converters/img2sixel' --threads=8 --precision=8bit --quality=high '--loaders=builtin!' --diffusion=none --gpu-policy=off --palette-type=rgb -w 1920 -h 1080 --encode-policy size -p 256 -o /dev/null -J '{timeline}' '$TOP_SRCDIR/images/snake.png'
a639171f5a3ab8207dbb5450edb8b0a000e1f1c0,macOS-26.5.1-arm64-arm-64bit,images/snake.png,1920,1080,size,size,#D55E00,9,7,27,0.036158,0.055226,0.019068,180,180,'$BUILD_DIR/converters/img2sixel' --threads=9 --precision=8bit --quality=high '--loaders=builtin!' --diffusion=none --gpu-policy=off --palette-type=rgb -w 1920 -h 1080 --encode-policy size -p 256 -o /dev/null -J '{timeline}' '$TOP_SRCDIR/images/snake.png'
a639171f5a3ab8207dbb5450edb8b0a000e1f1c0,macOS-26.5.1-arm64-arm-64bit,images/snake.png,1920,1080,size,size,#D55E00,10,7,28,0.036339,0.056258,0.019919,180,180,'$BUILD_DIR/converters/img2sixel' --threads=10 --precision=8bit --quality=high '--loaders=builtin!' --diffusion=none --gpu-policy=off --palette-type=rgb -w 1920 -h 1080 --encode-policy size -p 256 -o /dev/null -J '{timeline}' '$TOP_SRCDIR/images/snake.png'
a639171f5a3ab8207dbb5450edb8b0a000e1f1c0,macOS-26.5.1-arm64-arm-64bit,images/snake.png,1920,1080,size,size,#D55E00,11,7,29,0.0363,0.054397,0.018097,180,180,'$BUILD_DIR/converters/img2sixel' --threads=11 --precision=8bit --quality=high '--loaders=builtin!' --diffusion=none --gpu-policy=off --palette-type=rgb -w 1920 -h 1080 --encode-policy size -p 256 -o /dev/null -J '{timeline}' '$TOP_SRCDIR/images/snake.png'
a639171f5a3ab8207dbb5450edb8b0a000e1f1c0,macOS-26.5.1-arm64-arm-64bit,images/snake.png,1920,1080,size,size,#D55E00,12,7,30,0.03612,0.053594,0.017474,180,180,'$BUILD_DIR/converters/img2sixel' --threads=12 --precision=8bit --quality=high '--loaders=builtin!' --diffusion=none --gpu-policy=off --palette-type=rgb -w 1920 -h 1080 --encode-policy size -p 256 -o /dev/null -J '{timeline}' '$TOP_SRCDIR/images/snake.png'
a639171f5a3ab8207dbb5450edb8b0a000e1f1c0,macOS-26.5.1-arm64-arm-64bit,images/snake.png,1920,1080,auto,auto,#0072B2,1,7,31,0.09548,0.115894,0.020414,180,180,'$BUILD_DIR/converters/img2sixel' --threads=1 --precision=8bit --quality=high '--loaders=builtin!' --diffusion=none --gpu-policy=off --palette-type=rgb -w 1920 -h 1080 --encode-policy auto -p 256 -o /dev/null -J '{timeline}' '$TOP_SRCDIR/images/snake.png'
a639171f5a3ab8207dbb5450edb8b0a000e1f1c0,macOS-26.5.1-arm64-arm-64bit,images/snake.png,1920,1080,auto,auto,#0072B2,2,7,32,0.091118,0.104989,0.013871,180,180,'$BUILD_DIR/converters/img2sixel' --threads=2 --precision=8bit --quality=high '--loaders=builtin!' --diffusion=none --gpu-policy=off --palette-type=rgb -w 1920 -h 1080 --encode-policy auto -p 256 -o /dev/null -J '{timeline}' '$TOP_SRCDIR/images/snake.png'
a639171f5a3ab8207dbb5450edb8b0a000e1f1c0,macOS-26.5.1-arm64-arm-64bit,images/snake.png,1920,1080,auto,auto,#0072B2,3,7,33,0.052343,0.105833,0.05349,180,180,'$BUILD_DIR/converters/img2sixel' --threads=3 --precision=8bit --quality=high '--loaders=builtin!' --diffusion=none --gpu-policy=off --palette-type=rgb -w 1920 -h 1080 --encode-policy auto -p 256 -o /dev/null -J '{timeline}' '$TOP_SRCDIR/images/snake.png'
a639171f5a3ab8207dbb5450edb8b0a000e1f1c0,macOS-26.5.1-arm64-arm-64bit,images/snake.png,1920,1080,auto,auto,#0072B2,4,7,34,0.038727,0.079302,0.040575,180,180,'$BUILD_DIR/converters/img2sixel' --threads=4 --precision=8bit --quality=high '--loaders=builtin!' --diffusion=none --gpu-policy=off --palette-type=rgb -w 1920 -h 1080 --encode-policy auto -p 256 -o /dev/null -J '{timeline}' '$TOP_SRCDIR/images/snake.png'
a639171f5a3ab8207dbb5450edb8b0a000e1f1c0,macOS-26.5.1-arm64-arm-64bit,images/snake.png,1920,1080,auto,auto,#0072B2,5,7,35,0.03987,0.068147,0.028277,180,180,'$BUILD_DIR/converters/img2sixel' --threads=5 --precision=8bit --quality=high '--loaders=builtin!' --diffusion=none --gpu-policy=off --palette-type=rgb -w 1920 -h 1080 --encode-policy auto -p 256 -o /dev/null -J '{timeline}' '$TOP_SRCDIR/images/snake.png'
a639171f5a3ab8207dbb5450edb8b0a000e1f1c0,macOS-26.5.1-arm64-arm-64bit,images/snake.png,1920,1080,auto,auto,#0072B2,6,7,36,0.037301,0.065351,0.02805,180,180,'$BUILD_DIR/converters/img2sixel' --threads=6 --precision=8bit --quality=high '--loaders=builtin!' --diffusion=none --gpu-policy=off --palette-type=rgb -w 1920 -h 1080 --encode-policy auto -p 256 -o /dev/null -J '{timeline}' '$TOP_SRCDIR/images/snake.png'
a639171f5a3ab8207dbb5450edb8b0a000e1f1c0,macOS-26.5.1-arm64-arm-64bit,images/snake.png,1920,1080,auto,auto,#0072B2,7,8,1,0.03684,0.063017,0.026177,180,180,'$BUILD_DIR/converters/img2sixel' --threads=7 --precision=8bit --quality=high '--loaders=builtin!' --diffusion=none --gpu-policy=off --palette-type=rgb -w 1920 -h 1080 --encode-policy auto -p 256 -o /dev/null -J '{timeline}' '$TOP_SRCDIR/images/snake.png'
a639171f5a3ab8207dbb5450edb8b0a000e1f1c0,macOS-26.5.1-arm64-arm-64bit,images/snake.png,1920,1080,auto,auto,#0072B2,6,8,2,0.038072,0.065535,0.027463,180,180,'$BUILD_DIR/converters/img2sixel' --threads=6 --precision=8bit --quality=high '--loaders=builtin!' --diffusion=none --gpu-policy=off --palette-type=rgb -w 1920 -h 1080 --encode-policy auto -p 256 -o /dev/null -J '{timeline}' '$TOP_SRCDIR/images/snake.png'
a639171f5a3ab8207dbb5450edb8b0a000e1f1c0,macOS-26.5.1-arm64-arm-64bit,images/snake.png,1920,1080,auto,auto,#0072B2,5,8,3,0.039177,0.067661,0.028484,180,180,'$BUILD_DIR/converters/img2sixel' --threads=5 --precision=8bit --quality=high '--loaders=builtin!' --diffusion=none --gpu-policy=off --palette-type=rgb -w 1920 -h 1080 --encode-policy auto -p 256 -o /dev/null -J '{timeline}' '$TOP_SRCDIR/images/snake.png'
a639171f5a3ab8207dbb5450edb8b0a000e1f1c0,macOS-26.5.1-arm64-arm-64bit,images/snake.png,1920,1080,auto,auto,#0072B2,4,8,4,0.039188,0.079682,0.040494,180,180,'$BUILD_DIR/converters/img2sixel' --threads=4 --precision=8bit --quality=high '--loaders=builtin!' --diffusion=none --gpu-policy=off --palette-type=rgb -w 1920 -h 1080 --encode-policy auto -p 256 -o /dev/null -J '{timeline}' '$TOP_SRCDIR/images/snake.png'
a639171f5a3ab8207dbb5450edb8b0a000e1f1c0,macOS-26.5.1-arm64-arm-64bit,images/snake.png,1920,1080,auto,auto,#0072B2,3,8,5,0.049153,0.104616,0.055463,180,180,'$BUILD_DIR/converters/img2sixel' --threads=3 --precision=8bit --quality=high '--loaders=builtin!' --diffusion=none --gpu-policy=off --palette-type=rgb -w 1920 -h 1080 --encode-policy auto -p 256 -o /dev/null -J '{timeline}' '$TOP_SRCDIR/images/snake.png'
a639171f5a3ab8207dbb5450edb8b0a000e1f1c0,macOS-26.5.1-arm64-arm-64bit,images/snake.png,1920,1080,auto,auto,#0072B2,2,8,6,0.101224,0.115629,0.014405,180,180,'$BUILD_DIR/converters/img2sixel' --threads=2 --precision=8bit --quality=high '--loaders=builtin!' --diffusion=none --gpu-policy=off --palette-type=rgb -w 1920 -h 1080 --encode-policy auto -p 256 -o /dev/null -J '{timeline}' '$TOP_SRCDIR/images/snake.png'
a639171f5a3ab8207dbb5450edb8b0a000e1f1c0,macOS-26.5.1-arm64-arm-64bit,images/snake.png,1920,1080,auto,auto,#0072B2,1,8,7,0.102965,0.125538,0.022573,180,180,'$BUILD_DIR/converters/img2sixel' --threads=1 --precision=8bit --quality=high '--loaders=builtin!' --diffusion=none --gpu-policy=off --palette-type=rgb -w 1920 -h 1080 --encode-policy auto -p 256 -o /dev/null -J '{timeline}' '$TOP_SRCDIR/images/snake.png'
a639171f5a3ab8207dbb5450edb8b0a000e1f1c0,macOS-26.5.1-arm64-arm-64bit,images/snake.png,1920,1080,size,size,#D55E00,12,8,8,0.037998,0.055806,0.017808,180,180,'$BUILD_DIR/converters/img2sixel' --threads=12 --precision=8bit --quality=high '--loaders=builtin!' --diffusion=none --gpu-policy=off --palette-type=rgb -w 1920 -h 1080 --encode-policy size -p 256 -o /dev/null -J '{timeline}' '$TOP_SRCDIR/images/snake.png'
a639171f5a3ab8207dbb5450edb8b0a000e1f1c0,macOS-26.5.1-arm64-arm-64bit,images/snake.png,1920,1080,size,size,#D55E00,11,8,9,0.039513,0.05821,0.018697,180,180,'$BUILD_DIR/converters/img2sixel' --threads=11 --precision=8bit --quality=high '--loaders=builtin!' --diffusion=none --gpu-policy=off --palette-type=rgb -w 1920 -h 1080 --encode-policy size -p 256 -o /dev/null -J '{timeline}' '$TOP_SRCDIR/images/snake.png'
a639171f5a3ab8207dbb5450edb8b0a000e1f1c0,macOS-26.5.1-arm64-arm-64bit,images/snake.png,1920,1080,size,size,#D55E00,10,8,10,0.037878,0.057629,0.019751,180,180,'$BUILD_DIR/converters/img2sixel' --threads=10 --precision=8bit --quality=high '--loaders=builtin!' --diffusion=none --gpu-policy=off --palette-type=rgb -w 1920 -h 1080 --encode-policy size -p 256 -o /dev/null -J '{timeline}' '$TOP_SRCDIR/images/snake.png'
a639171f5a3ab8207dbb5450edb8b0a000e1f1c0,macOS-26.5.1-arm64-arm-64bit,images/snake.png,1920,1080,size,size,#D55E00,9,8,11,0.037394,0.058958,0.021564,180,180,'$BUILD_DIR/converters/img2sixel' --threads=9 --precision=8bit --quality=high '--loaders=builtin!' --diffusion=none --gpu-policy=off --palette-type=rgb -w 1920 -h 1080 --encode-policy size -p 256 -o /dev/null -J '{timeline}' '$TOP_SRCDIR/images/snake.png'
a639171f5a3ab8207dbb5450edb8b0a000e1f1c0,macOS-26.5.1-arm64-arm-64bit,images/snake.png,1920,1080,size,size,#D55E00,8,8,12,0.038091,0.06043,0.022339,180,180,'$BUILD_DIR/converters/img2sixel' --threads=8 --precision=8bit --quality=high '--loaders=builtin!' --diffusion=none --gpu-policy=off --palette-type=rgb -w 1920 -h 1080 --encode-policy size -p 256 -o /dev/null -J '{timeline}' '$TOP_SRCDIR/images/snake.png'
a639171f5a3ab8207dbb5450edb8b0a000e1f1c0,macOS-26.5.1-arm64-arm-64bit,images/snake.png,1920,1080,size,size,#D55E00,7,8,13,0.037279,0.06195,0.024671,180,180,'$BUILD_DIR/converters/img2sixel' --threads=7 --precision=8bit --quality=high '--loaders=builtin!' --diffusion=none --gpu-policy=off --palette-type=rgb -w 1920 -h 1080 --encode-policy size -p 256 -o /dev/null -J '{timeline}' '$TOP_SRCDIR/images/snake.png'
a639171f5a3ab8207dbb5450edb8b0a000e1f1c0,macOS-26.5.1-arm64-arm-64bit,images/snake.png,1920,1080,size,size,#D55E00,6,8,14,0.039684,0.067421,0.027737,180,180,'$BUILD_DIR/converters/img2sixel' --threads=6 --precision=8bit --quality=high '--loaders=builtin!' --diffusion=none --gpu-policy=off --palette-type=rgb -w 1920 -h 1080 --encode-policy size -p 256 -o /dev/null -J '{timeline}' '$TOP_SRCDIR/images/snake.png'
a639171f5a3ab8207dbb5450edb8b0a000e1f1c0,macOS-26.5.1-arm64-arm-64bit,images/snake.png,1920,1080,size,size,#D55E00,5,8,15,0.038831,0.06887,0.030039,180,180,'$BUILD_DIR/converters/img2sixel' --threads=5 --precision=8bit --quality=high '--loaders=builtin!' --diffusion=none --gpu-policy=off --palette-type=rgb -w 1920 -h 1080 --encode-policy size -p 256 -o /dev/null -J '{timeline}' '$TOP_SRCDIR/images/snake.png'
a639171f5a3ab8207dbb5450edb8b0a000e1f1c0,macOS-26.5.1-arm64-arm-64bit,images/snake.png,1920,1080,size,size,#D55E00,4,8,16,0.038834,0.078924,0.04009,180,180,'$BUILD_DIR/converters/img2sixel' --threads=4 --precision=8bit --quality=high '--loaders=builtin!' --diffusion=none --gpu-policy=off --palette-type=rgb -w 1920 -h 1080 --encode-policy size -p 256 -o /dev/null -J '{timeline}' '$TOP_SRCDIR/images/snake.png'
a639171f5a3ab8207dbb5450edb8b0a000e1f1c0,macOS-26.5.1-arm64-arm-64bit,images/snake.png,1920,1080,size,size,#D55E00,3,8,17,0.050107,0.103237,0.05313,180,180,'$BUILD_DIR/converters/img2sixel' --threads=3 --precision=8bit --quality=high '--loaders=builtin!' --diffusion=none --gpu-policy=off --palette-type=rgb -w 1920 -h 1080 --encode-policy size -p 256 -o /dev/null -J '{timeline}' '$TOP_SRCDIR/images/snake.png'
a639171f5a3ab8207dbb5450edb8b0a000e1f1c0,macOS-26.5.1-arm64-arm-64bit,images/snake.png,1920,1080,size,size,#D55E00,2,8,18,0.100049,0.114021,0.013972,180,180,'$BUILD_DIR/converters/img2sixel' --threads=2 --precision=8bit --quality=high '--loaders=builtin!' --diffusion=none --gpu-policy=off --palette-type=rgb -w 1920 -h 1080 --encode-policy size -p 256 -o /dev/null -J '{timeline}' '$TOP_SRCDIR/images/snake.png'
a639171f5a3ab8207dbb5450edb8b0a000e1f1c0,macOS-26.5.1-arm64-arm-64bit,images/snake.png,1920,1080,size,size,#D55E00,1,8,19,0.103332,0.124653,0.021321,180,180,'$BUILD_DIR/converters/img2sixel' --threads=1 --precision=8bit --quality=high '--loaders=builtin!' --diffusion=none --gpu-policy=off --palette-type=rgb -w 1920 -h 1080 --encode-policy size -p 256 -o /dev/null -J '{timeline}' '$TOP_SRCDIR/images/snake.png'
a639171f5a3ab8207dbb5450edb8b0a000e1f1c0,macOS-26.5.1-arm64-arm-64bit,images/snake.png,1920,1080,fast,fast,#009E73,12,8,20,0.038958,0.056595,0.017637,180,180,'$BUILD_DIR/converters/img2sixel' --threads=12 --precision=8bit --quality=high '--loaders=builtin!' --diffusion=none --gpu-policy=off --palette-type=rgb -w 1920 -h 1080 --encode-policy fast -p 256 -o /dev/null -J '{timeline}' '$TOP_SRCDIR/images/snake.png'
a639171f5a3ab8207dbb5450edb8b0a000e1f1c0,macOS-26.5.1-arm64-arm-64bit,images/snake.png,1920,1080,fast,fast,#009E73,11,8,21,0.037456,0.05681,0.019354,180,180,'$BUILD_DIR/converters/img2sixel' --threads=11 --precision=8bit --quality=high '--loaders=builtin!' --diffusion=none --gpu-policy=off --palette-type=rgb -w 1920 -h 1080 --encode-policy fast -p 256 -o /dev/null -J '{timeline}' '$TOP_SRCDIR/images/snake.png'
a639171f5a3ab8207dbb5450edb8b0a000e1f1c0,macOS-26.5.1-arm64-arm-64bit,images/snake.png,1920,1080,fast,fast,#009E73,10,8,22,0.037604,0.057114,0.01951,180,180,'$BUILD_DIR/converters/img2sixel' --threads=10 --precision=8bit --quality=high '--loaders=builtin!' --diffusion=none --gpu-policy=off --palette-type=rgb -w 1920 -h 1080 --encode-policy fast -p 256 -o /dev/null -J '{timeline}' '$TOP_SRCDIR/images/snake.png'
a639171f5a3ab8207dbb5450edb8b0a000e1f1c0,macOS-26.5.1-arm64-arm-64bit,images/snake.png,1920,1080,fast,fast,#009E73,9,8,23,0.03894,0.059588,0.020648,180,180,'$BUILD_DIR/converters/img2sixel' --threads=9 --precision=8bit --quality=high '--loaders=builtin!' --diffusion=none --gpu-policy=off --palette-type=rgb -w 1920 -h 1080 --encode-policy fast -p 256 -o /dev/null -J '{timeline}' '$TOP_SRCDIR/images/snake.png'
a639171f5a3ab8207dbb5450edb8b0a000e1f1c0,macOS-26.5.1-arm64-arm-64bit,images/snake.png,1920,1080,fast,fast,#009E73,8,8,24,0.039032,0.061082,0.02205,180,180,'$BUILD_DIR/converters/img2sixel' --threads=8 --precision=8bit --quality=high '--loaders=builtin!' --diffusion=none --gpu-policy=off --palette-type=rgb -w 1920 -h 1080 --encode-policy fast -p 256 -o /dev/null -J '{timeline}' '$TOP_SRCDIR/images/snake.png'
a639171f5a3ab8207dbb5450edb8b0a000e1f1c0,macOS-26.5.1-arm64-arm-64bit,images/snake.png,1920,1080,fast,fast,#009E73,7,8,25,0.038696,0.064806,0.02611,180,180,'$BUILD_DIR/converters/img2sixel' --threads=7 --precision=8bit --quality=high '--loaders=builtin!' --diffusion=none --gpu-policy=off --palette-type=rgb -w 1920 -h 1080 --encode-policy fast -p 256 -o /dev/null -J '{timeline}' '$TOP_SRCDIR/images/snake.png'
a639171f5a3ab8207dbb5450edb8b0a000e1f1c0,macOS-26.5.1-arm64-arm-64bit,images/snake.png,1920,1080,fast,fast,#009E73,6,8,26,0.039211,0.067647,0.028436,180,180,'$BUILD_DIR/converters/img2sixel' --threads=6 --precision=8bit --quality=high '--loaders=builtin!' --diffusion=none --gpu-policy=off --palette-type=rgb -w 1920 -h 1080 --encode-policy fast -p 256 -o /dev/null -J '{timeline}' '$TOP_SRCDIR/images/snake.png'
a639171f5a3ab8207dbb5450edb8b0a000e1f1c0,macOS-26.5.1-arm64-arm-64bit,images/snake.png,1920,1080,fast,fast,#009E73,5,8,27,0.039812,0.068038,0.028226,180,180,'$BUILD_DIR/converters/img2sixel' --threads=5 --precision=8bit --quality=high '--loaders=builtin!' --diffusion=none --gpu-policy=off --palette-type=rgb -w 1920 -h 1080 --encode-policy fast -p 256 -o /dev/null -J '{timeline}' '$TOP_SRCDIR/images/snake.png'
a639171f5a3ab8207dbb5450edb8b0a000e1f1c0,macOS-26.5.1-arm64-arm-64bit,images/snake.png,1920,1080,fast,fast,#009E73,4,8,28,0.039502,0.078452,0.03895,180,180,'$BUILD_DIR/converters/img2sixel' --threads=4 --precision=8bit --quality=high '--loaders=builtin!' --diffusion=none --gpu-policy=off --palette-type=rgb -w 1920 -h 1080 --encode-policy fast -p 256 -o /dev/null -J '{timeline}' '$TOP_SRCDIR/images/snake.png'
a639171f5a3ab8207dbb5450edb8b0a000e1f1c0,macOS-26.5.1-arm64-arm-64bit,images/snake.png,1920,1080,fast,fast,#009E73,3,8,29,0.048961,0.102463,0.053502,180,180,'$BUILD_DIR/converters/img2sixel' --threads=3 --precision=8bit --quality=high '--loaders=builtin!' --diffusion=none --gpu-policy=off --palette-type=rgb -w 1920 -h 1080 --encode-policy fast -p 256 -o /dev/null -J '{timeline}' '$TOP_SRCDIR/images/snake.png'
a639171f5a3ab8207dbb5450edb8b0a000e1f1c0,macOS-26.5.1-arm64-arm-64bit,images/snake.png,1920,1080,fast,fast,#009E73,2,8,30,0.099986,0.113888,0.013902,180,180,'$BUILD_DIR/converters/img2sixel' --threads=2 --precision=8bit --quality=high '--loaders=builtin!' --diffusion=none --gpu-policy=off --palette-type=rgb -w 1920 -h 1080 --encode-policy fast -p 256 -o /dev/null -J '{timeline}' '$TOP_SRCDIR/images/snake.png'
a639171f5a3ab8207dbb5450edb8b0a000e1f1c0,macOS-26.5.1-arm64-arm-64bit,images/snake.png,1920,1080,fast,fast,#009E73,1,8,31,0.103092,0.126009,0.022917,180,180,'$BUILD_DIR/converters/img2sixel' --threads=1 --precision=8bit --quality=high '--loaders=builtin!' --diffusion=none --gpu-policy=off --palette-type=rgb -w 1920 -h 1080 --encode-policy fast -p 256 -o /dev/null -J '{timeline}' '$TOP_SRCDIR/images/snake.png'
a639171f5a3ab8207dbb5450edb8b0a000e1f1c0,macOS-26.5.1-arm64-arm-64bit,images/snake.png,1920,1080,auto,auto,#0072B2,12,8,32,0.039916,0.059333,0.019417,180,180,'$BUILD_DIR/converters/img2sixel' --threads=12 --precision=8bit --quality=high '--loaders=builtin!' --diffusion=none --gpu-policy=off --palette-type=rgb -w 1920 -h 1080 --encode-policy auto -p 256 -o /dev/null -J '{timeline}' '$TOP_SRCDIR/images/snake.png'
a639171f5a3ab8207dbb5450edb8b0a000e1f1c0,macOS-26.5.1-arm64-arm-64bit,images/snake.png,1920,1080,auto,auto,#0072B2,11,8,33,0.038893,0.057282,0.018389,180,180,'$BUILD_DIR/converters/img2sixel' --threads=11 --precision=8bit --quality=high '--loaders=builtin!' --diffusion=none --gpu-policy=off --palette-type=rgb -w 1920 -h 1080 --encode-policy auto -p 256 -o /dev/null -J '{timeline}' '$TOP_SRCDIR/images/snake.png'
a639171f5a3ab8207dbb5450edb8b0a000e1f1c0,macOS-26.5.1-arm64-arm-64bit,images/snake.png,1920,1080,auto,auto,#0072B2,10,8,34,0.036732,0.058574,0.021842,180,180,'$BUILD_DIR/converters/img2sixel' --threads=10 --precision=8bit --quality=high '--loaders=builtin!' --diffusion=none --gpu-policy=off --palette-type=rgb -w 1920 -h 1080 --encode-policy auto -p 256 -o /dev/null -J '{timeline}' '$TOP_SRCDIR/images/snake.png'
a639171f5a3ab8207dbb5450edb8b0a000e1f1c0,macOS-26.5.1-arm64-arm-64bit,images/snake.png,1920,1080,auto,auto,#0072B2,9,8,35,0.038912,0.059761,0.020849,180,180,'$BUILD_DIR/converters/img2sixel' --threads=9 --precision=8bit --quality=high '--loaders=builtin!' --diffusion=none --gpu-policy=off --palette-type=rgb -w 1920 -h 1080 --encode-policy auto -p 256 -o /dev/null -J '{timeline}' '$TOP_SRCDIR/images/snake.png'
a639171f5a3ab8207dbb5450edb8b0a000e1f1c0,macOS-26.5.1-arm64-arm-64bit,images/snake.png,1920,1080,auto,auto,#0072B2,8,8,36,0.038205,0.060633,0.022428,180,180,'$BUILD_DIR/converters/img2sixel' --threads=8 --precision=8bit --quality=high '--loaders=builtin!' --diffusion=none --gpu-policy=off --palette-type=rgb -w 1920 -h 1080 --encode-policy auto -p 256 -o /dev/null -J '{timeline}' '$TOP_SRCDIR/images/snake.png'
a639171f5a3ab8207dbb5450edb8b0a000e1f1c0,macOS-26.5.1-arm64-arm-64bit,images/snake.png,1920,1080,auto,auto,#0072B2,9,9,1,0.03757,0.059651,0.022081,180,180,'$BUILD_DIR/converters/img2sixel' --threads=9 --precision=8bit --quality=high '--loaders=builtin!' --diffusion=none --gpu-policy=off --palette-type=rgb -w 1920 -h 1080 --encode-policy auto -p 256 -o /dev/null -J '{timeline}' '$TOP_SRCDIR/images/snake.png'
a639171f5a3ab8207dbb5450edb8b0a000e1f1c0,macOS-26.5.1-arm64-arm-64bit,images/snake.png,1920,1080,auto,auto,#0072B2,10,9,2,0.038063,0.058186,0.020123,180,180,'$BUILD_DIR/converters/img2sixel' --threads=10 --precision=8bit --quality=high '--loaders=builtin!' --diffusion=none --gpu-policy=off --palette-type=rgb -w 1920 -h 1080 --encode-policy auto -p 256 -o /dev/null -J '{timeline}' '$TOP_SRCDIR/images/snake.png'
a639171f5a3ab8207dbb5450edb8b0a000e1f1c0,macOS-26.5.1-arm64-arm-64bit,images/snake.png,1920,1080,auto,auto,#0072B2,11,9,3,0.037445,0.057329,0.019884,180,180,'$BUILD_DIR/converters/img2sixel' --threads=11 --precision=8bit --quality=high '--loaders=builtin!' --diffusion=none --gpu-policy=off --palette-type=rgb -w 1920 -h 1080 --encode-policy auto -p 256 -o /dev/null -J '{timeline}' '$TOP_SRCDIR/images/snake.png'
a639171f5a3ab8207dbb5450edb8b0a000e1f1c0,macOS-26.5.1-arm64-arm-64bit,images/snake.png,1920,1080,auto,auto,#0072B2,12,9,4,0.039076,0.057945,0.018869,180,180,'$BUILD_DIR/converters/img2sixel' --threads=12 --precision=8bit --quality=high '--loaders=builtin!' --diffusion=none --gpu-policy=off --palette-type=rgb -w 1920 -h 1080 --encode-policy auto -p 256 -o /dev/null -J '{timeline}' '$TOP_SRCDIR/images/snake.png'
a639171f5a3ab8207dbb5450edb8b0a000e1f1c0,macOS-26.5.1-arm64-arm-64bit,images/snake.png,1920,1080,fast,fast,#009E73,1,9,5,0.102178,0.125294,0.023116,180,180,'$BUILD_DIR/converters/img2sixel' --threads=1 --precision=8bit --quality=high '--loaders=builtin!' --diffusion=none --gpu-policy=off --palette-type=rgb -w 1920 -h 1080 --encode-policy fast -p 256 -o /dev/null -J '{timeline}' '$TOP_SRCDIR/images/snake.png'
a639171f5a3ab8207dbb5450edb8b0a000e1f1c0,macOS-26.5.1-arm64-arm-64bit,images/snake.png,1920,1080,fast,fast,#009E73,2,9,6,0.098554,0.113527,0.014973,180,180,'$BUILD_DIR/converters/img2sixel' --threads=2 --precision=8bit --quality=high '--loaders=builtin!' --diffusion=none --gpu-policy=off --palette-type=rgb -w 1920 -h 1080 --encode-policy fast -p 256 -o /dev/null -J '{timeline}' '$TOP_SRCDIR/images/snake.png'
a639171f5a3ab8207dbb5450edb8b0a000e1f1c0,macOS-26.5.1-arm64-arm-64bit,images/snake.png,1920,1080,fast,fast,#009E73,3,9,7,0.050184,0.102822,0.052638,180,180,'$BUILD_DIR/converters/img2sixel' --threads=3 --precision=8bit --quality=high '--loaders=builtin!' --diffusion=none --gpu-policy=off --palette-type=rgb -w 1920 -h 1080 --encode-policy fast -p 256 -o /dev/null -J '{timeline}' '$TOP_SRCDIR/images/snake.png'
a639171f5a3ab8207dbb5450edb8b0a000e1f1c0,macOS-26.5.1-arm64-arm-64bit,images/snake.png,1920,1080,fast,fast,#009E73,4,9,8,0.039943,0.078371,0.038428,180,180,'$BUILD_DIR/converters/img2sixel' --threads=4 --precision=8bit --quality=high '--loaders=builtin!' --diffusion=none --gpu-policy=off --palette-type=rgb -w 1920 -h 1080 --encode-policy fast -p 256 -o /dev/null -J '{timeline}' '$TOP_SRCDIR/images/snake.png'
a639171f5a3ab8207dbb5450edb8b0a000e1f1c0,macOS-26.5.1-arm64-arm-64bit,images/snake.png,1920,1080,fast,fast,#009E73,5,9,9,0.039792,0.069504,0.029712,180,180,'$BUILD_DIR/converters/img2sixel' --threads=5 --precision=8bit --quality=high '--loaders=builtin!' --diffusion=none --gpu-policy=off --palette-type=rgb -w 1920 -h 1080 --encode-policy fast -p 256 -o /dev/null -J '{timeline}' '$TOP_SRCDIR/images/snake.png'
a639171f5a3ab8207dbb5450edb8b0a000e1f1c0,macOS-26.5.1-arm64-arm-64bit,images/snake.png,1920,1080,fast,fast,#009E73,6,9,10,0.037253,0.063776,0.026523,180,180,'$BUILD_DIR/converters/img2sixel' --threads=6 --precision=8bit --quality=high '--loaders=builtin!' --diffusion=none --gpu-policy=off --palette-type=rgb -w 1920 -h 1080 --encode-policy fast -p 256 -o /dev/null -J '{timeline}' '$TOP_SRCDIR/images/snake.png'
a639171f5a3ab8207dbb5450edb8b0a000e1f1c0,macOS-26.5.1-arm64-arm-64bit,images/snake.png,1920,1080,fast,fast,#009E73,7,9,11,0.039098,0.063181,0.024083,180,180,'$BUILD_DIR/converters/img2sixel' --threads=7 --precision=8bit --quality=high '--loaders=builtin!' --diffusion=none --gpu-policy=off --palette-type=rgb -w 1920 -h 1080 --encode-policy fast -p 256 -o /dev/null -J '{timeline}' '$TOP_SRCDIR/images/snake.png'
a639171f5a3ab8207dbb5450edb8b0a000e1f1c0,macOS-26.5.1-arm64-arm-64bit,images/snake.png,1920,1080,fast,fast,#009E73,8,9,12,0.039389,0.060846,0.021457,180,180,'$BUILD_DIR/converters/img2sixel' --threads=8 --precision=8bit --quality=high '--loaders=builtin!' --diffusion=none --gpu-policy=off --palette-type=rgb -w 1920 -h 1080 --encode-policy fast -p 256 -o /dev/null -J '{timeline}' '$TOP_SRCDIR/images/snake.png'
a639171f5a3ab8207dbb5450edb8b0a000e1f1c0,macOS-26.5.1-arm64-arm-64bit,images/snake.png,1920,1080,fast,fast,#009E73,9,9,13,0.0383,0.058088,0.019788,180,180,'$BUILD_DIR/converters/img2sixel' --threads=9 --precision=8bit --quality=high '--loaders=builtin!' --diffusion=none --gpu-policy=off --palette-type=rgb -w 1920 -h 1080 --encode-policy fast -p 256 -o /dev/null -J '{timeline}' '$TOP_SRCDIR/images/snake.png'
a639171f5a3ab8207dbb5450edb8b0a000e1f1c0,macOS-26.5.1-arm64-arm-64bit,images/snake.png,1920,1080,fast,fast,#009E73,10,9,14,0.037249,0.057082,0.019833,180,180,'$BUILD_DIR/converters/img2sixel' --threads=10 --precision=8bit --quality=high '--loaders=builtin!' --diffusion=none --gpu-policy=off --palette-type=rgb -w 1920 -h 1080 --encode-policy fast -p 256 -o /dev/null -J '{timeline}' '$TOP_SRCDIR/images/snake.png'
a639171f5a3ab8207dbb5450edb8b0a000e1f1c0,macOS-26.5.1-arm64-arm-64bit,images/snake.png,1920,1080,fast,fast,#009E73,11,9,15,0.038169,0.057487,0.019318,180,180,'$BUILD_DIR/converters/img2sixel' --threads=11 --precision=8bit --quality=high '--loaders=builtin!' --diffusion=none --gpu-policy=off --palette-type=rgb -w 1920 -h 1080 --encode-policy fast -p 256 -o /dev/null -J '{timeline}' '$TOP_SRCDIR/images/snake.png'
a639171f5a3ab8207dbb5450edb8b0a000e1f1c0,macOS-26.5.1-arm64-arm-64bit,images/snake.png,1920,1080,fast,fast,#009E73,12,9,16,0.037774,0.055395,0.017621,180,180,'$BUILD_DIR/converters/img2sixel' --threads=12 --precision=8bit --quality=high '--loaders=builtin!' --diffusion=none --gpu-policy=off --palette-type=rgb -w 1920 -h 1080 --encode-policy fast -p 256 -o /dev/null -J '{timeline}' '$TOP_SRCDIR/images/snake.png'
a639171f5a3ab8207dbb5450edb8b0a000e1f1c0,macOS-26.5.1-arm64-arm-64bit,images/snake.png,1920,1080,size,size,#D55E00,1,9,17,0.101117,0.122527,0.02141,180,180,'$BUILD_DIR/converters/img2sixel' --threads=1 --precision=8bit --quality=high '--loaders=builtin!' --diffusion=none --gpu-policy=off --palette-type=rgb -w 1920 -h 1080 --encode-policy size -p 256 -o /dev/null -J '{timeline}' '$TOP_SRCDIR/images/snake.png'
a639171f5a3ab8207dbb5450edb8b0a000e1f1c0,macOS-26.5.1-arm64-arm-64bit,images/snake.png,1920,1080,size,size,#D55E00,2,9,18,0.098507,0.112671,0.014164,180,180,'$BUILD_DIR/converters/img2sixel' --threads=2 --precision=8bit --quality=high '--loaders=builtin!' --diffusion=none --gpu-policy=off --palette-type=rgb -w 1920 -h 1080 --encode-policy size -p 256 -o /dev/null -J '{timeline}' '$TOP_SRCDIR/images/snake.png'
a639171f5a3ab8207dbb5450edb8b0a000e1f1c0,macOS-26.5.1-arm64-arm-64bit,images/snake.png,1920,1080,size,size,#D55E00,3,9,19,0.050109,0.103103,0.052994,180,180,'$BUILD_DIR/converters/img2sixel' --threads=3 --precision=8bit --quality=high '--loaders=builtin!' --diffusion=none --gpu-policy=off --palette-type=rgb -w 1920 -h 1080 --encode-policy size -p 256 -o /dev/null -J '{timeline}' '$TOP_SRCDIR/images/snake.png'
a639171f5a3ab8207dbb5450edb8b0a000e1f1c0,macOS-26.5.1-arm64-arm-64bit,images/snake.png,1920,1080,size,size,#D55E00,4,9,20,0.040239,0.080018,0.039779,180,180,'$BUILD_DIR/converters/img2sixel' --threads=4 --precision=8bit --quality=high '--loaders=builtin!' --diffusion=none --gpu-policy=off --palette-type=rgb -w 1920 -h 1080 --encode-policy size -p 256 -o /dev/null -J '{timeline}' '$TOP_SRCDIR/images/snake.png'
a639171f5a3ab8207dbb5450edb8b0a000e1f1c0,macOS-26.5.1-arm64-arm-64bit,images/snake.png,1920,1080,size,size,#D55E00,5,9,21,0.039677,0.068648,0.028971,180,180,'$BUILD_DIR/converters/img2sixel' --threads=5 --precision=8bit --quality=high '--loaders=builtin!' --diffusion=none --gpu-policy=off --palette-type=rgb -w 1920 -h 1080 --encode-policy size -p 256 -o /dev/null -J '{timeline}' '$TOP_SRCDIR/images/snake.png'
a639171f5a3ab8207dbb5450edb8b0a000e1f1c0,macOS-26.5.1-arm64-arm-64bit,images/snake.png,1920,1080,size,size,#D55E00,6,9,22,0.03738,0.064896,0.027516,180,180,'$BUILD_DIR/converters/img2sixel' --threads=6 --precision=8bit --quality=high '--loaders=builtin!' --diffusion=none --gpu-policy=off --palette-type=rgb -w 1920 -h 1080 --encode-policy size -p 256 -o /dev/null -J '{timeline}' '$TOP_SRCDIR/images/snake.png'
a639171f5a3ab8207dbb5450edb8b0a000e1f1c0,macOS-26.5.1-arm64-arm-64bit,images/snake.png,1920,1080,size,size,#D55E00,7,9,23,0.036688,0.060523,0.023835,180,180,'$BUILD_DIR/converters/img2sixel' --threads=7 --precision=8bit --quality=high '--loaders=builtin!' --diffusion=none --gpu-policy=off --palette-type=rgb -w 1920 -h 1080 --encode-policy size -p 256 -o /dev/null -J '{timeline}' '$TOP_SRCDIR/images/snake.png'
a639171f5a3ab8207dbb5450edb8b0a000e1f1c0,macOS-26.5.1-arm64-arm-64bit,images/snake.png,1920,1080,size,size,#D55E00,8,9,24,0.037786,0.059696,0.02191,180,180,'$BUILD_DIR/converters/img2sixel' --threads=8 --precision=8bit --quality=high '--loaders=builtin!' --diffusion=none --gpu-policy=off --palette-type=rgb -w 1920 -h 1080 --encode-policy size -p 256 -o /dev/null -J '{timeline}' '$TOP_SRCDIR/images/snake.png'
a639171f5a3ab8207dbb5450edb8b0a000e1f1c0,macOS-26.5.1-arm64-arm-64bit,images/snake.png,1920,1080,size,size,#D55E00,9,9,25,0.03811,0.05861,0.0205,180,180,'$BUILD_DIR/converters/img2sixel' --threads=9 --precision=8bit --quality=high '--loaders=builtin!' --diffusion=none --gpu-policy=off --palette-type=rgb -w 1920 -h 1080 --encode-policy size -p 256 -o /dev/null -J '{timeline}' '$TOP_SRCDIR/images/snake.png'
a639171f5a3ab8207dbb5450edb8b0a000e1f1c0,macOS-26.5.1-arm64-arm-64bit,images/snake.png,1920,1080,size,size,#D55E00,10,9,26,0.039151,0.059117,0.019966,180,180,'$BUILD_DIR/converters/img2sixel' --threads=10 --precision=8bit --quality=high '--loaders=builtin!' --diffusion=none --gpu-policy=off --palette-type=rgb -w 1920 -h 1080 --encode-policy size -p 256 -o /dev/null -J '{timeline}' '$TOP_SRCDIR/images/snake.png'
a639171f5a3ab8207dbb5450edb8b0a000e1f1c0,macOS-26.5.1-arm64-arm-64bit,images/snake.png,1920,1080,size,size,#D55E00,11,9,27,0.037726,0.05674,0.019014,180,180,'$BUILD_DIR/converters/img2sixel' --threads=11 --precision=8bit --quality=high '--loaders=builtin!' --diffusion=none --gpu-policy=off --palette-type=rgb -w 1920 -h 1080 --encode-policy size -p 256 -o /dev/null -J '{timeline}' '$TOP_SRCDIR/images/snake.png'
a639171f5a3ab8207dbb5450edb8b0a000e1f1c0,macOS-26.5.1-arm64-arm-64bit,images/snake.png,1920,1080,size,size,#D55E00,12,9,28,0.036971,0.055356,0.018385,180,180,'$BUILD_DIR/converters/img2sixel' --threads=12 --precision=8bit --quality=high '--loaders=builtin!' --diffusion=none --gpu-policy=off --palette-type=rgb -w 1920 -h 1080 --encode-policy size -p 256 -o /dev/null -J '{timeline}' '$TOP_SRCDIR/images/snake.png'
a639171f5a3ab8207dbb5450edb8b0a000e1f1c0,macOS-26.5.1-arm64-arm-64bit,images/snake.png,1920,1080,auto,auto,#0072B2,1,9,29,0.100577,0.123068,0.022491,180,180,'$BUILD_DIR/converters/img2sixel' --threads=1 --precision=8bit --quality=high '--loaders=builtin!' --diffusion=none --gpu-policy=off --palette-type=rgb -w 1920 -h 1080 --encode-policy auto -p 256 -o /dev/null -J '{timeline}' '$TOP_SRCDIR/images/snake.png'
a639171f5a3ab8207dbb5450edb8b0a000e1f1c0,macOS-26.5.1-arm64-arm-64bit,images/snake.png,1920,1080,auto,auto,#0072B2,2,9,30,0.099735,0.115087,0.015352,180,180,'$BUILD_DIR/converters/img2sixel' --threads=2 --precision=8bit --quality=high '--loaders=builtin!' --diffusion=none --gpu-policy=off --palette-type=rgb -w 1920 -h 1080 --encode-policy auto -p 256 -o /dev/null -J '{timeline}' '$TOP_SRCDIR/images/snake.png'
a639171f5a3ab8207dbb5450edb8b0a000e1f1c0,macOS-26.5.1-arm64-arm-64bit,images/snake.png,1920,1080,auto,auto,#0072B2,3,9,31,0.048081,0.103567,0.055486,180,180,'$BUILD_DIR/converters/img2sixel' --threads=3 --precision=8bit --quality=high '--loaders=builtin!' --diffusion=none --gpu-policy=off --palette-type=rgb -w 1920 -h 1080 --encode-policy auto -p 256 -o /dev/null -J '{timeline}' '$TOP_SRCDIR/images/snake.png'
a639171f5a3ab8207dbb5450edb8b0a000e1f1c0,macOS-26.5.1-arm64-arm-64bit,images/snake.png,1920,1080,auto,auto,#0072B2,4,9,32,0.038762,0.079368,0.040606,180,180,'$BUILD_DIR/converters/img2sixel' --threads=4 --precision=8bit --quality=high '--loaders=builtin!' --diffusion=none --gpu-policy=off --palette-type=rgb -w 1920 -h 1080 --encode-policy auto -p 256 -o /dev/null -J '{timeline}' '$TOP_SRCDIR/images/snake.png'
a639171f5a3ab8207dbb5450edb8b0a000e1f1c0,macOS-26.5.1-arm64-arm-64bit,images/snake.png,1920,1080,auto,auto,#0072B2,5,9,33,0.038105,0.068476,0.030371,180,180,'$BUILD_DIR/converters/img2sixel' --threads=5 --precision=8bit --quality=high '--loaders=builtin!' --diffusion=none --gpu-policy=off --palette-type=rgb -w 1920 -h 1080 --encode-policy auto -p 256 -o /dev/null -J '{timeline}' '$TOP_SRCDIR/images/snake.png'
a639171f5a3ab8207dbb5450edb8b0a000e1f1c0,macOS-26.5.1-arm64-arm-64bit,images/snake.png,1920,1080,auto,auto,#0072B2,6,9,34,0.037877,0.067192,0.029315,180,180,'$BUILD_DIR/converters/img2sixel' --threads=6 --precision=8bit --quality=high '--loaders=builtin!' --diffusion=none --gpu-policy=off --palette-type=rgb -w 1920 -h 1080 --encode-policy auto -p 256 -o /dev/null -J '{timeline}' '$TOP_SRCDIR/images/snake.png'
a639171f5a3ab8207dbb5450edb8b0a000e1f1c0,macOS-26.5.1-arm64-arm-64bit,images/snake.png,1920,1080,auto,auto,#0072B2,7,9,35,0.036902,0.062607,0.025705,180,180,'$BUILD_DIR/converters/img2sixel' --threads=7 --precision=8bit --quality=high '--loaders=builtin!' --diffusion=none --gpu-policy=off --palette-type=rgb -w 1920 -h 1080 --encode-policy auto -p 256 -o /dev/null -J '{timeline}' '$TOP_SRCDIR/images/snake.png'
a639171f5a3ab8207dbb5450edb8b0a000e1f1c0,macOS-26.5.1-arm64-arm-64bit,images/snake.png,1920,1080,auto,auto,#0072B2,8,9,36,0.038553,0.061374,0.022821,180,180,'$BUILD_DIR/converters/img2sixel' --threads=8 --precision=8bit --quality=high '--loaders=builtin!' --diffusion=none --gpu-policy=off --palette-type=rgb -w 1920 -h 1080 --encode-policy auto -p 256 -o /dev/null -J '{timeline}' '$TOP_SRCDIR/images/snake.png'
a639171f5a3ab8207dbb5450edb8b0a000e1f1c0,macOS-26.5.1-arm64-arm-64bit,images/snake.png,1920,1080,auto,auto,#0072B2,9,10,1,0.038025,0.058549,0.020524,180,180,'$BUILD_DIR/converters/img2sixel' --threads=9 --precision=8bit --quality=high '--loaders=builtin!' --diffusion=none --gpu-policy=off --palette-type=rgb -w 1920 -h 1080 --encode-policy auto -p 256 -o /dev/null -J '{timeline}' '$TOP_SRCDIR/images/snake.png'
a639171f5a3ab8207dbb5450edb8b0a000e1f1c0,macOS-26.5.1-arm64-arm-64bit,images/snake.png,1920,1080,auto,auto,#0072B2,8,10,2,0.037535,0.059686,0.022151,180,180,'$BUILD_DIR/converters/img2sixel' --threads=8 --precision=8bit --quality=high '--loaders=builtin!' --diffusion=none --gpu-policy=off --palette-type=rgb -w 1920 -h 1080 --encode-policy auto -p 256 -o /dev/null -J '{timeline}' '$TOP_SRCDIR/images/snake.png'
a639171f5a3ab8207dbb5450edb8b0a000e1f1c0,macOS-26.5.1-arm64-arm-64bit,images/snake.png,1920,1080,auto,auto,#0072B2,7,10,3,0.035738,0.06076,0.025022,180,180,'$BUILD_DIR/converters/img2sixel' --threads=7 --precision=8bit --quality=high '--loaders=builtin!' --diffusion=none --gpu-policy=off --palette-type=rgb -w 1920 -h 1080 --encode-policy auto -p 256 -o /dev/null -J '{timeline}' '$TOP_SRCDIR/images/snake.png'
a639171f5a3ab8207dbb5450edb8b0a000e1f1c0,macOS-26.5.1-arm64-arm-64bit,images/snake.png,1920,1080,auto,auto,#0072B2,6,10,4,0.038812,0.066657,0.027845,180,180,'$BUILD_DIR/converters/img2sixel' --threads=6 --precision=8bit --quality=high '--loaders=builtin!' --diffusion=none --gpu-policy=off --palette-type=rgb -w 1920 -h 1080 --encode-policy auto -p 256 -o /dev/null -J '{timeline}' '$TOP_SRCDIR/images/snake.png'
a639171f5a3ab8207dbb5450edb8b0a000e1f1c0,macOS-26.5.1-arm64-arm-64bit,images/snake.png,1920,1080,auto,auto,#0072B2,5,10,5,0.038425,0.066563,0.028138,180,180,'$BUILD_DIR/converters/img2sixel' --threads=5 --precision=8bit --quality=high '--loaders=builtin!' --diffusion=none --gpu-policy=off --palette-type=rgb -w 1920 -h 1080 --encode-policy auto -p 256 -o /dev/null -J '{timeline}' '$TOP_SRCDIR/images/snake.png'
a639171f5a3ab8207dbb5450edb8b0a000e1f1c0,macOS-26.5.1-arm64-arm-64bit,images/snake.png,1920,1080,auto,auto,#0072B2,4,10,6,0.038649,0.078729,0.04008,180,180,'$BUILD_DIR/converters/img2sixel' --threads=4 --precision=8bit --quality=high '--loaders=builtin!' --diffusion=none --gpu-policy=off --palette-type=rgb -w 1920 -h 1080 --encode-policy auto -p 256 -o /dev/null -J '{timeline}' '$TOP_SRCDIR/images/snake.png'
a639171f5a3ab8207dbb5450edb8b0a000e1f1c0,macOS-26.5.1-arm64-arm-64bit,images/snake.png,1920,1080,auto,auto,#0072B2,3,10,7,0.048723,0.101828,0.053105,180,180,'$BUILD_DIR/converters/img2sixel' --threads=3 --precision=8bit --quality=high '--loaders=builtin!' --diffusion=none --gpu-policy=off --palette-type=rgb -w 1920 -h 1080 --encode-policy auto -p 256 -o /dev/null -J '{timeline}' '$TOP_SRCDIR/images/snake.png'
a639171f5a3ab8207dbb5450edb8b0a000e1f1c0,macOS-26.5.1-arm64-arm-64bit,images/snake.png,1920,1080,auto,auto,#0072B2,2,10,8,0.0929,0.106927,0.014027,180,180,'$BUILD_DIR/converters/img2sixel' --threads=2 --precision=8bit --quality=high '--loaders=builtin!' --diffusion=none --gpu-policy=off --palette-type=rgb -w 1920 -h 1080 --encode-policy auto -p 256 -o /dev/null -J '{timeline}' '$TOP_SRCDIR/images/snake.png'
a639171f5a3ab8207dbb5450edb8b0a000e1f1c0,macOS-26.5.1-arm64-arm-64bit,images/snake.png,1920,1080,auto,auto,#0072B2,1,10,9,0.105424,0.126216,0.020792,180,180,'$BUILD_DIR/converters/img2sixel' --threads=1 --precision=8bit --quality=high '--loaders=builtin!' --diffusion=none --gpu-policy=off --palette-type=rgb -w 1920 -h 1080 --encode-policy auto -p 256 -o /dev/null -J '{timeline}' '$TOP_SRCDIR/images/snake.png'
a639171f5a3ab8207dbb5450edb8b0a000e1f1c0,macOS-26.5.1-arm64-arm-64bit,images/snake.png,1920,1080,size,size,#D55E00,12,10,10,0.03671,0.053897,0.017187,180,180,'$BUILD_DIR/converters/img2sixel' --threads=12 --precision=8bit --quality=high '--loaders=builtin!' --diffusion=none --gpu-policy=off --palette-type=rgb -w 1920 -h 1080 --encode-policy size -p 256 -o /dev/null -J '{timeline}' '$TOP_SRCDIR/images/snake.png'
a639171f5a3ab8207dbb5450edb8b0a000e1f1c0,macOS-26.5.1-arm64-arm-64bit,images/snake.png,1920,1080,size,size,#D55E00,11,10,11,0.035854,0.054456,0.018602,180,180,'$BUILD_DIR/converters/img2sixel' --threads=11 --precision=8bit --quality=high '--loaders=builtin!' --diffusion=none --gpu-policy=off --palette-type=rgb -w 1920 -h 1080 --encode-policy size -p 256 -o /dev/null -J '{timeline}' '$TOP_SRCDIR/images/snake.png'
a639171f5a3ab8207dbb5450edb8b0a000e1f1c0,macOS-26.5.1-arm64-arm-64bit,images/snake.png,1920,1080,size,size,#D55E00,10,10,12,0.036403,0.056032,0.019629,180,180,'$BUILD_DIR/converters/img2sixel' --threads=10 --precision=8bit --quality=high '--loaders=builtin!' --diffusion=none --gpu-policy=off --palette-type=rgb -w 1920 -h 1080 --encode-policy size -p 256 -o /dev/null -J '{timeline}' '$TOP_SRCDIR/images/snake.png'
a639171f5a3ab8207dbb5450edb8b0a000e1f1c0,macOS-26.5.1-arm64-arm-64bit,images/snake.png,1920,1080,size,size,#D55E00,9,10,13,0.03646,0.057062,0.020602,180,180,'$BUILD_DIR/converters/img2sixel' --threads=9 --precision=8bit --quality=high '--loaders=builtin!' --diffusion=none --gpu-policy=off --palette-type=rgb -w 1920 -h 1080 --encode-policy size -p 256 -o /dev/null -J '{timeline}' '$TOP_SRCDIR/images/snake.png'
a639171f5a3ab8207dbb5450edb8b0a000e1f1c0,macOS-26.5.1-arm64-arm-64bit,images/snake.png,1920,1080,size,size,#D55E00,8,10,14,0.037213,0.058423,0.02121,180,180,'$BUILD_DIR/converters/img2sixel' --threads=8 --precision=8bit --quality=high '--loaders=builtin!' --diffusion=none --gpu-policy=off --palette-type=rgb -w 1920 -h 1080 --encode-policy size -p 256 -o /dev/null -J '{timeline}' '$TOP_SRCDIR/images/snake.png'
a639171f5a3ab8207dbb5450edb8b0a000e1f1c0,macOS-26.5.1-arm64-arm-64bit,images/snake.png,1920,1080,size,size,#D55E00,7,10,15,0.036629,0.060059,0.02343,180,180,'$BUILD_DIR/converters/img2sixel' --threads=7 --precision=8bit --quality=high '--loaders=builtin!' --diffusion=none --gpu-policy=off --palette-type=rgb -w 1920 -h 1080 --encode-policy size -p 256 -o /dev/null -J '{timeline}' '$TOP_SRCDIR/images/snake.png'
a639171f5a3ab8207dbb5450edb8b0a000e1f1c0,macOS-26.5.1-arm64-arm-64bit,images/snake.png,1920,1080,size,size,#D55E00,6,10,16,0.036186,0.063015,0.026829,180,180,'$BUILD_DIR/converters/img2sixel' --threads=6 --precision=8bit --quality=high '--loaders=builtin!' --diffusion=none --gpu-policy=off --palette-type=rgb -w 1920 -h 1080 --encode-policy size -p 256 -o /dev/null -J '{timeline}' '$TOP_SRCDIR/images/snake.png'
a639171f5a3ab8207dbb5450edb8b0a000e1f1c0,macOS-26.5.1-arm64-arm-64bit,images/snake.png,1920,1080,size,size,#D55E00,5,10,17,0.036282,0.065361,0.029079,180,180,'$BUILD_DIR/converters/img2sixel' --threads=5 --precision=8bit --quality=high '--loaders=builtin!' --diffusion=none --gpu-policy=off --palette-type=rgb -w 1920 -h 1080 --encode-policy size -p 256 -o /dev/null -J '{timeline}' '$TOP_SRCDIR/images/snake.png'
a639171f5a3ab8207dbb5450edb8b0a000e1f1c0,macOS-26.5.1-arm64-arm-64bit,images/snake.png,1920,1080,size,size,#D55E00,4,10,18,0.0389,0.078336,0.039436,180,180,'$BUILD_DIR/converters/img2sixel' --threads=4 --precision=8bit --quality=high '--loaders=builtin!' --diffusion=none --gpu-policy=off --palette-type=rgb -w 1920 -h 1080 --encode-policy size -p 256 -o /dev/null -J '{timeline}' '$TOP_SRCDIR/images/snake.png'
a639171f5a3ab8207dbb5450edb8b0a000e1f1c0,macOS-26.5.1-arm64-arm-64bit,images/snake.png,1920,1080,size,size,#D55E00,3,10,19,0.04803,0.100718,0.052688,180,180,'$BUILD_DIR/converters/img2sixel' --threads=3 --precision=8bit --quality=high '--loaders=builtin!' --diffusion=none --gpu-policy=off --palette-type=rgb -w 1920 -h 1080 --encode-policy size -p 256 -o /dev/null -J '{timeline}' '$TOP_SRCDIR/images/snake.png'
a639171f5a3ab8207dbb5450edb8b0a000e1f1c0,macOS-26.5.1-arm64-arm-64bit,images/snake.png,1920,1080,size,size,#D55E00,2,10,20,0.100028,0.114362,0.014334,180,180,'$BUILD_DIR/converters/img2sixel' --threads=2 --precision=8bit --quality=high '--loaders=builtin!' --diffusion=none --gpu-policy=off --palette-type=rgb -w 1920 -h 1080 --encode-policy size -p 256 -o /dev/null -J '{timeline}' '$TOP_SRCDIR/images/snake.png'
a639171f5a3ab8207dbb5450edb8b0a000e1f1c0,macOS-26.5.1-arm64-arm-64bit,images/snake.png,1920,1080,size,size,#D55E00,1,10,21,0.103142,0.125295,0.022153,180,180,'$BUILD_DIR/converters/img2sixel' --threads=1 --precision=8bit --quality=high '--loaders=builtin!' --diffusion=none --gpu-policy=off --palette-type=rgb -w 1920 -h 1080 --encode-policy size -p 256 -o /dev/null -J '{timeline}' '$TOP_SRCDIR/images/snake.png'
a639171f5a3ab8207dbb5450edb8b0a000e1f1c0,macOS-26.5.1-arm64-arm-64bit,images/snake.png,1920,1080,fast,fast,#009E73,12,10,22,0.040329,0.058795,0.018466,180,180,'$BUILD_DIR/converters/img2sixel' --threads=12 --precision=8bit --quality=high '--loaders=builtin!' --diffusion=none --gpu-policy=off --palette-type=rgb -w 1920 -h 1080 --encode-policy fast -p 256 -o /dev/null -J '{timeline}' '$TOP_SRCDIR/images/snake.png'
a639171f5a3ab8207dbb5450edb8b0a000e1f1c0,macOS-26.5.1-arm64-arm-64bit,images/snake.png,1920,1080,fast,fast,#009E73,11,10,23,0.039281,0.057933,0.018652,180,180,'$BUILD_DIR/converters/img2sixel' --threads=11 --precision=8bit --quality=high '--loaders=builtin!' --diffusion=none --gpu-policy=off --palette-type=rgb -w 1920 -h 1080 --encode-policy fast -p 256 -o /dev/null -J '{timeline}' '$TOP_SRCDIR/images/snake.png'
a639171f5a3ab8207dbb5450edb8b0a000e1f1c0,macOS-26.5.1-arm64-arm-64bit,images/snake.png,1920,1080,fast,fast,#009E73,10,10,24,0.039277,0.059198,0.019921,180,180,'$BUILD_DIR/converters/img2sixel' --threads=10 --precision=8bit --quality=high '--loaders=builtin!' --diffusion=none --gpu-policy=off --palette-type=rgb -w 1920 -h 1080 --encode-policy fast -p 256 -o /dev/null -J '{timeline}' '$TOP_SRCDIR/images/snake.png'
a639171f5a3ab8207dbb5450edb8b0a000e1f1c0,macOS-26.5.1-arm64-arm-64bit,images/snake.png,1920,1080,fast,fast,#009E73,9,10,25,0.036864,0.056246,0.019382,180,180,'$BUILD_DIR/converters/img2sixel' --threads=9 --precision=8bit --quality=high '--loaders=builtin!' --diffusion=none --gpu-policy=off --palette-type=rgb -w 1920 -h 1080 --encode-policy fast -p 256 -o /dev/null -J '{timeline}' '$TOP_SRCDIR/images/snake.png'
a639171f5a3ab8207dbb5450edb8b0a000e1f1c0,macOS-26.5.1-arm64-arm-64bit,images/snake.png,1920,1080,fast,fast,#009E73,8,10,26,0.037591,0.060087,0.022496,180,180,'$BUILD_DIR/converters/img2sixel' --threads=8 --precision=8bit --quality=high '--loaders=builtin!' --diffusion=none --gpu-policy=off --palette-type=rgb -w 1920 -h 1080 --encode-policy fast -p 256 -o /dev/null -J '{timeline}' '$TOP_SRCDIR/images/snake.png'
a639171f5a3ab8207dbb5450edb8b0a000e1f1c0,macOS-26.5.1-arm64-arm-64bit,images/snake.png,1920,1080,fast,fast,#009E73,7,10,27,0.038118,0.063398,0.02528,180,180,'$BUILD_DIR/converters/img2sixel' --threads=7 --precision=8bit --quality=high '--loaders=builtin!' --diffusion=none --gpu-policy=off --palette-type=rgb -w 1920 -h 1080 --encode-policy fast -p 256 -o /dev/null -J '{timeline}' '$TOP_SRCDIR/images/snake.png'
a639171f5a3ab8207dbb5450edb8b0a000e1f1c0,macOS-26.5.1-arm64-arm-64bit,images/snake.png,1920,1080,fast,fast,#009E73,6,10,28,0.036322,0.06312,0.026798,180,180,'$BUILD_DIR/converters/img2sixel' --threads=6 --precision=8bit --quality=high '--loaders=builtin!' --diffusion=none --gpu-policy=off --palette-type=rgb -w 1920 -h 1080 --encode-policy fast -p 256 -o /dev/null -J '{timeline}' '$TOP_SRCDIR/images/snake.png'
a639171f5a3ab8207dbb5450edb8b0a000e1f1c0,macOS-26.5.1-arm64-arm-64bit,images/snake.png,1920,1080,fast,fast,#009E73,5,10,29,0.036633,0.06558,0.028947,180,180,'$BUILD_DIR/converters/img2sixel' --threads=5 --precision=8bit --quality=high '--loaders=builtin!' --diffusion=none --gpu-policy=off --palette-type=rgb -w 1920 -h 1080 --encode-policy fast -p 256 -o /dev/null -J '{timeline}' '$TOP_SRCDIR/images/snake.png'
a639171f5a3ab8207dbb5450edb8b0a000e1f1c0,macOS-26.5.1-arm64-arm-64bit,images/snake.png,1920,1080,fast,fast,#009E73,4,10,30,0.036532,0.073974,0.037442,180,180,'$BUILD_DIR/converters/img2sixel' --threads=4 --precision=8bit --quality=high '--loaders=builtin!' --diffusion=none --gpu-policy=off --palette-type=rgb -w 1920 -h 1080 --encode-policy fast -p 256 -o /dev/null -J '{timeline}' '$TOP_SRCDIR/images/snake.png'
a639171f5a3ab8207dbb5450edb8b0a000e1f1c0,macOS-26.5.1-arm64-arm-64bit,images/snake.png,1920,1080,fast,fast,#009E73,3,10,31,0.050219,0.103159,0.05294,180,180,'$BUILD_DIR/converters/img2sixel' --threads=3 --precision=8bit --quality=high '--loaders=builtin!' --diffusion=none --gpu-policy=off --palette-type=rgb -w 1920 -h 1080 --encode-policy fast -p 256 -o /dev/null -J '{timeline}' '$TOP_SRCDIR/images/snake.png'
a639171f5a3ab8207dbb5450edb8b0a000e1f1c0,macOS-26.5.1-arm64-arm-64bit,images/snake.png,1920,1080,fast,fast,#009E73,2,10,32,0.099738,0.114289,0.014551,180,180,'$BUILD_DIR/converters/img2sixel' --threads=2 --precision=8bit --quality=high '--loaders=builtin!' --diffusion=none --gpu-policy=off --palette-type=rgb -w 1920 -h 1080 --encode-policy fast -p 256 -o /dev/null -J '{timeline}' '$TOP_SRCDIR/images/snake.png'
a639171f5a3ab8207dbb5450edb8b0a000e1f1c0,macOS-26.5.1-arm64-arm-64bit,images/snake.png,1920,1080,fast,fast,#009E73,1,10,33,0.102567,0.125354,0.022787,180,180,'$BUILD_DIR/converters/img2sixel' --threads=1 --precision=8bit --quality=high '--loaders=builtin!' --diffusion=none --gpu-policy=off --palette-type=rgb -w 1920 -h 1080 --encode-policy fast -p 256 -o /dev/null -J '{timeline}' '$TOP_SRCDIR/images/snake.png'
a639171f5a3ab8207dbb5450edb8b0a000e1f1c0,macOS-26.5.1-arm64-arm-64bit,images/snake.png,1920,1080,auto,auto,#0072B2,12,10,34,0.039486,0.056885,0.017399,180,180,'$BUILD_DIR/converters/img2sixel' --threads=12 --precision=8bit --quality=high '--loaders=builtin!' --diffusion=none --gpu-policy=off --palette-type=rgb -w 1920 -h 1080 --encode-policy auto -p 256 -o /dev/null -J '{timeline}' '$TOP_SRCDIR/images/snake.png'
a639171f5a3ab8207dbb5450edb8b0a000e1f1c0,macOS-26.5.1-arm64-arm-64bit,images/snake.png,1920,1080,auto,auto,#0072B2,11,10,35,0.039546,0.057817,0.018271,180,180,'$BUILD_DIR/converters/img2sixel' --threads=11 --precision=8bit --quality=high '--loaders=builtin!' --diffusion=none --gpu-policy=off --palette-type=rgb -w 1920 -h 1080 --encode-policy auto -p 256 -o /dev/null -J '{timeline}' '$TOP_SRCDIR/images/snake.png'
a639171f5a3ab8207dbb5450edb8b0a000e1f1c0,macOS-26.5.1-arm64-arm-64bit,images/snake.png,1920,1080,auto,auto,#0072B2,10,10,36,0.039903,0.060252,0.020349,180,180,'$BUILD_DIR/converters/img2sixel' --threads=10 --precision=8bit --quality=high '--loaders=builtin!' --diffusion=none --gpu-policy=off --palette-type=rgb -w 1920 -h 1080 --encode-policy auto -p 256 -o /dev/null -J '{timeline}' '$TOP_SRCDIR/images/snake.png'
a639171f5a3ab8207dbb5450edb8b0a000e1f1c0,macOS-26.5.1-arm64-arm-64bit,images/snake.png,1920,1080,auto,auto,#0072B2,11,11,1,0.038866,0.058547,0.019681,180,180,'$BUILD_DIR/converters/img2sixel' --threads=11 --precision=8bit --quality=high '--loaders=builtin!' --diffusion=none --gpu-policy=off --palette-type=rgb -w 1920 -h 1080 --encode-policy auto -p 256 -o /dev/null -J '{timeline}' '$TOP_SRCDIR/images/snake.png'
a639171f5a3ab8207dbb5450edb8b0a000e1f1c0,macOS-26.5.1-arm64-arm-64bit,images/snake.png,1920,1080,auto,auto,#0072B2,12,11,2,0.037288,0.054397,0.017109,180,180,'$BUILD_DIR/converters/img2sixel' --threads=12 --precision=8bit --quality=high '--loaders=builtin!' --diffusion=none --gpu-policy=off --palette-type=rgb -w 1920 -h 1080 --encode-policy auto -p 256 -o /dev/null -J '{timeline}' '$TOP_SRCDIR/images/snake.png'
a639171f5a3ab8207dbb5450edb8b0a000e1f1c0,macOS-26.5.1-arm64-arm-64bit,images/snake.png,1920,1080,fast,fast,#009E73,1,11,3,0.102806,0.124502,0.021696,180,180,'$BUILD_DIR/converters/img2sixel' --threads=1 --precision=8bit --quality=high '--loaders=builtin!' --diffusion=none --gpu-policy=off --palette-type=rgb -w 1920 -h 1080 --encode-policy fast -p 256 -o /dev/null -J '{timeline}' '$TOP_SRCDIR/images/snake.png'
a639171f5a3ab8207dbb5450edb8b0a000e1f1c0,macOS-26.5.1-arm64-arm-64bit,images/snake.png,1920,1080,fast,fast,#009E73,2,11,4,0.100314,0.114579,0.014265,180,180,'$BUILD_DIR/converters/img2sixel' --threads=2 --precision=8bit --quality=high '--loaders=builtin!' --diffusion=none --gpu-policy=off --palette-type=rgb -w 1920 -h 1080 --encode-policy fast -p 256 -o /dev/null -J '{timeline}' '$TOP_SRCDIR/images/snake.png'
a639171f5a3ab8207dbb5450edb8b0a000e1f1c0,macOS-26.5.1-arm64-arm-64bit,images/snake.png,1920,1080,fast,fast,#009E73,3,11,5,0.05137,0.10461,0.05324,180,180,'$BUILD_DIR/converters/img2sixel' --threads=3 --precision=8bit --quality=high '--loaders=builtin!' --diffusion=none --gpu-policy=off --palette-type=rgb -w 1920 -h 1080 --encode-policy fast -p 256 -o /dev/null -J '{timeline}' '$TOP_SRCDIR/images/snake.png'
a639171f5a3ab8207dbb5450edb8b0a000e1f1c0,macOS-26.5.1-arm64-arm-64bit,images/snake.png,1920,1080,fast,fast,#009E73,4,11,6,0.039762,0.078642,0.03888,180,180,'$BUILD_DIR/converters/img2sixel' --threads=4 --precision=8bit --quality=high '--loaders=builtin!' --diffusion=none --gpu-policy=off --palette-type=rgb -w 1920 -h 1080 --encode-policy fast -p 256 -o /dev/null -J '{timeline}' '$TOP_SRCDIR/images/snake.png'
a639171f5a3ab8207dbb5450edb8b0a000e1f1c0,macOS-26.5.1-arm64-arm-64bit,images/snake.png,1920,1080,fast,fast,#009E73,5,11,7,0.040241,0.070449,0.030208,180,180,'$BUILD_DIR/converters/img2sixel' --threads=5 --precision=8bit --quality=high '--loaders=builtin!' --diffusion=none --gpu-policy=off --palette-type=rgb -w 1920 -h 1080 --encode-policy fast -p 256 -o /dev/null -J '{timeline}' '$TOP_SRCDIR/images/snake.png'
a639171f5a3ab8207dbb5450edb8b0a000e1f1c0,macOS-26.5.1-arm64-arm-64bit,images/snake.png,1920,1080,fast,fast,#009E73,6,11,8,0.039427,0.068001,0.028574,180,180,'$BUILD_DIR/converters/img2sixel' --threads=6 --precision=8bit --quality=high '--loaders=builtin!' --diffusion=none --gpu-policy=off --palette-type=rgb -w 1920 -h 1080 --encode-policy fast -p 256 -o /dev/null -J '{timeline}' '$TOP_SRCDIR/images/snake.png'
a639171f5a3ab8207dbb5450edb8b0a000e1f1c0,macOS-26.5.1-arm64-arm-64bit,images/snake.png,1920,1080,fast,fast,#009E73,7,11,9,0.038447,0.064509,0.026062,180,180,'$BUILD_DIR/converters/img2sixel' --threads=7 --precision=8bit --quality=high '--loaders=builtin!' --diffusion=none --gpu-policy=off --palette-type=rgb -w 1920 -h 1080 --encode-policy fast -p 256 -o /dev/null -J '{timeline}' '$TOP_SRCDIR/images/snake.png'
a639171f5a3ab8207dbb5450edb8b0a000e1f1c0,macOS-26.5.1-arm64-arm-64bit,images/snake.png,1920,1080,fast,fast,#009E73,8,11,10,0.037815,0.05932,0.021505,180,180,'$BUILD_DIR/converters/img2sixel' --threads=8 --precision=8bit --quality=high '--loaders=builtin!' --diffusion=none --gpu-policy=off --palette-type=rgb -w 1920 -h 1080 --encode-policy fast -p 256 -o /dev/null -J '{timeline}' '$TOP_SRCDIR/images/snake.png'
a639171f5a3ab8207dbb5450edb8b0a000e1f1c0,macOS-26.5.1-arm64-arm-64bit,images/snake.png,1920,1080,fast,fast,#009E73,9,11,11,0.037894,0.058939,0.021045,180,180,'$BUILD_DIR/converters/img2sixel' --threads=9 --precision=8bit --quality=high '--loaders=builtin!' --diffusion=none --gpu-policy=off --palette-type=rgb -w 1920 -h 1080 --encode-policy fast -p 256 -o /dev/null -J '{timeline}' '$TOP_SRCDIR/images/snake.png'
a639171f5a3ab8207dbb5450edb8b0a000e1f1c0,macOS-26.5.1-arm64-arm-64bit,images/snake.png,1920,1080,fast,fast,#009E73,10,11,12,0.038929,0.058983,0.020054,180,180,'$BUILD_DIR/converters/img2sixel' --threads=10 --precision=8bit --quality=high '--loaders=builtin!' --diffusion=none --gpu-policy=off --palette-type=rgb -w 1920 -h 1080 --encode-policy fast -p 256 -o /dev/null -J '{timeline}' '$TOP_SRCDIR/images/snake.png'
a639171f5a3ab8207dbb5450edb8b0a000e1f1c0,macOS-26.5.1-arm64-arm-64bit,images/snake.png,1920,1080,fast,fast,#009E73,11,11,13,0.037536,0.056952,0.019416,180,180,'$BUILD_DIR/converters/img2sixel' --threads=11 --precision=8bit --quality=high '--loaders=builtin!' --diffusion=none --gpu-policy=off --palette-type=rgb -w 1920 -h 1080 --encode-policy fast -p 256 -o /dev/null -J '{timeline}' '$TOP_SRCDIR/images/snake.png'
a639171f5a3ab8207dbb5450edb8b0a000e1f1c0,macOS-26.5.1-arm64-arm-64bit,images/snake.png,1920,1080,fast,fast,#009E73,12,11,14,0.036235,0.054242,0.018007,180,180,'$BUILD_DIR/converters/img2sixel' --threads=12 --precision=8bit --quality=high '--loaders=builtin!' --diffusion=none --gpu-policy=off --palette-type=rgb -w 1920 -h 1080 --encode-policy fast -p 256 -o /dev/null -J '{timeline}' '$TOP_SRCDIR/images/snake.png'
a639171f5a3ab8207dbb5450edb8b0a000e1f1c0,macOS-26.5.1-arm64-arm-64bit,images/snake.png,1920,1080,size,size,#D55E00,1,11,15,0.105343,0.126797,0.021454,180,180,'$BUILD_DIR/converters/img2sixel' --threads=1 --precision=8bit --quality=high '--loaders=builtin!' --diffusion=none --gpu-policy=off --palette-type=rgb -w 1920 -h 1080 --encode-policy size -p 256 -o /dev/null -J '{timeline}' '$TOP_SRCDIR/images/snake.png'
a639171f5a3ab8207dbb5450edb8b0a000e1f1c0,macOS-26.5.1-arm64-arm-64bit,images/snake.png,1920,1080,size,size,#D55E00,2,11,16,0.098055,0.112212,0.014157,180,180,'$BUILD_DIR/converters/img2sixel' --threads=2 --precision=8bit --quality=high '--loaders=builtin!' --diffusion=none --gpu-policy=off --palette-type=rgb -w 1920 -h 1080 --encode-policy size -p 256 -o /dev/null -J '{timeline}' '$TOP_SRCDIR/images/snake.png'
a639171f5a3ab8207dbb5450edb8b0a000e1f1c0,macOS-26.5.1-arm64-arm-64bit,images/snake.png,1920,1080,size,size,#D55E00,3,11,17,0.048399,0.103797,0.055398,180,180,'$BUILD_DIR/converters/img2sixel' --threads=3 --precision=8bit --quality=high '--loaders=builtin!' --diffusion=none --gpu-policy=off --palette-type=rgb -w 1920 -h 1080 --encode-policy size -p 256 -o /dev/null -J '{timeline}' '$TOP_SRCDIR/images/snake.png'
a639171f5a3ab8207dbb5450edb8b0a000e1f1c0,macOS-26.5.1-arm64-arm-64bit,images/snake.png,1920,1080,size,size,#D55E00,4,11,18,0.039174,0.079216,0.040042,180,180,'$BUILD_DIR/converters/img2sixel' --threads=4 --precision=8bit --quality=high '--loaders=builtin!' --diffusion=none --gpu-policy=off --palette-type=rgb -w 1920 -h 1080 --encode-policy size -p 256 -o /dev/null -J '{timeline}' '$TOP_SRCDIR/images/snake.png'
a639171f5a3ab8207dbb5450edb8b0a000e1f1c0,macOS-26.5.1-arm64-arm-64bit,images/snake.png,1920,1080,size,size,#D55E00,5,11,19,0.0387,0.068078,0.029378,180,180,'$BUILD_DIR/converters/img2sixel' --threads=5 --precision=8bit --quality=high '--loaders=builtin!' --diffusion=none --gpu-policy=off --palette-type=rgb -w 1920 -h 1080 --encode-policy size -p 256 -o /dev/null -J '{timeline}' '$TOP_SRCDIR/images/snake.png'
a639171f5a3ab8207dbb5450edb8b0a000e1f1c0,macOS-26.5.1-arm64-arm-64bit,images/snake.png,1920,1080,size,size,#D55E00,6,11,20,0.037545,0.065999,0.028454,180,180,'$BUILD_DIR/converters/img2sixel' --threads=6 --precision=8bit --quality=high '--loaders=builtin!' --diffusion=none --gpu-policy=off --palette-type=rgb -w 1920 -h 1080 --encode-policy size -p 256 -o /dev/null -J '{timeline}' '$TOP_SRCDIR/images/snake.png'
a639171f5a3ab8207dbb5450edb8b0a000e1f1c0,macOS-26.5.1-arm64-arm-64bit,images/snake.png,1920,1080,size,size,#D55E00,7,11,21,0.038226,0.062819,0.024593,180,180,'$BUILD_DIR/converters/img2sixel' --threads=7 --precision=8bit --quality=high '--loaders=builtin!' --diffusion=none --gpu-policy=off --palette-type=rgb -w 1920 -h 1080 --encode-policy size -p 256 -o /dev/null -J '{timeline}' '$TOP_SRCDIR/images/snake.png'
a639171f5a3ab8207dbb5450edb8b0a000e1f1c0,macOS-26.5.1-arm64-arm-64bit,images/snake.png,1920,1080,size,size,#D55E00,8,11,22,0.038217,0.061629,0.023412,180,180,'$BUILD_DIR/converters/img2sixel' --threads=8 --precision=8bit --quality=high '--loaders=builtin!' --diffusion=none --gpu-policy=off --palette-type=rgb -w 1920 -h 1080 --encode-policy size -p 256 -o /dev/null -J '{timeline}' '$TOP_SRCDIR/images/snake.png'
a639171f5a3ab8207dbb5450edb8b0a000e1f1c0,macOS-26.5.1-arm64-arm-64bit,images/snake.png,1920,1080,size,size,#D55E00,9,11,23,0.039003,0.060656,0.021653,180,180,'$BUILD_DIR/converters/img2sixel' --threads=9 --precision=8bit --quality=high '--loaders=builtin!' --diffusion=none --gpu-policy=off --palette-type=rgb -w 1920 -h 1080 --encode-policy size -p 256 -o /dev/null -J '{timeline}' '$TOP_SRCDIR/images/snake.png'
a639171f5a3ab8207dbb5450edb8b0a000e1f1c0,macOS-26.5.1-arm64-arm-64bit,images/snake.png,1920,1080,size,size,#D55E00,10,11,24,0.037465,0.057521,0.020056,180,180,'$BUILD_DIR/converters/img2sixel' --threads=10 --precision=8bit --quality=high '--loaders=builtin!' --diffusion=none --gpu-policy=off --palette-type=rgb -w 1920 -h 1080 --encode-policy size -p 256 -o /dev/null -J '{timeline}' '$TOP_SRCDIR/images/snake.png'
a639171f5a3ab8207dbb5450edb8b0a000e1f1c0,macOS-26.5.1-arm64-arm-64bit,images/snake.png,1920,1080,size,size,#D55E00,11,11,25,0.039931,0.058726,0.018795,180,180,'$BUILD_DIR/converters/img2sixel' --threads=11 --precision=8bit --quality=high '--loaders=builtin!' --diffusion=none --gpu-policy=off --palette-type=rgb -w 1920 -h 1080 --encode-policy size -p 256 -o /dev/null -J '{timeline}' '$TOP_SRCDIR/images/snake.png'
a639171f5a3ab8207dbb5450edb8b0a000e1f1c0,macOS-26.5.1-arm64-arm-64bit,images/snake.png,1920,1080,size,size,#D55E00,12,11,26,0.039288,0.058258,0.01897,180,180,'$BUILD_DIR/converters/img2sixel' --threads=12 --precision=8bit --quality=high '--loaders=builtin!' --diffusion=none --gpu-policy=off --palette-type=rgb -w 1920 -h 1080 --encode-policy size -p 256 -o /dev/null -J '{timeline}' '$TOP_SRCDIR/images/snake.png'
a639171f5a3ab8207dbb5450edb8b0a000e1f1c0,macOS-26.5.1-arm64-arm-64bit,images/snake.png,1920,1080,auto,auto,#0072B2,1,11,27,0.10195,0.124695,0.022745,180,180,'$BUILD_DIR/converters/img2sixel' --threads=1 --precision=8bit --quality=high '--loaders=builtin!' --diffusion=none --gpu-policy=off --palette-type=rgb -w 1920 -h 1080 --encode-policy auto -p 256 -o /dev/null -J '{timeline}' '$TOP_SRCDIR/images/snake.png'
a639171f5a3ab8207dbb5450edb8b0a000e1f1c0,macOS-26.5.1-arm64-arm-64bit,images/snake.png,1920,1080,auto,auto,#0072B2,2,11,28,0.101249,0.115364,0.014115,180,180,'$BUILD_DIR/converters/img2sixel' --threads=2 --precision=8bit --quality=high '--loaders=builtin!' --diffusion=none --gpu-policy=off --palette-type=rgb -w 1920 -h 1080 --encode-policy auto -p 256 -o /dev/null -J '{timeline}' '$TOP_SRCDIR/images/snake.png'
a639171f5a3ab8207dbb5450edb8b0a000e1f1c0,macOS-26.5.1-arm64-arm-64bit,images/snake.png,1920,1080,auto,auto,#0072B2,3,11,29,0.048839,0.105154,0.056315,180,180,'$BUILD_DIR/converters/img2sixel' --threads=3 --precision=8bit --quality=high '--loaders=builtin!' --diffusion=none --gpu-policy=off --palette-type=rgb -w 1920 -h 1080 --encode-policy auto -p 256 -o /dev/null -J '{timeline}' '$TOP_SRCDIR/images/snake.png'
a639171f5a3ab8207dbb5450edb8b0a000e1f1c0,macOS-26.5.1-arm64-arm-64bit,images/snake.png,1920,1080,auto,auto,#0072B2,4,11,30,0.039504,0.080904,0.0414,180,180,'$BUILD_DIR/converters/img2sixel' --threads=4 --precision=8bit --quality=high '--loaders=builtin!' --diffusion=none --gpu-policy=off --palette-type=rgb -w 1920 -h 1080 --encode-policy auto -p 256 -o /dev/null -J '{timeline}' '$TOP_SRCDIR/images/snake.png'
a639171f5a3ab8207dbb5450edb8b0a000e1f1c0,macOS-26.5.1-arm64-arm-64bit,images/snake.png,1920,1080,auto,auto,#0072B2,5,11,31,0.037093,0.065706,0.028613,180,180,'$BUILD_DIR/converters/img2sixel' --threads=5 --precision=8bit --quality=high '--loaders=builtin!' --diffusion=none --gpu-policy=off --palette-type=rgb -w 1920 -h 1080 --encode-policy auto -p 256 -o /dev/null -J '{timeline}' '$TOP_SRCDIR/images/snake.png'
a639171f5a3ab8207dbb5450edb8b0a000e1f1c0,macOS-26.5.1-arm64-arm-64bit,images/snake.png,1920,1080,auto,auto,#0072B2,6,11,32,0.037392,0.065095,0.027703,180,180,'$BUILD_DIR/converters/img2sixel' --threads=6 --precision=8bit --quality=high '--loaders=builtin!' --diffusion=none --gpu-policy=off --palette-type=rgb -w 1920 -h 1080 --encode-policy auto -p 256 -o /dev/null -J '{timeline}' '$TOP_SRCDIR/images/snake.png'
a639171f5a3ab8207dbb5450edb8b0a000e1f1c0,macOS-26.5.1-arm64-arm-64bit,images/snake.png,1920,1080,auto,auto,#0072B2,7,11,33,0.036921,0.060756,0.023835,180,180,'$BUILD_DIR/converters/img2sixel' --threads=7 --precision=8bit --quality=high '--loaders=builtin!' --diffusion=none --gpu-policy=off --palette-type=rgb -w 1920 -h 1080 --encode-policy auto -p 256 -o /dev/null -J '{timeline}' '$TOP_SRCDIR/images/snake.png'
a639171f5a3ab8207dbb5450edb8b0a000e1f1c0,macOS-26.5.1-arm64-arm-64bit,images/snake.png,1920,1080,auto,auto,#0072B2,8,11,34,0.036099,0.05774,0.021641,180,180,'$BUILD_DIR/converters/img2sixel' --threads=8 --precision=8bit --quality=high '--loaders=builtin!' --diffusion=none --gpu-policy=off --palette-type=rgb -w 1920 -h 1080 --encode-policy auto -p 256 -o /dev/null -J '{timeline}' '$TOP_SRCDIR/images/snake.png'
a639171f5a3ab8207dbb5450edb8b0a000e1f1c0,macOS-26.5.1-arm64-arm-64bit,images/snake.png,1920,1080,auto,auto,#0072B2,9,11,35,0.035594,0.055778,0.020184,180,180,'$BUILD_DIR/converters/img2sixel' --threads=9 --precision=8bit --quality=high '--loaders=builtin!' --diffusion=none --gpu-policy=off --palette-type=rgb -w 1920 -h 1080 --encode-policy auto -p 256 -o /dev/null -J '{timeline}' '$TOP_SRCDIR/images/snake.png'
a639171f5a3ab8207dbb5450edb8b0a000e1f1c0,macOS-26.5.1-arm64-arm-64bit,images/snake.png,1920,1080,auto,auto,#0072B2,10,11,36,0.036829,0.057348,0.020519,180,180,'$BUILD_DIR/converters/img2sixel' --threads=10 --precision=8bit --quality=high '--loaders=builtin!' --diffusion=none --gpu-policy=off --palette-type=rgb -w 1920 -h 1080 --encode-policy auto -p 256 -o /dev/null -J '{timeline}' '$TOP_SRCDIR/images/snake.png'
a639171f5a3ab8207dbb5450edb8b0a000e1f1c0,macOS-26.5.1-arm64-arm-64bit,images/snake.png,1920,1080,auto,auto,#0072B2,11,12,1,0.036343,0.05517,0.018827,180,180,'$BUILD_DIR/converters/img2sixel' --threads=11 --precision=8bit --quality=high '--loaders=builtin!' --diffusion=none --gpu-policy=off --palette-type=rgb -w 1920 -h 1080 --encode-policy auto -p 256 -o /dev/null -J '{timeline}' '$TOP_SRCDIR/images/snake.png'
a639171f5a3ab8207dbb5450edb8b0a000e1f1c0,macOS-26.5.1-arm64-arm-64bit,images/snake.png,1920,1080,auto,auto,#0072B2,10,12,2,0.036687,0.056665,0.019978,180,180,'$BUILD_DIR/converters/img2sixel' --threads=10 --precision=8bit --quality=high '--loaders=builtin!' --diffusion=none --gpu-policy=off --palette-type=rgb -w 1920 -h 1080 --encode-policy auto -p 256 -o /dev/null -J '{timeline}' '$TOP_SRCDIR/images/snake.png'
a639171f5a3ab8207dbb5450edb8b0a000e1f1c0,macOS-26.5.1-arm64-arm-64bit,images/snake.png,1920,1080,auto,auto,#0072B2,9,12,3,0.036126,0.05624,0.020114,180,180,'$BUILD_DIR/converters/img2sixel' --threads=9 --precision=8bit --quality=high '--loaders=builtin!' --diffusion=none --gpu-policy=off --palette-type=rgb -w 1920 -h 1080 --encode-policy auto -p 256 -o /dev/null -J '{timeline}' '$TOP_SRCDIR/images/snake.png'
a639171f5a3ab8207dbb5450edb8b0a000e1f1c0,macOS-26.5.1-arm64-arm-64bit,images/snake.png,1920,1080,auto,auto,#0072B2,8,12,4,0.037595,0.058761,0.021166,180,180,'$BUILD_DIR/converters/img2sixel' --threads=8 --precision=8bit --quality=high '--loaders=builtin!' --diffusion=none --gpu-policy=off --palette-type=rgb -w 1920 -h 1080 --encode-policy auto -p 256 -o /dev/null -J '{timeline}' '$TOP_SRCDIR/images/snake.png'
a639171f5a3ab8207dbb5450edb8b0a000e1f1c0,macOS-26.5.1-arm64-arm-64bit,images/snake.png,1920,1080,auto,auto,#0072B2,7,12,5,0.038254,0.063978,0.025724,180,180,'$BUILD_DIR/converters/img2sixel' --threads=7 --precision=8bit --quality=high '--loaders=builtin!' --diffusion=none --gpu-policy=off --palette-type=rgb -w 1920 -h 1080 --encode-policy auto -p 256 -o /dev/null -J '{timeline}' '$TOP_SRCDIR/images/snake.png'
a639171f5a3ab8207dbb5450edb8b0a000e1f1c0,macOS-26.5.1-arm64-arm-64bit,images/snake.png,1920,1080,auto,auto,#0072B2,6,12,6,0.038032,0.067305,0.029273,180,180,'$BUILD_DIR/converters/img2sixel' --threads=6 --precision=8bit --quality=high '--loaders=builtin!' --diffusion=none --gpu-policy=off --palette-type=rgb -w 1920 -h 1080 --encode-policy auto -p 256 -o /dev/null -J '{timeline}' '$TOP_SRCDIR/images/snake.png'
a639171f5a3ab8207dbb5450edb8b0a000e1f1c0,macOS-26.5.1-arm64-arm-64bit,images/snake.png,1920,1080,auto,auto,#0072B2,5,12,7,0.039267,0.069755,0.030488,180,180,'$BUILD_DIR/converters/img2sixel' --threads=5 --precision=8bit --quality=high '--loaders=builtin!' --diffusion=none --gpu-policy=off --palette-type=rgb -w 1920 -h 1080 --encode-policy auto -p 256 -o /dev/null -J '{timeline}' '$TOP_SRCDIR/images/snake.png'
a639171f5a3ab8207dbb5450edb8b0a000e1f1c0,macOS-26.5.1-arm64-arm-64bit,images/snake.png,1920,1080,auto,auto,#0072B2,4,12,8,0.039169,0.079104,0.039935,180,180,'$BUILD_DIR/converters/img2sixel' --threads=4 --precision=8bit --quality=high '--loaders=builtin!' --diffusion=none --gpu-policy=off --palette-type=rgb -w 1920 -h 1080 --encode-policy auto -p 256 -o /dev/null -J '{timeline}' '$TOP_SRCDIR/images/snake.png'
a639171f5a3ab8207dbb5450edb8b0a000e1f1c0,macOS-26.5.1-arm64-arm-64bit,images/snake.png,1920,1080,auto,auto,#0072B2,3,12,9,0.049693,0.105913,0.05622,180,180,'$BUILD_DIR/converters/img2sixel' --threads=3 --precision=8bit --quality=high '--loaders=builtin!' --diffusion=none --gpu-policy=off --palette-type=rgb -w 1920 -h 1080 --encode-policy auto -p 256 -o /dev/null -J '{timeline}' '$TOP_SRCDIR/images/snake.png'
a639171f5a3ab8207dbb5450edb8b0a000e1f1c0,macOS-26.5.1-arm64-arm-64bit,images/snake.png,1920,1080,auto,auto,#0072B2,2,12,10,0.098003,0.112812,0.014809,180,180,'$BUILD_DIR/converters/img2sixel' --threads=2 --precision=8bit --quality=high '--loaders=builtin!' --diffusion=none --gpu-policy=off --palette-type=rgb -w 1920 -h 1080 --encode-policy auto -p 256 -o /dev/null -J '{timeline}' '$TOP_SRCDIR/images/snake.png'
a639171f5a3ab8207dbb5450edb8b0a000e1f1c0,macOS-26.5.1-arm64-arm-64bit,images/snake.png,1920,1080,auto,auto,#0072B2,1,12,11,0.102642,0.124459,0.021817,180,180,'$BUILD_DIR/converters/img2sixel' --threads=1 --precision=8bit --quality=high '--loaders=builtin!' --diffusion=none --gpu-policy=off --palette-type=rgb -w 1920 -h 1080 --encode-policy auto -p 256 -o /dev/null -J '{timeline}' '$TOP_SRCDIR/images/snake.png'
a639171f5a3ab8207dbb5450edb8b0a000e1f1c0,macOS-26.5.1-arm64-arm-64bit,images/snake.png,1920,1080,size,size,#D55E00,12,12,12,0.039687,0.058405,0.018718,180,180,'$BUILD_DIR/converters/img2sixel' --threads=12 --precision=8bit --quality=high '--loaders=builtin!' --diffusion=none --gpu-policy=off --palette-type=rgb -w 1920 -h 1080 --encode-policy size -p 256 -o /dev/null -J '{timeline}' '$TOP_SRCDIR/images/snake.png'
a639171f5a3ab8207dbb5450edb8b0a000e1f1c0,macOS-26.5.1-arm64-arm-64bit,images/snake.png,1920,1080,size,size,#D55E00,11,12,13,0.038866,0.058073,0.019207,180,180,'$BUILD_DIR/converters/img2sixel' --threads=11 --precision=8bit --quality=high '--loaders=builtin!' --diffusion=none --gpu-policy=off --palette-type=rgb -w 1920 -h 1080 --encode-policy size -p 256 -o /dev/null -J '{timeline}' '$TOP_SRCDIR/images/snake.png'
a639171f5a3ab8207dbb5450edb8b0a000e1f1c0,macOS-26.5.1-arm64-arm-64bit,images/snake.png,1920,1080,size,size,#D55E00,10,12,14,0.038289,0.058634,0.020345,180,180,'$BUILD_DIR/converters/img2sixel' --threads=10 --precision=8bit --quality=high '--loaders=builtin!' --diffusion=none --gpu-policy=off --palette-type=rgb -w 1920 -h 1080 --encode-policy size -p 256 -o /dev/null -J '{timeline}' '$TOP_SRCDIR/images/snake.png'
a639171f5a3ab8207dbb5450edb8b0a000e1f1c0,macOS-26.5.1-arm64-arm-64bit,images/snake.png,1920,1080,size,size,#D55E00,9,12,15,0.037863,0.057432,0.019569,180,180,'$BUILD_DIR/converters/img2sixel' --threads=9 --precision=8bit --quality=high '--loaders=builtin!' --diffusion=none --gpu-policy=off --palette-type=rgb -w 1920 -h 1080 --encode-policy size -p 256 -o /dev/null -J '{timeline}' '$TOP_SRCDIR/images/snake.png'
a639171f5a3ab8207dbb5450edb8b0a000e1f1c0,macOS-26.5.1-arm64-arm-64bit,images/snake.png,1920,1080,size,size,#D55E00,8,12,16,0.03616,0.058094,0.021934,180,180,'$BUILD_DIR/converters/img2sixel' --threads=8 --precision=8bit --quality=high '--loaders=builtin!' --diffusion=none --gpu-policy=off --palette-type=rgb -w 1920 -h 1080 --encode-policy size -p 256 -o /dev/null -J '{timeline}' '$TOP_SRCDIR/images/snake.png'
a639171f5a3ab8207dbb5450edb8b0a000e1f1c0,macOS-26.5.1-arm64-arm-64bit,images/snake.png,1920,1080,size,size,#D55E00,7,12,17,0.038168,0.061923,0.023755,180,180,'$BUILD_DIR/converters/img2sixel' --threads=7 --precision=8bit --quality=high '--loaders=builtin!' --diffusion=none --gpu-policy=off --palette-type=rgb -w 1920 -h 1080 --encode-policy size -p 256 -o /dev/null -J '{timeline}' '$TOP_SRCDIR/images/snake.png'
a639171f5a3ab8207dbb5450edb8b0a000e1f1c0,macOS-26.5.1-arm64-arm-64bit,images/snake.png,1920,1080,size,size,#D55E00,6,12,18,0.038994,0.065732,0.026738,180,180,'$BUILD_DIR/converters/img2sixel' --threads=6 --precision=8bit --quality=high '--loaders=builtin!' --diffusion=none --gpu-policy=off --palette-type=rgb -w 1920 -h 1080 --encode-policy size -p 256 -o /dev/null -J '{timeline}' '$TOP_SRCDIR/images/snake.png'
a639171f5a3ab8207dbb5450edb8b0a000e1f1c0,macOS-26.5.1-arm64-arm-64bit,images/snake.png,1920,1080,size,size,#D55E00,5,12,19,0.038042,0.067075,0.029033,180,180,'$BUILD_DIR/converters/img2sixel' --threads=5 --precision=8bit --quality=high '--loaders=builtin!' --diffusion=none --gpu-policy=off --palette-type=rgb -w 1920 -h 1080 --encode-policy size -p 256 -o /dev/null -J '{timeline}' '$TOP_SRCDIR/images/snake.png'
a639171f5a3ab8207dbb5450edb8b0a000e1f1c0,macOS-26.5.1-arm64-arm-64bit,images/snake.png,1920,1080,size,size,#D55E00,4,12,20,0.038741,0.075878,0.037137,180,180,'$BUILD_DIR/converters/img2sixel' --threads=4 --precision=8bit --quality=high '--loaders=builtin!' --diffusion=none --gpu-policy=off --palette-type=rgb -w 1920 -h 1080 --encode-policy size -p 256 -o /dev/null -J '{timeline}' '$TOP_SRCDIR/images/snake.png'
a639171f5a3ab8207dbb5450edb8b0a000e1f1c0,macOS-26.5.1-arm64-arm-64bit,images/snake.png,1920,1080,size,size,#D55E00,3,12,21,0.04788,0.099249,0.051369,180,180,'$BUILD_DIR/converters/img2sixel' --threads=3 --precision=8bit --quality=high '--loaders=builtin!' --diffusion=none --gpu-policy=off --palette-type=rgb -w 1920 -h 1080 --encode-policy size -p 256 -o /dev/null -J '{timeline}' '$TOP_SRCDIR/images/snake.png'
a639171f5a3ab8207dbb5450edb8b0a000e1f1c0,macOS-26.5.1-arm64-arm-64bit,images/snake.png,1920,1080,size,size,#D55E00,2,12,22,0.094833,0.108483,0.01365,180,180,'$BUILD_DIR/converters/img2sixel' --threads=2 --precision=8bit --quality=high '--loaders=builtin!' --diffusion=none --gpu-policy=off --palette-type=rgb -w 1920 -h 1080 --encode-policy size -p 256 -o /dev/null -J '{timeline}' '$TOP_SRCDIR/images/snake.png'
a639171f5a3ab8207dbb5450edb8b0a000e1f1c0,macOS-26.5.1-arm64-arm-64bit,images/snake.png,1920,1080,size,size,#D55E00,1,12,23,0.095484,0.116272,0.020788,180,180,'$BUILD_DIR/converters/img2sixel' --threads=1 --precision=8bit --quality=high '--loaders=builtin!' --diffusion=none --gpu-policy=off --palette-type=rgb -w 1920 -h 1080 --encode-policy size -p 256 -o /dev/null -J '{timeline}' '$TOP_SRCDIR/images/snake.png'
a639171f5a3ab8207dbb5450edb8b0a000e1f1c0,macOS-26.5.1-arm64-arm-64bit,images/snake.png,1920,1080,fast,fast,#009E73,12,12,24,0.037374,0.055183,0.017809,180,180,'$BUILD_DIR/converters/img2sixel' --threads=12 --precision=8bit --quality=high '--loaders=builtin!' --diffusion=none --gpu-policy=off --palette-type=rgb -w 1920 -h 1080 --encode-policy fast -p 256 -o /dev/null -J '{timeline}' '$TOP_SRCDIR/images/snake.png'
a639171f5a3ab8207dbb5450edb8b0a000e1f1c0,macOS-26.5.1-arm64-arm-64bit,images/snake.png,1920,1080,fast,fast,#009E73,11,12,25,0.036283,0.054061,0.017778,180,180,'$BUILD_DIR/converters/img2sixel' --threads=11 --precision=8bit --quality=high '--loaders=builtin!' --diffusion=none --gpu-policy=off --palette-type=rgb -w 1920 -h 1080 --encode-policy fast -p 256 -o /dev/null -J '{timeline}' '$TOP_SRCDIR/images/snake.png'
a639171f5a3ab8207dbb5450edb8b0a000e1f1c0,macOS-26.5.1-arm64-arm-64bit,images/snake.png,1920,1080,fast,fast,#009E73,10,12,26,0.036478,0.056001,0.019523,180,180,'$BUILD_DIR/converters/img2sixel' --threads=10 --precision=8bit --quality=high '--loaders=builtin!' --diffusion=none --gpu-policy=off --palette-type=rgb -w 1920 -h 1080 --encode-policy fast -p 256 -o /dev/null -J '{timeline}' '$TOP_SRCDIR/images/snake.png'
a639171f5a3ab8207dbb5450edb8b0a000e1f1c0,macOS-26.5.1-arm64-arm-64bit,images/snake.png,1920,1080,fast,fast,#009E73,9,12,27,0.036483,0.058196,0.021713,180,180,'$BUILD_DIR/converters/img2sixel' --threads=9 --precision=8bit --quality=high '--loaders=builtin!' --diffusion=none --gpu-policy=off --palette-type=rgb -w 1920 -h 1080 --encode-policy fast -p 256 -o /dev/null -J '{timeline}' '$TOP_SRCDIR/images/snake.png'
a639171f5a3ab8207dbb5450edb8b0a000e1f1c0,macOS-26.5.1-arm64-arm-64bit,images/snake.png,1920,1080,fast,fast,#009E73,8,12,28,0.037823,0.060133,0.02231,180,180,'$BUILD_DIR/converters/img2sixel' --threads=8 --precision=8bit --quality=high '--loaders=builtin!' --diffusion=none --gpu-policy=off --palette-type=rgb -w 1920 -h 1080 --encode-policy fast -p 256 -o /dev/null -J '{timeline}' '$TOP_SRCDIR/images/snake.png'
a639171f5a3ab8207dbb5450edb8b0a000e1f1c0,macOS-26.5.1-arm64-arm-64bit,images/snake.png,1920,1080,fast,fast,#009E73,7,12,29,0.038145,0.063358,0.025213,180,180,'$BUILD_DIR/converters/img2sixel' --threads=7 --precision=8bit --quality=high '--loaders=builtin!' --diffusion=none --gpu-policy=off --palette-type=rgb -w 1920 -h 1080 --encode-policy fast -p 256 -o /dev/null -J '{timeline}' '$TOP_SRCDIR/images/snake.png'
a639171f5a3ab8207dbb5450edb8b0a000e1f1c0,macOS-26.5.1-arm64-arm-64bit,images/snake.png,1920,1080,fast,fast,#009E73,6,12,30,0.037711,0.087331,0.04962,180,180,'$BUILD_DIR/converters/img2sixel' --threads=6 --precision=8bit --quality=high '--loaders=builtin!' --diffusion=none --gpu-policy=off --palette-type=rgb -w 1920 -h 1080 --encode-policy fast -p 256 -o /dev/null -J '{timeline}' '$TOP_SRCDIR/images/snake.png'
a639171f5a3ab8207dbb5450edb8b0a000e1f1c0,macOS-26.5.1-arm64-arm-64bit,images/snake.png,1920,1080,fast,fast,#009E73,5,12,31,0.043953,0.072008,0.028055,180,180,'$BUILD_DIR/converters/img2sixel' --threads=5 --precision=8bit --quality=high '--loaders=builtin!' --diffusion=none --gpu-policy=off --palette-type=rgb -w 1920 -h 1080 --encode-policy fast -p 256 -o /dev/null -J '{timeline}' '$TOP_SRCDIR/images/snake.png'
a639171f5a3ab8207dbb5450edb8b0a000e1f1c0,macOS-26.5.1-arm64-arm-64bit,images/snake.png,1920,1080,fast,fast,#009E73,4,12,32,0.041372,0.0796,0.038228,180,180,'$BUILD_DIR/converters/img2sixel' --threads=4 --precision=8bit --quality=high '--loaders=builtin!' --diffusion=none --gpu-policy=off --palette-type=rgb -w 1920 -h 1080 --encode-policy fast -p 256 -o /dev/null -J '{timeline}' '$TOP_SRCDIR/images/snake.png'
a639171f5a3ab8207dbb5450edb8b0a000e1f1c0,macOS-26.5.1-arm64-arm-64bit,images/snake.png,1920,1080,fast,fast,#009E73,3,12,33,0.048694,0.10577,0.057076,180,180,'$BUILD_DIR/converters/img2sixel' --threads=3 --precision=8bit --quality=high '--loaders=builtin!' --diffusion=none --gpu-policy=off --palette-type=rgb -w 1920 -h 1080 --encode-policy fast -p 256 -o /dev/null -J '{timeline}' '$TOP_SRCDIR/images/snake.png'
a639171f5a3ab8207dbb5450edb8b0a000e1f1c0,macOS-26.5.1-arm64-arm-64bit,images/snake.png,1920,1080,fast,fast,#009E73,2,12,34,0.095684,0.109884,0.0142,180,180,'$BUILD_DIR/converters/img2sixel' --threads=2 --precision=8bit --quality=high '--loaders=builtin!' --diffusion=none --gpu-policy=off --palette-type=rgb -w 1920 -h 1080 --encode-policy fast -p 256 -o /dev/null -J '{timeline}' '$TOP_SRCDIR/images/snake.png'
a639171f5a3ab8207dbb5450edb8b0a000e1f1c0,macOS-26.5.1-arm64-arm-64bit,images/snake.png,1920,1080,fast,fast,#009E73,1,12,35,0.099253,0.120498,0.021245,180,180,'$BUILD_DIR/converters/img2sixel' --threads=1 --precision=8bit --quality=high '--loaders=builtin!' --diffusion=none --gpu-policy=off --palette-type=rgb -w 1920 -h 1080 --encode-policy fast -p 256 -o /dev/null -J '{timeline}' '$TOP_SRCDIR/images/snake.png'
a639171f5a3ab8207dbb5450edb8b0a000e1f1c0,macOS-26.5.1-arm64-arm-64bit,images/snake.png,1920,1080,auto,auto,#0072B2,12,12,36,0.03665,0.05405,0.0174,180,180,'$BUILD_DIR/converters/img2sixel' --threads=12 --precision=8bit --quality=high '--loaders=builtin!' --diffusion=none --gpu-policy=off --palette-type=rgb -w 1920 -h 1080 --encode-policy auto -p 256 -o /dev/null -J '{timeline}' '$TOP_SRCDIR/images/snake.png'
a639171f5a3ab8207dbb5450edb8b0a000e1f1c0,macOS-26.5.1-arm64-arm-64bit,images/snake.png,1920,1080,fast,fast,#009E73,1,13,1,0.094596,0.116007,0.021411,180,180,'$BUILD_DIR/converters/img2sixel' --threads=1 --precision=8bit --quality=high '--loaders=builtin!' --diffusion=none --gpu-policy=off --palette-type=rgb -w 1920 -h 1080 --encode-policy fast -p 256 -o /dev/null -J '{timeline}' '$TOP_SRCDIR/images/snake.png'
a639171f5a3ab8207dbb5450edb8b0a000e1f1c0,macOS-26.5.1-arm64-arm-64bit,images/snake.png,1920,1080,fast,fast,#009E73,2,13,2,0.092796,0.106624,0.013828,180,180,'$BUILD_DIR/converters/img2sixel' --threads=2 --precision=8bit --quality=high '--loaders=builtin!' --diffusion=none --gpu-policy=off --palette-type=rgb -w 1920 -h 1080 --encode-policy fast -p 256 -o /dev/null -J '{timeline}' '$TOP_SRCDIR/images/snake.png'
a639171f5a3ab8207dbb5450edb8b0a000e1f1c0,macOS-26.5.1-arm64-arm-64bit,images/snake.png,1920,1080,fast,fast,#009E73,3,13,3,0.046304,0.09807,0.051766,180,180,'$BUILD_DIR/converters/img2sixel' --threads=3 --precision=8bit --quality=high '--loaders=builtin!' --diffusion=none --gpu-policy=off --palette-type=rgb -w 1920 -h 1080 --encode-policy fast -p 256 -o /dev/null -J '{timeline}' '$TOP_SRCDIR/images/snake.png'
a639171f5a3ab8207dbb5450edb8b0a000e1f1c0,macOS-26.5.1-arm64-arm-64bit,images/snake.png,1920,1080,fast,fast,#009E73,4,13,4,0.036507,0.074093,0.037586,180,180,'$BUILD_DIR/converters/img2sixel' --threads=4 --precision=8bit --quality=high '--loaders=builtin!' --diffusion=none --gpu-policy=off --palette-type=rgb -w 1920 -h 1080 --encode-policy fast -p 256 -o /dev/null -J '{timeline}' '$TOP_SRCDIR/images/snake.png'
a639171f5a3ab8207dbb5450edb8b0a000e1f1c0,macOS-26.5.1-arm64-arm-64bit,images/snake.png,1920,1080,fast,fast,#009E73,5,13,5,0.036128,0.064616,0.028488,180,180,'$BUILD_DIR/converters/img2sixel' --threads=5 --precision=8bit --quality=high '--loaders=builtin!' --diffusion=none --gpu-policy=off --palette-type=rgb -w 1920 -h 1080 --encode-policy fast -p 256 -o /dev/null -J '{timeline}' '$TOP_SRCDIR/images/snake.png'
a639171f5a3ab8207dbb5450edb8b0a000e1f1c0,macOS-26.5.1-arm64-arm-64bit,images/snake.png,1920,1080,fast,fast,#009E73,6,13,6,0.038367,0.066718,0.028351,180,180,'$BUILD_DIR/converters/img2sixel' --threads=6 --precision=8bit --quality=high '--loaders=builtin!' --diffusion=none --gpu-policy=off --palette-type=rgb -w 1920 -h 1080 --encode-policy fast -p 256 -o /dev/null -J '{timeline}' '$TOP_SRCDIR/images/snake.png'
a639171f5a3ab8207dbb5450edb8b0a000e1f1c0,macOS-26.5.1-arm64-arm-64bit,images/snake.png,1920,1080,fast,fast,#009E73,7,13,7,0.039053,0.065046,0.025993,180,180,'$BUILD_DIR/converters/img2sixel' --threads=7 --precision=8bit --quality=high '--loaders=builtin!' --diffusion=none --gpu-policy=off --palette-type=rgb -w 1920 -h 1080 --encode-policy fast -p 256 -o /dev/null -J '{timeline}' '$TOP_SRCDIR/images/snake.png'
a639171f5a3ab8207dbb5450edb8b0a000e1f1c0,macOS-26.5.1-arm64-arm-64bit,images/snake.png,1920,1080,fast,fast,#009E73,8,13,8,0.037273,0.059601,0.022328,180,180,'$BUILD_DIR/converters/img2sixel' --threads=8 --precision=8bit --quality=high '--loaders=builtin!' --diffusion=none --gpu-policy=off --palette-type=rgb -w 1920 -h 1080 --encode-policy fast -p 256 -o /dev/null -J '{timeline}' '$TOP_SRCDIR/images/snake.png'
a639171f5a3ab8207dbb5450edb8b0a000e1f1c0,macOS-26.5.1-arm64-arm-64bit,images/snake.png,1920,1080,fast,fast,#009E73,9,13,9,0.037642,0.058199,0.020557,180,180,'$BUILD_DIR/converters/img2sixel' --threads=9 --precision=8bit --quality=high '--loaders=builtin!' --diffusion=none --gpu-policy=off --palette-type=rgb -w 1920 -h 1080 --encode-policy fast -p 256 -o /dev/null -J '{timeline}' '$TOP_SRCDIR/images/snake.png'
a639171f5a3ab8207dbb5450edb8b0a000e1f1c0,macOS-26.5.1-arm64-arm-64bit,images/snake.png,1920,1080,fast,fast,#009E73,10,13,10,0.0381,0.058892,0.020792,180,180,'$BUILD_DIR/converters/img2sixel' --threads=10 --precision=8bit --quality=high '--loaders=builtin!' --diffusion=none --gpu-policy=off --palette-type=rgb -w 1920 -h 1080 --encode-policy fast -p 256 -o /dev/null -J '{timeline}' '$TOP_SRCDIR/images/snake.png'
a639171f5a3ab8207dbb5450edb8b0a000e1f1c0,macOS-26.5.1-arm64-arm-64bit,images/snake.png,1920,1080,fast,fast,#009E73,11,13,11,0.040079,0.059117,0.019038,180,180,'$BUILD_DIR/converters/img2sixel' --threads=11 --precision=8bit --quality=high '--loaders=builtin!' --diffusion=none --gpu-policy=off --palette-type=rgb -w 1920 -h 1080 --encode-policy fast -p 256 -o /dev/null -J '{timeline}' '$TOP_SRCDIR/images/snake.png'
a639171f5a3ab8207dbb5450edb8b0a000e1f1c0,macOS-26.5.1-arm64-arm-64bit,images/snake.png,1920,1080,fast,fast,#009E73,12,13,12,0.037908,0.056248,0.01834,180,180,'$BUILD_DIR/converters/img2sixel' --threads=12 --precision=8bit --quality=high '--loaders=builtin!' --diffusion=none --gpu-policy=off --palette-type=rgb -w 1920 -h 1080 --encode-policy fast -p 256 -o /dev/null -J '{timeline}' '$TOP_SRCDIR/images/snake.png'
a639171f5a3ab8207dbb5450edb8b0a000e1f1c0,macOS-26.5.1-arm64-arm-64bit,images/snake.png,1920,1080,size,size,#D55E00,1,13,13,0.10155,0.122743,0.021193,180,180,'$BUILD_DIR/converters/img2sixel' --threads=1 --precision=8bit --quality=high '--loaders=builtin!' --diffusion=none --gpu-policy=off --palette-type=rgb -w 1920 -h 1080 --encode-policy size -p 256 -o /dev/null -J '{timeline}' '$TOP_SRCDIR/images/snake.png'
a639171f5a3ab8207dbb5450edb8b0a000e1f1c0,macOS-26.5.1-arm64-arm-64bit,images/snake.png,1920,1080,size,size,#D55E00,2,13,14,0.101433,0.116054,0.014621,180,180,'$BUILD_DIR/converters/img2sixel' --threads=2 --precision=8bit --quality=high '--loaders=builtin!' --diffusion=none --gpu-policy=off --palette-type=rgb -w 1920 -h 1080 --encode-policy size -p 256 -o /dev/null -J '{timeline}' '$TOP_SRCDIR/images/snake.png'
a639171f5a3ab8207dbb5450edb8b0a000e1f1c0,macOS-26.5.1-arm64-arm-64bit,images/snake.png,1920,1080,size,size,#D55E00,3,13,15,0.050293,0.105087,0.054794,180,180,'$BUILD_DIR/converters/img2sixel' --threads=3 --precision=8bit --quality=high '--loaders=builtin!' --diffusion=none --gpu-policy=off --palette-type=rgb -w 1920 -h 1080 --encode-policy size -p 256 -o /dev/null -J '{timeline}' '$TOP_SRCDIR/images/snake.png'
a639171f5a3ab8207dbb5450edb8b0a000e1f1c0,macOS-26.5.1-arm64-arm-64bit,images/snake.png,1920,1080,size,size,#D55E00,4,13,16,0.038564,0.079789,0.041225,180,180,'$BUILD_DIR/converters/img2sixel' --threads=4 --precision=8bit --quality=high '--loaders=builtin!' --diffusion=none --gpu-policy=off --palette-type=rgb -w 1920 -h 1080 --encode-policy size -p 256 -o /dev/null -J '{timeline}' '$TOP_SRCDIR/images/snake.png'
a639171f5a3ab8207dbb5450edb8b0a000e1f1c0,macOS-26.5.1-arm64-arm-64bit,images/snake.png,1920,1080,size,size,#D55E00,5,13,17,0.039588,0.068304,0.028716,180,180,'$BUILD_DIR/converters/img2sixel' --threads=5 --precision=8bit --quality=high '--loaders=builtin!' --diffusion=none --gpu-policy=off --palette-type=rgb -w 1920 -h 1080 --encode-policy size -p 256 -o /dev/null -J '{timeline}' '$TOP_SRCDIR/images/snake.png'
a639171f5a3ab8207dbb5450edb8b0a000e1f1c0,macOS-26.5.1-arm64-arm-64bit,images/snake.png,1920,1080,size,size,#D55E00,6,13,18,0.039695,0.067099,0.027404,180,180,'$BUILD_DIR/converters/img2sixel' --threads=6 --precision=8bit --quality=high '--loaders=builtin!' --diffusion=none --gpu-policy=off --palette-type=rgb -w 1920 -h 1080 --encode-policy size -p 256 -o /dev/null -J '{timeline}' '$TOP_SRCDIR/images/snake.png'
a639171f5a3ab8207dbb5450edb8b0a000e1f1c0,macOS-26.5.1-arm64-arm-64bit,images/snake.png,1920,1080,size,size,#D55E00,7,13,19,0.039816,0.064917,0.025101,180,180,'$BUILD_DIR/converters/img2sixel' --threads=7 --precision=8bit --quality=high '--loaders=builtin!' --diffusion=none --gpu-policy=off --palette-type=rgb -w 1920 -h 1080 --encode-policy size -p 256 -o /dev/null -J '{timeline}' '$TOP_SRCDIR/images/snake.png'
a639171f5a3ab8207dbb5450edb8b0a000e1f1c0,macOS-26.5.1-arm64-arm-64bit,images/snake.png,1920,1080,size,size,#D55E00,8,13,20,0.039491,0.061117,0.021626,180,180,'$BUILD_DIR/converters/img2sixel' --threads=8 --precision=8bit --quality=high '--loaders=builtin!' --diffusion=none --gpu-policy=off --palette-type=rgb -w 1920 -h 1080 --encode-policy size -p 256 -o /dev/null -J '{timeline}' '$TOP_SRCDIR/images/snake.png'
a639171f5a3ab8207dbb5450edb8b0a000e1f1c0,macOS-26.5.1-arm64-arm-64bit,images/snake.png,1920,1080,size,size,#D55E00,9,13,21,0.038163,0.057981,0.019818,180,180,'$BUILD_DIR/converters/img2sixel' --threads=9 --precision=8bit --quality=high '--loaders=builtin!' --diffusion=none --gpu-policy=off --palette-type=rgb -w 1920 -h 1080 --encode-policy size -p 256 -o /dev/null -J '{timeline}' '$TOP_SRCDIR/images/snake.png'
a639171f5a3ab8207dbb5450edb8b0a000e1f1c0,macOS-26.5.1-arm64-arm-64bit,images/snake.png,1920,1080,size,size,#D55E00,10,13,22,0.037691,0.057394,0.019703,180,180,'$BUILD_DIR/converters/img2sixel' --threads=10 --precision=8bit --quality=high '--loaders=builtin!' --diffusion=none --gpu-policy=off --palette-type=rgb -w 1920 -h 1080 --encode-policy size -p 256 -o /dev/null -J '{timeline}' '$TOP_SRCDIR/images/snake.png'
a639171f5a3ab8207dbb5450edb8b0a000e1f1c0,macOS-26.5.1-arm64-arm-64bit,images/snake.png,1920,1080,size,size,#D55E00,11,13,23,0.038089,0.057279,0.01919,180,180,'$BUILD_DIR/converters/img2sixel' --threads=11 --precision=8bit --quality=high '--loaders=builtin!' --diffusion=none --gpu-policy=off --palette-type=rgb -w 1920 -h 1080 --encode-policy size -p 256 -o /dev/null -J '{timeline}' '$TOP_SRCDIR/images/snake.png'
a639171f5a3ab8207dbb5450edb8b0a000e1f1c0,macOS-26.5.1-arm64-arm-64bit,images/snake.png,1920,1080,size,size,#D55E00,12,13,24,0.039612,0.056859,0.017247,180,180,'$BUILD_DIR/converters/img2sixel' --threads=12 --precision=8bit --quality=high '--loaders=builtin!' --diffusion=none --gpu-policy=off --palette-type=rgb -w 1920 -h 1080 --encode-policy size -p 256 -o /dev/null -J '{timeline}' '$TOP_SRCDIR/images/snake.png'
a639171f5a3ab8207dbb5450edb8b0a000e1f1c0,macOS-26.5.1-arm64-arm-64bit,images/snake.png,1920,1080,auto,auto,#0072B2,1,13,25,0.102656,0.125602,0.022946,180,180,'$BUILD_DIR/converters/img2sixel' --threads=1 --precision=8bit --quality=high '--loaders=builtin!' --diffusion=none --gpu-policy=off --palette-type=rgb -w 1920 -h 1080 --encode-policy auto -p 256 -o /dev/null -J '{timeline}' '$TOP_SRCDIR/images/snake.png'
a639171f5a3ab8207dbb5450edb8b0a000e1f1c0,macOS-26.5.1-arm64-arm-64bit,images/snake.png,1920,1080,auto,auto,#0072B2,2,13,26,0.099611,0.114331,0.01472,180,180,'$BUILD_DIR/converters/img2sixel' --threads=2 --precision=8bit --quality=high '--loaders=builtin!' --diffusion=none --gpu-policy=off --palette-type=rgb -w 1920 -h 1080 --encode-policy auto -p 256 -o /dev/null -J '{timeline}' '$TOP_SRCDIR/images/snake.png'
a639171f5a3ab8207dbb5450edb8b0a000e1f1c0,macOS-26.5.1-arm64-arm-64bit,images/snake.png,1920,1080,auto,auto,#0072B2,3,13,27,0.050021,0.102802,0.052781,180,180,'$BUILD_DIR/converters/img2sixel' --threads=3 --precision=8bit --quality=high '--loaders=builtin!' --diffusion=none --gpu-policy=off --palette-type=rgb -w 1920 -h 1080 --encode-policy auto -p 256 -o /dev/null -J '{timeline}' '$TOP_SRCDIR/images/snake.png'
a639171f5a3ab8207dbb5450edb8b0a000e1f1c0,macOS-26.5.1-arm64-arm-64bit,images/snake.png,1920,1080,auto,auto,#0072B2,4,13,28,0.040409,0.080446,0.040037,180,180,'$BUILD_DIR/converters/img2sixel' --threads=4 --precision=8bit --quality=high '--loaders=builtin!' --diffusion=none --gpu-policy=off --palette-type=rgb -w 1920 -h 1080 --encode-policy auto -p 256 -o /dev/null -J '{timeline}' '$TOP_SRCDIR/images/snake.png'
a639171f5a3ab8207dbb5450edb8b0a000e1f1c0,macOS-26.5.1-arm64-arm-64bit,images/snake.png,1920,1080,auto,auto,#0072B2,5,13,29,0.040426,0.068942,0.028516,180,180,'$BUILD_DIR/converters/img2sixel' --threads=5 --precision=8bit --quality=high '--loaders=builtin!' --diffusion=none --gpu-policy=off --palette-type=rgb -w 1920 -h 1080 --encode-policy auto -p 256 -o /dev/null -J '{timeline}' '$TOP_SRCDIR/images/snake.png'
a639171f5a3ab8207dbb5450edb8b0a000e1f1c0,macOS-26.5.1-arm64-arm-64bit,images/snake.png,1920,1080,auto,auto,#0072B2,6,13,30,0.038147,0.066808,0.028661,180,180,'$BUILD_DIR/converters/img2sixel' --threads=6 --precision=8bit --quality=high '--loaders=builtin!' --diffusion=none --gpu-policy=off --palette-type=rgb -w 1920 -h 1080 --encode-policy auto -p 256 -o /dev/null -J '{timeline}' '$TOP_SRCDIR/images/snake.png'
a639171f5a3ab8207dbb5450edb8b0a000e1f1c0,macOS-26.5.1-arm64-arm-64bit,images/snake.png,1920,1080,auto,auto,#0072B2,7,13,31,0.039636,0.064637,0.025001,180,180,'$BUILD_DIR/converters/img2sixel' --threads=7 --precision=8bit --quality=high '--loaders=builtin!' --diffusion=none --gpu-policy=off --palette-type=rgb -w 1920 -h 1080 --encode-policy auto -p 256 -o /dev/null -J '{timeline}' '$TOP_SRCDIR/images/snake.png'
a639171f5a3ab8207dbb5450edb8b0a000e1f1c0,macOS-26.5.1-arm64-arm-64bit,images/snake.png,1920,1080,auto,auto,#0072B2,8,13,32,0.03812,0.059283,0.021163,180,180,'$BUILD_DIR/converters/img2sixel' --threads=8 --precision=8bit --quality=high '--loaders=builtin!' --diffusion=none --gpu-policy=off --palette-type=rgb -w 1920 -h 1080 --encode-policy auto -p 256 -o /dev/null -J '{timeline}' '$TOP_SRCDIR/images/snake.png'
a639171f5a3ab8207dbb5450edb8b0a000e1f1c0,macOS-26.5.1-arm64-arm-64bit,images/snake.png,1920,1080,auto,auto,#0072B2,9,13,33,0.037114,0.057256,0.020142,180,180,'$BUILD_DIR/converters/img2sixel' --threads=9 --precision=8bit --quality=high '--loaders=builtin!' --diffusion=none --gpu-policy=off --palette-type=rgb -w 1920 -h 1080 --encode-policy auto -p 256 -o /dev/null -J '{timeline}' '$TOP_SRCDIR/images/snake.png'
a639171f5a3ab8207dbb5450edb8b0a000e1f1c0,macOS-26.5.1-arm64-arm-64bit,images/snake.png,1920,1080,auto,auto,#0072B2,10,13,34,0.03859,0.057617,0.019027,180,180,'$BUILD_DIR/converters/img2sixel' --threads=10 --precision=8bit --quality=high '--loaders=builtin!' --diffusion=none --gpu-policy=off --palette-type=rgb -w 1920 -h 1080 --encode-policy auto -p 256 -o /dev/null -J '{timeline}' '$TOP_SRCDIR/images/snake.png'
a639171f5a3ab8207dbb5450edb8b0a000e1f1c0,macOS-26.5.1-arm64-arm-64bit,images/snake.png,1920,1080,auto,auto,#0072B2,11,13,35,0.037361,0.056524,0.019163,180,180,'$BUILD_DIR/converters/img2sixel' --threads=11 --precision=8bit --quality=high '--loaders=builtin!' --diffusion=none --gpu-policy=off --palette-type=rgb -w 1920 -h 1080 --encode-policy auto -p 256 -o /dev/null -J '{timeline}' '$TOP_SRCDIR/images/snake.png'
a639171f5a3ab8207dbb5450edb8b0a000e1f1c0,macOS-26.5.1-arm64-arm-64bit,images/snake.png,1920,1080,auto,auto,#0072B2,12,13,36,0.038864,0.056293,0.017429,180,180,'$BUILD_DIR/converters/img2sixel' --threads=12 --precision=8bit --quality=high '--loaders=builtin!' --diffusion=none --gpu-policy=off --palette-type=rgb -w 1920 -h 1080 --encode-policy auto -p 256 -o /dev/null -J '{timeline}' '$TOP_SRCDIR/images/snake.png'
a639171f5a3ab8207dbb5450edb8b0a000e1f1c0,macOS-26.5.1-arm64-arm-64bit,images/snake.png,1920,1080,fast,fast,#009E73,1,14,1,0.102744,0.125783,0.023039,180,180,'$BUILD_DIR/converters/img2sixel' --threads=1 --precision=8bit --quality=high '--loaders=builtin!' --diffusion=none --gpu-policy=off --palette-type=rgb -w 1920 -h 1080 --encode-policy fast -p 256 -o /dev/null -J '{timeline}' '$TOP_SRCDIR/images/snake.png'
a639171f5a3ab8207dbb5450edb8b0a000e1f1c0,macOS-26.5.1-arm64-arm-64bit,images/snake.png,1920,1080,auto,auto,#0072B2,12,14,2,0.038922,0.05752,0.018598,180,180,'$BUILD_DIR/converters/img2sixel' --threads=12 --precision=8bit --quality=high '--loaders=builtin!' --diffusion=none --gpu-policy=off --palette-type=rgb -w 1920 -h 1080 --encode-policy auto -p 256 -o /dev/null -J '{timeline}' '$TOP_SRCDIR/images/snake.png'
a639171f5a3ab8207dbb5450edb8b0a000e1f1c0,macOS-26.5.1-arm64-arm-64bit,images/snake.png,1920,1080,auto,auto,#0072B2,11,14,3,0.038206,0.057404,0.019198,180,180,'$BUILD_DIR/converters/img2sixel' --threads=11 --precision=8bit --quality=high '--loaders=builtin!' --diffusion=none --gpu-policy=off --palette-type=rgb -w 1920 -h 1080 --encode-policy auto -p 256 -o /dev/null -J '{timeline}' '$TOP_SRCDIR/images/snake.png'
a639171f5a3ab8207dbb5450edb8b0a000e1f1c0,macOS-26.5.1-arm64-arm-64bit,images/snake.png,1920,1080,auto,auto,#0072B2,10,14,4,0.039554,0.060239,0.020685,180,180,'$BUILD_DIR/converters/img2sixel' --threads=10 --precision=8bit --quality=high '--loaders=builtin!' --diffusion=none --gpu-policy=off --palette-type=rgb -w 1920 -h 1080 --encode-policy auto -p 256 -o /dev/null -J '{timeline}' '$TOP_SRCDIR/images/snake.png'
a639171f5a3ab8207dbb5450edb8b0a000e1f1c0,macOS-26.5.1-arm64-arm-64bit,images/snake.png,1920,1080,auto,auto,#0072B2,9,14,5,0.037552,0.059663,0.022111,180,180,'$BUILD_DIR/converters/img2sixel' --threads=9 --precision=8bit --quality=high '--loaders=builtin!' --diffusion=none --gpu-policy=off --palette-type=rgb -w 1920 -h 1080 --encode-policy auto -p 256 -o /dev/null -J '{timeline}' '$TOP_SRCDIR/images/snake.png'
a639171f5a3ab8207dbb5450edb8b0a000e1f1c0,macOS-26.5.1-arm64-arm-64bit,images/snake.png,1920,1080,auto,auto,#0072B2,8,14,6,0.038371,0.06127,0.022899,180,180,'$BUILD_DIR/converters/img2sixel' --threads=8 --precision=8bit --quality=high '--loaders=builtin!' --diffusion=none --gpu-policy=off --palette-type=rgb -w 1920 -h 1080 --encode-policy auto -p 256 -o /dev/null -J '{timeline}' '$TOP_SRCDIR/images/snake.png'
a639171f5a3ab8207dbb5450edb8b0a000e1f1c0,macOS-26.5.1-arm64-arm-64bit,images/snake.png,1920,1080,auto,auto,#0072B2,7,14,7,0.039044,0.064505,0.025461,180,180,'$BUILD_DIR/converters/img2sixel' --threads=7 --precision=8bit --quality=high '--loaders=builtin!' --diffusion=none --gpu-policy=off --palette-type=rgb -w 1920 -h 1080 --encode-policy auto -p 256 -o /dev/null -J '{timeline}' '$TOP_SRCDIR/images/snake.png'
a639171f5a3ab8207dbb5450edb8b0a000e1f1c0,macOS-26.5.1-arm64-arm-64bit,images/snake.png,1920,1080,auto,auto,#0072B2,6,14,8,0.039717,0.069534,0.029817,180,180,'$BUILD_DIR/converters/img2sixel' --threads=6 --precision=8bit --quality=high '--loaders=builtin!' --diffusion=none --gpu-policy=off --palette-type=rgb -w 1920 -h 1080 --encode-policy auto -p 256 -o /dev/null -J '{timeline}' '$TOP_SRCDIR/images/snake.png'
a639171f5a3ab8207dbb5450edb8b0a000e1f1c0,macOS-26.5.1-arm64-arm-64bit,images/snake.png,1920,1080,auto,auto,#0072B2,5,14,9,0.039886,0.069741,0.029855,180,180,'$BUILD_DIR/converters/img2sixel' --threads=5 --precision=8bit --quality=high '--loaders=builtin!' --diffusion=none --gpu-policy=off --palette-type=rgb -w 1920 -h 1080 --encode-policy auto -p 256 -o /dev/null -J '{timeline}' '$TOP_SRCDIR/images/snake.png'
a639171f5a3ab8207dbb5450edb8b0a000e1f1c0,macOS-26.5.1-arm64-arm-64bit,images/snake.png,1920,1080,auto,auto,#0072B2,4,14,10,0.038306,0.078579,0.040273,180,180,'$BUILD_DIR/converters/img2sixel' --threads=4 --precision=8bit --quality=high '--loaders=builtin!' --diffusion=none --gpu-policy=off --palette-type=rgb -w 1920 -h 1080 --encode-policy auto -p 256 -o /dev/null -J '{timeline}' '$TOP_SRCDIR/images/snake.png'
a639171f5a3ab8207dbb5450edb8b0a000e1f1c0,macOS-26.5.1-arm64-arm-64bit,images/snake.png,1920,1080,auto,auto,#0072B2,3,14,11,0.049162,0.103605,0.054443,180,180,'$BUILD_DIR/converters/img2sixel' --threads=3 --precision=8bit --quality=high '--loaders=builtin!' --diffusion=none --gpu-policy=off --palette-type=rgb -w 1920 -h 1080 --encode-policy auto -p 256 -o /dev/null -J '{timeline}' '$TOP_SRCDIR/images/snake.png'
a639171f5a3ab8207dbb5450edb8b0a000e1f1c0,macOS-26.5.1-arm64-arm-64bit,images/snake.png,1920,1080,auto,auto,#0072B2,2,14,12,0.09843,0.112653,0.014223,180,180,'$BUILD_DIR/converters/img2sixel' --threads=2 --precision=8bit --quality=high '--loaders=builtin!' --diffusion=none --gpu-policy=off --palette-type=rgb -w 1920 -h 1080 --encode-policy auto -p 256 -o /dev/null -J '{timeline}' '$TOP_SRCDIR/images/snake.png'
a639171f5a3ab8207dbb5450edb8b0a000e1f1c0,macOS-26.5.1-arm64-arm-64bit,images/snake.png,1920,1080,auto,auto,#0072B2,1,14,13,0.099275,0.120996,0.021721,180,180,'$BUILD_DIR/converters/img2sixel' --threads=1 --precision=8bit --quality=high '--loaders=builtin!' --diffusion=none --gpu-policy=off --palette-type=rgb -w 1920 -h 1080 --encode-policy auto -p 256 -o /dev/null -J '{timeline}' '$TOP_SRCDIR/images/snake.png'
a639171f5a3ab8207dbb5450edb8b0a000e1f1c0,macOS-26.5.1-arm64-arm-64bit,images/snake.png,1920,1080,size,size,#D55E00,12,14,14,0.03931,0.058151,0.018841,180,180,'$BUILD_DIR/converters/img2sixel' --threads=12 --precision=8bit --quality=high '--loaders=builtin!' --diffusion=none --gpu-policy=off --palette-type=rgb -w 1920 -h 1080 --encode-policy size -p 256 -o /dev/null -J '{timeline}' '$TOP_SRCDIR/images/snake.png'
a639171f5a3ab8207dbb5450edb8b0a000e1f1c0,macOS-26.5.1-arm64-arm-64bit,images/snake.png,1920,1080,size,size,#D55E00,11,14,15,0.039351,0.05855,0.019199,180,180,'$BUILD_DIR/converters/img2sixel' --threads=11 --precision=8bit --quality=high '--loaders=builtin!' --diffusion=none --gpu-policy=off --palette-type=rgb -w 1920 -h 1080 --encode-policy size -p 256 -o /dev/null -J '{timeline}' '$TOP_SRCDIR/images/snake.png'
a639171f5a3ab8207dbb5450edb8b0a000e1f1c0,macOS-26.5.1-arm64-arm-64bit,images/snake.png,1920,1080,size,size,#D55E00,10,14,16,0.039186,0.05992,0.020734,180,180,'$BUILD_DIR/converters/img2sixel' --threads=10 --precision=8bit --quality=high '--loaders=builtin!' --diffusion=none --gpu-policy=off --palette-type=rgb -w 1920 -h 1080 --encode-policy size -p 256 -o /dev/null -J '{timeline}' '$TOP_SRCDIR/images/snake.png'
a639171f5a3ab8207dbb5450edb8b0a000e1f1c0,macOS-26.5.1-arm64-arm-64bit,images/snake.png,1920,1080,size,size,#D55E00,9,14,17,0.039225,0.060014,0.020789,180,180,'$BUILD_DIR/converters/img2sixel' --threads=9 --precision=8bit --quality=high '--loaders=builtin!' --diffusion=none --gpu-policy=off --palette-type=rgb -w 1920 -h 1080 --encode-policy size -p 256 -o /dev/null -J '{timeline}' '$TOP_SRCDIR/images/snake.png'
a639171f5a3ab8207dbb5450edb8b0a000e1f1c0,macOS-26.5.1-arm64-arm-64bit,images/snake.png,1920,1080,size,size,#D55E00,8,14,18,0.038436,0.05938,0.020944,180,180,'$BUILD_DIR/converters/img2sixel' --threads=8 --precision=8bit --quality=high '--loaders=builtin!' --diffusion=none --gpu-policy=off --palette-type=rgb -w 1920 -h 1080 --encode-policy size -p 256 -o /dev/null -J '{timeline}' '$TOP_SRCDIR/images/snake.png'
a639171f5a3ab8207dbb5450edb8b0a000e1f1c0,macOS-26.5.1-arm64-arm-64bit,images/snake.png,1920,1080,size,size,#D55E00,7,14,19,0.03806,0.063869,0.025809,180,180,'$BUILD_DIR/converters/img2sixel' --threads=7 --precision=8bit --quality=high '--loaders=builtin!' --diffusion=none --gpu-policy=off --palette-type=rgb -w 1920 -h 1080 --encode-policy size -p 256 -o /dev/null -J '{timeline}' '$TOP_SRCDIR/images/snake.png'
a639171f5a3ab8207dbb5450edb8b0a000e1f1c0,macOS-26.5.1-arm64-arm-64bit,images/snake.png,1920,1080,size,size,#D55E00,6,14,20,0.039794,0.069238,0.029444,180,180,'$BUILD_DIR/converters/img2sixel' --threads=6 --precision=8bit --quality=high '--loaders=builtin!' --diffusion=none --gpu-policy=off --palette-type=rgb -w 1920 -h 1080 --encode-policy size -p 256 -o /dev/null -J '{timeline}' '$TOP_SRCDIR/images/snake.png'
a639171f5a3ab8207dbb5450edb8b0a000e1f1c0,macOS-26.5.1-arm64-arm-64bit,images/snake.png,1920,1080,size,size,#D55E00,5,14,21,0.038121,0.067255,0.029134,180,180,'$BUILD_DIR/converters/img2sixel' --threads=5 --precision=8bit --quality=high '--loaders=builtin!' --diffusion=none --gpu-policy=off --palette-type=rgb -w 1920 -h 1080 --encode-policy size -p 256 -o /dev/null -J '{timeline}' '$TOP_SRCDIR/images/snake.png'
a639171f5a3ab8207dbb5450edb8b0a000e1f1c0,macOS-26.5.1-arm64-arm-64bit,images/snake.png,1920,1080,size,size,#D55E00,4,14,22,0.037218,0.078042,0.040824,180,180,'$BUILD_DIR/converters/img2sixel' --threads=4 --precision=8bit --quality=high '--loaders=builtin!' --diffusion=none --gpu-policy=off --palette-type=rgb -w 1920 -h 1080 --encode-policy size -p 256 -o /dev/null -J '{timeline}' '$TOP_SRCDIR/images/snake.png'
a639171f5a3ab8207dbb5450edb8b0a000e1f1c0,macOS-26.5.1-arm64-arm-64bit,images/snake.png,1920,1080,size,size,#D55E00,3,14,23,0.046609,0.09911,0.052501,180,180,'$BUILD_DIR/converters/img2sixel' --threads=3 --precision=8bit --quality=high '--loaders=builtin!' --diffusion=none --gpu-policy=off --palette-type=rgb -w 1920 -h 1080 --encode-policy size -p 256 -o /dev/null -J '{timeline}' '$TOP_SRCDIR/images/snake.png'
a639171f5a3ab8207dbb5450edb8b0a000e1f1c0,macOS-26.5.1-arm64-arm-64bit,images/snake.png,1920,1080,size,size,#D55E00,2,14,24,0.092406,0.105811,0.013405,180,180,'$BUILD_DIR/converters/img2sixel' --threads=2 --precision=8bit --quality=high '--loaders=builtin!' --diffusion=none --gpu-policy=off --palette-type=rgb -w 1920 -h 1080 --encode-policy size -p 256 -o /dev/null -J '{timeline}' '$TOP_SRCDIR/images/snake.png'
a639171f5a3ab8207dbb5450edb8b0a000e1f1c0,macOS-26.5.1-arm64-arm-64bit,images/snake.png,1920,1080,size,size,#D55E00,1,14,25,0.09968,0.121851,0.022171,180,180,'$BUILD_DIR/converters/img2sixel' --threads=1 --precision=8bit --quality=high '--loaders=builtin!' --diffusion=none --gpu-policy=off --palette-type=rgb -w 1920 -h 1080 --encode-policy size -p 256 -o /dev/null -J '{timeline}' '$TOP_SRCDIR/images/snake.png'
a639171f5a3ab8207dbb5450edb8b0a000e1f1c0,macOS-26.5.1-arm64-arm-64bit,images/snake.png,1920,1080,fast,fast,#009E73,12,14,26,0.039045,0.057251,0.018206,180,180,'$BUILD_DIR/converters/img2sixel' --threads=12 --precision=8bit --quality=high '--loaders=builtin!' --diffusion=none --gpu-policy=off --palette-type=rgb -w 1920 -h 1080 --encode-policy fast -p 256 -o /dev/null -J '{timeline}' '$TOP_SRCDIR/images/snake.png'
a639171f5a3ab8207dbb5450edb8b0a000e1f1c0,macOS-26.5.1-arm64-arm-64bit,images/snake.png,1920,1080,fast,fast,#009E73,11,14,27,0.037852,0.055904,0.018052,180,180,'$BUILD_DIR/converters/img2sixel' --threads=11 --precision=8bit --quality=high '--loaders=builtin!' --diffusion=none --gpu-policy=off --palette-type=rgb -w 1920 -h 1080 --encode-policy fast -p 256 -o /dev/null -J '{timeline}' '$TOP_SRCDIR/images/snake.png'
a639171f5a3ab8207dbb5450edb8b0a000e1f1c0,macOS-26.5.1-arm64-arm-64bit,images/snake.png,1920,1080,fast,fast,#009E73,10,14,28,0.038842,0.059726,0.020884,180,180,'$BUILD_DIR/converters/img2sixel' --threads=10 --precision=8bit --quality=high '--loaders=builtin!' --diffusion=none --gpu-policy=off --palette-type=rgb -w 1920 -h 1080 --encode-policy fast -p 256 -o /dev/null -J '{timeline}' '$TOP_SRCDIR/images/snake.png'
a639171f5a3ab8207dbb5450edb8b0a000e1f1c0,macOS-26.5.1-arm64-arm-64bit,images/snake.png,1920,1080,fast,fast,#009E73,9,14,29,0.036318,0.05723,0.020912,180,180,'$BUILD_DIR/converters/img2sixel' --threads=9 --precision=8bit --quality=high '--loaders=builtin!' --diffusion=none --gpu-policy=off --palette-type=rgb -w 1920 -h 1080 --encode-policy fast -p 256 -o /dev/null -J '{timeline}' '$TOP_SRCDIR/images/snake.png'
a639171f5a3ab8207dbb5450edb8b0a000e1f1c0,macOS-26.5.1-arm64-arm-64bit,images/snake.png,1920,1080,fast,fast,#009E73,8,14,30,0.038386,0.059976,0.02159,180,180,'$BUILD_DIR/converters/img2sixel' --threads=8 --precision=8bit --quality=high '--loaders=builtin!' --diffusion=none --gpu-policy=off --palette-type=rgb -w 1920 -h 1080 --encode-policy fast -p 256 -o /dev/null -J '{timeline}' '$TOP_SRCDIR/images/snake.png'
a639171f5a3ab8207dbb5450edb8b0a000e1f1c0,macOS-26.5.1-arm64-arm-64bit,images/snake.png,1920,1080,fast,fast,#009E73,7,14,31,0.037834,0.062147,0.024313,180,180,'$BUILD_DIR/converters/img2sixel' --threads=7 --precision=8bit --quality=high '--loaders=builtin!' --diffusion=none --gpu-policy=off --palette-type=rgb -w 1920 -h 1080 --encode-policy fast -p 256 -o /dev/null -J '{timeline}' '$TOP_SRCDIR/images/snake.png'
a639171f5a3ab8207dbb5450edb8b0a000e1f1c0,macOS-26.5.1-arm64-arm-64bit,images/snake.png,1920,1080,fast,fast,#009E73,6,14,32,0.037496,0.06555,0.028054,180,180,'$BUILD_DIR/converters/img2sixel' --threads=6 --precision=8bit --quality=high '--loaders=builtin!' --diffusion=none --gpu-policy=off --palette-type=rgb -w 1920 -h 1080 --encode-policy fast -p 256 -o /dev/null -J '{timeline}' '$TOP_SRCDIR/images/snake.png'
a639171f5a3ab8207dbb5450edb8b0a000e1f1c0,macOS-26.5.1-arm64-arm-64bit,images/snake.png,1920,1080,fast,fast,#009E73,5,14,33,0.037028,0.063886,0.026858,180,180,'$BUILD_DIR/converters/img2sixel' --threads=5 --precision=8bit --quality=high '--loaders=builtin!' --diffusion=none --gpu-policy=off --palette-type=rgb -w 1920 -h 1080 --encode-policy fast -p 256 -o /dev/null -J '{timeline}' '$TOP_SRCDIR/images/snake.png'
a639171f5a3ab8207dbb5450edb8b0a000e1f1c0,macOS-26.5.1-arm64-arm-64bit,images/snake.png,1920,1080,fast,fast,#009E73,4,14,34,0.037733,0.078395,0.040662,180,180,'$BUILD_DIR/converters/img2sixel' --threads=4 --precision=8bit --quality=high '--loaders=builtin!' --diffusion=none --gpu-policy=off --palette-type=rgb -w 1920 -h 1080 --encode-policy fast -p 256 -o /dev/null -J '{timeline}' '$TOP_SRCDIR/images/snake.png'
a639171f5a3ab8207dbb5450edb8b0a000e1f1c0,macOS-26.5.1-arm64-arm-64bit,images/snake.png,1920,1080,fast,fast,#009E73,3,14,35,0.046487,0.096012,0.049525,180,180,'$BUILD_DIR/converters/img2sixel' --threads=3 --precision=8bit --quality=high '--loaders=builtin!' --diffusion=none --gpu-policy=off --palette-type=rgb -w 1920 -h 1080 --encode-policy fast -p 256 -o /dev/null -J '{timeline}' '$TOP_SRCDIR/images/snake.png'
a639171f5a3ab8207dbb5450edb8b0a000e1f1c0,macOS-26.5.1-arm64-arm-64bit,images/snake.png,1920,1080,fast,fast,#009E73,2,14,36,0.092009,0.10549,0.013481,180,180,'$BUILD_DIR/converters/img2sixel' --threads=2 --precision=8bit --quality=high '--loaders=builtin!' --diffusion=none --gpu-policy=off --palette-type=rgb -w 1920 -h 1080 --encode-policy fast -p 256 -o /dev/null -J '{timeline}' '$TOP_SRCDIR/images/snake.png'
a639171f5a3ab8207dbb5450edb8b0a000e1f1c0,macOS-26.5.1-arm64-arm-64bit,images/snake.png,1920,1080,fast,fast,#009E73,3,15,1,0.045762,0.096376,0.050614,180,180,'$BUILD_DIR/converters/img2sixel' --threads=3 --precision=8bit --quality=high '--loaders=builtin!' --diffusion=none --gpu-policy=off --palette-type=rgb -w 1920 -h 1080 --encode-policy fast -p 256 -o /dev/null -J '{timeline}' '$TOP_SRCDIR/images/snake.png'
a639171f5a3ab8207dbb5450edb8b0a000e1f1c0,macOS-26.5.1-arm64-arm-64bit,images/snake.png,1920,1080,fast,fast,#009E73,4,15,2,0.036143,0.072846,0.036703,180,180,'$BUILD_DIR/converters/img2sixel' --threads=4 --precision=8bit --quality=high '--loaders=builtin!' --diffusion=none --gpu-policy=off --palette-type=rgb -w 1920 -h 1080 --encode-policy fast -p 256 -o /dev/null -J '{timeline}' '$TOP_SRCDIR/images/snake.png'
a639171f5a3ab8207dbb5450edb8b0a000e1f1c0,macOS-26.5.1-arm64-arm-64bit,images/snake.png,1920,1080,fast,fast,#009E73,5,15,3,0.035733,0.063247,0.027514,180,180,'$BUILD_DIR/converters/img2sixel' --threads=5 --precision=8bit --quality=high '--loaders=builtin!' --diffusion=none --gpu-policy=off --palette-type=rgb -w 1920 -h 1080 --encode-policy fast -p 256 -o /dev/null -J '{timeline}' '$TOP_SRCDIR/images/snake.png'
a639171f5a3ab8207dbb5450edb8b0a000e1f1c0,macOS-26.5.1-arm64-arm-64bit,images/snake.png,1920,1080,fast,fast,#009E73,6,15,4,0.035533,0.06121,0.025677,180,180,'$BUILD_DIR/converters/img2sixel' --threads=6 --precision=8bit --quality=high '--loaders=builtin!' --diffusion=none --gpu-policy=off --palette-type=rgb -w 1920 -h 1080 --encode-policy fast -p 256 -o /dev/null -J '{timeline}' '$TOP_SRCDIR/images/snake.png'
a639171f5a3ab8207dbb5450edb8b0a000e1f1c0,macOS-26.5.1-arm64-arm-64bit,images/snake.png,1920,1080,fast,fast,#009E73,7,15,5,0.036815,0.060458,0.023643,180,180,'$BUILD_DIR/converters/img2sixel' --threads=7 --precision=8bit --quality=high '--loaders=builtin!' --diffusion=none --gpu-policy=off --palette-type=rgb -w 1920 -h 1080 --encode-policy fast -p 256 -o /dev/null -J '{timeline}' '$TOP_SRCDIR/images/snake.png'
a639171f5a3ab8207dbb5450edb8b0a000e1f1c0,macOS-26.5.1-arm64-arm-64bit,images/snake.png,1920,1080,fast,fast,#009E73,8,15,6,0.035819,0.05706,0.021241,180,180,'$BUILD_DIR/converters/img2sixel' --threads=8 --precision=8bit --quality=high '--loaders=builtin!' --diffusion=none --gpu-policy=off --palette-type=rgb -w 1920 -h 1080 --encode-policy fast -p 256 -o /dev/null -J '{timeline}' '$TOP_SRCDIR/images/snake.png'
a639171f5a3ab8207dbb5450edb8b0a000e1f1c0,macOS-26.5.1-arm64-arm-64bit,images/snake.png,1920,1080,fast,fast,#009E73,9,15,7,0.03565,0.057298,0.021648,180,180,'$BUILD_DIR/converters/img2sixel' --threads=9 --precision=8bit --quality=high '--loaders=builtin!' --diffusion=none --gpu-policy=off --palette-type=rgb -w 1920 -h 1080 --encode-policy fast -p 256 -o /dev/null -J '{timeline}' '$TOP_SRCDIR/images/snake.png'
a639171f5a3ab8207dbb5450edb8b0a000e1f1c0,macOS-26.5.1-arm64-arm-64bit,images/snake.png,1920,1080,fast,fast,#009E73,10,15,8,0.035752,0.055122,0.01937,180,180,'$BUILD_DIR/converters/img2sixel' --threads=10 --precision=8bit --quality=high '--loaders=builtin!' --diffusion=none --gpu-policy=off --palette-type=rgb -w 1920 -h 1080 --encode-policy fast -p 256 -o /dev/null -J '{timeline}' '$TOP_SRCDIR/images/snake.png'
a639171f5a3ab8207dbb5450edb8b0a000e1f1c0,macOS-26.5.1-arm64-arm-64bit,images/snake.png,1920,1080,fast,fast,#009E73,11,15,9,0.03585,0.053911,0.018061,180,180,'$BUILD_DIR/converters/img2sixel' --threads=11 --precision=8bit --quality=high '--loaders=builtin!' --diffusion=none --gpu-policy=off --palette-type=rgb -w 1920 -h 1080 --encode-policy fast -p 256 -o /dev/null -J '{timeline}' '$TOP_SRCDIR/images/snake.png'
a639171f5a3ab8207dbb5450edb8b0a000e1f1c0,macOS-26.5.1-arm64-arm-64bit,images/snake.png,1920,1080,fast,fast,#009E73,12,15,10,0.036152,0.053924,0.017772,180,180,'$BUILD_DIR/converters/img2sixel' --threads=12 --precision=8bit --quality=high '--loaders=builtin!' --diffusion=none --gpu-policy=off --palette-type=rgb -w 1920 -h 1080 --encode-policy fast -p 256 -o /dev/null -J '{timeline}' '$TOP_SRCDIR/images/snake.png'
a639171f5a3ab8207dbb5450edb8b0a000e1f1c0,macOS-26.5.1-arm64-arm-64bit,images/snake.png,1920,1080,size,size,#D55E00,1,15,11,0.093647,0.113588,0.019941,180,180,'$BUILD_DIR/converters/img2sixel' --threads=1 --precision=8bit --quality=high '--loaders=builtin!' --diffusion=none --gpu-policy=off --palette-type=rgb -w 1920 -h 1080 --encode-policy size -p 256 -o /dev/null -J '{timeline}' '$TOP_SRCDIR/images/snake.png'
a639171f5a3ab8207dbb5450edb8b0a000e1f1c0,macOS-26.5.1-arm64-arm-64bit,images/snake.png,1920,1080,size,size,#D55E00,2,15,12,0.093059,0.106453,0.013394,180,180,'$BUILD_DIR/converters/img2sixel' --threads=2 --precision=8bit --quality=high '--loaders=builtin!' --diffusion=none --gpu-policy=off --palette-type=rgb -w 1920 -h 1080 --encode-policy size -p 256 -o /dev/null -J '{timeline}' '$TOP_SRCDIR/images/snake.png'
a639171f5a3ab8207dbb5450edb8b0a000e1f1c0,macOS-26.5.1-arm64-arm-64bit,images/snake.png,1920,1080,size,size,#D55E00,3,15,13,0.045376,0.094095,0.048719,180,180,'$BUILD_DIR/converters/img2sixel' --threads=3 --precision=8bit --quality=high '--loaders=builtin!' --diffusion=none --gpu-policy=off --palette-type=rgb -w 1920 -h 1080 --encode-policy size -p 256 -o /dev/null -J '{timeline}' '$TOP_SRCDIR/images/snake.png'
a639171f5a3ab8207dbb5450edb8b0a000e1f1c0,macOS-26.5.1-arm64-arm-64bit,images/snake.png,1920,1080,size,size,#D55E00,4,15,14,0.036306,0.071087,0.034781,180,180,'$BUILD_DIR/converters/img2sixel' --threads=4 --precision=8bit --quality=high '--loaders=builtin!' --diffusion=none --gpu-policy=off --palette-type=rgb -w 1920 -h 1080 --encode-policy size -p 256 -o /dev/null -J '{timeline}' '$TOP_SRCDIR/images/snake.png'
a639171f5a3ab8207dbb5450edb8b0a000e1f1c0,macOS-26.5.1-arm64-arm-64bit,images/snake.png,1920,1080,size,size,#D55E00,5,15,15,0.035892,0.064373,0.028481,180,180,'$BUILD_DIR/converters/img2sixel' --threads=5 --precision=8bit --quality=high '--loaders=builtin!' --diffusion=none --gpu-policy=off --palette-type=rgb -w 1920 -h 1080 --encode-policy size -p 256 -o /dev/null -J '{timeline}' '$TOP_SRCDIR/images/snake.png'
a639171f5a3ab8207dbb5450edb8b0a000e1f1c0,macOS-26.5.1-arm64-arm-64bit,images/snake.png,1920,1080,size,size,#D55E00,6,15,16,0.039659,0.06763,0.027971,180,180,'$BUILD_DIR/converters/img2sixel' --threads=6 --precision=8bit --quality=high '--loaders=builtin!' --diffusion=none --gpu-policy=off --palette-type=rgb -w 1920 -h 1080 --encode-policy size -p 256 -o /dev/null -J '{timeline}' '$TOP_SRCDIR/images/snake.png'
a639171f5a3ab8207dbb5450edb8b0a000e1f1c0,macOS-26.5.1-arm64-arm-64bit,images/snake.png,1920,1080,size,size,#D55E00,7,15,17,0.038447,0.064834,0.026387,180,180,'$BUILD_DIR/converters/img2sixel' --threads=7 --precision=8bit --quality=high '--loaders=builtin!' --diffusion=none --gpu-policy=off --palette-type=rgb -w 1920 -h 1080 --encode-policy size -p 256 -o /dev/null -J '{timeline}' '$TOP_SRCDIR/images/snake.png'
a639171f5a3ab8207dbb5450edb8b0a000e1f1c0,macOS-26.5.1-arm64-arm-64bit,images/snake.png,1920,1080,size,size,#D55E00,8,15,18,0.038338,0.06023,0.021892,180,180,'$BUILD_DIR/converters/img2sixel' --threads=8 --precision=8bit --quality=high '--loaders=builtin!' --diffusion=none --gpu-policy=off --palette-type=rgb -w 1920 -h 1080 --encode-policy size -p 256 -o /dev/null -J '{timeline}' '$TOP_SRCDIR/images/snake.png'
a639171f5a3ab8207dbb5450edb8b0a000e1f1c0,macOS-26.5.1-arm64-arm-64bit,images/snake.png,1920,1080,size,size,#D55E00,9,15,19,0.036836,0.06485,0.028014,180,180,'$BUILD_DIR/converters/img2sixel' --threads=9 --precision=8bit --quality=high '--loaders=builtin!' --diffusion=none --gpu-policy=off --palette-type=rgb -w 1920 -h 1080 --encode-policy size -p 256 -o /dev/null -J '{timeline}' '$TOP_SRCDIR/images/snake.png'
a639171f5a3ab8207dbb5450edb8b0a000e1f1c0,macOS-26.5.1-arm64-arm-64bit,images/snake.png,1920,1080,size,size,#D55E00,10,15,20,0.037594,0.05829,0.020696,180,180,'$BUILD_DIR/converters/img2sixel' --threads=10 --precision=8bit --quality=high '--loaders=builtin!' --diffusion=none --gpu-policy=off --palette-type=rgb -w 1920 -h 1080 --encode-policy size -p 256 -o /dev/null -J '{timeline}' '$TOP_SRCDIR/images/snake.png'
a639171f5a3ab8207dbb5450edb8b0a000e1f1c0,macOS-26.5.1-arm64-arm-64bit,images/snake.png,1920,1080,size,size,#D55E00,11,15,21,0.037794,0.056256,0.018462,180,180,'$BUILD_DIR/converters/img2sixel' --threads=11 --precision=8bit --quality=high '--loaders=builtin!' --diffusion=none --gpu-policy=off --palette-type=rgb -w 1920 -h 1080 --encode-policy size -p 256 -o /dev/null -J '{timeline}' '$TOP_SRCDIR/images/snake.png'
a639171f5a3ab8207dbb5450edb8b0a000e1f1c0,macOS-26.5.1-arm64-arm-64bit,images/snake.png,1920,1080,size,size,#D55E00,12,15,22,0.037537,0.055387,0.01785,180,180,'$BUILD_DIR/converters/img2sixel' --threads=12 --precision=8bit --quality=high '--loaders=builtin!' --diffusion=none --gpu-policy=off --palette-type=rgb -w 1920 -h 1080 --encode-policy size -p 256 -o /dev/null -J '{timeline}' '$TOP_SRCDIR/images/snake.png'
a639171f5a3ab8207dbb5450edb8b0a000e1f1c0,macOS-26.5.1-arm64-arm-64bit,images/snake.png,1920,1080,auto,auto,#0072B2,1,15,23,0.103391,0.125685,0.022294,180,180,'$BUILD_DIR/converters/img2sixel' --threads=1 --precision=8bit --quality=high '--loaders=builtin!' --diffusion=none --gpu-policy=off --palette-type=rgb -w 1920 -h 1080 --encode-policy auto -p 256 -o /dev/null -J '{timeline}' '$TOP_SRCDIR/images/snake.png'
a639171f5a3ab8207dbb5450edb8b0a000e1f1c0,macOS-26.5.1-arm64-arm-64bit,images/snake.png,1920,1080,auto,auto,#0072B2,2,15,24,0.099248,0.113634,0.014386,180,180,'$BUILD_DIR/converters/img2sixel' --threads=2 --precision=8bit --quality=high '--loaders=builtin!' --diffusion=none --gpu-policy=off --palette-type=rgb -w 1920 -h 1080 --encode-policy auto -p 256 -o /dev/null -J '{timeline}' '$TOP_SRCDIR/images/snake.png'
a639171f5a3ab8207dbb5450edb8b0a000e1f1c0,macOS-26.5.1-arm64-arm-64bit,images/snake.png,1920,1080,auto,auto,#0072B2,3,15,25,0.047361,0.101551,0.05419,180,180,'$BUILD_DIR/converters/img2sixel' --threads=3 --precision=8bit --quality=high '--loaders=builtin!' --diffusion=none --gpu-policy=off --palette-type=rgb -w 1920 -h 1080 --encode-policy auto -p 256 -o /dev/null -J '{timeline}' '$TOP_SRCDIR/images/snake.png'
a639171f5a3ab8207dbb5450edb8b0a000e1f1c0,macOS-26.5.1-arm64-arm-64bit,images/snake.png,1920,1080,auto,auto,#0072B2,4,15,26,0.037213,0.07522,0.038007,180,180,'$BUILD_DIR/converters/img2sixel' --threads=4 --precision=8bit --quality=high '--loaders=builtin!' --diffusion=none --gpu-policy=off --palette-type=rgb -w 1920 -h 1080 --encode-policy auto -p 256 -o /dev/null -J '{timeline}' '$TOP_SRCDIR/images/snake.png'
a639171f5a3ab8207dbb5450edb8b0a000e1f1c0,macOS-26.5.1-arm64-arm-64bit,images/snake.png,1920,1080,auto,auto,#0072B2,5,15,27,0.036476,0.06435,0.027874,180,180,'$BUILD_DIR/converters/img2sixel' --threads=5 --precision=8bit --quality=high '--loaders=builtin!' --diffusion=none --gpu-policy=off --palette-type=rgb -w 1920 -h 1080 --encode-policy auto -p 256 -o /dev/null -J '{timeline}' '$TOP_SRCDIR/images/snake.png'
a639171f5a3ab8207dbb5450edb8b0a000e1f1c0,macOS-26.5.1-arm64-arm-64bit,images/snake.png,1920,1080,auto,auto,#0072B2,6,15,28,0.037414,0.063736,0.026322,180,180,'$BUILD_DIR/converters/img2sixel' --threads=6 --precision=8bit --quality=high '--loaders=builtin!' --diffusion=none --gpu-policy=off --palette-type=rgb -w 1920 -h 1080 --encode-policy auto -p 256 -o /dev/null -J '{timeline}' '$TOP_SRCDIR/images/snake.png'
a639171f5a3ab8207dbb5450edb8b0a000e1f1c0,macOS-26.5.1-arm64-arm-64bit,images/snake.png,1920,1080,auto,auto,#0072B2,7,15,29,0.036515,0.060667,0.024152,180,180,'$BUILD_DIR/converters/img2sixel' --threads=7 --precision=8bit --quality=high '--loaders=builtin!' --diffusion=none --gpu-policy=off --palette-type=rgb -w 1920 -h 1080 --encode-policy auto -p 256 -o /dev/null -J '{timeline}' '$TOP_SRCDIR/images/snake.png'
a639171f5a3ab8207dbb5450edb8b0a000e1f1c0,macOS-26.5.1-arm64-arm-64bit,images/snake.png,1920,1080,auto,auto,#0072B2,8,15,30,0.036607,0.057377,0.02077,180,180,'$BUILD_DIR/converters/img2sixel' --threads=8 --precision=8bit --quality=high '--loaders=builtin!' --diffusion=none --gpu-policy=off --palette-type=rgb -w 1920 -h 1080 --encode-policy auto -p 256 -o /dev/null -J '{timeline}' '$TOP_SRCDIR/images/snake.png'
a639171f5a3ab8207dbb5450edb8b0a000e1f1c0,macOS-26.5.1-arm64-arm-64bit,images/snake.png,1920,1080,auto,auto,#0072B2,9,15,31,0.036555,0.057775,0.02122,180,180,'$BUILD_DIR/converters/img2sixel' --threads=9 --precision=8bit --quality=high '--loaders=builtin!' --diffusion=none --gpu-policy=off --palette-type=rgb -w 1920 -h 1080 --encode-policy auto -p 256 -o /dev/null -J '{timeline}' '$TOP_SRCDIR/images/snake.png'
a639171f5a3ab8207dbb5450edb8b0a000e1f1c0,macOS-26.5.1-arm64-arm-64bit,images/snake.png,1920,1080,auto,auto,#0072B2,10,15,32,0.036167,0.055315,0.019148,180,180,'$BUILD_DIR/converters/img2sixel' --threads=10 --precision=8bit --quality=high '--loaders=builtin!' --diffusion=none --gpu-policy=off --palette-type=rgb -w 1920 -h 1080 --encode-policy auto -p 256 -o /dev/null -J '{timeline}' '$TOP_SRCDIR/images/snake.png'
a639171f5a3ab8207dbb5450edb8b0a000e1f1c0,macOS-26.5.1-arm64-arm-64bit,images/snake.png,1920,1080,auto,auto,#0072B2,11,15,33,0.036888,0.054348,0.01746,180,180,'$BUILD_DIR/converters/img2sixel' --threads=11 --precision=8bit --quality=high '--loaders=builtin!' --diffusion=none --gpu-policy=off --palette-type=rgb -w 1920 -h 1080 --encode-policy auto -p 256 -o /dev/null -J '{timeline}' '$TOP_SRCDIR/images/snake.png'
a639171f5a3ab8207dbb5450edb8b0a000e1f1c0,macOS-26.5.1-arm64-arm-64bit,images/snake.png,1920,1080,auto,auto,#0072B2,12,15,34,0.036954,0.054407,0.017453,180,180,'$BUILD_DIR/converters/img2sixel' --threads=12 --precision=8bit --quality=high '--loaders=builtin!' --diffusion=none --gpu-policy=off --palette-type=rgb -w 1920 -h 1080 --encode-policy auto -p 256 -o /dev/null -J '{timeline}' '$TOP_SRCDIR/images/snake.png'
a639171f5a3ab8207dbb5450edb8b0a000e1f1c0,macOS-26.5.1-arm64-arm-64bit,images/snake.png,1920,1080,fast,fast,#009E73,1,15,35,0.098644,0.119887,0.021243,180,180,'$BUILD_DIR/converters/img2sixel' --threads=1 --precision=8bit --quality=high '--loaders=builtin!' --diffusion=none --gpu-policy=off --palette-type=rgb -w 1920 -h 1080 --encode-policy fast -p 256 -o /dev/null -J '{timeline}' '$TOP_SRCDIR/images/snake.png'
a639171f5a3ab8207dbb5450edb8b0a000e1f1c0,macOS-26.5.1-arm64-arm-64bit,images/snake.png,1920,1080,fast,fast,#009E73,2,15,36,0.093483,0.107334,0.013851,180,180,'$BUILD_DIR/converters/img2sixel' --threads=2 --precision=8bit --quality=high '--loaders=builtin!' --diffusion=none --gpu-policy=off --palette-type=rgb -w 1920 -h 1080 --encode-policy fast -p 256 -o /dev/null -J '{timeline}' '$TOP_SRCDIR/images/snake.png'
a639171f5a3ab8207dbb5450edb8b0a000e1f1c0,macOS-26.5.1-arm64-arm-64bit,images/snake.png,1920,1080,fast,fast,#009E73,3,16,1,0.046589,0.099126,0.052537,180,180,'$BUILD_DIR/converters/img2sixel' --threads=3 --precision=8bit --quality=high '--loaders=builtin!' --diffusion=none --gpu-policy=off --palette-type=rgb -w 1920 -h 1080 --encode-policy fast -p 256 -o /dev/null -J '{timeline}' '$TOP_SRCDIR/images/snake.png'
a639171f5a3ab8207dbb5450edb8b0a000e1f1c0,macOS-26.5.1-arm64-arm-64bit,images/snake.png,1920,1080,fast,fast,#009E73,2,16,2,0.092404,0.106367,0.013963,180,180,'$BUILD_DIR/converters/img2sixel' --threads=2 --precision=8bit --quality=high '--loaders=builtin!' --diffusion=none --gpu-policy=off --palette-type=rgb -w 1920 -h 1080 --encode-policy fast -p 256 -o /dev/null -J '{timeline}' '$TOP_SRCDIR/images/snake.png'
a639171f5a3ab8207dbb5450edb8b0a000e1f1c0,macOS-26.5.1-arm64-arm-64bit,images/snake.png,1920,1080,fast,fast,#009E73,1,16,3,0.096259,0.117145,0.020886,180,180,'$BUILD_DIR/converters/img2sixel' --threads=1 --precision=8bit --quality=high '--loaders=builtin!' --diffusion=none --gpu-policy=off --palette-type=rgb -w 1920 -h 1080 --encode-policy fast -p 256 -o /dev/null -J '{timeline}' '$TOP_SRCDIR/images/snake.png'
a639171f5a3ab8207dbb5450edb8b0a000e1f1c0,macOS-26.5.1-arm64-arm-64bit,images/snake.png,1920,1080,auto,auto,#0072B2,12,16,4,0.03658,0.053012,0.016432,180,180,'$BUILD_DIR/converters/img2sixel' --threads=12 --precision=8bit --quality=high '--loaders=builtin!' --diffusion=none --gpu-policy=off --palette-type=rgb -w 1920 -h 1080 --encode-policy auto -p 256 -o /dev/null -J '{timeline}' '$TOP_SRCDIR/images/snake.png'
a639171f5a3ab8207dbb5450edb8b0a000e1f1c0,macOS-26.5.1-arm64-arm-64bit,images/snake.png,1920,1080,auto,auto,#0072B2,11,16,5,0.036881,0.054982,0.018101,180,180,'$BUILD_DIR/converters/img2sixel' --threads=11 --precision=8bit --quality=high '--loaders=builtin!' --diffusion=none --gpu-policy=off --palette-type=rgb -w 1920 -h 1080 --encode-policy auto -p 256 -o /dev/null -J '{timeline}' '$TOP_SRCDIR/images/snake.png'
a639171f5a3ab8207dbb5450edb8b0a000e1f1c0,macOS-26.5.1-arm64-arm-64bit,images/snake.png,1920,1080,auto,auto,#0072B2,10,16,6,0.036314,0.055388,0.019074,180,180,'$BUILD_DIR/converters/img2sixel' --threads=10 --precision=8bit --quality=high '--loaders=builtin!' --diffusion=none --gpu-policy=off --palette-type=rgb -w 1920 -h 1080 --encode-policy auto -p 256 -o /dev/null -J '{timeline}' '$TOP_SRCDIR/images/snake.png'
a639171f5a3ab8207dbb5450edb8b0a000e1f1c0,macOS-26.5.1-arm64-arm-64bit,images/snake.png,1920,1080,auto,auto,#0072B2,9,16,7,0.039266,0.06094,0.021674,180,180,'$BUILD_DIR/converters/img2sixel' --threads=9 --precision=8bit --quality=high '--loaders=builtin!' --diffusion=none --gpu-policy=off --palette-type=rgb -w 1920 -h 1080 --encode-policy auto -p 256 -o /dev/null -J '{timeline}' '$TOP_SRCDIR/images/snake.png'
a639171f5a3ab8207dbb5450edb8b0a000e1f1c0,macOS-26.5.1-arm64-arm-64bit,images/snake.png,1920,1080,auto,auto,#0072B2,8,16,8,0.038841,0.061081,0.02224,180,180,'$BUILD_DIR/converters/img2sixel' --threads=8 --precision=8bit --quality=high '--loaders=builtin!' --diffusion=none --gpu-policy=off --palette-type=rgb -w 1920 -h 1080 --encode-policy auto -p 256 -o /dev/null -J '{timeline}' '$TOP_SRCDIR/images/snake.png'
a639171f5a3ab8207dbb5450edb8b0a000e1f1c0,macOS-26.5.1-arm64-arm-64bit,images/snake.png,1920,1080,auto,auto,#0072B2,7,16,9,0.039046,0.065123,0.026077,180,180,'$BUILD_DIR/converters/img2sixel' --threads=7 --precision=8bit --quality=high '--loaders=builtin!' --diffusion=none --gpu-policy=off --palette-type=rgb -w 1920 -h 1080 --encode-policy auto -p 256 -o /dev/null -J '{timeline}' '$TOP_SRCDIR/images/snake.png'
a639171f5a3ab8207dbb5450edb8b0a000e1f1c0,macOS-26.5.1-arm64-arm-64bit,images/snake.png,1920,1080,auto,auto,#0072B2,6,16,10,0.040016,0.068374,0.028358,180,180,'$BUILD_DIR/converters/img2sixel' --threads=6 --precision=8bit --quality=high '--loaders=builtin!' --diffusion=none --gpu-policy=off --palette-type=rgb -w 1920 -h 1080 --encode-policy auto -p 256 -o /dev/null -J '{timeline}' '$TOP_SRCDIR/images/snake.png'
a639171f5a3ab8207dbb5450edb8b0a000e1f1c0,macOS-26.5.1-arm64-arm-64bit,images/snake.png,1920,1080,auto,auto,#0072B2,5,16,11,0.038932,0.068551,0.029619,180,180,'$BUILD_DIR/converters/img2sixel' --threads=5 --precision=8bit --quality=high '--loaders=builtin!' --diffusion=none --gpu-policy=off --palette-type=rgb -w 1920 -h 1080 --encode-policy auto -p 256 -o /dev/null -J '{timeline}' '$TOP_SRCDIR/images/snake.png'
a639171f5a3ab8207dbb5450edb8b0a000e1f1c0,macOS-26.5.1-arm64-arm-64bit,images/snake.png,1920,1080,auto,auto,#0072B2,4,16,12,0.038827,0.077799,0.038972,180,180,'$BUILD_DIR/converters/img2sixel' --threads=4 --precision=8bit --quality=high '--loaders=builtin!' --diffusion=none --gpu-policy=off --palette-type=rgb -w 1920 -h 1080 --encode-policy auto -p 256 -o /dev/null -J '{timeline}' '$TOP_SRCDIR/images/snake.png'
a639171f5a3ab8207dbb5450edb8b0a000e1f1c0,macOS-26.5.1-arm64-arm-64bit,images/snake.png,1920,1080,auto,auto,#0072B2,3,16,13,0.048529,0.106162,0.057633,180,180,'$BUILD_DIR/converters/img2sixel' --threads=3 --precision=8bit --quality=high '--loaders=builtin!' --diffusion=none --gpu-policy=off --palette-type=rgb -w 1920 -h 1080 --encode-policy auto -p 256 -o /dev/null -J '{timeline}' '$TOP_SRCDIR/images/snake.png'
a639171f5a3ab8207dbb5450edb8b0a000e1f1c0,macOS-26.5.1-arm64-arm-64bit,images/snake.png,1920,1080,auto,auto,#0072B2,2,16,14,0.097342,0.111858,0.014516,180,180,'$BUILD_DIR/converters/img2sixel' --threads=2 --precision=8bit --quality=high '--loaders=builtin!' --diffusion=none --gpu-policy=off --palette-type=rgb -w 1920 -h 1080 --encode-policy auto -p 256 -o /dev/null -J '{timeline}' '$TOP_SRCDIR/images/snake.png'
a639171f5a3ab8207dbb5450edb8b0a000e1f1c0,macOS-26.5.1-arm64-arm-64bit,images/snake.png,1920,1080,auto,auto,#0072B2,1,16,15,0.105367,0.12826,0.022893,180,180,'$BUILD_DIR/converters/img2sixel' --threads=1 --precision=8bit --quality=high '--loaders=builtin!' --diffusion=none --gpu-policy=off --palette-type=rgb -w 1920 -h 1080 --encode-policy auto -p 256 -o /dev/null -J '{timeline}' '$TOP_SRCDIR/images/snake.png'
a639171f5a3ab8207dbb5450edb8b0a000e1f1c0,macOS-26.5.1-arm64-arm-64bit,images/snake.png,1920,1080,size,size,#D55E00,12,16,16,0.038157,0.056065,0.017908,180,180,'$BUILD_DIR/converters/img2sixel' --threads=12 --precision=8bit --quality=high '--loaders=builtin!' --diffusion=none --gpu-policy=off --palette-type=rgb -w 1920 -h 1080 --encode-policy size -p 256 -o /dev/null -J '{timeline}' '$TOP_SRCDIR/images/snake.png'
a639171f5a3ab8207dbb5450edb8b0a000e1f1c0,macOS-26.5.1-arm64-arm-64bit,images/snake.png,1920,1080,size,size,#D55E00,11,16,17,0.037951,0.058099,0.020148,180,180,'$BUILD_DIR/converters/img2sixel' --threads=11 --precision=8bit --quality=high '--loaders=builtin!' --diffusion=none --gpu-policy=off --palette-type=rgb -w 1920 -h 1080 --encode-policy size -p 256 -o /dev/null -J '{timeline}' '$TOP_SRCDIR/images/snake.png'
a639171f5a3ab8207dbb5450edb8b0a000e1f1c0,macOS-26.5.1-arm64-arm-64bit,images/snake.png,1920,1080,size,size,#D55E00,10,16,18,0.038656,0.058949,0.020293,180,180,'$BUILD_DIR/converters/img2sixel' --threads=10 --precision=8bit --quality=high '--loaders=builtin!' --diffusion=none --gpu-policy=off --palette-type=rgb -w 1920 -h 1080 --encode-policy size -p 256 -o /dev/null -J '{timeline}' '$TOP_SRCDIR/images/snake.png'
a639171f5a3ab8207dbb5450edb8b0a000e1f1c0,macOS-26.5.1-arm64-arm-64bit,images/snake.png,1920,1080,size,size,#D55E00,9,16,19,0.037769,0.058769,0.021,180,180,'$BUILD_DIR/converters/img2sixel' --threads=9 --precision=8bit --quality=high '--loaders=builtin!' --diffusion=none --gpu-policy=off --palette-type=rgb -w 1920 -h 1080 --encode-policy size -p 256 -o /dev/null -J '{timeline}' '$TOP_SRCDIR/images/snake.png'
a639171f5a3ab8207dbb5450edb8b0a000e1f1c0,macOS-26.5.1-arm64-arm-64bit,images/snake.png,1920,1080,size,size,#D55E00,8,16,20,0.03862,0.06019,0.02157,180,180,'$BUILD_DIR/converters/img2sixel' --threads=8 --precision=8bit --quality=high '--loaders=builtin!' --diffusion=none --gpu-policy=off --palette-type=rgb -w 1920 -h 1080 --encode-policy size -p 256 -o /dev/null -J '{timeline}' '$TOP_SRCDIR/images/snake.png'
a639171f5a3ab8207dbb5450edb8b0a000e1f1c0,macOS-26.5.1-arm64-arm-64bit,images/snake.png,1920,1080,size,size,#D55E00,7,16,21,0.038592,0.063764,0.025172,180,180,'$BUILD_DIR/converters/img2sixel' --threads=7 --precision=8bit --quality=high '--loaders=builtin!' --diffusion=none --gpu-policy=off --palette-type=rgb -w 1920 -h 1080 --encode-policy size -p 256 -o /dev/null -J '{timeline}' '$TOP_SRCDIR/images/snake.png'
a639171f5a3ab8207dbb5450edb8b0a000e1f1c0,macOS-26.5.1-arm64-arm-64bit,images/snake.png,1920,1080,size,size,#D55E00,6,16,22,0.038689,0.06683,0.028141,180,180,'$BUILD_DIR/converters/img2sixel' --threads=6 --precision=8bit --quality=high '--loaders=builtin!' --diffusion=none --gpu-policy=off --palette-type=rgb -w 1920 -h 1080 --encode-policy size -p 256 -o /dev/null -J '{timeline}' '$TOP_SRCDIR/images/snake.png'
a639171f5a3ab8207dbb5450edb8b0a000e1f1c0,macOS-26.5.1-arm64-arm-64bit,images/snake.png,1920,1080,size,size,#D55E00,5,16,23,0.039585,0.06981,0.030225,180,180,'$BUILD_DIR/converters/img2sixel' --threads=5 --precision=8bit --quality=high '--loaders=builtin!' --diffusion=none --gpu-policy=off --palette-type=rgb -w 1920 -h 1080 --encode-policy size -p 256 -o /dev/null -J '{timeline}' '$TOP_SRCDIR/images/snake.png'
a639171f5a3ab8207dbb5450edb8b0a000e1f1c0,macOS-26.5.1-arm64-arm-64bit,images/snake.png,1920,1080,size,size,#D55E00,4,16,24,0.039843,0.079585,0.039742,180,180,'$BUILD_DIR/converters/img2sixel' --threads=4 --precision=8bit --quality=high '--loaders=builtin!' --diffusion=none --gpu-policy=off --palette-type=rgb -w 1920 -h 1080 --encode-policy size -p 256 -o /dev/null -J '{timeline}' '$TOP_SRCDIR/images/snake.png'
a639171f5a3ab8207dbb5450edb8b0a000e1f1c0,macOS-26.5.1-arm64-arm-64bit,images/snake.png,1920,1080,size,size,#D55E00,3,16,25,0.049514,0.105618,0.056104,180,180,'$BUILD_DIR/converters/img2sixel' --threads=3 --precision=8bit --quality=high '--loaders=builtin!' --diffusion=none --gpu-policy=off --palette-type=rgb -w 1920 -h 1080 --encode-policy size -p 256 -o /dev/null -J '{timeline}' '$TOP_SRCDIR/images/snake.png'
a639171f5a3ab8207dbb5450edb8b0a000e1f1c0,macOS-26.5.1-arm64-arm-64bit,images/snake.png,1920,1080,size,size,#D55E00,2,16,26,0.10012,0.113939,0.013819,180,180,'$BUILD_DIR/converters/img2sixel' --threads=2 --precision=8bit --quality=high '--loaders=builtin!' --diffusion=none --gpu-policy=off --palette-type=rgb -w 1920 -h 1080 --encode-policy size -p 256 -o /dev/null -J '{timeline}' '$TOP_SRCDIR/images/snake.png'
a639171f5a3ab8207dbb5450edb8b0a000e1f1c0,macOS-26.5.1-arm64-arm-64bit,images/snake.png,1920,1080,size,size,#D55E00,1,16,27,0.100921,0.12319,0.022269,180,180,'$BUILD_DIR/converters/img2sixel' --threads=1 --precision=8bit --quality=high '--loaders=builtin!' --diffusion=none --gpu-policy=off --palette-type=rgb -w 1920 -h 1080 --encode-policy size -p 256 -o /dev/null -J '{timeline}' '$TOP_SRCDIR/images/snake.png'
a639171f5a3ab8207dbb5450edb8b0a000e1f1c0,macOS-26.5.1-arm64-arm-64bit,images/snake.png,1920,1080,fast,fast,#009E73,12,16,28,0.036454,0.054913,0.018459,180,180,'$BUILD_DIR/converters/img2sixel' --threads=12 --precision=8bit --quality=high '--loaders=builtin!' --diffusion=none --gpu-policy=off --palette-type=rgb -w 1920 -h 1080 --encode-policy fast -p 256 -o /dev/null -J '{timeline}' '$TOP_SRCDIR/images/snake.png'
a639171f5a3ab8207dbb5450edb8b0a000e1f1c0,macOS-26.5.1-arm64-arm-64bit,images/snake.png,1920,1080,fast,fast,#009E73,11,16,29,0.037553,0.056452,0.018899,180,180,'$BUILD_DIR/converters/img2sixel' --threads=11 --precision=8bit --quality=high '--loaders=builtin!' --diffusion=none --gpu-policy=off --palette-type=rgb -w 1920 -h 1080 --encode-policy fast -p 256 -o /dev/null -J '{timeline}' '$TOP_SRCDIR/images/snake.png'
a639171f5a3ab8207dbb5450edb8b0a000e1f1c0,macOS-26.5.1-arm64-arm-64bit,images/snake.png,1920,1080,fast,fast,#009E73,10,16,30,0.038419,0.057976,0.019557,180,180,'$BUILD_DIR/converters/img2sixel' --threads=10 --precision=8bit --quality=high '--loaders=builtin!' --diffusion=none --gpu-policy=off --palette-type=rgb -w 1920 -h 1080 --encode-policy fast -p 256 -o /dev/null -J '{timeline}' '$TOP_SRCDIR/images/snake.png'
a639171f5a3ab8207dbb5450edb8b0a000e1f1c0,macOS-26.5.1-arm64-arm-64bit,images/snake.png,1920,1080,fast,fast,#009E73,9,16,31,0.036579,0.056972,0.020393,180,180,'$BUILD_DIR/converters/img2sixel' --threads=9 --precision=8bit --quality=high '--loaders=builtin!' --diffusion=none --gpu-policy=off --palette-type=rgb -w 1920 -h 1080 --encode-policy fast -p 256 -o /dev/null -J '{timeline}' '$TOP_SRCDIR/images/snake.png'
a639171f5a3ab8207dbb5450edb8b0a000e1f1c0,macOS-26.5.1-arm64-arm-64bit,images/snake.png,1920,1080,fast,fast,#009E73,8,16,32,0.037195,0.06283,0.025635,180,180,'$BUILD_DIR/converters/img2sixel' --threads=8 --precision=8bit --quality=high '--loaders=builtin!' --diffusion=none --gpu-policy=off --palette-type=rgb -w 1920 -h 1080 --encode-policy fast -p 256 -o /dev/null -J '{timeline}' '$TOP_SRCDIR/images/snake.png'
a639171f5a3ab8207dbb5450edb8b0a000e1f1c0,macOS-26.5.1-arm64-arm-64bit,images/snake.png,1920,1080,fast,fast,#009E73,7,16,33,0.038908,0.064041,0.025133,180,180,'$BUILD_DIR/converters/img2sixel' --threads=7 --precision=8bit --quality=high '--loaders=builtin!' --diffusion=none --gpu-policy=off --palette-type=rgb -w 1920 -h 1080 --encode-policy fast -p 256 -o /dev/null -J '{timeline}' '$TOP_SRCDIR/images/snake.png'
a639171f5a3ab8207dbb5450edb8b0a000e1f1c0,macOS-26.5.1-arm64-arm-64bit,images/snake.png,1920,1080,fast,fast,#009E73,6,16,34,0.03858,0.068444,0.029864,180,180,'$BUILD_DIR/converters/img2sixel' --threads=6 --precision=8bit --quality=high '--loaders=builtin!' --diffusion=none --gpu-policy=off --palette-type=rgb -w 1920 -h 1080 --encode-policy fast -p 256 -o /dev/null -J '{timeline}' '$TOP_SRCDIR/images/snake.png'
a639171f5a3ab8207dbb5450edb8b0a000e1f1c0,macOS-26.5.1-arm64-arm-64bit,images/snake.png,1920,1080,fast,fast,#009E73,5,16,35,0.036971,0.065127,0.028156,180,180,'$BUILD_DIR/converters/img2sixel' --threads=5 --precision=8bit --quality=high '--loaders=builtin!' --diffusion=none --gpu-policy=off --palette-type=rgb -w 1920 -h 1080 --encode-policy fast -p 256 -o /dev/null -J '{timeline}' '$TOP_SRCDIR/images/snake.png'
a639171f5a3ab8207dbb5450edb8b0a000e1f1c0,macOS-26.5.1-arm64-arm-64bit,images/snake.png,1920,1080,fast,fast,#009E73,4,16,36,0.037062,0.074837,0.037775,180,180,'$BUILD_DIR/converters/img2sixel' --threads=4 --precision=8bit --quality=high '--loaders=builtin!' --diffusion=none --gpu-policy=off --palette-type=rgb -w 1920 -h 1080 --encode-policy fast -p 256 -o /dev/null -J '{timeline}' '$TOP_SRCDIR/images/snake.png'
a639171f5a3ab8207dbb5450edb8b0a000e1f1c0,macOS-26.5.1-arm64-arm-64bit,images/snake.png,1920,1080,fast,fast,#009E73,5,17,1,0.036383,0.065125,0.028742,180,180,'$BUILD_DIR/converters/img2sixel' --threads=5 --precision=8bit --quality=high '--loaders=builtin!' --diffusion=none --gpu-policy=off --palette-type=rgb -w 1920 -h 1080 --encode-policy fast -p 256 -o /dev/null -J '{timeline}' '$TOP_SRCDIR/images/snake.png'
a639171f5a3ab8207dbb5450edb8b0a000e1f1c0,macOS-26.5.1-arm64-arm-64bit,images/snake.png,1920,1080,fast,fast,#009E73,6,17,2,0.036543,0.064336,0.027793,180,180,'$BUILD_DIR/converters/img2sixel' --threads=6 --precision=8bit --quality=high '--loaders=builtin!' --diffusion=none --gpu-policy=off --palette-type=rgb -w 1920 -h 1080 --encode-policy fast -p 256 -o /dev/null -J '{timeline}' '$TOP_SRCDIR/images/snake.png'
a639171f5a3ab8207dbb5450edb8b0a000e1f1c0,macOS-26.5.1-arm64-arm-64bit,images/snake.png,1920,1080,fast,fast,#009E73,7,17,3,0.036641,0.061975,0.025334,180,180,'$BUILD_DIR/converters/img2sixel' --threads=7 --precision=8bit --quality=high '--loaders=builtin!' --diffusion=none --gpu-policy=off --palette-type=rgb -w 1920 -h 1080 --encode-policy fast -p 256 -o /dev/null -J '{timeline}' '$TOP_SRCDIR/images/snake.png'
a639171f5a3ab8207dbb5450edb8b0a000e1f1c0,macOS-26.5.1-arm64-arm-64bit,images/snake.png,1920,1080,fast,fast,#009E73,8,17,4,0.036591,0.057188,0.020597,180,180,'$BUILD_DIR/converters/img2sixel' --threads=8 --precision=8bit --quality=high '--loaders=builtin!' --diffusion=none --gpu-policy=off --palette-type=rgb -w 1920 -h 1080 --encode-policy fast -p 256 -o /dev/null -J '{timeline}' '$TOP_SRCDIR/images/snake.png'
a639171f5a3ab8207dbb5450edb8b0a000e1f1c0,macOS-26.5.1-arm64-arm-64bit,images/snake.png,1920,1080,fast,fast,#009E73,9,17,5,0.036595,0.056842,0.020247,180,180,'$BUILD_DIR/converters/img2sixel' --threads=9 --precision=8bit --quality=high '--loaders=builtin!' --diffusion=none --gpu-policy=off --palette-type=rgb -w 1920 -h 1080 --encode-policy fast -p 256 -o /dev/null -J '{timeline}' '$TOP_SRCDIR/images/snake.png'
a639171f5a3ab8207dbb5450edb8b0a000e1f1c0,macOS-26.5.1-arm64-arm-64bit,images/snake.png,1920,1080,fast,fast,#009E73,10,17,6,0.035546,0.055802,0.020256,180,180,'$BUILD_DIR/converters/img2sixel' --threads=10 --precision=8bit --quality=high '--loaders=builtin!' --diffusion=none --gpu-policy=off --palette-type=rgb -w 1920 -h 1080 --encode-policy fast -p 256 -o /dev/null -J '{timeline}' '$TOP_SRCDIR/images/snake.png'
a639171f5a3ab8207dbb5450edb8b0a000e1f1c0,macOS-26.5.1-arm64-arm-64bit,images/snake.png,1920,1080,fast,fast,#009E73,11,17,7,0.036662,0.055533,0.018871,180,180,'$BUILD_DIR/converters/img2sixel' --threads=11 --precision=8bit --quality=high '--loaders=builtin!' --diffusion=none --gpu-policy=off --palette-type=rgb -w 1920 -h 1080 --encode-policy fast -p 256 -o /dev/null -J '{timeline}' '$TOP_SRCDIR/images/snake.png'
a639171f5a3ab8207dbb5450edb8b0a000e1f1c0,macOS-26.5.1-arm64-arm-64bit,images/snake.png,1920,1080,fast,fast,#009E73,12,17,8,0.036482,0.053376,0.016894,180,180,'$BUILD_DIR/converters/img2sixel' --threads=12 --precision=8bit --quality=high '--loaders=builtin!' --diffusion=none --gpu-policy=off --palette-type=rgb -w 1920 -h 1080 --encode-policy fast -p 256 -o /dev/null -J '{timeline}' '$TOP_SRCDIR/images/snake.png'
a639171f5a3ab8207dbb5450edb8b0a000e1f1c0,macOS-26.5.1-arm64-arm-64bit,images/snake.png,1920,1080,size,size,#D55E00,1,17,9,0.095489,0.115764,0.020275,180,180,'$BUILD_DIR/converters/img2sixel' --threads=1 --precision=8bit --quality=high '--loaders=builtin!' --diffusion=none --gpu-policy=off --palette-type=rgb -w 1920 -h 1080 --encode-policy size -p 256 -o /dev/null -J '{timeline}' '$TOP_SRCDIR/images/snake.png'
a639171f5a3ab8207dbb5450edb8b0a000e1f1c0,macOS-26.5.1-arm64-arm-64bit,images/snake.png,1920,1080,size,size,#D55E00,2,17,10,0.09142,0.104954,0.013534,180,180,'$BUILD_DIR/converters/img2sixel' --threads=2 --precision=8bit --quality=high '--loaders=builtin!' --diffusion=none --gpu-policy=off --palette-type=rgb -w 1920 -h 1080 --encode-policy size -p 256 -o /dev/null -J '{timeline}' '$TOP_SRCDIR/images/snake.png'
a639171f5a3ab8207dbb5450edb8b0a000e1f1c0,macOS-26.5.1-arm64-arm-64bit,images/snake.png,1920,1080,size,size,#D55E00,3,17,11,0.046148,0.095035,0.048887,180,180,'$BUILD_DIR/converters/img2sixel' --threads=3 --precision=8bit --quality=high '--loaders=builtin!' --diffusion=none --gpu-policy=off --palette-type=rgb -w 1920 -h 1080 --encode-policy size -p 256 -o /dev/null -J '{timeline}' '$TOP_SRCDIR/images/snake.png'
a639171f5a3ab8207dbb5450edb8b0a000e1f1c0,macOS-26.5.1-arm64-arm-64bit,images/snake.png,1920,1080,size,size,#D55E00,4,17,12,0.036161,0.07141,0.035249,180,180,'$BUILD_DIR/converters/img2sixel' --threads=4 --precision=8bit --quality=high '--loaders=builtin!' --diffusion=none --gpu-policy=off --palette-type=rgb -w 1920 -h 1080 --encode-policy size -p 256 -o /dev/null -J '{timeline}' '$TOP_SRCDIR/images/snake.png'
a639171f5a3ab8207dbb5450edb8b0a000e1f1c0,macOS-26.5.1-arm64-arm-64bit,images/snake.png,1920,1080,size,size,#D55E00,5,17,13,0.035864,0.063461,0.027597,180,180,'$BUILD_DIR/converters/img2sixel' --threads=5 --precision=8bit --quality=high '--loaders=builtin!' --diffusion=none --gpu-policy=off --palette-type=rgb -w 1920 -h 1080 --encode-policy size -p 256 -o /dev/null -J '{timeline}' '$TOP_SRCDIR/images/snake.png'
a639171f5a3ab8207dbb5450edb8b0a000e1f1c0,macOS-26.5.1-arm64-arm-64bit,images/snake.png,1920,1080,size,size,#D55E00,6,17,14,0.036142,0.062839,0.026697,180,180,'$BUILD_DIR/converters/img2sixel' --threads=6 --precision=8bit --quality=high '--loaders=builtin!' --diffusion=none --gpu-policy=off --palette-type=rgb -w 1920 -h 1080 --encode-policy size -p 256 -o /dev/null -J '{timeline}' '$TOP_SRCDIR/images/snake.png'
a639171f5a3ab8207dbb5450edb8b0a000e1f1c0,macOS-26.5.1-arm64-arm-64bit,images/snake.png,1920,1080,size,size,#D55E00,7,17,15,0.035984,0.059782,0.023798,180,180,'$BUILD_DIR/converters/img2sixel' --threads=7 --precision=8bit --quality=high '--loaders=builtin!' --diffusion=none --gpu-policy=off --palette-type=rgb -w 1920 -h 1080 --encode-policy size -p 256 -o /dev/null -J '{timeline}' '$TOP_SRCDIR/images/snake.png'
a639171f5a3ab8207dbb5450edb8b0a000e1f1c0,macOS-26.5.1-arm64-arm-64bit,images/snake.png,1920,1080,size,size,#D55E00,8,17,16,0.036074,0.057885,0.021811,180,180,'$BUILD_DIR/converters/img2sixel' --threads=8 --precision=8bit --quality=high '--loaders=builtin!' --diffusion=none --gpu-policy=off --palette-type=rgb -w 1920 -h 1080 --encode-policy size -p 256 -o /dev/null -J '{timeline}' '$TOP_SRCDIR/images/snake.png'
a639171f5a3ab8207dbb5450edb8b0a000e1f1c0,macOS-26.5.1-arm64-arm-64bit,images/snake.png,1920,1080,size,size,#D55E00,9,17,17,0.036457,0.05605,0.019593,180,180,'$BUILD_DIR/converters/img2sixel' --threads=9 --precision=8bit --quality=high '--loaders=builtin!' --diffusion=none --gpu-policy=off --palette-type=rgb -w 1920 -h 1080 --encode-policy size -p 256 -o /dev/null -J '{timeline}' '$TOP_SRCDIR/images/snake.png'
a639171f5a3ab8207dbb5450edb8b0a000e1f1c0,macOS-26.5.1-arm64-arm-64bit,images/snake.png,1920,1080,size,size,#D55E00,10,17,18,0.036494,0.057216,0.020722,180,180,'$BUILD_DIR/converters/img2sixel' --threads=10 --precision=8bit --quality=high '--loaders=builtin!' --diffusion=none --gpu-policy=off --palette-type=rgb -w 1920 -h 1080 --encode-policy size -p 256 -o /dev/null -J '{timeline}' '$TOP_SRCDIR/images/snake.png'
a639171f5a3ab8207dbb5450edb8b0a000e1f1c0,macOS-26.5.1-arm64-arm-64bit,images/snake.png,1920,1080,size,size,#D55E00,11,17,19,0.037247,0.055322,0.018075,180,180,'$BUILD_DIR/converters/img2sixel' --threads=11 --precision=8bit --quality=high '--loaders=builtin!' --diffusion=none --gpu-policy=off --palette-type=rgb -w 1920 -h 1080 --encode-policy size -p 256 -o /dev/null -J '{timeline}' '$TOP_SRCDIR/images/snake.png'
a639171f5a3ab8207dbb5450edb8b0a000e1f1c0,macOS-26.5.1-arm64-arm-64bit,images/snake.png,1920,1080,size,size,#D55E00,12,17,20,0.037795,0.056204,0.018409,180,180,'$BUILD_DIR/converters/img2sixel' --threads=12 --precision=8bit --quality=high '--loaders=builtin!' --diffusion=none --gpu-policy=off --palette-type=rgb -w 1920 -h 1080 --encode-policy size -p 256 -o /dev/null -J '{timeline}' '$TOP_SRCDIR/images/snake.png'
a639171f5a3ab8207dbb5450edb8b0a000e1f1c0,macOS-26.5.1-arm64-arm-64bit,images/snake.png,1920,1080,auto,auto,#0072B2,1,17,21,0.105508,0.126865,0.021357,180,180,'$BUILD_DIR/converters/img2sixel' --threads=1 --precision=8bit --quality=high '--loaders=builtin!' --diffusion=none --gpu-policy=off --palette-type=rgb -w 1920 -h 1080 --encode-policy auto -p 256 -o /dev/null -J '{timeline}' '$TOP_SRCDIR/images/snake.png'
a639171f5a3ab8207dbb5450edb8b0a000e1f1c0,macOS-26.5.1-arm64-arm-64bit,images/snake.png,1920,1080,auto,auto,#0072B2,2,17,22,0.100398,0.114949,0.014551,180,180,'$BUILD_DIR/converters/img2sixel' --threads=2 --precision=8bit --quality=high '--loaders=builtin!' --diffusion=none --gpu-policy=off --palette-type=rgb -w 1920 -h 1080 --encode-policy auto -p 256 -o /dev/null -J '{timeline}' '$TOP_SRCDIR/images/snake.png'
a639171f5a3ab8207dbb5450edb8b0a000e1f1c0,macOS-26.5.1-arm64-arm-64bit,images/snake.png,1920,1080,auto,auto,#0072B2,3,17,23,0.050041,0.103335,0.053294,180,180,'$BUILD_DIR/converters/img2sixel' --threads=3 --precision=8bit --quality=high '--loaders=builtin!' --diffusion=none --gpu-policy=off --palette-type=rgb -w 1920 -h 1080 --encode-policy auto -p 256 -o /dev/null -J '{timeline}' '$TOP_SRCDIR/images/snake.png'
a639171f5a3ab8207dbb5450edb8b0a000e1f1c0,macOS-26.5.1-arm64-arm-64bit,images/snake.png,1920,1080,auto,auto,#0072B2,4,17,24,0.039739,0.079684,0.039945,180,180,'$BUILD_DIR/converters/img2sixel' --threads=4 --precision=8bit --quality=high '--loaders=builtin!' --diffusion=none --gpu-policy=off --palette-type=rgb -w 1920 -h 1080 --encode-policy auto -p 256 -o /dev/null -J '{timeline}' '$TOP_SRCDIR/images/snake.png'
a639171f5a3ab8207dbb5450edb8b0a000e1f1c0,macOS-26.5.1-arm64-arm-64bit,images/snake.png,1920,1080,auto,auto,#0072B2,5,17,25,0.040593,0.070602,0.030009,180,180,'$BUILD_DIR/converters/img2sixel' --threads=5 --precision=8bit --quality=high '--loaders=builtin!' --diffusion=none --gpu-policy=off --palette-type=rgb -w 1920 -h 1080 --encode-policy auto -p 256 -o /dev/null -J '{timeline}' '$TOP_SRCDIR/images/snake.png'
a639171f5a3ab8207dbb5450edb8b0a000e1f1c0,macOS-26.5.1-arm64-arm-64bit,images/snake.png,1920,1080,auto,auto,#0072B2,6,17,26,0.038383,0.067514,0.029131,180,180,'$BUILD_DIR/converters/img2sixel' --threads=6 --precision=8bit --quality=high '--loaders=builtin!' --diffusion=none --gpu-policy=off --palette-type=rgb -w 1920 -h 1080 --encode-policy auto -p 256 -o /dev/null -J '{timeline}' '$TOP_SRCDIR/images/snake.png'
a639171f5a3ab8207dbb5450edb8b0a000e1f1c0,macOS-26.5.1-arm64-arm-64bit,images/snake.png,1920,1080,auto,auto,#0072B2,7,17,27,0.039845,0.065223,0.025378,180,180,'$BUILD_DIR/converters/img2sixel' --threads=7 --precision=8bit --quality=high '--loaders=builtin!' --diffusion=none --gpu-policy=off --palette-type=rgb -w 1920 -h 1080 --encode-policy auto -p 256 -o /dev/null -J '{timeline}' '$TOP_SRCDIR/images/snake.png'
a639171f5a3ab8207dbb5450edb8b0a000e1f1c0,macOS-26.5.1-arm64-arm-64bit,images/snake.png,1920,1080,auto,auto,#0072B2,8,17,28,0.037777,0.059677,0.0219,180,180,'$BUILD_DIR/converters/img2sixel' --threads=8 --precision=8bit --quality=high '--loaders=builtin!' --diffusion=none --gpu-policy=off --palette-type=rgb -w 1920 -h 1080 --encode-policy auto -p 256 -o /dev/null -J '{timeline}' '$TOP_SRCDIR/images/snake.png'
a639171f5a3ab8207dbb5450edb8b0a000e1f1c0,macOS-26.5.1-arm64-arm-64bit,images/snake.png,1920,1080,auto,auto,#0072B2,9,17,29,0.03967,0.060487,0.020817,180,180,'$BUILD_DIR/converters/img2sixel' --threads=9 --precision=8bit --quality=high '--loaders=builtin!' --diffusion=none --gpu-policy=off --palette-type=rgb -w 1920 -h 1080 --encode-policy auto -p 256 -o /dev/null -J '{timeline}' '$TOP_SRCDIR/images/snake.png'
a639171f5a3ab8207dbb5450edb8b0a000e1f1c0,macOS-26.5.1-arm64-arm-64bit,images/snake.png,1920,1080,auto,auto,#0072B2,10,17,30,0.037828,0.058757,0.020929,180,180,'$BUILD_DIR/converters/img2sixel' --threads=10 --precision=8bit --quality=high '--loaders=builtin!' --diffusion=none --gpu-policy=off --palette-type=rgb -w 1920 -h 1080 --encode-policy auto -p 256 -o /dev/null -J '{timeline}' '$TOP_SRCDIR/images/snake.png'
a639171f5a3ab8207dbb5450edb8b0a000e1f1c0,macOS-26.5.1-arm64-arm-64bit,images/snake.png,1920,1080,auto,auto,#0072B2,11,17,31,0.038196,0.056986,0.01879,180,180,'$BUILD_DIR/converters/img2sixel' --threads=11 --precision=8bit --quality=high '--loaders=builtin!' --diffusion=none --gpu-policy=off --palette-type=rgb -w 1920 -h 1080 --encode-policy auto -p 256 -o /dev/null -J '{timeline}' '$TOP_SRCDIR/images/snake.png'
a639171f5a3ab8207dbb5450edb8b0a000e1f1c0,macOS-26.5.1-arm64-arm-64bit,images/snake.png,1920,1080,auto,auto,#0072B2,12,17,32,0.037297,0.054398,0.017101,180,180,'$BUILD_DIR/converters/img2sixel' --threads=12 --precision=8bit --quality=high '--loaders=builtin!' --diffusion=none --gpu-policy=off --palette-type=rgb -w 1920 -h 1080 --encode-policy auto -p 256 -o /dev/null -J '{timeline}' '$TOP_SRCDIR/images/snake.png'
a639171f5a3ab8207dbb5450edb8b0a000e1f1c0,macOS-26.5.1-arm64-arm-64bit,images/snake.png,1920,1080,fast,fast,#009E73,1,17,33,0.105231,0.127763,0.022532,180,180,'$BUILD_DIR/converters/img2sixel' --threads=1 --precision=8bit --quality=high '--loaders=builtin!' --diffusion=none --gpu-policy=off --palette-type=rgb -w 1920 -h 1080 --encode-policy fast -p 256 -o /dev/null -J '{timeline}' '$TOP_SRCDIR/images/snake.png'
a639171f5a3ab8207dbb5450edb8b0a000e1f1c0,macOS-26.5.1-arm64-arm-64bit,images/snake.png,1920,1080,fast,fast,#009E73,2,17,34,0.099229,0.113357,0.014128,180,180,'$BUILD_DIR/converters/img2sixel' --threads=2 --precision=8bit --quality=high '--loaders=builtin!' --diffusion=none --gpu-policy=off --palette-type=rgb -w 1920 -h 1080 --encode-policy fast -p 256 -o /dev/null -J '{timeline}' '$TOP_SRCDIR/images/snake.png'
a639171f5a3ab8207dbb5450edb8b0a000e1f1c0,macOS-26.5.1-arm64-arm-64bit,images/snake.png,1920,1080,fast,fast,#009E73,3,17,35,0.049757,0.104748,0.054991,180,180,'$BUILD_DIR/converters/img2sixel' --threads=3 --precision=8bit --quality=high '--loaders=builtin!' --diffusion=none --gpu-policy=off --palette-type=rgb -w 1920 -h 1080 --encode-policy fast -p 256 -o /dev/null -J '{timeline}' '$TOP_SRCDIR/images/snake.png'
a639171f5a3ab8207dbb5450edb8b0a000e1f1c0,macOS-26.5.1-arm64-arm-64bit,images/snake.png,1920,1080,fast,fast,#009E73,4,17,36,0.038502,0.078926,0.040424,180,180,'$BUILD_DIR/converters/img2sixel' --threads=4 --precision=8bit --quality=high '--loaders=builtin!' --diffusion=none --gpu-policy=off --palette-type=rgb -w 1920 -h 1080 --encode-policy fast -p 256 -o /dev/null -J '{timeline}' '$TOP_SRCDIR/images/snake.png'
a639171f5a3ab8207dbb5450edb8b0a000e1f1c0,macOS-26.5.1-arm64-arm-64bit,images/snake.png,1920,1080,fast,fast,#009E73,5,18,1,0.038596,0.068162,0.029566,180,180,'$BUILD_DIR/converters/img2sixel' --threads=5 --precision=8bit --quality=high '--loaders=builtin!' --diffusion=none --gpu-policy=off --palette-type=rgb -w 1920 -h 1080 --encode-policy fast -p 256 -o /dev/null -J '{timeline}' '$TOP_SRCDIR/images/snake.png'
a639171f5a3ab8207dbb5450edb8b0a000e1f1c0,macOS-26.5.1-arm64-arm-64bit,images/snake.png,1920,1080,fast,fast,#009E73,4,18,2,0.037759,0.077801,0.040042,180,180,'$BUILD_DIR/converters/img2sixel' --threads=4 --precision=8bit --quality=high '--loaders=builtin!' --diffusion=none --gpu-policy=off --palette-type=rgb -w 1920 -h 1080 --encode-policy fast -p 256 -o /dev/null -J '{timeline}' '$TOP_SRCDIR/images/snake.png'
a639171f5a3ab8207dbb5450edb8b0a000e1f1c0,macOS-26.5.1-arm64-arm-64bit,images/snake.png,1920,1080,fast,fast,#009E73,3,18,3,0.049141,0.103576,0.054435,180,180,'$BUILD_DIR/converters/img2sixel' --threads=3 --precision=8bit --quality=high '--loaders=builtin!' --diffusion=none --gpu-policy=off --palette-type=rgb -w 1920 -h 1080 --encode-policy fast -p 256 -o /dev/null -J '{timeline}' '$TOP_SRCDIR/images/snake.png'
a639171f5a3ab8207dbb5450edb8b0a000e1f1c0,macOS-26.5.1-arm64-arm-64bit,images/snake.png,1920,1080,fast,fast,#009E73,2,18,4,0.102174,0.116692,0.014518,180,180,'$BUILD_DIR/converters/img2sixel' --threads=2 --precision=8bit --quality=high '--loaders=builtin!' --diffusion=none --gpu-policy=off --palette-type=rgb -w 1920 -h 1080 --encode-policy fast -p 256 -o /dev/null -J '{timeline}' '$TOP_SRCDIR/images/snake.png'
a639171f5a3ab8207dbb5450edb8b0a000e1f1c0,macOS-26.5.1-arm64-arm-64bit,images/snake.png,1920,1080,fast,fast,#009E73,1,18,5,0.106091,0.129261,0.02317,180,180,'$BUILD_DIR/converters/img2sixel' --threads=1 --precision=8bit --quality=high '--loaders=builtin!' --diffusion=none --gpu-policy=off --palette-type=rgb -w 1920 -h 1080 --encode-policy fast -p 256 -o /dev/null -J '{timeline}' '$TOP_SRCDIR/images/snake.png'
a639171f5a3ab8207dbb5450edb8b0a000e1f1c0,macOS-26.5.1-arm64-arm-64bit,images/snake.png,1920,1080,auto,auto,#0072B2,12,18,6,0.037992,0.055855,0.017863,180,180,'$BUILD_DIR/converters/img2sixel' --threads=12 --precision=8bit --quality=high '--loaders=builtin!' --diffusion=none --gpu-policy=off --palette-type=rgb -w 1920 -h 1080 --encode-policy auto -p 256 -o /dev/null -J '{timeline}' '$TOP_SRCDIR/images/snake.png'
a639171f5a3ab8207dbb5450edb8b0a000e1f1c0,macOS-26.5.1-arm64-arm-64bit,images/snake.png,1920,1080,auto,auto,#0072B2,11,18,7,0.037317,0.056192,0.018875,180,180,'$BUILD_DIR/converters/img2sixel' --threads=11 --precision=8bit --quality=high '--loaders=builtin!' --diffusion=none --gpu-policy=off --palette-type=rgb -w 1920 -h 1080 --encode-policy auto -p 256 -o /dev/null -J '{timeline}' '$TOP_SRCDIR/images/snake.png'
a639171f5a3ab8207dbb5450edb8b0a000e1f1c0,macOS-26.5.1-arm64-arm-64bit,images/snake.png,1920,1080,auto,auto,#0072B2,10,18,8,0.038984,0.059801,0.020817,180,180,'$BUILD_DIR/converters/img2sixel' --threads=10 --precision=8bit --quality=high '--loaders=builtin!' --diffusion=none --gpu-policy=off --palette-type=rgb -w 1920 -h 1080 --encode-policy auto -p 256 -o /dev/null -J '{timeline}' '$TOP_SRCDIR/images/snake.png'
a639171f5a3ab8207dbb5450edb8b0a000e1f1c0,macOS-26.5.1-arm64-arm-64bit,images/snake.png,1920,1080,auto,auto,#0072B2,9,18,9,0.03923,0.060362,0.021132,180,180,'$BUILD_DIR/converters/img2sixel' --threads=9 --precision=8bit --quality=high '--loaders=builtin!' --diffusion=none --gpu-policy=off --palette-type=rgb -w 1920 -h 1080 --encode-policy auto -p 256 -o /dev/null -J '{timeline}' '$TOP_SRCDIR/images/snake.png'
a639171f5a3ab8207dbb5450edb8b0a000e1f1c0,macOS-26.5.1-arm64-arm-64bit,images/snake.png,1920,1080,auto,auto,#0072B2,8,18,10,0.038575,0.060131,0.021556,180,180,'$BUILD_DIR/converters/img2sixel' --threads=8 --precision=8bit --quality=high '--loaders=builtin!' --diffusion=none --gpu-policy=off --palette-type=rgb -w 1920 -h 1080 --encode-policy auto -p 256 -o /dev/null -J '{timeline}' '$TOP_SRCDIR/images/snake.png'
a639171f5a3ab8207dbb5450edb8b0a000e1f1c0,macOS-26.5.1-arm64-arm-64bit,images/snake.png,1920,1080,auto,auto,#0072B2,7,18,11,0.039034,0.063718,0.024684,180,180,'$BUILD_DIR/converters/img2sixel' --threads=7 --precision=8bit --quality=high '--loaders=builtin!' --diffusion=none --gpu-policy=off --palette-type=rgb -w 1920 -h 1080 --encode-policy auto -p 256 -o /dev/null -J '{timeline}' '$TOP_SRCDIR/images/snake.png'
a639171f5a3ab8207dbb5450edb8b0a000e1f1c0,macOS-26.5.1-arm64-arm-64bit,images/snake.png,1920,1080,auto,auto,#0072B2,6,18,12,0.038759,0.065851,0.027092,180,180,'$BUILD_DIR/converters/img2sixel' --threads=6 --precision=8bit --quality=high '--loaders=builtin!' --diffusion=none --gpu-policy=off --palette-type=rgb -w 1920 -h 1080 --encode-policy auto -p 256 -o /dev/null -J '{timeline}' '$TOP_SRCDIR/images/snake.png'
a639171f5a3ab8207dbb5450edb8b0a000e1f1c0,macOS-26.5.1-arm64-arm-64bit,images/snake.png,1920,1080,auto,auto,#0072B2,5,18,13,0.038549,0.067172,0.028623,180,180,'$BUILD_DIR/converters/img2sixel' --threads=5 --precision=8bit --quality=high '--loaders=builtin!' --diffusion=none --gpu-policy=off --palette-type=rgb -w 1920 -h 1080 --encode-policy auto -p 256 -o /dev/null -J '{timeline}' '$TOP_SRCDIR/images/snake.png'
a639171f5a3ab8207dbb5450edb8b0a000e1f1c0,macOS-26.5.1-arm64-arm-64bit,images/snake.png,1920,1080,auto,auto,#0072B2,4,18,14,0.039953,0.080342,0.040389,180,180,'$BUILD_DIR/converters/img2sixel' --threads=4 --precision=8bit --quality=high '--loaders=builtin!' --diffusion=none --gpu-policy=off --palette-type=rgb -w 1920 -h 1080 --encode-policy auto -p 256 -o /dev/null -J '{timeline}' '$TOP_SRCDIR/images/snake.png'
a639171f5a3ab8207dbb5450edb8b0a000e1f1c0,macOS-26.5.1-arm64-arm-64bit,images/snake.png,1920,1080,auto,auto,#0072B2,3,18,15,0.050206,0.105852,0.055646,180,180,'$BUILD_DIR/converters/img2sixel' --threads=3 --precision=8bit --quality=high '--loaders=builtin!' --diffusion=none --gpu-policy=off --palette-type=rgb -w 1920 -h 1080 --encode-policy auto -p 256 -o /dev/null -J '{timeline}' '$TOP_SRCDIR/images/snake.png'
a639171f5a3ab8207dbb5450edb8b0a000e1f1c0,macOS-26.5.1-arm64-arm-64bit,images/snake.png,1920,1080,auto,auto,#0072B2,2,18,16,0.100559,0.115085,0.014526,180,180,'$BUILD_DIR/converters/img2sixel' --threads=2 --precision=8bit --quality=high '--loaders=builtin!' --diffusion=none --gpu-policy=off --palette-type=rgb -w 1920 -h 1080 --encode-policy auto -p 256 -o /dev/null -J '{timeline}' '$TOP_SRCDIR/images/snake.png'
a639171f5a3ab8207dbb5450edb8b0a000e1f1c0,macOS-26.5.1-arm64-arm-64bit,images/snake.png,1920,1080,auto,auto,#0072B2,1,18,17,0.104494,0.127495,0.023001,180,180,'$BUILD_DIR/converters/img2sixel' --threads=1 --precision=8bit --quality=high '--loaders=builtin!' --diffusion=none --gpu-policy=off --palette-type=rgb -w 1920 -h 1080 --encode-policy auto -p 256 -o /dev/null -J '{timeline}' '$TOP_SRCDIR/images/snake.png'
a639171f5a3ab8207dbb5450edb8b0a000e1f1c0,macOS-26.5.1-arm64-arm-64bit,images/snake.png,1920,1080,size,size,#D55E00,12,18,18,0.037919,0.056456,0.018537,180,180,'$BUILD_DIR/converters/img2sixel' --threads=12 --precision=8bit --quality=high '--loaders=builtin!' --diffusion=none --gpu-policy=off --palette-type=rgb -w 1920 -h 1080 --encode-policy size -p 256 -o /dev/null -J '{timeline}' '$TOP_SRCDIR/images/snake.png'
a639171f5a3ab8207dbb5450edb8b0a000e1f1c0,macOS-26.5.1-arm64-arm-64bit,images/snake.png,1920,1080,size,size,#D55E00,11,18,19,0.037808,0.057742,0.019934,180,180,'$BUILD_DIR/converters/img2sixel' --threads=11 --precision=8bit --quality=high '--loaders=builtin!' --diffusion=none --gpu-policy=off --palette-type=rgb -w 1920 -h 1080 --encode-policy size -p 256 -o /dev/null -J '{timeline}' '$TOP_SRCDIR/images/snake.png'
a639171f5a3ab8207dbb5450edb8b0a000e1f1c0,macOS-26.5.1-arm64-arm-64bit,images/snake.png,1920,1080,size,size,#D55E00,10,18,20,0.04008,0.06008,0.02,180,180,'$BUILD_DIR/converters/img2sixel' --threads=10 --precision=8bit --quality=high '--loaders=builtin!' --diffusion=none --gpu-policy=off --palette-type=rgb -w 1920 -h 1080 --encode-policy size -p 256 -o /dev/null -J '{timeline}' '$TOP_SRCDIR/images/snake.png'
a639171f5a3ab8207dbb5450edb8b0a000e1f1c0,macOS-26.5.1-arm64-arm-64bit,images/snake.png,1920,1080,size,size,#D55E00,9,18,21,0.039078,0.060057,0.020979,180,180,'$BUILD_DIR/converters/img2sixel' --threads=9 --precision=8bit --quality=high '--loaders=builtin!' --diffusion=none --gpu-policy=off --palette-type=rgb -w 1920 -h 1080 --encode-policy size -p 256 -o /dev/null -J '{timeline}' '$TOP_SRCDIR/images/snake.png'
a639171f5a3ab8207dbb5450edb8b0a000e1f1c0,macOS-26.5.1-arm64-arm-64bit,images/snake.png,1920,1080,size,size,#D55E00,8,18,22,0.039181,0.062154,0.022973,180,180,'$BUILD_DIR/converters/img2sixel' --threads=8 --precision=8bit --quality=high '--loaders=builtin!' --diffusion=none --gpu-policy=off --palette-type=rgb -w 1920 -h 1080 --encode-policy size -p 256 -o /dev/null -J '{timeline}' '$TOP_SRCDIR/images/snake.png'
a639171f5a3ab8207dbb5450edb8b0a000e1f1c0,macOS-26.5.1-arm64-arm-64bit,images/snake.png,1920,1080,size,size,#D55E00,7,18,23,0.038822,0.065056,0.026234,180,180,'$BUILD_DIR/converters/img2sixel' --threads=7 --precision=8bit --quality=high '--loaders=builtin!' --diffusion=none --gpu-policy=off --palette-type=rgb -w 1920 -h 1080 --encode-policy size -p 256 -o /dev/null -J '{timeline}' '$TOP_SRCDIR/images/snake.png'
a639171f5a3ab8207dbb5450edb8b0a000e1f1c0,macOS-26.5.1-arm64-arm-64bit,images/snake.png,1920,1080,size,size,#D55E00,6,18,24,0.037844,0.065623,0.027779,180,180,'$BUILD_DIR/converters/img2sixel' --threads=6 --precision=8bit --quality=high '--loaders=builtin!' --diffusion=none --gpu-policy=off --palette-type=rgb -w 1920 -h 1080 --encode-policy size -p 256 -o /dev/null -J '{timeline}' '$TOP_SRCDIR/images/snake.png'
a639171f5a3ab8207dbb5450edb8b0a000e1f1c0,macOS-26.5.1-arm64-arm-64bit,images/snake.png,1920,1080,size,size,#D55E00,5,18,25,0.039396,0.06883,0.029434,180,180,'$BUILD_DIR/converters/img2sixel' --threads=5 --precision=8bit --quality=high '--loaders=builtin!' --diffusion=none --gpu-policy=off --palette-type=rgb -w 1920 -h 1080 --encode-policy size -p 256 -o /dev/null -J '{timeline}' '$TOP_SRCDIR/images/snake.png'
a639171f5a3ab8207dbb5450edb8b0a000e1f1c0,macOS-26.5.1-arm64-arm-64bit,images/snake.png,1920,1080,size,size,#D55E00,4,18,26,0.038421,0.077378,0.038957,180,180,'$BUILD_DIR/converters/img2sixel' --threads=4 --precision=8bit --quality=high '--loaders=builtin!' --diffusion=none --gpu-policy=off --palette-type=rgb -w 1920 -h 1080 --encode-policy size -p 256 -o /dev/null -J '{timeline}' '$TOP_SRCDIR/images/snake.png'
a639171f5a3ab8207dbb5450edb8b0a000e1f1c0,macOS-26.5.1-arm64-arm-64bit,images/snake.png,1920,1080,size,size,#D55E00,3,18,27,0.049131,0.101338,0.052207,180,180,'$BUILD_DIR/converters/img2sixel' --threads=3 --precision=8bit --quality=high '--loaders=builtin!' --diffusion=none --gpu-policy=off --palette-type=rgb -w 1920 -h 1080 --encode-policy size -p 256 -o /dev/null -J '{timeline}' '$TOP_SRCDIR/images/snake.png'
a639171f5a3ab8207dbb5450edb8b0a000e1f1c0,macOS-26.5.1-arm64-arm-64bit,images/snake.png,1920,1080,size,size,#D55E00,2,18,28,0.101009,0.114723,0.013714,180,180,'$BUILD_DIR/converters/img2sixel' --threads=2 --precision=8bit --quality=high '--loaders=builtin!' --diffusion=none --gpu-policy=off --palette-type=rgb -w 1920 -h 1080 --encode-policy size -p 256 -o /dev/null -J '{timeline}' '$TOP_SRCDIR/images/snake.png'
a639171f5a3ab8207dbb5450edb8b0a000e1f1c0,macOS-26.5.1-arm64-arm-64bit,images/snake.png,1920,1080,size,size,#D55E00,1,18,29,0.102604,0.124841,0.022237,180,180,'$BUILD_DIR/converters/img2sixel' --threads=1 --precision=8bit --quality=high '--loaders=builtin!' --diffusion=none --gpu-policy=off --palette-type=rgb -w 1920 -h 1080 --encode-policy size -p 256 -o /dev/null -J '{timeline}' '$TOP_SRCDIR/images/snake.png'
a639171f5a3ab8207dbb5450edb8b0a000e1f1c0,macOS-26.5.1-arm64-arm-64bit,images/snake.png,1920,1080,fast,fast,#009E73,12,18,30,0.039361,0.057693,0.018332,180,180,'$BUILD_DIR/converters/img2sixel' --threads=12 --precision=8bit --quality=high '--loaders=builtin!' --diffusion=none --gpu-policy=off --palette-type=rgb -w 1920 -h 1080 --encode-policy fast -p 256 -o /dev/null -J '{timeline}' '$TOP_SRCDIR/images/snake.png'
a639171f5a3ab8207dbb5450edb8b0a000e1f1c0,macOS-26.5.1-arm64-arm-64bit,images/snake.png,1920,1080,fast,fast,#009E73,11,18,31,0.038227,0.056418,0.018191,180,180,'$BUILD_DIR/converters/img2sixel' --threads=11 --precision=8bit --quality=high '--loaders=builtin!' --diffusion=none --gpu-policy=off --palette-type=rgb -w 1920 -h 1080 --encode-policy fast -p 256 -o /dev/null -J '{timeline}' '$TOP_SRCDIR/images/snake.png'
a639171f5a3ab8207dbb5450edb8b0a000e1f1c0,macOS-26.5.1-arm64-arm-64bit,images/snake.png,1920,1080,fast,fast,#009E73,10,18,32,0.038257,0.058118,0.019861,180,180,'$BUILD_DIR/converters/img2sixel' --threads=10 --precision=8bit --quality=high '--loaders=builtin!' --diffusion=none --gpu-policy=off --palette-type=rgb -w 1920 -h 1080 --encode-policy fast -p 256 -o /dev/null -J '{timeline}' '$TOP_SRCDIR/images/snake.png'
a639171f5a3ab8207dbb5450edb8b0a000e1f1c0,macOS-26.5.1-arm64-arm-64bit,images/snake.png,1920,1080,fast,fast,#009E73,9,18,33,0.038485,0.059555,0.02107,180,180,'$BUILD_DIR/converters/img2sixel' --threads=9 --precision=8bit --quality=high '--loaders=builtin!' --diffusion=none --gpu-policy=off --palette-type=rgb -w 1920 -h 1080 --encode-policy fast -p 256 -o /dev/null -J '{timeline}' '$TOP_SRCDIR/images/snake.png'
a639171f5a3ab8207dbb5450edb8b0a000e1f1c0,macOS-26.5.1-arm64-arm-64bit,images/snake.png,1920,1080,fast,fast,#009E73,8,18,34,0.038433,0.060204,0.021771,180,180,'$BUILD_DIR/converters/img2sixel' --threads=8 --precision=8bit --quality=high '--loaders=builtin!' --diffusion=none --gpu-policy=off --palette-type=rgb -w 1920 -h 1080 --encode-policy fast -p 256 -o /dev/null -J '{timeline}' '$TOP_SRCDIR/images/snake.png'
a639171f5a3ab8207dbb5450edb8b0a000e1f1c0,macOS-26.5.1-arm64-arm-64bit,images/snake.png,1920,1080,fast,fast,#009E73,7,18,35,0.037384,0.062836,0.025452,180,180,'$BUILD_DIR/converters/img2sixel' --threads=7 --precision=8bit --quality=high '--loaders=builtin!' --diffusion=none --gpu-policy=off --palette-type=rgb -w 1920 -h 1080 --encode-policy fast -p 256 -o /dev/null -J '{timeline}' '$TOP_SRCDIR/images/snake.png'
a639171f5a3ab8207dbb5450edb8b0a000e1f1c0,macOS-26.5.1-arm64-arm-64bit,images/snake.png,1920,1080,fast,fast,#009E73,6,18,36,0.038523,0.066768,0.028245,180,180,'$BUILD_DIR/converters/img2sixel' --threads=6 --precision=8bit --quality=high '--loaders=builtin!' --diffusion=none --gpu-policy=off --palette-type=rgb -w 1920 -h 1080 --encode-policy fast -p 256 -o /dev/null -J '{timeline}' '$TOP_SRCDIR/images/snake.png'
a639171f5a3ab8207dbb5450edb8b0a000e1f1c0,macOS-26.5.1-arm64-arm-64bit,images/snake.png,1920,1080,fast,fast,#009E73,7,19,1,0.039724,0.064175,0.024451,180,180,'$BUILD_DIR/converters/img2sixel' --threads=7 --precision=8bit --quality=high '--loaders=builtin!' --diffusion=none --gpu-policy=off --palette-type=rgb -w 1920 -h 1080 --encode-policy fast -p 256 -o /dev/null -J '{timeline}' '$TOP_SRCDIR/images/snake.png'
a639171f5a3ab8207dbb5450edb8b0a000e1f1c0,macOS-26.5.1-arm64-arm-64bit,images/snake.png,1920,1080,fast,fast,#009E73,8,19,2,0.039493,0.062203,0.02271,180,180,'$BUILD_DIR/converters/img2sixel' --threads=8 --precision=8bit --quality=high '--loaders=builtin!' --diffusion=none --gpu-policy=off --palette-type=rgb -w 1920 -h 1080 --encode-policy fast -p 256 -o /dev/null -J '{timeline}' '$TOP_SRCDIR/images/snake.png'
a639171f5a3ab8207dbb5450edb8b0a000e1f1c0,macOS-26.5.1-arm64-arm-64bit,images/snake.png,1920,1080,fast,fast,#009E73,9,19,3,0.038299,0.058395,0.020096,180,180,'$BUILD_DIR/converters/img2sixel' --threads=9 --precision=8bit --quality=high '--loaders=builtin!' --diffusion=none --gpu-policy=off --palette-type=rgb -w 1920 -h 1080 --encode-policy fast -p 256 -o /dev/null -J '{timeline}' '$TOP_SRCDIR/images/snake.png'
a639171f5a3ab8207dbb5450edb8b0a000e1f1c0,macOS-26.5.1-arm64-arm-64bit,images/snake.png,1920,1080,fast,fast,#009E73,10,19,4,0.039457,0.059825,0.020368,180,180,'$BUILD_DIR/converters/img2sixel' --threads=10 --precision=8bit --quality=high '--loaders=builtin!' --diffusion=none --gpu-policy=off --palette-type=rgb -w 1920 -h 1080 --encode-policy fast -p 256 -o /dev/null -J '{timeline}' '$TOP_SRCDIR/images/snake.png'
a639171f5a3ab8207dbb5450edb8b0a000e1f1c0,macOS-26.5.1-arm64-arm-64bit,images/snake.png,1920,1080,fast,fast,#009E73,11,19,5,0.039998,0.059078,0.01908,180,180,'$BUILD_DIR/converters/img2sixel' --threads=11 --precision=8bit --quality=high '--loaders=builtin!' --diffusion=none --gpu-policy=off --palette-type=rgb -w 1920 -h 1080 --encode-policy fast -p 256 -o /dev/null -J '{timeline}' '$TOP_SRCDIR/images/snake.png'
a639171f5a3ab8207dbb5450edb8b0a000e1f1c0,macOS-26.5.1-arm64-arm-64bit,images/snake.png,1920,1080,fast,fast,#009E73,12,19,6,0.039499,0.057922,0.018423,180,180,'$BUILD_DIR/converters/img2sixel' --threads=12 --precision=8bit --quality=high '--loaders=builtin!' --diffusion=none --gpu-policy=off --palette-type=rgb -w 1920 -h 1080 --encode-policy fast -p 256 -o /dev/null -J '{timeline}' '$TOP_SRCDIR/images/snake.png'
a639171f5a3ab8207dbb5450edb8b0a000e1f1c0,macOS-26.5.1-arm64-arm-64bit,images/snake.png,1920,1080,size,size,#D55E00,1,19,7,0.104504,0.126905,0.022401,180,180,'$BUILD_DIR/converters/img2sixel' --threads=1 --precision=8bit --quality=high '--loaders=builtin!' --diffusion=none --gpu-policy=off --palette-type=rgb -w 1920 -h 1080 --encode-policy size -p 256 -o /dev/null -J '{timeline}' '$TOP_SRCDIR/images/snake.png'
a639171f5a3ab8207dbb5450edb8b0a000e1f1c0,macOS-26.5.1-arm64-arm-64bit,images/snake.png,1920,1080,size,size,#D55E00,2,19,8,0.098012,0.112217,0.014205,180,180,'$BUILD_DIR/converters/img2sixel' --threads=2 --precision=8bit --quality=high '--loaders=builtin!' --diffusion=none --gpu-policy=off --palette-type=rgb -w 1920 -h 1080 --encode-policy size -p 256 -o /dev/null -J '{timeline}' '$TOP_SRCDIR/images/snake.png'
a639171f5a3ab8207dbb5450edb8b0a000e1f1c0,macOS-26.5.1-arm64-arm-64bit,images/snake.png,1920,1080,size,size,#D55E00,3,19,9,0.049568,0.102217,0.052649,180,180,'$BUILD_DIR/converters/img2sixel' --threads=3 --precision=8bit --quality=high '--loaders=builtin!' --diffusion=none --gpu-policy=off --palette-type=rgb -w 1920 -h 1080 --encode-policy size -p 256 -o /dev/null -J '{timeline}' '$TOP_SRCDIR/images/snake.png'
a639171f5a3ab8207dbb5450edb8b0a000e1f1c0,macOS-26.5.1-arm64-arm-64bit,images/snake.png,1920,1080,size,size,#D55E00,4,19,10,0.040009,0.081158,0.041149,180,180,'$BUILD_DIR/converters/img2sixel' --threads=4 --precision=8bit --quality=high '--loaders=builtin!' --diffusion=none --gpu-policy=off --palette-type=rgb -w 1920 -h 1080 --encode-policy size -p 256 -o /dev/null -J '{timeline}' '$TOP_SRCDIR/images/snake.png'
a639171f5a3ab8207dbb5450edb8b0a000e1f1c0,macOS-26.5.1-arm64-arm-64bit,images/snake.png,1920,1080,size,size,#D55E00,5,19,11,0.039638,0.067382,0.027744,180,180,'$BUILD_DIR/converters/img2sixel' --threads=5 --precision=8bit --quality=high '--loaders=builtin!' --diffusion=none --gpu-policy=off --palette-type=rgb -w 1920 -h 1080 --encode-policy size -p 256 -o /dev/null -J '{timeline}' '$TOP_SRCDIR/images/snake.png'
a639171f5a3ab8207dbb5450edb8b0a000e1f1c0,macOS-26.5.1-arm64-arm-64bit,images/snake.png,1920,1080,size,size,#D55E00,6,19,12,0.038435,0.065372,0.026937,180,180,'$BUILD_DIR/converters/img2sixel' --threads=6 --precision=8bit --quality=high '--loaders=builtin!' --diffusion=none --gpu-policy=off --palette-type=rgb -w 1920 -h 1080 --encode-policy size -p 256 -o /dev/null -J '{timeline}' '$TOP_SRCDIR/images/snake.png'
a639171f5a3ab8207dbb5450edb8b0a000e1f1c0,macOS-26.5.1-arm64-arm-64bit,images/snake.png,1920,1080,size,size,#D55E00,7,19,13,0.037812,0.063334,0.025522,180,180,'$BUILD_DIR/converters/img2sixel' --threads=7 --precision=8bit --quality=high '--loaders=builtin!' --diffusion=none --gpu-policy=off --palette-type=rgb -w 1920 -h 1080 --encode-policy size -p 256 -o /dev/null -J '{timeline}' '$TOP_SRCDIR/images/snake.png'
a639171f5a3ab8207dbb5450edb8b0a000e1f1c0,macOS-26.5.1-arm64-arm-64bit,images/snake.png,1920,1080,size,size,#D55E00,8,19,14,0.038444,0.062326,0.023882,180,180,'$BUILD_DIR/converters/img2sixel' --threads=8 --precision=8bit --quality=high '--loaders=builtin!' --diffusion=none --gpu-policy=off --palette-type=rgb -w 1920 -h 1080 --encode-policy size -p 256 -o /dev/null -J '{timeline}' '$TOP_SRCDIR/images/snake.png'
a639171f5a3ab8207dbb5450edb8b0a000e1f1c0,macOS-26.5.1-arm64-arm-64bit,images/snake.png,1920,1080,size,size,#D55E00,9,19,15,0.037162,0.059329,0.022167,180,180,'$BUILD_DIR/converters/img2sixel' --threads=9 --precision=8bit --quality=high '--loaders=builtin!' --diffusion=none --gpu-policy=off --palette-type=rgb -w 1920 -h 1080 --encode-policy size -p 256 -o /dev/null -J '{timeline}' '$TOP_SRCDIR/images/snake.png'
a639171f5a3ab8207dbb5450edb8b0a000e1f1c0,macOS-26.5.1-arm64-arm-64bit,images/snake.png,1920,1080,size,size,#D55E00,10,19,16,0.038808,0.059111,0.020303,180,180,'$BUILD_DIR/converters/img2sixel' --threads=10 --precision=8bit --quality=high '--loaders=builtin!' --diffusion=none --gpu-policy=off --palette-type=rgb -w 1920 -h 1080 --encode-policy size -p 256 -o /dev/null -J '{timeline}' '$TOP_SRCDIR/images/snake.png'
a639171f5a3ab8207dbb5450edb8b0a000e1f1c0,macOS-26.5.1-arm64-arm-64bit,images/snake.png,1920,1080,size,size,#D55E00,11,19,17,0.038054,0.05632,0.018266,180,180,'$BUILD_DIR/converters/img2sixel' --threads=11 --precision=8bit --quality=high '--loaders=builtin!' --diffusion=none --gpu-policy=off --palette-type=rgb -w 1920 -h 1080 --encode-policy size -p 256 -o /dev/null -J '{timeline}' '$TOP_SRCDIR/images/snake.png'
a639171f5a3ab8207dbb5450edb8b0a000e1f1c0,macOS-26.5.1-arm64-arm-64bit,images/snake.png,1920,1080,size,size,#D55E00,12,19,18,0.038754,0.057205,0.018451,180,180,'$BUILD_DIR/converters/img2sixel' --threads=12 --precision=8bit --quality=high '--loaders=builtin!' --diffusion=none --gpu-policy=off --palette-type=rgb -w 1920 -h 1080 --encode-policy size -p 256 -o /dev/null -J '{timeline}' '$TOP_SRCDIR/images/snake.png'
a639171f5a3ab8207dbb5450edb8b0a000e1f1c0,macOS-26.5.1-arm64-arm-64bit,images/snake.png,1920,1080,auto,auto,#0072B2,1,19,19,0.103097,0.124792,0.021695,180,180,'$BUILD_DIR/converters/img2sixel' --threads=1 --precision=8bit --quality=high '--loaders=builtin!' --diffusion=none --gpu-policy=off --palette-type=rgb -w 1920 -h 1080 --encode-policy auto -p 256 -o /dev/null -J '{timeline}' '$TOP_SRCDIR/images/snake.png'
a639171f5a3ab8207dbb5450edb8b0a000e1f1c0,macOS-26.5.1-arm64-arm-64bit,images/snake.png,1920,1080,auto,auto,#0072B2,2,19,20,0.100381,0.114426,0.014045,180,180,'$BUILD_DIR/converters/img2sixel' --threads=2 --precision=8bit --quality=high '--loaders=builtin!' --diffusion=none --gpu-policy=off --palette-type=rgb -w 1920 -h 1080 --encode-policy auto -p 256 -o /dev/null -J '{timeline}' '$TOP_SRCDIR/images/snake.png'
a639171f5a3ab8207dbb5450edb8b0a000e1f1c0,macOS-26.5.1-arm64-arm-64bit,images/snake.png,1920,1080,auto,auto,#0072B2,3,19,21,0.049821,0.106132,0.056311,180,180,'$BUILD_DIR/converters/img2sixel' --threads=3 --precision=8bit --quality=high '--loaders=builtin!' --diffusion=none --gpu-policy=off --palette-type=rgb -w 1920 -h 1080 --encode-policy auto -p 256 -o /dev/null -J '{timeline}' '$TOP_SRCDIR/images/snake.png'
a639171f5a3ab8207dbb5450edb8b0a000e1f1c0,macOS-26.5.1-arm64-arm-64bit,images/snake.png,1920,1080,auto,auto,#0072B2,4,19,22,0.037967,0.097823,0.059856,180,180,'$BUILD_DIR/converters/img2sixel' --threads=4 --precision=8bit --quality=high '--loaders=builtin!' --diffusion=none --gpu-policy=off --palette-type=rgb -w 1920 -h 1080 --encode-policy auto -p 256 -o /dev/null -J '{timeline}' '$TOP_SRCDIR/images/snake.png'
a639171f5a3ab8207dbb5450edb8b0a000e1f1c0,macOS-26.5.1-arm64-arm-64bit,images/snake.png,1920,1080,auto,auto,#0072B2,5,19,23,0.0385,0.068698,0.030198,180,180,'$BUILD_DIR/converters/img2sixel' --threads=5 --precision=8bit --quality=high '--loaders=builtin!' --diffusion=none --gpu-policy=off --palette-type=rgb -w 1920 -h 1080 --encode-policy auto -p 256 -o /dev/null -J '{timeline}' '$TOP_SRCDIR/images/snake.png'
a639171f5a3ab8207dbb5450edb8b0a000e1f1c0,macOS-26.5.1-arm64-arm-64bit,images/snake.png,1920,1080,auto,auto,#0072B2,6,19,24,0.038491,0.068858,0.030367,180,180,'$BUILD_DIR/converters/img2sixel' --threads=6 --precision=8bit --quality=high '--loaders=builtin!' --diffusion=none --gpu-policy=off --palette-type=rgb -w 1920 -h 1080 --encode-policy auto -p 256 -o /dev/null -J '{timeline}' '$TOP_SRCDIR/images/snake.png'
a639171f5a3ab8207dbb5450edb8b0a000e1f1c0,macOS-26.5.1-arm64-arm-64bit,images/snake.png,1920,1080,auto,auto,#0072B2,7,19,25,0.038214,0.06377,0.025556,180,180,'$BUILD_DIR/converters/img2sixel' --threads=7 --precision=8bit --quality=high '--loaders=builtin!' --diffusion=none --gpu-policy=off --palette-type=rgb -w 1920 -h 1080 --encode-policy auto -p 256 -o /dev/null -J '{timeline}' '$TOP_SRCDIR/images/snake.png'
a639171f5a3ab8207dbb5450edb8b0a000e1f1c0,macOS-26.5.1-arm64-arm-64bit,images/snake.png,1920,1080,auto,auto,#0072B2,8,19,26,0.03757,0.060528,0.022958,180,180,'$BUILD_DIR/converters/img2sixel' --threads=8 --precision=8bit --quality=high '--loaders=builtin!' --diffusion=none --gpu-policy=off --palette-type=rgb -w 1920 -h 1080 --encode-policy auto -p 256 -o /dev/null -J '{timeline}' '$TOP_SRCDIR/images/snake.png'
a639171f5a3ab8207dbb5450edb8b0a000e1f1c0,macOS-26.5.1-arm64-arm-64bit,images/snake.png,1920,1080,auto,auto,#0072B2,9,19,27,0.038777,0.059584,0.020807,180,180,'$BUILD_DIR/converters/img2sixel' --threads=9 --precision=8bit --quality=high '--loaders=builtin!' --diffusion=none --gpu-policy=off --palette-type=rgb -w 1920 -h 1080 --encode-policy auto -p 256 -o /dev/null -J '{timeline}' '$TOP_SRCDIR/images/snake.png'
a639171f5a3ab8207dbb5450edb8b0a000e1f1c0,macOS-26.5.1-arm64-arm-64bit,images/snake.png,1920,1080,auto,auto,#0072B2,10,19,28,0.037799,0.057284,0.019485,180,180,'$BUILD_DIR/converters/img2sixel' --threads=10 --precision=8bit --quality=high '--loaders=builtin!' --diffusion=none --gpu-policy=off --palette-type=rgb -w 1920 -h 1080 --encode-policy auto -p 256 -o /dev/null -J '{timeline}' '$TOP_SRCDIR/images/snake.png'
a639171f5a3ab8207dbb5450edb8b0a000e1f1c0,macOS-26.5.1-arm64-arm-64bit,images/snake.png,1920,1080,auto,auto,#0072B2,11,19,29,0.038123,0.056548,0.018425,180,180,'$BUILD_DIR/converters/img2sixel' --threads=11 --precision=8bit --quality=high '--loaders=builtin!' --diffusion=none --gpu-policy=off --palette-type=rgb -w 1920 -h 1080 --encode-policy auto -p 256 -o /dev/null -J '{timeline}' '$TOP_SRCDIR/images/snake.png'
a639171f5a3ab8207dbb5450edb8b0a000e1f1c0,macOS-26.5.1-arm64-arm-64bit,images/snake.png,1920,1080,auto,auto,#0072B2,12,19,30,0.039126,0.056257,0.017131,180,180,'$BUILD_DIR/converters/img2sixel' --threads=12 --precision=8bit --quality=high '--loaders=builtin!' --diffusion=none --gpu-policy=off --palette-type=rgb -w 1920 -h 1080 --encode-policy auto -p 256 -o /dev/null -J '{timeline}' '$TOP_SRCDIR/images/snake.png'
a639171f5a3ab8207dbb5450edb8b0a000e1f1c0,macOS-26.5.1-arm64-arm-64bit,images/snake.png,1920,1080,fast,fast,#009E73,1,19,31,0.103311,0.126132,0.022821,180,180,'$BUILD_DIR/converters/img2sixel' --threads=1 --precision=8bit --quality=high '--loaders=builtin!' --diffusion=none --gpu-policy=off --palette-type=rgb -w 1920 -h 1080 --encode-policy fast -p 256 -o /dev/null -J '{timeline}' '$TOP_SRCDIR/images/snake.png'
a639171f5a3ab8207dbb5450edb8b0a000e1f1c0,macOS-26.5.1-arm64-arm-64bit,images/snake.png,1920,1080,fast,fast,#009E73,2,19,32,0.098258,0.112583,0.014325,180,180,'$BUILD_DIR/converters/img2sixel' --threads=2 --precision=8bit --quality=high '--loaders=builtin!' --diffusion=none --gpu-policy=off --palette-type=rgb -w 1920 -h 1080 --encode-policy fast -p 256 -o /dev/null -J '{timeline}' '$TOP_SRCDIR/images/snake.png'
a639171f5a3ab8207dbb5450edb8b0a000e1f1c0,macOS-26.5.1-arm64-arm-64bit,images/snake.png,1920,1080,fast,fast,#009E73,3,19,33,0.049271,0.10227,0.052999,180,180,'$BUILD_DIR/converters/img2sixel' --threads=3 --precision=8bit --quality=high '--loaders=builtin!' --diffusion=none --gpu-policy=off --palette-type=rgb -w 1920 -h 1080 --encode-policy fast -p 256 -o /dev/null -J '{timeline}' '$TOP_SRCDIR/images/snake.png'
a639171f5a3ab8207dbb5450edb8b0a000e1f1c0,macOS-26.5.1-arm64-arm-64bit,images/snake.png,1920,1080,fast,fast,#009E73,4,19,34,0.037963,0.078517,0.040554,180,180,'$BUILD_DIR/converters/img2sixel' --threads=4 --precision=8bit --quality=high '--loaders=builtin!' --diffusion=none --gpu-policy=off --palette-type=rgb -w 1920 -h 1080 --encode-policy fast -p 256 -o /dev/null -J '{timeline}' '$TOP_SRCDIR/images/snake.png'
a639171f5a3ab8207dbb5450edb8b0a000e1f1c0,macOS-26.5.1-arm64-arm-64bit,images/snake.png,1920,1080,fast,fast,#009E73,5,19,35,0.037939,0.066371,0.028432,180,180,'$BUILD_DIR/converters/img2sixel' --threads=5 --precision=8bit --quality=high '--loaders=builtin!' --diffusion=none --gpu-policy=off --palette-type=rgb -w 1920 -h 1080 --encode-policy fast -p 256 -o /dev/null -J '{timeline}' '$TOP_SRCDIR/images/snake.png'
a639171f5a3ab8207dbb5450edb8b0a000e1f1c0,macOS-26.5.1-arm64-arm-64bit,images/snake.png,1920,1080,fast,fast,#009E73,6,19,36,0.038805,0.067544,0.028739,180,180,'$BUILD_DIR/converters/img2sixel' --threads=6 --precision=8bit --quality=high '--loaders=builtin!' --diffusion=none --gpu-policy=off --palette-type=rgb -w 1920 -h 1080 --encode-policy fast -p 256 -o /dev/null -J '{timeline}' '$TOP_SRCDIR/images/snake.png'
a639171f5a3ab8207dbb5450edb8b0a000e1f1c0,macOS-26.5.1-arm64-arm-64bit,images/snake.png,1920,1080,fast,fast,#009E73,7,20,1,0.03928,0.065829,0.026549,180,180,'$BUILD_DIR/converters/img2sixel' --threads=7 --precision=8bit --quality=high '--loaders=builtin!' --diffusion=none --gpu-policy=off --palette-type=rgb -w 1920 -h 1080 --encode-policy fast -p 256 -o /dev/null -J '{timeline}' '$TOP_SRCDIR/images/snake.png'
a639171f5a3ab8207dbb5450edb8b0a000e1f1c0,macOS-26.5.1-arm64-arm-64bit,images/snake.png,1920,1080,fast,fast,#009E73,6,20,2,0.038851,0.0647,0.025849,180,180,'$BUILD_DIR/converters/img2sixel' --threads=6 --precision=8bit --quality=high '--loaders=builtin!' --diffusion=none --gpu-policy=off --palette-type=rgb -w 1920 -h 1080 --encode-policy fast -p 256 -o /dev/null -J '{timeline}' '$TOP_SRCDIR/images/snake.png'
a639171f5a3ab8207dbb5450edb8b0a000e1f1c0,macOS-26.5.1-arm64-arm-64bit,images/snake.png,1920,1080,fast,fast,#009E73,5,20,3,0.038896,0.06752,0.028624,180,180,'$BUILD_DIR/converters/img2sixel' --threads=5 --precision=8bit --quality=high '--loaders=builtin!' --diffusion=none --gpu-policy=off --palette-type=rgb -w 1920 -h 1080 --encode-policy fast -p 256 -o /dev/null -J '{timeline}' '$TOP_SRCDIR/images/snake.png'
a639171f5a3ab8207dbb5450edb8b0a000e1f1c0,macOS-26.5.1-arm64-arm-64bit,images/snake.png,1920,1080,fast,fast,#009E73,4,20,4,0.040054,0.080551,0.040497,180,180,'$BUILD_DIR/converters/img2sixel' --threads=4 --precision=8bit --quality=high '--loaders=builtin!' --diffusion=none --gpu-policy=off --palette-type=rgb -w 1920 -h 1080 --encode-policy fast -p 256 -o /dev/null -J '{timeline}' '$TOP_SRCDIR/images/snake.png'
a639171f5a3ab8207dbb5450edb8b0a000e1f1c0,macOS-26.5.1-arm64-arm-64bit,images/snake.png,1920,1080,fast,fast,#009E73,3,20,5,0.049893,0.105531,0.055638,180,180,'$BUILD_DIR/converters/img2sixel' --threads=3 --precision=8bit --quality=high '--loaders=builtin!' --diffusion=none --gpu-policy=off --palette-type=rgb -w 1920 -h 1080 --encode-policy fast -p 256 -o /dev/null -J '{timeline}' '$TOP_SRCDIR/images/snake.png'
a639171f5a3ab8207dbb5450edb8b0a000e1f1c0,macOS-26.5.1-arm64-arm-64bit,images/snake.png,1920,1080,fast,fast,#009E73,2,20,6,0.100212,0.114493,0.014281,180,180,'$BUILD_DIR/converters/img2sixel' --threads=2 --precision=8bit --quality=high '--loaders=builtin!' --diffusion=none --gpu-policy=off --palette-type=rgb -w 1920 -h 1080 --encode-policy fast -p 256 -o /dev/null -J '{timeline}' '$TOP_SRCDIR/images/snake.png'
a639171f5a3ab8207dbb5450edb8b0a000e1f1c0,macOS-26.5.1-arm64-arm-64bit,images/snake.png,1920,1080,fast,fast,#009E73,1,20,7,0.101163,0.123474,0.022311,180,180,'$BUILD_DIR/converters/img2sixel' --threads=1 --precision=8bit --quality=high '--loaders=builtin!' --diffusion=none --gpu-policy=off --palette-type=rgb -w 1920 -h 1080 --encode-policy fast -p 256 -o /dev/null -J '{timeline}' '$TOP_SRCDIR/images/snake.png'
a639171f5a3ab8207dbb5450edb8b0a000e1f1c0,macOS-26.5.1-arm64-arm-64bit,images/snake.png,1920,1080,auto,auto,#0072B2,12,20,8,0.039373,0.057834,0.018461,180,180,'$BUILD_DIR/converters/img2sixel' --threads=12 --precision=8bit --quality=high '--loaders=builtin!' --diffusion=none --gpu-policy=off --palette-type=rgb -w 1920 -h 1080 --encode-policy auto -p 256 -o /dev/null -J '{timeline}' '$TOP_SRCDIR/images/snake.png'
a639171f5a3ab8207dbb5450edb8b0a000e1f1c0,macOS-26.5.1-arm64-arm-64bit,images/snake.png,1920,1080,auto,auto,#0072B2,11,20,9,0.037957,0.056751,0.018794,180,180,'$BUILD_DIR/converters/img2sixel' --threads=11 --precision=8bit --quality=high '--loaders=builtin!' --diffusion=none --gpu-policy=off --palette-type=rgb -w 1920 -h 1080 --encode-policy auto -p 256 -o /dev/null -J '{timeline}' '$TOP_SRCDIR/images/snake.png'
a639171f5a3ab8207dbb5450edb8b0a000e1f1c0,macOS-26.5.1-arm64-arm-64bit,images/snake.png,1920,1080,auto,auto,#0072B2,10,20,10,0.037885,0.058438,0.020553,180,180,'$BUILD_DIR/converters/img2sixel' --threads=10 --precision=8bit --quality=high '--loaders=builtin!' --diffusion=none --gpu-policy=off --palette-type=rgb -w 1920 -h 1080 --encode-policy auto -p 256 -o /dev/null -J '{timeline}' '$TOP_SRCDIR/images/snake.png'
a639171f5a3ab8207dbb5450edb8b0a000e1f1c0,macOS-26.5.1-arm64-arm-64bit,images/snake.png,1920,1080,auto,auto,#0072B2,9,20,11,0.037808,0.059274,0.021466,180,180,'$BUILD_DIR/converters/img2sixel' --threads=9 --precision=8bit --quality=high '--loaders=builtin!' --diffusion=none --gpu-policy=off --palette-type=rgb -w 1920 -h 1080 --encode-policy auto -p 256 -o /dev/null -J '{timeline}' '$TOP_SRCDIR/images/snake.png'
a639171f5a3ab8207dbb5450edb8b0a000e1f1c0,macOS-26.5.1-arm64-arm-64bit,images/snake.png,1920,1080,auto,auto,#0072B2,8,20,12,0.036691,0.058628,0.021937,180,180,'$BUILD_DIR/converters/img2sixel' --threads=8 --precision=8bit --quality=high '--loaders=builtin!' --diffusion=none --gpu-policy=off --palette-type=rgb -w 1920 -h 1080 --encode-policy auto -p 256 -o /dev/null -J '{timeline}' '$TOP_SRCDIR/images/snake.png'
a639171f5a3ab8207dbb5450edb8b0a000e1f1c0,macOS-26.5.1-arm64-arm-64bit,images/snake.png,1920,1080,auto,auto,#0072B2,7,20,13,0.039752,0.064402,0.02465,180,180,'$BUILD_DIR/converters/img2sixel' --threads=7 --precision=8bit --quality=high '--loaders=builtin!' --diffusion=none --gpu-policy=off --palette-type=rgb -w 1920 -h 1080 --encode-policy auto -p 256 -o /dev/null -J '{timeline}' '$TOP_SRCDIR/images/snake.png'
a639171f5a3ab8207dbb5450edb8b0a000e1f1c0,macOS-26.5.1-arm64-arm-64bit,images/snake.png,1920,1080,auto,auto,#0072B2,6,20,14,0.040143,0.06837,0.028227,180,180,'$BUILD_DIR/converters/img2sixel' --threads=6 --precision=8bit --quality=high '--loaders=builtin!' --diffusion=none --gpu-policy=off --palette-type=rgb -w 1920 -h 1080 --encode-policy auto -p 256 -o /dev/null -J '{timeline}' '$TOP_SRCDIR/images/snake.png'
a639171f5a3ab8207dbb5450edb8b0a000e1f1c0,macOS-26.5.1-arm64-arm-64bit,images/snake.png,1920,1080,auto,auto,#0072B2,5,20,15,0.039895,0.069612,0.029717,180,180,'$BUILD_DIR/converters/img2sixel' --threads=5 --precision=8bit --quality=high '--loaders=builtin!' --diffusion=none --gpu-policy=off --palette-type=rgb -w 1920 -h 1080 --encode-policy auto -p 256 -o /dev/null -J '{timeline}' '$TOP_SRCDIR/images/snake.png'
a639171f5a3ab8207dbb5450edb8b0a000e1f1c0,macOS-26.5.1-arm64-arm-64bit,images/snake.png,1920,1080,auto,auto,#0072B2,4,20,16,0.040502,0.079119,0.038617,180,180,'$BUILD_DIR/converters/img2sixel' --threads=4 --precision=8bit --quality=high '--loaders=builtin!' --diffusion=none --gpu-policy=off --palette-type=rgb -w 1920 -h 1080 --encode-policy auto -p 256 -o /dev/null -J '{timeline}' '$TOP_SRCDIR/images/snake.png'
a639171f5a3ab8207dbb5450edb8b0a000e1f1c0,macOS-26.5.1-arm64-arm-64bit,images/snake.png,1920,1080,auto,auto,#0072B2,3,20,17,0.049951,0.101939,0.051988,180,180,'$BUILD_DIR/converters/img2sixel' --threads=3 --precision=8bit --quality=high '--loaders=builtin!' --diffusion=none --gpu-policy=off --palette-type=rgb -w 1920 -h 1080 --encode-policy auto -p 256 -o /dev/null -J '{timeline}' '$TOP_SRCDIR/images/snake.png'
a639171f5a3ab8207dbb5450edb8b0a000e1f1c0,macOS-26.5.1-arm64-arm-64bit,images/snake.png,1920,1080,auto,auto,#0072B2,2,20,18,0.100418,0.115378,0.01496,180,180,'$BUILD_DIR/converters/img2sixel' --threads=2 --precision=8bit --quality=high '--loaders=builtin!' --diffusion=none --gpu-policy=off --palette-type=rgb -w 1920 -h 1080 --encode-policy auto -p 256 -o /dev/null -J '{timeline}' '$TOP_SRCDIR/images/snake.png'
a639171f5a3ab8207dbb5450edb8b0a000e1f1c0,macOS-26.5.1-arm64-arm-64bit,images/snake.png,1920,1080,auto,auto,#0072B2,1,20,19,0.102582,0.125682,0.0231,180,180,'$BUILD_DIR/converters/img2sixel' --threads=1 --precision=8bit --quality=high '--loaders=builtin!' --diffusion=none --gpu-policy=off --palette-type=rgb -w 1920 -h 1080 --encode-policy auto -p 256 -o /dev/null -J '{timeline}' '$TOP_SRCDIR/images/snake.png'
a639171f5a3ab8207dbb5450edb8b0a000e1f1c0,macOS-26.5.1-arm64-arm-64bit,images/snake.png,1920,1080,size,size,#D55E00,12,20,20,0.039178,0.058279,0.019101,180,180,'$BUILD_DIR/converters/img2sixel' --threads=12 --precision=8bit --quality=high '--loaders=builtin!' --diffusion=none --gpu-policy=off --palette-type=rgb -w 1920 -h 1080 --encode-policy size -p 256 -o /dev/null -J '{timeline}' '$TOP_SRCDIR/images/snake.png'
a639171f5a3ab8207dbb5450edb8b0a000e1f1c0,macOS-26.5.1-arm64-arm-64bit,images/snake.png,1920,1080,size,size,#D55E00,11,20,21,0.037452,0.056195,0.018743,180,180,'$BUILD_DIR/converters/img2sixel' --threads=11 --precision=8bit --quality=high '--loaders=builtin!' --diffusion=none --gpu-policy=off --palette-type=rgb -w 1920 -h 1080 --encode-policy size -p 256 -o /dev/null -J '{timeline}' '$TOP_SRCDIR/images/snake.png'
a639171f5a3ab8207dbb5450edb8b0a000e1f1c0,macOS-26.5.1-arm64-arm-64bit,images/snake.png,1920,1080,size,size,#D55E00,10,20,22,0.039348,0.060124,0.020776,180,180,'$BUILD_DIR/converters/img2sixel' --threads=10 --precision=8bit --quality=high '--loaders=builtin!' --diffusion=none --gpu-policy=off --palette-type=rgb -w 1920 -h 1080 --encode-policy size -p 256 -o /dev/null -J '{timeline}' '$TOP_SRCDIR/images/snake.png'
a639171f5a3ab8207dbb5450edb8b0a000e1f1c0,macOS-26.5.1-arm64-arm-64bit,images/snake.png,1920,1080,size,size,#D55E00,9,20,23,0.038003,0.059628,0.021625,180,180,'$BUILD_DIR/converters/img2sixel' --threads=9 --precision=8bit --quality=high '--loaders=builtin!' --diffusion=none --gpu-policy=off --palette-type=rgb -w 1920 -h 1080 --encode-policy size -p 256 -o /dev/null -J '{timeline}' '$TOP_SRCDIR/images/snake.png'
a639171f5a3ab8207dbb5450edb8b0a000e1f1c0,macOS-26.5.1-arm64-arm-64bit,images/snake.png,1920,1080,size,size,#D55E00,8,20,24,0.039036,0.0612,0.022164,180,180,'$BUILD_DIR/converters/img2sixel' --threads=8 --precision=8bit --quality=high '--loaders=builtin!' --diffusion=none --gpu-policy=off --palette-type=rgb -w 1920 -h 1080 --encode-policy size -p 256 -o /dev/null -J '{timeline}' '$TOP_SRCDIR/images/snake.png'
a639171f5a3ab8207dbb5450edb8b0a000e1f1c0,macOS-26.5.1-arm64-arm-64bit,images/snake.png,1920,1080,size,size,#D55E00,7,20,25,0.039192,0.065466,0.026274,180,180,'$BUILD_DIR/converters/img2sixel' --threads=7 --precision=8bit --quality=high '--loaders=builtin!' --diffusion=none --gpu-policy=off --palette-type=rgb -w 1920 -h 1080 --encode-policy size -p 256 -o /dev/null -J '{timeline}' '$TOP_SRCDIR/images/snake.png'
a639171f5a3ab8207dbb5450edb8b0a000e1f1c0,macOS-26.5.1-arm64-arm-64bit,images/snake.png,1920,1080,size,size,#D55E00,6,20,26,0.039002,0.06839,0.029388,180,180,'$BUILD_DIR/converters/img2sixel' --threads=6 --precision=8bit --quality=high '--loaders=builtin!' --diffusion=none --gpu-policy=off --palette-type=rgb -w 1920 -h 1080 --encode-policy size -p 256 -o /dev/null -J '{timeline}' '$TOP_SRCDIR/images/snake.png'
a639171f5a3ab8207dbb5450edb8b0a000e1f1c0,macOS-26.5.1-arm64-arm-64bit,images/snake.png,1920,1080,size,size,#D55E00,5,20,27,0.037917,0.067625,0.029708,180,180,'$BUILD_DIR/converters/img2sixel' --threads=5 --precision=8bit --quality=high '--loaders=builtin!' --diffusion=none --gpu-policy=off --palette-type=rgb -w 1920 -h 1080 --encode-policy size -p 256 -o /dev/null -J '{timeline}' '$TOP_SRCDIR/images/snake.png'
a639171f5a3ab8207dbb5450edb8b0a000e1f1c0,macOS-26.5.1-arm64-arm-64bit,images/snake.png,1920,1080,size,size,#D55E00,4,20,28,0.03897,0.079121,0.040151,180,180,'$BUILD_DIR/converters/img2sixel' --threads=4 --precision=8bit --quality=high '--loaders=builtin!' --diffusion=none --gpu-policy=off --palette-type=rgb -w 1920 -h 1080 --encode-policy size -p 256 -o /dev/null -J '{timeline}' '$TOP_SRCDIR/images/snake.png'
a639171f5a3ab8207dbb5450edb8b0a000e1f1c0,macOS-26.5.1-arm64-arm-64bit,images/snake.png,1920,1080,size,size,#D55E00,3,20,29,0.049808,0.102128,0.05232,180,180,'$BUILD_DIR/converters/img2sixel' --threads=3 --precision=8bit --quality=high '--loaders=builtin!' --diffusion=none --gpu-policy=off --palette-type=rgb -w 1920 -h 1080 --encode-policy size -p 256 -o /dev/null -J '{timeline}' '$TOP_SRCDIR/images/snake.png'
a639171f5a3ab8207dbb5450edb8b0a000e1f1c0,macOS-26.5.1-arm64-arm-64bit,images/snake.png,1920,1080,size,size,#D55E00,2,20,30,0.10073,0.114962,0.014232,180,180,'$BUILD_DIR/converters/img2sixel' --threads=2 --precision=8bit --quality=high '--loaders=builtin!' --diffusion=none --gpu-policy=off --palette-type=rgb -w 1920 -h 1080 --encode-policy size -p 256 -o /dev/null -J '{timeline}' '$TOP_SRCDIR/images/snake.png'
a639171f5a3ab8207dbb5450edb8b0a000e1f1c0,macOS-26.5.1-arm64-arm-64bit,images/snake.png,1920,1080,size,size,#D55E00,1,20,31,0.103661,0.125794,0.022133,180,180,'$BUILD_DIR/converters/img2sixel' --threads=1 --precision=8bit --quality=high '--loaders=builtin!' --diffusion=none --gpu-policy=off --palette-type=rgb -w 1920 -h 1080 --encode-policy size -p 256 -o /dev/null -J '{timeline}' '$TOP_SRCDIR/images/snake.png'
a639171f5a3ab8207dbb5450edb8b0a000e1f1c0,macOS-26.5.1-arm64-arm-64bit,images/snake.png,1920,1080,fast,fast,#009E73,12,20,32,0.039029,0.056883,0.017854,180,180,'$BUILD_DIR/converters/img2sixel' --threads=12 --precision=8bit --quality=high '--loaders=builtin!' --diffusion=none --gpu-policy=off --palette-type=rgb -w 1920 -h 1080 --encode-policy fast -p 256 -o /dev/null -J '{timeline}' '$TOP_SRCDIR/images/snake.png'
a639171f5a3ab8207dbb5450edb8b0a000e1f1c0,macOS-26.5.1-arm64-arm-64bit,images/snake.png,1920,1080,fast,fast,#009E73,11,20,33,0.0391,0.057575,0.018475,180,180,'$BUILD_DIR/converters/img2sixel' --threads=11 --precision=8bit --quality=high '--loaders=builtin!' --diffusion=none --gpu-policy=off --palette-type=rgb -w 1920 -h 1080 --encode-policy fast -p 256 -o /dev/null -J '{timeline}' '$TOP_SRCDIR/images/snake.png'
a639171f5a3ab8207dbb5450edb8b0a000e1f1c0,macOS-26.5.1-arm64-arm-64bit,images/snake.png,1920,1080,fast,fast,#009E73,10,20,34,0.037548,0.058597,0.021049,180,180,'$BUILD_DIR/converters/img2sixel' --threads=10 --precision=8bit --quality=high '--loaders=builtin!' --diffusion=none --gpu-policy=off --palette-type=rgb -w 1920 -h 1080 --encode-policy fast -p 256 -o /dev/null -J '{timeline}' '$TOP_SRCDIR/images/snake.png'
a639171f5a3ab8207dbb5450edb8b0a000e1f1c0,macOS-26.5.1-arm64-arm-64bit,images/snake.png,1920,1080,fast,fast,#009E73,9,20,35,0.038887,0.05951,0.020623,180,180,'$BUILD_DIR/converters/img2sixel' --threads=9 --precision=8bit --quality=high '--loaders=builtin!' --diffusion=none --gpu-policy=off --palette-type=rgb -w 1920 -h 1080 --encode-policy fast -p 256 -o /dev/null -J '{timeline}' '$TOP_SRCDIR/images/snake.png'
a639171f5a3ab8207dbb5450edb8b0a000e1f1c0,macOS-26.5.1-arm64-arm-64bit,images/snake.png,1920,1080,fast,fast,#009E73,8,20,36,0.03832,0.061131,0.022811,180,180,'$BUILD_DIR/converters/img2sixel' --threads=8 --precision=8bit --quality=high '--loaders=builtin!' --diffusion=none --gpu-policy=off --palette-type=rgb -w 1920 -h 1080 --encode-policy fast -p 256 -o /dev/null -J '{timeline}' '$TOP_SRCDIR/images/snake.png'
a639171f5a3ab8207dbb5450edb8b0a000e1f1c0,macOS-26.5.1-arm64-arm-64bit,images/snake.png,1920,1080,fast,fast,#009E73,9,21,1,0.039735,0.059899,0.020164,180,180,'$BUILD_DIR/converters/img2sixel' --threads=9 --precision=8bit --quality=high '--loaders=builtin!' --diffusion=none --gpu-policy=off --palette-type=rgb -w 1920 -h 1080 --encode-policy fast -p 256 -o /dev/null -J '{timeline}' '$TOP_SRCDIR/images/snake.png'
a639171f5a3ab8207dbb5450edb8b0a000e1f1c0,macOS-26.5.1-arm64-arm-64bit,images/snake.png,1920,1080,fast,fast,#009E73,10,21,2,0.036654,0.056948,0.020294,180,180,'$BUILD_DIR/converters/img2sixel' --threads=10 --precision=8bit --quality=high '--loaders=builtin!' --diffusion=none --gpu-policy=off --palette-type=rgb -w 1920 -h 1080 --encode-policy fast -p 256 -o /dev/null -J '{timeline}' '$TOP_SRCDIR/images/snake.png'
a639171f5a3ab8207dbb5450edb8b0a000e1f1c0,macOS-26.5.1-arm64-arm-64bit,images/snake.png,1920,1080,fast,fast,#009E73,11,21,3,0.038346,0.05665,0.018304,180,180,'$BUILD_DIR/converters/img2sixel' --threads=11 --precision=8bit --quality=high '--loaders=builtin!' --diffusion=none --gpu-policy=off --palette-type=rgb -w 1920 -h 1080 --encode-policy fast -p 256 -o /dev/null -J '{timeline}' '$TOP_SRCDIR/images/snake.png'
a639171f5a3ab8207dbb5450edb8b0a000e1f1c0,macOS-26.5.1-arm64-arm-64bit,images/snake.png,1920,1080,fast,fast,#009E73,12,21,4,0.037482,0.055745,0.018263,180,180,'$BUILD_DIR/converters/img2sixel' --threads=12 --precision=8bit --quality=high '--loaders=builtin!' --diffusion=none --gpu-policy=off --palette-type=rgb -w 1920 -h 1080 --encode-policy fast -p 256 -o /dev/null -J '{timeline}' '$TOP_SRCDIR/images/snake.png'
a639171f5a3ab8207dbb5450edb8b0a000e1f1c0,macOS-26.5.1-arm64-arm-64bit,images/snake.png,1920,1080,size,size,#D55E00,1,21,5,0.104161,0.126865,0.022704,180,180,'$BUILD_DIR/converters/img2sixel' --threads=1 --precision=8bit --quality=high '--loaders=builtin!' --diffusion=none --gpu-policy=off --palette-type=rgb -w 1920 -h 1080 --encode-policy size -p 256 -o /dev/null -J '{timeline}' '$TOP_SRCDIR/images/snake.png'
a639171f5a3ab8207dbb5450edb8b0a000e1f1c0,macOS-26.5.1-arm64-arm-64bit,images/snake.png,1920,1080,size,size,#D55E00,2,21,6,0.098617,0.112319,0.013702,180,180,'$BUILD_DIR/converters/img2sixel' --threads=2 --precision=8bit --quality=high '--loaders=builtin!' --diffusion=none --gpu-policy=off --palette-type=rgb -w 1920 -h 1080 --encode-policy size -p 256 -o /dev/null -J '{timeline}' '$TOP_SRCDIR/images/snake.png'
a639171f5a3ab8207dbb5450edb8b0a000e1f1c0,macOS-26.5.1-arm64-arm-64bit,images/snake.png,1920,1080,size,size,#D55E00,3,21,7,0.050182,0.104542,0.05436,180,180,'$BUILD_DIR/converters/img2sixel' --threads=3 --precision=8bit --quality=high '--loaders=builtin!' --diffusion=none --gpu-policy=off --palette-type=rgb -w 1920 -h 1080 --encode-policy size -p 256 -o /dev/null -J '{timeline}' '$TOP_SRCDIR/images/snake.png'
a639171f5a3ab8207dbb5450edb8b0a000e1f1c0,macOS-26.5.1-arm64-arm-64bit,images/snake.png,1920,1080,size,size,#D55E00,4,21,8,0.039929,0.080531,0.040602,180,180,'$BUILD_DIR/converters/img2sixel' --threads=4 --precision=8bit --quality=high '--loaders=builtin!' --diffusion=none --gpu-policy=off --palette-type=rgb -w 1920 -h 1080 --encode-policy size -p 256 -o /dev/null -J '{timeline}' '$TOP_SRCDIR/images/snake.png'
a639171f5a3ab8207dbb5450edb8b0a000e1f1c0,macOS-26.5.1-arm64-arm-64bit,images/snake.png,1920,1080,size,size,#D55E00,5,21,9,0.038488,0.067217,0.028729,180,180,'$BUILD_DIR/converters/img2sixel' --threads=5 --precision=8bit --quality=high '--loaders=builtin!' --diffusion=none --gpu-policy=off --palette-type=rgb -w 1920 -h 1080 --encode-policy size -p 256 -o /dev/null -J '{timeline}' '$TOP_SRCDIR/images/snake.png'
a639171f5a3ab8207dbb5450edb8b0a000e1f1c0,macOS-26.5.1-arm64-arm-64bit,images/snake.png,1920,1080,size,size,#D55E00,6,21,10,0.040441,0.068295,0.027854,180,180,'$BUILD_DIR/converters/img2sixel' --threads=6 --precision=8bit --quality=high '--loaders=builtin!' --diffusion=none --gpu-policy=off --palette-type=rgb -w 1920 -h 1080 --encode-policy size -p 256 -o /dev/null -J '{timeline}' '$TOP_SRCDIR/images/snake.png'
a639171f5a3ab8207dbb5450edb8b0a000e1f1c0,macOS-26.5.1-arm64-arm-64bit,images/snake.png,1920,1080,size,size,#D55E00,7,21,11,0.036844,0.063705,0.026861,180,180,'$BUILD_DIR/converters/img2sixel' --threads=7 --precision=8bit --quality=high '--loaders=builtin!' --diffusion=none --gpu-policy=off --palette-type=rgb -w 1920 -h 1080 --encode-policy size -p 256 -o /dev/null -J '{timeline}' '$TOP_SRCDIR/images/snake.png'
a639171f5a3ab8207dbb5450edb8b0a000e1f1c0,macOS-26.5.1-arm64-arm-64bit,images/snake.png,1920,1080,size,size,#D55E00,8,21,12,0.041008,0.06534,0.024332,180,180,'$BUILD_DIR/converters/img2sixel' --threads=8 --precision=8bit --quality=high '--loaders=builtin!' --diffusion=none --gpu-policy=off --palette-type=rgb -w 1920 -h 1080 --encode-policy size -p 256 -o /dev/null -J '{timeline}' '$TOP_SRCDIR/images/snake.png'
a639171f5a3ab8207dbb5450edb8b0a000e1f1c0,macOS-26.5.1-arm64-arm-64bit,images/snake.png,1920,1080,size,size,#D55E00,9,21,13,0.037611,0.058748,0.021137,180,180,'$BUILD_DIR/converters/img2sixel' --threads=9 --precision=8bit --quality=high '--loaders=builtin!' --diffusion=none --gpu-policy=off --palette-type=rgb -w 1920 -h 1080 --encode-policy size -p 256 -o /dev/null -J '{timeline}' '$TOP_SRCDIR/images/snake.png'
a639171f5a3ab8207dbb5450edb8b0a000e1f1c0,macOS-26.5.1-arm64-arm-64bit,images/snake.png,1920,1080,size,size,#D55E00,10,21,14,0.037952,0.058649,0.020697,180,180,'$BUILD_DIR/converters/img2sixel' --threads=10 --precision=8bit --quality=high '--loaders=builtin!' --diffusion=none --gpu-policy=off --palette-type=rgb -w 1920 -h 1080 --encode-policy size -p 256 -o /dev/null -J '{timeline}' '$TOP_SRCDIR/images/snake.png'
a639171f5a3ab8207dbb5450edb8b0a000e1f1c0,macOS-26.5.1-arm64-arm-64bit,images/snake.png,1920,1080,size,size,#D55E00,11,21,15,0.037217,0.056736,0.019519,180,180,'$BUILD_DIR/converters/img2sixel' --threads=11 --precision=8bit --quality=high '--loaders=builtin!' --diffusion=none --gpu-policy=off --palette-type=rgb -w 1920 -h 1080 --encode-policy size -p 256 -o /dev/null -J '{timeline}' '$TOP_SRCDIR/images/snake.png'
a639171f5a3ab8207dbb5450edb8b0a000e1f1c0,macOS-26.5.1-arm64-arm-64bit,images/snake.png,1920,1080,size,size,#D55E00,12,21,16,0.038658,0.056474,0.017816,180,180,'$BUILD_DIR/converters/img2sixel' --threads=12 --precision=8bit --quality=high '--loaders=builtin!' --diffusion=none --gpu-policy=off --palette-type=rgb -w 1920 -h 1080 --encode-policy size -p 256 -o /dev/null -J '{timeline}' '$TOP_SRCDIR/images/snake.png'
a639171f5a3ab8207dbb5450edb8b0a000e1f1c0,macOS-26.5.1-arm64-arm-64bit,images/snake.png,1920,1080,auto,auto,#0072B2,1,21,17,0.10304,0.125973,0.022933,180,180,'$BUILD_DIR/converters/img2sixel' --threads=1 --precision=8bit --quality=high '--loaders=builtin!' --diffusion=none --gpu-policy=off --palette-type=rgb -w 1920 -h 1080 --encode-policy auto -p 256 -o /dev/null -J '{timeline}' '$TOP_SRCDIR/images/snake.png'
a639171f5a3ab8207dbb5450edb8b0a000e1f1c0,macOS-26.5.1-arm64-arm-64bit,images/snake.png,1920,1080,auto,auto,#0072B2,2,21,18,0.09717,0.111906,0.014736,180,180,'$BUILD_DIR/converters/img2sixel' --threads=2 --precision=8bit --quality=high '--loaders=builtin!' --diffusion=none --gpu-policy=off --palette-type=rgb -w 1920 -h 1080 --encode-policy auto -p 256 -o /dev/null -J '{timeline}' '$TOP_SRCDIR/images/snake.png'
a639171f5a3ab8207dbb5450edb8b0a000e1f1c0,macOS-26.5.1-arm64-arm-64bit,images/snake.png,1920,1080,auto,auto,#0072B2,3,21,19,0.05019,0.105936,0.055746,180,180,'$BUILD_DIR/converters/img2sixel' --threads=3 --precision=8bit --quality=high '--loaders=builtin!' --diffusion=none --gpu-policy=off --palette-type=rgb -w 1920 -h 1080 --encode-policy auto -p 256 -o /dev/null -J '{timeline}' '$TOP_SRCDIR/images/snake.png'
a639171f5a3ab8207dbb5450edb8b0a000e1f1c0,macOS-26.5.1-arm64-arm-64bit,images/snake.png,1920,1080,auto,auto,#0072B2,4,21,20,0.037984,0.077902,0.039918,180,180,'$BUILD_DIR/converters/img2sixel' --threads=4 --precision=8bit --quality=high '--loaders=builtin!' --diffusion=none --gpu-policy=off --palette-type=rgb -w 1920 -h 1080 --encode-policy auto -p 256 -o /dev/null -J '{timeline}' '$TOP_SRCDIR/images/snake.png'
a639171f5a3ab8207dbb5450edb8b0a000e1f1c0,macOS-26.5.1-arm64-arm-64bit,images/snake.png,1920,1080,auto,auto,#0072B2,5,21,21,0.037282,0.066937,0.029655,180,180,'$BUILD_DIR/converters/img2sixel' --threads=5 --precision=8bit --quality=high '--loaders=builtin!' --diffusion=none --gpu-policy=off --palette-type=rgb -w 1920 -h 1080 --encode-policy auto -p 256 -o /dev/null -J '{timeline}' '$TOP_SRCDIR/images/snake.png'
a639171f5a3ab8207dbb5450edb8b0a000e1f1c0,macOS-26.5.1-arm64-arm-64bit,images/snake.png,1920,1080,auto,auto,#0072B2,6,21,22,0.039061,0.068575,0.029514,180,180,'$BUILD_DIR/converters/img2sixel' --threads=6 --precision=8bit --quality=high '--loaders=builtin!' --diffusion=none --gpu-policy=off --palette-type=rgb -w 1920 -h 1080 --encode-policy auto -p 256 -o /dev/null -J '{timeline}' '$TOP_SRCDIR/images/snake.png'
a639171f5a3ab8207dbb5450edb8b0a000e1f1c0,macOS-26.5.1-arm64-arm-64bit,images/snake.png,1920,1080,auto,auto,#0072B2,7,21,23,0.037763,0.063694,0.025931,180,180,'$BUILD_DIR/converters/img2sixel' --threads=7 --precision=8bit --quality=high '--loaders=builtin!' --diffusion=none --gpu-policy=off --palette-type=rgb -w 1920 -h 1080 --encode-policy auto -p 256 -o /dev/null -J '{timeline}' '$TOP_SRCDIR/images/snake.png'
a639171f5a3ab8207dbb5450edb8b0a000e1f1c0,macOS-26.5.1-arm64-arm-64bit,images/snake.png,1920,1080,auto,auto,#0072B2,8,21,24,0.038882,0.061307,0.022425,180,180,'$BUILD_DIR/converters/img2sixel' --threads=8 --precision=8bit --quality=high '--loaders=builtin!' --diffusion=none --gpu-policy=off --palette-type=rgb -w 1920 -h 1080 --encode-policy auto -p 256 -o /dev/null -J '{timeline}' '$TOP_SRCDIR/images/snake.png'
a639171f5a3ab8207dbb5450edb8b0a000e1f1c0,macOS-26.5.1-arm64-arm-64bit,images/snake.png,1920,1080,auto,auto,#0072B2,9,21,25,0.038438,0.05973,0.021292,180,180,'$BUILD_DIR/converters/img2sixel' --threads=9 --precision=8bit --quality=high '--loaders=builtin!' --diffusion=none --gpu-policy=off --palette-type=rgb -w 1920 -h 1080 --encode-policy auto -p 256 -o /dev/null -J '{timeline}' '$TOP_SRCDIR/images/snake.png'
a639171f5a3ab8207dbb5450edb8b0a000e1f1c0,macOS-26.5.1-arm64-arm-64bit,images/snake.png,1920,1080,auto,auto,#0072B2,10,21,26,0.039258,0.059094,0.019836,180,180,'$BUILD_DIR/converters/img2sixel' --threads=10 --precision=8bit --quality=high '--loaders=builtin!' --diffusion=none --gpu-policy=off --palette-type=rgb -w 1920 -h 1080 --encode-policy auto -p 256 -o /dev/null -J '{timeline}' '$TOP_SRCDIR/images/snake.png'
a639171f5a3ab8207dbb5450edb8b0a000e1f1c0,macOS-26.5.1-arm64-arm-64bit,images/snake.png,1920,1080,auto,auto,#0072B2,11,21,27,0.038979,0.057813,0.018834,180,180,'$BUILD_DIR/converters/img2sixel' --threads=11 --precision=8bit --quality=high '--loaders=builtin!' --diffusion=none --gpu-policy=off --palette-type=rgb -w 1920 -h 1080 --encode-policy auto -p 256 -o /dev/null -J '{timeline}' '$TOP_SRCDIR/images/snake.png'
a639171f5a3ab8207dbb5450edb8b0a000e1f1c0,macOS-26.5.1-arm64-arm-64bit,images/snake.png,1920,1080,auto,auto,#0072B2,12,21,28,0.038446,0.05643,0.017984,180,180,'$BUILD_DIR/converters/img2sixel' --threads=12 --precision=8bit --quality=high '--loaders=builtin!' --diffusion=none --gpu-policy=off --palette-type=rgb -w 1920 -h 1080 --encode-policy auto -p 256 -o /dev/null -J '{timeline}' '$TOP_SRCDIR/images/snake.png'
a639171f5a3ab8207dbb5450edb8b0a000e1f1c0,macOS-26.5.1-arm64-arm-64bit,images/snake.png,1920,1080,fast,fast,#009E73,1,21,29,0.103283,0.125931,0.022648,180,180,'$BUILD_DIR/converters/img2sixel' --threads=1 --precision=8bit --quality=high '--loaders=builtin!' --diffusion=none --gpu-policy=off --palette-type=rgb -w 1920 -h 1080 --encode-policy fast -p 256 -o /dev/null -J '{timeline}' '$TOP_SRCDIR/images/snake.png'
a639171f5a3ab8207dbb5450edb8b0a000e1f1c0,macOS-26.5.1-arm64-arm-64bit,images/snake.png,1920,1080,fast,fast,#009E73,2,21,30,0.101926,0.116855,0.014929,180,180,'$BUILD_DIR/converters/img2sixel' --threads=2 --precision=8bit --quality=high '--loaders=builtin!' --diffusion=none --gpu-policy=off --palette-type=rgb -w 1920 -h 1080 --encode-policy fast -p 256 -o /dev/null -J '{timeline}' '$TOP_SRCDIR/images/snake.png'
a639171f5a3ab8207dbb5450edb8b0a000e1f1c0,macOS-26.5.1-arm64-arm-64bit,images/snake.png,1920,1080,fast,fast,#009E73,3,21,31,0.048109,0.105953,0.057844,180,180,'$BUILD_DIR/converters/img2sixel' --threads=3 --precision=8bit --quality=high '--loaders=builtin!' --diffusion=none --gpu-policy=off --palette-type=rgb -w 1920 -h 1080 --encode-policy fast -p 256 -o /dev/null -J '{timeline}' '$TOP_SRCDIR/images/snake.png'
a639171f5a3ab8207dbb5450edb8b0a000e1f1c0,macOS-26.5.1-arm64-arm-64bit,images/snake.png,1920,1080,fast,fast,#009E73,4,21,32,0.039205,0.07954,0.040335,180,180,'$BUILD_DIR/converters/img2sixel' --threads=4 --precision=8bit --quality=high '--loaders=builtin!' --diffusion=none --gpu-policy=off --palette-type=rgb -w 1920 -h 1080 --encode-policy fast -p 256 -o /dev/null -J '{timeline}' '$TOP_SRCDIR/images/snake.png'
a639171f5a3ab8207dbb5450edb8b0a000e1f1c0,macOS-26.5.1-arm64-arm-64bit,images/snake.png,1920,1080,fast,fast,#009E73,5,21,33,0.036954,0.065352,0.028398,180,180,'$BUILD_DIR/converters/img2sixel' --threads=5 --precision=8bit --quality=high '--loaders=builtin!' --diffusion=none --gpu-policy=off --palette-type=rgb -w 1920 -h 1080 --encode-policy fast -p 256 -o /dev/null -J '{timeline}' '$TOP_SRCDIR/images/snake.png'
a639171f5a3ab8207dbb5450edb8b0a000e1f1c0,macOS-26.5.1-arm64-arm-64bit,images/snake.png,1920,1080,fast,fast,#009E73,6,21,34,0.03703,0.065622,0.028592,180,180,'$BUILD_DIR/converters/img2sixel' --threads=6 --precision=8bit --quality=high '--loaders=builtin!' --diffusion=none --gpu-policy=off --palette-type=rgb -w 1920 -h 1080 --encode-policy fast -p 256 -o /dev/null -J '{timeline}' '$TOP_SRCDIR/images/snake.png'
a639171f5a3ab8207dbb5450edb8b0a000e1f1c0,macOS-26.5.1-arm64-arm-64bit,images/snake.png,1920,1080,fast,fast,#009E73,7,21,35,0.036557,0.061827,0.02527,180,180,'$BUILD_DIR/converters/img2sixel' --threads=7 --precision=8bit --quality=high '--loaders=builtin!' --diffusion=none --gpu-policy=off --palette-type=rgb -w 1920 -h 1080 --encode-policy fast -p 256 -o /dev/null -J '{timeline}' '$TOP_SRCDIR/images/snake.png'
a639171f5a3ab8207dbb5450edb8b0a000e1f1c0,macOS-26.5.1-arm64-arm-64bit,images/snake.png,1920,1080,fast,fast,#009E73,8,21,36,0.039093,0.06173,0.022637,180,180,'$BUILD_DIR/converters/img2sixel' --threads=8 --precision=8bit --quality=high '--loaders=builtin!' --diffusion=none --gpu-policy=off --palette-type=rgb -w 1920 -h 1080 --encode-policy fast -p 256 -o /dev/null -J '{timeline}' '$TOP_SRCDIR/images/snake.png'
