revision,platform,input,colors,config,sampling_policy,binning_policy,quantize_option,domain,phase,round,sequence,position,seconds,command
f2c138d8f6aa0a90c89d019f85eaf9bb3efa5edb,macOS-26.5.1-arm64-arm-64bit-Mach-O,images/snake.png,8,full-frame-hard,full-frame,hard,kmeans:inittype=none:threshold=0.125:binbits=6:mapping=uniform:softdist=trilinear:feedback=0:prune=hamerly:seed=1:restarts=1:iter=20:miniter=0:polish_iter=0:feedback_slots=1:feedback_interval=1:sample_target=16384,end-to-end,washout,0,0,-1,0.04675429197959602,'{img2sixel}' --threads=1 --precision=8bit --quality=full '--loaders=libpng!' --sampling-policy=full-frame --binning-policy=hard --quantize-model=kmeans:inittype=none:threshold=0.125:binbits=6:mapping=uniform:softdist=trilinear:feedback=0:prune=hamerly:seed=1:restarts=1:iter=20:miniter=0:polish_iter=0:feedback_slots=1:feedback_interval=1:sample_target=16384 -Xoklab -Wgamma --diffusion=none --gpu-policy=off --lookup-policy=none -F none -a off -p 8 -o '{devnull}' '{input}'
f2c138d8f6aa0a90c89d019f85eaf9bb3efa5edb,macOS-26.5.1-arm64-arm-64bit-Mach-O,images/snake.png,8,full-frame-hard,full-frame,hard,kmeans:inittype=none:threshold=0.125:binbits=6:mapping=uniform:softdist=trilinear:feedback=0:prune=hamerly:seed=1:restarts=1:iter=20:miniter=0:polish_iter=0:feedback_slots=1:feedback_interval=1:sample_target=16384,end-to-end,warmup,0,0,0,0.04652829095721245,'{img2sixel}' --threads=1 --precision=8bit --quality=full '--loaders=libpng!' --sampling-policy=full-frame --binning-policy=hard --quantize-model=kmeans:inittype=none:threshold=0.125:binbits=6:mapping=uniform:softdist=trilinear:feedback=0:prune=hamerly:seed=1:restarts=1:iter=20:miniter=0:polish_iter=0:feedback_slots=1:feedback_interval=1:sample_target=16384 -Xoklab -Wgamma --diffusion=none --gpu-policy=off --lookup-policy=none -F none -a off -p 8 -o '{devnull}' '{input}'
f2c138d8f6aa0a90c89d019f85eaf9bb3efa5edb,macOS-26.5.1-arm64-arm-64bit-Mach-O,images/snake.png,8,adaptive-grid-hard,adaptive-grid,hard,kmeans:inittype=none:threshold=0.125:binbits=6:mapping=uniform:softdist=trilinear:feedback=0:prune=hamerly:seed=1:restarts=1:iter=20:miniter=0:polish_iter=0:feedback_slots=1:feedback_interval=1:sample_target=16384,end-to-end,warmup,0,0,1,0.03138575004413724,'{img2sixel}' --threads=1 --precision=8bit --quality=full '--loaders=libpng!' --sampling-policy=adaptive-grid --binning-policy=hard --quantize-model=kmeans:inittype=none:threshold=0.125:binbits=6:mapping=uniform:softdist=trilinear:feedback=0:prune=hamerly:seed=1:restarts=1:iter=20:miniter=0:polish_iter=0:feedback_slots=1:feedback_interval=1:sample_target=16384 -Xoklab -Wgamma --diffusion=none --gpu-policy=off --lookup-policy=none -F none -a off -p 8 -o '{devnull}' '{input}'
f2c138d8f6aa0a90c89d019f85eaf9bb3efa5edb,macOS-26.5.1-arm64-arm-64bit-Mach-O,images/snake.png,8,full-frame-soft,full-frame,soft,kmeans:inittype=none:threshold=0.125:binbits=6:mapping=uniform:softdist=trilinear:feedback=0:prune=hamerly:seed=1:restarts=1:iter=20:miniter=0:polish_iter=0:feedback_slots=1:feedback_interval=1:sample_target=16384,end-to-end,warmup,0,0,2,0.05284541705623269,'{img2sixel}' --threads=1 --precision=8bit --quality=full '--loaders=libpng!' --sampling-policy=full-frame --binning-policy=soft --quantize-model=kmeans:inittype=none:threshold=0.125:binbits=6:mapping=uniform:softdist=trilinear:feedback=0:prune=hamerly:seed=1:restarts=1:iter=20:miniter=0:polish_iter=0:feedback_slots=1:feedback_interval=1:sample_target=16384 -Xoklab -Wgamma --diffusion=none --gpu-policy=off --lookup-policy=none -F none -a off -p 8 -o '{devnull}' '{input}'
f2c138d8f6aa0a90c89d019f85eaf9bb3efa5edb,macOS-26.5.1-arm64-arm-64bit-Mach-O,images/snake.png,8,full-frame-none,full-frame,none,kmeans:inittype=none:threshold=0.125:binbits=6:mapping=uniform:softdist=trilinear:feedback=0:prune=hamerly:seed=1:restarts=1:iter=20:miniter=0:polish_iter=0:feedback_slots=1:feedback_interval=1:sample_target=16384,end-to-end,warmup,0,0,3,0.07292808289639652,'{img2sixel}' --threads=1 --precision=8bit --quality=full '--loaders=libpng!' --sampling-policy=full-frame --binning-policy=none --quantize-model=kmeans:inittype=none:threshold=0.125:binbits=6:mapping=uniform:softdist=trilinear:feedback=0:prune=hamerly:seed=1:restarts=1:iter=20:miniter=0:polish_iter=0:feedback_slots=1:feedback_interval=1:sample_target=16384 -Xoklab -Wgamma --diffusion=none --gpu-policy=off --lookup-policy=none -F none -a off -p 8 -o '{devnull}' '{input}'
f2c138d8f6aa0a90c89d019f85eaf9bb3efa5edb,macOS-26.5.1-arm64-arm-64bit-Mach-O,images/snake.png,8,full-frame-exact,full-frame,exact,kmeans:inittype=none:threshold=0.125:binbits=6:mapping=uniform:softdist=trilinear:feedback=0:prune=hamerly:seed=1:restarts=1:iter=20:miniter=0:polish_iter=0:feedback_slots=1:feedback_interval=1:sample_target=16384,end-to-end,warmup,0,0,4,0.06258570891804993,'{img2sixel}' --threads=1 --precision=8bit --quality=full '--loaders=libpng!' --sampling-policy=full-frame --binning-policy=exact --quantize-model=kmeans:inittype=none:threshold=0.125:binbits=6:mapping=uniform:softdist=trilinear:feedback=0:prune=hamerly:seed=1:restarts=1:iter=20:miniter=0:polish_iter=0:feedback_slots=1:feedback_interval=1:sample_target=16384 -Xoklab -Wgamma --diffusion=none --gpu-policy=off --lookup-policy=none -F none -a off -p 8 -o '{devnull}' '{input}'
f2c138d8f6aa0a90c89d019f85eaf9bb3efa5edb,macOS-26.5.1-arm64-arm-64bit-Mach-O,images/snake.png,8,full-frame-hard,full-frame,hard,kmeans:inittype=none:threshold=0.125:binbits=6:mapping=uniform:softdist=trilinear:feedback=0:prune=hamerly:seed=1:restarts=1:iter=20:miniter=0:polish_iter=0:feedback_slots=1:feedback_interval=1:sample_target=16384,end-to-end,washout,1,1,-1,0.046089999843388796,'{img2sixel}' --threads=1 --precision=8bit --quality=full '--loaders=libpng!' --sampling-policy=full-frame --binning-policy=hard --quantize-model=kmeans:inittype=none:threshold=0.125:binbits=6:mapping=uniform:softdist=trilinear:feedback=0:prune=hamerly:seed=1:restarts=1:iter=20:miniter=0:polish_iter=0:feedback_slots=1:feedback_interval=1:sample_target=16384 -Xoklab -Wgamma --diffusion=none --gpu-policy=off --lookup-policy=none -F none -a off -p 8 -o '{devnull}' '{input}'
f2c138d8f6aa0a90c89d019f85eaf9bb3efa5edb,macOS-26.5.1-arm64-arm-64bit-Mach-O,images/snake.png,8,adaptive-grid-hard,adaptive-grid,hard,kmeans:inittype=none:threshold=0.125:binbits=6:mapping=uniform:softdist=trilinear:feedback=0:prune=hamerly:seed=1:restarts=1:iter=20:miniter=0:polish_iter=0:feedback_slots=1:feedback_interval=1:sample_target=16384,end-to-end,warmup,1,1,0,0.03167333290912211,'{img2sixel}' --threads=1 --precision=8bit --quality=full '--loaders=libpng!' --sampling-policy=adaptive-grid --binning-policy=hard --quantize-model=kmeans:inittype=none:threshold=0.125:binbits=6:mapping=uniform:softdist=trilinear:feedback=0:prune=hamerly:seed=1:restarts=1:iter=20:miniter=0:polish_iter=0:feedback_slots=1:feedback_interval=1:sample_target=16384 -Xoklab -Wgamma --diffusion=none --gpu-policy=off --lookup-policy=none -F none -a off -p 8 -o '{devnull}' '{input}'
f2c138d8f6aa0a90c89d019f85eaf9bb3efa5edb,macOS-26.5.1-arm64-arm-64bit-Mach-O,images/snake.png,8,full-frame-none,full-frame,none,kmeans:inittype=none:threshold=0.125:binbits=6:mapping=uniform:softdist=trilinear:feedback=0:prune=hamerly:seed=1:restarts=1:iter=20:miniter=0:polish_iter=0:feedback_slots=1:feedback_interval=1:sample_target=16384,end-to-end,warmup,1,1,1,0.07224183296784759,'{img2sixel}' --threads=1 --precision=8bit --quality=full '--loaders=libpng!' --sampling-policy=full-frame --binning-policy=none --quantize-model=kmeans:inittype=none:threshold=0.125:binbits=6:mapping=uniform:softdist=trilinear:feedback=0:prune=hamerly:seed=1:restarts=1:iter=20:miniter=0:polish_iter=0:feedback_slots=1:feedback_interval=1:sample_target=16384 -Xoklab -Wgamma --diffusion=none --gpu-policy=off --lookup-policy=none -F none -a off -p 8 -o '{devnull}' '{input}'
f2c138d8f6aa0a90c89d019f85eaf9bb3efa5edb,macOS-26.5.1-arm64-arm-64bit-Mach-O,images/snake.png,8,full-frame-hard,full-frame,hard,kmeans:inittype=none:threshold=0.125:binbits=6:mapping=uniform:softdist=trilinear:feedback=0:prune=hamerly:seed=1:restarts=1:iter=20:miniter=0:polish_iter=0:feedback_slots=1:feedback_interval=1:sample_target=16384,end-to-end,warmup,1,1,2,0.04733170801773667,'{img2sixel}' --threads=1 --precision=8bit --quality=full '--loaders=libpng!' --sampling-policy=full-frame --binning-policy=hard --quantize-model=kmeans:inittype=none:threshold=0.125:binbits=6:mapping=uniform:softdist=trilinear:feedback=0:prune=hamerly:seed=1:restarts=1:iter=20:miniter=0:polish_iter=0:feedback_slots=1:feedback_interval=1:sample_target=16384 -Xoklab -Wgamma --diffusion=none --gpu-policy=off --lookup-policy=none -F none -a off -p 8 -o '{devnull}' '{input}'
f2c138d8f6aa0a90c89d019f85eaf9bb3efa5edb,macOS-26.5.1-arm64-arm-64bit-Mach-O,images/snake.png,8,full-frame-exact,full-frame,exact,kmeans:inittype=none:threshold=0.125:binbits=6:mapping=uniform:softdist=trilinear:feedback=0:prune=hamerly:seed=1:restarts=1:iter=20:miniter=0:polish_iter=0:feedback_slots=1:feedback_interval=1:sample_target=16384,end-to-end,warmup,1,1,3,0.06253583403304219,'{img2sixel}' --threads=1 --precision=8bit --quality=full '--loaders=libpng!' --sampling-policy=full-frame --binning-policy=exact --quantize-model=kmeans:inittype=none:threshold=0.125:binbits=6:mapping=uniform:softdist=trilinear:feedback=0:prune=hamerly:seed=1:restarts=1:iter=20:miniter=0:polish_iter=0:feedback_slots=1:feedback_interval=1:sample_target=16384 -Xoklab -Wgamma --diffusion=none --gpu-policy=off --lookup-policy=none -F none -a off -p 8 -o '{devnull}' '{input}'
f2c138d8f6aa0a90c89d019f85eaf9bb3efa5edb,macOS-26.5.1-arm64-arm-64bit-Mach-O,images/snake.png,8,full-frame-soft,full-frame,soft,kmeans:inittype=none:threshold=0.125:binbits=6:mapping=uniform:softdist=trilinear:feedback=0:prune=hamerly:seed=1:restarts=1:iter=20:miniter=0:polish_iter=0:feedback_slots=1:feedback_interval=1:sample_target=16384,end-to-end,warmup,1,1,4,0.05421154201030731,'{img2sixel}' --threads=1 --precision=8bit --quality=full '--loaders=libpng!' --sampling-policy=full-frame --binning-policy=soft --quantize-model=kmeans:inittype=none:threshold=0.125:binbits=6:mapping=uniform:softdist=trilinear:feedback=0:prune=hamerly:seed=1:restarts=1:iter=20:miniter=0:polish_iter=0:feedback_slots=1:feedback_interval=1:sample_target=16384 -Xoklab -Wgamma --diffusion=none --gpu-policy=off --lookup-policy=none -F none -a off -p 8 -o '{devnull}' '{input}'
f2c138d8f6aa0a90c89d019f85eaf9bb3efa5edb,macOS-26.5.1-arm64-arm-64bit-Mach-O,images/snake.png,8,full-frame-hard,full-frame,hard,kmeans:inittype=none:threshold=0.125:binbits=6:mapping=uniform:softdist=trilinear:feedback=0:prune=hamerly:seed=1:restarts=1:iter=20:miniter=0:polish_iter=0:feedback_slots=1:feedback_interval=1:sample_target=16384,end-to-end,washout,2,2,-1,0.045866833999753,'{img2sixel}' --threads=1 --precision=8bit --quality=full '--loaders=libpng!' --sampling-policy=full-frame --binning-policy=hard --quantize-model=kmeans:inittype=none:threshold=0.125:binbits=6:mapping=uniform:softdist=trilinear:feedback=0:prune=hamerly:seed=1:restarts=1:iter=20:miniter=0:polish_iter=0:feedback_slots=1:feedback_interval=1:sample_target=16384 -Xoklab -Wgamma --diffusion=none --gpu-policy=off --lookup-policy=none -F none -a off -p 8 -o '{devnull}' '{input}'
f2c138d8f6aa0a90c89d019f85eaf9bb3efa5edb,macOS-26.5.1-arm64-arm-64bit-Mach-O,images/snake.png,8,full-frame-none,full-frame,none,kmeans:inittype=none:threshold=0.125:binbits=6:mapping=uniform:softdist=trilinear:feedback=0:prune=hamerly:seed=1:restarts=1:iter=20:miniter=0:polish_iter=0:feedback_slots=1:feedback_interval=1:sample_target=16384,end-to-end,measured,2,2,0,0.0727246250025928,'{img2sixel}' --threads=1 --precision=8bit --quality=full '--loaders=libpng!' --sampling-policy=full-frame --binning-policy=none --quantize-model=kmeans:inittype=none:threshold=0.125:binbits=6:mapping=uniform:softdist=trilinear:feedback=0:prune=hamerly:seed=1:restarts=1:iter=20:miniter=0:polish_iter=0:feedback_slots=1:feedback_interval=1:sample_target=16384 -Xoklab -Wgamma --diffusion=none --gpu-policy=off --lookup-policy=none -F none -a off -p 8 -o '{devnull}' '{input}'
f2c138d8f6aa0a90c89d019f85eaf9bb3efa5edb,macOS-26.5.1-arm64-arm-64bit-Mach-O,images/snake.png,8,full-frame-exact,full-frame,exact,kmeans:inittype=none:threshold=0.125:binbits=6:mapping=uniform:softdist=trilinear:feedback=0:prune=hamerly:seed=1:restarts=1:iter=20:miniter=0:polish_iter=0:feedback_slots=1:feedback_interval=1:sample_target=16384,end-to-end,measured,2,2,1,0.0625273329205811,'{img2sixel}' --threads=1 --precision=8bit --quality=full '--loaders=libpng!' --sampling-policy=full-frame --binning-policy=exact --quantize-model=kmeans:inittype=none:threshold=0.125:binbits=6:mapping=uniform:softdist=trilinear:feedback=0:prune=hamerly:seed=1:restarts=1:iter=20:miniter=0:polish_iter=0:feedback_slots=1:feedback_interval=1:sample_target=16384 -Xoklab -Wgamma --diffusion=none --gpu-policy=off --lookup-policy=none -F none -a off -p 8 -o '{devnull}' '{input}'
f2c138d8f6aa0a90c89d019f85eaf9bb3efa5edb,macOS-26.5.1-arm64-arm-64bit-Mach-O,images/snake.png,8,adaptive-grid-hard,adaptive-grid,hard,kmeans:inittype=none:threshold=0.125:binbits=6:mapping=uniform:softdist=trilinear:feedback=0:prune=hamerly:seed=1:restarts=1:iter=20:miniter=0:polish_iter=0:feedback_slots=1:feedback_interval=1:sample_target=16384,end-to-end,measured,2,2,2,0.031827084021642804,'{img2sixel}' --threads=1 --precision=8bit --quality=full '--loaders=libpng!' --sampling-policy=adaptive-grid --binning-policy=hard --quantize-model=kmeans:inittype=none:threshold=0.125:binbits=6:mapping=uniform:softdist=trilinear:feedback=0:prune=hamerly:seed=1:restarts=1:iter=20:miniter=0:polish_iter=0:feedback_slots=1:feedback_interval=1:sample_target=16384 -Xoklab -Wgamma --diffusion=none --gpu-policy=off --lookup-policy=none -F none -a off -p 8 -o '{devnull}' '{input}'
f2c138d8f6aa0a90c89d019f85eaf9bb3efa5edb,macOS-26.5.1-arm64-arm-64bit-Mach-O,images/snake.png,8,full-frame-soft,full-frame,soft,kmeans:inittype=none:threshold=0.125:binbits=6:mapping=uniform:softdist=trilinear:feedback=0:prune=hamerly:seed=1:restarts=1:iter=20:miniter=0:polish_iter=0:feedback_slots=1:feedback_interval=1:sample_target=16384,end-to-end,measured,2,2,3,0.05296791694127023,'{img2sixel}' --threads=1 --precision=8bit --quality=full '--loaders=libpng!' --sampling-policy=full-frame --binning-policy=soft --quantize-model=kmeans:inittype=none:threshold=0.125:binbits=6:mapping=uniform:softdist=trilinear:feedback=0:prune=hamerly:seed=1:restarts=1:iter=20:miniter=0:polish_iter=0:feedback_slots=1:feedback_interval=1:sample_target=16384 -Xoklab -Wgamma --diffusion=none --gpu-policy=off --lookup-policy=none -F none -a off -p 8 -o '{devnull}' '{input}'
f2c138d8f6aa0a90c89d019f85eaf9bb3efa5edb,macOS-26.5.1-arm64-arm-64bit-Mach-O,images/snake.png,8,full-frame-hard,full-frame,hard,kmeans:inittype=none:threshold=0.125:binbits=6:mapping=uniform:softdist=trilinear:feedback=0:prune=hamerly:seed=1:restarts=1:iter=20:miniter=0:polish_iter=0:feedback_slots=1:feedback_interval=1:sample_target=16384,end-to-end,measured,2,2,4,0.046021832851693034,'{img2sixel}' --threads=1 --precision=8bit --quality=full '--loaders=libpng!' --sampling-policy=full-frame --binning-policy=hard --quantize-model=kmeans:inittype=none:threshold=0.125:binbits=6:mapping=uniform:softdist=trilinear:feedback=0:prune=hamerly:seed=1:restarts=1:iter=20:miniter=0:polish_iter=0:feedback_slots=1:feedback_interval=1:sample_target=16384 -Xoklab -Wgamma --diffusion=none --gpu-policy=off --lookup-policy=none -F none -a off -p 8 -o '{devnull}' '{input}'
f2c138d8f6aa0a90c89d019f85eaf9bb3efa5edb,macOS-26.5.1-arm64-arm-64bit-Mach-O,images/snake.png,8,full-frame-hard,full-frame,hard,kmeans:inittype=none:threshold=0.125:binbits=6:mapping=uniform:softdist=trilinear:feedback=0:prune=hamerly:seed=1:restarts=1:iter=20:miniter=0:polish_iter=0:feedback_slots=1:feedback_interval=1:sample_target=16384,end-to-end,washout,3,3,-1,0.04592141695320606,'{img2sixel}' --threads=1 --precision=8bit --quality=full '--loaders=libpng!' --sampling-policy=full-frame --binning-policy=hard --quantize-model=kmeans:inittype=none:threshold=0.125:binbits=6:mapping=uniform:softdist=trilinear:feedback=0:prune=hamerly:seed=1:restarts=1:iter=20:miniter=0:polish_iter=0:feedback_slots=1:feedback_interval=1:sample_target=16384 -Xoklab -Wgamma --diffusion=none --gpu-policy=off --lookup-policy=none -F none -a off -p 8 -o '{devnull}' '{input}'
f2c138d8f6aa0a90c89d019f85eaf9bb3efa5edb,macOS-26.5.1-arm64-arm-64bit-Mach-O,images/snake.png,8,full-frame-exact,full-frame,exact,kmeans:inittype=none:threshold=0.125:binbits=6:mapping=uniform:softdist=trilinear:feedback=0:prune=hamerly:seed=1:restarts=1:iter=20:miniter=0:polish_iter=0:feedback_slots=1:feedback_interval=1:sample_target=16384,end-to-end,measured,3,3,0,0.06278091692365706,'{img2sixel}' --threads=1 --precision=8bit --quality=full '--loaders=libpng!' --sampling-policy=full-frame --binning-policy=exact --quantize-model=kmeans:inittype=none:threshold=0.125:binbits=6:mapping=uniform:softdist=trilinear:feedback=0:prune=hamerly:seed=1:restarts=1:iter=20:miniter=0:polish_iter=0:feedback_slots=1:feedback_interval=1:sample_target=16384 -Xoklab -Wgamma --diffusion=none --gpu-policy=off --lookup-policy=none -F none -a off -p 8 -o '{devnull}' '{input}'
f2c138d8f6aa0a90c89d019f85eaf9bb3efa5edb,macOS-26.5.1-arm64-arm-64bit-Mach-O,images/snake.png,8,full-frame-soft,full-frame,soft,kmeans:inittype=none:threshold=0.125:binbits=6:mapping=uniform:softdist=trilinear:feedback=0:prune=hamerly:seed=1:restarts=1:iter=20:miniter=0:polish_iter=0:feedback_slots=1:feedback_interval=1:sample_target=16384,end-to-end,measured,3,3,1,0.05376008409075439,'{img2sixel}' --threads=1 --precision=8bit --quality=full '--loaders=libpng!' --sampling-policy=full-frame --binning-policy=soft --quantize-model=kmeans:inittype=none:threshold=0.125:binbits=6:mapping=uniform:softdist=trilinear:feedback=0:prune=hamerly:seed=1:restarts=1:iter=20:miniter=0:polish_iter=0:feedback_slots=1:feedback_interval=1:sample_target=16384 -Xoklab -Wgamma --diffusion=none --gpu-policy=off --lookup-policy=none -F none -a off -p 8 -o '{devnull}' '{input}'
f2c138d8f6aa0a90c89d019f85eaf9bb3efa5edb,macOS-26.5.1-arm64-arm-64bit-Mach-O,images/snake.png,8,full-frame-none,full-frame,none,kmeans:inittype=none:threshold=0.125:binbits=6:mapping=uniform:softdist=trilinear:feedback=0:prune=hamerly:seed=1:restarts=1:iter=20:miniter=0:polish_iter=0:feedback_slots=1:feedback_interval=1:sample_target=16384,end-to-end,measured,3,3,2,0.07326912484131753,'{img2sixel}' --threads=1 --precision=8bit --quality=full '--loaders=libpng!' --sampling-policy=full-frame --binning-policy=none --quantize-model=kmeans:inittype=none:threshold=0.125:binbits=6:mapping=uniform:softdist=trilinear:feedback=0:prune=hamerly:seed=1:restarts=1:iter=20:miniter=0:polish_iter=0:feedback_slots=1:feedback_interval=1:sample_target=16384 -Xoklab -Wgamma --diffusion=none --gpu-policy=off --lookup-policy=none -F none -a off -p 8 -o '{devnull}' '{input}'
f2c138d8f6aa0a90c89d019f85eaf9bb3efa5edb,macOS-26.5.1-arm64-arm-64bit-Mach-O,images/snake.png,8,full-frame-hard,full-frame,hard,kmeans:inittype=none:threshold=0.125:binbits=6:mapping=uniform:softdist=trilinear:feedback=0:prune=hamerly:seed=1:restarts=1:iter=20:miniter=0:polish_iter=0:feedback_slots=1:feedback_interval=1:sample_target=16384,end-to-end,measured,3,3,3,0.046352666802704334,'{img2sixel}' --threads=1 --precision=8bit --quality=full '--loaders=libpng!' --sampling-policy=full-frame --binning-policy=hard --quantize-model=kmeans:inittype=none:threshold=0.125:binbits=6:mapping=uniform:softdist=trilinear:feedback=0:prune=hamerly:seed=1:restarts=1:iter=20:miniter=0:polish_iter=0:feedback_slots=1:feedback_interval=1:sample_target=16384 -Xoklab -Wgamma --diffusion=none --gpu-policy=off --lookup-policy=none -F none -a off -p 8 -o '{devnull}' '{input}'
f2c138d8f6aa0a90c89d019f85eaf9bb3efa5edb,macOS-26.5.1-arm64-arm-64bit-Mach-O,images/snake.png,8,adaptive-grid-hard,adaptive-grid,hard,kmeans:inittype=none:threshold=0.125:binbits=6:mapping=uniform:softdist=trilinear:feedback=0:prune=hamerly:seed=1:restarts=1:iter=20:miniter=0:polish_iter=0:feedback_slots=1:feedback_interval=1:sample_target=16384,end-to-end,measured,3,3,4,0.03167883399873972,'{img2sixel}' --threads=1 --precision=8bit --quality=full '--loaders=libpng!' --sampling-policy=adaptive-grid --binning-policy=hard --quantize-model=kmeans:inittype=none:threshold=0.125:binbits=6:mapping=uniform:softdist=trilinear:feedback=0:prune=hamerly:seed=1:restarts=1:iter=20:miniter=0:polish_iter=0:feedback_slots=1:feedback_interval=1:sample_target=16384 -Xoklab -Wgamma --diffusion=none --gpu-policy=off --lookup-policy=none -F none -a off -p 8 -o '{devnull}' '{input}'
f2c138d8f6aa0a90c89d019f85eaf9bb3efa5edb,macOS-26.5.1-arm64-arm-64bit-Mach-O,images/snake.png,8,full-frame-hard,full-frame,hard,kmeans:inittype=none:threshold=0.125:binbits=6:mapping=uniform:softdist=trilinear:feedback=0:prune=hamerly:seed=1:restarts=1:iter=20:miniter=0:polish_iter=0:feedback_slots=1:feedback_interval=1:sample_target=16384,end-to-end,washout,4,4,-1,0.045064666075631976,'{img2sixel}' --threads=1 --precision=8bit --quality=full '--loaders=libpng!' --sampling-policy=full-frame --binning-policy=hard --quantize-model=kmeans:inittype=none:threshold=0.125:binbits=6:mapping=uniform:softdist=trilinear:feedback=0:prune=hamerly:seed=1:restarts=1:iter=20:miniter=0:polish_iter=0:feedback_slots=1:feedback_interval=1:sample_target=16384 -Xoklab -Wgamma --diffusion=none --gpu-policy=off --lookup-policy=none -F none -a off -p 8 -o '{devnull}' '{input}'
f2c138d8f6aa0a90c89d019f85eaf9bb3efa5edb,macOS-26.5.1-arm64-arm-64bit-Mach-O,images/snake.png,8,full-frame-soft,full-frame,soft,kmeans:inittype=none:threshold=0.125:binbits=6:mapping=uniform:softdist=trilinear:feedback=0:prune=hamerly:seed=1:restarts=1:iter=20:miniter=0:polish_iter=0:feedback_slots=1:feedback_interval=1:sample_target=16384,end-to-end,measured,4,4,0,0.05354887503199279,'{img2sixel}' --threads=1 --precision=8bit --quality=full '--loaders=libpng!' --sampling-policy=full-frame --binning-policy=soft --quantize-model=kmeans:inittype=none:threshold=0.125:binbits=6:mapping=uniform:softdist=trilinear:feedback=0:prune=hamerly:seed=1:restarts=1:iter=20:miniter=0:polish_iter=0:feedback_slots=1:feedback_interval=1:sample_target=16384 -Xoklab -Wgamma --diffusion=none --gpu-policy=off --lookup-policy=none -F none -a off -p 8 -o '{devnull}' '{input}'
f2c138d8f6aa0a90c89d019f85eaf9bb3efa5edb,macOS-26.5.1-arm64-arm-64bit-Mach-O,images/snake.png,8,full-frame-hard,full-frame,hard,kmeans:inittype=none:threshold=0.125:binbits=6:mapping=uniform:softdist=trilinear:feedback=0:prune=hamerly:seed=1:restarts=1:iter=20:miniter=0:polish_iter=0:feedback_slots=1:feedback_interval=1:sample_target=16384,end-to-end,measured,4,4,1,0.04609045898541808,'{img2sixel}' --threads=1 --precision=8bit --quality=full '--loaders=libpng!' --sampling-policy=full-frame --binning-policy=hard --quantize-model=kmeans:inittype=none:threshold=0.125:binbits=6:mapping=uniform:softdist=trilinear:feedback=0:prune=hamerly:seed=1:restarts=1:iter=20:miniter=0:polish_iter=0:feedback_slots=1:feedback_interval=1:sample_target=16384 -Xoklab -Wgamma --diffusion=none --gpu-policy=off --lookup-policy=none -F none -a off -p 8 -o '{devnull}' '{input}'
f2c138d8f6aa0a90c89d019f85eaf9bb3efa5edb,macOS-26.5.1-arm64-arm-64bit-Mach-O,images/snake.png,8,full-frame-exact,full-frame,exact,kmeans:inittype=none:threshold=0.125:binbits=6:mapping=uniform:softdist=trilinear:feedback=0:prune=hamerly:seed=1:restarts=1:iter=20:miniter=0:polish_iter=0:feedback_slots=1:feedback_interval=1:sample_target=16384,end-to-end,measured,4,4,2,0.06263887486420572,'{img2sixel}' --threads=1 --precision=8bit --quality=full '--loaders=libpng!' --sampling-policy=full-frame --binning-policy=exact --quantize-model=kmeans:inittype=none:threshold=0.125:binbits=6:mapping=uniform:softdist=trilinear:feedback=0:prune=hamerly:seed=1:restarts=1:iter=20:miniter=0:polish_iter=0:feedback_slots=1:feedback_interval=1:sample_target=16384 -Xoklab -Wgamma --diffusion=none --gpu-policy=off --lookup-policy=none -F none -a off -p 8 -o '{devnull}' '{input}'
f2c138d8f6aa0a90c89d019f85eaf9bb3efa5edb,macOS-26.5.1-arm64-arm-64bit-Mach-O,images/snake.png,8,adaptive-grid-hard,adaptive-grid,hard,kmeans:inittype=none:threshold=0.125:binbits=6:mapping=uniform:softdist=trilinear:feedback=0:prune=hamerly:seed=1:restarts=1:iter=20:miniter=0:polish_iter=0:feedback_slots=1:feedback_interval=1:sample_target=16384,end-to-end,measured,4,4,3,0.0317948330193758,'{img2sixel}' --threads=1 --precision=8bit --quality=full '--loaders=libpng!' --sampling-policy=adaptive-grid --binning-policy=hard --quantize-model=kmeans:inittype=none:threshold=0.125:binbits=6:mapping=uniform:softdist=trilinear:feedback=0:prune=hamerly:seed=1:restarts=1:iter=20:miniter=0:polish_iter=0:feedback_slots=1:feedback_interval=1:sample_target=16384 -Xoklab -Wgamma --diffusion=none --gpu-policy=off --lookup-policy=none -F none -a off -p 8 -o '{devnull}' '{input}'
f2c138d8f6aa0a90c89d019f85eaf9bb3efa5edb,macOS-26.5.1-arm64-arm-64bit-Mach-O,images/snake.png,8,full-frame-none,full-frame,none,kmeans:inittype=none:threshold=0.125:binbits=6:mapping=uniform:softdist=trilinear:feedback=0:prune=hamerly:seed=1:restarts=1:iter=20:miniter=0:polish_iter=0:feedback_slots=1:feedback_interval=1:sample_target=16384,end-to-end,measured,4,4,4,0.07196558290161192,'{img2sixel}' --threads=1 --precision=8bit --quality=full '--loaders=libpng!' --sampling-policy=full-frame --binning-policy=none --quantize-model=kmeans:inittype=none:threshold=0.125:binbits=6:mapping=uniform:softdist=trilinear:feedback=0:prune=hamerly:seed=1:restarts=1:iter=20:miniter=0:polish_iter=0:feedback_slots=1:feedback_interval=1:sample_target=16384 -Xoklab -Wgamma --diffusion=none --gpu-policy=off --lookup-policy=none -F none -a off -p 8 -o '{devnull}' '{input}'
f2c138d8f6aa0a90c89d019f85eaf9bb3efa5edb,macOS-26.5.1-arm64-arm-64bit-Mach-O,images/snake.png,8,full-frame-hard,full-frame,hard,kmeans:inittype=none:threshold=0.125:binbits=6:mapping=uniform:softdist=trilinear:feedback=0:prune=hamerly:seed=1:restarts=1:iter=20:miniter=0:polish_iter=0:feedback_slots=1:feedback_interval=1:sample_target=16384,end-to-end,washout,5,5,-1,0.04740854096598923,'{img2sixel}' --threads=1 --precision=8bit --quality=full '--loaders=libpng!' --sampling-policy=full-frame --binning-policy=hard --quantize-model=kmeans:inittype=none:threshold=0.125:binbits=6:mapping=uniform:softdist=trilinear:feedback=0:prune=hamerly:seed=1:restarts=1:iter=20:miniter=0:polish_iter=0:feedback_slots=1:feedback_interval=1:sample_target=16384 -Xoklab -Wgamma --diffusion=none --gpu-policy=off --lookup-policy=none -F none -a off -p 8 -o '{devnull}' '{input}'
f2c138d8f6aa0a90c89d019f85eaf9bb3efa5edb,macOS-26.5.1-arm64-arm-64bit-Mach-O,images/snake.png,8,full-frame-exact,full-frame,exact,kmeans:inittype=none:threshold=0.125:binbits=6:mapping=uniform:softdist=trilinear:feedback=0:prune=hamerly:seed=1:restarts=1:iter=20:miniter=0:polish_iter=0:feedback_slots=1:feedback_interval=1:sample_target=16384,end-to-end,measured,5,5,0,0.06258712499402463,'{img2sixel}' --threads=1 --precision=8bit --quality=full '--loaders=libpng!' --sampling-policy=full-frame --binning-policy=exact --quantize-model=kmeans:inittype=none:threshold=0.125:binbits=6:mapping=uniform:softdist=trilinear:feedback=0:prune=hamerly:seed=1:restarts=1:iter=20:miniter=0:polish_iter=0:feedback_slots=1:feedback_interval=1:sample_target=16384 -Xoklab -Wgamma --diffusion=none --gpu-policy=off --lookup-policy=none -F none -a off -p 8 -o '{devnull}' '{input}'
f2c138d8f6aa0a90c89d019f85eaf9bb3efa5edb,macOS-26.5.1-arm64-arm-64bit-Mach-O,images/snake.png,8,full-frame-none,full-frame,none,kmeans:inittype=none:threshold=0.125:binbits=6:mapping=uniform:softdist=trilinear:feedback=0:prune=hamerly:seed=1:restarts=1:iter=20:miniter=0:polish_iter=0:feedback_slots=1:feedback_interval=1:sample_target=16384,end-to-end,measured,5,5,1,0.07288337498903275,'{img2sixel}' --threads=1 --precision=8bit --quality=full '--loaders=libpng!' --sampling-policy=full-frame --binning-policy=none --quantize-model=kmeans:inittype=none:threshold=0.125:binbits=6:mapping=uniform:softdist=trilinear:feedback=0:prune=hamerly:seed=1:restarts=1:iter=20:miniter=0:polish_iter=0:feedback_slots=1:feedback_interval=1:sample_target=16384 -Xoklab -Wgamma --diffusion=none --gpu-policy=off --lookup-policy=none -F none -a off -p 8 -o '{devnull}' '{input}'
f2c138d8f6aa0a90c89d019f85eaf9bb3efa5edb,macOS-26.5.1-arm64-arm-64bit-Mach-O,images/snake.png,8,full-frame-soft,full-frame,soft,kmeans:inittype=none:threshold=0.125:binbits=6:mapping=uniform:softdist=trilinear:feedback=0:prune=hamerly:seed=1:restarts=1:iter=20:miniter=0:polish_iter=0:feedback_slots=1:feedback_interval=1:sample_target=16384,end-to-end,measured,5,5,2,0.05397562496364117,'{img2sixel}' --threads=1 --precision=8bit --quality=full '--loaders=libpng!' --sampling-policy=full-frame --binning-policy=soft --quantize-model=kmeans:inittype=none:threshold=0.125:binbits=6:mapping=uniform:softdist=trilinear:feedback=0:prune=hamerly:seed=1:restarts=1:iter=20:miniter=0:polish_iter=0:feedback_slots=1:feedback_interval=1:sample_target=16384 -Xoklab -Wgamma --diffusion=none --gpu-policy=off --lookup-policy=none -F none -a off -p 8 -o '{devnull}' '{input}'
f2c138d8f6aa0a90c89d019f85eaf9bb3efa5edb,macOS-26.5.1-arm64-arm-64bit-Mach-O,images/snake.png,8,adaptive-grid-hard,adaptive-grid,hard,kmeans:inittype=none:threshold=0.125:binbits=6:mapping=uniform:softdist=trilinear:feedback=0:prune=hamerly:seed=1:restarts=1:iter=20:miniter=0:polish_iter=0:feedback_slots=1:feedback_interval=1:sample_target=16384,end-to-end,measured,5,5,3,0.0313012080732733,'{img2sixel}' --threads=1 --precision=8bit --quality=full '--loaders=libpng!' --sampling-policy=adaptive-grid --binning-policy=hard --quantize-model=kmeans:inittype=none:threshold=0.125:binbits=6:mapping=uniform:softdist=trilinear:feedback=0:prune=hamerly:seed=1:restarts=1:iter=20:miniter=0:polish_iter=0:feedback_slots=1:feedback_interval=1:sample_target=16384 -Xoklab -Wgamma --diffusion=none --gpu-policy=off --lookup-policy=none -F none -a off -p 8 -o '{devnull}' '{input}'
f2c138d8f6aa0a90c89d019f85eaf9bb3efa5edb,macOS-26.5.1-arm64-arm-64bit-Mach-O,images/snake.png,8,full-frame-hard,full-frame,hard,kmeans:inittype=none:threshold=0.125:binbits=6:mapping=uniform:softdist=trilinear:feedback=0:prune=hamerly:seed=1:restarts=1:iter=20:miniter=0:polish_iter=0:feedback_slots=1:feedback_interval=1:sample_target=16384,end-to-end,measured,5,5,4,0.04479554109275341,'{img2sixel}' --threads=1 --precision=8bit --quality=full '--loaders=libpng!' --sampling-policy=full-frame --binning-policy=hard --quantize-model=kmeans:inittype=none:threshold=0.125:binbits=6:mapping=uniform:softdist=trilinear:feedback=0:prune=hamerly:seed=1:restarts=1:iter=20:miniter=0:polish_iter=0:feedback_slots=1:feedback_interval=1:sample_target=16384 -Xoklab -Wgamma --diffusion=none --gpu-policy=off --lookup-policy=none -F none -a off -p 8 -o '{devnull}' '{input}'
f2c138d8f6aa0a90c89d019f85eaf9bb3efa5edb,macOS-26.5.1-arm64-arm-64bit-Mach-O,images/snake.png,8,full-frame-hard,full-frame,hard,kmeans:inittype=none:threshold=0.125:binbits=6:mapping=uniform:softdist=trilinear:feedback=0:prune=hamerly:seed=1:restarts=1:iter=20:miniter=0:polish_iter=0:feedback_slots=1:feedback_interval=1:sample_target=16384,end-to-end,washout,6,6,-1,0.04599895887076855,'{img2sixel}' --threads=1 --precision=8bit --quality=full '--loaders=libpng!' --sampling-policy=full-frame --binning-policy=hard --quantize-model=kmeans:inittype=none:threshold=0.125:binbits=6:mapping=uniform:softdist=trilinear:feedback=0:prune=hamerly:seed=1:restarts=1:iter=20:miniter=0:polish_iter=0:feedback_slots=1:feedback_interval=1:sample_target=16384 -Xoklab -Wgamma --diffusion=none --gpu-policy=off --lookup-policy=none -F none -a off -p 8 -o '{devnull}' '{input}'
f2c138d8f6aa0a90c89d019f85eaf9bb3efa5edb,macOS-26.5.1-arm64-arm-64bit-Mach-O,images/snake.png,8,full-frame-soft,full-frame,soft,kmeans:inittype=none:threshold=0.125:binbits=6:mapping=uniform:softdist=trilinear:feedback=0:prune=hamerly:seed=1:restarts=1:iter=20:miniter=0:polish_iter=0:feedback_slots=1:feedback_interval=1:sample_target=16384,end-to-end,measured,6,6,0,0.05464270804077387,'{img2sixel}' --threads=1 --precision=8bit --quality=full '--loaders=libpng!' --sampling-policy=full-frame --binning-policy=soft --quantize-model=kmeans:inittype=none:threshold=0.125:binbits=6:mapping=uniform:softdist=trilinear:feedback=0:prune=hamerly:seed=1:restarts=1:iter=20:miniter=0:polish_iter=0:feedback_slots=1:feedback_interval=1:sample_target=16384 -Xoklab -Wgamma --diffusion=none --gpu-policy=off --lookup-policy=none -F none -a off -p 8 -o '{devnull}' '{input}'
f2c138d8f6aa0a90c89d019f85eaf9bb3efa5edb,macOS-26.5.1-arm64-arm-64bit-Mach-O,images/snake.png,8,full-frame-exact,full-frame,exact,kmeans:inittype=none:threshold=0.125:binbits=6:mapping=uniform:softdist=trilinear:feedback=0:prune=hamerly:seed=1:restarts=1:iter=20:miniter=0:polish_iter=0:feedback_slots=1:feedback_interval=1:sample_target=16384,end-to-end,measured,6,6,1,0.06306933402083814,'{img2sixel}' --threads=1 --precision=8bit --quality=full '--loaders=libpng!' --sampling-policy=full-frame --binning-policy=exact --quantize-model=kmeans:inittype=none:threshold=0.125:binbits=6:mapping=uniform:softdist=trilinear:feedback=0:prune=hamerly:seed=1:restarts=1:iter=20:miniter=0:polish_iter=0:feedback_slots=1:feedback_interval=1:sample_target=16384 -Xoklab -Wgamma --diffusion=none --gpu-policy=off --lookup-policy=none -F none -a off -p 8 -o '{devnull}' '{input}'
f2c138d8f6aa0a90c89d019f85eaf9bb3efa5edb,macOS-26.5.1-arm64-arm-64bit-Mach-O,images/snake.png,8,full-frame-hard,full-frame,hard,kmeans:inittype=none:threshold=0.125:binbits=6:mapping=uniform:softdist=trilinear:feedback=0:prune=hamerly:seed=1:restarts=1:iter=20:miniter=0:polish_iter=0:feedback_slots=1:feedback_interval=1:sample_target=16384,end-to-end,measured,6,6,2,0.04670016607269645,'{img2sixel}' --threads=1 --precision=8bit --quality=full '--loaders=libpng!' --sampling-policy=full-frame --binning-policy=hard --quantize-model=kmeans:inittype=none:threshold=0.125:binbits=6:mapping=uniform:softdist=trilinear:feedback=0:prune=hamerly:seed=1:restarts=1:iter=20:miniter=0:polish_iter=0:feedback_slots=1:feedback_interval=1:sample_target=16384 -Xoklab -Wgamma --diffusion=none --gpu-policy=off --lookup-policy=none -F none -a off -p 8 -o '{devnull}' '{input}'
f2c138d8f6aa0a90c89d019f85eaf9bb3efa5edb,macOS-26.5.1-arm64-arm-64bit-Mach-O,images/snake.png,8,full-frame-none,full-frame,none,kmeans:inittype=none:threshold=0.125:binbits=6:mapping=uniform:softdist=trilinear:feedback=0:prune=hamerly:seed=1:restarts=1:iter=20:miniter=0:polish_iter=0:feedback_slots=1:feedback_interval=1:sample_target=16384,end-to-end,measured,6,6,3,0.07366845919750631,'{img2sixel}' --threads=1 --precision=8bit --quality=full '--loaders=libpng!' --sampling-policy=full-frame --binning-policy=none --quantize-model=kmeans:inittype=none:threshold=0.125:binbits=6:mapping=uniform:softdist=trilinear:feedback=0:prune=hamerly:seed=1:restarts=1:iter=20:miniter=0:polish_iter=0:feedback_slots=1:feedback_interval=1:sample_target=16384 -Xoklab -Wgamma --diffusion=none --gpu-policy=off --lookup-policy=none -F none -a off -p 8 -o '{devnull}' '{input}'
f2c138d8f6aa0a90c89d019f85eaf9bb3efa5edb,macOS-26.5.1-arm64-arm-64bit-Mach-O,images/snake.png,8,adaptive-grid-hard,adaptive-grid,hard,kmeans:inittype=none:threshold=0.125:binbits=6:mapping=uniform:softdist=trilinear:feedback=0:prune=hamerly:seed=1:restarts=1:iter=20:miniter=0:polish_iter=0:feedback_slots=1:feedback_interval=1:sample_target=16384,end-to-end,measured,6,6,4,0.03197162505239248,'{img2sixel}' --threads=1 --precision=8bit --quality=full '--loaders=libpng!' --sampling-policy=adaptive-grid --binning-policy=hard --quantize-model=kmeans:inittype=none:threshold=0.125:binbits=6:mapping=uniform:softdist=trilinear:feedback=0:prune=hamerly:seed=1:restarts=1:iter=20:miniter=0:polish_iter=0:feedback_slots=1:feedback_interval=1:sample_target=16384 -Xoklab -Wgamma --diffusion=none --gpu-policy=off --lookup-policy=none -F none -a off -p 8 -o '{devnull}' '{input}'
f2c138d8f6aa0a90c89d019f85eaf9bb3efa5edb,macOS-26.5.1-arm64-arm-64bit-Mach-O,images/snake.png,8,full-frame-hard,full-frame,hard,kmeans:inittype=none:threshold=0.125:binbits=6:mapping=uniform:softdist=trilinear:feedback=0:prune=hamerly:seed=1:restarts=1:iter=20:miniter=0:polish_iter=0:feedback_slots=1:feedback_interval=1:sample_target=16384,end-to-end,washout,7,7,-1,0.045749083161354065,'{img2sixel}' --threads=1 --precision=8bit --quality=full '--loaders=libpng!' --sampling-policy=full-frame --binning-policy=hard --quantize-model=kmeans:inittype=none:threshold=0.125:binbits=6:mapping=uniform:softdist=trilinear:feedback=0:prune=hamerly:seed=1:restarts=1:iter=20:miniter=0:polish_iter=0:feedback_slots=1:feedback_interval=1:sample_target=16384 -Xoklab -Wgamma --diffusion=none --gpu-policy=off --lookup-policy=none -F none -a off -p 8 -o '{devnull}' '{input}'
f2c138d8f6aa0a90c89d019f85eaf9bb3efa5edb,macOS-26.5.1-arm64-arm-64bit-Mach-O,images/snake.png,8,full-frame-hard,full-frame,hard,kmeans:inittype=none:threshold=0.125:binbits=6:mapping=uniform:softdist=trilinear:feedback=0:prune=hamerly:seed=1:restarts=1:iter=20:miniter=0:polish_iter=0:feedback_slots=1:feedback_interval=1:sample_target=16384,end-to-end,measured,7,7,0,0.046691374853253365,'{img2sixel}' --threads=1 --precision=8bit --quality=full '--loaders=libpng!' --sampling-policy=full-frame --binning-policy=hard --quantize-model=kmeans:inittype=none:threshold=0.125:binbits=6:mapping=uniform:softdist=trilinear:feedback=0:prune=hamerly:seed=1:restarts=1:iter=20:miniter=0:polish_iter=0:feedback_slots=1:feedback_interval=1:sample_target=16384 -Xoklab -Wgamma --diffusion=none --gpu-policy=off --lookup-policy=none -F none -a off -p 8 -o '{devnull}' '{input}'
f2c138d8f6aa0a90c89d019f85eaf9bb3efa5edb,macOS-26.5.1-arm64-arm-64bit-Mach-O,images/snake.png,8,full-frame-soft,full-frame,soft,kmeans:inittype=none:threshold=0.125:binbits=6:mapping=uniform:softdist=trilinear:feedback=0:prune=hamerly:seed=1:restarts=1:iter=20:miniter=0:polish_iter=0:feedback_slots=1:feedback_interval=1:sample_target=16384,end-to-end,measured,7,7,1,0.05424779187887907,'{img2sixel}' --threads=1 --precision=8bit --quality=full '--loaders=libpng!' --sampling-policy=full-frame --binning-policy=soft --quantize-model=kmeans:inittype=none:threshold=0.125:binbits=6:mapping=uniform:softdist=trilinear:feedback=0:prune=hamerly:seed=1:restarts=1:iter=20:miniter=0:polish_iter=0:feedback_slots=1:feedback_interval=1:sample_target=16384 -Xoklab -Wgamma --diffusion=none --gpu-policy=off --lookup-policy=none -F none -a off -p 8 -o '{devnull}' '{input}'
f2c138d8f6aa0a90c89d019f85eaf9bb3efa5edb,macOS-26.5.1-arm64-arm-64bit-Mach-O,images/snake.png,8,adaptive-grid-hard,adaptive-grid,hard,kmeans:inittype=none:threshold=0.125:binbits=6:mapping=uniform:softdist=trilinear:feedback=0:prune=hamerly:seed=1:restarts=1:iter=20:miniter=0:polish_iter=0:feedback_slots=1:feedback_interval=1:sample_target=16384,end-to-end,measured,7,7,2,0.03195833298377693,'{img2sixel}' --threads=1 --precision=8bit --quality=full '--loaders=libpng!' --sampling-policy=adaptive-grid --binning-policy=hard --quantize-model=kmeans:inittype=none:threshold=0.125:binbits=6:mapping=uniform:softdist=trilinear:feedback=0:prune=hamerly:seed=1:restarts=1:iter=20:miniter=0:polish_iter=0:feedback_slots=1:feedback_interval=1:sample_target=16384 -Xoklab -Wgamma --diffusion=none --gpu-policy=off --lookup-policy=none -F none -a off -p 8 -o '{devnull}' '{input}'
f2c138d8f6aa0a90c89d019f85eaf9bb3efa5edb,macOS-26.5.1-arm64-arm-64bit-Mach-O,images/snake.png,8,full-frame-exact,full-frame,exact,kmeans:inittype=none:threshold=0.125:binbits=6:mapping=uniform:softdist=trilinear:feedback=0:prune=hamerly:seed=1:restarts=1:iter=20:miniter=0:polish_iter=0:feedback_slots=1:feedback_interval=1:sample_target=16384,end-to-end,measured,7,7,3,0.061459959018975496,'{img2sixel}' --threads=1 --precision=8bit --quality=full '--loaders=libpng!' --sampling-policy=full-frame --binning-policy=exact --quantize-model=kmeans:inittype=none:threshold=0.125:binbits=6:mapping=uniform:softdist=trilinear:feedback=0:prune=hamerly:seed=1:restarts=1:iter=20:miniter=0:polish_iter=0:feedback_slots=1:feedback_interval=1:sample_target=16384 -Xoklab -Wgamma --diffusion=none --gpu-policy=off --lookup-policy=none -F none -a off -p 8 -o '{devnull}' '{input}'
f2c138d8f6aa0a90c89d019f85eaf9bb3efa5edb,macOS-26.5.1-arm64-arm-64bit-Mach-O,images/snake.png,8,full-frame-none,full-frame,none,kmeans:inittype=none:threshold=0.125:binbits=6:mapping=uniform:softdist=trilinear:feedback=0:prune=hamerly:seed=1:restarts=1:iter=20:miniter=0:polish_iter=0:feedback_slots=1:feedback_interval=1:sample_target=16384,end-to-end,measured,7,7,4,0.07334258290939033,'{img2sixel}' --threads=1 --precision=8bit --quality=full '--loaders=libpng!' --sampling-policy=full-frame --binning-policy=none --quantize-model=kmeans:inittype=none:threshold=0.125:binbits=6:mapping=uniform:softdist=trilinear:feedback=0:prune=hamerly:seed=1:restarts=1:iter=20:miniter=0:polish_iter=0:feedback_slots=1:feedback_interval=1:sample_target=16384 -Xoklab -Wgamma --diffusion=none --gpu-policy=off --lookup-policy=none -F none -a off -p 8 -o '{devnull}' '{input}'
f2c138d8f6aa0a90c89d019f85eaf9bb3efa5edb,macOS-26.5.1-arm64-arm-64bit-Mach-O,images/snake.png,8,full-frame-hard,full-frame,hard,kmeans:inittype=none:threshold=0.125:binbits=6:mapping=uniform:softdist=trilinear:feedback=0:prune=hamerly:seed=1:restarts=1:iter=20:miniter=0:polish_iter=0:feedback_slots=1:feedback_interval=1:sample_target=16384,end-to-end,washout,8,8,-1,0.046965541783720255,'{img2sixel}' --threads=1 --precision=8bit --quality=full '--loaders=libpng!' --sampling-policy=full-frame --binning-policy=hard --quantize-model=kmeans:inittype=none:threshold=0.125:binbits=6:mapping=uniform:softdist=trilinear:feedback=0:prune=hamerly:seed=1:restarts=1:iter=20:miniter=0:polish_iter=0:feedback_slots=1:feedback_interval=1:sample_target=16384 -Xoklab -Wgamma --diffusion=none --gpu-policy=off --lookup-policy=none -F none -a off -p 8 -o '{devnull}' '{input}'
f2c138d8f6aa0a90c89d019f85eaf9bb3efa5edb,macOS-26.5.1-arm64-arm-64bit-Mach-O,images/snake.png,8,adaptive-grid-hard,adaptive-grid,hard,kmeans:inittype=none:threshold=0.125:binbits=6:mapping=uniform:softdist=trilinear:feedback=0:prune=hamerly:seed=1:restarts=1:iter=20:miniter=0:polish_iter=0:feedback_slots=1:feedback_interval=1:sample_target=16384,end-to-end,measured,8,8,0,0.03165270900353789,'{img2sixel}' --threads=1 --precision=8bit --quality=full '--loaders=libpng!' --sampling-policy=adaptive-grid --binning-policy=hard --quantize-model=kmeans:inittype=none:threshold=0.125:binbits=6:mapping=uniform:softdist=trilinear:feedback=0:prune=hamerly:seed=1:restarts=1:iter=20:miniter=0:polish_iter=0:feedback_slots=1:feedback_interval=1:sample_target=16384 -Xoklab -Wgamma --diffusion=none --gpu-policy=off --lookup-policy=none -F none -a off -p 8 -o '{devnull}' '{input}'
f2c138d8f6aa0a90c89d019f85eaf9bb3efa5edb,macOS-26.5.1-arm64-arm-64bit-Mach-O,images/snake.png,8,full-frame-hard,full-frame,hard,kmeans:inittype=none:threshold=0.125:binbits=6:mapping=uniform:softdist=trilinear:feedback=0:prune=hamerly:seed=1:restarts=1:iter=20:miniter=0:polish_iter=0:feedback_slots=1:feedback_interval=1:sample_target=16384,end-to-end,measured,8,8,1,0.04563887510448694,'{img2sixel}' --threads=1 --precision=8bit --quality=full '--loaders=libpng!' --sampling-policy=full-frame --binning-policy=hard --quantize-model=kmeans:inittype=none:threshold=0.125:binbits=6:mapping=uniform:softdist=trilinear:feedback=0:prune=hamerly:seed=1:restarts=1:iter=20:miniter=0:polish_iter=0:feedback_slots=1:feedback_interval=1:sample_target=16384 -Xoklab -Wgamma --diffusion=none --gpu-policy=off --lookup-policy=none -F none -a off -p 8 -o '{devnull}' '{input}'
f2c138d8f6aa0a90c89d019f85eaf9bb3efa5edb,macOS-26.5.1-arm64-arm-64bit-Mach-O,images/snake.png,8,full-frame-none,full-frame,none,kmeans:inittype=none:threshold=0.125:binbits=6:mapping=uniform:softdist=trilinear:feedback=0:prune=hamerly:seed=1:restarts=1:iter=20:miniter=0:polish_iter=0:feedback_slots=1:feedback_interval=1:sample_target=16384,end-to-end,measured,8,8,2,0.07338445796631277,'{img2sixel}' --threads=1 --precision=8bit --quality=full '--loaders=libpng!' --sampling-policy=full-frame --binning-policy=none --quantize-model=kmeans:inittype=none:threshold=0.125:binbits=6:mapping=uniform:softdist=trilinear:feedback=0:prune=hamerly:seed=1:restarts=1:iter=20:miniter=0:polish_iter=0:feedback_slots=1:feedback_interval=1:sample_target=16384 -Xoklab -Wgamma --diffusion=none --gpu-policy=off --lookup-policy=none -F none -a off -p 8 -o '{devnull}' '{input}'
f2c138d8f6aa0a90c89d019f85eaf9bb3efa5edb,macOS-26.5.1-arm64-arm-64bit-Mach-O,images/snake.png,8,full-frame-soft,full-frame,soft,kmeans:inittype=none:threshold=0.125:binbits=6:mapping=uniform:softdist=trilinear:feedback=0:prune=hamerly:seed=1:restarts=1:iter=20:miniter=0:polish_iter=0:feedback_slots=1:feedback_interval=1:sample_target=16384,end-to-end,measured,8,8,3,0.05488995905034244,'{img2sixel}' --threads=1 --precision=8bit --quality=full '--loaders=libpng!' --sampling-policy=full-frame --binning-policy=soft --quantize-model=kmeans:inittype=none:threshold=0.125:binbits=6:mapping=uniform:softdist=trilinear:feedback=0:prune=hamerly:seed=1:restarts=1:iter=20:miniter=0:polish_iter=0:feedback_slots=1:feedback_interval=1:sample_target=16384 -Xoklab -Wgamma --diffusion=none --gpu-policy=off --lookup-policy=none -F none -a off -p 8 -o '{devnull}' '{input}'
f2c138d8f6aa0a90c89d019f85eaf9bb3efa5edb,macOS-26.5.1-arm64-arm-64bit-Mach-O,images/snake.png,8,full-frame-exact,full-frame,exact,kmeans:inittype=none:threshold=0.125:binbits=6:mapping=uniform:softdist=trilinear:feedback=0:prune=hamerly:seed=1:restarts=1:iter=20:miniter=0:polish_iter=0:feedback_slots=1:feedback_interval=1:sample_target=16384,end-to-end,measured,8,8,4,0.06289545795880258,'{img2sixel}' --threads=1 --precision=8bit --quality=full '--loaders=libpng!' --sampling-policy=full-frame --binning-policy=exact --quantize-model=kmeans:inittype=none:threshold=0.125:binbits=6:mapping=uniform:softdist=trilinear:feedback=0:prune=hamerly:seed=1:restarts=1:iter=20:miniter=0:polish_iter=0:feedback_slots=1:feedback_interval=1:sample_target=16384 -Xoklab -Wgamma --diffusion=none --gpu-policy=off --lookup-policy=none -F none -a off -p 8 -o '{devnull}' '{input}'
f2c138d8f6aa0a90c89d019f85eaf9bb3efa5edb,macOS-26.5.1-arm64-arm-64bit-Mach-O,images/snake.png,8,full-frame-hard,full-frame,hard,kmeans:inittype=none:threshold=0.125:binbits=6:mapping=uniform:softdist=trilinear:feedback=0:prune=hamerly:seed=1:restarts=1:iter=20:miniter=0:polish_iter=0:feedback_slots=1:feedback_interval=1:sample_target=16384,end-to-end,washout,9,9,-1,0.0466905829962343,'{img2sixel}' --threads=1 --precision=8bit --quality=full '--loaders=libpng!' --sampling-policy=full-frame --binning-policy=hard --quantize-model=kmeans:inittype=none:threshold=0.125:binbits=6:mapping=uniform:softdist=trilinear:feedback=0:prune=hamerly:seed=1:restarts=1:iter=20:miniter=0:polish_iter=0:feedback_slots=1:feedback_interval=1:sample_target=16384 -Xoklab -Wgamma --diffusion=none --gpu-policy=off --lookup-policy=none -F none -a off -p 8 -o '{devnull}' '{input}'
f2c138d8f6aa0a90c89d019f85eaf9bb3efa5edb,macOS-26.5.1-arm64-arm-64bit-Mach-O,images/snake.png,8,full-frame-none,full-frame,none,kmeans:inittype=none:threshold=0.125:binbits=6:mapping=uniform:softdist=trilinear:feedback=0:prune=hamerly:seed=1:restarts=1:iter=20:miniter=0:polish_iter=0:feedback_slots=1:feedback_interval=1:sample_target=16384,end-to-end,measured,9,9,0,0.07280195807106793,'{img2sixel}' --threads=1 --precision=8bit --quality=full '--loaders=libpng!' --sampling-policy=full-frame --binning-policy=none --quantize-model=kmeans:inittype=none:threshold=0.125:binbits=6:mapping=uniform:softdist=trilinear:feedback=0:prune=hamerly:seed=1:restarts=1:iter=20:miniter=0:polish_iter=0:feedback_slots=1:feedback_interval=1:sample_target=16384 -Xoklab -Wgamma --diffusion=none --gpu-policy=off --lookup-policy=none -F none -a off -p 8 -o '{devnull}' '{input}'
f2c138d8f6aa0a90c89d019f85eaf9bb3efa5edb,macOS-26.5.1-arm64-arm-64bit-Mach-O,images/snake.png,8,adaptive-grid-hard,adaptive-grid,hard,kmeans:inittype=none:threshold=0.125:binbits=6:mapping=uniform:softdist=trilinear:feedback=0:prune=hamerly:seed=1:restarts=1:iter=20:miniter=0:polish_iter=0:feedback_slots=1:feedback_interval=1:sample_target=16384,end-to-end,measured,9,9,1,0.03186175017617643,'{img2sixel}' --threads=1 --precision=8bit --quality=full '--loaders=libpng!' --sampling-policy=adaptive-grid --binning-policy=hard --quantize-model=kmeans:inittype=none:threshold=0.125:binbits=6:mapping=uniform:softdist=trilinear:feedback=0:prune=hamerly:seed=1:restarts=1:iter=20:miniter=0:polish_iter=0:feedback_slots=1:feedback_interval=1:sample_target=16384 -Xoklab -Wgamma --diffusion=none --gpu-policy=off --lookup-policy=none -F none -a off -p 8 -o '{devnull}' '{input}'
f2c138d8f6aa0a90c89d019f85eaf9bb3efa5edb,macOS-26.5.1-arm64-arm-64bit-Mach-O,images/snake.png,8,full-frame-exact,full-frame,exact,kmeans:inittype=none:threshold=0.125:binbits=6:mapping=uniform:softdist=trilinear:feedback=0:prune=hamerly:seed=1:restarts=1:iter=20:miniter=0:polish_iter=0:feedback_slots=1:feedback_interval=1:sample_target=16384,end-to-end,measured,9,9,2,0.062180957989767194,'{img2sixel}' --threads=1 --precision=8bit --quality=full '--loaders=libpng!' --sampling-policy=full-frame --binning-policy=exact --quantize-model=kmeans:inittype=none:threshold=0.125:binbits=6:mapping=uniform:softdist=trilinear:feedback=0:prune=hamerly:seed=1:restarts=1:iter=20:miniter=0:polish_iter=0:feedback_slots=1:feedback_interval=1:sample_target=16384 -Xoklab -Wgamma --diffusion=none --gpu-policy=off --lookup-policy=none -F none -a off -p 8 -o '{devnull}' '{input}'
f2c138d8f6aa0a90c89d019f85eaf9bb3efa5edb,macOS-26.5.1-arm64-arm-64bit-Mach-O,images/snake.png,8,full-frame-hard,full-frame,hard,kmeans:inittype=none:threshold=0.125:binbits=6:mapping=uniform:softdist=trilinear:feedback=0:prune=hamerly:seed=1:restarts=1:iter=20:miniter=0:polish_iter=0:feedback_slots=1:feedback_interval=1:sample_target=16384,end-to-end,measured,9,9,3,0.046793416840955615,'{img2sixel}' --threads=1 --precision=8bit --quality=full '--loaders=libpng!' --sampling-policy=full-frame --binning-policy=hard --quantize-model=kmeans:inittype=none:threshold=0.125:binbits=6:mapping=uniform:softdist=trilinear:feedback=0:prune=hamerly:seed=1:restarts=1:iter=20:miniter=0:polish_iter=0:feedback_slots=1:feedback_interval=1:sample_target=16384 -Xoklab -Wgamma --diffusion=none --gpu-policy=off --lookup-policy=none -F none -a off -p 8 -o '{devnull}' '{input}'
f2c138d8f6aa0a90c89d019f85eaf9bb3efa5edb,macOS-26.5.1-arm64-arm-64bit-Mach-O,images/snake.png,8,full-frame-soft,full-frame,soft,kmeans:inittype=none:threshold=0.125:binbits=6:mapping=uniform:softdist=trilinear:feedback=0:prune=hamerly:seed=1:restarts=1:iter=20:miniter=0:polish_iter=0:feedback_slots=1:feedback_interval=1:sample_target=16384,end-to-end,measured,9,9,4,0.054219875019043684,'{img2sixel}' --threads=1 --precision=8bit --quality=full '--loaders=libpng!' --sampling-policy=full-frame --binning-policy=soft --quantize-model=kmeans:inittype=none:threshold=0.125:binbits=6:mapping=uniform:softdist=trilinear:feedback=0:prune=hamerly:seed=1:restarts=1:iter=20:miniter=0:polish_iter=0:feedback_slots=1:feedback_interval=1:sample_target=16384 -Xoklab -Wgamma --diffusion=none --gpu-policy=off --lookup-policy=none -F none -a off -p 8 -o '{devnull}' '{input}'
f2c138d8f6aa0a90c89d019f85eaf9bb3efa5edb,macOS-26.5.1-arm64-arm-64bit-Mach-O,images/snake.png,8,full-frame-hard,full-frame,hard,kmeans:inittype=none:threshold=0.125:binbits=6:mapping=uniform:softdist=trilinear:feedback=0:prune=hamerly:seed=1:restarts=1:iter=20:miniter=0:polish_iter=0:feedback_slots=1:feedback_interval=1:sample_target=16384,end-to-end,washout,10,0,-1,0.04662812501192093,'{img2sixel}' --threads=1 --precision=8bit --quality=full '--loaders=libpng!' --sampling-policy=full-frame --binning-policy=hard --quantize-model=kmeans:inittype=none:threshold=0.125:binbits=6:mapping=uniform:softdist=trilinear:feedback=0:prune=hamerly:seed=1:restarts=1:iter=20:miniter=0:polish_iter=0:feedback_slots=1:feedback_interval=1:sample_target=16384 -Xoklab -Wgamma --diffusion=none --gpu-policy=off --lookup-policy=none -F none -a off -p 8 -o '{devnull}' '{input}'
f2c138d8f6aa0a90c89d019f85eaf9bb3efa5edb,macOS-26.5.1-arm64-arm-64bit-Mach-O,images/snake.png,8,full-frame-hard,full-frame,hard,kmeans:inittype=none:threshold=0.125:binbits=6:mapping=uniform:softdist=trilinear:feedback=0:prune=hamerly:seed=1:restarts=1:iter=20:miniter=0:polish_iter=0:feedback_slots=1:feedback_interval=1:sample_target=16384,end-to-end,measured,10,0,0,0.04667804203927517,'{img2sixel}' --threads=1 --precision=8bit --quality=full '--loaders=libpng!' --sampling-policy=full-frame --binning-policy=hard --quantize-model=kmeans:inittype=none:threshold=0.125:binbits=6:mapping=uniform:softdist=trilinear:feedback=0:prune=hamerly:seed=1:restarts=1:iter=20:miniter=0:polish_iter=0:feedback_slots=1:feedback_interval=1:sample_target=16384 -Xoklab -Wgamma --diffusion=none --gpu-policy=off --lookup-policy=none -F none -a off -p 8 -o '{devnull}' '{input}'
f2c138d8f6aa0a90c89d019f85eaf9bb3efa5edb,macOS-26.5.1-arm64-arm-64bit-Mach-O,images/snake.png,8,adaptive-grid-hard,adaptive-grid,hard,kmeans:inittype=none:threshold=0.125:binbits=6:mapping=uniform:softdist=trilinear:feedback=0:prune=hamerly:seed=1:restarts=1:iter=20:miniter=0:polish_iter=0:feedback_slots=1:feedback_interval=1:sample_target=16384,end-to-end,measured,10,0,1,0.031619542045518756,'{img2sixel}' --threads=1 --precision=8bit --quality=full '--loaders=libpng!' --sampling-policy=adaptive-grid --binning-policy=hard --quantize-model=kmeans:inittype=none:threshold=0.125:binbits=6:mapping=uniform:softdist=trilinear:feedback=0:prune=hamerly:seed=1:restarts=1:iter=20:miniter=0:polish_iter=0:feedback_slots=1:feedback_interval=1:sample_target=16384 -Xoklab -Wgamma --diffusion=none --gpu-policy=off --lookup-policy=none -F none -a off -p 8 -o '{devnull}' '{input}'
f2c138d8f6aa0a90c89d019f85eaf9bb3efa5edb,macOS-26.5.1-arm64-arm-64bit-Mach-O,images/snake.png,8,full-frame-soft,full-frame,soft,kmeans:inittype=none:threshold=0.125:binbits=6:mapping=uniform:softdist=trilinear:feedback=0:prune=hamerly:seed=1:restarts=1:iter=20:miniter=0:polish_iter=0:feedback_slots=1:feedback_interval=1:sample_target=16384,end-to-end,measured,10,0,2,0.05430483282543719,'{img2sixel}' --threads=1 --precision=8bit --quality=full '--loaders=libpng!' --sampling-policy=full-frame --binning-policy=soft --quantize-model=kmeans:inittype=none:threshold=0.125:binbits=6:mapping=uniform:softdist=trilinear:feedback=0:prune=hamerly:seed=1:restarts=1:iter=20:miniter=0:polish_iter=0:feedback_slots=1:feedback_interval=1:sample_target=16384 -Xoklab -Wgamma --diffusion=none --gpu-policy=off --lookup-policy=none -F none -a off -p 8 -o '{devnull}' '{input}'
f2c138d8f6aa0a90c89d019f85eaf9bb3efa5edb,macOS-26.5.1-arm64-arm-64bit-Mach-O,images/snake.png,8,full-frame-none,full-frame,none,kmeans:inittype=none:threshold=0.125:binbits=6:mapping=uniform:softdist=trilinear:feedback=0:prune=hamerly:seed=1:restarts=1:iter=20:miniter=0:polish_iter=0:feedback_slots=1:feedback_interval=1:sample_target=16384,end-to-end,measured,10,0,3,0.07402437506243587,'{img2sixel}' --threads=1 --precision=8bit --quality=full '--loaders=libpng!' --sampling-policy=full-frame --binning-policy=none --quantize-model=kmeans:inittype=none:threshold=0.125:binbits=6:mapping=uniform:softdist=trilinear:feedback=0:prune=hamerly:seed=1:restarts=1:iter=20:miniter=0:polish_iter=0:feedback_slots=1:feedback_interval=1:sample_target=16384 -Xoklab -Wgamma --diffusion=none --gpu-policy=off --lookup-policy=none -F none -a off -p 8 -o '{devnull}' '{input}'
f2c138d8f6aa0a90c89d019f85eaf9bb3efa5edb,macOS-26.5.1-arm64-arm-64bit-Mach-O,images/snake.png,8,full-frame-exact,full-frame,exact,kmeans:inittype=none:threshold=0.125:binbits=6:mapping=uniform:softdist=trilinear:feedback=0:prune=hamerly:seed=1:restarts=1:iter=20:miniter=0:polish_iter=0:feedback_slots=1:feedback_interval=1:sample_target=16384,end-to-end,measured,10,0,4,0.06373850000090897,'{img2sixel}' --threads=1 --precision=8bit --quality=full '--loaders=libpng!' --sampling-policy=full-frame --binning-policy=exact --quantize-model=kmeans:inittype=none:threshold=0.125:binbits=6:mapping=uniform:softdist=trilinear:feedback=0:prune=hamerly:seed=1:restarts=1:iter=20:miniter=0:polish_iter=0:feedback_slots=1:feedback_interval=1:sample_target=16384 -Xoklab -Wgamma --diffusion=none --gpu-policy=off --lookup-policy=none -F none -a off -p 8 -o '{devnull}' '{input}'
f2c138d8f6aa0a90c89d019f85eaf9bb3efa5edb,macOS-26.5.1-arm64-arm-64bit-Mach-O,images/snake.png,8,full-frame-hard,full-frame,hard,kmeans:inittype=none:threshold=0.125:binbits=6:mapping=uniform:softdist=trilinear:feedback=0:prune=hamerly:seed=1:restarts=1:iter=20:miniter=0:polish_iter=0:feedback_slots=1:feedback_interval=1:sample_target=16384,end-to-end,washout,11,1,-1,0.04744270793162286,'{img2sixel}' --threads=1 --precision=8bit --quality=full '--loaders=libpng!' --sampling-policy=full-frame --binning-policy=hard --quantize-model=kmeans:inittype=none:threshold=0.125:binbits=6:mapping=uniform:softdist=trilinear:feedback=0:prune=hamerly:seed=1:restarts=1:iter=20:miniter=0:polish_iter=0:feedback_slots=1:feedback_interval=1:sample_target=16384 -Xoklab -Wgamma --diffusion=none --gpu-policy=off --lookup-policy=none -F none -a off -p 8 -o '{devnull}' '{input}'
f2c138d8f6aa0a90c89d019f85eaf9bb3efa5edb,macOS-26.5.1-arm64-arm-64bit-Mach-O,images/snake.png,8,adaptive-grid-hard,adaptive-grid,hard,kmeans:inittype=none:threshold=0.125:binbits=6:mapping=uniform:softdist=trilinear:feedback=0:prune=hamerly:seed=1:restarts=1:iter=20:miniter=0:polish_iter=0:feedback_slots=1:feedback_interval=1:sample_target=16384,end-to-end,measured,11,1,0,0.03176850010640919,'{img2sixel}' --threads=1 --precision=8bit --quality=full '--loaders=libpng!' --sampling-policy=adaptive-grid --binning-policy=hard --quantize-model=kmeans:inittype=none:threshold=0.125:binbits=6:mapping=uniform:softdist=trilinear:feedback=0:prune=hamerly:seed=1:restarts=1:iter=20:miniter=0:polish_iter=0:feedback_slots=1:feedback_interval=1:sample_target=16384 -Xoklab -Wgamma --diffusion=none --gpu-policy=off --lookup-policy=none -F none -a off -p 8 -o '{devnull}' '{input}'
f2c138d8f6aa0a90c89d019f85eaf9bb3efa5edb,macOS-26.5.1-arm64-arm-64bit-Mach-O,images/snake.png,8,full-frame-none,full-frame,none,kmeans:inittype=none:threshold=0.125:binbits=6:mapping=uniform:softdist=trilinear:feedback=0:prune=hamerly:seed=1:restarts=1:iter=20:miniter=0:polish_iter=0:feedback_slots=1:feedback_interval=1:sample_target=16384,end-to-end,measured,11,1,1,0.07257479103282094,'{img2sixel}' --threads=1 --precision=8bit --quality=full '--loaders=libpng!' --sampling-policy=full-frame --binning-policy=none --quantize-model=kmeans:inittype=none:threshold=0.125:binbits=6:mapping=uniform:softdist=trilinear:feedback=0:prune=hamerly:seed=1:restarts=1:iter=20:miniter=0:polish_iter=0:feedback_slots=1:feedback_interval=1:sample_target=16384 -Xoklab -Wgamma --diffusion=none --gpu-policy=off --lookup-policy=none -F none -a off -p 8 -o '{devnull}' '{input}'
f2c138d8f6aa0a90c89d019f85eaf9bb3efa5edb,macOS-26.5.1-arm64-arm-64bit-Mach-O,images/snake.png,8,full-frame-hard,full-frame,hard,kmeans:inittype=none:threshold=0.125:binbits=6:mapping=uniform:softdist=trilinear:feedback=0:prune=hamerly:seed=1:restarts=1:iter=20:miniter=0:polish_iter=0:feedback_slots=1:feedback_interval=1:sample_target=16384,end-to-end,measured,11,1,2,0.04696224979124963,'{img2sixel}' --threads=1 --precision=8bit --quality=full '--loaders=libpng!' --sampling-policy=full-frame --binning-policy=hard --quantize-model=kmeans:inittype=none:threshold=0.125:binbits=6:mapping=uniform:softdist=trilinear:feedback=0:prune=hamerly:seed=1:restarts=1:iter=20:miniter=0:polish_iter=0:feedback_slots=1:feedback_interval=1:sample_target=16384 -Xoklab -Wgamma --diffusion=none --gpu-policy=off --lookup-policy=none -F none -a off -p 8 -o '{devnull}' '{input}'
f2c138d8f6aa0a90c89d019f85eaf9bb3efa5edb,macOS-26.5.1-arm64-arm-64bit-Mach-O,images/snake.png,8,full-frame-exact,full-frame,exact,kmeans:inittype=none:threshold=0.125:binbits=6:mapping=uniform:softdist=trilinear:feedback=0:prune=hamerly:seed=1:restarts=1:iter=20:miniter=0:polish_iter=0:feedback_slots=1:feedback_interval=1:sample_target=16384,end-to-end,measured,11,1,3,0.06285516708157957,'{img2sixel}' --threads=1 --precision=8bit --quality=full '--loaders=libpng!' --sampling-policy=full-frame --binning-policy=exact --quantize-model=kmeans:inittype=none:threshold=0.125:binbits=6:mapping=uniform:softdist=trilinear:feedback=0:prune=hamerly:seed=1:restarts=1:iter=20:miniter=0:polish_iter=0:feedback_slots=1:feedback_interval=1:sample_target=16384 -Xoklab -Wgamma --diffusion=none --gpu-policy=off --lookup-policy=none -F none -a off -p 8 -o '{devnull}' '{input}'
f2c138d8f6aa0a90c89d019f85eaf9bb3efa5edb,macOS-26.5.1-arm64-arm-64bit-Mach-O,images/snake.png,8,full-frame-soft,full-frame,soft,kmeans:inittype=none:threshold=0.125:binbits=6:mapping=uniform:softdist=trilinear:feedback=0:prune=hamerly:seed=1:restarts=1:iter=20:miniter=0:polish_iter=0:feedback_slots=1:feedback_interval=1:sample_target=16384,end-to-end,measured,11,1,4,0.05445220787078142,'{img2sixel}' --threads=1 --precision=8bit --quality=full '--loaders=libpng!' --sampling-policy=full-frame --binning-policy=soft --quantize-model=kmeans:inittype=none:threshold=0.125:binbits=6:mapping=uniform:softdist=trilinear:feedback=0:prune=hamerly:seed=1:restarts=1:iter=20:miniter=0:polish_iter=0:feedback_slots=1:feedback_interval=1:sample_target=16384 -Xoklab -Wgamma --diffusion=none --gpu-policy=off --lookup-policy=none -F none -a off -p 8 -o '{devnull}' '{input}'
f2c138d8f6aa0a90c89d019f85eaf9bb3efa5edb,macOS-26.5.1-arm64-arm-64bit-Mach-O,images/snake.png,8,full-frame-hard,full-frame,hard,kmeans:inittype=none:threshold=0.125:binbits=6:mapping=uniform:softdist=trilinear:feedback=0:prune=hamerly:seed=1:restarts=1:iter=20:miniter=0:polish_iter=0:feedback_slots=1:feedback_interval=1:sample_target=16384,palette-build,washout,0,0,-1,0.006286999999999999,'{img2sixel}' --threads=1 --precision=8bit --quality=full '--loaders=libpng!' --sampling-policy=full-frame --binning-policy=hard --quantize-model=kmeans:inittype=none:threshold=0.125:binbits=6:mapping=uniform:softdist=trilinear:feedback=0:prune=hamerly:seed=1:restarts=1:iter=20:miniter=0:polish_iter=0:feedback_slots=1:feedback_interval=1:sample_target=16384 -Xoklab -Wgamma --diffusion=none --gpu-policy=off --lookup-policy=none -F none -a off -p 8 -J '{timeline}' -o '{devnull}' '{input}'
f2c138d8f6aa0a90c89d019f85eaf9bb3efa5edb,macOS-26.5.1-arm64-arm-64bit-Mach-O,images/snake.png,8,full-frame-hard,full-frame,hard,kmeans:inittype=none:threshold=0.125:binbits=6:mapping=uniform:softdist=trilinear:feedback=0:prune=hamerly:seed=1:restarts=1:iter=20:miniter=0:polish_iter=0:feedback_slots=1:feedback_interval=1:sample_target=16384,palette-build,warmup,0,0,0,0.006349000000000002,'{img2sixel}' --threads=1 --precision=8bit --quality=full '--loaders=libpng!' --sampling-policy=full-frame --binning-policy=hard --quantize-model=kmeans:inittype=none:threshold=0.125:binbits=6:mapping=uniform:softdist=trilinear:feedback=0:prune=hamerly:seed=1:restarts=1:iter=20:miniter=0:polish_iter=0:feedback_slots=1:feedback_interval=1:sample_target=16384 -Xoklab -Wgamma --diffusion=none --gpu-policy=off --lookup-policy=none -F none -a off -p 8 -J '{timeline}' -o '{devnull}' '{input}'
f2c138d8f6aa0a90c89d019f85eaf9bb3efa5edb,macOS-26.5.1-arm64-arm-64bit-Mach-O,images/snake.png,8,adaptive-grid-hard,adaptive-grid,hard,kmeans:inittype=none:threshold=0.125:binbits=6:mapping=uniform:softdist=trilinear:feedback=0:prune=hamerly:seed=1:restarts=1:iter=20:miniter=0:polish_iter=0:feedback_slots=1:feedback_interval=1:sample_target=16384,palette-build,warmup,0,0,1,0.00040399999999999985,'{img2sixel}' --threads=1 --precision=8bit --quality=full '--loaders=libpng!' --sampling-policy=adaptive-grid --binning-policy=hard --quantize-model=kmeans:inittype=none:threshold=0.125:binbits=6:mapping=uniform:softdist=trilinear:feedback=0:prune=hamerly:seed=1:restarts=1:iter=20:miniter=0:polish_iter=0:feedback_slots=1:feedback_interval=1:sample_target=16384 -Xoklab -Wgamma --diffusion=none --gpu-policy=off --lookup-policy=none -F none -a off -p 8 -J '{timeline}' -o '{devnull}' '{input}'
f2c138d8f6aa0a90c89d019f85eaf9bb3efa5edb,macOS-26.5.1-arm64-arm-64bit-Mach-O,images/snake.png,8,full-frame-soft,full-frame,soft,kmeans:inittype=none:threshold=0.125:binbits=6:mapping=uniform:softdist=trilinear:feedback=0:prune=hamerly:seed=1:restarts=1:iter=20:miniter=0:polish_iter=0:feedback_slots=1:feedback_interval=1:sample_target=16384,palette-build,warmup,0,0,2,0.014174,'{img2sixel}' --threads=1 --precision=8bit --quality=full '--loaders=libpng!' --sampling-policy=full-frame --binning-policy=soft --quantize-model=kmeans:inittype=none:threshold=0.125:binbits=6:mapping=uniform:softdist=trilinear:feedback=0:prune=hamerly:seed=1:restarts=1:iter=20:miniter=0:polish_iter=0:feedback_slots=1:feedback_interval=1:sample_target=16384 -Xoklab -Wgamma --diffusion=none --gpu-policy=off --lookup-policy=none -F none -a off -p 8 -J '{timeline}' -o '{devnull}' '{input}'
f2c138d8f6aa0a90c89d019f85eaf9bb3efa5edb,macOS-26.5.1-arm64-arm-64bit-Mach-O,images/snake.png,8,full-frame-none,full-frame,none,kmeans:inittype=none:threshold=0.125:binbits=6:mapping=uniform:softdist=trilinear:feedback=0:prune=hamerly:seed=1:restarts=1:iter=20:miniter=0:polish_iter=0:feedback_slots=1:feedback_interval=1:sample_target=16384,palette-build,warmup,0,0,3,0.033197000000000004,'{img2sixel}' --threads=1 --precision=8bit --quality=full '--loaders=libpng!' --sampling-policy=full-frame --binning-policy=none --quantize-model=kmeans:inittype=none:threshold=0.125:binbits=6:mapping=uniform:softdist=trilinear:feedback=0:prune=hamerly:seed=1:restarts=1:iter=20:miniter=0:polish_iter=0:feedback_slots=1:feedback_interval=1:sample_target=16384 -Xoklab -Wgamma --diffusion=none --gpu-policy=off --lookup-policy=none -F none -a off -p 8 -J '{timeline}' -o '{devnull}' '{input}'
f2c138d8f6aa0a90c89d019f85eaf9bb3efa5edb,macOS-26.5.1-arm64-arm-64bit-Mach-O,images/snake.png,8,full-frame-exact,full-frame,exact,kmeans:inittype=none:threshold=0.125:binbits=6:mapping=uniform:softdist=trilinear:feedback=0:prune=hamerly:seed=1:restarts=1:iter=20:miniter=0:polish_iter=0:feedback_slots=1:feedback_interval=1:sample_target=16384,palette-build,warmup,0,0,4,0.022796999999999998,'{img2sixel}' --threads=1 --precision=8bit --quality=full '--loaders=libpng!' --sampling-policy=full-frame --binning-policy=exact --quantize-model=kmeans:inittype=none:threshold=0.125:binbits=6:mapping=uniform:softdist=trilinear:feedback=0:prune=hamerly:seed=1:restarts=1:iter=20:miniter=0:polish_iter=0:feedback_slots=1:feedback_interval=1:sample_target=16384 -Xoklab -Wgamma --diffusion=none --gpu-policy=off --lookup-policy=none -F none -a off -p 8 -J '{timeline}' -o '{devnull}' '{input}'
f2c138d8f6aa0a90c89d019f85eaf9bb3efa5edb,macOS-26.5.1-arm64-arm-64bit-Mach-O,images/snake.png,8,full-frame-hard,full-frame,hard,kmeans:inittype=none:threshold=0.125:binbits=6:mapping=uniform:softdist=trilinear:feedback=0:prune=hamerly:seed=1:restarts=1:iter=20:miniter=0:polish_iter=0:feedback_slots=1:feedback_interval=1:sample_target=16384,palette-build,washout,1,1,-1,0.0062980000000000015,'{img2sixel}' --threads=1 --precision=8bit --quality=full '--loaders=libpng!' --sampling-policy=full-frame --binning-policy=hard --quantize-model=kmeans:inittype=none:threshold=0.125:binbits=6:mapping=uniform:softdist=trilinear:feedback=0:prune=hamerly:seed=1:restarts=1:iter=20:miniter=0:polish_iter=0:feedback_slots=1:feedback_interval=1:sample_target=16384 -Xoklab -Wgamma --diffusion=none --gpu-policy=off --lookup-policy=none -F none -a off -p 8 -J '{timeline}' -o '{devnull}' '{input}'
f2c138d8f6aa0a90c89d019f85eaf9bb3efa5edb,macOS-26.5.1-arm64-arm-64bit-Mach-O,images/snake.png,8,adaptive-grid-hard,adaptive-grid,hard,kmeans:inittype=none:threshold=0.125:binbits=6:mapping=uniform:softdist=trilinear:feedback=0:prune=hamerly:seed=1:restarts=1:iter=20:miniter=0:polish_iter=0:feedback_slots=1:feedback_interval=1:sample_target=16384,palette-build,warmup,1,1,0,0.000405,'{img2sixel}' --threads=1 --precision=8bit --quality=full '--loaders=libpng!' --sampling-policy=adaptive-grid --binning-policy=hard --quantize-model=kmeans:inittype=none:threshold=0.125:binbits=6:mapping=uniform:softdist=trilinear:feedback=0:prune=hamerly:seed=1:restarts=1:iter=20:miniter=0:polish_iter=0:feedback_slots=1:feedback_interval=1:sample_target=16384 -Xoklab -Wgamma --diffusion=none --gpu-policy=off --lookup-policy=none -F none -a off -p 8 -J '{timeline}' -o '{devnull}' '{input}'
f2c138d8f6aa0a90c89d019f85eaf9bb3efa5edb,macOS-26.5.1-arm64-arm-64bit-Mach-O,images/snake.png,8,full-frame-none,full-frame,none,kmeans:inittype=none:threshold=0.125:binbits=6:mapping=uniform:softdist=trilinear:feedback=0:prune=hamerly:seed=1:restarts=1:iter=20:miniter=0:polish_iter=0:feedback_slots=1:feedback_interval=1:sample_target=16384,palette-build,warmup,1,1,1,0.033181,'{img2sixel}' --threads=1 --precision=8bit --quality=full '--loaders=libpng!' --sampling-policy=full-frame --binning-policy=none --quantize-model=kmeans:inittype=none:threshold=0.125:binbits=6:mapping=uniform:softdist=trilinear:feedback=0:prune=hamerly:seed=1:restarts=1:iter=20:miniter=0:polish_iter=0:feedback_slots=1:feedback_interval=1:sample_target=16384 -Xoklab -Wgamma --diffusion=none --gpu-policy=off --lookup-policy=none -F none -a off -p 8 -J '{timeline}' -o '{devnull}' '{input}'
f2c138d8f6aa0a90c89d019f85eaf9bb3efa5edb,macOS-26.5.1-arm64-arm-64bit-Mach-O,images/snake.png,8,full-frame-hard,full-frame,hard,kmeans:inittype=none:threshold=0.125:binbits=6:mapping=uniform:softdist=trilinear:feedback=0:prune=hamerly:seed=1:restarts=1:iter=20:miniter=0:polish_iter=0:feedback_slots=1:feedback_interval=1:sample_target=16384,palette-build,warmup,1,1,2,0.006253,'{img2sixel}' --threads=1 --precision=8bit --quality=full '--loaders=libpng!' --sampling-policy=full-frame --binning-policy=hard --quantize-model=kmeans:inittype=none:threshold=0.125:binbits=6:mapping=uniform:softdist=trilinear:feedback=0:prune=hamerly:seed=1:restarts=1:iter=20:miniter=0:polish_iter=0:feedback_slots=1:feedback_interval=1:sample_target=16384 -Xoklab -Wgamma --diffusion=none --gpu-policy=off --lookup-policy=none -F none -a off -p 8 -J '{timeline}' -o '{devnull}' '{input}'
f2c138d8f6aa0a90c89d019f85eaf9bb3efa5edb,macOS-26.5.1-arm64-arm-64bit-Mach-O,images/snake.png,8,full-frame-exact,full-frame,exact,kmeans:inittype=none:threshold=0.125:binbits=6:mapping=uniform:softdist=trilinear:feedback=0:prune=hamerly:seed=1:restarts=1:iter=20:miniter=0:polish_iter=0:feedback_slots=1:feedback_interval=1:sample_target=16384,palette-build,warmup,1,1,3,0.022644,'{img2sixel}' --threads=1 --precision=8bit --quality=full '--loaders=libpng!' --sampling-policy=full-frame --binning-policy=exact --quantize-model=kmeans:inittype=none:threshold=0.125:binbits=6:mapping=uniform:softdist=trilinear:feedback=0:prune=hamerly:seed=1:restarts=1:iter=20:miniter=0:polish_iter=0:feedback_slots=1:feedback_interval=1:sample_target=16384 -Xoklab -Wgamma --diffusion=none --gpu-policy=off --lookup-policy=none -F none -a off -p 8 -J '{timeline}' -o '{devnull}' '{input}'
f2c138d8f6aa0a90c89d019f85eaf9bb3efa5edb,macOS-26.5.1-arm64-arm-64bit-Mach-O,images/snake.png,8,full-frame-soft,full-frame,soft,kmeans:inittype=none:threshold=0.125:binbits=6:mapping=uniform:softdist=trilinear:feedback=0:prune=hamerly:seed=1:restarts=1:iter=20:miniter=0:polish_iter=0:feedback_slots=1:feedback_interval=1:sample_target=16384,palette-build,warmup,1,1,4,0.014079,'{img2sixel}' --threads=1 --precision=8bit --quality=full '--loaders=libpng!' --sampling-policy=full-frame --binning-policy=soft --quantize-model=kmeans:inittype=none:threshold=0.125:binbits=6:mapping=uniform:softdist=trilinear:feedback=0:prune=hamerly:seed=1:restarts=1:iter=20:miniter=0:polish_iter=0:feedback_slots=1:feedback_interval=1:sample_target=16384 -Xoklab -Wgamma --diffusion=none --gpu-policy=off --lookup-policy=none -F none -a off -p 8 -J '{timeline}' -o '{devnull}' '{input}'
f2c138d8f6aa0a90c89d019f85eaf9bb3efa5edb,macOS-26.5.1-arm64-arm-64bit-Mach-O,images/snake.png,8,full-frame-hard,full-frame,hard,kmeans:inittype=none:threshold=0.125:binbits=6:mapping=uniform:softdist=trilinear:feedback=0:prune=hamerly:seed=1:restarts=1:iter=20:miniter=0:polish_iter=0:feedback_slots=1:feedback_interval=1:sample_target=16384,palette-build,washout,2,2,-1,0.006323000000000002,'{img2sixel}' --threads=1 --precision=8bit --quality=full '--loaders=libpng!' --sampling-policy=full-frame --binning-policy=hard --quantize-model=kmeans:inittype=none:threshold=0.125:binbits=6:mapping=uniform:softdist=trilinear:feedback=0:prune=hamerly:seed=1:restarts=1:iter=20:miniter=0:polish_iter=0:feedback_slots=1:feedback_interval=1:sample_target=16384 -Xoklab -Wgamma --diffusion=none --gpu-policy=off --lookup-policy=none -F none -a off -p 8 -J '{timeline}' -o '{devnull}' '{input}'
f2c138d8f6aa0a90c89d019f85eaf9bb3efa5edb,macOS-26.5.1-arm64-arm-64bit-Mach-O,images/snake.png,8,full-frame-none,full-frame,none,kmeans:inittype=none:threshold=0.125:binbits=6:mapping=uniform:softdist=trilinear:feedback=0:prune=hamerly:seed=1:restarts=1:iter=20:miniter=0:polish_iter=0:feedback_slots=1:feedback_interval=1:sample_target=16384,palette-build,measured,2,2,0,0.033121,'{img2sixel}' --threads=1 --precision=8bit --quality=full '--loaders=libpng!' --sampling-policy=full-frame --binning-policy=none --quantize-model=kmeans:inittype=none:threshold=0.125:binbits=6:mapping=uniform:softdist=trilinear:feedback=0:prune=hamerly:seed=1:restarts=1:iter=20:miniter=0:polish_iter=0:feedback_slots=1:feedback_interval=1:sample_target=16384 -Xoklab -Wgamma --diffusion=none --gpu-policy=off --lookup-policy=none -F none -a off -p 8 -J '{timeline}' -o '{devnull}' '{input}'
f2c138d8f6aa0a90c89d019f85eaf9bb3efa5edb,macOS-26.5.1-arm64-arm-64bit-Mach-O,images/snake.png,8,full-frame-exact,full-frame,exact,kmeans:inittype=none:threshold=0.125:binbits=6:mapping=uniform:softdist=trilinear:feedback=0:prune=hamerly:seed=1:restarts=1:iter=20:miniter=0:polish_iter=0:feedback_slots=1:feedback_interval=1:sample_target=16384,palette-build,measured,2,2,1,0.022690999999999996,'{img2sixel}' --threads=1 --precision=8bit --quality=full '--loaders=libpng!' --sampling-policy=full-frame --binning-policy=exact --quantize-model=kmeans:inittype=none:threshold=0.125:binbits=6:mapping=uniform:softdist=trilinear:feedback=0:prune=hamerly:seed=1:restarts=1:iter=20:miniter=0:polish_iter=0:feedback_slots=1:feedback_interval=1:sample_target=16384 -Xoklab -Wgamma --diffusion=none --gpu-policy=off --lookup-policy=none -F none -a off -p 8 -J '{timeline}' -o '{devnull}' '{input}'
f2c138d8f6aa0a90c89d019f85eaf9bb3efa5edb,macOS-26.5.1-arm64-arm-64bit-Mach-O,images/snake.png,8,adaptive-grid-hard,adaptive-grid,hard,kmeans:inittype=none:threshold=0.125:binbits=6:mapping=uniform:softdist=trilinear:feedback=0:prune=hamerly:seed=1:restarts=1:iter=20:miniter=0:polish_iter=0:feedback_slots=1:feedback_interval=1:sample_target=16384,palette-build,measured,2,2,2,0.000405,'{img2sixel}' --threads=1 --precision=8bit --quality=full '--loaders=libpng!' --sampling-policy=adaptive-grid --binning-policy=hard --quantize-model=kmeans:inittype=none:threshold=0.125:binbits=6:mapping=uniform:softdist=trilinear:feedback=0:prune=hamerly:seed=1:restarts=1:iter=20:miniter=0:polish_iter=0:feedback_slots=1:feedback_interval=1:sample_target=16384 -Xoklab -Wgamma --diffusion=none --gpu-policy=off --lookup-policy=none -F none -a off -p 8 -J '{timeline}' -o '{devnull}' '{input}'
f2c138d8f6aa0a90c89d019f85eaf9bb3efa5edb,macOS-26.5.1-arm64-arm-64bit-Mach-O,images/snake.png,8,full-frame-soft,full-frame,soft,kmeans:inittype=none:threshold=0.125:binbits=6:mapping=uniform:softdist=trilinear:feedback=0:prune=hamerly:seed=1:restarts=1:iter=20:miniter=0:polish_iter=0:feedback_slots=1:feedback_interval=1:sample_target=16384,palette-build,measured,2,2,3,0.014174,'{img2sixel}' --threads=1 --precision=8bit --quality=full '--loaders=libpng!' --sampling-policy=full-frame --binning-policy=soft --quantize-model=kmeans:inittype=none:threshold=0.125:binbits=6:mapping=uniform:softdist=trilinear:feedback=0:prune=hamerly:seed=1:restarts=1:iter=20:miniter=0:polish_iter=0:feedback_slots=1:feedback_interval=1:sample_target=16384 -Xoklab -Wgamma --diffusion=none --gpu-policy=off --lookup-policy=none -F none -a off -p 8 -J '{timeline}' -o '{devnull}' '{input}'
f2c138d8f6aa0a90c89d019f85eaf9bb3efa5edb,macOS-26.5.1-arm64-arm-64bit-Mach-O,images/snake.png,8,full-frame-hard,full-frame,hard,kmeans:inittype=none:threshold=0.125:binbits=6:mapping=uniform:softdist=trilinear:feedback=0:prune=hamerly:seed=1:restarts=1:iter=20:miniter=0:polish_iter=0:feedback_slots=1:feedback_interval=1:sample_target=16384,palette-build,measured,2,2,4,0.006317999999999999,'{img2sixel}' --threads=1 --precision=8bit --quality=full '--loaders=libpng!' --sampling-policy=full-frame --binning-policy=hard --quantize-model=kmeans:inittype=none:threshold=0.125:binbits=6:mapping=uniform:softdist=trilinear:feedback=0:prune=hamerly:seed=1:restarts=1:iter=20:miniter=0:polish_iter=0:feedback_slots=1:feedback_interval=1:sample_target=16384 -Xoklab -Wgamma --diffusion=none --gpu-policy=off --lookup-policy=none -F none -a off -p 8 -J '{timeline}' -o '{devnull}' '{input}'
f2c138d8f6aa0a90c89d019f85eaf9bb3efa5edb,macOS-26.5.1-arm64-arm-64bit-Mach-O,images/snake.png,8,full-frame-hard,full-frame,hard,kmeans:inittype=none:threshold=0.125:binbits=6:mapping=uniform:softdist=trilinear:feedback=0:prune=hamerly:seed=1:restarts=1:iter=20:miniter=0:polish_iter=0:feedback_slots=1:feedback_interval=1:sample_target=16384,palette-build,washout,3,3,-1,0.006279000000000002,'{img2sixel}' --threads=1 --precision=8bit --quality=full '--loaders=libpng!' --sampling-policy=full-frame --binning-policy=hard --quantize-model=kmeans:inittype=none:threshold=0.125:binbits=6:mapping=uniform:softdist=trilinear:feedback=0:prune=hamerly:seed=1:restarts=1:iter=20:miniter=0:polish_iter=0:feedback_slots=1:feedback_interval=1:sample_target=16384 -Xoklab -Wgamma --diffusion=none --gpu-policy=off --lookup-policy=none -F none -a off -p 8 -J '{timeline}' -o '{devnull}' '{input}'
f2c138d8f6aa0a90c89d019f85eaf9bb3efa5edb,macOS-26.5.1-arm64-arm-64bit-Mach-O,images/snake.png,8,full-frame-exact,full-frame,exact,kmeans:inittype=none:threshold=0.125:binbits=6:mapping=uniform:softdist=trilinear:feedback=0:prune=hamerly:seed=1:restarts=1:iter=20:miniter=0:polish_iter=0:feedback_slots=1:feedback_interval=1:sample_target=16384,palette-build,measured,3,3,0,0.022477999999999998,'{img2sixel}' --threads=1 --precision=8bit --quality=full '--loaders=libpng!' --sampling-policy=full-frame --binning-policy=exact --quantize-model=kmeans:inittype=none:threshold=0.125:binbits=6:mapping=uniform:softdist=trilinear:feedback=0:prune=hamerly:seed=1:restarts=1:iter=20:miniter=0:polish_iter=0:feedback_slots=1:feedback_interval=1:sample_target=16384 -Xoklab -Wgamma --diffusion=none --gpu-policy=off --lookup-policy=none -F none -a off -p 8 -J '{timeline}' -o '{devnull}' '{input}'
f2c138d8f6aa0a90c89d019f85eaf9bb3efa5edb,macOS-26.5.1-arm64-arm-64bit-Mach-O,images/snake.png,8,full-frame-soft,full-frame,soft,kmeans:inittype=none:threshold=0.125:binbits=6:mapping=uniform:softdist=trilinear:feedback=0:prune=hamerly:seed=1:restarts=1:iter=20:miniter=0:polish_iter=0:feedback_slots=1:feedback_interval=1:sample_target=16384,palette-build,measured,3,3,1,0.01409,'{img2sixel}' --threads=1 --precision=8bit --quality=full '--loaders=libpng!' --sampling-policy=full-frame --binning-policy=soft --quantize-model=kmeans:inittype=none:threshold=0.125:binbits=6:mapping=uniform:softdist=trilinear:feedback=0:prune=hamerly:seed=1:restarts=1:iter=20:miniter=0:polish_iter=0:feedback_slots=1:feedback_interval=1:sample_target=16384 -Xoklab -Wgamma --diffusion=none --gpu-policy=off --lookup-policy=none -F none -a off -p 8 -J '{timeline}' -o '{devnull}' '{input}'
f2c138d8f6aa0a90c89d019f85eaf9bb3efa5edb,macOS-26.5.1-arm64-arm-64bit-Mach-O,images/snake.png,8,full-frame-none,full-frame,none,kmeans:inittype=none:threshold=0.125:binbits=6:mapping=uniform:softdist=trilinear:feedback=0:prune=hamerly:seed=1:restarts=1:iter=20:miniter=0:polish_iter=0:feedback_slots=1:feedback_interval=1:sample_target=16384,palette-build,measured,3,3,2,0.034291,'{img2sixel}' --threads=1 --precision=8bit --quality=full '--loaders=libpng!' --sampling-policy=full-frame --binning-policy=none --quantize-model=kmeans:inittype=none:threshold=0.125:binbits=6:mapping=uniform:softdist=trilinear:feedback=0:prune=hamerly:seed=1:restarts=1:iter=20:miniter=0:polish_iter=0:feedback_slots=1:feedback_interval=1:sample_target=16384 -Xoklab -Wgamma --diffusion=none --gpu-policy=off --lookup-policy=none -F none -a off -p 8 -J '{timeline}' -o '{devnull}' '{input}'
f2c138d8f6aa0a90c89d019f85eaf9bb3efa5edb,macOS-26.5.1-arm64-arm-64bit-Mach-O,images/snake.png,8,full-frame-hard,full-frame,hard,kmeans:inittype=none:threshold=0.125:binbits=6:mapping=uniform:softdist=trilinear:feedback=0:prune=hamerly:seed=1:restarts=1:iter=20:miniter=0:polish_iter=0:feedback_slots=1:feedback_interval=1:sample_target=16384,palette-build,measured,3,3,3,0.006411,'{img2sixel}' --threads=1 --precision=8bit --quality=full '--loaders=libpng!' --sampling-policy=full-frame --binning-policy=hard --quantize-model=kmeans:inittype=none:threshold=0.125:binbits=6:mapping=uniform:softdist=trilinear:feedback=0:prune=hamerly:seed=1:restarts=1:iter=20:miniter=0:polish_iter=0:feedback_slots=1:feedback_interval=1:sample_target=16384 -Xoklab -Wgamma --diffusion=none --gpu-policy=off --lookup-policy=none -F none -a off -p 8 -J '{timeline}' -o '{devnull}' '{input}'
f2c138d8f6aa0a90c89d019f85eaf9bb3efa5edb,macOS-26.5.1-arm64-arm-64bit-Mach-O,images/snake.png,8,adaptive-grid-hard,adaptive-grid,hard,kmeans:inittype=none:threshold=0.125:binbits=6:mapping=uniform:softdist=trilinear:feedback=0:prune=hamerly:seed=1:restarts=1:iter=20:miniter=0:polish_iter=0:feedback_slots=1:feedback_interval=1:sample_target=16384,palette-build,measured,3,3,4,0.0004069999999999994,'{img2sixel}' --threads=1 --precision=8bit --quality=full '--loaders=libpng!' --sampling-policy=adaptive-grid --binning-policy=hard --quantize-model=kmeans:inittype=none:threshold=0.125:binbits=6:mapping=uniform:softdist=trilinear:feedback=0:prune=hamerly:seed=1:restarts=1:iter=20:miniter=0:polish_iter=0:feedback_slots=1:feedback_interval=1:sample_target=16384 -Xoklab -Wgamma --diffusion=none --gpu-policy=off --lookup-policy=none -F none -a off -p 8 -J '{timeline}' -o '{devnull}' '{input}'
f2c138d8f6aa0a90c89d019f85eaf9bb3efa5edb,macOS-26.5.1-arm64-arm-64bit-Mach-O,images/snake.png,8,full-frame-hard,full-frame,hard,kmeans:inittype=none:threshold=0.125:binbits=6:mapping=uniform:softdist=trilinear:feedback=0:prune=hamerly:seed=1:restarts=1:iter=20:miniter=0:polish_iter=0:feedback_slots=1:feedback_interval=1:sample_target=16384,palette-build,washout,4,4,-1,0.006216000000000001,'{img2sixel}' --threads=1 --precision=8bit --quality=full '--loaders=libpng!' --sampling-policy=full-frame --binning-policy=hard --quantize-model=kmeans:inittype=none:threshold=0.125:binbits=6:mapping=uniform:softdist=trilinear:feedback=0:prune=hamerly:seed=1:restarts=1:iter=20:miniter=0:polish_iter=0:feedback_slots=1:feedback_interval=1:sample_target=16384 -Xoklab -Wgamma --diffusion=none --gpu-policy=off --lookup-policy=none -F none -a off -p 8 -J '{timeline}' -o '{devnull}' '{input}'
f2c138d8f6aa0a90c89d019f85eaf9bb3efa5edb,macOS-26.5.1-arm64-arm-64bit-Mach-O,images/snake.png,8,full-frame-soft,full-frame,soft,kmeans:inittype=none:threshold=0.125:binbits=6:mapping=uniform:softdist=trilinear:feedback=0:prune=hamerly:seed=1:restarts=1:iter=20:miniter=0:polish_iter=0:feedback_slots=1:feedback_interval=1:sample_target=16384,palette-build,measured,4,4,0,0.014286,'{img2sixel}' --threads=1 --precision=8bit --quality=full '--loaders=libpng!' --sampling-policy=full-frame --binning-policy=soft --quantize-model=kmeans:inittype=none:threshold=0.125:binbits=6:mapping=uniform:softdist=trilinear:feedback=0:prune=hamerly:seed=1:restarts=1:iter=20:miniter=0:polish_iter=0:feedback_slots=1:feedback_interval=1:sample_target=16384 -Xoklab -Wgamma --diffusion=none --gpu-policy=off --lookup-policy=none -F none -a off -p 8 -J '{timeline}' -o '{devnull}' '{input}'
f2c138d8f6aa0a90c89d019f85eaf9bb3efa5edb,macOS-26.5.1-arm64-arm-64bit-Mach-O,images/snake.png,8,full-frame-hard,full-frame,hard,kmeans:inittype=none:threshold=0.125:binbits=6:mapping=uniform:softdist=trilinear:feedback=0:prune=hamerly:seed=1:restarts=1:iter=20:miniter=0:polish_iter=0:feedback_slots=1:feedback_interval=1:sample_target=16384,palette-build,measured,4,4,1,0.0062429999999999986,'{img2sixel}' --threads=1 --precision=8bit --quality=full '--loaders=libpng!' --sampling-policy=full-frame --binning-policy=hard --quantize-model=kmeans:inittype=none:threshold=0.125:binbits=6:mapping=uniform:softdist=trilinear:feedback=0:prune=hamerly:seed=1:restarts=1:iter=20:miniter=0:polish_iter=0:feedback_slots=1:feedback_interval=1:sample_target=16384 -Xoklab -Wgamma --diffusion=none --gpu-policy=off --lookup-policy=none -F none -a off -p 8 -J '{timeline}' -o '{devnull}' '{input}'
f2c138d8f6aa0a90c89d019f85eaf9bb3efa5edb,macOS-26.5.1-arm64-arm-64bit-Mach-O,images/snake.png,8,full-frame-exact,full-frame,exact,kmeans:inittype=none:threshold=0.125:binbits=6:mapping=uniform:softdist=trilinear:feedback=0:prune=hamerly:seed=1:restarts=1:iter=20:miniter=0:polish_iter=0:feedback_slots=1:feedback_interval=1:sample_target=16384,palette-build,measured,4,4,2,0.022687,'{img2sixel}' --threads=1 --precision=8bit --quality=full '--loaders=libpng!' --sampling-policy=full-frame --binning-policy=exact --quantize-model=kmeans:inittype=none:threshold=0.125:binbits=6:mapping=uniform:softdist=trilinear:feedback=0:prune=hamerly:seed=1:restarts=1:iter=20:miniter=0:polish_iter=0:feedback_slots=1:feedback_interval=1:sample_target=16384 -Xoklab -Wgamma --diffusion=none --gpu-policy=off --lookup-policy=none -F none -a off -p 8 -J '{timeline}' -o '{devnull}' '{input}'
f2c138d8f6aa0a90c89d019f85eaf9bb3efa5edb,macOS-26.5.1-arm64-arm-64bit-Mach-O,images/snake.png,8,adaptive-grid-hard,adaptive-grid,hard,kmeans:inittype=none:threshold=0.125:binbits=6:mapping=uniform:softdist=trilinear:feedback=0:prune=hamerly:seed=1:restarts=1:iter=20:miniter=0:polish_iter=0:feedback_slots=1:feedback_interval=1:sample_target=16384,palette-build,measured,4,4,3,0.0004019999999999996,'{img2sixel}' --threads=1 --precision=8bit --quality=full '--loaders=libpng!' --sampling-policy=adaptive-grid --binning-policy=hard --quantize-model=kmeans:inittype=none:threshold=0.125:binbits=6:mapping=uniform:softdist=trilinear:feedback=0:prune=hamerly:seed=1:restarts=1:iter=20:miniter=0:polish_iter=0:feedback_slots=1:feedback_interval=1:sample_target=16384 -Xoklab -Wgamma --diffusion=none --gpu-policy=off --lookup-policy=none -F none -a off -p 8 -J '{timeline}' -o '{devnull}' '{input}'
f2c138d8f6aa0a90c89d019f85eaf9bb3efa5edb,macOS-26.5.1-arm64-arm-64bit-Mach-O,images/snake.png,8,full-frame-none,full-frame,none,kmeans:inittype=none:threshold=0.125:binbits=6:mapping=uniform:softdist=trilinear:feedback=0:prune=hamerly:seed=1:restarts=1:iter=20:miniter=0:polish_iter=0:feedback_slots=1:feedback_interval=1:sample_target=16384,palette-build,measured,4,4,4,0.033148,'{img2sixel}' --threads=1 --precision=8bit --quality=full '--loaders=libpng!' --sampling-policy=full-frame --binning-policy=none --quantize-model=kmeans:inittype=none:threshold=0.125:binbits=6:mapping=uniform:softdist=trilinear:feedback=0:prune=hamerly:seed=1:restarts=1:iter=20:miniter=0:polish_iter=0:feedback_slots=1:feedback_interval=1:sample_target=16384 -Xoklab -Wgamma --diffusion=none --gpu-policy=off --lookup-policy=none -F none -a off -p 8 -J '{timeline}' -o '{devnull}' '{input}'
f2c138d8f6aa0a90c89d019f85eaf9bb3efa5edb,macOS-26.5.1-arm64-arm-64bit-Mach-O,images/snake.png,8,full-frame-hard,full-frame,hard,kmeans:inittype=none:threshold=0.125:binbits=6:mapping=uniform:softdist=trilinear:feedback=0:prune=hamerly:seed=1:restarts=1:iter=20:miniter=0:polish_iter=0:feedback_slots=1:feedback_interval=1:sample_target=16384,palette-build,washout,5,5,-1,0.006272,'{img2sixel}' --threads=1 --precision=8bit --quality=full '--loaders=libpng!' --sampling-policy=full-frame --binning-policy=hard --quantize-model=kmeans:inittype=none:threshold=0.125:binbits=6:mapping=uniform:softdist=trilinear:feedback=0:prune=hamerly:seed=1:restarts=1:iter=20:miniter=0:polish_iter=0:feedback_slots=1:feedback_interval=1:sample_target=16384 -Xoklab -Wgamma --diffusion=none --gpu-policy=off --lookup-policy=none -F none -a off -p 8 -J '{timeline}' -o '{devnull}' '{input}'
f2c138d8f6aa0a90c89d019f85eaf9bb3efa5edb,macOS-26.5.1-arm64-arm-64bit-Mach-O,images/snake.png,8,full-frame-exact,full-frame,exact,kmeans:inittype=none:threshold=0.125:binbits=6:mapping=uniform:softdist=trilinear:feedback=0:prune=hamerly:seed=1:restarts=1:iter=20:miniter=0:polish_iter=0:feedback_slots=1:feedback_interval=1:sample_target=16384,palette-build,measured,5,5,0,0.022639,'{img2sixel}' --threads=1 --precision=8bit --quality=full '--loaders=libpng!' --sampling-policy=full-frame --binning-policy=exact --quantize-model=kmeans:inittype=none:threshold=0.125:binbits=6:mapping=uniform:softdist=trilinear:feedback=0:prune=hamerly:seed=1:restarts=1:iter=20:miniter=0:polish_iter=0:feedback_slots=1:feedback_interval=1:sample_target=16384 -Xoklab -Wgamma --diffusion=none --gpu-policy=off --lookup-policy=none -F none -a off -p 8 -J '{timeline}' -o '{devnull}' '{input}'
f2c138d8f6aa0a90c89d019f85eaf9bb3efa5edb,macOS-26.5.1-arm64-arm-64bit-Mach-O,images/snake.png,8,full-frame-none,full-frame,none,kmeans:inittype=none:threshold=0.125:binbits=6:mapping=uniform:softdist=trilinear:feedback=0:prune=hamerly:seed=1:restarts=1:iter=20:miniter=0:polish_iter=0:feedback_slots=1:feedback_interval=1:sample_target=16384,palette-build,measured,5,5,1,0.033129,'{img2sixel}' --threads=1 --precision=8bit --quality=full '--loaders=libpng!' --sampling-policy=full-frame --binning-policy=none --quantize-model=kmeans:inittype=none:threshold=0.125:binbits=6:mapping=uniform:softdist=trilinear:feedback=0:prune=hamerly:seed=1:restarts=1:iter=20:miniter=0:polish_iter=0:feedback_slots=1:feedback_interval=1:sample_target=16384 -Xoklab -Wgamma --diffusion=none --gpu-policy=off --lookup-policy=none -F none -a off -p 8 -J '{timeline}' -o '{devnull}' '{input}'
f2c138d8f6aa0a90c89d019f85eaf9bb3efa5edb,macOS-26.5.1-arm64-arm-64bit-Mach-O,images/snake.png,8,full-frame-soft,full-frame,soft,kmeans:inittype=none:threshold=0.125:binbits=6:mapping=uniform:softdist=trilinear:feedback=0:prune=hamerly:seed=1:restarts=1:iter=20:miniter=0:polish_iter=0:feedback_slots=1:feedback_interval=1:sample_target=16384,palette-build,measured,5,5,2,0.014154,'{img2sixel}' --threads=1 --precision=8bit --quality=full '--loaders=libpng!' --sampling-policy=full-frame --binning-policy=soft --quantize-model=kmeans:inittype=none:threshold=0.125:binbits=6:mapping=uniform:softdist=trilinear:feedback=0:prune=hamerly:seed=1:restarts=1:iter=20:miniter=0:polish_iter=0:feedback_slots=1:feedback_interval=1:sample_target=16384 -Xoklab -Wgamma --diffusion=none --gpu-policy=off --lookup-policy=none -F none -a off -p 8 -J '{timeline}' -o '{devnull}' '{input}'
f2c138d8f6aa0a90c89d019f85eaf9bb3efa5edb,macOS-26.5.1-arm64-arm-64bit-Mach-O,images/snake.png,8,adaptive-grid-hard,adaptive-grid,hard,kmeans:inittype=none:threshold=0.125:binbits=6:mapping=uniform:softdist=trilinear:feedback=0:prune=hamerly:seed=1:restarts=1:iter=20:miniter=0:polish_iter=0:feedback_slots=1:feedback_interval=1:sample_target=16384,palette-build,measured,5,5,3,0.0003979999999999999,'{img2sixel}' --threads=1 --precision=8bit --quality=full '--loaders=libpng!' --sampling-policy=adaptive-grid --binning-policy=hard --quantize-model=kmeans:inittype=none:threshold=0.125:binbits=6:mapping=uniform:softdist=trilinear:feedback=0:prune=hamerly:seed=1:restarts=1:iter=20:miniter=0:polish_iter=0:feedback_slots=1:feedback_interval=1:sample_target=16384 -Xoklab -Wgamma --diffusion=none --gpu-policy=off --lookup-policy=none -F none -a off -p 8 -J '{timeline}' -o '{devnull}' '{input}'
f2c138d8f6aa0a90c89d019f85eaf9bb3efa5edb,macOS-26.5.1-arm64-arm-64bit-Mach-O,images/snake.png,8,full-frame-hard,full-frame,hard,kmeans:inittype=none:threshold=0.125:binbits=6:mapping=uniform:softdist=trilinear:feedback=0:prune=hamerly:seed=1:restarts=1:iter=20:miniter=0:polish_iter=0:feedback_slots=1:feedback_interval=1:sample_target=16384,palette-build,measured,5,5,4,0.006418999999999999,'{img2sixel}' --threads=1 --precision=8bit --quality=full '--loaders=libpng!' --sampling-policy=full-frame --binning-policy=hard --quantize-model=kmeans:inittype=none:threshold=0.125:binbits=6:mapping=uniform:softdist=trilinear:feedback=0:prune=hamerly:seed=1:restarts=1:iter=20:miniter=0:polish_iter=0:feedback_slots=1:feedback_interval=1:sample_target=16384 -Xoklab -Wgamma --diffusion=none --gpu-policy=off --lookup-policy=none -F none -a off -p 8 -J '{timeline}' -o '{devnull}' '{input}'
f2c138d8f6aa0a90c89d019f85eaf9bb3efa5edb,macOS-26.5.1-arm64-arm-64bit-Mach-O,images/snake.png,8,full-frame-hard,full-frame,hard,kmeans:inittype=none:threshold=0.125:binbits=6:mapping=uniform:softdist=trilinear:feedback=0:prune=hamerly:seed=1:restarts=1:iter=20:miniter=0:polish_iter=0:feedback_slots=1:feedback_interval=1:sample_target=16384,palette-build,washout,6,6,-1,0.006257,'{img2sixel}' --threads=1 --precision=8bit --quality=full '--loaders=libpng!' --sampling-policy=full-frame --binning-policy=hard --quantize-model=kmeans:inittype=none:threshold=0.125:binbits=6:mapping=uniform:softdist=trilinear:feedback=0:prune=hamerly:seed=1:restarts=1:iter=20:miniter=0:polish_iter=0:feedback_slots=1:feedback_interval=1:sample_target=16384 -Xoklab -Wgamma --diffusion=none --gpu-policy=off --lookup-policy=none -F none -a off -p 8 -J '{timeline}' -o '{devnull}' '{input}'
f2c138d8f6aa0a90c89d019f85eaf9bb3efa5edb,macOS-26.5.1-arm64-arm-64bit-Mach-O,images/snake.png,8,full-frame-soft,full-frame,soft,kmeans:inittype=none:threshold=0.125:binbits=6:mapping=uniform:softdist=trilinear:feedback=0:prune=hamerly:seed=1:restarts=1:iter=20:miniter=0:polish_iter=0:feedback_slots=1:feedback_interval=1:sample_target=16384,palette-build,measured,6,6,0,0.014169999999999999,'{img2sixel}' --threads=1 --precision=8bit --quality=full '--loaders=libpng!' --sampling-policy=full-frame --binning-policy=soft --quantize-model=kmeans:inittype=none:threshold=0.125:binbits=6:mapping=uniform:softdist=trilinear:feedback=0:prune=hamerly:seed=1:restarts=1:iter=20:miniter=0:polish_iter=0:feedback_slots=1:feedback_interval=1:sample_target=16384 -Xoklab -Wgamma --diffusion=none --gpu-policy=off --lookup-policy=none -F none -a off -p 8 -J '{timeline}' -o '{devnull}' '{input}'
f2c138d8f6aa0a90c89d019f85eaf9bb3efa5edb,macOS-26.5.1-arm64-arm-64bit-Mach-O,images/snake.png,8,full-frame-exact,full-frame,exact,kmeans:inittype=none:threshold=0.125:binbits=6:mapping=uniform:softdist=trilinear:feedback=0:prune=hamerly:seed=1:restarts=1:iter=20:miniter=0:polish_iter=0:feedback_slots=1:feedback_interval=1:sample_target=16384,palette-build,measured,6,6,1,0.022752,'{img2sixel}' --threads=1 --precision=8bit --quality=full '--loaders=libpng!' --sampling-policy=full-frame --binning-policy=exact --quantize-model=kmeans:inittype=none:threshold=0.125:binbits=6:mapping=uniform:softdist=trilinear:feedback=0:prune=hamerly:seed=1:restarts=1:iter=20:miniter=0:polish_iter=0:feedback_slots=1:feedback_interval=1:sample_target=16384 -Xoklab -Wgamma --diffusion=none --gpu-policy=off --lookup-policy=none -F none -a off -p 8 -J '{timeline}' -o '{devnull}' '{input}'
f2c138d8f6aa0a90c89d019f85eaf9bb3efa5edb,macOS-26.5.1-arm64-arm-64bit-Mach-O,images/snake.png,8,full-frame-hard,full-frame,hard,kmeans:inittype=none:threshold=0.125:binbits=6:mapping=uniform:softdist=trilinear:feedback=0:prune=hamerly:seed=1:restarts=1:iter=20:miniter=0:polish_iter=0:feedback_slots=1:feedback_interval=1:sample_target=16384,palette-build,measured,6,6,2,0.006423,'{img2sixel}' --threads=1 --precision=8bit --quality=full '--loaders=libpng!' --sampling-policy=full-frame --binning-policy=hard --quantize-model=kmeans:inittype=none:threshold=0.125:binbits=6:mapping=uniform:softdist=trilinear:feedback=0:prune=hamerly:seed=1:restarts=1:iter=20:miniter=0:polish_iter=0:feedback_slots=1:feedback_interval=1:sample_target=16384 -Xoklab -Wgamma --diffusion=none --gpu-policy=off --lookup-policy=none -F none -a off -p 8 -J '{timeline}' -o '{devnull}' '{input}'
f2c138d8f6aa0a90c89d019f85eaf9bb3efa5edb,macOS-26.5.1-arm64-arm-64bit-Mach-O,images/snake.png,8,full-frame-none,full-frame,none,kmeans:inittype=none:threshold=0.125:binbits=6:mapping=uniform:softdist=trilinear:feedback=0:prune=hamerly:seed=1:restarts=1:iter=20:miniter=0:polish_iter=0:feedback_slots=1:feedback_interval=1:sample_target=16384,palette-build,measured,6,6,3,0.03311,'{img2sixel}' --threads=1 --precision=8bit --quality=full '--loaders=libpng!' --sampling-policy=full-frame --binning-policy=none --quantize-model=kmeans:inittype=none:threshold=0.125:binbits=6:mapping=uniform:softdist=trilinear:feedback=0:prune=hamerly:seed=1:restarts=1:iter=20:miniter=0:polish_iter=0:feedback_slots=1:feedback_interval=1:sample_target=16384 -Xoklab -Wgamma --diffusion=none --gpu-policy=off --lookup-policy=none -F none -a off -p 8 -J '{timeline}' -o '{devnull}' '{input}'
f2c138d8f6aa0a90c89d019f85eaf9bb3efa5edb,macOS-26.5.1-arm64-arm-64bit-Mach-O,images/snake.png,8,adaptive-grid-hard,adaptive-grid,hard,kmeans:inittype=none:threshold=0.125:binbits=6:mapping=uniform:softdist=trilinear:feedback=0:prune=hamerly:seed=1:restarts=1:iter=20:miniter=0:polish_iter=0:feedback_slots=1:feedback_interval=1:sample_target=16384,palette-build,measured,6,6,4,0.00039900000000000005,'{img2sixel}' --threads=1 --precision=8bit --quality=full '--loaders=libpng!' --sampling-policy=adaptive-grid --binning-policy=hard --quantize-model=kmeans:inittype=none:threshold=0.125:binbits=6:mapping=uniform:softdist=trilinear:feedback=0:prune=hamerly:seed=1:restarts=1:iter=20:miniter=0:polish_iter=0:feedback_slots=1:feedback_interval=1:sample_target=16384 -Xoklab -Wgamma --diffusion=none --gpu-policy=off --lookup-policy=none -F none -a off -p 8 -J '{timeline}' -o '{devnull}' '{input}'
f2c138d8f6aa0a90c89d019f85eaf9bb3efa5edb,macOS-26.5.1-arm64-arm-64bit-Mach-O,images/snake.png,8,full-frame-hard,full-frame,hard,kmeans:inittype=none:threshold=0.125:binbits=6:mapping=uniform:softdist=trilinear:feedback=0:prune=hamerly:seed=1:restarts=1:iter=20:miniter=0:polish_iter=0:feedback_slots=1:feedback_interval=1:sample_target=16384,palette-build,washout,7,7,-1,0.006218,'{img2sixel}' --threads=1 --precision=8bit --quality=full '--loaders=libpng!' --sampling-policy=full-frame --binning-policy=hard --quantize-model=kmeans:inittype=none:threshold=0.125:binbits=6:mapping=uniform:softdist=trilinear:feedback=0:prune=hamerly:seed=1:restarts=1:iter=20:miniter=0:polish_iter=0:feedback_slots=1:feedback_interval=1:sample_target=16384 -Xoklab -Wgamma --diffusion=none --gpu-policy=off --lookup-policy=none -F none -a off -p 8 -J '{timeline}' -o '{devnull}' '{input}'
f2c138d8f6aa0a90c89d019f85eaf9bb3efa5edb,macOS-26.5.1-arm64-arm-64bit-Mach-O,images/snake.png,8,full-frame-hard,full-frame,hard,kmeans:inittype=none:threshold=0.125:binbits=6:mapping=uniform:softdist=trilinear:feedback=0:prune=hamerly:seed=1:restarts=1:iter=20:miniter=0:polish_iter=0:feedback_slots=1:feedback_interval=1:sample_target=16384,palette-build,measured,7,7,0,0.006267000000000002,'{img2sixel}' --threads=1 --precision=8bit --quality=full '--loaders=libpng!' --sampling-policy=full-frame --binning-policy=hard --quantize-model=kmeans:inittype=none:threshold=0.125:binbits=6:mapping=uniform:softdist=trilinear:feedback=0:prune=hamerly:seed=1:restarts=1:iter=20:miniter=0:polish_iter=0:feedback_slots=1:feedback_interval=1:sample_target=16384 -Xoklab -Wgamma --diffusion=none --gpu-policy=off --lookup-policy=none -F none -a off -p 8 -J '{timeline}' -o '{devnull}' '{input}'
f2c138d8f6aa0a90c89d019f85eaf9bb3efa5edb,macOS-26.5.1-arm64-arm-64bit-Mach-O,images/snake.png,8,full-frame-soft,full-frame,soft,kmeans:inittype=none:threshold=0.125:binbits=6:mapping=uniform:softdist=trilinear:feedback=0:prune=hamerly:seed=1:restarts=1:iter=20:miniter=0:polish_iter=0:feedback_slots=1:feedback_interval=1:sample_target=16384,palette-build,measured,7,7,1,0.014124,'{img2sixel}' --threads=1 --precision=8bit --quality=full '--loaders=libpng!' --sampling-policy=full-frame --binning-policy=soft --quantize-model=kmeans:inittype=none:threshold=0.125:binbits=6:mapping=uniform:softdist=trilinear:feedback=0:prune=hamerly:seed=1:restarts=1:iter=20:miniter=0:polish_iter=0:feedback_slots=1:feedback_interval=1:sample_target=16384 -Xoklab -Wgamma --diffusion=none --gpu-policy=off --lookup-policy=none -F none -a off -p 8 -J '{timeline}' -o '{devnull}' '{input}'
f2c138d8f6aa0a90c89d019f85eaf9bb3efa5edb,macOS-26.5.1-arm64-arm-64bit-Mach-O,images/snake.png,8,adaptive-grid-hard,adaptive-grid,hard,kmeans:inittype=none:threshold=0.125:binbits=6:mapping=uniform:softdist=trilinear:feedback=0:prune=hamerly:seed=1:restarts=1:iter=20:miniter=0:polish_iter=0:feedback_slots=1:feedback_interval=1:sample_target=16384,palette-build,measured,7,7,2,0.0003980000000000008,'{img2sixel}' --threads=1 --precision=8bit --quality=full '--loaders=libpng!' --sampling-policy=adaptive-grid --binning-policy=hard --quantize-model=kmeans:inittype=none:threshold=0.125:binbits=6:mapping=uniform:softdist=trilinear:feedback=0:prune=hamerly:seed=1:restarts=1:iter=20:miniter=0:polish_iter=0:feedback_slots=1:feedback_interval=1:sample_target=16384 -Xoklab -Wgamma --diffusion=none --gpu-policy=off --lookup-policy=none -F none -a off -p 8 -J '{timeline}' -o '{devnull}' '{input}'
f2c138d8f6aa0a90c89d019f85eaf9bb3efa5edb,macOS-26.5.1-arm64-arm-64bit-Mach-O,images/snake.png,8,full-frame-exact,full-frame,exact,kmeans:inittype=none:threshold=0.125:binbits=6:mapping=uniform:softdist=trilinear:feedback=0:prune=hamerly:seed=1:restarts=1:iter=20:miniter=0:polish_iter=0:feedback_slots=1:feedback_interval=1:sample_target=16384,palette-build,measured,7,7,3,0.022671999999999998,'{img2sixel}' --threads=1 --precision=8bit --quality=full '--loaders=libpng!' --sampling-policy=full-frame --binning-policy=exact --quantize-model=kmeans:inittype=none:threshold=0.125:binbits=6:mapping=uniform:softdist=trilinear:feedback=0:prune=hamerly:seed=1:restarts=1:iter=20:miniter=0:polish_iter=0:feedback_slots=1:feedback_interval=1:sample_target=16384 -Xoklab -Wgamma --diffusion=none --gpu-policy=off --lookup-policy=none -F none -a off -p 8 -J '{timeline}' -o '{devnull}' '{input}'
f2c138d8f6aa0a90c89d019f85eaf9bb3efa5edb,macOS-26.5.1-arm64-arm-64bit-Mach-O,images/snake.png,8,full-frame-none,full-frame,none,kmeans:inittype=none:threshold=0.125:binbits=6:mapping=uniform:softdist=trilinear:feedback=0:prune=hamerly:seed=1:restarts=1:iter=20:miniter=0:polish_iter=0:feedback_slots=1:feedback_interval=1:sample_target=16384,palette-build,measured,7,7,4,0.033082,'{img2sixel}' --threads=1 --precision=8bit --quality=full '--loaders=libpng!' --sampling-policy=full-frame --binning-policy=none --quantize-model=kmeans:inittype=none:threshold=0.125:binbits=6:mapping=uniform:softdist=trilinear:feedback=0:prune=hamerly:seed=1:restarts=1:iter=20:miniter=0:polish_iter=0:feedback_slots=1:feedback_interval=1:sample_target=16384 -Xoklab -Wgamma --diffusion=none --gpu-policy=off --lookup-policy=none -F none -a off -p 8 -J '{timeline}' -o '{devnull}' '{input}'
f2c138d8f6aa0a90c89d019f85eaf9bb3efa5edb,macOS-26.5.1-arm64-arm-64bit-Mach-O,images/snake.png,8,full-frame-hard,full-frame,hard,kmeans:inittype=none:threshold=0.125:binbits=6:mapping=uniform:softdist=trilinear:feedback=0:prune=hamerly:seed=1:restarts=1:iter=20:miniter=0:polish_iter=0:feedback_slots=1:feedback_interval=1:sample_target=16384,palette-build,washout,8,8,-1,0.006272999999999999,'{img2sixel}' --threads=1 --precision=8bit --quality=full '--loaders=libpng!' --sampling-policy=full-frame --binning-policy=hard --quantize-model=kmeans:inittype=none:threshold=0.125:binbits=6:mapping=uniform:softdist=trilinear:feedback=0:prune=hamerly:seed=1:restarts=1:iter=20:miniter=0:polish_iter=0:feedback_slots=1:feedback_interval=1:sample_target=16384 -Xoklab -Wgamma --diffusion=none --gpu-policy=off --lookup-policy=none -F none -a off -p 8 -J '{timeline}' -o '{devnull}' '{input}'
f2c138d8f6aa0a90c89d019f85eaf9bb3efa5edb,macOS-26.5.1-arm64-arm-64bit-Mach-O,images/snake.png,8,adaptive-grid-hard,adaptive-grid,hard,kmeans:inittype=none:threshold=0.125:binbits=6:mapping=uniform:softdist=trilinear:feedback=0:prune=hamerly:seed=1:restarts=1:iter=20:miniter=0:polish_iter=0:feedback_slots=1:feedback_interval=1:sample_target=16384,palette-build,measured,8,8,0,0.0003979999999999999,'{img2sixel}' --threads=1 --precision=8bit --quality=full '--loaders=libpng!' --sampling-policy=adaptive-grid --binning-policy=hard --quantize-model=kmeans:inittype=none:threshold=0.125:binbits=6:mapping=uniform:softdist=trilinear:feedback=0:prune=hamerly:seed=1:restarts=1:iter=20:miniter=0:polish_iter=0:feedback_slots=1:feedback_interval=1:sample_target=16384 -Xoklab -Wgamma --diffusion=none --gpu-policy=off --lookup-policy=none -F none -a off -p 8 -J '{timeline}' -o '{devnull}' '{input}'
f2c138d8f6aa0a90c89d019f85eaf9bb3efa5edb,macOS-26.5.1-arm64-arm-64bit-Mach-O,images/snake.png,8,full-frame-hard,full-frame,hard,kmeans:inittype=none:threshold=0.125:binbits=6:mapping=uniform:softdist=trilinear:feedback=0:prune=hamerly:seed=1:restarts=1:iter=20:miniter=0:polish_iter=0:feedback_slots=1:feedback_interval=1:sample_target=16384,palette-build,measured,8,8,1,0.006463,'{img2sixel}' --threads=1 --precision=8bit --quality=full '--loaders=libpng!' --sampling-policy=full-frame --binning-policy=hard --quantize-model=kmeans:inittype=none:threshold=0.125:binbits=6:mapping=uniform:softdist=trilinear:feedback=0:prune=hamerly:seed=1:restarts=1:iter=20:miniter=0:polish_iter=0:feedback_slots=1:feedback_interval=1:sample_target=16384 -Xoklab -Wgamma --diffusion=none --gpu-policy=off --lookup-policy=none -F none -a off -p 8 -J '{timeline}' -o '{devnull}' '{input}'
f2c138d8f6aa0a90c89d019f85eaf9bb3efa5edb,macOS-26.5.1-arm64-arm-64bit-Mach-O,images/snake.png,8,full-frame-none,full-frame,none,kmeans:inittype=none:threshold=0.125:binbits=6:mapping=uniform:softdist=trilinear:feedback=0:prune=hamerly:seed=1:restarts=1:iter=20:miniter=0:polish_iter=0:feedback_slots=1:feedback_interval=1:sample_target=16384,palette-build,measured,8,8,2,0.033065,'{img2sixel}' --threads=1 --precision=8bit --quality=full '--loaders=libpng!' --sampling-policy=full-frame --binning-policy=none --quantize-model=kmeans:inittype=none:threshold=0.125:binbits=6:mapping=uniform:softdist=trilinear:feedback=0:prune=hamerly:seed=1:restarts=1:iter=20:miniter=0:polish_iter=0:feedback_slots=1:feedback_interval=1:sample_target=16384 -Xoklab -Wgamma --diffusion=none --gpu-policy=off --lookup-policy=none -F none -a off -p 8 -J '{timeline}' -o '{devnull}' '{input}'
f2c138d8f6aa0a90c89d019f85eaf9bb3efa5edb,macOS-26.5.1-arm64-arm-64bit-Mach-O,images/snake.png,8,full-frame-soft,full-frame,soft,kmeans:inittype=none:threshold=0.125:binbits=6:mapping=uniform:softdist=trilinear:feedback=0:prune=hamerly:seed=1:restarts=1:iter=20:miniter=0:polish_iter=0:feedback_slots=1:feedback_interval=1:sample_target=16384,palette-build,measured,8,8,3,0.014948,'{img2sixel}' --threads=1 --precision=8bit --quality=full '--loaders=libpng!' --sampling-policy=full-frame --binning-policy=soft --quantize-model=kmeans:inittype=none:threshold=0.125:binbits=6:mapping=uniform:softdist=trilinear:feedback=0:prune=hamerly:seed=1:restarts=1:iter=20:miniter=0:polish_iter=0:feedback_slots=1:feedback_interval=1:sample_target=16384 -Xoklab -Wgamma --diffusion=none --gpu-policy=off --lookup-policy=none -F none -a off -p 8 -J '{timeline}' -o '{devnull}' '{input}'
f2c138d8f6aa0a90c89d019f85eaf9bb3efa5edb,macOS-26.5.1-arm64-arm-64bit-Mach-O,images/snake.png,8,full-frame-exact,full-frame,exact,kmeans:inittype=none:threshold=0.125:binbits=6:mapping=uniform:softdist=trilinear:feedback=0:prune=hamerly:seed=1:restarts=1:iter=20:miniter=0:polish_iter=0:feedback_slots=1:feedback_interval=1:sample_target=16384,palette-build,measured,8,8,4,0.022704,'{img2sixel}' --threads=1 --precision=8bit --quality=full '--loaders=libpng!' --sampling-policy=full-frame --binning-policy=exact --quantize-model=kmeans:inittype=none:threshold=0.125:binbits=6:mapping=uniform:softdist=trilinear:feedback=0:prune=hamerly:seed=1:restarts=1:iter=20:miniter=0:polish_iter=0:feedback_slots=1:feedback_interval=1:sample_target=16384 -Xoklab -Wgamma --diffusion=none --gpu-policy=off --lookup-policy=none -F none -a off -p 8 -J '{timeline}' -o '{devnull}' '{input}'
f2c138d8f6aa0a90c89d019f85eaf9bb3efa5edb,macOS-26.5.1-arm64-arm-64bit-Mach-O,images/snake.png,8,full-frame-hard,full-frame,hard,kmeans:inittype=none:threshold=0.125:binbits=6:mapping=uniform:softdist=trilinear:feedback=0:prune=hamerly:seed=1:restarts=1:iter=20:miniter=0:polish_iter=0:feedback_slots=1:feedback_interval=1:sample_target=16384,palette-build,washout,9,9,-1,0.0062910000000000015,'{img2sixel}' --threads=1 --precision=8bit --quality=full '--loaders=libpng!' --sampling-policy=full-frame --binning-policy=hard --quantize-model=kmeans:inittype=none:threshold=0.125:binbits=6:mapping=uniform:softdist=trilinear:feedback=0:prune=hamerly:seed=1:restarts=1:iter=20:miniter=0:polish_iter=0:feedback_slots=1:feedback_interval=1:sample_target=16384 -Xoklab -Wgamma --diffusion=none --gpu-policy=off --lookup-policy=none -F none -a off -p 8 -J '{timeline}' -o '{devnull}' '{input}'
f2c138d8f6aa0a90c89d019f85eaf9bb3efa5edb,macOS-26.5.1-arm64-arm-64bit-Mach-O,images/snake.png,8,full-frame-none,full-frame,none,kmeans:inittype=none:threshold=0.125:binbits=6:mapping=uniform:softdist=trilinear:feedback=0:prune=hamerly:seed=1:restarts=1:iter=20:miniter=0:polish_iter=0:feedback_slots=1:feedback_interval=1:sample_target=16384,palette-build,measured,9,9,0,0.033079,'{img2sixel}' --threads=1 --precision=8bit --quality=full '--loaders=libpng!' --sampling-policy=full-frame --binning-policy=none --quantize-model=kmeans:inittype=none:threshold=0.125:binbits=6:mapping=uniform:softdist=trilinear:feedback=0:prune=hamerly:seed=1:restarts=1:iter=20:miniter=0:polish_iter=0:feedback_slots=1:feedback_interval=1:sample_target=16384 -Xoklab -Wgamma --diffusion=none --gpu-policy=off --lookup-policy=none -F none -a off -p 8 -J '{timeline}' -o '{devnull}' '{input}'
f2c138d8f6aa0a90c89d019f85eaf9bb3efa5edb,macOS-26.5.1-arm64-arm-64bit-Mach-O,images/snake.png,8,adaptive-grid-hard,adaptive-grid,hard,kmeans:inittype=none:threshold=0.125:binbits=6:mapping=uniform:softdist=trilinear:feedback=0:prune=hamerly:seed=1:restarts=1:iter=20:miniter=0:polish_iter=0:feedback_slots=1:feedback_interval=1:sample_target=16384,palette-build,measured,9,9,1,0.0004000000000000002,'{img2sixel}' --threads=1 --precision=8bit --quality=full '--loaders=libpng!' --sampling-policy=adaptive-grid --binning-policy=hard --quantize-model=kmeans:inittype=none:threshold=0.125:binbits=6:mapping=uniform:softdist=trilinear:feedback=0:prune=hamerly:seed=1:restarts=1:iter=20:miniter=0:polish_iter=0:feedback_slots=1:feedback_interval=1:sample_target=16384 -Xoklab -Wgamma --diffusion=none --gpu-policy=off --lookup-policy=none -F none -a off -p 8 -J '{timeline}' -o '{devnull}' '{input}'
f2c138d8f6aa0a90c89d019f85eaf9bb3efa5edb,macOS-26.5.1-arm64-arm-64bit-Mach-O,images/snake.png,8,full-frame-exact,full-frame,exact,kmeans:inittype=none:threshold=0.125:binbits=6:mapping=uniform:softdist=trilinear:feedback=0:prune=hamerly:seed=1:restarts=1:iter=20:miniter=0:polish_iter=0:feedback_slots=1:feedback_interval=1:sample_target=16384,palette-build,measured,9,9,2,0.022691,'{img2sixel}' --threads=1 --precision=8bit --quality=full '--loaders=libpng!' --sampling-policy=full-frame --binning-policy=exact --quantize-model=kmeans:inittype=none:threshold=0.125:binbits=6:mapping=uniform:softdist=trilinear:feedback=0:prune=hamerly:seed=1:restarts=1:iter=20:miniter=0:polish_iter=0:feedback_slots=1:feedback_interval=1:sample_target=16384 -Xoklab -Wgamma --diffusion=none --gpu-policy=off --lookup-policy=none -F none -a off -p 8 -J '{timeline}' -o '{devnull}' '{input}'
f2c138d8f6aa0a90c89d019f85eaf9bb3efa5edb,macOS-26.5.1-arm64-arm-64bit-Mach-O,images/snake.png,8,full-frame-hard,full-frame,hard,kmeans:inittype=none:threshold=0.125:binbits=6:mapping=uniform:softdist=trilinear:feedback=0:prune=hamerly:seed=1:restarts=1:iter=20:miniter=0:polish_iter=0:feedback_slots=1:feedback_interval=1:sample_target=16384,palette-build,measured,9,9,3,0.006263999999999999,'{img2sixel}' --threads=1 --precision=8bit --quality=full '--loaders=libpng!' --sampling-policy=full-frame --binning-policy=hard --quantize-model=kmeans:inittype=none:threshold=0.125:binbits=6:mapping=uniform:softdist=trilinear:feedback=0:prune=hamerly:seed=1:restarts=1:iter=20:miniter=0:polish_iter=0:feedback_slots=1:feedback_interval=1:sample_target=16384 -Xoklab -Wgamma --diffusion=none --gpu-policy=off --lookup-policy=none -F none -a off -p 8 -J '{timeline}' -o '{devnull}' '{input}'
f2c138d8f6aa0a90c89d019f85eaf9bb3efa5edb,macOS-26.5.1-arm64-arm-64bit-Mach-O,images/snake.png,8,full-frame-soft,full-frame,soft,kmeans:inittype=none:threshold=0.125:binbits=6:mapping=uniform:softdist=trilinear:feedback=0:prune=hamerly:seed=1:restarts=1:iter=20:miniter=0:polish_iter=0:feedback_slots=1:feedback_interval=1:sample_target=16384,palette-build,measured,9,9,4,0.014188000000000001,'{img2sixel}' --threads=1 --precision=8bit --quality=full '--loaders=libpng!' --sampling-policy=full-frame --binning-policy=soft --quantize-model=kmeans:inittype=none:threshold=0.125:binbits=6:mapping=uniform:softdist=trilinear:feedback=0:prune=hamerly:seed=1:restarts=1:iter=20:miniter=0:polish_iter=0:feedback_slots=1:feedback_interval=1:sample_target=16384 -Xoklab -Wgamma --diffusion=none --gpu-policy=off --lookup-policy=none -F none -a off -p 8 -J '{timeline}' -o '{devnull}' '{input}'
f2c138d8f6aa0a90c89d019f85eaf9bb3efa5edb,macOS-26.5.1-arm64-arm-64bit-Mach-O,images/snake.png,8,full-frame-hard,full-frame,hard,kmeans:inittype=none:threshold=0.125:binbits=6:mapping=uniform:softdist=trilinear:feedback=0:prune=hamerly:seed=1:restarts=1:iter=20:miniter=0:polish_iter=0:feedback_slots=1:feedback_interval=1:sample_target=16384,palette-build,washout,10,0,-1,0.006248999999999999,'{img2sixel}' --threads=1 --precision=8bit --quality=full '--loaders=libpng!' --sampling-policy=full-frame --binning-policy=hard --quantize-model=kmeans:inittype=none:threshold=0.125:binbits=6:mapping=uniform:softdist=trilinear:feedback=0:prune=hamerly:seed=1:restarts=1:iter=20:miniter=0:polish_iter=0:feedback_slots=1:feedback_interval=1:sample_target=16384 -Xoklab -Wgamma --diffusion=none --gpu-policy=off --lookup-policy=none -F none -a off -p 8 -J '{timeline}' -o '{devnull}' '{input}'
f2c138d8f6aa0a90c89d019f85eaf9bb3efa5edb,macOS-26.5.1-arm64-arm-64bit-Mach-O,images/snake.png,8,full-frame-hard,full-frame,hard,kmeans:inittype=none:threshold=0.125:binbits=6:mapping=uniform:softdist=trilinear:feedback=0:prune=hamerly:seed=1:restarts=1:iter=20:miniter=0:polish_iter=0:feedback_slots=1:feedback_interval=1:sample_target=16384,palette-build,measured,10,0,0,0.006284,'{img2sixel}' --threads=1 --precision=8bit --quality=full '--loaders=libpng!' --sampling-policy=full-frame --binning-policy=hard --quantize-model=kmeans:inittype=none:threshold=0.125:binbits=6:mapping=uniform:softdist=trilinear:feedback=0:prune=hamerly:seed=1:restarts=1:iter=20:miniter=0:polish_iter=0:feedback_slots=1:feedback_interval=1:sample_target=16384 -Xoklab -Wgamma --diffusion=none --gpu-policy=off --lookup-policy=none -F none -a off -p 8 -J '{timeline}' -o '{devnull}' '{input}'
f2c138d8f6aa0a90c89d019f85eaf9bb3efa5edb,macOS-26.5.1-arm64-arm-64bit-Mach-O,images/snake.png,8,adaptive-grid-hard,adaptive-grid,hard,kmeans:inittype=none:threshold=0.125:binbits=6:mapping=uniform:softdist=trilinear:feedback=0:prune=hamerly:seed=1:restarts=1:iter=20:miniter=0:polish_iter=0:feedback_slots=1:feedback_interval=1:sample_target=16384,palette-build,measured,10,0,1,0.0003979999999999999,'{img2sixel}' --threads=1 --precision=8bit --quality=full '--loaders=libpng!' --sampling-policy=adaptive-grid --binning-policy=hard --quantize-model=kmeans:inittype=none:threshold=0.125:binbits=6:mapping=uniform:softdist=trilinear:feedback=0:prune=hamerly:seed=1:restarts=1:iter=20:miniter=0:polish_iter=0:feedback_slots=1:feedback_interval=1:sample_target=16384 -Xoklab -Wgamma --diffusion=none --gpu-policy=off --lookup-policy=none -F none -a off -p 8 -J '{timeline}' -o '{devnull}' '{input}'
f2c138d8f6aa0a90c89d019f85eaf9bb3efa5edb,macOS-26.5.1-arm64-arm-64bit-Mach-O,images/snake.png,8,full-frame-soft,full-frame,soft,kmeans:inittype=none:threshold=0.125:binbits=6:mapping=uniform:softdist=trilinear:feedback=0:prune=hamerly:seed=1:restarts=1:iter=20:miniter=0:polish_iter=0:feedback_slots=1:feedback_interval=1:sample_target=16384,palette-build,measured,10,0,2,0.014163,'{img2sixel}' --threads=1 --precision=8bit --quality=full '--loaders=libpng!' --sampling-policy=full-frame --binning-policy=soft --quantize-model=kmeans:inittype=none:threshold=0.125:binbits=6:mapping=uniform:softdist=trilinear:feedback=0:prune=hamerly:seed=1:restarts=1:iter=20:miniter=0:polish_iter=0:feedback_slots=1:feedback_interval=1:sample_target=16384 -Xoklab -Wgamma --diffusion=none --gpu-policy=off --lookup-policy=none -F none -a off -p 8 -J '{timeline}' -o '{devnull}' '{input}'
f2c138d8f6aa0a90c89d019f85eaf9bb3efa5edb,macOS-26.5.1-arm64-arm-64bit-Mach-O,images/snake.png,8,full-frame-none,full-frame,none,kmeans:inittype=none:threshold=0.125:binbits=6:mapping=uniform:softdist=trilinear:feedback=0:prune=hamerly:seed=1:restarts=1:iter=20:miniter=0:polish_iter=0:feedback_slots=1:feedback_interval=1:sample_target=16384,palette-build,measured,10,0,3,0.033074,'{img2sixel}' --threads=1 --precision=8bit --quality=full '--loaders=libpng!' --sampling-policy=full-frame --binning-policy=none --quantize-model=kmeans:inittype=none:threshold=0.125:binbits=6:mapping=uniform:softdist=trilinear:feedback=0:prune=hamerly:seed=1:restarts=1:iter=20:miniter=0:polish_iter=0:feedback_slots=1:feedback_interval=1:sample_target=16384 -Xoklab -Wgamma --diffusion=none --gpu-policy=off --lookup-policy=none -F none -a off -p 8 -J '{timeline}' -o '{devnull}' '{input}'
f2c138d8f6aa0a90c89d019f85eaf9bb3efa5edb,macOS-26.5.1-arm64-arm-64bit-Mach-O,images/snake.png,8,full-frame-exact,full-frame,exact,kmeans:inittype=none:threshold=0.125:binbits=6:mapping=uniform:softdist=trilinear:feedback=0:prune=hamerly:seed=1:restarts=1:iter=20:miniter=0:polish_iter=0:feedback_slots=1:feedback_interval=1:sample_target=16384,palette-build,measured,10,0,4,0.022768000000000004,'{img2sixel}' --threads=1 --precision=8bit --quality=full '--loaders=libpng!' --sampling-policy=full-frame --binning-policy=exact --quantize-model=kmeans:inittype=none:threshold=0.125:binbits=6:mapping=uniform:softdist=trilinear:feedback=0:prune=hamerly:seed=1:restarts=1:iter=20:miniter=0:polish_iter=0:feedback_slots=1:feedback_interval=1:sample_target=16384 -Xoklab -Wgamma --diffusion=none --gpu-policy=off --lookup-policy=none -F none -a off -p 8 -J '{timeline}' -o '{devnull}' '{input}'
f2c138d8f6aa0a90c89d019f85eaf9bb3efa5edb,macOS-26.5.1-arm64-arm-64bit-Mach-O,images/snake.png,8,full-frame-hard,full-frame,hard,kmeans:inittype=none:threshold=0.125:binbits=6:mapping=uniform:softdist=trilinear:feedback=0:prune=hamerly:seed=1:restarts=1:iter=20:miniter=0:polish_iter=0:feedback_slots=1:feedback_interval=1:sample_target=16384,palette-build,washout,11,1,-1,0.006291999999999999,'{img2sixel}' --threads=1 --precision=8bit --quality=full '--loaders=libpng!' --sampling-policy=full-frame --binning-policy=hard --quantize-model=kmeans:inittype=none:threshold=0.125:binbits=6:mapping=uniform:softdist=trilinear:feedback=0:prune=hamerly:seed=1:restarts=1:iter=20:miniter=0:polish_iter=0:feedback_slots=1:feedback_interval=1:sample_target=16384 -Xoklab -Wgamma --diffusion=none --gpu-policy=off --lookup-policy=none -F none -a off -p 8 -J '{timeline}' -o '{devnull}' '{input}'
f2c138d8f6aa0a90c89d019f85eaf9bb3efa5edb,macOS-26.5.1-arm64-arm-64bit-Mach-O,images/snake.png,8,adaptive-grid-hard,adaptive-grid,hard,kmeans:inittype=none:threshold=0.125:binbits=6:mapping=uniform:softdist=trilinear:feedback=0:prune=hamerly:seed=1:restarts=1:iter=20:miniter=0:polish_iter=0:feedback_slots=1:feedback_interval=1:sample_target=16384,palette-build,measured,11,1,0,0.0004099999999999998,'{img2sixel}' --threads=1 --precision=8bit --quality=full '--loaders=libpng!' --sampling-policy=adaptive-grid --binning-policy=hard --quantize-model=kmeans:inittype=none:threshold=0.125:binbits=6:mapping=uniform:softdist=trilinear:feedback=0:prune=hamerly:seed=1:restarts=1:iter=20:miniter=0:polish_iter=0:feedback_slots=1:feedback_interval=1:sample_target=16384 -Xoklab -Wgamma --diffusion=none --gpu-policy=off --lookup-policy=none -F none -a off -p 8 -J '{timeline}' -o '{devnull}' '{input}'
f2c138d8f6aa0a90c89d019f85eaf9bb3efa5edb,macOS-26.5.1-arm64-arm-64bit-Mach-O,images/snake.png,8,full-frame-none,full-frame,none,kmeans:inittype=none:threshold=0.125:binbits=6:mapping=uniform:softdist=trilinear:feedback=0:prune=hamerly:seed=1:restarts=1:iter=20:miniter=0:polish_iter=0:feedback_slots=1:feedback_interval=1:sample_target=16384,palette-build,measured,11,1,1,0.033994,'{img2sixel}' --threads=1 --precision=8bit --quality=full '--loaders=libpng!' --sampling-policy=full-frame --binning-policy=none --quantize-model=kmeans:inittype=none:threshold=0.125:binbits=6:mapping=uniform:softdist=trilinear:feedback=0:prune=hamerly:seed=1:restarts=1:iter=20:miniter=0:polish_iter=0:feedback_slots=1:feedback_interval=1:sample_target=16384 -Xoklab -Wgamma --diffusion=none --gpu-policy=off --lookup-policy=none -F none -a off -p 8 -J '{timeline}' -o '{devnull}' '{input}'
f2c138d8f6aa0a90c89d019f85eaf9bb3efa5edb,macOS-26.5.1-arm64-arm-64bit-Mach-O,images/snake.png,8,full-frame-hard,full-frame,hard,kmeans:inittype=none:threshold=0.125:binbits=6:mapping=uniform:softdist=trilinear:feedback=0:prune=hamerly:seed=1:restarts=1:iter=20:miniter=0:polish_iter=0:feedback_slots=1:feedback_interval=1:sample_target=16384,palette-build,measured,11,1,2,0.006436999999999998,'{img2sixel}' --threads=1 --precision=8bit --quality=full '--loaders=libpng!' --sampling-policy=full-frame --binning-policy=hard --quantize-model=kmeans:inittype=none:threshold=0.125:binbits=6:mapping=uniform:softdist=trilinear:feedback=0:prune=hamerly:seed=1:restarts=1:iter=20:miniter=0:polish_iter=0:feedback_slots=1:feedback_interval=1:sample_target=16384 -Xoklab -Wgamma --diffusion=none --gpu-policy=off --lookup-policy=none -F none -a off -p 8 -J '{timeline}' -o '{devnull}' '{input}'
f2c138d8f6aa0a90c89d019f85eaf9bb3efa5edb,macOS-26.5.1-arm64-arm-64bit-Mach-O,images/snake.png,8,full-frame-exact,full-frame,exact,kmeans:inittype=none:threshold=0.125:binbits=6:mapping=uniform:softdist=trilinear:feedback=0:prune=hamerly:seed=1:restarts=1:iter=20:miniter=0:polish_iter=0:feedback_slots=1:feedback_interval=1:sample_target=16384,palette-build,measured,11,1,3,0.022992000000000002,'{img2sixel}' --threads=1 --precision=8bit --quality=full '--loaders=libpng!' --sampling-policy=full-frame --binning-policy=exact --quantize-model=kmeans:inittype=none:threshold=0.125:binbits=6:mapping=uniform:softdist=trilinear:feedback=0:prune=hamerly:seed=1:restarts=1:iter=20:miniter=0:polish_iter=0:feedback_slots=1:feedback_interval=1:sample_target=16384 -Xoklab -Wgamma --diffusion=none --gpu-policy=off --lookup-policy=none -F none -a off -p 8 -J '{timeline}' -o '{devnull}' '{input}'
f2c138d8f6aa0a90c89d019f85eaf9bb3efa5edb,macOS-26.5.1-arm64-arm-64bit-Mach-O,images/snake.png,8,full-frame-soft,full-frame,soft,kmeans:inittype=none:threshold=0.125:binbits=6:mapping=uniform:softdist=trilinear:feedback=0:prune=hamerly:seed=1:restarts=1:iter=20:miniter=0:polish_iter=0:feedback_slots=1:feedback_interval=1:sample_target=16384,palette-build,measured,11,1,4,0.014273,'{img2sixel}' --threads=1 --precision=8bit --quality=full '--loaders=libpng!' --sampling-policy=full-frame --binning-policy=soft --quantize-model=kmeans:inittype=none:threshold=0.125:binbits=6:mapping=uniform:softdist=trilinear:feedback=0:prune=hamerly:seed=1:restarts=1:iter=20:miniter=0:polish_iter=0:feedback_slots=1:feedback_interval=1:sample_target=16384 -Xoklab -Wgamma --diffusion=none --gpu-policy=off --lookup-policy=none -F none -a off -p 8 -J '{timeline}' -o '{devnull}' '{input}'
f2c138d8f6aa0a90c89d019f85eaf9bb3efa5edb,macOS-26.5.1-arm64-arm-64bit-Mach-O,images/snake.png,16,full-frame-hard,full-frame,hard,kmeans:inittype=none:threshold=0.125:binbits=6:mapping=uniform:softdist=trilinear:feedback=0:prune=hamerly:seed=1:restarts=1:iter=20:miniter=0:polish_iter=0:feedback_slots=1:feedback_interval=1:sample_target=16384,end-to-end,washout,0,0,-1,0.049245083006098866,'{img2sixel}' --threads=1 --precision=8bit --quality=full '--loaders=libpng!' --sampling-policy=full-frame --binning-policy=hard --quantize-model=kmeans:inittype=none:threshold=0.125:binbits=6:mapping=uniform:softdist=trilinear:feedback=0:prune=hamerly:seed=1:restarts=1:iter=20:miniter=0:polish_iter=0:feedback_slots=1:feedback_interval=1:sample_target=16384 -Xoklab -Wgamma --diffusion=none --gpu-policy=off --lookup-policy=none -F none -a off -p 16 -o '{devnull}' '{input}'
f2c138d8f6aa0a90c89d019f85eaf9bb3efa5edb,macOS-26.5.1-arm64-arm-64bit-Mach-O,images/snake.png,16,full-frame-hard,full-frame,hard,kmeans:inittype=none:threshold=0.125:binbits=6:mapping=uniform:softdist=trilinear:feedback=0:prune=hamerly:seed=1:restarts=1:iter=20:miniter=0:polish_iter=0:feedback_slots=1:feedback_interval=1:sample_target=16384,end-to-end,warmup,0,0,0,0.0493322080001235,'{img2sixel}' --threads=1 --precision=8bit --quality=full '--loaders=libpng!' --sampling-policy=full-frame --binning-policy=hard --quantize-model=kmeans:inittype=none:threshold=0.125:binbits=6:mapping=uniform:softdist=trilinear:feedback=0:prune=hamerly:seed=1:restarts=1:iter=20:miniter=0:polish_iter=0:feedback_slots=1:feedback_interval=1:sample_target=16384 -Xoklab -Wgamma --diffusion=none --gpu-policy=off --lookup-policy=none -F none -a off -p 16 -o '{devnull}' '{input}'
f2c138d8f6aa0a90c89d019f85eaf9bb3efa5edb,macOS-26.5.1-arm64-arm-64bit-Mach-O,images/snake.png,16,adaptive-grid-hard,adaptive-grid,hard,kmeans:inittype=none:threshold=0.125:binbits=6:mapping=uniform:softdist=trilinear:feedback=0:prune=hamerly:seed=1:restarts=1:iter=20:miniter=0:polish_iter=0:feedback_slots=1:feedback_interval=1:sample_target=16384,end-to-end,warmup,0,0,1,0.03437449992634356,'{img2sixel}' --threads=1 --precision=8bit --quality=full '--loaders=libpng!' --sampling-policy=adaptive-grid --binning-policy=hard --quantize-model=kmeans:inittype=none:threshold=0.125:binbits=6:mapping=uniform:softdist=trilinear:feedback=0:prune=hamerly:seed=1:restarts=1:iter=20:miniter=0:polish_iter=0:feedback_slots=1:feedback_interval=1:sample_target=16384 -Xoklab -Wgamma --diffusion=none --gpu-policy=off --lookup-policy=none -F none -a off -p 16 -o '{devnull}' '{input}'
f2c138d8f6aa0a90c89d019f85eaf9bb3efa5edb,macOS-26.5.1-arm64-arm-64bit-Mach-O,images/snake.png,16,full-frame-soft,full-frame,soft,kmeans:inittype=none:threshold=0.125:binbits=6:mapping=uniform:softdist=trilinear:feedback=0:prune=hamerly:seed=1:restarts=1:iter=20:miniter=0:polish_iter=0:feedback_slots=1:feedback_interval=1:sample_target=16384,end-to-end,warmup,0,0,2,0.05666608293540776,'{img2sixel}' --threads=1 --precision=8bit --quality=full '--loaders=libpng!' --sampling-policy=full-frame --binning-policy=soft --quantize-model=kmeans:inittype=none:threshold=0.125:binbits=6:mapping=uniform:softdist=trilinear:feedback=0:prune=hamerly:seed=1:restarts=1:iter=20:miniter=0:polish_iter=0:feedback_slots=1:feedback_interval=1:sample_target=16384 -Xoklab -Wgamma --diffusion=none --gpu-policy=off --lookup-policy=none -F none -a off -p 16 -o '{devnull}' '{input}'
f2c138d8f6aa0a90c89d019f85eaf9bb3efa5edb,macOS-26.5.1-arm64-arm-64bit-Mach-O,images/snake.png,16,full-frame-none,full-frame,none,kmeans:inittype=none:threshold=0.125:binbits=6:mapping=uniform:softdist=trilinear:feedback=0:prune=hamerly:seed=1:restarts=1:iter=20:miniter=0:polish_iter=0:feedback_slots=1:feedback_interval=1:sample_target=16384,end-to-end,warmup,0,0,3,0.11160212499089539,'{img2sixel}' --threads=1 --precision=8bit --quality=full '--loaders=libpng!' --sampling-policy=full-frame --binning-policy=none --quantize-model=kmeans:inittype=none:threshold=0.125:binbits=6:mapping=uniform:softdist=trilinear:feedback=0:prune=hamerly:seed=1:restarts=1:iter=20:miniter=0:polish_iter=0:feedback_slots=1:feedback_interval=1:sample_target=16384 -Xoklab -Wgamma --diffusion=none --gpu-policy=off --lookup-policy=none -F none -a off -p 16 -o '{devnull}' '{input}'
f2c138d8f6aa0a90c89d019f85eaf9bb3efa5edb,macOS-26.5.1-arm64-arm-64bit-Mach-O,images/snake.png,16,full-frame-exact,full-frame,exact,kmeans:inittype=none:threshold=0.125:binbits=6:mapping=uniform:softdist=trilinear:feedback=0:prune=hamerly:seed=1:restarts=1:iter=20:miniter=0:polish_iter=0:feedback_slots=1:feedback_interval=1:sample_target=16384,end-to-end,warmup,0,0,4,0.07667333306744695,'{img2sixel}' --threads=1 --precision=8bit --quality=full '--loaders=libpng!' --sampling-policy=full-frame --binning-policy=exact --quantize-model=kmeans:inittype=none:threshold=0.125:binbits=6:mapping=uniform:softdist=trilinear:feedback=0:prune=hamerly:seed=1:restarts=1:iter=20:miniter=0:polish_iter=0:feedback_slots=1:feedback_interval=1:sample_target=16384 -Xoklab -Wgamma --diffusion=none --gpu-policy=off --lookup-policy=none -F none -a off -p 16 -o '{devnull}' '{input}'
f2c138d8f6aa0a90c89d019f85eaf9bb3efa5edb,macOS-26.5.1-arm64-arm-64bit-Mach-O,images/snake.png,16,full-frame-hard,full-frame,hard,kmeans:inittype=none:threshold=0.125:binbits=6:mapping=uniform:softdist=trilinear:feedback=0:prune=hamerly:seed=1:restarts=1:iter=20:miniter=0:polish_iter=0:feedback_slots=1:feedback_interval=1:sample_target=16384,end-to-end,washout,1,1,-1,0.04971829196438193,'{img2sixel}' --threads=1 --precision=8bit --quality=full '--loaders=libpng!' --sampling-policy=full-frame --binning-policy=hard --quantize-model=kmeans:inittype=none:threshold=0.125:binbits=6:mapping=uniform:softdist=trilinear:feedback=0:prune=hamerly:seed=1:restarts=1:iter=20:miniter=0:polish_iter=0:feedback_slots=1:feedback_interval=1:sample_target=16384 -Xoklab -Wgamma --diffusion=none --gpu-policy=off --lookup-policy=none -F none -a off -p 16 -o '{devnull}' '{input}'
f2c138d8f6aa0a90c89d019f85eaf9bb3efa5edb,macOS-26.5.1-arm64-arm-64bit-Mach-O,images/snake.png,16,adaptive-grid-hard,adaptive-grid,hard,kmeans:inittype=none:threshold=0.125:binbits=6:mapping=uniform:softdist=trilinear:feedback=0:prune=hamerly:seed=1:restarts=1:iter=20:miniter=0:polish_iter=0:feedback_slots=1:feedback_interval=1:sample_target=16384,end-to-end,warmup,1,1,0,0.03409491712227464,'{img2sixel}' --threads=1 --precision=8bit --quality=full '--loaders=libpng!' --sampling-policy=adaptive-grid --binning-policy=hard --quantize-model=kmeans:inittype=none:threshold=0.125:binbits=6:mapping=uniform:softdist=trilinear:feedback=0:prune=hamerly:seed=1:restarts=1:iter=20:miniter=0:polish_iter=0:feedback_slots=1:feedback_interval=1:sample_target=16384 -Xoklab -Wgamma --diffusion=none --gpu-policy=off --lookup-policy=none -F none -a off -p 16 -o '{devnull}' '{input}'
f2c138d8f6aa0a90c89d019f85eaf9bb3efa5edb,macOS-26.5.1-arm64-arm-64bit-Mach-O,images/snake.png,16,full-frame-none,full-frame,none,kmeans:inittype=none:threshold=0.125:binbits=6:mapping=uniform:softdist=trilinear:feedback=0:prune=hamerly:seed=1:restarts=1:iter=20:miniter=0:polish_iter=0:feedback_slots=1:feedback_interval=1:sample_target=16384,end-to-end,warmup,1,1,1,0.10785187501460314,'{img2sixel}' --threads=1 --precision=8bit --quality=full '--loaders=libpng!' --sampling-policy=full-frame --binning-policy=none --quantize-model=kmeans:inittype=none:threshold=0.125:binbits=6:mapping=uniform:softdist=trilinear:feedback=0:prune=hamerly:seed=1:restarts=1:iter=20:miniter=0:polish_iter=0:feedback_slots=1:feedback_interval=1:sample_target=16384 -Xoklab -Wgamma --diffusion=none --gpu-policy=off --lookup-policy=none -F none -a off -p 16 -o '{devnull}' '{input}'
f2c138d8f6aa0a90c89d019f85eaf9bb3efa5edb,macOS-26.5.1-arm64-arm-64bit-Mach-O,images/snake.png,16,full-frame-hard,full-frame,hard,kmeans:inittype=none:threshold=0.125:binbits=6:mapping=uniform:softdist=trilinear:feedback=0:prune=hamerly:seed=1:restarts=1:iter=20:miniter=0:polish_iter=0:feedback_slots=1:feedback_interval=1:sample_target=16384,end-to-end,warmup,1,1,2,0.04945916589349508,'{img2sixel}' --threads=1 --precision=8bit --quality=full '--loaders=libpng!' --sampling-policy=full-frame --binning-policy=hard --quantize-model=kmeans:inittype=none:threshold=0.125:binbits=6:mapping=uniform:softdist=trilinear:feedback=0:prune=hamerly:seed=1:restarts=1:iter=20:miniter=0:polish_iter=0:feedback_slots=1:feedback_interval=1:sample_target=16384 -Xoklab -Wgamma --diffusion=none --gpu-policy=off --lookup-policy=none -F none -a off -p 16 -o '{devnull}' '{input}'
f2c138d8f6aa0a90c89d019f85eaf9bb3efa5edb,macOS-26.5.1-arm64-arm-64bit-Mach-O,images/snake.png,16,full-frame-exact,full-frame,exact,kmeans:inittype=none:threshold=0.125:binbits=6:mapping=uniform:softdist=trilinear:feedback=0:prune=hamerly:seed=1:restarts=1:iter=20:miniter=0:polish_iter=0:feedback_slots=1:feedback_interval=1:sample_target=16384,end-to-end,warmup,1,1,3,0.07443820801563561,'{img2sixel}' --threads=1 --precision=8bit --quality=full '--loaders=libpng!' --sampling-policy=full-frame --binning-policy=exact --quantize-model=kmeans:inittype=none:threshold=0.125:binbits=6:mapping=uniform:softdist=trilinear:feedback=0:prune=hamerly:seed=1:restarts=1:iter=20:miniter=0:polish_iter=0:feedback_slots=1:feedback_interval=1:sample_target=16384 -Xoklab -Wgamma --diffusion=none --gpu-policy=off --lookup-policy=none -F none -a off -p 16 -o '{devnull}' '{input}'
f2c138d8f6aa0a90c89d019f85eaf9bb3efa5edb,macOS-26.5.1-arm64-arm-64bit-Mach-O,images/snake.png,16,full-frame-soft,full-frame,soft,kmeans:inittype=none:threshold=0.125:binbits=6:mapping=uniform:softdist=trilinear:feedback=0:prune=hamerly:seed=1:restarts=1:iter=20:miniter=0:polish_iter=0:feedback_slots=1:feedback_interval=1:sample_target=16384,end-to-end,warmup,1,1,4,0.058305042097344995,'{img2sixel}' --threads=1 --precision=8bit --quality=full '--loaders=libpng!' --sampling-policy=full-frame --binning-policy=soft --quantize-model=kmeans:inittype=none:threshold=0.125:binbits=6:mapping=uniform:softdist=trilinear:feedback=0:prune=hamerly:seed=1:restarts=1:iter=20:miniter=0:polish_iter=0:feedback_slots=1:feedback_interval=1:sample_target=16384 -Xoklab -Wgamma --diffusion=none --gpu-policy=off --lookup-policy=none -F none -a off -p 16 -o '{devnull}' '{input}'
f2c138d8f6aa0a90c89d019f85eaf9bb3efa5edb,macOS-26.5.1-arm64-arm-64bit-Mach-O,images/snake.png,16,full-frame-hard,full-frame,hard,kmeans:inittype=none:threshold=0.125:binbits=6:mapping=uniform:softdist=trilinear:feedback=0:prune=hamerly:seed=1:restarts=1:iter=20:miniter=0:polish_iter=0:feedback_slots=1:feedback_interval=1:sample_target=16384,end-to-end,washout,2,2,-1,0.049525082809850574,'{img2sixel}' --threads=1 --precision=8bit --quality=full '--loaders=libpng!' --sampling-policy=full-frame --binning-policy=hard --quantize-model=kmeans:inittype=none:threshold=0.125:binbits=6:mapping=uniform:softdist=trilinear:feedback=0:prune=hamerly:seed=1:restarts=1:iter=20:miniter=0:polish_iter=0:feedback_slots=1:feedback_interval=1:sample_target=16384 -Xoklab -Wgamma --diffusion=none --gpu-policy=off --lookup-policy=none -F none -a off -p 16 -o '{devnull}' '{input}'
f2c138d8f6aa0a90c89d019f85eaf9bb3efa5edb,macOS-26.5.1-arm64-arm-64bit-Mach-O,images/snake.png,16,full-frame-none,full-frame,none,kmeans:inittype=none:threshold=0.125:binbits=6:mapping=uniform:softdist=trilinear:feedback=0:prune=hamerly:seed=1:restarts=1:iter=20:miniter=0:polish_iter=0:feedback_slots=1:feedback_interval=1:sample_target=16384,end-to-end,measured,2,2,0,0.10943241696804762,'{img2sixel}' --threads=1 --precision=8bit --quality=full '--loaders=libpng!' --sampling-policy=full-frame --binning-policy=none --quantize-model=kmeans:inittype=none:threshold=0.125:binbits=6:mapping=uniform:softdist=trilinear:feedback=0:prune=hamerly:seed=1:restarts=1:iter=20:miniter=0:polish_iter=0:feedback_slots=1:feedback_interval=1:sample_target=16384 -Xoklab -Wgamma --diffusion=none --gpu-policy=off --lookup-policy=none -F none -a off -p 16 -o '{devnull}' '{input}'
f2c138d8f6aa0a90c89d019f85eaf9bb3efa5edb,macOS-26.5.1-arm64-arm-64bit-Mach-O,images/snake.png,16,full-frame-exact,full-frame,exact,kmeans:inittype=none:threshold=0.125:binbits=6:mapping=uniform:softdist=trilinear:feedback=0:prune=hamerly:seed=1:restarts=1:iter=20:miniter=0:polish_iter=0:feedback_slots=1:feedback_interval=1:sample_target=16384,end-to-end,measured,2,2,1,0.08084583305753767,'{img2sixel}' --threads=1 --precision=8bit --quality=full '--loaders=libpng!' --sampling-policy=full-frame --binning-policy=exact --quantize-model=kmeans:inittype=none:threshold=0.125:binbits=6:mapping=uniform:softdist=trilinear:feedback=0:prune=hamerly:seed=1:restarts=1:iter=20:miniter=0:polish_iter=0:feedback_slots=1:feedback_interval=1:sample_target=16384 -Xoklab -Wgamma --diffusion=none --gpu-policy=off --lookup-policy=none -F none -a off -p 16 -o '{devnull}' '{input}'
f2c138d8f6aa0a90c89d019f85eaf9bb3efa5edb,macOS-26.5.1-arm64-arm-64bit-Mach-O,images/snake.png,16,adaptive-grid-hard,adaptive-grid,hard,kmeans:inittype=none:threshold=0.125:binbits=6:mapping=uniform:softdist=trilinear:feedback=0:prune=hamerly:seed=1:restarts=1:iter=20:miniter=0:polish_iter=0:feedback_slots=1:feedback_interval=1:sample_target=16384,end-to-end,measured,2,2,2,0.03763608285225928,'{img2sixel}' --threads=1 --precision=8bit --quality=full '--loaders=libpng!' --sampling-policy=adaptive-grid --binning-policy=hard --quantize-model=kmeans:inittype=none:threshold=0.125:binbits=6:mapping=uniform:softdist=trilinear:feedback=0:prune=hamerly:seed=1:restarts=1:iter=20:miniter=0:polish_iter=0:feedback_slots=1:feedback_interval=1:sample_target=16384 -Xoklab -Wgamma --diffusion=none --gpu-policy=off --lookup-policy=none -F none -a off -p 16 -o '{devnull}' '{input}'
f2c138d8f6aa0a90c89d019f85eaf9bb3efa5edb,macOS-26.5.1-arm64-arm-64bit-Mach-O,images/snake.png,16,full-frame-soft,full-frame,soft,kmeans:inittype=none:threshold=0.125:binbits=6:mapping=uniform:softdist=trilinear:feedback=0:prune=hamerly:seed=1:restarts=1:iter=20:miniter=0:polish_iter=0:feedback_slots=1:feedback_interval=1:sample_target=16384,end-to-end,measured,2,2,3,0.05729762511327863,'{img2sixel}' --threads=1 --precision=8bit --quality=full '--loaders=libpng!' --sampling-policy=full-frame --binning-policy=soft --quantize-model=kmeans:inittype=none:threshold=0.125:binbits=6:mapping=uniform:softdist=trilinear:feedback=0:prune=hamerly:seed=1:restarts=1:iter=20:miniter=0:polish_iter=0:feedback_slots=1:feedback_interval=1:sample_target=16384 -Xoklab -Wgamma --diffusion=none --gpu-policy=off --lookup-policy=none -F none -a off -p 16 -o '{devnull}' '{input}'
f2c138d8f6aa0a90c89d019f85eaf9bb3efa5edb,macOS-26.5.1-arm64-arm-64bit-Mach-O,images/snake.png,16,full-frame-hard,full-frame,hard,kmeans:inittype=none:threshold=0.125:binbits=6:mapping=uniform:softdist=trilinear:feedback=0:prune=hamerly:seed=1:restarts=1:iter=20:miniter=0:polish_iter=0:feedback_slots=1:feedback_interval=1:sample_target=16384,end-to-end,measured,2,2,4,0.049245124915614724,'{img2sixel}' --threads=1 --precision=8bit --quality=full '--loaders=libpng!' --sampling-policy=full-frame --binning-policy=hard --quantize-model=kmeans:inittype=none:threshold=0.125:binbits=6:mapping=uniform:softdist=trilinear:feedback=0:prune=hamerly:seed=1:restarts=1:iter=20:miniter=0:polish_iter=0:feedback_slots=1:feedback_interval=1:sample_target=16384 -Xoklab -Wgamma --diffusion=none --gpu-policy=off --lookup-policy=none -F none -a off -p 16 -o '{devnull}' '{input}'
f2c138d8f6aa0a90c89d019f85eaf9bb3efa5edb,macOS-26.5.1-arm64-arm-64bit-Mach-O,images/snake.png,16,full-frame-hard,full-frame,hard,kmeans:inittype=none:threshold=0.125:binbits=6:mapping=uniform:softdist=trilinear:feedback=0:prune=hamerly:seed=1:restarts=1:iter=20:miniter=0:polish_iter=0:feedback_slots=1:feedback_interval=1:sample_target=16384,end-to-end,washout,3,3,-1,0.04918208299204707,'{img2sixel}' --threads=1 --precision=8bit --quality=full '--loaders=libpng!' --sampling-policy=full-frame --binning-policy=hard --quantize-model=kmeans:inittype=none:threshold=0.125:binbits=6:mapping=uniform:softdist=trilinear:feedback=0:prune=hamerly:seed=1:restarts=1:iter=20:miniter=0:polish_iter=0:feedback_slots=1:feedback_interval=1:sample_target=16384 -Xoklab -Wgamma --diffusion=none --gpu-policy=off --lookup-policy=none -F none -a off -p 16 -o '{devnull}' '{input}'
f2c138d8f6aa0a90c89d019f85eaf9bb3efa5edb,macOS-26.5.1-arm64-arm-64bit-Mach-O,images/snake.png,16,full-frame-exact,full-frame,exact,kmeans:inittype=none:threshold=0.125:binbits=6:mapping=uniform:softdist=trilinear:feedback=0:prune=hamerly:seed=1:restarts=1:iter=20:miniter=0:polish_iter=0:feedback_slots=1:feedback_interval=1:sample_target=16384,end-to-end,measured,3,3,0,0.07429058291018009,'{img2sixel}' --threads=1 --precision=8bit --quality=full '--loaders=libpng!' --sampling-policy=full-frame --binning-policy=exact --quantize-model=kmeans:inittype=none:threshold=0.125:binbits=6:mapping=uniform:softdist=trilinear:feedback=0:prune=hamerly:seed=1:restarts=1:iter=20:miniter=0:polish_iter=0:feedback_slots=1:feedback_interval=1:sample_target=16384 -Xoklab -Wgamma --diffusion=none --gpu-policy=off --lookup-policy=none -F none -a off -p 16 -o '{devnull}' '{input}'
f2c138d8f6aa0a90c89d019f85eaf9bb3efa5edb,macOS-26.5.1-arm64-arm-64bit-Mach-O,images/snake.png,16,full-frame-soft,full-frame,soft,kmeans:inittype=none:threshold=0.125:binbits=6:mapping=uniform:softdist=trilinear:feedback=0:prune=hamerly:seed=1:restarts=1:iter=20:miniter=0:polish_iter=0:feedback_slots=1:feedback_interval=1:sample_target=16384,end-to-end,measured,3,3,1,0.05754954181611538,'{img2sixel}' --threads=1 --precision=8bit --quality=full '--loaders=libpng!' --sampling-policy=full-frame --binning-policy=soft --quantize-model=kmeans:inittype=none:threshold=0.125:binbits=6:mapping=uniform:softdist=trilinear:feedback=0:prune=hamerly:seed=1:restarts=1:iter=20:miniter=0:polish_iter=0:feedback_slots=1:feedback_interval=1:sample_target=16384 -Xoklab -Wgamma --diffusion=none --gpu-policy=off --lookup-policy=none -F none -a off -p 16 -o '{devnull}' '{input}'
f2c138d8f6aa0a90c89d019f85eaf9bb3efa5edb,macOS-26.5.1-arm64-arm-64bit-Mach-O,images/snake.png,16,full-frame-none,full-frame,none,kmeans:inittype=none:threshold=0.125:binbits=6:mapping=uniform:softdist=trilinear:feedback=0:prune=hamerly:seed=1:restarts=1:iter=20:miniter=0:polish_iter=0:feedback_slots=1:feedback_interval=1:sample_target=16384,end-to-end,measured,3,3,2,0.10904712486080825,'{img2sixel}' --threads=1 --precision=8bit --quality=full '--loaders=libpng!' --sampling-policy=full-frame --binning-policy=none --quantize-model=kmeans:inittype=none:threshold=0.125:binbits=6:mapping=uniform:softdist=trilinear:feedback=0:prune=hamerly:seed=1:restarts=1:iter=20:miniter=0:polish_iter=0:feedback_slots=1:feedback_interval=1:sample_target=16384 -Xoklab -Wgamma --diffusion=none --gpu-policy=off --lookup-policy=none -F none -a off -p 16 -o '{devnull}' '{input}'
f2c138d8f6aa0a90c89d019f85eaf9bb3efa5edb,macOS-26.5.1-arm64-arm-64bit-Mach-O,images/snake.png,16,full-frame-hard,full-frame,hard,kmeans:inittype=none:threshold=0.125:binbits=6:mapping=uniform:softdist=trilinear:feedback=0:prune=hamerly:seed=1:restarts=1:iter=20:miniter=0:polish_iter=0:feedback_slots=1:feedback_interval=1:sample_target=16384,end-to-end,measured,3,3,3,0.049887125147506595,'{img2sixel}' --threads=1 --precision=8bit --quality=full '--loaders=libpng!' --sampling-policy=full-frame --binning-policy=hard --quantize-model=kmeans:inittype=none:threshold=0.125:binbits=6:mapping=uniform:softdist=trilinear:feedback=0:prune=hamerly:seed=1:restarts=1:iter=20:miniter=0:polish_iter=0:feedback_slots=1:feedback_interval=1:sample_target=16384 -Xoklab -Wgamma --diffusion=none --gpu-policy=off --lookup-policy=none -F none -a off -p 16 -o '{devnull}' '{input}'
f2c138d8f6aa0a90c89d019f85eaf9bb3efa5edb,macOS-26.5.1-arm64-arm-64bit-Mach-O,images/snake.png,16,adaptive-grid-hard,adaptive-grid,hard,kmeans:inittype=none:threshold=0.125:binbits=6:mapping=uniform:softdist=trilinear:feedback=0:prune=hamerly:seed=1:restarts=1:iter=20:miniter=0:polish_iter=0:feedback_slots=1:feedback_interval=1:sample_target=16384,end-to-end,measured,3,3,4,0.034237916115671396,'{img2sixel}' --threads=1 --precision=8bit --quality=full '--loaders=libpng!' --sampling-policy=adaptive-grid --binning-policy=hard --quantize-model=kmeans:inittype=none:threshold=0.125:binbits=6:mapping=uniform:softdist=trilinear:feedback=0:prune=hamerly:seed=1:restarts=1:iter=20:miniter=0:polish_iter=0:feedback_slots=1:feedback_interval=1:sample_target=16384 -Xoklab -Wgamma --diffusion=none --gpu-policy=off --lookup-policy=none -F none -a off -p 16 -o '{devnull}' '{input}'
f2c138d8f6aa0a90c89d019f85eaf9bb3efa5edb,macOS-26.5.1-arm64-arm-64bit-Mach-O,images/snake.png,16,full-frame-hard,full-frame,hard,kmeans:inittype=none:threshold=0.125:binbits=6:mapping=uniform:softdist=trilinear:feedback=0:prune=hamerly:seed=1:restarts=1:iter=20:miniter=0:polish_iter=0:feedback_slots=1:feedback_interval=1:sample_target=16384,end-to-end,washout,4,4,-1,0.048133499920368195,'{img2sixel}' --threads=1 --precision=8bit --quality=full '--loaders=libpng!' --sampling-policy=full-frame --binning-policy=hard --quantize-model=kmeans:inittype=none:threshold=0.125:binbits=6:mapping=uniform:softdist=trilinear:feedback=0:prune=hamerly:seed=1:restarts=1:iter=20:miniter=0:polish_iter=0:feedback_slots=1:feedback_interval=1:sample_target=16384 -Xoklab -Wgamma --diffusion=none --gpu-policy=off --lookup-policy=none -F none -a off -p 16 -o '{devnull}' '{input}'
f2c138d8f6aa0a90c89d019f85eaf9bb3efa5edb,macOS-26.5.1-arm64-arm-64bit-Mach-O,images/snake.png,16,full-frame-soft,full-frame,soft,kmeans:inittype=none:threshold=0.125:binbits=6:mapping=uniform:softdist=trilinear:feedback=0:prune=hamerly:seed=1:restarts=1:iter=20:miniter=0:polish_iter=0:feedback_slots=1:feedback_interval=1:sample_target=16384,end-to-end,measured,4,4,0,0.0575294999871403,'{img2sixel}' --threads=1 --precision=8bit --quality=full '--loaders=libpng!' --sampling-policy=full-frame --binning-policy=soft --quantize-model=kmeans:inittype=none:threshold=0.125:binbits=6:mapping=uniform:softdist=trilinear:feedback=0:prune=hamerly:seed=1:restarts=1:iter=20:miniter=0:polish_iter=0:feedback_slots=1:feedback_interval=1:sample_target=16384 -Xoklab -Wgamma --diffusion=none --gpu-policy=off --lookup-policy=none -F none -a off -p 16 -o '{devnull}' '{input}'
f2c138d8f6aa0a90c89d019f85eaf9bb3efa5edb,macOS-26.5.1-arm64-arm-64bit-Mach-O,images/snake.png,16,full-frame-hard,full-frame,hard,kmeans:inittype=none:threshold=0.125:binbits=6:mapping=uniform:softdist=trilinear:feedback=0:prune=hamerly:seed=1:restarts=1:iter=20:miniter=0:polish_iter=0:feedback_slots=1:feedback_interval=1:sample_target=16384,end-to-end,measured,4,4,1,0.04849812504835427,'{img2sixel}' --threads=1 --precision=8bit --quality=full '--loaders=libpng!' --sampling-policy=full-frame --binning-policy=hard --quantize-model=kmeans:inittype=none:threshold=0.125:binbits=6:mapping=uniform:softdist=trilinear:feedback=0:prune=hamerly:seed=1:restarts=1:iter=20:miniter=0:polish_iter=0:feedback_slots=1:feedback_interval=1:sample_target=16384 -Xoklab -Wgamma --diffusion=none --gpu-policy=off --lookup-policy=none -F none -a off -p 16 -o '{devnull}' '{input}'
f2c138d8f6aa0a90c89d019f85eaf9bb3efa5edb,macOS-26.5.1-arm64-arm-64bit-Mach-O,images/snake.png,16,full-frame-exact,full-frame,exact,kmeans:inittype=none:threshold=0.125:binbits=6:mapping=uniform:softdist=trilinear:feedback=0:prune=hamerly:seed=1:restarts=1:iter=20:miniter=0:polish_iter=0:feedback_slots=1:feedback_interval=1:sample_target=16384,end-to-end,measured,4,4,2,0.07375962496735156,'{img2sixel}' --threads=1 --precision=8bit --quality=full '--loaders=libpng!' --sampling-policy=full-frame --binning-policy=exact --quantize-model=kmeans:inittype=none:threshold=0.125:binbits=6:mapping=uniform:softdist=trilinear:feedback=0:prune=hamerly:seed=1:restarts=1:iter=20:miniter=0:polish_iter=0:feedback_slots=1:feedback_interval=1:sample_target=16384 -Xoklab -Wgamma --diffusion=none --gpu-policy=off --lookup-policy=none -F none -a off -p 16 -o '{devnull}' '{input}'
f2c138d8f6aa0a90c89d019f85eaf9bb3efa5edb,macOS-26.5.1-arm64-arm-64bit-Mach-O,images/snake.png,16,adaptive-grid-hard,adaptive-grid,hard,kmeans:inittype=none:threshold=0.125:binbits=6:mapping=uniform:softdist=trilinear:feedback=0:prune=hamerly:seed=1:restarts=1:iter=20:miniter=0:polish_iter=0:feedback_slots=1:feedback_interval=1:sample_target=16384,end-to-end,measured,4,4,3,0.03411787492223084,'{img2sixel}' --threads=1 --precision=8bit --quality=full '--loaders=libpng!' --sampling-policy=adaptive-grid --binning-policy=hard --quantize-model=kmeans:inittype=none:threshold=0.125:binbits=6:mapping=uniform:softdist=trilinear:feedback=0:prune=hamerly:seed=1:restarts=1:iter=20:miniter=0:polish_iter=0:feedback_slots=1:feedback_interval=1:sample_target=16384 -Xoklab -Wgamma --diffusion=none --gpu-policy=off --lookup-policy=none -F none -a off -p 16 -o '{devnull}' '{input}'
f2c138d8f6aa0a90c89d019f85eaf9bb3efa5edb,macOS-26.5.1-arm64-arm-64bit-Mach-O,images/snake.png,16,full-frame-none,full-frame,none,kmeans:inittype=none:threshold=0.125:binbits=6:mapping=uniform:softdist=trilinear:feedback=0:prune=hamerly:seed=1:restarts=1:iter=20:miniter=0:polish_iter=0:feedback_slots=1:feedback_interval=1:sample_target=16384,end-to-end,measured,4,4,4,0.10974183399230242,'{img2sixel}' --threads=1 --precision=8bit --quality=full '--loaders=libpng!' --sampling-policy=full-frame --binning-policy=none --quantize-model=kmeans:inittype=none:threshold=0.125:binbits=6:mapping=uniform:softdist=trilinear:feedback=0:prune=hamerly:seed=1:restarts=1:iter=20:miniter=0:polish_iter=0:feedback_slots=1:feedback_interval=1:sample_target=16384 -Xoklab -Wgamma --diffusion=none --gpu-policy=off --lookup-policy=none -F none -a off -p 16 -o '{devnull}' '{input}'
f2c138d8f6aa0a90c89d019f85eaf9bb3efa5edb,macOS-26.5.1-arm64-arm-64bit-Mach-O,images/snake.png,16,full-frame-hard,full-frame,hard,kmeans:inittype=none:threshold=0.125:binbits=6:mapping=uniform:softdist=trilinear:feedback=0:prune=hamerly:seed=1:restarts=1:iter=20:miniter=0:polish_iter=0:feedback_slots=1:feedback_interval=1:sample_target=16384,end-to-end,washout,5,5,-1,0.04974437481723726,'{img2sixel}' --threads=1 --precision=8bit --quality=full '--loaders=libpng!' --sampling-policy=full-frame --binning-policy=hard --quantize-model=kmeans:inittype=none:threshold=0.125:binbits=6:mapping=uniform:softdist=trilinear:feedback=0:prune=hamerly:seed=1:restarts=1:iter=20:miniter=0:polish_iter=0:feedback_slots=1:feedback_interval=1:sample_target=16384 -Xoklab -Wgamma --diffusion=none --gpu-policy=off --lookup-policy=none -F none -a off -p 16 -o '{devnull}' '{input}'
f2c138d8f6aa0a90c89d019f85eaf9bb3efa5edb,macOS-26.5.1-arm64-arm-64bit-Mach-O,images/snake.png,16,full-frame-exact,full-frame,exact,kmeans:inittype=none:threshold=0.125:binbits=6:mapping=uniform:softdist=trilinear:feedback=0:prune=hamerly:seed=1:restarts=1:iter=20:miniter=0:polish_iter=0:feedback_slots=1:feedback_interval=1:sample_target=16384,end-to-end,measured,5,5,0,0.07463304209522903,'{img2sixel}' --threads=1 --precision=8bit --quality=full '--loaders=libpng!' --sampling-policy=full-frame --binning-policy=exact --quantize-model=kmeans:inittype=none:threshold=0.125:binbits=6:mapping=uniform:softdist=trilinear:feedback=0:prune=hamerly:seed=1:restarts=1:iter=20:miniter=0:polish_iter=0:feedback_slots=1:feedback_interval=1:sample_target=16384 -Xoklab -Wgamma --diffusion=none --gpu-policy=off --lookup-policy=none -F none -a off -p 16 -o '{devnull}' '{input}'
f2c138d8f6aa0a90c89d019f85eaf9bb3efa5edb,macOS-26.5.1-arm64-arm-64bit-Mach-O,images/snake.png,16,full-frame-none,full-frame,none,kmeans:inittype=none:threshold=0.125:binbits=6:mapping=uniform:softdist=trilinear:feedback=0:prune=hamerly:seed=1:restarts=1:iter=20:miniter=0:polish_iter=0:feedback_slots=1:feedback_interval=1:sample_target=16384,end-to-end,measured,5,5,1,0.10983879095874727,'{img2sixel}' --threads=1 --precision=8bit --quality=full '--loaders=libpng!' --sampling-policy=full-frame --binning-policy=none --quantize-model=kmeans:inittype=none:threshold=0.125:binbits=6:mapping=uniform:softdist=trilinear:feedback=0:prune=hamerly:seed=1:restarts=1:iter=20:miniter=0:polish_iter=0:feedback_slots=1:feedback_interval=1:sample_target=16384 -Xoklab -Wgamma --diffusion=none --gpu-policy=off --lookup-policy=none -F none -a off -p 16 -o '{devnull}' '{input}'
f2c138d8f6aa0a90c89d019f85eaf9bb3efa5edb,macOS-26.5.1-arm64-arm-64bit-Mach-O,images/snake.png,16,full-frame-soft,full-frame,soft,kmeans:inittype=none:threshold=0.125:binbits=6:mapping=uniform:softdist=trilinear:feedback=0:prune=hamerly:seed=1:restarts=1:iter=20:miniter=0:polish_iter=0:feedback_slots=1:feedback_interval=1:sample_target=16384,end-to-end,measured,5,5,2,0.058367832796648145,'{img2sixel}' --threads=1 --precision=8bit --quality=full '--loaders=libpng!' --sampling-policy=full-frame --binning-policy=soft --quantize-model=kmeans:inittype=none:threshold=0.125:binbits=6:mapping=uniform:softdist=trilinear:feedback=0:prune=hamerly:seed=1:restarts=1:iter=20:miniter=0:polish_iter=0:feedback_slots=1:feedback_interval=1:sample_target=16384 -Xoklab -Wgamma --diffusion=none --gpu-policy=off --lookup-policy=none -F none -a off -p 16 -o '{devnull}' '{input}'
f2c138d8f6aa0a90c89d019f85eaf9bb3efa5edb,macOS-26.5.1-arm64-arm-64bit-Mach-O,images/snake.png,16,adaptive-grid-hard,adaptive-grid,hard,kmeans:inittype=none:threshold=0.125:binbits=6:mapping=uniform:softdist=trilinear:feedback=0:prune=hamerly:seed=1:restarts=1:iter=20:miniter=0:polish_iter=0:feedback_slots=1:feedback_interval=1:sample_target=16384,end-to-end,measured,5,5,3,0.034436916932463646,'{img2sixel}' --threads=1 --precision=8bit --quality=full '--loaders=libpng!' --sampling-policy=adaptive-grid --binning-policy=hard --quantize-model=kmeans:inittype=none:threshold=0.125:binbits=6:mapping=uniform:softdist=trilinear:feedback=0:prune=hamerly:seed=1:restarts=1:iter=20:miniter=0:polish_iter=0:feedback_slots=1:feedback_interval=1:sample_target=16384 -Xoklab -Wgamma --diffusion=none --gpu-policy=off --lookup-policy=none -F none -a off -p 16 -o '{devnull}' '{input}'
f2c138d8f6aa0a90c89d019f85eaf9bb3efa5edb,macOS-26.5.1-arm64-arm-64bit-Mach-O,images/snake.png,16,full-frame-hard,full-frame,hard,kmeans:inittype=none:threshold=0.125:binbits=6:mapping=uniform:softdist=trilinear:feedback=0:prune=hamerly:seed=1:restarts=1:iter=20:miniter=0:polish_iter=0:feedback_slots=1:feedback_interval=1:sample_target=16384,end-to-end,measured,5,5,4,0.048873834079131484,'{img2sixel}' --threads=1 --precision=8bit --quality=full '--loaders=libpng!' --sampling-policy=full-frame --binning-policy=hard --quantize-model=kmeans:inittype=none:threshold=0.125:binbits=6:mapping=uniform:softdist=trilinear:feedback=0:prune=hamerly:seed=1:restarts=1:iter=20:miniter=0:polish_iter=0:feedback_slots=1:feedback_interval=1:sample_target=16384 -Xoklab -Wgamma --diffusion=none --gpu-policy=off --lookup-policy=none -F none -a off -p 16 -o '{devnull}' '{input}'
f2c138d8f6aa0a90c89d019f85eaf9bb3efa5edb,macOS-26.5.1-arm64-arm-64bit-Mach-O,images/snake.png,16,full-frame-hard,full-frame,hard,kmeans:inittype=none:threshold=0.125:binbits=6:mapping=uniform:softdist=trilinear:feedback=0:prune=hamerly:seed=1:restarts=1:iter=20:miniter=0:polish_iter=0:feedback_slots=1:feedback_interval=1:sample_target=16384,end-to-end,washout,6,6,-1,0.048968999879434705,'{img2sixel}' --threads=1 --precision=8bit --quality=full '--loaders=libpng!' --sampling-policy=full-frame --binning-policy=hard --quantize-model=kmeans:inittype=none:threshold=0.125:binbits=6:mapping=uniform:softdist=trilinear:feedback=0:prune=hamerly:seed=1:restarts=1:iter=20:miniter=0:polish_iter=0:feedback_slots=1:feedback_interval=1:sample_target=16384 -Xoklab -Wgamma --diffusion=none --gpu-policy=off --lookup-policy=none -F none -a off -p 16 -o '{devnull}' '{input}'
f2c138d8f6aa0a90c89d019f85eaf9bb3efa5edb,macOS-26.5.1-arm64-arm-64bit-Mach-O,images/snake.png,16,full-frame-soft,full-frame,soft,kmeans:inittype=none:threshold=0.125:binbits=6:mapping=uniform:softdist=trilinear:feedback=0:prune=hamerly:seed=1:restarts=1:iter=20:miniter=0:polish_iter=0:feedback_slots=1:feedback_interval=1:sample_target=16384,end-to-end,measured,6,6,0,0.05747300013899803,'{img2sixel}' --threads=1 --precision=8bit --quality=full '--loaders=libpng!' --sampling-policy=full-frame --binning-policy=soft --quantize-model=kmeans:inittype=none:threshold=0.125:binbits=6:mapping=uniform:softdist=trilinear:feedback=0:prune=hamerly:seed=1:restarts=1:iter=20:miniter=0:polish_iter=0:feedback_slots=1:feedback_interval=1:sample_target=16384 -Xoklab -Wgamma --diffusion=none --gpu-policy=off --lookup-policy=none -F none -a off -p 16 -o '{devnull}' '{input}'
f2c138d8f6aa0a90c89d019f85eaf9bb3efa5edb,macOS-26.5.1-arm64-arm-64bit-Mach-O,images/snake.png,16,full-frame-exact,full-frame,exact,kmeans:inittype=none:threshold=0.125:binbits=6:mapping=uniform:softdist=trilinear:feedback=0:prune=hamerly:seed=1:restarts=1:iter=20:miniter=0:polish_iter=0:feedback_slots=1:feedback_interval=1:sample_target=16384,end-to-end,measured,6,6,1,0.0735534590203315,'{img2sixel}' --threads=1 --precision=8bit --quality=full '--loaders=libpng!' --sampling-policy=full-frame --binning-policy=exact --quantize-model=kmeans:inittype=none:threshold=0.125:binbits=6:mapping=uniform:softdist=trilinear:feedback=0:prune=hamerly:seed=1:restarts=1:iter=20:miniter=0:polish_iter=0:feedback_slots=1:feedback_interval=1:sample_target=16384 -Xoklab -Wgamma --diffusion=none --gpu-policy=off --lookup-policy=none -F none -a off -p 16 -o '{devnull}' '{input}'
f2c138d8f6aa0a90c89d019f85eaf9bb3efa5edb,macOS-26.5.1-arm64-arm-64bit-Mach-O,images/snake.png,16,full-frame-hard,full-frame,hard,kmeans:inittype=none:threshold=0.125:binbits=6:mapping=uniform:softdist=trilinear:feedback=0:prune=hamerly:seed=1:restarts=1:iter=20:miniter=0:polish_iter=0:feedback_slots=1:feedback_interval=1:sample_target=16384,end-to-end,measured,6,6,2,0.04895412502810359,'{img2sixel}' --threads=1 --precision=8bit --quality=full '--loaders=libpng!' --sampling-policy=full-frame --binning-policy=hard --quantize-model=kmeans:inittype=none:threshold=0.125:binbits=6:mapping=uniform:softdist=trilinear:feedback=0:prune=hamerly:seed=1:restarts=1:iter=20:miniter=0:polish_iter=0:feedback_slots=1:feedback_interval=1:sample_target=16384 -Xoklab -Wgamma --diffusion=none --gpu-policy=off --lookup-policy=none -F none -a off -p 16 -o '{devnull}' '{input}'
f2c138d8f6aa0a90c89d019f85eaf9bb3efa5edb,macOS-26.5.1-arm64-arm-64bit-Mach-O,images/snake.png,16,full-frame-none,full-frame,none,kmeans:inittype=none:threshold=0.125:binbits=6:mapping=uniform:softdist=trilinear:feedback=0:prune=hamerly:seed=1:restarts=1:iter=20:miniter=0:polish_iter=0:feedback_slots=1:feedback_interval=1:sample_target=16384,end-to-end,measured,6,6,3,0.10860124998725951,'{img2sixel}' --threads=1 --precision=8bit --quality=full '--loaders=libpng!' --sampling-policy=full-frame --binning-policy=none --quantize-model=kmeans:inittype=none:threshold=0.125:binbits=6:mapping=uniform:softdist=trilinear:feedback=0:prune=hamerly:seed=1:restarts=1:iter=20:miniter=0:polish_iter=0:feedback_slots=1:feedback_interval=1:sample_target=16384 -Xoklab -Wgamma --diffusion=none --gpu-policy=off --lookup-policy=none -F none -a off -p 16 -o '{devnull}' '{input}'
f2c138d8f6aa0a90c89d019f85eaf9bb3efa5edb,macOS-26.5.1-arm64-arm-64bit-Mach-O,images/snake.png,16,adaptive-grid-hard,adaptive-grid,hard,kmeans:inittype=none:threshold=0.125:binbits=6:mapping=uniform:softdist=trilinear:feedback=0:prune=hamerly:seed=1:restarts=1:iter=20:miniter=0:polish_iter=0:feedback_slots=1:feedback_interval=1:sample_target=16384,end-to-end,measured,6,6,4,0.034312875010073185,'{img2sixel}' --threads=1 --precision=8bit --quality=full '--loaders=libpng!' --sampling-policy=adaptive-grid --binning-policy=hard --quantize-model=kmeans:inittype=none:threshold=0.125:binbits=6:mapping=uniform:softdist=trilinear:feedback=0:prune=hamerly:seed=1:restarts=1:iter=20:miniter=0:polish_iter=0:feedback_slots=1:feedback_interval=1:sample_target=16384 -Xoklab -Wgamma --diffusion=none --gpu-policy=off --lookup-policy=none -F none -a off -p 16 -o '{devnull}' '{input}'
f2c138d8f6aa0a90c89d019f85eaf9bb3efa5edb,macOS-26.5.1-arm64-arm-64bit-Mach-O,images/snake.png,16,full-frame-hard,full-frame,hard,kmeans:inittype=none:threshold=0.125:binbits=6:mapping=uniform:softdist=trilinear:feedback=0:prune=hamerly:seed=1:restarts=1:iter=20:miniter=0:polish_iter=0:feedback_slots=1:feedback_interval=1:sample_target=16384,end-to-end,washout,7,7,-1,0.04789829207584262,'{img2sixel}' --threads=1 --precision=8bit --quality=full '--loaders=libpng!' --sampling-policy=full-frame --binning-policy=hard --quantize-model=kmeans:inittype=none:threshold=0.125:binbits=6:mapping=uniform:softdist=trilinear:feedback=0:prune=hamerly:seed=1:restarts=1:iter=20:miniter=0:polish_iter=0:feedback_slots=1:feedback_interval=1:sample_target=16384 -Xoklab -Wgamma --diffusion=none --gpu-policy=off --lookup-policy=none -F none -a off -p 16 -o '{devnull}' '{input}'
f2c138d8f6aa0a90c89d019f85eaf9bb3efa5edb,macOS-26.5.1-arm64-arm-64bit-Mach-O,images/snake.png,16,full-frame-hard,full-frame,hard,kmeans:inittype=none:threshold=0.125:binbits=6:mapping=uniform:softdist=trilinear:feedback=0:prune=hamerly:seed=1:restarts=1:iter=20:miniter=0:polish_iter=0:feedback_slots=1:feedback_interval=1:sample_target=16384,end-to-end,measured,7,7,0,0.048655667109414935,'{img2sixel}' --threads=1 --precision=8bit --quality=full '--loaders=libpng!' --sampling-policy=full-frame --binning-policy=hard --quantize-model=kmeans:inittype=none:threshold=0.125:binbits=6:mapping=uniform:softdist=trilinear:feedback=0:prune=hamerly:seed=1:restarts=1:iter=20:miniter=0:polish_iter=0:feedback_slots=1:feedback_interval=1:sample_target=16384 -Xoklab -Wgamma --diffusion=none --gpu-policy=off --lookup-policy=none -F none -a off -p 16 -o '{devnull}' '{input}'
f2c138d8f6aa0a90c89d019f85eaf9bb3efa5edb,macOS-26.5.1-arm64-arm-64bit-Mach-O,images/snake.png,16,full-frame-soft,full-frame,soft,kmeans:inittype=none:threshold=0.125:binbits=6:mapping=uniform:softdist=trilinear:feedback=0:prune=hamerly:seed=1:restarts=1:iter=20:miniter=0:polish_iter=0:feedback_slots=1:feedback_interval=1:sample_target=16384,end-to-end,measured,7,7,1,0.05738199991174042,'{img2sixel}' --threads=1 --precision=8bit --quality=full '--loaders=libpng!' --sampling-policy=full-frame --binning-policy=soft --quantize-model=kmeans:inittype=none:threshold=0.125:binbits=6:mapping=uniform:softdist=trilinear:feedback=0:prune=hamerly:seed=1:restarts=1:iter=20:miniter=0:polish_iter=0:feedback_slots=1:feedback_interval=1:sample_target=16384 -Xoklab -Wgamma --diffusion=none --gpu-policy=off --lookup-policy=none -F none -a off -p 16 -o '{devnull}' '{input}'
f2c138d8f6aa0a90c89d019f85eaf9bb3efa5edb,macOS-26.5.1-arm64-arm-64bit-Mach-O,images/snake.png,16,adaptive-grid-hard,adaptive-grid,hard,kmeans:inittype=none:threshold=0.125:binbits=6:mapping=uniform:softdist=trilinear:feedback=0:prune=hamerly:seed=1:restarts=1:iter=20:miniter=0:polish_iter=0:feedback_slots=1:feedback_interval=1:sample_target=16384,end-to-end,measured,7,7,2,0.03378574992530048,'{img2sixel}' --threads=1 --precision=8bit --quality=full '--loaders=libpng!' --sampling-policy=adaptive-grid --binning-policy=hard --quantize-model=kmeans:inittype=none:threshold=0.125:binbits=6:mapping=uniform:softdist=trilinear:feedback=0:prune=hamerly:seed=1:restarts=1:iter=20:miniter=0:polish_iter=0:feedback_slots=1:feedback_interval=1:sample_target=16384 -Xoklab -Wgamma --diffusion=none --gpu-policy=off --lookup-policy=none -F none -a off -p 16 -o '{devnull}' '{input}'
f2c138d8f6aa0a90c89d019f85eaf9bb3efa5edb,macOS-26.5.1-arm64-arm-64bit-Mach-O,images/snake.png,16,full-frame-exact,full-frame,exact,kmeans:inittype=none:threshold=0.125:binbits=6:mapping=uniform:softdist=trilinear:feedback=0:prune=hamerly:seed=1:restarts=1:iter=20:miniter=0:polish_iter=0:feedback_slots=1:feedback_interval=1:sample_target=16384,end-to-end,measured,7,7,3,0.07300775009207428,'{img2sixel}' --threads=1 --precision=8bit --quality=full '--loaders=libpng!' --sampling-policy=full-frame --binning-policy=exact --quantize-model=kmeans:inittype=none:threshold=0.125:binbits=6:mapping=uniform:softdist=trilinear:feedback=0:prune=hamerly:seed=1:restarts=1:iter=20:miniter=0:polish_iter=0:feedback_slots=1:feedback_interval=1:sample_target=16384 -Xoklab -Wgamma --diffusion=none --gpu-policy=off --lookup-policy=none -F none -a off -p 16 -o '{devnull}' '{input}'
f2c138d8f6aa0a90c89d019f85eaf9bb3efa5edb,macOS-26.5.1-arm64-arm-64bit-Mach-O,images/snake.png,16,full-frame-none,full-frame,none,kmeans:inittype=none:threshold=0.125:binbits=6:mapping=uniform:softdist=trilinear:feedback=0:prune=hamerly:seed=1:restarts=1:iter=20:miniter=0:polish_iter=0:feedback_slots=1:feedback_interval=1:sample_target=16384,end-to-end,measured,7,7,4,0.10894925007596612,'{img2sixel}' --threads=1 --precision=8bit --quality=full '--loaders=libpng!' --sampling-policy=full-frame --binning-policy=none --quantize-model=kmeans:inittype=none:threshold=0.125:binbits=6:mapping=uniform:softdist=trilinear:feedback=0:prune=hamerly:seed=1:restarts=1:iter=20:miniter=0:polish_iter=0:feedback_slots=1:feedback_interval=1:sample_target=16384 -Xoklab -Wgamma --diffusion=none --gpu-policy=off --lookup-policy=none -F none -a off -p 16 -o '{devnull}' '{input}'
f2c138d8f6aa0a90c89d019f85eaf9bb3efa5edb,macOS-26.5.1-arm64-arm-64bit-Mach-O,images/snake.png,16,full-frame-hard,full-frame,hard,kmeans:inittype=none:threshold=0.125:binbits=6:mapping=uniform:softdist=trilinear:feedback=0:prune=hamerly:seed=1:restarts=1:iter=20:miniter=0:polish_iter=0:feedback_slots=1:feedback_interval=1:sample_target=16384,end-to-end,washout,8,8,-1,0.0486089161131531,'{img2sixel}' --threads=1 --precision=8bit --quality=full '--loaders=libpng!' --sampling-policy=full-frame --binning-policy=hard --quantize-model=kmeans:inittype=none:threshold=0.125:binbits=6:mapping=uniform:softdist=trilinear:feedback=0:prune=hamerly:seed=1:restarts=1:iter=20:miniter=0:polish_iter=0:feedback_slots=1:feedback_interval=1:sample_target=16384 -Xoklab -Wgamma --diffusion=none --gpu-policy=off --lookup-policy=none -F none -a off -p 16 -o '{devnull}' '{input}'
f2c138d8f6aa0a90c89d019f85eaf9bb3efa5edb,macOS-26.5.1-arm64-arm-64bit-Mach-O,images/snake.png,16,adaptive-grid-hard,adaptive-grid,hard,kmeans:inittype=none:threshold=0.125:binbits=6:mapping=uniform:softdist=trilinear:feedback=0:prune=hamerly:seed=1:restarts=1:iter=20:miniter=0:polish_iter=0:feedback_slots=1:feedback_interval=1:sample_target=16384,end-to-end,measured,8,8,0,0.033964416943490505,'{img2sixel}' --threads=1 --precision=8bit --quality=full '--loaders=libpng!' --sampling-policy=adaptive-grid --binning-policy=hard --quantize-model=kmeans:inittype=none:threshold=0.125:binbits=6:mapping=uniform:softdist=trilinear:feedback=0:prune=hamerly:seed=1:restarts=1:iter=20:miniter=0:polish_iter=0:feedback_slots=1:feedback_interval=1:sample_target=16384 -Xoklab -Wgamma --diffusion=none --gpu-policy=off --lookup-policy=none -F none -a off -p 16 -o '{devnull}' '{input}'
f2c138d8f6aa0a90c89d019f85eaf9bb3efa5edb,macOS-26.5.1-arm64-arm-64bit-Mach-O,images/snake.png,16,full-frame-hard,full-frame,hard,kmeans:inittype=none:threshold=0.125:binbits=6:mapping=uniform:softdist=trilinear:feedback=0:prune=hamerly:seed=1:restarts=1:iter=20:miniter=0:polish_iter=0:feedback_slots=1:feedback_interval=1:sample_target=16384,end-to-end,measured,8,8,1,0.04804162494838238,'{img2sixel}' --threads=1 --precision=8bit --quality=full '--loaders=libpng!' --sampling-policy=full-frame --binning-policy=hard --quantize-model=kmeans:inittype=none:threshold=0.125:binbits=6:mapping=uniform:softdist=trilinear:feedback=0:prune=hamerly:seed=1:restarts=1:iter=20:miniter=0:polish_iter=0:feedback_slots=1:feedback_interval=1:sample_target=16384 -Xoklab -Wgamma --diffusion=none --gpu-policy=off --lookup-policy=none -F none -a off -p 16 -o '{devnull}' '{input}'
f2c138d8f6aa0a90c89d019f85eaf9bb3efa5edb,macOS-26.5.1-arm64-arm-64bit-Mach-O,images/snake.png,16,full-frame-none,full-frame,none,kmeans:inittype=none:threshold=0.125:binbits=6:mapping=uniform:softdist=trilinear:feedback=0:prune=hamerly:seed=1:restarts=1:iter=20:miniter=0:polish_iter=0:feedback_slots=1:feedback_interval=1:sample_target=16384,end-to-end,measured,8,8,2,0.10867874999530613,'{img2sixel}' --threads=1 --precision=8bit --quality=full '--loaders=libpng!' --sampling-policy=full-frame --binning-policy=none --quantize-model=kmeans:inittype=none:threshold=0.125:binbits=6:mapping=uniform:softdist=trilinear:feedback=0:prune=hamerly:seed=1:restarts=1:iter=20:miniter=0:polish_iter=0:feedback_slots=1:feedback_interval=1:sample_target=16384 -Xoklab -Wgamma --diffusion=none --gpu-policy=off --lookup-policy=none -F none -a off -p 16 -o '{devnull}' '{input}'
f2c138d8f6aa0a90c89d019f85eaf9bb3efa5edb,macOS-26.5.1-arm64-arm-64bit-Mach-O,images/snake.png,16,full-frame-soft,full-frame,soft,kmeans:inittype=none:threshold=0.125:binbits=6:mapping=uniform:softdist=trilinear:feedback=0:prune=hamerly:seed=1:restarts=1:iter=20:miniter=0:polish_iter=0:feedback_slots=1:feedback_interval=1:sample_target=16384,end-to-end,measured,8,8,3,0.057459875009953976,'{img2sixel}' --threads=1 --precision=8bit --quality=full '--loaders=libpng!' --sampling-policy=full-frame --binning-policy=soft --quantize-model=kmeans:inittype=none:threshold=0.125:binbits=6:mapping=uniform:softdist=trilinear:feedback=0:prune=hamerly:seed=1:restarts=1:iter=20:miniter=0:polish_iter=0:feedback_slots=1:feedback_interval=1:sample_target=16384 -Xoklab -Wgamma --diffusion=none --gpu-policy=off --lookup-policy=none -F none -a off -p 16 -o '{devnull}' '{input}'
f2c138d8f6aa0a90c89d019f85eaf9bb3efa5edb,macOS-26.5.1-arm64-arm-64bit-Mach-O,images/snake.png,16,full-frame-exact,full-frame,exact,kmeans:inittype=none:threshold=0.125:binbits=6:mapping=uniform:softdist=trilinear:feedback=0:prune=hamerly:seed=1:restarts=1:iter=20:miniter=0:polish_iter=0:feedback_slots=1:feedback_interval=1:sample_target=16384,end-to-end,measured,8,8,4,0.07365237502381206,'{img2sixel}' --threads=1 --precision=8bit --quality=full '--loaders=libpng!' --sampling-policy=full-frame --binning-policy=exact --quantize-model=kmeans:inittype=none:threshold=0.125:binbits=6:mapping=uniform:softdist=trilinear:feedback=0:prune=hamerly:seed=1:restarts=1:iter=20:miniter=0:polish_iter=0:feedback_slots=1:feedback_interval=1:sample_target=16384 -Xoklab -Wgamma --diffusion=none --gpu-policy=off --lookup-policy=none -F none -a off -p 16 -o '{devnull}' '{input}'
f2c138d8f6aa0a90c89d019f85eaf9bb3efa5edb,macOS-26.5.1-arm64-arm-64bit-Mach-O,images/snake.png,16,full-frame-hard,full-frame,hard,kmeans:inittype=none:threshold=0.125:binbits=6:mapping=uniform:softdist=trilinear:feedback=0:prune=hamerly:seed=1:restarts=1:iter=20:miniter=0:polish_iter=0:feedback_slots=1:feedback_interval=1:sample_target=16384,end-to-end,washout,9,9,-1,0.04894433286972344,'{img2sixel}' --threads=1 --precision=8bit --quality=full '--loaders=libpng!' --sampling-policy=full-frame --binning-policy=hard --quantize-model=kmeans:inittype=none:threshold=0.125:binbits=6:mapping=uniform:softdist=trilinear:feedback=0:prune=hamerly:seed=1:restarts=1:iter=20:miniter=0:polish_iter=0:feedback_slots=1:feedback_interval=1:sample_target=16384 -Xoklab -Wgamma --diffusion=none --gpu-policy=off --lookup-policy=none -F none -a off -p 16 -o '{devnull}' '{input}'
f2c138d8f6aa0a90c89d019f85eaf9bb3efa5edb,macOS-26.5.1-arm64-arm-64bit-Mach-O,images/snake.png,16,full-frame-none,full-frame,none,kmeans:inittype=none:threshold=0.125:binbits=6:mapping=uniform:softdist=trilinear:feedback=0:prune=hamerly:seed=1:restarts=1:iter=20:miniter=0:polish_iter=0:feedback_slots=1:feedback_interval=1:sample_target=16384,end-to-end,measured,9,9,0,0.10882716695778072,'{img2sixel}' --threads=1 --precision=8bit --quality=full '--loaders=libpng!' --sampling-policy=full-frame --binning-policy=none --quantize-model=kmeans:inittype=none:threshold=0.125:binbits=6:mapping=uniform:softdist=trilinear:feedback=0:prune=hamerly:seed=1:restarts=1:iter=20:miniter=0:polish_iter=0:feedback_slots=1:feedback_interval=1:sample_target=16384 -Xoklab -Wgamma --diffusion=none --gpu-policy=off --lookup-policy=none -F none -a off -p 16 -o '{devnull}' '{input}'
f2c138d8f6aa0a90c89d019f85eaf9bb3efa5edb,macOS-26.5.1-arm64-arm-64bit-Mach-O,images/snake.png,16,adaptive-grid-hard,adaptive-grid,hard,kmeans:inittype=none:threshold=0.125:binbits=6:mapping=uniform:softdist=trilinear:feedback=0:prune=hamerly:seed=1:restarts=1:iter=20:miniter=0:polish_iter=0:feedback_slots=1:feedback_interval=1:sample_target=16384,end-to-end,measured,9,9,1,0.034040666883811355,'{img2sixel}' --threads=1 --precision=8bit --quality=full '--loaders=libpng!' --sampling-policy=adaptive-grid --binning-policy=hard --quantize-model=kmeans:inittype=none:threshold=0.125:binbits=6:mapping=uniform:softdist=trilinear:feedback=0:prune=hamerly:seed=1:restarts=1:iter=20:miniter=0:polish_iter=0:feedback_slots=1:feedback_interval=1:sample_target=16384 -Xoklab -Wgamma --diffusion=none --gpu-policy=off --lookup-policy=none -F none -a off -p 16 -o '{devnull}' '{input}'
f2c138d8f6aa0a90c89d019f85eaf9bb3efa5edb,macOS-26.5.1-arm64-arm-64bit-Mach-O,images/snake.png,16,full-frame-exact,full-frame,exact,kmeans:inittype=none:threshold=0.125:binbits=6:mapping=uniform:softdist=trilinear:feedback=0:prune=hamerly:seed=1:restarts=1:iter=20:miniter=0:polish_iter=0:feedback_slots=1:feedback_interval=1:sample_target=16384,end-to-end,measured,9,9,2,0.07222070801071823,'{img2sixel}' --threads=1 --precision=8bit --quality=full '--loaders=libpng!' --sampling-policy=full-frame --binning-policy=exact --quantize-model=kmeans:inittype=none:threshold=0.125:binbits=6:mapping=uniform:softdist=trilinear:feedback=0:prune=hamerly:seed=1:restarts=1:iter=20:miniter=0:polish_iter=0:feedback_slots=1:feedback_interval=1:sample_target=16384 -Xoklab -Wgamma --diffusion=none --gpu-policy=off --lookup-policy=none -F none -a off -p 16 -o '{devnull}' '{input}'
f2c138d8f6aa0a90c89d019f85eaf9bb3efa5edb,macOS-26.5.1-arm64-arm-64bit-Mach-O,images/snake.png,16,full-frame-hard,full-frame,hard,kmeans:inittype=none:threshold=0.125:binbits=6:mapping=uniform:softdist=trilinear:feedback=0:prune=hamerly:seed=1:restarts=1:iter=20:miniter=0:polish_iter=0:feedback_slots=1:feedback_interval=1:sample_target=16384,end-to-end,measured,9,9,3,0.04887445783242583,'{img2sixel}' --threads=1 --precision=8bit --quality=full '--loaders=libpng!' --sampling-policy=full-frame --binning-policy=hard --quantize-model=kmeans:inittype=none:threshold=0.125:binbits=6:mapping=uniform:softdist=trilinear:feedback=0:prune=hamerly:seed=1:restarts=1:iter=20:miniter=0:polish_iter=0:feedback_slots=1:feedback_interval=1:sample_target=16384 -Xoklab -Wgamma --diffusion=none --gpu-policy=off --lookup-policy=none -F none -a off -p 16 -o '{devnull}' '{input}'
f2c138d8f6aa0a90c89d019f85eaf9bb3efa5edb,macOS-26.5.1-arm64-arm-64bit-Mach-O,images/snake.png,16,full-frame-soft,full-frame,soft,kmeans:inittype=none:threshold=0.125:binbits=6:mapping=uniform:softdist=trilinear:feedback=0:prune=hamerly:seed=1:restarts=1:iter=20:miniter=0:polish_iter=0:feedback_slots=1:feedback_interval=1:sample_target=16384,end-to-end,measured,9,9,4,0.0572654171846807,'{img2sixel}' --threads=1 --precision=8bit --quality=full '--loaders=libpng!' --sampling-policy=full-frame --binning-policy=soft --quantize-model=kmeans:inittype=none:threshold=0.125:binbits=6:mapping=uniform:softdist=trilinear:feedback=0:prune=hamerly:seed=1:restarts=1:iter=20:miniter=0:polish_iter=0:feedback_slots=1:feedback_interval=1:sample_target=16384 -Xoklab -Wgamma --diffusion=none --gpu-policy=off --lookup-policy=none -F none -a off -p 16 -o '{devnull}' '{input}'
f2c138d8f6aa0a90c89d019f85eaf9bb3efa5edb,macOS-26.5.1-arm64-arm-64bit-Mach-O,images/snake.png,16,full-frame-hard,full-frame,hard,kmeans:inittype=none:threshold=0.125:binbits=6:mapping=uniform:softdist=trilinear:feedback=0:prune=hamerly:seed=1:restarts=1:iter=20:miniter=0:polish_iter=0:feedback_slots=1:feedback_interval=1:sample_target=16384,end-to-end,washout,10,0,-1,0.04846954206004739,'{img2sixel}' --threads=1 --precision=8bit --quality=full '--loaders=libpng!' --sampling-policy=full-frame --binning-policy=hard --quantize-model=kmeans:inittype=none:threshold=0.125:binbits=6:mapping=uniform:softdist=trilinear:feedback=0:prune=hamerly:seed=1:restarts=1:iter=20:miniter=0:polish_iter=0:feedback_slots=1:feedback_interval=1:sample_target=16384 -Xoklab -Wgamma --diffusion=none --gpu-policy=off --lookup-policy=none -F none -a off -p 16 -o '{devnull}' '{input}'
f2c138d8f6aa0a90c89d019f85eaf9bb3efa5edb,macOS-26.5.1-arm64-arm-64bit-Mach-O,images/snake.png,16,full-frame-hard,full-frame,hard,kmeans:inittype=none:threshold=0.125:binbits=6:mapping=uniform:softdist=trilinear:feedback=0:prune=hamerly:seed=1:restarts=1:iter=20:miniter=0:polish_iter=0:feedback_slots=1:feedback_interval=1:sample_target=16384,end-to-end,measured,10,0,0,0.048608832992613316,'{img2sixel}' --threads=1 --precision=8bit --quality=full '--loaders=libpng!' --sampling-policy=full-frame --binning-policy=hard --quantize-model=kmeans:inittype=none:threshold=0.125:binbits=6:mapping=uniform:softdist=trilinear:feedback=0:prune=hamerly:seed=1:restarts=1:iter=20:miniter=0:polish_iter=0:feedback_slots=1:feedback_interval=1:sample_target=16384 -Xoklab -Wgamma --diffusion=none --gpu-policy=off --lookup-policy=none -F none -a off -p 16 -o '{devnull}' '{input}'
f2c138d8f6aa0a90c89d019f85eaf9bb3efa5edb,macOS-26.5.1-arm64-arm-64bit-Mach-O,images/snake.png,16,adaptive-grid-hard,adaptive-grid,hard,kmeans:inittype=none:threshold=0.125:binbits=6:mapping=uniform:softdist=trilinear:feedback=0:prune=hamerly:seed=1:restarts=1:iter=20:miniter=0:polish_iter=0:feedback_slots=1:feedback_interval=1:sample_target=16384,end-to-end,measured,10,0,1,0.03396450006403029,'{img2sixel}' --threads=1 --precision=8bit --quality=full '--loaders=libpng!' --sampling-policy=adaptive-grid --binning-policy=hard --quantize-model=kmeans:inittype=none:threshold=0.125:binbits=6:mapping=uniform:softdist=trilinear:feedback=0:prune=hamerly:seed=1:restarts=1:iter=20:miniter=0:polish_iter=0:feedback_slots=1:feedback_interval=1:sample_target=16384 -Xoklab -Wgamma --diffusion=none --gpu-policy=off --lookup-policy=none -F none -a off -p 16 -o '{devnull}' '{input}'
f2c138d8f6aa0a90c89d019f85eaf9bb3efa5edb,macOS-26.5.1-arm64-arm-64bit-Mach-O,images/snake.png,16,full-frame-soft,full-frame,soft,kmeans:inittype=none:threshold=0.125:binbits=6:mapping=uniform:softdist=trilinear:feedback=0:prune=hamerly:seed=1:restarts=1:iter=20:miniter=0:polish_iter=0:feedback_slots=1:feedback_interval=1:sample_target=16384,end-to-end,measured,10,0,2,0.05622762511484325,'{img2sixel}' --threads=1 --precision=8bit --quality=full '--loaders=libpng!' --sampling-policy=full-frame --binning-policy=soft --quantize-model=kmeans:inittype=none:threshold=0.125:binbits=6:mapping=uniform:softdist=trilinear:feedback=0:prune=hamerly:seed=1:restarts=1:iter=20:miniter=0:polish_iter=0:feedback_slots=1:feedback_interval=1:sample_target=16384 -Xoklab -Wgamma --diffusion=none --gpu-policy=off --lookup-policy=none -F none -a off -p 16 -o '{devnull}' '{input}'
f2c138d8f6aa0a90c89d019f85eaf9bb3efa5edb,macOS-26.5.1-arm64-arm-64bit-Mach-O,images/snake.png,16,full-frame-none,full-frame,none,kmeans:inittype=none:threshold=0.125:binbits=6:mapping=uniform:softdist=trilinear:feedback=0:prune=hamerly:seed=1:restarts=1:iter=20:miniter=0:polish_iter=0:feedback_slots=1:feedback_interval=1:sample_target=16384,end-to-end,measured,10,0,3,0.10899975011125207,'{img2sixel}' --threads=1 --precision=8bit --quality=full '--loaders=libpng!' --sampling-policy=full-frame --binning-policy=none --quantize-model=kmeans:inittype=none:threshold=0.125:binbits=6:mapping=uniform:softdist=trilinear:feedback=0:prune=hamerly:seed=1:restarts=1:iter=20:miniter=0:polish_iter=0:feedback_slots=1:feedback_interval=1:sample_target=16384 -Xoklab -Wgamma --diffusion=none --gpu-policy=off --lookup-policy=none -F none -a off -p 16 -o '{devnull}' '{input}'
f2c138d8f6aa0a90c89d019f85eaf9bb3efa5edb,macOS-26.5.1-arm64-arm-64bit-Mach-O,images/snake.png,16,full-frame-exact,full-frame,exact,kmeans:inittype=none:threshold=0.125:binbits=6:mapping=uniform:softdist=trilinear:feedback=0:prune=hamerly:seed=1:restarts=1:iter=20:miniter=0:polish_iter=0:feedback_slots=1:feedback_interval=1:sample_target=16384,end-to-end,measured,10,0,4,0.07389416685327888,'{img2sixel}' --threads=1 --precision=8bit --quality=full '--loaders=libpng!' --sampling-policy=full-frame --binning-policy=exact --quantize-model=kmeans:inittype=none:threshold=0.125:binbits=6:mapping=uniform:softdist=trilinear:feedback=0:prune=hamerly:seed=1:restarts=1:iter=20:miniter=0:polish_iter=0:feedback_slots=1:feedback_interval=1:sample_target=16384 -Xoklab -Wgamma --diffusion=none --gpu-policy=off --lookup-policy=none -F none -a off -p 16 -o '{devnull}' '{input}'
f2c138d8f6aa0a90c89d019f85eaf9bb3efa5edb,macOS-26.5.1-arm64-arm-64bit-Mach-O,images/snake.png,16,full-frame-hard,full-frame,hard,kmeans:inittype=none:threshold=0.125:binbits=6:mapping=uniform:softdist=trilinear:feedback=0:prune=hamerly:seed=1:restarts=1:iter=20:miniter=0:polish_iter=0:feedback_slots=1:feedback_interval=1:sample_target=16384,end-to-end,washout,11,1,-1,0.0481565420050174,'{img2sixel}' --threads=1 --precision=8bit --quality=full '--loaders=libpng!' --sampling-policy=full-frame --binning-policy=hard --quantize-model=kmeans:inittype=none:threshold=0.125:binbits=6:mapping=uniform:softdist=trilinear:feedback=0:prune=hamerly:seed=1:restarts=1:iter=20:miniter=0:polish_iter=0:feedback_slots=1:feedback_interval=1:sample_target=16384 -Xoklab -Wgamma --diffusion=none --gpu-policy=off --lookup-policy=none -F none -a off -p 16 -o '{devnull}' '{input}'
f2c138d8f6aa0a90c89d019f85eaf9bb3efa5edb,macOS-26.5.1-arm64-arm-64bit-Mach-O,images/snake.png,16,adaptive-grid-hard,adaptive-grid,hard,kmeans:inittype=none:threshold=0.125:binbits=6:mapping=uniform:softdist=trilinear:feedback=0:prune=hamerly:seed=1:restarts=1:iter=20:miniter=0:polish_iter=0:feedback_slots=1:feedback_interval=1:sample_target=16384,end-to-end,measured,11,1,0,0.03386258287355304,'{img2sixel}' --threads=1 --precision=8bit --quality=full '--loaders=libpng!' --sampling-policy=adaptive-grid --binning-policy=hard --quantize-model=kmeans:inittype=none:threshold=0.125:binbits=6:mapping=uniform:softdist=trilinear:feedback=0:prune=hamerly:seed=1:restarts=1:iter=20:miniter=0:polish_iter=0:feedback_slots=1:feedback_interval=1:sample_target=16384 -Xoklab -Wgamma --diffusion=none --gpu-policy=off --lookup-policy=none -F none -a off -p 16 -o '{devnull}' '{input}'
f2c138d8f6aa0a90c89d019f85eaf9bb3efa5edb,macOS-26.5.1-arm64-arm-64bit-Mach-O,images/snake.png,16,full-frame-none,full-frame,none,kmeans:inittype=none:threshold=0.125:binbits=6:mapping=uniform:softdist=trilinear:feedback=0:prune=hamerly:seed=1:restarts=1:iter=20:miniter=0:polish_iter=0:feedback_slots=1:feedback_interval=1:sample_target=16384,end-to-end,measured,11,1,1,0.10775391617789865,'{img2sixel}' --threads=1 --precision=8bit --quality=full '--loaders=libpng!' --sampling-policy=full-frame --binning-policy=none --quantize-model=kmeans:inittype=none:threshold=0.125:binbits=6:mapping=uniform:softdist=trilinear:feedback=0:prune=hamerly:seed=1:restarts=1:iter=20:miniter=0:polish_iter=0:feedback_slots=1:feedback_interval=1:sample_target=16384 -Xoklab -Wgamma --diffusion=none --gpu-policy=off --lookup-policy=none -F none -a off -p 16 -o '{devnull}' '{input}'
f2c138d8f6aa0a90c89d019f85eaf9bb3efa5edb,macOS-26.5.1-arm64-arm-64bit-Mach-O,images/snake.png,16,full-frame-hard,full-frame,hard,kmeans:inittype=none:threshold=0.125:binbits=6:mapping=uniform:softdist=trilinear:feedback=0:prune=hamerly:seed=1:restarts=1:iter=20:miniter=0:polish_iter=0:feedback_slots=1:feedback_interval=1:sample_target=16384,end-to-end,measured,11,1,2,0.048860166920349,'{img2sixel}' --threads=1 --precision=8bit --quality=full '--loaders=libpng!' --sampling-policy=full-frame --binning-policy=hard --quantize-model=kmeans:inittype=none:threshold=0.125:binbits=6:mapping=uniform:softdist=trilinear:feedback=0:prune=hamerly:seed=1:restarts=1:iter=20:miniter=0:polish_iter=0:feedback_slots=1:feedback_interval=1:sample_target=16384 -Xoklab -Wgamma --diffusion=none --gpu-policy=off --lookup-policy=none -F none -a off -p 16 -o '{devnull}' '{input}'
f2c138d8f6aa0a90c89d019f85eaf9bb3efa5edb,macOS-26.5.1-arm64-arm-64bit-Mach-O,images/snake.png,16,full-frame-exact,full-frame,exact,kmeans:inittype=none:threshold=0.125:binbits=6:mapping=uniform:softdist=trilinear:feedback=0:prune=hamerly:seed=1:restarts=1:iter=20:miniter=0:polish_iter=0:feedback_slots=1:feedback_interval=1:sample_target=16384,end-to-end,measured,11,1,3,0.07354862499050796,'{img2sixel}' --threads=1 --precision=8bit --quality=full '--loaders=libpng!' --sampling-policy=full-frame --binning-policy=exact --quantize-model=kmeans:inittype=none:threshold=0.125:binbits=6:mapping=uniform:softdist=trilinear:feedback=0:prune=hamerly:seed=1:restarts=1:iter=20:miniter=0:polish_iter=0:feedback_slots=1:feedback_interval=1:sample_target=16384 -Xoklab -Wgamma --diffusion=none --gpu-policy=off --lookup-policy=none -F none -a off -p 16 -o '{devnull}' '{input}'
f2c138d8f6aa0a90c89d019f85eaf9bb3efa5edb,macOS-26.5.1-arm64-arm-64bit-Mach-O,images/snake.png,16,full-frame-soft,full-frame,soft,kmeans:inittype=none:threshold=0.125:binbits=6:mapping=uniform:softdist=trilinear:feedback=0:prune=hamerly:seed=1:restarts=1:iter=20:miniter=0:polish_iter=0:feedback_slots=1:feedback_interval=1:sample_target=16384,end-to-end,measured,11,1,4,0.057521000038832426,'{img2sixel}' --threads=1 --precision=8bit --quality=full '--loaders=libpng!' --sampling-policy=full-frame --binning-policy=soft --quantize-model=kmeans:inittype=none:threshold=0.125:binbits=6:mapping=uniform:softdist=trilinear:feedback=0:prune=hamerly:seed=1:restarts=1:iter=20:miniter=0:polish_iter=0:feedback_slots=1:feedback_interval=1:sample_target=16384 -Xoklab -Wgamma --diffusion=none --gpu-policy=off --lookup-policy=none -F none -a off -p 16 -o '{devnull}' '{input}'
f2c138d8f6aa0a90c89d019f85eaf9bb3efa5edb,macOS-26.5.1-arm64-arm-64bit-Mach-O,images/snake.png,16,full-frame-hard,full-frame,hard,kmeans:inittype=none:threshold=0.125:binbits=6:mapping=uniform:softdist=trilinear:feedback=0:prune=hamerly:seed=1:restarts=1:iter=20:miniter=0:polish_iter=0:feedback_slots=1:feedback_interval=1:sample_target=16384,palette-build,washout,0,0,-1,0.006624,'{img2sixel}' --threads=1 --precision=8bit --quality=full '--loaders=libpng!' --sampling-policy=full-frame --binning-policy=hard --quantize-model=kmeans:inittype=none:threshold=0.125:binbits=6:mapping=uniform:softdist=trilinear:feedback=0:prune=hamerly:seed=1:restarts=1:iter=20:miniter=0:polish_iter=0:feedback_slots=1:feedback_interval=1:sample_target=16384 -Xoklab -Wgamma --diffusion=none --gpu-policy=off --lookup-policy=none -F none -a off -p 16 -J '{timeline}' -o '{devnull}' '{input}'
f2c138d8f6aa0a90c89d019f85eaf9bb3efa5edb,macOS-26.5.1-arm64-arm-64bit-Mach-O,images/snake.png,16,full-frame-hard,full-frame,hard,kmeans:inittype=none:threshold=0.125:binbits=6:mapping=uniform:softdist=trilinear:feedback=0:prune=hamerly:seed=1:restarts=1:iter=20:miniter=0:polish_iter=0:feedback_slots=1:feedback_interval=1:sample_target=16384,palette-build,warmup,0,0,0,0.006725999999999999,'{img2sixel}' --threads=1 --precision=8bit --quality=full '--loaders=libpng!' --sampling-policy=full-frame --binning-policy=hard --quantize-model=kmeans:inittype=none:threshold=0.125:binbits=6:mapping=uniform:softdist=trilinear:feedback=0:prune=hamerly:seed=1:restarts=1:iter=20:miniter=0:polish_iter=0:feedback_slots=1:feedback_interval=1:sample_target=16384 -Xoklab -Wgamma --diffusion=none --gpu-policy=off --lookup-policy=none -F none -a off -p 16 -J '{timeline}' -o '{devnull}' '{input}'
f2c138d8f6aa0a90c89d019f85eaf9bb3efa5edb,macOS-26.5.1-arm64-arm-64bit-Mach-O,images/snake.png,16,adaptive-grid-hard,adaptive-grid,hard,kmeans:inittype=none:threshold=0.125:binbits=6:mapping=uniform:softdist=trilinear:feedback=0:prune=hamerly:seed=1:restarts=1:iter=20:miniter=0:polish_iter=0:feedback_slots=1:feedback_interval=1:sample_target=16384,palette-build,warmup,0,0,1,0.0006870000000000001,'{img2sixel}' --threads=1 --precision=8bit --quality=full '--loaders=libpng!' --sampling-policy=adaptive-grid --binning-policy=hard --quantize-model=kmeans:inittype=none:threshold=0.125:binbits=6:mapping=uniform:softdist=trilinear:feedback=0:prune=hamerly:seed=1:restarts=1:iter=20:miniter=0:polish_iter=0:feedback_slots=1:feedback_interval=1:sample_target=16384 -Xoklab -Wgamma --diffusion=none --gpu-policy=off --lookup-policy=none -F none -a off -p 16 -J '{timeline}' -o '{devnull}' '{input}'
f2c138d8f6aa0a90c89d019f85eaf9bb3efa5edb,macOS-26.5.1-arm64-arm-64bit-Mach-O,images/snake.png,16,full-frame-soft,full-frame,soft,kmeans:inittype=none:threshold=0.125:binbits=6:mapping=uniform:softdist=trilinear:feedback=0:prune=hamerly:seed=1:restarts=1:iter=20:miniter=0:polish_iter=0:feedback_slots=1:feedback_interval=1:sample_target=16384,palette-build,warmup,0,0,2,0.015288999999999999,'{img2sixel}' --threads=1 --precision=8bit --quality=full '--loaders=libpng!' --sampling-policy=full-frame --binning-policy=soft --quantize-model=kmeans:inittype=none:threshold=0.125:binbits=6:mapping=uniform:softdist=trilinear:feedback=0:prune=hamerly:seed=1:restarts=1:iter=20:miniter=0:polish_iter=0:feedback_slots=1:feedback_interval=1:sample_target=16384 -Xoklab -Wgamma --diffusion=none --gpu-policy=off --lookup-policy=none -F none -a off -p 16 -J '{timeline}' -o '{devnull}' '{input}'
f2c138d8f6aa0a90c89d019f85eaf9bb3efa5edb,macOS-26.5.1-arm64-arm-64bit-Mach-O,images/snake.png,16,full-frame-none,full-frame,none,kmeans:inittype=none:threshold=0.125:binbits=6:mapping=uniform:softdist=trilinear:feedback=0:prune=hamerly:seed=1:restarts=1:iter=20:miniter=0:polish_iter=0:feedback_slots=1:feedback_interval=1:sample_target=16384,palette-build,warmup,0,0,3,0.06662799999999999,'{img2sixel}' --threads=1 --precision=8bit --quality=full '--loaders=libpng!' --sampling-policy=full-frame --binning-policy=none --quantize-model=kmeans:inittype=none:threshold=0.125:binbits=6:mapping=uniform:softdist=trilinear:feedback=0:prune=hamerly:seed=1:restarts=1:iter=20:miniter=0:polish_iter=0:feedback_slots=1:feedback_interval=1:sample_target=16384 -Xoklab -Wgamma --diffusion=none --gpu-policy=off --lookup-policy=none -F none -a off -p 16 -J '{timeline}' -o '{devnull}' '{input}'
f2c138d8f6aa0a90c89d019f85eaf9bb3efa5edb,macOS-26.5.1-arm64-arm-64bit-Mach-O,images/snake.png,16,full-frame-exact,full-frame,exact,kmeans:inittype=none:threshold=0.125:binbits=6:mapping=uniform:softdist=trilinear:feedback=0:prune=hamerly:seed=1:restarts=1:iter=20:miniter=0:polish_iter=0:feedback_slots=1:feedback_interval=1:sample_target=16384,palette-build,warmup,0,0,4,0.031555,'{img2sixel}' --threads=1 --precision=8bit --quality=full '--loaders=libpng!' --sampling-policy=full-frame --binning-policy=exact --quantize-model=kmeans:inittype=none:threshold=0.125:binbits=6:mapping=uniform:softdist=trilinear:feedback=0:prune=hamerly:seed=1:restarts=1:iter=20:miniter=0:polish_iter=0:feedback_slots=1:feedback_interval=1:sample_target=16384 -Xoklab -Wgamma --diffusion=none --gpu-policy=off --lookup-policy=none -F none -a off -p 16 -J '{timeline}' -o '{devnull}' '{input}'
f2c138d8f6aa0a90c89d019f85eaf9bb3efa5edb,macOS-26.5.1-arm64-arm-64bit-Mach-O,images/snake.png,16,full-frame-hard,full-frame,hard,kmeans:inittype=none:threshold=0.125:binbits=6:mapping=uniform:softdist=trilinear:feedback=0:prune=hamerly:seed=1:restarts=1:iter=20:miniter=0:polish_iter=0:feedback_slots=1:feedback_interval=1:sample_target=16384,palette-build,washout,1,1,-1,0.006731000000000001,'{img2sixel}' --threads=1 --precision=8bit --quality=full '--loaders=libpng!' --sampling-policy=full-frame --binning-policy=hard --quantize-model=kmeans:inittype=none:threshold=0.125:binbits=6:mapping=uniform:softdist=trilinear:feedback=0:prune=hamerly:seed=1:restarts=1:iter=20:miniter=0:polish_iter=0:feedback_slots=1:feedback_interval=1:sample_target=16384 -Xoklab -Wgamma --diffusion=none --gpu-policy=off --lookup-policy=none -F none -a off -p 16 -J '{timeline}' -o '{devnull}' '{input}'
f2c138d8f6aa0a90c89d019f85eaf9bb3efa5edb,macOS-26.5.1-arm64-arm-64bit-Mach-O,images/snake.png,16,adaptive-grid-hard,adaptive-grid,hard,kmeans:inittype=none:threshold=0.125:binbits=6:mapping=uniform:softdist=trilinear:feedback=0:prune=hamerly:seed=1:restarts=1:iter=20:miniter=0:polish_iter=0:feedback_slots=1:feedback_interval=1:sample_target=16384,palette-build,warmup,1,1,0,0.0006870000000000001,'{img2sixel}' --threads=1 --precision=8bit --quality=full '--loaders=libpng!' --sampling-policy=adaptive-grid --binning-policy=hard --quantize-model=kmeans:inittype=none:threshold=0.125:binbits=6:mapping=uniform:softdist=trilinear:feedback=0:prune=hamerly:seed=1:restarts=1:iter=20:miniter=0:polish_iter=0:feedback_slots=1:feedback_interval=1:sample_target=16384 -Xoklab -Wgamma --diffusion=none --gpu-policy=off --lookup-policy=none -F none -a off -p 16 -J '{timeline}' -o '{devnull}' '{input}'
f2c138d8f6aa0a90c89d019f85eaf9bb3efa5edb,macOS-26.5.1-arm64-arm-64bit-Mach-O,images/snake.png,16,full-frame-none,full-frame,none,kmeans:inittype=none:threshold=0.125:binbits=6:mapping=uniform:softdist=trilinear:feedback=0:prune=hamerly:seed=1:restarts=1:iter=20:miniter=0:polish_iter=0:feedback_slots=1:feedback_interval=1:sample_target=16384,palette-build,warmup,1,1,1,0.066816,'{img2sixel}' --threads=1 --precision=8bit --quality=full '--loaders=libpng!' --sampling-policy=full-frame --binning-policy=none --quantize-model=kmeans:inittype=none:threshold=0.125:binbits=6:mapping=uniform:softdist=trilinear:feedback=0:prune=hamerly:seed=1:restarts=1:iter=20:miniter=0:polish_iter=0:feedback_slots=1:feedback_interval=1:sample_target=16384 -Xoklab -Wgamma --diffusion=none --gpu-policy=off --lookup-policy=none -F none -a off -p 16 -J '{timeline}' -o '{devnull}' '{input}'
f2c138d8f6aa0a90c89d019f85eaf9bb3efa5edb,macOS-26.5.1-arm64-arm-64bit-Mach-O,images/snake.png,16,full-frame-hard,full-frame,hard,kmeans:inittype=none:threshold=0.125:binbits=6:mapping=uniform:softdist=trilinear:feedback=0:prune=hamerly:seed=1:restarts=1:iter=20:miniter=0:polish_iter=0:feedback_slots=1:feedback_interval=1:sample_target=16384,palette-build,warmup,1,1,2,0.006740000000000001,'{img2sixel}' --threads=1 --precision=8bit --quality=full '--loaders=libpng!' --sampling-policy=full-frame --binning-policy=hard --quantize-model=kmeans:inittype=none:threshold=0.125:binbits=6:mapping=uniform:softdist=trilinear:feedback=0:prune=hamerly:seed=1:restarts=1:iter=20:miniter=0:polish_iter=0:feedback_slots=1:feedback_interval=1:sample_target=16384 -Xoklab -Wgamma --diffusion=none --gpu-policy=off --lookup-policy=none -F none -a off -p 16 -J '{timeline}' -o '{devnull}' '{input}'
f2c138d8f6aa0a90c89d019f85eaf9bb3efa5edb,macOS-26.5.1-arm64-arm-64bit-Mach-O,images/snake.png,16,full-frame-exact,full-frame,exact,kmeans:inittype=none:threshold=0.125:binbits=6:mapping=uniform:softdist=trilinear:feedback=0:prune=hamerly:seed=1:restarts=1:iter=20:miniter=0:polish_iter=0:feedback_slots=1:feedback_interval=1:sample_target=16384,palette-build,warmup,1,1,3,0.031736,'{img2sixel}' --threads=1 --precision=8bit --quality=full '--loaders=libpng!' --sampling-policy=full-frame --binning-policy=exact --quantize-model=kmeans:inittype=none:threshold=0.125:binbits=6:mapping=uniform:softdist=trilinear:feedback=0:prune=hamerly:seed=1:restarts=1:iter=20:miniter=0:polish_iter=0:feedback_slots=1:feedback_interval=1:sample_target=16384 -Xoklab -Wgamma --diffusion=none --gpu-policy=off --lookup-policy=none -F none -a off -p 16 -J '{timeline}' -o '{devnull}' '{input}'
f2c138d8f6aa0a90c89d019f85eaf9bb3efa5edb,macOS-26.5.1-arm64-arm-64bit-Mach-O,images/snake.png,16,full-frame-soft,full-frame,soft,kmeans:inittype=none:threshold=0.125:binbits=6:mapping=uniform:softdist=trilinear:feedback=0:prune=hamerly:seed=1:restarts=1:iter=20:miniter=0:polish_iter=0:feedback_slots=1:feedback_interval=1:sample_target=16384,palette-build,warmup,1,1,4,0.015249000000000002,'{img2sixel}' --threads=1 --precision=8bit --quality=full '--loaders=libpng!' --sampling-policy=full-frame --binning-policy=soft --quantize-model=kmeans:inittype=none:threshold=0.125:binbits=6:mapping=uniform:softdist=trilinear:feedback=0:prune=hamerly:seed=1:restarts=1:iter=20:miniter=0:polish_iter=0:feedback_slots=1:feedback_interval=1:sample_target=16384 -Xoklab -Wgamma --diffusion=none --gpu-policy=off --lookup-policy=none -F none -a off -p 16 -J '{timeline}' -o '{devnull}' '{input}'
f2c138d8f6aa0a90c89d019f85eaf9bb3efa5edb,macOS-26.5.1-arm64-arm-64bit-Mach-O,images/snake.png,16,full-frame-hard,full-frame,hard,kmeans:inittype=none:threshold=0.125:binbits=6:mapping=uniform:softdist=trilinear:feedback=0:prune=hamerly:seed=1:restarts=1:iter=20:miniter=0:polish_iter=0:feedback_slots=1:feedback_interval=1:sample_target=16384,palette-build,washout,2,2,-1,0.006718999999999999,'{img2sixel}' --threads=1 --precision=8bit --quality=full '--loaders=libpng!' --sampling-policy=full-frame --binning-policy=hard --quantize-model=kmeans:inittype=none:threshold=0.125:binbits=6:mapping=uniform:softdist=trilinear:feedback=0:prune=hamerly:seed=1:restarts=1:iter=20:miniter=0:polish_iter=0:feedback_slots=1:feedback_interval=1:sample_target=16384 -Xoklab -Wgamma --diffusion=none --gpu-policy=off --lookup-policy=none -F none -a off -p 16 -J '{timeline}' -o '{devnull}' '{input}'
f2c138d8f6aa0a90c89d019f85eaf9bb3efa5edb,macOS-26.5.1-arm64-arm-64bit-Mach-O,images/snake.png,16,full-frame-none,full-frame,none,kmeans:inittype=none:threshold=0.125:binbits=6:mapping=uniform:softdist=trilinear:feedback=0:prune=hamerly:seed=1:restarts=1:iter=20:miniter=0:polish_iter=0:feedback_slots=1:feedback_interval=1:sample_target=16384,palette-build,measured,2,2,0,0.066694,'{img2sixel}' --threads=1 --precision=8bit --quality=full '--loaders=libpng!' --sampling-policy=full-frame --binning-policy=none --quantize-model=kmeans:inittype=none:threshold=0.125:binbits=6:mapping=uniform:softdist=trilinear:feedback=0:prune=hamerly:seed=1:restarts=1:iter=20:miniter=0:polish_iter=0:feedback_slots=1:feedback_interval=1:sample_target=16384 -Xoklab -Wgamma --diffusion=none --gpu-policy=off --lookup-policy=none -F none -a off -p 16 -J '{timeline}' -o '{devnull}' '{input}'
f2c138d8f6aa0a90c89d019f85eaf9bb3efa5edb,macOS-26.5.1-arm64-arm-64bit-Mach-O,images/snake.png,16,full-frame-exact,full-frame,exact,kmeans:inittype=none:threshold=0.125:binbits=6:mapping=uniform:softdist=trilinear:feedback=0:prune=hamerly:seed=1:restarts=1:iter=20:miniter=0:polish_iter=0:feedback_slots=1:feedback_interval=1:sample_target=16384,palette-build,measured,2,2,1,0.031683,'{img2sixel}' --threads=1 --precision=8bit --quality=full '--loaders=libpng!' --sampling-policy=full-frame --binning-policy=exact --quantize-model=kmeans:inittype=none:threshold=0.125:binbits=6:mapping=uniform:softdist=trilinear:feedback=0:prune=hamerly:seed=1:restarts=1:iter=20:miniter=0:polish_iter=0:feedback_slots=1:feedback_interval=1:sample_target=16384 -Xoklab -Wgamma --diffusion=none --gpu-policy=off --lookup-policy=none -F none -a off -p 16 -J '{timeline}' -o '{devnull}' '{input}'
f2c138d8f6aa0a90c89d019f85eaf9bb3efa5edb,macOS-26.5.1-arm64-arm-64bit-Mach-O,images/snake.png,16,adaptive-grid-hard,adaptive-grid,hard,kmeans:inittype=none:threshold=0.125:binbits=6:mapping=uniform:softdist=trilinear:feedback=0:prune=hamerly:seed=1:restarts=1:iter=20:miniter=0:polish_iter=0:feedback_slots=1:feedback_interval=1:sample_target=16384,palette-build,measured,2,2,2,0.0006829999999999996,'{img2sixel}' --threads=1 --precision=8bit --quality=full '--loaders=libpng!' --sampling-policy=adaptive-grid --binning-policy=hard --quantize-model=kmeans:inittype=none:threshold=0.125:binbits=6:mapping=uniform:softdist=trilinear:feedback=0:prune=hamerly:seed=1:restarts=1:iter=20:miniter=0:polish_iter=0:feedback_slots=1:feedback_interval=1:sample_target=16384 -Xoklab -Wgamma --diffusion=none --gpu-policy=off --lookup-policy=none -F none -a off -p 16 -J '{timeline}' -o '{devnull}' '{input}'
f2c138d8f6aa0a90c89d019f85eaf9bb3efa5edb,macOS-26.5.1-arm64-arm-64bit-Mach-O,images/snake.png,16,full-frame-soft,full-frame,soft,kmeans:inittype=none:threshold=0.125:binbits=6:mapping=uniform:softdist=trilinear:feedback=0:prune=hamerly:seed=1:restarts=1:iter=20:miniter=0:polish_iter=0:feedback_slots=1:feedback_interval=1:sample_target=16384,palette-build,measured,2,2,3,0.015254999999999998,'{img2sixel}' --threads=1 --precision=8bit --quality=full '--loaders=libpng!' --sampling-policy=full-frame --binning-policy=soft --quantize-model=kmeans:inittype=none:threshold=0.125:binbits=6:mapping=uniform:softdist=trilinear:feedback=0:prune=hamerly:seed=1:restarts=1:iter=20:miniter=0:polish_iter=0:feedback_slots=1:feedback_interval=1:sample_target=16384 -Xoklab -Wgamma --diffusion=none --gpu-policy=off --lookup-policy=none -F none -a off -p 16 -J '{timeline}' -o '{devnull}' '{input}'
f2c138d8f6aa0a90c89d019f85eaf9bb3efa5edb,macOS-26.5.1-arm64-arm-64bit-Mach-O,images/snake.png,16,full-frame-hard,full-frame,hard,kmeans:inittype=none:threshold=0.125:binbits=6:mapping=uniform:softdist=trilinear:feedback=0:prune=hamerly:seed=1:restarts=1:iter=20:miniter=0:polish_iter=0:feedback_slots=1:feedback_interval=1:sample_target=16384,palette-build,measured,2,2,4,0.006815,'{img2sixel}' --threads=1 --precision=8bit --quality=full '--loaders=libpng!' --sampling-policy=full-frame --binning-policy=hard --quantize-model=kmeans:inittype=none:threshold=0.125:binbits=6:mapping=uniform:softdist=trilinear:feedback=0:prune=hamerly:seed=1:restarts=1:iter=20:miniter=0:polish_iter=0:feedback_slots=1:feedback_interval=1:sample_target=16384 -Xoklab -Wgamma --diffusion=none --gpu-policy=off --lookup-policy=none -F none -a off -p 16 -J '{timeline}' -o '{devnull}' '{input}'
f2c138d8f6aa0a90c89d019f85eaf9bb3efa5edb,macOS-26.5.1-arm64-arm-64bit-Mach-O,images/snake.png,16,full-frame-hard,full-frame,hard,kmeans:inittype=none:threshold=0.125:binbits=6:mapping=uniform:softdist=trilinear:feedback=0:prune=hamerly:seed=1:restarts=1:iter=20:miniter=0:polish_iter=0:feedback_slots=1:feedback_interval=1:sample_target=16384,palette-build,washout,3,3,-1,0.006740999999999999,'{img2sixel}' --threads=1 --precision=8bit --quality=full '--loaders=libpng!' --sampling-policy=full-frame --binning-policy=hard --quantize-model=kmeans:inittype=none:threshold=0.125:binbits=6:mapping=uniform:softdist=trilinear:feedback=0:prune=hamerly:seed=1:restarts=1:iter=20:miniter=0:polish_iter=0:feedback_slots=1:feedback_interval=1:sample_target=16384 -Xoklab -Wgamma --diffusion=none --gpu-policy=off --lookup-policy=none -F none -a off -p 16 -J '{timeline}' -o '{devnull}' '{input}'
f2c138d8f6aa0a90c89d019f85eaf9bb3efa5edb,macOS-26.5.1-arm64-arm-64bit-Mach-O,images/snake.png,16,full-frame-exact,full-frame,exact,kmeans:inittype=none:threshold=0.125:binbits=6:mapping=uniform:softdist=trilinear:feedback=0:prune=hamerly:seed=1:restarts=1:iter=20:miniter=0:polish_iter=0:feedback_slots=1:feedback_interval=1:sample_target=16384,palette-build,measured,3,3,0,0.031684,'{img2sixel}' --threads=1 --precision=8bit --quality=full '--loaders=libpng!' --sampling-policy=full-frame --binning-policy=exact --quantize-model=kmeans:inittype=none:threshold=0.125:binbits=6:mapping=uniform:softdist=trilinear:feedback=0:prune=hamerly:seed=1:restarts=1:iter=20:miniter=0:polish_iter=0:feedback_slots=1:feedback_interval=1:sample_target=16384 -Xoklab -Wgamma --diffusion=none --gpu-policy=off --lookup-policy=none -F none -a off -p 16 -J '{timeline}' -o '{devnull}' '{input}'
f2c138d8f6aa0a90c89d019f85eaf9bb3efa5edb,macOS-26.5.1-arm64-arm-64bit-Mach-O,images/snake.png,16,full-frame-soft,full-frame,soft,kmeans:inittype=none:threshold=0.125:binbits=6:mapping=uniform:softdist=trilinear:feedback=0:prune=hamerly:seed=1:restarts=1:iter=20:miniter=0:polish_iter=0:feedback_slots=1:feedback_interval=1:sample_target=16384,palette-build,measured,3,3,1,0.015199,'{img2sixel}' --threads=1 --precision=8bit --quality=full '--loaders=libpng!' --sampling-policy=full-frame --binning-policy=soft --quantize-model=kmeans:inittype=none:threshold=0.125:binbits=6:mapping=uniform:softdist=trilinear:feedback=0:prune=hamerly:seed=1:restarts=1:iter=20:miniter=0:polish_iter=0:feedback_slots=1:feedback_interval=1:sample_target=16384 -Xoklab -Wgamma --diffusion=none --gpu-policy=off --lookup-policy=none -F none -a off -p 16 -J '{timeline}' -o '{devnull}' '{input}'
f2c138d8f6aa0a90c89d019f85eaf9bb3efa5edb,macOS-26.5.1-arm64-arm-64bit-Mach-O,images/snake.png,16,full-frame-none,full-frame,none,kmeans:inittype=none:threshold=0.125:binbits=6:mapping=uniform:softdist=trilinear:feedback=0:prune=hamerly:seed=1:restarts=1:iter=20:miniter=0:polish_iter=0:feedback_slots=1:feedback_interval=1:sample_target=16384,palette-build,measured,3,3,2,0.066703,'{img2sixel}' --threads=1 --precision=8bit --quality=full '--loaders=libpng!' --sampling-policy=full-frame --binning-policy=none --quantize-model=kmeans:inittype=none:threshold=0.125:binbits=6:mapping=uniform:softdist=trilinear:feedback=0:prune=hamerly:seed=1:restarts=1:iter=20:miniter=0:polish_iter=0:feedback_slots=1:feedback_interval=1:sample_target=16384 -Xoklab -Wgamma --diffusion=none --gpu-policy=off --lookup-policy=none -F none -a off -p 16 -J '{timeline}' -o '{devnull}' '{input}'
f2c138d8f6aa0a90c89d019f85eaf9bb3efa5edb,macOS-26.5.1-arm64-arm-64bit-Mach-O,images/snake.png,16,full-frame-hard,full-frame,hard,kmeans:inittype=none:threshold=0.125:binbits=6:mapping=uniform:softdist=trilinear:feedback=0:prune=hamerly:seed=1:restarts=1:iter=20:miniter=0:polish_iter=0:feedback_slots=1:feedback_interval=1:sample_target=16384,palette-build,measured,3,3,3,0.006703000000000001,'{img2sixel}' --threads=1 --precision=8bit --quality=full '--loaders=libpng!' --sampling-policy=full-frame --binning-policy=hard --quantize-model=kmeans:inittype=none:threshold=0.125:binbits=6:mapping=uniform:softdist=trilinear:feedback=0:prune=hamerly:seed=1:restarts=1:iter=20:miniter=0:polish_iter=0:feedback_slots=1:feedback_interval=1:sample_target=16384 -Xoklab -Wgamma --diffusion=none --gpu-policy=off --lookup-policy=none -F none -a off -p 16 -J '{timeline}' -o '{devnull}' '{input}'
f2c138d8f6aa0a90c89d019f85eaf9bb3efa5edb,macOS-26.5.1-arm64-arm-64bit-Mach-O,images/snake.png,16,adaptive-grid-hard,adaptive-grid,hard,kmeans:inittype=none:threshold=0.125:binbits=6:mapping=uniform:softdist=trilinear:feedback=0:prune=hamerly:seed=1:restarts=1:iter=20:miniter=0:polish_iter=0:feedback_slots=1:feedback_interval=1:sample_target=16384,palette-build,measured,3,3,4,0.0006959999999999996,'{img2sixel}' --threads=1 --precision=8bit --quality=full '--loaders=libpng!' --sampling-policy=adaptive-grid --binning-policy=hard --quantize-model=kmeans:inittype=none:threshold=0.125:binbits=6:mapping=uniform:softdist=trilinear:feedback=0:prune=hamerly:seed=1:restarts=1:iter=20:miniter=0:polish_iter=0:feedback_slots=1:feedback_interval=1:sample_target=16384 -Xoklab -Wgamma --diffusion=none --gpu-policy=off --lookup-policy=none -F none -a off -p 16 -J '{timeline}' -o '{devnull}' '{input}'
f2c138d8f6aa0a90c89d019f85eaf9bb3efa5edb,macOS-26.5.1-arm64-arm-64bit-Mach-O,images/snake.png,16,full-frame-hard,full-frame,hard,kmeans:inittype=none:threshold=0.125:binbits=6:mapping=uniform:softdist=trilinear:feedback=0:prune=hamerly:seed=1:restarts=1:iter=20:miniter=0:polish_iter=0:feedback_slots=1:feedback_interval=1:sample_target=16384,palette-build,washout,4,4,-1,0.0067670000000000004,'{img2sixel}' --threads=1 --precision=8bit --quality=full '--loaders=libpng!' --sampling-policy=full-frame --binning-policy=hard --quantize-model=kmeans:inittype=none:threshold=0.125:binbits=6:mapping=uniform:softdist=trilinear:feedback=0:prune=hamerly:seed=1:restarts=1:iter=20:miniter=0:polish_iter=0:feedback_slots=1:feedback_interval=1:sample_target=16384 -Xoklab -Wgamma --diffusion=none --gpu-policy=off --lookup-policy=none -F none -a off -p 16 -J '{timeline}' -o '{devnull}' '{input}'
f2c138d8f6aa0a90c89d019f85eaf9bb3efa5edb,macOS-26.5.1-arm64-arm-64bit-Mach-O,images/snake.png,16,full-frame-soft,full-frame,soft,kmeans:inittype=none:threshold=0.125:binbits=6:mapping=uniform:softdist=trilinear:feedback=0:prune=hamerly:seed=1:restarts=1:iter=20:miniter=0:polish_iter=0:feedback_slots=1:feedback_interval=1:sample_target=16384,palette-build,measured,4,4,0,0.015258999999999998,'{img2sixel}' --threads=1 --precision=8bit --quality=full '--loaders=libpng!' --sampling-policy=full-frame --binning-policy=soft --quantize-model=kmeans:inittype=none:threshold=0.125:binbits=6:mapping=uniform:softdist=trilinear:feedback=0:prune=hamerly:seed=1:restarts=1:iter=20:miniter=0:polish_iter=0:feedback_slots=1:feedback_interval=1:sample_target=16384 -Xoklab -Wgamma --diffusion=none --gpu-policy=off --lookup-policy=none -F none -a off -p 16 -J '{timeline}' -o '{devnull}' '{input}'
f2c138d8f6aa0a90c89d019f85eaf9bb3efa5edb,macOS-26.5.1-arm64-arm-64bit-Mach-O,images/snake.png,16,full-frame-hard,full-frame,hard,kmeans:inittype=none:threshold=0.125:binbits=6:mapping=uniform:softdist=trilinear:feedback=0:prune=hamerly:seed=1:restarts=1:iter=20:miniter=0:polish_iter=0:feedback_slots=1:feedback_interval=1:sample_target=16384,palette-build,measured,4,4,1,0.006783000000000001,'{img2sixel}' --threads=1 --precision=8bit --quality=full '--loaders=libpng!' --sampling-policy=full-frame --binning-policy=hard --quantize-model=kmeans:inittype=none:threshold=0.125:binbits=6:mapping=uniform:softdist=trilinear:feedback=0:prune=hamerly:seed=1:restarts=1:iter=20:miniter=0:polish_iter=0:feedback_slots=1:feedback_interval=1:sample_target=16384 -Xoklab -Wgamma --diffusion=none --gpu-policy=off --lookup-policy=none -F none -a off -p 16 -J '{timeline}' -o '{devnull}' '{input}'
f2c138d8f6aa0a90c89d019f85eaf9bb3efa5edb,macOS-26.5.1-arm64-arm-64bit-Mach-O,images/snake.png,16,full-frame-exact,full-frame,exact,kmeans:inittype=none:threshold=0.125:binbits=6:mapping=uniform:softdist=trilinear:feedback=0:prune=hamerly:seed=1:restarts=1:iter=20:miniter=0:polish_iter=0:feedback_slots=1:feedback_interval=1:sample_target=16384,palette-build,measured,4,4,2,0.031702,'{img2sixel}' --threads=1 --precision=8bit --quality=full '--loaders=libpng!' --sampling-policy=full-frame --binning-policy=exact --quantize-model=kmeans:inittype=none:threshold=0.125:binbits=6:mapping=uniform:softdist=trilinear:feedback=0:prune=hamerly:seed=1:restarts=1:iter=20:miniter=0:polish_iter=0:feedback_slots=1:feedback_interval=1:sample_target=16384 -Xoklab -Wgamma --diffusion=none --gpu-policy=off --lookup-policy=none -F none -a off -p 16 -J '{timeline}' -o '{devnull}' '{input}'
f2c138d8f6aa0a90c89d019f85eaf9bb3efa5edb,macOS-26.5.1-arm64-arm-64bit-Mach-O,images/snake.png,16,adaptive-grid-hard,adaptive-grid,hard,kmeans:inittype=none:threshold=0.125:binbits=6:mapping=uniform:softdist=trilinear:feedback=0:prune=hamerly:seed=1:restarts=1:iter=20:miniter=0:polish_iter=0:feedback_slots=1:feedback_interval=1:sample_target=16384,palette-build,measured,4,4,3,0.0006839999999999997,'{img2sixel}' --threads=1 --precision=8bit --quality=full '--loaders=libpng!' --sampling-policy=adaptive-grid --binning-policy=hard --quantize-model=kmeans:inittype=none:threshold=0.125:binbits=6:mapping=uniform:softdist=trilinear:feedback=0:prune=hamerly:seed=1:restarts=1:iter=20:miniter=0:polish_iter=0:feedback_slots=1:feedback_interval=1:sample_target=16384 -Xoklab -Wgamma --diffusion=none --gpu-policy=off --lookup-policy=none -F none -a off -p 16 -J '{timeline}' -o '{devnull}' '{input}'
f2c138d8f6aa0a90c89d019f85eaf9bb3efa5edb,macOS-26.5.1-arm64-arm-64bit-Mach-O,images/snake.png,16,full-frame-none,full-frame,none,kmeans:inittype=none:threshold=0.125:binbits=6:mapping=uniform:softdist=trilinear:feedback=0:prune=hamerly:seed=1:restarts=1:iter=20:miniter=0:polish_iter=0:feedback_slots=1:feedback_interval=1:sample_target=16384,palette-build,measured,4,4,4,0.066927,'{img2sixel}' --threads=1 --precision=8bit --quality=full '--loaders=libpng!' --sampling-policy=full-frame --binning-policy=none --quantize-model=kmeans:inittype=none:threshold=0.125:binbits=6:mapping=uniform:softdist=trilinear:feedback=0:prune=hamerly:seed=1:restarts=1:iter=20:miniter=0:polish_iter=0:feedback_slots=1:feedback_interval=1:sample_target=16384 -Xoklab -Wgamma --diffusion=none --gpu-policy=off --lookup-policy=none -F none -a off -p 16 -J '{timeline}' -o '{devnull}' '{input}'
f2c138d8f6aa0a90c89d019f85eaf9bb3efa5edb,macOS-26.5.1-arm64-arm-64bit-Mach-O,images/snake.png,16,full-frame-hard,full-frame,hard,kmeans:inittype=none:threshold=0.125:binbits=6:mapping=uniform:softdist=trilinear:feedback=0:prune=hamerly:seed=1:restarts=1:iter=20:miniter=0:polish_iter=0:feedback_slots=1:feedback_interval=1:sample_target=16384,palette-build,washout,5,5,-1,0.006694999999999998,'{img2sixel}' --threads=1 --precision=8bit --quality=full '--loaders=libpng!' --sampling-policy=full-frame --binning-policy=hard --quantize-model=kmeans:inittype=none:threshold=0.125:binbits=6:mapping=uniform:softdist=trilinear:feedback=0:prune=hamerly:seed=1:restarts=1:iter=20:miniter=0:polish_iter=0:feedback_slots=1:feedback_interval=1:sample_target=16384 -Xoklab -Wgamma --diffusion=none --gpu-policy=off --lookup-policy=none -F none -a off -p 16 -J '{timeline}' -o '{devnull}' '{input}'
f2c138d8f6aa0a90c89d019f85eaf9bb3efa5edb,macOS-26.5.1-arm64-arm-64bit-Mach-O,images/snake.png,16,full-frame-exact,full-frame,exact,kmeans:inittype=none:threshold=0.125:binbits=6:mapping=uniform:softdist=trilinear:feedback=0:prune=hamerly:seed=1:restarts=1:iter=20:miniter=0:polish_iter=0:feedback_slots=1:feedback_interval=1:sample_target=16384,palette-build,measured,5,5,0,0.031627,'{img2sixel}' --threads=1 --precision=8bit --quality=full '--loaders=libpng!' --sampling-policy=full-frame --binning-policy=exact --quantize-model=kmeans:inittype=none:threshold=0.125:binbits=6:mapping=uniform:softdist=trilinear:feedback=0:prune=hamerly:seed=1:restarts=1:iter=20:miniter=0:polish_iter=0:feedback_slots=1:feedback_interval=1:sample_target=16384 -Xoklab -Wgamma --diffusion=none --gpu-policy=off --lookup-policy=none -F none -a off -p 16 -J '{timeline}' -o '{devnull}' '{input}'
f2c138d8f6aa0a90c89d019f85eaf9bb3efa5edb,macOS-26.5.1-arm64-arm-64bit-Mach-O,images/snake.png,16,full-frame-none,full-frame,none,kmeans:inittype=none:threshold=0.125:binbits=6:mapping=uniform:softdist=trilinear:feedback=0:prune=hamerly:seed=1:restarts=1:iter=20:miniter=0:polish_iter=0:feedback_slots=1:feedback_interval=1:sample_target=16384,palette-build,measured,5,5,1,0.066812,'{img2sixel}' --threads=1 --precision=8bit --quality=full '--loaders=libpng!' --sampling-policy=full-frame --binning-policy=none --quantize-model=kmeans:inittype=none:threshold=0.125:binbits=6:mapping=uniform:softdist=trilinear:feedback=0:prune=hamerly:seed=1:restarts=1:iter=20:miniter=0:polish_iter=0:feedback_slots=1:feedback_interval=1:sample_target=16384 -Xoklab -Wgamma --diffusion=none --gpu-policy=off --lookup-policy=none -F none -a off -p 16 -J '{timeline}' -o '{devnull}' '{input}'
f2c138d8f6aa0a90c89d019f85eaf9bb3efa5edb,macOS-26.5.1-arm64-arm-64bit-Mach-O,images/snake.png,16,full-frame-soft,full-frame,soft,kmeans:inittype=none:threshold=0.125:binbits=6:mapping=uniform:softdist=trilinear:feedback=0:prune=hamerly:seed=1:restarts=1:iter=20:miniter=0:polish_iter=0:feedback_slots=1:feedback_interval=1:sample_target=16384,palette-build,measured,5,5,2,0.015357999999999998,'{img2sixel}' --threads=1 --precision=8bit --quality=full '--loaders=libpng!' --sampling-policy=full-frame --binning-policy=soft --quantize-model=kmeans:inittype=none:threshold=0.125:binbits=6:mapping=uniform:softdist=trilinear:feedback=0:prune=hamerly:seed=1:restarts=1:iter=20:miniter=0:polish_iter=0:feedback_slots=1:feedback_interval=1:sample_target=16384 -Xoklab -Wgamma --diffusion=none --gpu-policy=off --lookup-policy=none -F none -a off -p 16 -J '{timeline}' -o '{devnull}' '{input}'
f2c138d8f6aa0a90c89d019f85eaf9bb3efa5edb,macOS-26.5.1-arm64-arm-64bit-Mach-O,images/snake.png,16,adaptive-grid-hard,adaptive-grid,hard,kmeans:inittype=none:threshold=0.125:binbits=6:mapping=uniform:softdist=trilinear:feedback=0:prune=hamerly:seed=1:restarts=1:iter=20:miniter=0:polish_iter=0:feedback_slots=1:feedback_interval=1:sample_target=16384,palette-build,measured,5,5,3,0.0006780000000000007,'{img2sixel}' --threads=1 --precision=8bit --quality=full '--loaders=libpng!' --sampling-policy=adaptive-grid --binning-policy=hard --quantize-model=kmeans:inittype=none:threshold=0.125:binbits=6:mapping=uniform:softdist=trilinear:feedback=0:prune=hamerly:seed=1:restarts=1:iter=20:miniter=0:polish_iter=0:feedback_slots=1:feedback_interval=1:sample_target=16384 -Xoklab -Wgamma --diffusion=none --gpu-policy=off --lookup-policy=none -F none -a off -p 16 -J '{timeline}' -o '{devnull}' '{input}'
f2c138d8f6aa0a90c89d019f85eaf9bb3efa5edb,macOS-26.5.1-arm64-arm-64bit-Mach-O,images/snake.png,16,full-frame-hard,full-frame,hard,kmeans:inittype=none:threshold=0.125:binbits=6:mapping=uniform:softdist=trilinear:feedback=0:prune=hamerly:seed=1:restarts=1:iter=20:miniter=0:polish_iter=0:feedback_slots=1:feedback_interval=1:sample_target=16384,palette-build,measured,5,5,4,0.006769999999999998,'{img2sixel}' --threads=1 --precision=8bit --quality=full '--loaders=libpng!' --sampling-policy=full-frame --binning-policy=hard --quantize-model=kmeans:inittype=none:threshold=0.125:binbits=6:mapping=uniform:softdist=trilinear:feedback=0:prune=hamerly:seed=1:restarts=1:iter=20:miniter=0:polish_iter=0:feedback_slots=1:feedback_interval=1:sample_target=16384 -Xoklab -Wgamma --diffusion=none --gpu-policy=off --lookup-policy=none -F none -a off -p 16 -J '{timeline}' -o '{devnull}' '{input}'
f2c138d8f6aa0a90c89d019f85eaf9bb3efa5edb,macOS-26.5.1-arm64-arm-64bit-Mach-O,images/snake.png,16,full-frame-hard,full-frame,hard,kmeans:inittype=none:threshold=0.125:binbits=6:mapping=uniform:softdist=trilinear:feedback=0:prune=hamerly:seed=1:restarts=1:iter=20:miniter=0:polish_iter=0:feedback_slots=1:feedback_interval=1:sample_target=16384,palette-build,washout,6,6,-1,0.006697,'{img2sixel}' --threads=1 --precision=8bit --quality=full '--loaders=libpng!' --sampling-policy=full-frame --binning-policy=hard --quantize-model=kmeans:inittype=none:threshold=0.125:binbits=6:mapping=uniform:softdist=trilinear:feedback=0:prune=hamerly:seed=1:restarts=1:iter=20:miniter=0:polish_iter=0:feedback_slots=1:feedback_interval=1:sample_target=16384 -Xoklab -Wgamma --diffusion=none --gpu-policy=off --lookup-policy=none -F none -a off -p 16 -J '{timeline}' -o '{devnull}' '{input}'
f2c138d8f6aa0a90c89d019f85eaf9bb3efa5edb,macOS-26.5.1-arm64-arm-64bit-Mach-O,images/snake.png,16,full-frame-soft,full-frame,soft,kmeans:inittype=none:threshold=0.125:binbits=6:mapping=uniform:softdist=trilinear:feedback=0:prune=hamerly:seed=1:restarts=1:iter=20:miniter=0:polish_iter=0:feedback_slots=1:feedback_interval=1:sample_target=16384,palette-build,measured,6,6,0,0.015194,'{img2sixel}' --threads=1 --precision=8bit --quality=full '--loaders=libpng!' --sampling-policy=full-frame --binning-policy=soft --quantize-model=kmeans:inittype=none:threshold=0.125:binbits=6:mapping=uniform:softdist=trilinear:feedback=0:prune=hamerly:seed=1:restarts=1:iter=20:miniter=0:polish_iter=0:feedback_slots=1:feedback_interval=1:sample_target=16384 -Xoklab -Wgamma --diffusion=none --gpu-policy=off --lookup-policy=none -F none -a off -p 16 -J '{timeline}' -o '{devnull}' '{input}'
f2c138d8f6aa0a90c89d019f85eaf9bb3efa5edb,macOS-26.5.1-arm64-arm-64bit-Mach-O,images/snake.png,16,full-frame-exact,full-frame,exact,kmeans:inittype=none:threshold=0.125:binbits=6:mapping=uniform:softdist=trilinear:feedback=0:prune=hamerly:seed=1:restarts=1:iter=20:miniter=0:polish_iter=0:feedback_slots=1:feedback_interval=1:sample_target=16384,palette-build,measured,6,6,1,0.031701,'{img2sixel}' --threads=1 --precision=8bit --quality=full '--loaders=libpng!' --sampling-policy=full-frame --binning-policy=exact --quantize-model=kmeans:inittype=none:threshold=0.125:binbits=6:mapping=uniform:softdist=trilinear:feedback=0:prune=hamerly:seed=1:restarts=1:iter=20:miniter=0:polish_iter=0:feedback_slots=1:feedback_interval=1:sample_target=16384 -Xoklab -Wgamma --diffusion=none --gpu-policy=off --lookup-policy=none -F none -a off -p 16 -J '{timeline}' -o '{devnull}' '{input}'
f2c138d8f6aa0a90c89d019f85eaf9bb3efa5edb,macOS-26.5.1-arm64-arm-64bit-Mach-O,images/snake.png,16,full-frame-hard,full-frame,hard,kmeans:inittype=none:threshold=0.125:binbits=6:mapping=uniform:softdist=trilinear:feedback=0:prune=hamerly:seed=1:restarts=1:iter=20:miniter=0:polish_iter=0:feedback_slots=1:feedback_interval=1:sample_target=16384,palette-build,measured,6,6,2,0.006754,'{img2sixel}' --threads=1 --precision=8bit --quality=full '--loaders=libpng!' --sampling-policy=full-frame --binning-policy=hard --quantize-model=kmeans:inittype=none:threshold=0.125:binbits=6:mapping=uniform:softdist=trilinear:feedback=0:prune=hamerly:seed=1:restarts=1:iter=20:miniter=0:polish_iter=0:feedback_slots=1:feedback_interval=1:sample_target=16384 -Xoklab -Wgamma --diffusion=none --gpu-policy=off --lookup-policy=none -F none -a off -p 16 -J '{timeline}' -o '{devnull}' '{input}'
f2c138d8f6aa0a90c89d019f85eaf9bb3efa5edb,macOS-26.5.1-arm64-arm-64bit-Mach-O,images/snake.png,16,full-frame-none,full-frame,none,kmeans:inittype=none:threshold=0.125:binbits=6:mapping=uniform:softdist=trilinear:feedback=0:prune=hamerly:seed=1:restarts=1:iter=20:miniter=0:polish_iter=0:feedback_slots=1:feedback_interval=1:sample_target=16384,palette-build,measured,6,6,3,0.06675299999999999,'{img2sixel}' --threads=1 --precision=8bit --quality=full '--loaders=libpng!' --sampling-policy=full-frame --binning-policy=none --quantize-model=kmeans:inittype=none:threshold=0.125:binbits=6:mapping=uniform:softdist=trilinear:feedback=0:prune=hamerly:seed=1:restarts=1:iter=20:miniter=0:polish_iter=0:feedback_slots=1:feedback_interval=1:sample_target=16384 -Xoklab -Wgamma --diffusion=none --gpu-policy=off --lookup-policy=none -F none -a off -p 16 -J '{timeline}' -o '{devnull}' '{input}'
f2c138d8f6aa0a90c89d019f85eaf9bb3efa5edb,macOS-26.5.1-arm64-arm-64bit-Mach-O,images/snake.png,16,adaptive-grid-hard,adaptive-grid,hard,kmeans:inittype=none:threshold=0.125:binbits=6:mapping=uniform:softdist=trilinear:feedback=0:prune=hamerly:seed=1:restarts=1:iter=20:miniter=0:polish_iter=0:feedback_slots=1:feedback_interval=1:sample_target=16384,palette-build,measured,6,6,4,0.0006940000000000002,'{img2sixel}' --threads=1 --precision=8bit --quality=full '--loaders=libpng!' --sampling-policy=adaptive-grid --binning-policy=hard --quantize-model=kmeans:inittype=none:threshold=0.125:binbits=6:mapping=uniform:softdist=trilinear:feedback=0:prune=hamerly:seed=1:restarts=1:iter=20:miniter=0:polish_iter=0:feedback_slots=1:feedback_interval=1:sample_target=16384 -Xoklab -Wgamma --diffusion=none --gpu-policy=off --lookup-policy=none -F none -a off -p 16 -J '{timeline}' -o '{devnull}' '{input}'
f2c138d8f6aa0a90c89d019f85eaf9bb3efa5edb,macOS-26.5.1-arm64-arm-64bit-Mach-O,images/snake.png,16,full-frame-hard,full-frame,hard,kmeans:inittype=none:threshold=0.125:binbits=6:mapping=uniform:softdist=trilinear:feedback=0:prune=hamerly:seed=1:restarts=1:iter=20:miniter=0:polish_iter=0:feedback_slots=1:feedback_interval=1:sample_target=16384,palette-build,washout,7,7,-1,0.006702,'{img2sixel}' --threads=1 --precision=8bit --quality=full '--loaders=libpng!' --sampling-policy=full-frame --binning-policy=hard --quantize-model=kmeans:inittype=none:threshold=0.125:binbits=6:mapping=uniform:softdist=trilinear:feedback=0:prune=hamerly:seed=1:restarts=1:iter=20:miniter=0:polish_iter=0:feedback_slots=1:feedback_interval=1:sample_target=16384 -Xoklab -Wgamma --diffusion=none --gpu-policy=off --lookup-policy=none -F none -a off -p 16 -J '{timeline}' -o '{devnull}' '{input}'
f2c138d8f6aa0a90c89d019f85eaf9bb3efa5edb,macOS-26.5.1-arm64-arm-64bit-Mach-O,images/snake.png,16,full-frame-hard,full-frame,hard,kmeans:inittype=none:threshold=0.125:binbits=6:mapping=uniform:softdist=trilinear:feedback=0:prune=hamerly:seed=1:restarts=1:iter=20:miniter=0:polish_iter=0:feedback_slots=1:feedback_interval=1:sample_target=16384,palette-build,measured,7,7,0,0.006718000000000002,'{img2sixel}' --threads=1 --precision=8bit --quality=full '--loaders=libpng!' --sampling-policy=full-frame --binning-policy=hard --quantize-model=kmeans:inittype=none:threshold=0.125:binbits=6:mapping=uniform:softdist=trilinear:feedback=0:prune=hamerly:seed=1:restarts=1:iter=20:miniter=0:polish_iter=0:feedback_slots=1:feedback_interval=1:sample_target=16384 -Xoklab -Wgamma --diffusion=none --gpu-policy=off --lookup-policy=none -F none -a off -p 16 -J '{timeline}' -o '{devnull}' '{input}'
f2c138d8f6aa0a90c89d019f85eaf9bb3efa5edb,macOS-26.5.1-arm64-arm-64bit-Mach-O,images/snake.png,16,full-frame-soft,full-frame,soft,kmeans:inittype=none:threshold=0.125:binbits=6:mapping=uniform:softdist=trilinear:feedback=0:prune=hamerly:seed=1:restarts=1:iter=20:miniter=0:polish_iter=0:feedback_slots=1:feedback_interval=1:sample_target=16384,palette-build,measured,7,7,1,0.015169,'{img2sixel}' --threads=1 --precision=8bit --quality=full '--loaders=libpng!' --sampling-policy=full-frame --binning-policy=soft --quantize-model=kmeans:inittype=none:threshold=0.125:binbits=6:mapping=uniform:softdist=trilinear:feedback=0:prune=hamerly:seed=1:restarts=1:iter=20:miniter=0:polish_iter=0:feedback_slots=1:feedback_interval=1:sample_target=16384 -Xoklab -Wgamma --diffusion=none --gpu-policy=off --lookup-policy=none -F none -a off -p 16 -J '{timeline}' -o '{devnull}' '{input}'
f2c138d8f6aa0a90c89d019f85eaf9bb3efa5edb,macOS-26.5.1-arm64-arm-64bit-Mach-O,images/snake.png,16,adaptive-grid-hard,adaptive-grid,hard,kmeans:inittype=none:threshold=0.125:binbits=6:mapping=uniform:softdist=trilinear:feedback=0:prune=hamerly:seed=1:restarts=1:iter=20:miniter=0:polish_iter=0:feedback_slots=1:feedback_interval=1:sample_target=16384,palette-build,measured,7,7,2,0.0006790000000000008,'{img2sixel}' --threads=1 --precision=8bit --quality=full '--loaders=libpng!' --sampling-policy=adaptive-grid --binning-policy=hard --quantize-model=kmeans:inittype=none:threshold=0.125:binbits=6:mapping=uniform:softdist=trilinear:feedback=0:prune=hamerly:seed=1:restarts=1:iter=20:miniter=0:polish_iter=0:feedback_slots=1:feedback_interval=1:sample_target=16384 -Xoklab -Wgamma --diffusion=none --gpu-policy=off --lookup-policy=none -F none -a off -p 16 -J '{timeline}' -o '{devnull}' '{input}'
f2c138d8f6aa0a90c89d019f85eaf9bb3efa5edb,macOS-26.5.1-arm64-arm-64bit-Mach-O,images/snake.png,16,full-frame-exact,full-frame,exact,kmeans:inittype=none:threshold=0.125:binbits=6:mapping=uniform:softdist=trilinear:feedback=0:prune=hamerly:seed=1:restarts=1:iter=20:miniter=0:polish_iter=0:feedback_slots=1:feedback_interval=1:sample_target=16384,palette-build,measured,7,7,3,0.033373,'{img2sixel}' --threads=1 --precision=8bit --quality=full '--loaders=libpng!' --sampling-policy=full-frame --binning-policy=exact --quantize-model=kmeans:inittype=none:threshold=0.125:binbits=6:mapping=uniform:softdist=trilinear:feedback=0:prune=hamerly:seed=1:restarts=1:iter=20:miniter=0:polish_iter=0:feedback_slots=1:feedback_interval=1:sample_target=16384 -Xoklab -Wgamma --diffusion=none --gpu-policy=off --lookup-policy=none -F none -a off -p 16 -J '{timeline}' -o '{devnull}' '{input}'
f2c138d8f6aa0a90c89d019f85eaf9bb3efa5edb,macOS-26.5.1-arm64-arm-64bit-Mach-O,images/snake.png,16,full-frame-none,full-frame,none,kmeans:inittype=none:threshold=0.125:binbits=6:mapping=uniform:softdist=trilinear:feedback=0:prune=hamerly:seed=1:restarts=1:iter=20:miniter=0:polish_iter=0:feedback_slots=1:feedback_interval=1:sample_target=16384,palette-build,measured,7,7,4,0.06745200000000001,'{img2sixel}' --threads=1 --precision=8bit --quality=full '--loaders=libpng!' --sampling-policy=full-frame --binning-policy=none --quantize-model=kmeans:inittype=none:threshold=0.125:binbits=6:mapping=uniform:softdist=trilinear:feedback=0:prune=hamerly:seed=1:restarts=1:iter=20:miniter=0:polish_iter=0:feedback_slots=1:feedback_interval=1:sample_target=16384 -Xoklab -Wgamma --diffusion=none --gpu-policy=off --lookup-policy=none -F none -a off -p 16 -J '{timeline}' -o '{devnull}' '{input}'
f2c138d8f6aa0a90c89d019f85eaf9bb3efa5edb,macOS-26.5.1-arm64-arm-64bit-Mach-O,images/snake.png,16,full-frame-hard,full-frame,hard,kmeans:inittype=none:threshold=0.125:binbits=6:mapping=uniform:softdist=trilinear:feedback=0:prune=hamerly:seed=1:restarts=1:iter=20:miniter=0:polish_iter=0:feedback_slots=1:feedback_interval=1:sample_target=16384,palette-build,washout,8,8,-1,0.006702000000000001,'{img2sixel}' --threads=1 --precision=8bit --quality=full '--loaders=libpng!' --sampling-policy=full-frame --binning-policy=hard --quantize-model=kmeans:inittype=none:threshold=0.125:binbits=6:mapping=uniform:softdist=trilinear:feedback=0:prune=hamerly:seed=1:restarts=1:iter=20:miniter=0:polish_iter=0:feedback_slots=1:feedback_interval=1:sample_target=16384 -Xoklab -Wgamma --diffusion=none --gpu-policy=off --lookup-policy=none -F none -a off -p 16 -J '{timeline}' -o '{devnull}' '{input}'
f2c138d8f6aa0a90c89d019f85eaf9bb3efa5edb,macOS-26.5.1-arm64-arm-64bit-Mach-O,images/snake.png,16,adaptive-grid-hard,adaptive-grid,hard,kmeans:inittype=none:threshold=0.125:binbits=6:mapping=uniform:softdist=trilinear:feedback=0:prune=hamerly:seed=1:restarts=1:iter=20:miniter=0:polish_iter=0:feedback_slots=1:feedback_interval=1:sample_target=16384,palette-build,measured,8,8,0,0.0006889999999999995,'{img2sixel}' --threads=1 --precision=8bit --quality=full '--loaders=libpng!' --sampling-policy=adaptive-grid --binning-policy=hard --quantize-model=kmeans:inittype=none:threshold=0.125:binbits=6:mapping=uniform:softdist=trilinear:feedback=0:prune=hamerly:seed=1:restarts=1:iter=20:miniter=0:polish_iter=0:feedback_slots=1:feedback_interval=1:sample_target=16384 -Xoklab -Wgamma --diffusion=none --gpu-policy=off --lookup-policy=none -F none -a off -p 16 -J '{timeline}' -o '{devnull}' '{input}'
f2c138d8f6aa0a90c89d019f85eaf9bb3efa5edb,macOS-26.5.1-arm64-arm-64bit-Mach-O,images/snake.png,16,full-frame-hard,full-frame,hard,kmeans:inittype=none:threshold=0.125:binbits=6:mapping=uniform:softdist=trilinear:feedback=0:prune=hamerly:seed=1:restarts=1:iter=20:miniter=0:polish_iter=0:feedback_slots=1:feedback_interval=1:sample_target=16384,palette-build,measured,8,8,1,0.006703000000000001,'{img2sixel}' --threads=1 --precision=8bit --quality=full '--loaders=libpng!' --sampling-policy=full-frame --binning-policy=hard --quantize-model=kmeans:inittype=none:threshold=0.125:binbits=6:mapping=uniform:softdist=trilinear:feedback=0:prune=hamerly:seed=1:restarts=1:iter=20:miniter=0:polish_iter=0:feedback_slots=1:feedback_interval=1:sample_target=16384 -Xoklab -Wgamma --diffusion=none --gpu-policy=off --lookup-policy=none -F none -a off -p 16 -J '{timeline}' -o '{devnull}' '{input}'
f2c138d8f6aa0a90c89d019f85eaf9bb3efa5edb,macOS-26.5.1-arm64-arm-64bit-Mach-O,images/snake.png,16,full-frame-none,full-frame,none,kmeans:inittype=none:threshold=0.125:binbits=6:mapping=uniform:softdist=trilinear:feedback=0:prune=hamerly:seed=1:restarts=1:iter=20:miniter=0:polish_iter=0:feedback_slots=1:feedback_interval=1:sample_target=16384,palette-build,measured,8,8,2,0.067306,'{img2sixel}' --threads=1 --precision=8bit --quality=full '--loaders=libpng!' --sampling-policy=full-frame --binning-policy=none --quantize-model=kmeans:inittype=none:threshold=0.125:binbits=6:mapping=uniform:softdist=trilinear:feedback=0:prune=hamerly:seed=1:restarts=1:iter=20:miniter=0:polish_iter=0:feedback_slots=1:feedback_interval=1:sample_target=16384 -Xoklab -Wgamma --diffusion=none --gpu-policy=off --lookup-policy=none -F none -a off -p 16 -J '{timeline}' -o '{devnull}' '{input}'
f2c138d8f6aa0a90c89d019f85eaf9bb3efa5edb,macOS-26.5.1-arm64-arm-64bit-Mach-O,images/snake.png,16,full-frame-soft,full-frame,soft,kmeans:inittype=none:threshold=0.125:binbits=6:mapping=uniform:softdist=trilinear:feedback=0:prune=hamerly:seed=1:restarts=1:iter=20:miniter=0:polish_iter=0:feedback_slots=1:feedback_interval=1:sample_target=16384,palette-build,measured,8,8,3,0.015341999999999998,'{img2sixel}' --threads=1 --precision=8bit --quality=full '--loaders=libpng!' --sampling-policy=full-frame --binning-policy=soft --quantize-model=kmeans:inittype=none:threshold=0.125:binbits=6:mapping=uniform:softdist=trilinear:feedback=0:prune=hamerly:seed=1:restarts=1:iter=20:miniter=0:polish_iter=0:feedback_slots=1:feedback_interval=1:sample_target=16384 -Xoklab -Wgamma --diffusion=none --gpu-policy=off --lookup-policy=none -F none -a off -p 16 -J '{timeline}' -o '{devnull}' '{input}'
f2c138d8f6aa0a90c89d019f85eaf9bb3efa5edb,macOS-26.5.1-arm64-arm-64bit-Mach-O,images/snake.png,16,full-frame-exact,full-frame,exact,kmeans:inittype=none:threshold=0.125:binbits=6:mapping=uniform:softdist=trilinear:feedback=0:prune=hamerly:seed=1:restarts=1:iter=20:miniter=0:polish_iter=0:feedback_slots=1:feedback_interval=1:sample_target=16384,palette-build,measured,8,8,4,0.031482,'{img2sixel}' --threads=1 --precision=8bit --quality=full '--loaders=libpng!' --sampling-policy=full-frame --binning-policy=exact --quantize-model=kmeans:inittype=none:threshold=0.125:binbits=6:mapping=uniform:softdist=trilinear:feedback=0:prune=hamerly:seed=1:restarts=1:iter=20:miniter=0:polish_iter=0:feedback_slots=1:feedback_interval=1:sample_target=16384 -Xoklab -Wgamma --diffusion=none --gpu-policy=off --lookup-policy=none -F none -a off -p 16 -J '{timeline}' -o '{devnull}' '{input}'
f2c138d8f6aa0a90c89d019f85eaf9bb3efa5edb,macOS-26.5.1-arm64-arm-64bit-Mach-O,images/snake.png,16,full-frame-hard,full-frame,hard,kmeans:inittype=none:threshold=0.125:binbits=6:mapping=uniform:softdist=trilinear:feedback=0:prune=hamerly:seed=1:restarts=1:iter=20:miniter=0:polish_iter=0:feedback_slots=1:feedback_interval=1:sample_target=16384,palette-build,washout,9,9,-1,0.006709999999999999,'{img2sixel}' --threads=1 --precision=8bit --quality=full '--loaders=libpng!' --sampling-policy=full-frame --binning-policy=hard --quantize-model=kmeans:inittype=none:threshold=0.125:binbits=6:mapping=uniform:softdist=trilinear:feedback=0:prune=hamerly:seed=1:restarts=1:iter=20:miniter=0:polish_iter=0:feedback_slots=1:feedback_interval=1:sample_target=16384 -Xoklab -Wgamma --diffusion=none --gpu-policy=off --lookup-policy=none -F none -a off -p 16 -J '{timeline}' -o '{devnull}' '{input}'
f2c138d8f6aa0a90c89d019f85eaf9bb3efa5edb,macOS-26.5.1-arm64-arm-64bit-Mach-O,images/snake.png,16,full-frame-none,full-frame,none,kmeans:inittype=none:threshold=0.125:binbits=6:mapping=uniform:softdist=trilinear:feedback=0:prune=hamerly:seed=1:restarts=1:iter=20:miniter=0:polish_iter=0:feedback_slots=1:feedback_interval=1:sample_target=16384,palette-build,measured,9,9,0,0.066844,'{img2sixel}' --threads=1 --precision=8bit --quality=full '--loaders=libpng!' --sampling-policy=full-frame --binning-policy=none --quantize-model=kmeans:inittype=none:threshold=0.125:binbits=6:mapping=uniform:softdist=trilinear:feedback=0:prune=hamerly:seed=1:restarts=1:iter=20:miniter=0:polish_iter=0:feedback_slots=1:feedback_interval=1:sample_target=16384 -Xoklab -Wgamma --diffusion=none --gpu-policy=off --lookup-policy=none -F none -a off -p 16 -J '{timeline}' -o '{devnull}' '{input}'
f2c138d8f6aa0a90c89d019f85eaf9bb3efa5edb,macOS-26.5.1-arm64-arm-64bit-Mach-O,images/snake.png,16,adaptive-grid-hard,adaptive-grid,hard,kmeans:inittype=none:threshold=0.125:binbits=6:mapping=uniform:softdist=trilinear:feedback=0:prune=hamerly:seed=1:restarts=1:iter=20:miniter=0:polish_iter=0:feedback_slots=1:feedback_interval=1:sample_target=16384,palette-build,measured,9,9,1,0.0006809999999999993,'{img2sixel}' --threads=1 --precision=8bit --quality=full '--loaders=libpng!' --sampling-policy=adaptive-grid --binning-policy=hard --quantize-model=kmeans:inittype=none:threshold=0.125:binbits=6:mapping=uniform:softdist=trilinear:feedback=0:prune=hamerly:seed=1:restarts=1:iter=20:miniter=0:polish_iter=0:feedback_slots=1:feedback_interval=1:sample_target=16384 -Xoklab -Wgamma --diffusion=none --gpu-policy=off --lookup-policy=none -F none -a off -p 16 -J '{timeline}' -o '{devnull}' '{input}'
f2c138d8f6aa0a90c89d019f85eaf9bb3efa5edb,macOS-26.5.1-arm64-arm-64bit-Mach-O,images/snake.png,16,full-frame-exact,full-frame,exact,kmeans:inittype=none:threshold=0.125:binbits=6:mapping=uniform:softdist=trilinear:feedback=0:prune=hamerly:seed=1:restarts=1:iter=20:miniter=0:polish_iter=0:feedback_slots=1:feedback_interval=1:sample_target=16384,palette-build,measured,9,9,2,0.031554,'{img2sixel}' --threads=1 --precision=8bit --quality=full '--loaders=libpng!' --sampling-policy=full-frame --binning-policy=exact --quantize-model=kmeans:inittype=none:threshold=0.125:binbits=6:mapping=uniform:softdist=trilinear:feedback=0:prune=hamerly:seed=1:restarts=1:iter=20:miniter=0:polish_iter=0:feedback_slots=1:feedback_interval=1:sample_target=16384 -Xoklab -Wgamma --diffusion=none --gpu-policy=off --lookup-policy=none -F none -a off -p 16 -J '{timeline}' -o '{devnull}' '{input}'
f2c138d8f6aa0a90c89d019f85eaf9bb3efa5edb,macOS-26.5.1-arm64-arm-64bit-Mach-O,images/snake.png,16,full-frame-hard,full-frame,hard,kmeans:inittype=none:threshold=0.125:binbits=6:mapping=uniform:softdist=trilinear:feedback=0:prune=hamerly:seed=1:restarts=1:iter=20:miniter=0:polish_iter=0:feedback_slots=1:feedback_interval=1:sample_target=16384,palette-build,measured,9,9,3,0.006635000000000002,'{img2sixel}' --threads=1 --precision=8bit --quality=full '--loaders=libpng!' --sampling-policy=full-frame --binning-policy=hard --quantize-model=kmeans:inittype=none:threshold=0.125:binbits=6:mapping=uniform:softdist=trilinear:feedback=0:prune=hamerly:seed=1:restarts=1:iter=20:miniter=0:polish_iter=0:feedback_slots=1:feedback_interval=1:sample_target=16384 -Xoklab -Wgamma --diffusion=none --gpu-policy=off --lookup-policy=none -F none -a off -p 16 -J '{timeline}' -o '{devnull}' '{input}'
f2c138d8f6aa0a90c89d019f85eaf9bb3efa5edb,macOS-26.5.1-arm64-arm-64bit-Mach-O,images/snake.png,16,full-frame-soft,full-frame,soft,kmeans:inittype=none:threshold=0.125:binbits=6:mapping=uniform:softdist=trilinear:feedback=0:prune=hamerly:seed=1:restarts=1:iter=20:miniter=0:polish_iter=0:feedback_slots=1:feedback_interval=1:sample_target=16384,palette-build,measured,9,9,4,0.015244999999999998,'{img2sixel}' --threads=1 --precision=8bit --quality=full '--loaders=libpng!' --sampling-policy=full-frame --binning-policy=soft --quantize-model=kmeans:inittype=none:threshold=0.125:binbits=6:mapping=uniform:softdist=trilinear:feedback=0:prune=hamerly:seed=1:restarts=1:iter=20:miniter=0:polish_iter=0:feedback_slots=1:feedback_interval=1:sample_target=16384 -Xoklab -Wgamma --diffusion=none --gpu-policy=off --lookup-policy=none -F none -a off -p 16 -J '{timeline}' -o '{devnull}' '{input}'
f2c138d8f6aa0a90c89d019f85eaf9bb3efa5edb,macOS-26.5.1-arm64-arm-64bit-Mach-O,images/snake.png,16,full-frame-hard,full-frame,hard,kmeans:inittype=none:threshold=0.125:binbits=6:mapping=uniform:softdist=trilinear:feedback=0:prune=hamerly:seed=1:restarts=1:iter=20:miniter=0:polish_iter=0:feedback_slots=1:feedback_interval=1:sample_target=16384,palette-build,washout,10,0,-1,0.006713,'{img2sixel}' --threads=1 --precision=8bit --quality=full '--loaders=libpng!' --sampling-policy=full-frame --binning-policy=hard --quantize-model=kmeans:inittype=none:threshold=0.125:binbits=6:mapping=uniform:softdist=trilinear:feedback=0:prune=hamerly:seed=1:restarts=1:iter=20:miniter=0:polish_iter=0:feedback_slots=1:feedback_interval=1:sample_target=16384 -Xoklab -Wgamma --diffusion=none --gpu-policy=off --lookup-policy=none -F none -a off -p 16 -J '{timeline}' -o '{devnull}' '{input}'
f2c138d8f6aa0a90c89d019f85eaf9bb3efa5edb,macOS-26.5.1-arm64-arm-64bit-Mach-O,images/snake.png,16,full-frame-hard,full-frame,hard,kmeans:inittype=none:threshold=0.125:binbits=6:mapping=uniform:softdist=trilinear:feedback=0:prune=hamerly:seed=1:restarts=1:iter=20:miniter=0:polish_iter=0:feedback_slots=1:feedback_interval=1:sample_target=16384,palette-build,measured,10,0,0,0.0066619999999999995,'{img2sixel}' --threads=1 --precision=8bit --quality=full '--loaders=libpng!' --sampling-policy=full-frame --binning-policy=hard --quantize-model=kmeans:inittype=none:threshold=0.125:binbits=6:mapping=uniform:softdist=trilinear:feedback=0:prune=hamerly:seed=1:restarts=1:iter=20:miniter=0:polish_iter=0:feedback_slots=1:feedback_interval=1:sample_target=16384 -Xoklab -Wgamma --diffusion=none --gpu-policy=off --lookup-policy=none -F none -a off -p 16 -J '{timeline}' -o '{devnull}' '{input}'
f2c138d8f6aa0a90c89d019f85eaf9bb3efa5edb,macOS-26.5.1-arm64-arm-64bit-Mach-O,images/snake.png,16,adaptive-grid-hard,adaptive-grid,hard,kmeans:inittype=none:threshold=0.125:binbits=6:mapping=uniform:softdist=trilinear:feedback=0:prune=hamerly:seed=1:restarts=1:iter=20:miniter=0:polish_iter=0:feedback_slots=1:feedback_interval=1:sample_target=16384,palette-build,measured,10,0,1,0.0006809999999999993,'{img2sixel}' --threads=1 --precision=8bit --quality=full '--loaders=libpng!' --sampling-policy=adaptive-grid --binning-policy=hard --quantize-model=kmeans:inittype=none:threshold=0.125:binbits=6:mapping=uniform:softdist=trilinear:feedback=0:prune=hamerly:seed=1:restarts=1:iter=20:miniter=0:polish_iter=0:feedback_slots=1:feedback_interval=1:sample_target=16384 -Xoklab -Wgamma --diffusion=none --gpu-policy=off --lookup-policy=none -F none -a off -p 16 -J '{timeline}' -o '{devnull}' '{input}'
f2c138d8f6aa0a90c89d019f85eaf9bb3efa5edb,macOS-26.5.1-arm64-arm-64bit-Mach-O,images/snake.png,16,full-frame-soft,full-frame,soft,kmeans:inittype=none:threshold=0.125:binbits=6:mapping=uniform:softdist=trilinear:feedback=0:prune=hamerly:seed=1:restarts=1:iter=20:miniter=0:polish_iter=0:feedback_slots=1:feedback_interval=1:sample_target=16384,palette-build,measured,10,0,2,0.015196000000000001,'{img2sixel}' --threads=1 --precision=8bit --quality=full '--loaders=libpng!' --sampling-policy=full-frame --binning-policy=soft --quantize-model=kmeans:inittype=none:threshold=0.125:binbits=6:mapping=uniform:softdist=trilinear:feedback=0:prune=hamerly:seed=1:restarts=1:iter=20:miniter=0:polish_iter=0:feedback_slots=1:feedback_interval=1:sample_target=16384 -Xoklab -Wgamma --diffusion=none --gpu-policy=off --lookup-policy=none -F none -a off -p 16 -J '{timeline}' -o '{devnull}' '{input}'
f2c138d8f6aa0a90c89d019f85eaf9bb3efa5edb,macOS-26.5.1-arm64-arm-64bit-Mach-O,images/snake.png,16,full-frame-none,full-frame,none,kmeans:inittype=none:threshold=0.125:binbits=6:mapping=uniform:softdist=trilinear:feedback=0:prune=hamerly:seed=1:restarts=1:iter=20:miniter=0:polish_iter=0:feedback_slots=1:feedback_interval=1:sample_target=16384,palette-build,measured,10,0,3,0.066672,'{img2sixel}' --threads=1 --precision=8bit --quality=full '--loaders=libpng!' --sampling-policy=full-frame --binning-policy=none --quantize-model=kmeans:inittype=none:threshold=0.125:binbits=6:mapping=uniform:softdist=trilinear:feedback=0:prune=hamerly:seed=1:restarts=1:iter=20:miniter=0:polish_iter=0:feedback_slots=1:feedback_interval=1:sample_target=16384 -Xoklab -Wgamma --diffusion=none --gpu-policy=off --lookup-policy=none -F none -a off -p 16 -J '{timeline}' -o '{devnull}' '{input}'
f2c138d8f6aa0a90c89d019f85eaf9bb3efa5edb,macOS-26.5.1-arm64-arm-64bit-Mach-O,images/snake.png,16,full-frame-exact,full-frame,exact,kmeans:inittype=none:threshold=0.125:binbits=6:mapping=uniform:softdist=trilinear:feedback=0:prune=hamerly:seed=1:restarts=1:iter=20:miniter=0:polish_iter=0:feedback_slots=1:feedback_interval=1:sample_target=16384,palette-build,measured,10,0,4,0.031523999999999996,'{img2sixel}' --threads=1 --precision=8bit --quality=full '--loaders=libpng!' --sampling-policy=full-frame --binning-policy=exact --quantize-model=kmeans:inittype=none:threshold=0.125:binbits=6:mapping=uniform:softdist=trilinear:feedback=0:prune=hamerly:seed=1:restarts=1:iter=20:miniter=0:polish_iter=0:feedback_slots=1:feedback_interval=1:sample_target=16384 -Xoklab -Wgamma --diffusion=none --gpu-policy=off --lookup-policy=none -F none -a off -p 16 -J '{timeline}' -o '{devnull}' '{input}'
f2c138d8f6aa0a90c89d019f85eaf9bb3efa5edb,macOS-26.5.1-arm64-arm-64bit-Mach-O,images/snake.png,16,full-frame-hard,full-frame,hard,kmeans:inittype=none:threshold=0.125:binbits=6:mapping=uniform:softdist=trilinear:feedback=0:prune=hamerly:seed=1:restarts=1:iter=20:miniter=0:polish_iter=0:feedback_slots=1:feedback_interval=1:sample_target=16384,palette-build,washout,11,1,-1,0.006708,'{img2sixel}' --threads=1 --precision=8bit --quality=full '--loaders=libpng!' --sampling-policy=full-frame --binning-policy=hard --quantize-model=kmeans:inittype=none:threshold=0.125:binbits=6:mapping=uniform:softdist=trilinear:feedback=0:prune=hamerly:seed=1:restarts=1:iter=20:miniter=0:polish_iter=0:feedback_slots=1:feedback_interval=1:sample_target=16384 -Xoklab -Wgamma --diffusion=none --gpu-policy=off --lookup-policy=none -F none -a off -p 16 -J '{timeline}' -o '{devnull}' '{input}'
f2c138d8f6aa0a90c89d019f85eaf9bb3efa5edb,macOS-26.5.1-arm64-arm-64bit-Mach-O,images/snake.png,16,adaptive-grid-hard,adaptive-grid,hard,kmeans:inittype=none:threshold=0.125:binbits=6:mapping=uniform:softdist=trilinear:feedback=0:prune=hamerly:seed=1:restarts=1:iter=20:miniter=0:polish_iter=0:feedback_slots=1:feedback_interval=1:sample_target=16384,palette-build,measured,11,1,0,0.0006849999999999998,'{img2sixel}' --threads=1 --precision=8bit --quality=full '--loaders=libpng!' --sampling-policy=adaptive-grid --binning-policy=hard --quantize-model=kmeans:inittype=none:threshold=0.125:binbits=6:mapping=uniform:softdist=trilinear:feedback=0:prune=hamerly:seed=1:restarts=1:iter=20:miniter=0:polish_iter=0:feedback_slots=1:feedback_interval=1:sample_target=16384 -Xoklab -Wgamma --diffusion=none --gpu-policy=off --lookup-policy=none -F none -a off -p 16 -J '{timeline}' -o '{devnull}' '{input}'
f2c138d8f6aa0a90c89d019f85eaf9bb3efa5edb,macOS-26.5.1-arm64-arm-64bit-Mach-O,images/snake.png,16,full-frame-none,full-frame,none,kmeans:inittype=none:threshold=0.125:binbits=6:mapping=uniform:softdist=trilinear:feedback=0:prune=hamerly:seed=1:restarts=1:iter=20:miniter=0:polish_iter=0:feedback_slots=1:feedback_interval=1:sample_target=16384,palette-build,measured,11,1,1,0.066616,'{img2sixel}' --threads=1 --precision=8bit --quality=full '--loaders=libpng!' --sampling-policy=full-frame --binning-policy=none --quantize-model=kmeans:inittype=none:threshold=0.125:binbits=6:mapping=uniform:softdist=trilinear:feedback=0:prune=hamerly:seed=1:restarts=1:iter=20:miniter=0:polish_iter=0:feedback_slots=1:feedback_interval=1:sample_target=16384 -Xoklab -Wgamma --diffusion=none --gpu-policy=off --lookup-policy=none -F none -a off -p 16 -J '{timeline}' -o '{devnull}' '{input}'
f2c138d8f6aa0a90c89d019f85eaf9bb3efa5edb,macOS-26.5.1-arm64-arm-64bit-Mach-O,images/snake.png,16,full-frame-hard,full-frame,hard,kmeans:inittype=none:threshold=0.125:binbits=6:mapping=uniform:softdist=trilinear:feedback=0:prune=hamerly:seed=1:restarts=1:iter=20:miniter=0:polish_iter=0:feedback_slots=1:feedback_interval=1:sample_target=16384,palette-build,measured,11,1,2,0.006636000000000001,'{img2sixel}' --threads=1 --precision=8bit --quality=full '--loaders=libpng!' --sampling-policy=full-frame --binning-policy=hard --quantize-model=kmeans:inittype=none:threshold=0.125:binbits=6:mapping=uniform:softdist=trilinear:feedback=0:prune=hamerly:seed=1:restarts=1:iter=20:miniter=0:polish_iter=0:feedback_slots=1:feedback_interval=1:sample_target=16384 -Xoklab -Wgamma --diffusion=none --gpu-policy=off --lookup-policy=none -F none -a off -p 16 -J '{timeline}' -o '{devnull}' '{input}'
f2c138d8f6aa0a90c89d019f85eaf9bb3efa5edb,macOS-26.5.1-arm64-arm-64bit-Mach-O,images/snake.png,16,full-frame-exact,full-frame,exact,kmeans:inittype=none:threshold=0.125:binbits=6:mapping=uniform:softdist=trilinear:feedback=0:prune=hamerly:seed=1:restarts=1:iter=20:miniter=0:polish_iter=0:feedback_slots=1:feedback_interval=1:sample_target=16384,palette-build,measured,11,1,3,0.031492,'{img2sixel}' --threads=1 --precision=8bit --quality=full '--loaders=libpng!' --sampling-policy=full-frame --binning-policy=exact --quantize-model=kmeans:inittype=none:threshold=0.125:binbits=6:mapping=uniform:softdist=trilinear:feedback=0:prune=hamerly:seed=1:restarts=1:iter=20:miniter=0:polish_iter=0:feedback_slots=1:feedback_interval=1:sample_target=16384 -Xoklab -Wgamma --diffusion=none --gpu-policy=off --lookup-policy=none -F none -a off -p 16 -J '{timeline}' -o '{devnull}' '{input}'
f2c138d8f6aa0a90c89d019f85eaf9bb3efa5edb,macOS-26.5.1-arm64-arm-64bit-Mach-O,images/snake.png,16,full-frame-soft,full-frame,soft,kmeans:inittype=none:threshold=0.125:binbits=6:mapping=uniform:softdist=trilinear:feedback=0:prune=hamerly:seed=1:restarts=1:iter=20:miniter=0:polish_iter=0:feedback_slots=1:feedback_interval=1:sample_target=16384,palette-build,measured,11,1,4,0.015524999999999999,'{img2sixel}' --threads=1 --precision=8bit --quality=full '--loaders=libpng!' --sampling-policy=full-frame --binning-policy=soft --quantize-model=kmeans:inittype=none:threshold=0.125:binbits=6:mapping=uniform:softdist=trilinear:feedback=0:prune=hamerly:seed=1:restarts=1:iter=20:miniter=0:polish_iter=0:feedback_slots=1:feedback_interval=1:sample_target=16384 -Xoklab -Wgamma --diffusion=none --gpu-policy=off --lookup-policy=none -F none -a off -p 16 -J '{timeline}' -o '{devnull}' '{input}'
f2c138d8f6aa0a90c89d019f85eaf9bb3efa5edb,macOS-26.5.1-arm64-arm-64bit-Mach-O,images/snake.png,32,full-frame-hard,full-frame,hard,kmeans:inittype=none:threshold=0.125:binbits=6:mapping=uniform:softdist=trilinear:feedback=0:prune=hamerly:seed=1:restarts=1:iter=20:miniter=0:polish_iter=0:feedback_slots=1:feedback_interval=1:sample_target=16384,end-to-end,washout,0,0,-1,0.055992583045735955,'{img2sixel}' --threads=1 --precision=8bit --quality=full '--loaders=libpng!' --sampling-policy=full-frame --binning-policy=hard --quantize-model=kmeans:inittype=none:threshold=0.125:binbits=6:mapping=uniform:softdist=trilinear:feedback=0:prune=hamerly:seed=1:restarts=1:iter=20:miniter=0:polish_iter=0:feedback_slots=1:feedback_interval=1:sample_target=16384 -Xoklab -Wgamma --diffusion=none --gpu-policy=off --lookup-policy=none -F none -a off -p 32 -o '{devnull}' '{input}'
f2c138d8f6aa0a90c89d019f85eaf9bb3efa5edb,macOS-26.5.1-arm64-arm-64bit-Mach-O,images/snake.png,32,full-frame-hard,full-frame,hard,kmeans:inittype=none:threshold=0.125:binbits=6:mapping=uniform:softdist=trilinear:feedback=0:prune=hamerly:seed=1:restarts=1:iter=20:miniter=0:polish_iter=0:feedback_slots=1:feedback_interval=1:sample_target=16384,end-to-end,warmup,0,0,0,0.05436187516897917,'{img2sixel}' --threads=1 --precision=8bit --quality=full '--loaders=libpng!' --sampling-policy=full-frame --binning-policy=hard --quantize-model=kmeans:inittype=none:threshold=0.125:binbits=6:mapping=uniform:softdist=trilinear:feedback=0:prune=hamerly:seed=1:restarts=1:iter=20:miniter=0:polish_iter=0:feedback_slots=1:feedback_interval=1:sample_target=16384 -Xoklab -Wgamma --diffusion=none --gpu-policy=off --lookup-policy=none -F none -a off -p 32 -o '{devnull}' '{input}'
f2c138d8f6aa0a90c89d019f85eaf9bb3efa5edb,macOS-26.5.1-arm64-arm-64bit-Mach-O,images/snake.png,32,adaptive-grid-hard,adaptive-grid,hard,kmeans:inittype=none:threshold=0.125:binbits=6:mapping=uniform:softdist=trilinear:feedback=0:prune=hamerly:seed=1:restarts=1:iter=20:miniter=0:polish_iter=0:feedback_slots=1:feedback_interval=1:sample_target=16384,end-to-end,warmup,0,0,1,0.0390776249114424,'{img2sixel}' --threads=1 --precision=8bit --quality=full '--loaders=libpng!' --sampling-policy=adaptive-grid --binning-policy=hard --quantize-model=kmeans:inittype=none:threshold=0.125:binbits=6:mapping=uniform:softdist=trilinear:feedback=0:prune=hamerly:seed=1:restarts=1:iter=20:miniter=0:polish_iter=0:feedback_slots=1:feedback_interval=1:sample_target=16384 -Xoklab -Wgamma --diffusion=none --gpu-policy=off --lookup-policy=none -F none -a off -p 32 -o '{devnull}' '{input}'
f2c138d8f6aa0a90c89d019f85eaf9bb3efa5edb,macOS-26.5.1-arm64-arm-64bit-Mach-O,images/snake.png,32,full-frame-soft,full-frame,soft,kmeans:inittype=none:threshold=0.125:binbits=6:mapping=uniform:softdist=trilinear:feedback=0:prune=hamerly:seed=1:restarts=1:iter=20:miniter=0:polish_iter=0:feedback_slots=1:feedback_interval=1:sample_target=16384,end-to-end,warmup,0,0,2,0.06229704199358821,'{img2sixel}' --threads=1 --precision=8bit --quality=full '--loaders=libpng!' --sampling-policy=full-frame --binning-policy=soft --quantize-model=kmeans:inittype=none:threshold=0.125:binbits=6:mapping=uniform:softdist=trilinear:feedback=0:prune=hamerly:seed=1:restarts=1:iter=20:miniter=0:polish_iter=0:feedback_slots=1:feedback_interval=1:sample_target=16384 -Xoklab -Wgamma --diffusion=none --gpu-policy=off --lookup-policy=none -F none -a off -p 32 -o '{devnull}' '{input}'
f2c138d8f6aa0a90c89d019f85eaf9bb3efa5edb,macOS-26.5.1-arm64-arm-64bit-Mach-O,images/snake.png,32,full-frame-none,full-frame,none,kmeans:inittype=none:threshold=0.125:binbits=6:mapping=uniform:softdist=trilinear:feedback=0:prune=hamerly:seed=1:restarts=1:iter=20:miniter=0:polish_iter=0:feedback_slots=1:feedback_interval=1:sample_target=16384,end-to-end,warmup,0,0,3,0.14655345887877047,'{img2sixel}' --threads=1 --precision=8bit --quality=full '--loaders=libpng!' --sampling-policy=full-frame --binning-policy=none --quantize-model=kmeans:inittype=none:threshold=0.125:binbits=6:mapping=uniform:softdist=trilinear:feedback=0:prune=hamerly:seed=1:restarts=1:iter=20:miniter=0:polish_iter=0:feedback_slots=1:feedback_interval=1:sample_target=16384 -Xoklab -Wgamma --diffusion=none --gpu-policy=off --lookup-policy=none -F none -a off -p 32 -o '{devnull}' '{input}'
f2c138d8f6aa0a90c89d019f85eaf9bb3efa5edb,macOS-26.5.1-arm64-arm-64bit-Mach-O,images/snake.png,32,full-frame-exact,full-frame,exact,kmeans:inittype=none:threshold=0.125:binbits=6:mapping=uniform:softdist=trilinear:feedback=0:prune=hamerly:seed=1:restarts=1:iter=20:miniter=0:polish_iter=0:feedback_slots=1:feedback_interval=1:sample_target=16384,end-to-end,warmup,0,0,4,0.09844045783393085,'{img2sixel}' --threads=1 --precision=8bit --quality=full '--loaders=libpng!' --sampling-policy=full-frame --binning-policy=exact --quantize-model=kmeans:inittype=none:threshold=0.125:binbits=6:mapping=uniform:softdist=trilinear:feedback=0:prune=hamerly:seed=1:restarts=1:iter=20:miniter=0:polish_iter=0:feedback_slots=1:feedback_interval=1:sample_target=16384 -Xoklab -Wgamma --diffusion=none --gpu-policy=off --lookup-policy=none -F none -a off -p 32 -o '{devnull}' '{input}'
f2c138d8f6aa0a90c89d019f85eaf9bb3efa5edb,macOS-26.5.1-arm64-arm-64bit-Mach-O,images/snake.png,32,full-frame-hard,full-frame,hard,kmeans:inittype=none:threshold=0.125:binbits=6:mapping=uniform:softdist=trilinear:feedback=0:prune=hamerly:seed=1:restarts=1:iter=20:miniter=0:polish_iter=0:feedback_slots=1:feedback_interval=1:sample_target=16384,end-to-end,washout,1,1,-1,0.054641082882881165,'{img2sixel}' --threads=1 --precision=8bit --quality=full '--loaders=libpng!' --sampling-policy=full-frame --binning-policy=hard --quantize-model=kmeans:inittype=none:threshold=0.125:binbits=6:mapping=uniform:softdist=trilinear:feedback=0:prune=hamerly:seed=1:restarts=1:iter=20:miniter=0:polish_iter=0:feedback_slots=1:feedback_interval=1:sample_target=16384 -Xoklab -Wgamma --diffusion=none --gpu-policy=off --lookup-policy=none -F none -a off -p 32 -o '{devnull}' '{input}'
f2c138d8f6aa0a90c89d019f85eaf9bb3efa5edb,macOS-26.5.1-arm64-arm-64bit-Mach-O,images/snake.png,32,adaptive-grid-hard,adaptive-grid,hard,kmeans:inittype=none:threshold=0.125:binbits=6:mapping=uniform:softdist=trilinear:feedback=0:prune=hamerly:seed=1:restarts=1:iter=20:miniter=0:polish_iter=0:feedback_slots=1:feedback_interval=1:sample_target=16384,end-to-end,warmup,1,1,0,0.03877179208211601,'{img2sixel}' --threads=1 --precision=8bit --quality=full '--loaders=libpng!' --sampling-policy=adaptive-grid --binning-policy=hard --quantize-model=kmeans:inittype=none:threshold=0.125:binbits=6:mapping=uniform:softdist=trilinear:feedback=0:prune=hamerly:seed=1:restarts=1:iter=20:miniter=0:polish_iter=0:feedback_slots=1:feedback_interval=1:sample_target=16384 -Xoklab -Wgamma --diffusion=none --gpu-policy=off --lookup-policy=none -F none -a off -p 32 -o '{devnull}' '{input}'
f2c138d8f6aa0a90c89d019f85eaf9bb3efa5edb,macOS-26.5.1-arm64-arm-64bit-Mach-O,images/snake.png,32,full-frame-none,full-frame,none,kmeans:inittype=none:threshold=0.125:binbits=6:mapping=uniform:softdist=trilinear:feedback=0:prune=hamerly:seed=1:restarts=1:iter=20:miniter=0:polish_iter=0:feedback_slots=1:feedback_interval=1:sample_target=16384,end-to-end,warmup,1,1,1,0.14584333286620677,'{img2sixel}' --threads=1 --precision=8bit --quality=full '--loaders=libpng!' --sampling-policy=full-frame --binning-policy=none --quantize-model=kmeans:inittype=none:threshold=0.125:binbits=6:mapping=uniform:softdist=trilinear:feedback=0:prune=hamerly:seed=1:restarts=1:iter=20:miniter=0:polish_iter=0:feedback_slots=1:feedback_interval=1:sample_target=16384 -Xoklab -Wgamma --diffusion=none --gpu-policy=off --lookup-policy=none -F none -a off -p 32 -o '{devnull}' '{input}'
f2c138d8f6aa0a90c89d019f85eaf9bb3efa5edb,macOS-26.5.1-arm64-arm-64bit-Mach-O,images/snake.png,32,full-frame-hard,full-frame,hard,kmeans:inittype=none:threshold=0.125:binbits=6:mapping=uniform:softdist=trilinear:feedback=0:prune=hamerly:seed=1:restarts=1:iter=20:miniter=0:polish_iter=0:feedback_slots=1:feedback_interval=1:sample_target=16384,end-to-end,warmup,1,1,2,0.054288415936753154,'{img2sixel}' --threads=1 --precision=8bit --quality=full '--loaders=libpng!' --sampling-policy=full-frame --binning-policy=hard --quantize-model=kmeans:inittype=none:threshold=0.125:binbits=6:mapping=uniform:softdist=trilinear:feedback=0:prune=hamerly:seed=1:restarts=1:iter=20:miniter=0:polish_iter=0:feedback_slots=1:feedback_interval=1:sample_target=16384 -Xoklab -Wgamma --diffusion=none --gpu-policy=off --lookup-policy=none -F none -a off -p 32 -o '{devnull}' '{input}'
f2c138d8f6aa0a90c89d019f85eaf9bb3efa5edb,macOS-26.5.1-arm64-arm-64bit-Mach-O,images/snake.png,32,full-frame-exact,full-frame,exact,kmeans:inittype=none:threshold=0.125:binbits=6:mapping=uniform:softdist=trilinear:feedback=0:prune=hamerly:seed=1:restarts=1:iter=20:miniter=0:polish_iter=0:feedback_slots=1:feedback_interval=1:sample_target=16384,end-to-end,warmup,1,1,3,0.09867562493309379,'{img2sixel}' --threads=1 --precision=8bit --quality=full '--loaders=libpng!' --sampling-policy=full-frame --binning-policy=exact --quantize-model=kmeans:inittype=none:threshold=0.125:binbits=6:mapping=uniform:softdist=trilinear:feedback=0:prune=hamerly:seed=1:restarts=1:iter=20:miniter=0:polish_iter=0:feedback_slots=1:feedback_interval=1:sample_target=16384 -Xoklab -Wgamma --diffusion=none --gpu-policy=off --lookup-policy=none -F none -a off -p 32 -o '{devnull}' '{input}'
f2c138d8f6aa0a90c89d019f85eaf9bb3efa5edb,macOS-26.5.1-arm64-arm-64bit-Mach-O,images/snake.png,32,full-frame-soft,full-frame,soft,kmeans:inittype=none:threshold=0.125:binbits=6:mapping=uniform:softdist=trilinear:feedback=0:prune=hamerly:seed=1:restarts=1:iter=20:miniter=0:polish_iter=0:feedback_slots=1:feedback_interval=1:sample_target=16384,end-to-end,warmup,1,1,4,0.06599987507797778,'{img2sixel}' --threads=1 --precision=8bit --quality=full '--loaders=libpng!' --sampling-policy=full-frame --binning-policy=soft --quantize-model=kmeans:inittype=none:threshold=0.125:binbits=6:mapping=uniform:softdist=trilinear:feedback=0:prune=hamerly:seed=1:restarts=1:iter=20:miniter=0:polish_iter=0:feedback_slots=1:feedback_interval=1:sample_target=16384 -Xoklab -Wgamma --diffusion=none --gpu-policy=off --lookup-policy=none -F none -a off -p 32 -o '{devnull}' '{input}'
f2c138d8f6aa0a90c89d019f85eaf9bb3efa5edb,macOS-26.5.1-arm64-arm-64bit-Mach-O,images/snake.png,32,full-frame-hard,full-frame,hard,kmeans:inittype=none:threshold=0.125:binbits=6:mapping=uniform:softdist=trilinear:feedback=0:prune=hamerly:seed=1:restarts=1:iter=20:miniter=0:polish_iter=0:feedback_slots=1:feedback_interval=1:sample_target=16384,end-to-end,washout,2,2,-1,0.057797790970653296,'{img2sixel}' --threads=1 --precision=8bit --quality=full '--loaders=libpng!' --sampling-policy=full-frame --binning-policy=hard --quantize-model=kmeans:inittype=none:threshold=0.125:binbits=6:mapping=uniform:softdist=trilinear:feedback=0:prune=hamerly:seed=1:restarts=1:iter=20:miniter=0:polish_iter=0:feedback_slots=1:feedback_interval=1:sample_target=16384 -Xoklab -Wgamma --diffusion=none --gpu-policy=off --lookup-policy=none -F none -a off -p 32 -o '{devnull}' '{input}'
f2c138d8f6aa0a90c89d019f85eaf9bb3efa5edb,macOS-26.5.1-arm64-arm-64bit-Mach-O,images/snake.png,32,full-frame-none,full-frame,none,kmeans:inittype=none:threshold=0.125:binbits=6:mapping=uniform:softdist=trilinear:feedback=0:prune=hamerly:seed=1:restarts=1:iter=20:miniter=0:polish_iter=0:feedback_slots=1:feedback_interval=1:sample_target=16384,end-to-end,measured,2,2,0,0.14776066690683365,'{img2sixel}' --threads=1 --precision=8bit --quality=full '--loaders=libpng!' --sampling-policy=full-frame --binning-policy=none --quantize-model=kmeans:inittype=none:threshold=0.125:binbits=6:mapping=uniform:softdist=trilinear:feedback=0:prune=hamerly:seed=1:restarts=1:iter=20:miniter=0:polish_iter=0:feedback_slots=1:feedback_interval=1:sample_target=16384 -Xoklab -Wgamma --diffusion=none --gpu-policy=off --lookup-policy=none -F none -a off -p 32 -o '{devnull}' '{input}'
f2c138d8f6aa0a90c89d019f85eaf9bb3efa5edb,macOS-26.5.1-arm64-arm-64bit-Mach-O,images/snake.png,32,full-frame-exact,full-frame,exact,kmeans:inittype=none:threshold=0.125:binbits=6:mapping=uniform:softdist=trilinear:feedback=0:prune=hamerly:seed=1:restarts=1:iter=20:miniter=0:polish_iter=0:feedback_slots=1:feedback_interval=1:sample_target=16384,end-to-end,measured,2,2,1,0.09843108290806413,'{img2sixel}' --threads=1 --precision=8bit --quality=full '--loaders=libpng!' --sampling-policy=full-frame --binning-policy=exact --quantize-model=kmeans:inittype=none:threshold=0.125:binbits=6:mapping=uniform:softdist=trilinear:feedback=0:prune=hamerly:seed=1:restarts=1:iter=20:miniter=0:polish_iter=0:feedback_slots=1:feedback_interval=1:sample_target=16384 -Xoklab -Wgamma --diffusion=none --gpu-policy=off --lookup-policy=none -F none -a off -p 32 -o '{devnull}' '{input}'
f2c138d8f6aa0a90c89d019f85eaf9bb3efa5edb,macOS-26.5.1-arm64-arm-64bit-Mach-O,images/snake.png,32,adaptive-grid-hard,adaptive-grid,hard,kmeans:inittype=none:threshold=0.125:binbits=6:mapping=uniform:softdist=trilinear:feedback=0:prune=hamerly:seed=1:restarts=1:iter=20:miniter=0:polish_iter=0:feedback_slots=1:feedback_interval=1:sample_target=16384,end-to-end,measured,2,2,2,0.039729875046759844,'{img2sixel}' --threads=1 --precision=8bit --quality=full '--loaders=libpng!' --sampling-policy=adaptive-grid --binning-policy=hard --quantize-model=kmeans:inittype=none:threshold=0.125:binbits=6:mapping=uniform:softdist=trilinear:feedback=0:prune=hamerly:seed=1:restarts=1:iter=20:miniter=0:polish_iter=0:feedback_slots=1:feedback_interval=1:sample_target=16384 -Xoklab -Wgamma --diffusion=none --gpu-policy=off --lookup-policy=none -F none -a off -p 32 -o '{devnull}' '{input}'
f2c138d8f6aa0a90c89d019f85eaf9bb3efa5edb,macOS-26.5.1-arm64-arm-64bit-Mach-O,images/snake.png,32,full-frame-soft,full-frame,soft,kmeans:inittype=none:threshold=0.125:binbits=6:mapping=uniform:softdist=trilinear:feedback=0:prune=hamerly:seed=1:restarts=1:iter=20:miniter=0:polish_iter=0:feedback_slots=1:feedback_interval=1:sample_target=16384,end-to-end,measured,2,2,3,0.06270150002092123,'{img2sixel}' --threads=1 --precision=8bit --quality=full '--loaders=libpng!' --sampling-policy=full-frame --binning-policy=soft --quantize-model=kmeans:inittype=none:threshold=0.125:binbits=6:mapping=uniform:softdist=trilinear:feedback=0:prune=hamerly:seed=1:restarts=1:iter=20:miniter=0:polish_iter=0:feedback_slots=1:feedback_interval=1:sample_target=16384 -Xoklab -Wgamma --diffusion=none --gpu-policy=off --lookup-policy=none -F none -a off -p 32 -o '{devnull}' '{input}'
f2c138d8f6aa0a90c89d019f85eaf9bb3efa5edb,macOS-26.5.1-arm64-arm-64bit-Mach-O,images/snake.png,32,full-frame-hard,full-frame,hard,kmeans:inittype=none:threshold=0.125:binbits=6:mapping=uniform:softdist=trilinear:feedback=0:prune=hamerly:seed=1:restarts=1:iter=20:miniter=0:polish_iter=0:feedback_slots=1:feedback_interval=1:sample_target=16384,end-to-end,measured,2,2,4,0.0544747500680387,'{img2sixel}' --threads=1 --precision=8bit --quality=full '--loaders=libpng!' --sampling-policy=full-frame --binning-policy=hard --quantize-model=kmeans:inittype=none:threshold=0.125:binbits=6:mapping=uniform:softdist=trilinear:feedback=0:prune=hamerly:seed=1:restarts=1:iter=20:miniter=0:polish_iter=0:feedback_slots=1:feedback_interval=1:sample_target=16384 -Xoklab -Wgamma --diffusion=none --gpu-policy=off --lookup-policy=none -F none -a off -p 32 -o '{devnull}' '{input}'
f2c138d8f6aa0a90c89d019f85eaf9bb3efa5edb,macOS-26.5.1-arm64-arm-64bit-Mach-O,images/snake.png,32,full-frame-hard,full-frame,hard,kmeans:inittype=none:threshold=0.125:binbits=6:mapping=uniform:softdist=trilinear:feedback=0:prune=hamerly:seed=1:restarts=1:iter=20:miniter=0:polish_iter=0:feedback_slots=1:feedback_interval=1:sample_target=16384,end-to-end,washout,3,3,-1,0.054123290814459324,'{img2sixel}' --threads=1 --precision=8bit --quality=full '--loaders=libpng!' --sampling-policy=full-frame --binning-policy=hard --quantize-model=kmeans:inittype=none:threshold=0.125:binbits=6:mapping=uniform:softdist=trilinear:feedback=0:prune=hamerly:seed=1:restarts=1:iter=20:miniter=0:polish_iter=0:feedback_slots=1:feedback_interval=1:sample_target=16384 -Xoklab -Wgamma --diffusion=none --gpu-policy=off --lookup-policy=none -F none -a off -p 32 -o '{devnull}' '{input}'
f2c138d8f6aa0a90c89d019f85eaf9bb3efa5edb,macOS-26.5.1-arm64-arm-64bit-Mach-O,images/snake.png,32,full-frame-exact,full-frame,exact,kmeans:inittype=none:threshold=0.125:binbits=6:mapping=uniform:softdist=trilinear:feedback=0:prune=hamerly:seed=1:restarts=1:iter=20:miniter=0:polish_iter=0:feedback_slots=1:feedback_interval=1:sample_target=16384,end-to-end,measured,3,3,0,0.09809858282096684,'{img2sixel}' --threads=1 --precision=8bit --quality=full '--loaders=libpng!' --sampling-policy=full-frame --binning-policy=exact --quantize-model=kmeans:inittype=none:threshold=0.125:binbits=6:mapping=uniform:softdist=trilinear:feedback=0:prune=hamerly:seed=1:restarts=1:iter=20:miniter=0:polish_iter=0:feedback_slots=1:feedback_interval=1:sample_target=16384 -Xoklab -Wgamma --diffusion=none --gpu-policy=off --lookup-policy=none -F none -a off -p 32 -o '{devnull}' '{input}'
f2c138d8f6aa0a90c89d019f85eaf9bb3efa5edb,macOS-26.5.1-arm64-arm-64bit-Mach-O,images/snake.png,32,full-frame-soft,full-frame,soft,kmeans:inittype=none:threshold=0.125:binbits=6:mapping=uniform:softdist=trilinear:feedback=0:prune=hamerly:seed=1:restarts=1:iter=20:miniter=0:polish_iter=0:feedback_slots=1:feedback_interval=1:sample_target=16384,end-to-end,measured,3,3,1,0.06405270891264081,'{img2sixel}' --threads=1 --precision=8bit --quality=full '--loaders=libpng!' --sampling-policy=full-frame --binning-policy=soft --quantize-model=kmeans:inittype=none:threshold=0.125:binbits=6:mapping=uniform:softdist=trilinear:feedback=0:prune=hamerly:seed=1:restarts=1:iter=20:miniter=0:polish_iter=0:feedback_slots=1:feedback_interval=1:sample_target=16384 -Xoklab -Wgamma --diffusion=none --gpu-policy=off --lookup-policy=none -F none -a off -p 32 -o '{devnull}' '{input}'
f2c138d8f6aa0a90c89d019f85eaf9bb3efa5edb,macOS-26.5.1-arm64-arm-64bit-Mach-O,images/snake.png,32,full-frame-none,full-frame,none,kmeans:inittype=none:threshold=0.125:binbits=6:mapping=uniform:softdist=trilinear:feedback=0:prune=hamerly:seed=1:restarts=1:iter=20:miniter=0:polish_iter=0:feedback_slots=1:feedback_interval=1:sample_target=16384,end-to-end,measured,3,3,2,0.14720504195429385,'{img2sixel}' --threads=1 --precision=8bit --quality=full '--loaders=libpng!' --sampling-policy=full-frame --binning-policy=none --quantize-model=kmeans:inittype=none:threshold=0.125:binbits=6:mapping=uniform:softdist=trilinear:feedback=0:prune=hamerly:seed=1:restarts=1:iter=20:miniter=0:polish_iter=0:feedback_slots=1:feedback_interval=1:sample_target=16384 -Xoklab -Wgamma --diffusion=none --gpu-policy=off --lookup-policy=none -F none -a off -p 32 -o '{devnull}' '{input}'
f2c138d8f6aa0a90c89d019f85eaf9bb3efa5edb,macOS-26.5.1-arm64-arm-64bit-Mach-O,images/snake.png,32,full-frame-hard,full-frame,hard,kmeans:inittype=none:threshold=0.125:binbits=6:mapping=uniform:softdist=trilinear:feedback=0:prune=hamerly:seed=1:restarts=1:iter=20:miniter=0:polish_iter=0:feedback_slots=1:feedback_interval=1:sample_target=16384,end-to-end,measured,3,3,3,0.05550849996507168,'{img2sixel}' --threads=1 --precision=8bit --quality=full '--loaders=libpng!' --sampling-policy=full-frame --binning-policy=hard --quantize-model=kmeans:inittype=none:threshold=0.125:binbits=6:mapping=uniform:softdist=trilinear:feedback=0:prune=hamerly:seed=1:restarts=1:iter=20:miniter=0:polish_iter=0:feedback_slots=1:feedback_interval=1:sample_target=16384 -Xoklab -Wgamma --diffusion=none --gpu-policy=off --lookup-policy=none -F none -a off -p 32 -o '{devnull}' '{input}'
f2c138d8f6aa0a90c89d019f85eaf9bb3efa5edb,macOS-26.5.1-arm64-arm-64bit-Mach-O,images/snake.png,32,adaptive-grid-hard,adaptive-grid,hard,kmeans:inittype=none:threshold=0.125:binbits=6:mapping=uniform:softdist=trilinear:feedback=0:prune=hamerly:seed=1:restarts=1:iter=20:miniter=0:polish_iter=0:feedback_slots=1:feedback_interval=1:sample_target=16384,end-to-end,measured,3,3,4,0.038414458045735955,'{img2sixel}' --threads=1 --precision=8bit --quality=full '--loaders=libpng!' --sampling-policy=adaptive-grid --binning-policy=hard --quantize-model=kmeans:inittype=none:threshold=0.125:binbits=6:mapping=uniform:softdist=trilinear:feedback=0:prune=hamerly:seed=1:restarts=1:iter=20:miniter=0:polish_iter=0:feedback_slots=1:feedback_interval=1:sample_target=16384 -Xoklab -Wgamma --diffusion=none --gpu-policy=off --lookup-policy=none -F none -a off -p 32 -o '{devnull}' '{input}'
f2c138d8f6aa0a90c89d019f85eaf9bb3efa5edb,macOS-26.5.1-arm64-arm-64bit-Mach-O,images/snake.png,32,full-frame-hard,full-frame,hard,kmeans:inittype=none:threshold=0.125:binbits=6:mapping=uniform:softdist=trilinear:feedback=0:prune=hamerly:seed=1:restarts=1:iter=20:miniter=0:polish_iter=0:feedback_slots=1:feedback_interval=1:sample_target=16384,end-to-end,washout,4,4,-1,0.054435000056400895,'{img2sixel}' --threads=1 --precision=8bit --quality=full '--loaders=libpng!' --sampling-policy=full-frame --binning-policy=hard --quantize-model=kmeans:inittype=none:threshold=0.125:binbits=6:mapping=uniform:softdist=trilinear:feedback=0:prune=hamerly:seed=1:restarts=1:iter=20:miniter=0:polish_iter=0:feedback_slots=1:feedback_interval=1:sample_target=16384 -Xoklab -Wgamma --diffusion=none --gpu-policy=off --lookup-policy=none -F none -a off -p 32 -o '{devnull}' '{input}'
f2c138d8f6aa0a90c89d019f85eaf9bb3efa5edb,macOS-26.5.1-arm64-arm-64bit-Mach-O,images/snake.png,32,full-frame-soft,full-frame,soft,kmeans:inittype=none:threshold=0.125:binbits=6:mapping=uniform:softdist=trilinear:feedback=0:prune=hamerly:seed=1:restarts=1:iter=20:miniter=0:polish_iter=0:feedback_slots=1:feedback_interval=1:sample_target=16384,end-to-end,measured,4,4,0,0.07250462495721877,'{img2sixel}' --threads=1 --precision=8bit --quality=full '--loaders=libpng!' --sampling-policy=full-frame --binning-policy=soft --quantize-model=kmeans:inittype=none:threshold=0.125:binbits=6:mapping=uniform:softdist=trilinear:feedback=0:prune=hamerly:seed=1:restarts=1:iter=20:miniter=0:polish_iter=0:feedback_slots=1:feedback_interval=1:sample_target=16384 -Xoklab -Wgamma --diffusion=none --gpu-policy=off --lookup-policy=none -F none -a off -p 32 -o '{devnull}' '{input}'
f2c138d8f6aa0a90c89d019f85eaf9bb3efa5edb,macOS-26.5.1-arm64-arm-64bit-Mach-O,images/snake.png,32,full-frame-hard,full-frame,hard,kmeans:inittype=none:threshold=0.125:binbits=6:mapping=uniform:softdist=trilinear:feedback=0:prune=hamerly:seed=1:restarts=1:iter=20:miniter=0:polish_iter=0:feedback_slots=1:feedback_interval=1:sample_target=16384,end-to-end,measured,4,4,1,0.05519908294081688,'{img2sixel}' --threads=1 --precision=8bit --quality=full '--loaders=libpng!' --sampling-policy=full-frame --binning-policy=hard --quantize-model=kmeans:inittype=none:threshold=0.125:binbits=6:mapping=uniform:softdist=trilinear:feedback=0:prune=hamerly:seed=1:restarts=1:iter=20:miniter=0:polish_iter=0:feedback_slots=1:feedback_interval=1:sample_target=16384 -Xoklab -Wgamma --diffusion=none --gpu-policy=off --lookup-policy=none -F none -a off -p 32 -o '{devnull}' '{input}'
f2c138d8f6aa0a90c89d019f85eaf9bb3efa5edb,macOS-26.5.1-arm64-arm-64bit-Mach-O,images/snake.png,32,full-frame-exact,full-frame,exact,kmeans:inittype=none:threshold=0.125:binbits=6:mapping=uniform:softdist=trilinear:feedback=0:prune=hamerly:seed=1:restarts=1:iter=20:miniter=0:polish_iter=0:feedback_slots=1:feedback_interval=1:sample_target=16384,end-to-end,measured,4,4,2,0.0983562080655247,'{img2sixel}' --threads=1 --precision=8bit --quality=full '--loaders=libpng!' --sampling-policy=full-frame --binning-policy=exact --quantize-model=kmeans:inittype=none:threshold=0.125:binbits=6:mapping=uniform:softdist=trilinear:feedback=0:prune=hamerly:seed=1:restarts=1:iter=20:miniter=0:polish_iter=0:feedback_slots=1:feedback_interval=1:sample_target=16384 -Xoklab -Wgamma --diffusion=none --gpu-policy=off --lookup-policy=none -F none -a off -p 32 -o '{devnull}' '{input}'
f2c138d8f6aa0a90c89d019f85eaf9bb3efa5edb,macOS-26.5.1-arm64-arm-64bit-Mach-O,images/snake.png,32,adaptive-grid-hard,adaptive-grid,hard,kmeans:inittype=none:threshold=0.125:binbits=6:mapping=uniform:softdist=trilinear:feedback=0:prune=hamerly:seed=1:restarts=1:iter=20:miniter=0:polish_iter=0:feedback_slots=1:feedback_interval=1:sample_target=16384,end-to-end,measured,4,4,3,0.039504583925008774,'{img2sixel}' --threads=1 --precision=8bit --quality=full '--loaders=libpng!' --sampling-policy=adaptive-grid --binning-policy=hard --quantize-model=kmeans:inittype=none:threshold=0.125:binbits=6:mapping=uniform:softdist=trilinear:feedback=0:prune=hamerly:seed=1:restarts=1:iter=20:miniter=0:polish_iter=0:feedback_slots=1:feedback_interval=1:sample_target=16384 -Xoklab -Wgamma --diffusion=none --gpu-policy=off --lookup-policy=none -F none -a off -p 32 -o '{devnull}' '{input}'
f2c138d8f6aa0a90c89d019f85eaf9bb3efa5edb,macOS-26.5.1-arm64-arm-64bit-Mach-O,images/snake.png,32,full-frame-none,full-frame,none,kmeans:inittype=none:threshold=0.125:binbits=6:mapping=uniform:softdist=trilinear:feedback=0:prune=hamerly:seed=1:restarts=1:iter=20:miniter=0:polish_iter=0:feedback_slots=1:feedback_interval=1:sample_target=16384,end-to-end,measured,4,4,4,0.14729616697877645,'{img2sixel}' --threads=1 --precision=8bit --quality=full '--loaders=libpng!' --sampling-policy=full-frame --binning-policy=none --quantize-model=kmeans:inittype=none:threshold=0.125:binbits=6:mapping=uniform:softdist=trilinear:feedback=0:prune=hamerly:seed=1:restarts=1:iter=20:miniter=0:polish_iter=0:feedback_slots=1:feedback_interval=1:sample_target=16384 -Xoklab -Wgamma --diffusion=none --gpu-policy=off --lookup-policy=none -F none -a off -p 32 -o '{devnull}' '{input}'
f2c138d8f6aa0a90c89d019f85eaf9bb3efa5edb,macOS-26.5.1-arm64-arm-64bit-Mach-O,images/snake.png,32,full-frame-hard,full-frame,hard,kmeans:inittype=none:threshold=0.125:binbits=6:mapping=uniform:softdist=trilinear:feedback=0:prune=hamerly:seed=1:restarts=1:iter=20:miniter=0:polish_iter=0:feedback_slots=1:feedback_interval=1:sample_target=16384,end-to-end,washout,5,5,-1,0.05513995885848999,'{img2sixel}' --threads=1 --precision=8bit --quality=full '--loaders=libpng!' --sampling-policy=full-frame --binning-policy=hard --quantize-model=kmeans:inittype=none:threshold=0.125:binbits=6:mapping=uniform:softdist=trilinear:feedback=0:prune=hamerly:seed=1:restarts=1:iter=20:miniter=0:polish_iter=0:feedback_slots=1:feedback_interval=1:sample_target=16384 -Xoklab -Wgamma --diffusion=none --gpu-policy=off --lookup-policy=none -F none -a off -p 32 -o '{devnull}' '{input}'
f2c138d8f6aa0a90c89d019f85eaf9bb3efa5edb,macOS-26.5.1-arm64-arm-64bit-Mach-O,images/snake.png,32,full-frame-exact,full-frame,exact,kmeans:inittype=none:threshold=0.125:binbits=6:mapping=uniform:softdist=trilinear:feedback=0:prune=hamerly:seed=1:restarts=1:iter=20:miniter=0:polish_iter=0:feedback_slots=1:feedback_interval=1:sample_target=16384,end-to-end,measured,5,5,0,0.09832183388061821,'{img2sixel}' --threads=1 --precision=8bit --quality=full '--loaders=libpng!' --sampling-policy=full-frame --binning-policy=exact --quantize-model=kmeans:inittype=none:threshold=0.125:binbits=6:mapping=uniform:softdist=trilinear:feedback=0:prune=hamerly:seed=1:restarts=1:iter=20:miniter=0:polish_iter=0:feedback_slots=1:feedback_interval=1:sample_target=16384 -Xoklab -Wgamma --diffusion=none --gpu-policy=off --lookup-policy=none -F none -a off -p 32 -o '{devnull}' '{input}'
f2c138d8f6aa0a90c89d019f85eaf9bb3efa5edb,macOS-26.5.1-arm64-arm-64bit-Mach-O,images/snake.png,32,full-frame-none,full-frame,none,kmeans:inittype=none:threshold=0.125:binbits=6:mapping=uniform:softdist=trilinear:feedback=0:prune=hamerly:seed=1:restarts=1:iter=20:miniter=0:polish_iter=0:feedback_slots=1:feedback_interval=1:sample_target=16384,end-to-end,measured,5,5,1,0.14708879101090133,'{img2sixel}' --threads=1 --precision=8bit --quality=full '--loaders=libpng!' --sampling-policy=full-frame --binning-policy=none --quantize-model=kmeans:inittype=none:threshold=0.125:binbits=6:mapping=uniform:softdist=trilinear:feedback=0:prune=hamerly:seed=1:restarts=1:iter=20:miniter=0:polish_iter=0:feedback_slots=1:feedback_interval=1:sample_target=16384 -Xoklab -Wgamma --diffusion=none --gpu-policy=off --lookup-policy=none -F none -a off -p 32 -o '{devnull}' '{input}'
f2c138d8f6aa0a90c89d019f85eaf9bb3efa5edb,macOS-26.5.1-arm64-arm-64bit-Mach-O,images/snake.png,32,full-frame-soft,full-frame,soft,kmeans:inittype=none:threshold=0.125:binbits=6:mapping=uniform:softdist=trilinear:feedback=0:prune=hamerly:seed=1:restarts=1:iter=20:miniter=0:polish_iter=0:feedback_slots=1:feedback_interval=1:sample_target=16384,end-to-end,measured,5,5,2,0.06408429192379117,'{img2sixel}' --threads=1 --precision=8bit --quality=full '--loaders=libpng!' --sampling-policy=full-frame --binning-policy=soft --quantize-model=kmeans:inittype=none:threshold=0.125:binbits=6:mapping=uniform:softdist=trilinear:feedback=0:prune=hamerly:seed=1:restarts=1:iter=20:miniter=0:polish_iter=0:feedback_slots=1:feedback_interval=1:sample_target=16384 -Xoklab -Wgamma --diffusion=none --gpu-policy=off --lookup-policy=none -F none -a off -p 32 -o '{devnull}' '{input}'
f2c138d8f6aa0a90c89d019f85eaf9bb3efa5edb,macOS-26.5.1-arm64-arm-64bit-Mach-O,images/snake.png,32,adaptive-grid-hard,adaptive-grid,hard,kmeans:inittype=none:threshold=0.125:binbits=6:mapping=uniform:softdist=trilinear:feedback=0:prune=hamerly:seed=1:restarts=1:iter=20:miniter=0:polish_iter=0:feedback_slots=1:feedback_interval=1:sample_target=16384,end-to-end,measured,5,5,3,0.03960800007916987,'{img2sixel}' --threads=1 --precision=8bit --quality=full '--loaders=libpng!' --sampling-policy=adaptive-grid --binning-policy=hard --quantize-model=kmeans:inittype=none:threshold=0.125:binbits=6:mapping=uniform:softdist=trilinear:feedback=0:prune=hamerly:seed=1:restarts=1:iter=20:miniter=0:polish_iter=0:feedback_slots=1:feedback_interval=1:sample_target=16384 -Xoklab -Wgamma --diffusion=none --gpu-policy=off --lookup-policy=none -F none -a off -p 32 -o '{devnull}' '{input}'
f2c138d8f6aa0a90c89d019f85eaf9bb3efa5edb,macOS-26.5.1-arm64-arm-64bit-Mach-O,images/snake.png,32,full-frame-hard,full-frame,hard,kmeans:inittype=none:threshold=0.125:binbits=6:mapping=uniform:softdist=trilinear:feedback=0:prune=hamerly:seed=1:restarts=1:iter=20:miniter=0:polish_iter=0:feedback_slots=1:feedback_interval=1:sample_target=16384,end-to-end,measured,5,5,4,0.05325316614471376,'{img2sixel}' --threads=1 --precision=8bit --quality=full '--loaders=libpng!' --sampling-policy=full-frame --binning-policy=hard --quantize-model=kmeans:inittype=none:threshold=0.125:binbits=6:mapping=uniform:softdist=trilinear:feedback=0:prune=hamerly:seed=1:restarts=1:iter=20:miniter=0:polish_iter=0:feedback_slots=1:feedback_interval=1:sample_target=16384 -Xoklab -Wgamma --diffusion=none --gpu-policy=off --lookup-policy=none -F none -a off -p 32 -o '{devnull}' '{input}'
f2c138d8f6aa0a90c89d019f85eaf9bb3efa5edb,macOS-26.5.1-arm64-arm-64bit-Mach-O,images/snake.png,32,full-frame-hard,full-frame,hard,kmeans:inittype=none:threshold=0.125:binbits=6:mapping=uniform:softdist=trilinear:feedback=0:prune=hamerly:seed=1:restarts=1:iter=20:miniter=0:polish_iter=0:feedback_slots=1:feedback_interval=1:sample_target=16384,end-to-end,washout,6,6,-1,0.053922458086162806,'{img2sixel}' --threads=1 --precision=8bit --quality=full '--loaders=libpng!' --sampling-policy=full-frame --binning-policy=hard --quantize-model=kmeans:inittype=none:threshold=0.125:binbits=6:mapping=uniform:softdist=trilinear:feedback=0:prune=hamerly:seed=1:restarts=1:iter=20:miniter=0:polish_iter=0:feedback_slots=1:feedback_interval=1:sample_target=16384 -Xoklab -Wgamma --diffusion=none --gpu-policy=off --lookup-policy=none -F none -a off -p 32 -o '{devnull}' '{input}'
f2c138d8f6aa0a90c89d019f85eaf9bb3efa5edb,macOS-26.5.1-arm64-arm-64bit-Mach-O,images/snake.png,32,full-frame-soft,full-frame,soft,kmeans:inittype=none:threshold=0.125:binbits=6:mapping=uniform:softdist=trilinear:feedback=0:prune=hamerly:seed=1:restarts=1:iter=20:miniter=0:polish_iter=0:feedback_slots=1:feedback_interval=1:sample_target=16384,end-to-end,measured,6,6,0,0.06442804192192852,'{img2sixel}' --threads=1 --precision=8bit --quality=full '--loaders=libpng!' --sampling-policy=full-frame --binning-policy=soft --quantize-model=kmeans:inittype=none:threshold=0.125:binbits=6:mapping=uniform:softdist=trilinear:feedback=0:prune=hamerly:seed=1:restarts=1:iter=20:miniter=0:polish_iter=0:feedback_slots=1:feedback_interval=1:sample_target=16384 -Xoklab -Wgamma --diffusion=none --gpu-policy=off --lookup-policy=none -F none -a off -p 32 -o '{devnull}' '{input}'
f2c138d8f6aa0a90c89d019f85eaf9bb3efa5edb,macOS-26.5.1-arm64-arm-64bit-Mach-O,images/snake.png,32,full-frame-exact,full-frame,exact,kmeans:inittype=none:threshold=0.125:binbits=6:mapping=uniform:softdist=trilinear:feedback=0:prune=hamerly:seed=1:restarts=1:iter=20:miniter=0:polish_iter=0:feedback_slots=1:feedback_interval=1:sample_target=16384,end-to-end,measured,6,6,1,0.10142299998551607,'{img2sixel}' --threads=1 --precision=8bit --quality=full '--loaders=libpng!' --sampling-policy=full-frame --binning-policy=exact --quantize-model=kmeans:inittype=none:threshold=0.125:binbits=6:mapping=uniform:softdist=trilinear:feedback=0:prune=hamerly:seed=1:restarts=1:iter=20:miniter=0:polish_iter=0:feedback_slots=1:feedback_interval=1:sample_target=16384 -Xoklab -Wgamma --diffusion=none --gpu-policy=off --lookup-policy=none -F none -a off -p 32 -o '{devnull}' '{input}'
f2c138d8f6aa0a90c89d019f85eaf9bb3efa5edb,macOS-26.5.1-arm64-arm-64bit-Mach-O,images/snake.png,32,full-frame-hard,full-frame,hard,kmeans:inittype=none:threshold=0.125:binbits=6:mapping=uniform:softdist=trilinear:feedback=0:prune=hamerly:seed=1:restarts=1:iter=20:miniter=0:polish_iter=0:feedback_slots=1:feedback_interval=1:sample_target=16384,end-to-end,measured,6,6,2,0.05542675009928644,'{img2sixel}' --threads=1 --precision=8bit --quality=full '--loaders=libpng!' --sampling-policy=full-frame --binning-policy=hard --quantize-model=kmeans:inittype=none:threshold=0.125:binbits=6:mapping=uniform:softdist=trilinear:feedback=0:prune=hamerly:seed=1:restarts=1:iter=20:miniter=0:polish_iter=0:feedback_slots=1:feedback_interval=1:sample_target=16384 -Xoklab -Wgamma --diffusion=none --gpu-policy=off --lookup-policy=none -F none -a off -p 32 -o '{devnull}' '{input}'
f2c138d8f6aa0a90c89d019f85eaf9bb3efa5edb,macOS-26.5.1-arm64-arm-64bit-Mach-O,images/snake.png,32,full-frame-none,full-frame,none,kmeans:inittype=none:threshold=0.125:binbits=6:mapping=uniform:softdist=trilinear:feedback=0:prune=hamerly:seed=1:restarts=1:iter=20:miniter=0:polish_iter=0:feedback_slots=1:feedback_interval=1:sample_target=16384,end-to-end,measured,6,6,3,0.14743379084393382,'{img2sixel}' --threads=1 --precision=8bit --quality=full '--loaders=libpng!' --sampling-policy=full-frame --binning-policy=none --quantize-model=kmeans:inittype=none:threshold=0.125:binbits=6:mapping=uniform:softdist=trilinear:feedback=0:prune=hamerly:seed=1:restarts=1:iter=20:miniter=0:polish_iter=0:feedback_slots=1:feedback_interval=1:sample_target=16384 -Xoklab -Wgamma --diffusion=none --gpu-policy=off --lookup-policy=none -F none -a off -p 32 -o '{devnull}' '{input}'
f2c138d8f6aa0a90c89d019f85eaf9bb3efa5edb,macOS-26.5.1-arm64-arm-64bit-Mach-O,images/snake.png,32,adaptive-grid-hard,adaptive-grid,hard,kmeans:inittype=none:threshold=0.125:binbits=6:mapping=uniform:softdist=trilinear:feedback=0:prune=hamerly:seed=1:restarts=1:iter=20:miniter=0:polish_iter=0:feedback_slots=1:feedback_interval=1:sample_target=16384,end-to-end,measured,6,6,4,0.040351083036512136,'{img2sixel}' --threads=1 --precision=8bit --quality=full '--loaders=libpng!' --sampling-policy=adaptive-grid --binning-policy=hard --quantize-model=kmeans:inittype=none:threshold=0.125:binbits=6:mapping=uniform:softdist=trilinear:feedback=0:prune=hamerly:seed=1:restarts=1:iter=20:miniter=0:polish_iter=0:feedback_slots=1:feedback_interval=1:sample_target=16384 -Xoklab -Wgamma --diffusion=none --gpu-policy=off --lookup-policy=none -F none -a off -p 32 -o '{devnull}' '{input}'
f2c138d8f6aa0a90c89d019f85eaf9bb3efa5edb,macOS-26.5.1-arm64-arm-64bit-Mach-O,images/snake.png,32,full-frame-hard,full-frame,hard,kmeans:inittype=none:threshold=0.125:binbits=6:mapping=uniform:softdist=trilinear:feedback=0:prune=hamerly:seed=1:restarts=1:iter=20:miniter=0:polish_iter=0:feedback_slots=1:feedback_interval=1:sample_target=16384,end-to-end,washout,7,7,-1,0.05397479189559817,'{img2sixel}' --threads=1 --precision=8bit --quality=full '--loaders=libpng!' --sampling-policy=full-frame --binning-policy=hard --quantize-model=kmeans:inittype=none:threshold=0.125:binbits=6:mapping=uniform:softdist=trilinear:feedback=0:prune=hamerly:seed=1:restarts=1:iter=20:miniter=0:polish_iter=0:feedback_slots=1:feedback_interval=1:sample_target=16384 -Xoklab -Wgamma --diffusion=none --gpu-policy=off --lookup-policy=none -F none -a off -p 32 -o '{devnull}' '{input}'
f2c138d8f6aa0a90c89d019f85eaf9bb3efa5edb,macOS-26.5.1-arm64-arm-64bit-Mach-O,images/snake.png,32,full-frame-hard,full-frame,hard,kmeans:inittype=none:threshold=0.125:binbits=6:mapping=uniform:softdist=trilinear:feedback=0:prune=hamerly:seed=1:restarts=1:iter=20:miniter=0:polish_iter=0:feedback_slots=1:feedback_interval=1:sample_target=16384,end-to-end,measured,7,7,0,0.05417391611263156,'{img2sixel}' --threads=1 --precision=8bit --quality=full '--loaders=libpng!' --sampling-policy=full-frame --binning-policy=hard --quantize-model=kmeans:inittype=none:threshold=0.125:binbits=6:mapping=uniform:softdist=trilinear:feedback=0:prune=hamerly:seed=1:restarts=1:iter=20:miniter=0:polish_iter=0:feedback_slots=1:feedback_interval=1:sample_target=16384 -Xoklab -Wgamma --diffusion=none --gpu-policy=off --lookup-policy=none -F none -a off -p 32 -o '{devnull}' '{input}'
f2c138d8f6aa0a90c89d019f85eaf9bb3efa5edb,macOS-26.5.1-arm64-arm-64bit-Mach-O,images/snake.png,32,full-frame-soft,full-frame,soft,kmeans:inittype=none:threshold=0.125:binbits=6:mapping=uniform:softdist=trilinear:feedback=0:prune=hamerly:seed=1:restarts=1:iter=20:miniter=0:polish_iter=0:feedback_slots=1:feedback_interval=1:sample_target=16384,end-to-end,measured,7,7,1,0.06387691618874669,'{img2sixel}' --threads=1 --precision=8bit --quality=full '--loaders=libpng!' --sampling-policy=full-frame --binning-policy=soft --quantize-model=kmeans:inittype=none:threshold=0.125:binbits=6:mapping=uniform:softdist=trilinear:feedback=0:prune=hamerly:seed=1:restarts=1:iter=20:miniter=0:polish_iter=0:feedback_slots=1:feedback_interval=1:sample_target=16384 -Xoklab -Wgamma --diffusion=none --gpu-policy=off --lookup-policy=none -F none -a off -p 32 -o '{devnull}' '{input}'
f2c138d8f6aa0a90c89d019f85eaf9bb3efa5edb,macOS-26.5.1-arm64-arm-64bit-Mach-O,images/snake.png,32,adaptive-grid-hard,adaptive-grid,hard,kmeans:inittype=none:threshold=0.125:binbits=6:mapping=uniform:softdist=trilinear:feedback=0:prune=hamerly:seed=1:restarts=1:iter=20:miniter=0:polish_iter=0:feedback_slots=1:feedback_interval=1:sample_target=16384,end-to-end,measured,7,7,2,0.03920112503692508,'{img2sixel}' --threads=1 --precision=8bit --quality=full '--loaders=libpng!' --sampling-policy=adaptive-grid --binning-policy=hard --quantize-model=kmeans:inittype=none:threshold=0.125:binbits=6:mapping=uniform:softdist=trilinear:feedback=0:prune=hamerly:seed=1:restarts=1:iter=20:miniter=0:polish_iter=0:feedback_slots=1:feedback_interval=1:sample_target=16384 -Xoklab -Wgamma --diffusion=none --gpu-policy=off --lookup-policy=none -F none -a off -p 32 -o '{devnull}' '{input}'
f2c138d8f6aa0a90c89d019f85eaf9bb3efa5edb,macOS-26.5.1-arm64-arm-64bit-Mach-O,images/snake.png,32,full-frame-exact,full-frame,exact,kmeans:inittype=none:threshold=0.125:binbits=6:mapping=uniform:softdist=trilinear:feedback=0:prune=hamerly:seed=1:restarts=1:iter=20:miniter=0:polish_iter=0:feedback_slots=1:feedback_interval=1:sample_target=16384,end-to-end,measured,7,7,3,0.09772212500683963,'{img2sixel}' --threads=1 --precision=8bit --quality=full '--loaders=libpng!' --sampling-policy=full-frame --binning-policy=exact --quantize-model=kmeans:inittype=none:threshold=0.125:binbits=6:mapping=uniform:softdist=trilinear:feedback=0:prune=hamerly:seed=1:restarts=1:iter=20:miniter=0:polish_iter=0:feedback_slots=1:feedback_interval=1:sample_target=16384 -Xoklab -Wgamma --diffusion=none --gpu-policy=off --lookup-policy=none -F none -a off -p 32 -o '{devnull}' '{input}'
f2c138d8f6aa0a90c89d019f85eaf9bb3efa5edb,macOS-26.5.1-arm64-arm-64bit-Mach-O,images/snake.png,32,full-frame-none,full-frame,none,kmeans:inittype=none:threshold=0.125:binbits=6:mapping=uniform:softdist=trilinear:feedback=0:prune=hamerly:seed=1:restarts=1:iter=20:miniter=0:polish_iter=0:feedback_slots=1:feedback_interval=1:sample_target=16384,end-to-end,measured,7,7,4,0.14704204187728465,'{img2sixel}' --threads=1 --precision=8bit --quality=full '--loaders=libpng!' --sampling-policy=full-frame --binning-policy=none --quantize-model=kmeans:inittype=none:threshold=0.125:binbits=6:mapping=uniform:softdist=trilinear:feedback=0:prune=hamerly:seed=1:restarts=1:iter=20:miniter=0:polish_iter=0:feedback_slots=1:feedback_interval=1:sample_target=16384 -Xoklab -Wgamma --diffusion=none --gpu-policy=off --lookup-policy=none -F none -a off -p 32 -o '{devnull}' '{input}'
f2c138d8f6aa0a90c89d019f85eaf9bb3efa5edb,macOS-26.5.1-arm64-arm-64bit-Mach-O,images/snake.png,32,full-frame-hard,full-frame,hard,kmeans:inittype=none:threshold=0.125:binbits=6:mapping=uniform:softdist=trilinear:feedback=0:prune=hamerly:seed=1:restarts=1:iter=20:miniter=0:polish_iter=0:feedback_slots=1:feedback_interval=1:sample_target=16384,end-to-end,washout,8,8,-1,0.060127667151391506,'{img2sixel}' --threads=1 --precision=8bit --quality=full '--loaders=libpng!' --sampling-policy=full-frame --binning-policy=hard --quantize-model=kmeans:inittype=none:threshold=0.125:binbits=6:mapping=uniform:softdist=trilinear:feedback=0:prune=hamerly:seed=1:restarts=1:iter=20:miniter=0:polish_iter=0:feedback_slots=1:feedback_interval=1:sample_target=16384 -Xoklab -Wgamma --diffusion=none --gpu-policy=off --lookup-policy=none -F none -a off -p 32 -o '{devnull}' '{input}'
f2c138d8f6aa0a90c89d019f85eaf9bb3efa5edb,macOS-26.5.1-arm64-arm-64bit-Mach-O,images/snake.png,32,adaptive-grid-hard,adaptive-grid,hard,kmeans:inittype=none:threshold=0.125:binbits=6:mapping=uniform:softdist=trilinear:feedback=0:prune=hamerly:seed=1:restarts=1:iter=20:miniter=0:polish_iter=0:feedback_slots=1:feedback_interval=1:sample_target=16384,end-to-end,measured,8,8,0,0.04729999997653067,'{img2sixel}' --threads=1 --precision=8bit --quality=full '--loaders=libpng!' --sampling-policy=adaptive-grid --binning-policy=hard --quantize-model=kmeans:inittype=none:threshold=0.125:binbits=6:mapping=uniform:softdist=trilinear:feedback=0:prune=hamerly:seed=1:restarts=1:iter=20:miniter=0:polish_iter=0:feedback_slots=1:feedback_interval=1:sample_target=16384 -Xoklab -Wgamma --diffusion=none --gpu-policy=off --lookup-policy=none -F none -a off -p 32 -o '{devnull}' '{input}'
f2c138d8f6aa0a90c89d019f85eaf9bb3efa5edb,macOS-26.5.1-arm64-arm-64bit-Mach-O,images/snake.png,32,full-frame-hard,full-frame,hard,kmeans:inittype=none:threshold=0.125:binbits=6:mapping=uniform:softdist=trilinear:feedback=0:prune=hamerly:seed=1:restarts=1:iter=20:miniter=0:polish_iter=0:feedback_slots=1:feedback_interval=1:sample_target=16384,end-to-end,measured,8,8,1,0.05555958300828934,'{img2sixel}' --threads=1 --precision=8bit --quality=full '--loaders=libpng!' --sampling-policy=full-frame --binning-policy=hard --quantize-model=kmeans:inittype=none:threshold=0.125:binbits=6:mapping=uniform:softdist=trilinear:feedback=0:prune=hamerly:seed=1:restarts=1:iter=20:miniter=0:polish_iter=0:feedback_slots=1:feedback_interval=1:sample_target=16384 -Xoklab -Wgamma --diffusion=none --gpu-policy=off --lookup-policy=none -F none -a off -p 32 -o '{devnull}' '{input}'
f2c138d8f6aa0a90c89d019f85eaf9bb3efa5edb,macOS-26.5.1-arm64-arm-64bit-Mach-O,images/snake.png,32,full-frame-none,full-frame,none,kmeans:inittype=none:threshold=0.125:binbits=6:mapping=uniform:softdist=trilinear:feedback=0:prune=hamerly:seed=1:restarts=1:iter=20:miniter=0:polish_iter=0:feedback_slots=1:feedback_interval=1:sample_target=16384,end-to-end,measured,8,8,2,0.1475426668766886,'{img2sixel}' --threads=1 --precision=8bit --quality=full '--loaders=libpng!' --sampling-policy=full-frame --binning-policy=none --quantize-model=kmeans:inittype=none:threshold=0.125:binbits=6:mapping=uniform:softdist=trilinear:feedback=0:prune=hamerly:seed=1:restarts=1:iter=20:miniter=0:polish_iter=0:feedback_slots=1:feedback_interval=1:sample_target=16384 -Xoklab -Wgamma --diffusion=none --gpu-policy=off --lookup-policy=none -F none -a off -p 32 -o '{devnull}' '{input}'
f2c138d8f6aa0a90c89d019f85eaf9bb3efa5edb,macOS-26.5.1-arm64-arm-64bit-Mach-O,images/snake.png,32,full-frame-soft,full-frame,soft,kmeans:inittype=none:threshold=0.125:binbits=6:mapping=uniform:softdist=trilinear:feedback=0:prune=hamerly:seed=1:restarts=1:iter=20:miniter=0:polish_iter=0:feedback_slots=1:feedback_interval=1:sample_target=16384,end-to-end,measured,8,8,3,0.06640595803037286,'{img2sixel}' --threads=1 --precision=8bit --quality=full '--loaders=libpng!' --sampling-policy=full-frame --binning-policy=soft --quantize-model=kmeans:inittype=none:threshold=0.125:binbits=6:mapping=uniform:softdist=trilinear:feedback=0:prune=hamerly:seed=1:restarts=1:iter=20:miniter=0:polish_iter=0:feedback_slots=1:feedback_interval=1:sample_target=16384 -Xoklab -Wgamma --diffusion=none --gpu-policy=off --lookup-policy=none -F none -a off -p 32 -o '{devnull}' '{input}'
f2c138d8f6aa0a90c89d019f85eaf9bb3efa5edb,macOS-26.5.1-arm64-arm-64bit-Mach-O,images/snake.png,32,full-frame-exact,full-frame,exact,kmeans:inittype=none:threshold=0.125:binbits=6:mapping=uniform:softdist=trilinear:feedback=0:prune=hamerly:seed=1:restarts=1:iter=20:miniter=0:polish_iter=0:feedback_slots=1:feedback_interval=1:sample_target=16384,end-to-end,measured,8,8,4,0.09889849997125566,'{img2sixel}' --threads=1 --precision=8bit --quality=full '--loaders=libpng!' --sampling-policy=full-frame --binning-policy=exact --quantize-model=kmeans:inittype=none:threshold=0.125:binbits=6:mapping=uniform:softdist=trilinear:feedback=0:prune=hamerly:seed=1:restarts=1:iter=20:miniter=0:polish_iter=0:feedback_slots=1:feedback_interval=1:sample_target=16384 -Xoklab -Wgamma --diffusion=none --gpu-policy=off --lookup-policy=none -F none -a off -p 32 -o '{devnull}' '{input}'
f2c138d8f6aa0a90c89d019f85eaf9bb3efa5edb,macOS-26.5.1-arm64-arm-64bit-Mach-O,images/snake.png,32,full-frame-hard,full-frame,hard,kmeans:inittype=none:threshold=0.125:binbits=6:mapping=uniform:softdist=trilinear:feedback=0:prune=hamerly:seed=1:restarts=1:iter=20:miniter=0:polish_iter=0:feedback_slots=1:feedback_interval=1:sample_target=16384,end-to-end,washout,9,9,-1,0.05452420795336366,'{img2sixel}' --threads=1 --precision=8bit --quality=full '--loaders=libpng!' --sampling-policy=full-frame --binning-policy=hard --quantize-model=kmeans:inittype=none:threshold=0.125:binbits=6:mapping=uniform:softdist=trilinear:feedback=0:prune=hamerly:seed=1:restarts=1:iter=20:miniter=0:polish_iter=0:feedback_slots=1:feedback_interval=1:sample_target=16384 -Xoklab -Wgamma --diffusion=none --gpu-policy=off --lookup-policy=none -F none -a off -p 32 -o '{devnull}' '{input}'
f2c138d8f6aa0a90c89d019f85eaf9bb3efa5edb,macOS-26.5.1-arm64-arm-64bit-Mach-O,images/snake.png,32,full-frame-none,full-frame,none,kmeans:inittype=none:threshold=0.125:binbits=6:mapping=uniform:softdist=trilinear:feedback=0:prune=hamerly:seed=1:restarts=1:iter=20:miniter=0:polish_iter=0:feedback_slots=1:feedback_interval=1:sample_target=16384,end-to-end,measured,9,9,0,0.14664708310738206,'{img2sixel}' --threads=1 --precision=8bit --quality=full '--loaders=libpng!' --sampling-policy=full-frame --binning-policy=none --quantize-model=kmeans:inittype=none:threshold=0.125:binbits=6:mapping=uniform:softdist=trilinear:feedback=0:prune=hamerly:seed=1:restarts=1:iter=20:miniter=0:polish_iter=0:feedback_slots=1:feedback_interval=1:sample_target=16384 -Xoklab -Wgamma --diffusion=none --gpu-policy=off --lookup-policy=none -F none -a off -p 32 -o '{devnull}' '{input}'
f2c138d8f6aa0a90c89d019f85eaf9bb3efa5edb,macOS-26.5.1-arm64-arm-64bit-Mach-O,images/snake.png,32,adaptive-grid-hard,adaptive-grid,hard,kmeans:inittype=none:threshold=0.125:binbits=6:mapping=uniform:softdist=trilinear:feedback=0:prune=hamerly:seed=1:restarts=1:iter=20:miniter=0:polish_iter=0:feedback_slots=1:feedback_interval=1:sample_target=16384,end-to-end,measured,9,9,1,0.04002025001682341,'{img2sixel}' --threads=1 --precision=8bit --quality=full '--loaders=libpng!' --sampling-policy=adaptive-grid --binning-policy=hard --quantize-model=kmeans:inittype=none:threshold=0.125:binbits=6:mapping=uniform:softdist=trilinear:feedback=0:prune=hamerly:seed=1:restarts=1:iter=20:miniter=0:polish_iter=0:feedback_slots=1:feedback_interval=1:sample_target=16384 -Xoklab -Wgamma --diffusion=none --gpu-policy=off --lookup-policy=none -F none -a off -p 32 -o '{devnull}' '{input}'
f2c138d8f6aa0a90c89d019f85eaf9bb3efa5edb,macOS-26.5.1-arm64-arm-64bit-Mach-O,images/snake.png,32,full-frame-exact,full-frame,exact,kmeans:inittype=none:threshold=0.125:binbits=6:mapping=uniform:softdist=trilinear:feedback=0:prune=hamerly:seed=1:restarts=1:iter=20:miniter=0:polish_iter=0:feedback_slots=1:feedback_interval=1:sample_target=16384,end-to-end,measured,9,9,2,0.10655145882628858,'{img2sixel}' --threads=1 --precision=8bit --quality=full '--loaders=libpng!' --sampling-policy=full-frame --binning-policy=exact --quantize-model=kmeans:inittype=none:threshold=0.125:binbits=6:mapping=uniform:softdist=trilinear:feedback=0:prune=hamerly:seed=1:restarts=1:iter=20:miniter=0:polish_iter=0:feedback_slots=1:feedback_interval=1:sample_target=16384 -Xoklab -Wgamma --diffusion=none --gpu-policy=off --lookup-policy=none -F none -a off -p 32 -o '{devnull}' '{input}'
f2c138d8f6aa0a90c89d019f85eaf9bb3efa5edb,macOS-26.5.1-arm64-arm-64bit-Mach-O,images/snake.png,32,full-frame-hard,full-frame,hard,kmeans:inittype=none:threshold=0.125:binbits=6:mapping=uniform:softdist=trilinear:feedback=0:prune=hamerly:seed=1:restarts=1:iter=20:miniter=0:polish_iter=0:feedback_slots=1:feedback_interval=1:sample_target=16384,end-to-end,measured,9,9,3,0.05470237508416176,'{img2sixel}' --threads=1 --precision=8bit --quality=full '--loaders=libpng!' --sampling-policy=full-frame --binning-policy=hard --quantize-model=kmeans:inittype=none:threshold=0.125:binbits=6:mapping=uniform:softdist=trilinear:feedback=0:prune=hamerly:seed=1:restarts=1:iter=20:miniter=0:polish_iter=0:feedback_slots=1:feedback_interval=1:sample_target=16384 -Xoklab -Wgamma --diffusion=none --gpu-policy=off --lookup-policy=none -F none -a off -p 32 -o '{devnull}' '{input}'
f2c138d8f6aa0a90c89d019f85eaf9bb3efa5edb,macOS-26.5.1-arm64-arm-64bit-Mach-O,images/snake.png,32,full-frame-soft,full-frame,soft,kmeans:inittype=none:threshold=0.125:binbits=6:mapping=uniform:softdist=trilinear:feedback=0:prune=hamerly:seed=1:restarts=1:iter=20:miniter=0:polish_iter=0:feedback_slots=1:feedback_interval=1:sample_target=16384,end-to-end,measured,9,9,4,0.06388708390295506,'{img2sixel}' --threads=1 --precision=8bit --quality=full '--loaders=libpng!' --sampling-policy=full-frame --binning-policy=soft --quantize-model=kmeans:inittype=none:threshold=0.125:binbits=6:mapping=uniform:softdist=trilinear:feedback=0:prune=hamerly:seed=1:restarts=1:iter=20:miniter=0:polish_iter=0:feedback_slots=1:feedback_interval=1:sample_target=16384 -Xoklab -Wgamma --diffusion=none --gpu-policy=off --lookup-policy=none -F none -a off -p 32 -o '{devnull}' '{input}'
f2c138d8f6aa0a90c89d019f85eaf9bb3efa5edb,macOS-26.5.1-arm64-arm-64bit-Mach-O,images/snake.png,32,full-frame-hard,full-frame,hard,kmeans:inittype=none:threshold=0.125:binbits=6:mapping=uniform:softdist=trilinear:feedback=0:prune=hamerly:seed=1:restarts=1:iter=20:miniter=0:polish_iter=0:feedback_slots=1:feedback_interval=1:sample_target=16384,end-to-end,washout,10,0,-1,0.054861250100657344,'{img2sixel}' --threads=1 --precision=8bit --quality=full '--loaders=libpng!' --sampling-policy=full-frame --binning-policy=hard --quantize-model=kmeans:inittype=none:threshold=0.125:binbits=6:mapping=uniform:softdist=trilinear:feedback=0:prune=hamerly:seed=1:restarts=1:iter=20:miniter=0:polish_iter=0:feedback_slots=1:feedback_interval=1:sample_target=16384 -Xoklab -Wgamma --diffusion=none --gpu-policy=off --lookup-policy=none -F none -a off -p 32 -o '{devnull}' '{input}'
f2c138d8f6aa0a90c89d019f85eaf9bb3efa5edb,macOS-26.5.1-arm64-arm-64bit-Mach-O,images/snake.png,32,full-frame-hard,full-frame,hard,kmeans:inittype=none:threshold=0.125:binbits=6:mapping=uniform:softdist=trilinear:feedback=0:prune=hamerly:seed=1:restarts=1:iter=20:miniter=0:polish_iter=0:feedback_slots=1:feedback_interval=1:sample_target=16384,end-to-end,measured,10,0,0,0.05444099986925721,'{img2sixel}' --threads=1 --precision=8bit --quality=full '--loaders=libpng!' --sampling-policy=full-frame --binning-policy=hard --quantize-model=kmeans:inittype=none:threshold=0.125:binbits=6:mapping=uniform:softdist=trilinear:feedback=0:prune=hamerly:seed=1:restarts=1:iter=20:miniter=0:polish_iter=0:feedback_slots=1:feedback_interval=1:sample_target=16384 -Xoklab -Wgamma --diffusion=none --gpu-policy=off --lookup-policy=none -F none -a off -p 32 -o '{devnull}' '{input}'
f2c138d8f6aa0a90c89d019f85eaf9bb3efa5edb,macOS-26.5.1-arm64-arm-64bit-Mach-O,images/snake.png,32,adaptive-grid-hard,adaptive-grid,hard,kmeans:inittype=none:threshold=0.125:binbits=6:mapping=uniform:softdist=trilinear:feedback=0:prune=hamerly:seed=1:restarts=1:iter=20:miniter=0:polish_iter=0:feedback_slots=1:feedback_interval=1:sample_target=16384,end-to-end,measured,10,0,1,0.03975620795972645,'{img2sixel}' --threads=1 --precision=8bit --quality=full '--loaders=libpng!' --sampling-policy=adaptive-grid --binning-policy=hard --quantize-model=kmeans:inittype=none:threshold=0.125:binbits=6:mapping=uniform:softdist=trilinear:feedback=0:prune=hamerly:seed=1:restarts=1:iter=20:miniter=0:polish_iter=0:feedback_slots=1:feedback_interval=1:sample_target=16384 -Xoklab -Wgamma --diffusion=none --gpu-policy=off --lookup-policy=none -F none -a off -p 32 -o '{devnull}' '{input}'
f2c138d8f6aa0a90c89d019f85eaf9bb3efa5edb,macOS-26.5.1-arm64-arm-64bit-Mach-O,images/snake.png,32,full-frame-soft,full-frame,soft,kmeans:inittype=none:threshold=0.125:binbits=6:mapping=uniform:softdist=trilinear:feedback=0:prune=hamerly:seed=1:restarts=1:iter=20:miniter=0:polish_iter=0:feedback_slots=1:feedback_interval=1:sample_target=16384,end-to-end,measured,10,0,2,0.06326983403414488,'{img2sixel}' --threads=1 --precision=8bit --quality=full '--loaders=libpng!' --sampling-policy=full-frame --binning-policy=soft --quantize-model=kmeans:inittype=none:threshold=0.125:binbits=6:mapping=uniform:softdist=trilinear:feedback=0:prune=hamerly:seed=1:restarts=1:iter=20:miniter=0:polish_iter=0:feedback_slots=1:feedback_interval=1:sample_target=16384 -Xoklab -Wgamma --diffusion=none --gpu-policy=off --lookup-policy=none -F none -a off -p 32 -o '{devnull}' '{input}'
f2c138d8f6aa0a90c89d019f85eaf9bb3efa5edb,macOS-26.5.1-arm64-arm-64bit-Mach-O,images/snake.png,32,full-frame-none,full-frame,none,kmeans:inittype=none:threshold=0.125:binbits=6:mapping=uniform:softdist=trilinear:feedback=0:prune=hamerly:seed=1:restarts=1:iter=20:miniter=0:polish_iter=0:feedback_slots=1:feedback_interval=1:sample_target=16384,end-to-end,measured,10,0,3,0.14733708393760026,'{img2sixel}' --threads=1 --precision=8bit --quality=full '--loaders=libpng!' --sampling-policy=full-frame --binning-policy=none --quantize-model=kmeans:inittype=none:threshold=0.125:binbits=6:mapping=uniform:softdist=trilinear:feedback=0:prune=hamerly:seed=1:restarts=1:iter=20:miniter=0:polish_iter=0:feedback_slots=1:feedback_interval=1:sample_target=16384 -Xoklab -Wgamma --diffusion=none --gpu-policy=off --lookup-policy=none -F none -a off -p 32 -o '{devnull}' '{input}'
f2c138d8f6aa0a90c89d019f85eaf9bb3efa5edb,macOS-26.5.1-arm64-arm-64bit-Mach-O,images/snake.png,32,full-frame-exact,full-frame,exact,kmeans:inittype=none:threshold=0.125:binbits=6:mapping=uniform:softdist=trilinear:feedback=0:prune=hamerly:seed=1:restarts=1:iter=20:miniter=0:polish_iter=0:feedback_slots=1:feedback_interval=1:sample_target=16384,end-to-end,measured,10,0,4,0.09908570791594684,'{img2sixel}' --threads=1 --precision=8bit --quality=full '--loaders=libpng!' --sampling-policy=full-frame --binning-policy=exact --quantize-model=kmeans:inittype=none:threshold=0.125:binbits=6:mapping=uniform:softdist=trilinear:feedback=0:prune=hamerly:seed=1:restarts=1:iter=20:miniter=0:polish_iter=0:feedback_slots=1:feedback_interval=1:sample_target=16384 -Xoklab -Wgamma --diffusion=none --gpu-policy=off --lookup-policy=none -F none -a off -p 32 -o '{devnull}' '{input}'
f2c138d8f6aa0a90c89d019f85eaf9bb3efa5edb,macOS-26.5.1-arm64-arm-64bit-Mach-O,images/snake.png,32,full-frame-hard,full-frame,hard,kmeans:inittype=none:threshold=0.125:binbits=6:mapping=uniform:softdist=trilinear:feedback=0:prune=hamerly:seed=1:restarts=1:iter=20:miniter=0:polish_iter=0:feedback_slots=1:feedback_interval=1:sample_target=16384,end-to-end,washout,11,1,-1,0.054453999968245625,'{img2sixel}' --threads=1 --precision=8bit --quality=full '--loaders=libpng!' --sampling-policy=full-frame --binning-policy=hard --quantize-model=kmeans:inittype=none:threshold=0.125:binbits=6:mapping=uniform:softdist=trilinear:feedback=0:prune=hamerly:seed=1:restarts=1:iter=20:miniter=0:polish_iter=0:feedback_slots=1:feedback_interval=1:sample_target=16384 -Xoklab -Wgamma --diffusion=none --gpu-policy=off --lookup-policy=none -F none -a off -p 32 -o '{devnull}' '{input}'
f2c138d8f6aa0a90c89d019f85eaf9bb3efa5edb,macOS-26.5.1-arm64-arm-64bit-Mach-O,images/snake.png,32,adaptive-grid-hard,adaptive-grid,hard,kmeans:inittype=none:threshold=0.125:binbits=6:mapping=uniform:softdist=trilinear:feedback=0:prune=hamerly:seed=1:restarts=1:iter=20:miniter=0:polish_iter=0:feedback_slots=1:feedback_interval=1:sample_target=16384,end-to-end,measured,11,1,0,0.0391683338675648,'{img2sixel}' --threads=1 --precision=8bit --quality=full '--loaders=libpng!' --sampling-policy=adaptive-grid --binning-policy=hard --quantize-model=kmeans:inittype=none:threshold=0.125:binbits=6:mapping=uniform:softdist=trilinear:feedback=0:prune=hamerly:seed=1:restarts=1:iter=20:miniter=0:polish_iter=0:feedback_slots=1:feedback_interval=1:sample_target=16384 -Xoklab -Wgamma --diffusion=none --gpu-policy=off --lookup-policy=none -F none -a off -p 32 -o '{devnull}' '{input}'
f2c138d8f6aa0a90c89d019f85eaf9bb3efa5edb,macOS-26.5.1-arm64-arm-64bit-Mach-O,images/snake.png,32,full-frame-none,full-frame,none,kmeans:inittype=none:threshold=0.125:binbits=6:mapping=uniform:softdist=trilinear:feedback=0:prune=hamerly:seed=1:restarts=1:iter=20:miniter=0:polish_iter=0:feedback_slots=1:feedback_interval=1:sample_target=16384,end-to-end,measured,11,1,1,0.14648608304560184,'{img2sixel}' --threads=1 --precision=8bit --quality=full '--loaders=libpng!' --sampling-policy=full-frame --binning-policy=none --quantize-model=kmeans:inittype=none:threshold=0.125:binbits=6:mapping=uniform:softdist=trilinear:feedback=0:prune=hamerly:seed=1:restarts=1:iter=20:miniter=0:polish_iter=0:feedback_slots=1:feedback_interval=1:sample_target=16384 -Xoklab -Wgamma --diffusion=none --gpu-policy=off --lookup-policy=none -F none -a off -p 32 -o '{devnull}' '{input}'
f2c138d8f6aa0a90c89d019f85eaf9bb3efa5edb,macOS-26.5.1-arm64-arm-64bit-Mach-O,images/snake.png,32,full-frame-hard,full-frame,hard,kmeans:inittype=none:threshold=0.125:binbits=6:mapping=uniform:softdist=trilinear:feedback=0:prune=hamerly:seed=1:restarts=1:iter=20:miniter=0:polish_iter=0:feedback_slots=1:feedback_interval=1:sample_target=16384,end-to-end,measured,11,1,2,0.05444087507203221,'{img2sixel}' --threads=1 --precision=8bit --quality=full '--loaders=libpng!' --sampling-policy=full-frame --binning-policy=hard --quantize-model=kmeans:inittype=none:threshold=0.125:binbits=6:mapping=uniform:softdist=trilinear:feedback=0:prune=hamerly:seed=1:restarts=1:iter=20:miniter=0:polish_iter=0:feedback_slots=1:feedback_interval=1:sample_target=16384 -Xoklab -Wgamma --diffusion=none --gpu-policy=off --lookup-policy=none -F none -a off -p 32 -o '{devnull}' '{input}'
f2c138d8f6aa0a90c89d019f85eaf9bb3efa5edb,macOS-26.5.1-arm64-arm-64bit-Mach-O,images/snake.png,32,full-frame-exact,full-frame,exact,kmeans:inittype=none:threshold=0.125:binbits=6:mapping=uniform:softdist=trilinear:feedback=0:prune=hamerly:seed=1:restarts=1:iter=20:miniter=0:polish_iter=0:feedback_slots=1:feedback_interval=1:sample_target=16384,end-to-end,measured,11,1,3,0.09851425001397729,'{img2sixel}' --threads=1 --precision=8bit --quality=full '--loaders=libpng!' --sampling-policy=full-frame --binning-policy=exact --quantize-model=kmeans:inittype=none:threshold=0.125:binbits=6:mapping=uniform:softdist=trilinear:feedback=0:prune=hamerly:seed=1:restarts=1:iter=20:miniter=0:polish_iter=0:feedback_slots=1:feedback_interval=1:sample_target=16384 -Xoklab -Wgamma --diffusion=none --gpu-policy=off --lookup-policy=none -F none -a off -p 32 -o '{devnull}' '{input}'
f2c138d8f6aa0a90c89d019f85eaf9bb3efa5edb,macOS-26.5.1-arm64-arm-64bit-Mach-O,images/snake.png,32,full-frame-soft,full-frame,soft,kmeans:inittype=none:threshold=0.125:binbits=6:mapping=uniform:softdist=trilinear:feedback=0:prune=hamerly:seed=1:restarts=1:iter=20:miniter=0:polish_iter=0:feedback_slots=1:feedback_interval=1:sample_target=16384,end-to-end,measured,11,1,4,0.06301579112187028,'{img2sixel}' --threads=1 --precision=8bit --quality=full '--loaders=libpng!' --sampling-policy=full-frame --binning-policy=soft --quantize-model=kmeans:inittype=none:threshold=0.125:binbits=6:mapping=uniform:softdist=trilinear:feedback=0:prune=hamerly:seed=1:restarts=1:iter=20:miniter=0:polish_iter=0:feedback_slots=1:feedback_interval=1:sample_target=16384 -Xoklab -Wgamma --diffusion=none --gpu-policy=off --lookup-policy=none -F none -a off -p 32 -o '{devnull}' '{input}'
f2c138d8f6aa0a90c89d019f85eaf9bb3efa5edb,macOS-26.5.1-arm64-arm-64bit-Mach-O,images/snake.png,32,full-frame-hard,full-frame,hard,kmeans:inittype=none:threshold=0.125:binbits=6:mapping=uniform:softdist=trilinear:feedback=0:prune=hamerly:seed=1:restarts=1:iter=20:miniter=0:polish_iter=0:feedback_slots=1:feedback_interval=1:sample_target=16384,palette-build,washout,0,0,-1,0.007767,'{img2sixel}' --threads=1 --precision=8bit --quality=full '--loaders=libpng!' --sampling-policy=full-frame --binning-policy=hard --quantize-model=kmeans:inittype=none:threshold=0.125:binbits=6:mapping=uniform:softdist=trilinear:feedback=0:prune=hamerly:seed=1:restarts=1:iter=20:miniter=0:polish_iter=0:feedback_slots=1:feedback_interval=1:sample_target=16384 -Xoklab -Wgamma --diffusion=none --gpu-policy=off --lookup-policy=none -F none -a off -p 32 -J '{timeline}' -o '{devnull}' '{input}'
f2c138d8f6aa0a90c89d019f85eaf9bb3efa5edb,macOS-26.5.1-arm64-arm-64bit-Mach-O,images/snake.png,32,full-frame-hard,full-frame,hard,kmeans:inittype=none:threshold=0.125:binbits=6:mapping=uniform:softdist=trilinear:feedback=0:prune=hamerly:seed=1:restarts=1:iter=20:miniter=0:polish_iter=0:feedback_slots=1:feedback_interval=1:sample_target=16384,palette-build,warmup,0,0,0,0.007743999999999999,'{img2sixel}' --threads=1 --precision=8bit --quality=full '--loaders=libpng!' --sampling-policy=full-frame --binning-policy=hard --quantize-model=kmeans:inittype=none:threshold=0.125:binbits=6:mapping=uniform:softdist=trilinear:feedback=0:prune=hamerly:seed=1:restarts=1:iter=20:miniter=0:polish_iter=0:feedback_slots=1:feedback_interval=1:sample_target=16384 -Xoklab -Wgamma --diffusion=none --gpu-policy=off --lookup-policy=none -F none -a off -p 32 -J '{timeline}' -o '{devnull}' '{input}'
f2c138d8f6aa0a90c89d019f85eaf9bb3efa5edb,macOS-26.5.1-arm64-arm-64bit-Mach-O,images/snake.png,32,adaptive-grid-hard,adaptive-grid,hard,kmeans:inittype=none:threshold=0.125:binbits=6:mapping=uniform:softdist=trilinear:feedback=0:prune=hamerly:seed=1:restarts=1:iter=20:miniter=0:polish_iter=0:feedback_slots=1:feedback_interval=1:sample_target=16384,palette-build,warmup,0,0,1,0.0012209999999999999,'{img2sixel}' --threads=1 --precision=8bit --quality=full '--loaders=libpng!' --sampling-policy=adaptive-grid --binning-policy=hard --quantize-model=kmeans:inittype=none:threshold=0.125:binbits=6:mapping=uniform:softdist=trilinear:feedback=0:prune=hamerly:seed=1:restarts=1:iter=20:miniter=0:polish_iter=0:feedback_slots=1:feedback_interval=1:sample_target=16384 -Xoklab -Wgamma --diffusion=none --gpu-policy=off --lookup-policy=none -F none -a off -p 32 -J '{timeline}' -o '{devnull}' '{input}'
f2c138d8f6aa0a90c89d019f85eaf9bb3efa5edb,macOS-26.5.1-arm64-arm-64bit-Mach-O,images/snake.png,32,full-frame-soft,full-frame,soft,kmeans:inittype=none:threshold=0.125:binbits=6:mapping=uniform:softdist=trilinear:feedback=0:prune=hamerly:seed=1:restarts=1:iter=20:miniter=0:polish_iter=0:feedback_slots=1:feedback_interval=1:sample_target=16384,palette-build,warmup,0,0,2,0.016668000000000002,'{img2sixel}' --threads=1 --precision=8bit --quality=full '--loaders=libpng!' --sampling-policy=full-frame --binning-policy=soft --quantize-model=kmeans:inittype=none:threshold=0.125:binbits=6:mapping=uniform:softdist=trilinear:feedback=0:prune=hamerly:seed=1:restarts=1:iter=20:miniter=0:polish_iter=0:feedback_slots=1:feedback_interval=1:sample_target=16384 -Xoklab -Wgamma --diffusion=none --gpu-policy=off --lookup-policy=none -F none -a off -p 32 -J '{timeline}' -o '{devnull}' '{input}'
f2c138d8f6aa0a90c89d019f85eaf9bb3efa5edb,macOS-26.5.1-arm64-arm-64bit-Mach-O,images/snake.png,32,full-frame-none,full-frame,none,kmeans:inittype=none:threshold=0.125:binbits=6:mapping=uniform:softdist=trilinear:feedback=0:prune=hamerly:seed=1:restarts=1:iter=20:miniter=0:polish_iter=0:feedback_slots=1:feedback_interval=1:sample_target=16384,palette-build,warmup,0,0,3,0.10069199999999999,'{img2sixel}' --threads=1 --precision=8bit --quality=full '--loaders=libpng!' --sampling-policy=full-frame --binning-policy=none --quantize-model=kmeans:inittype=none:threshold=0.125:binbits=6:mapping=uniform:softdist=trilinear:feedback=0:prune=hamerly:seed=1:restarts=1:iter=20:miniter=0:polish_iter=0:feedback_slots=1:feedback_interval=1:sample_target=16384 -Xoklab -Wgamma --diffusion=none --gpu-policy=off --lookup-policy=none -F none -a off -p 32 -J '{timeline}' -o '{devnull}' '{input}'
f2c138d8f6aa0a90c89d019f85eaf9bb3efa5edb,macOS-26.5.1-arm64-arm-64bit-Mach-O,images/snake.png,32,full-frame-exact,full-frame,exact,kmeans:inittype=none:threshold=0.125:binbits=6:mapping=uniform:softdist=trilinear:feedback=0:prune=hamerly:seed=1:restarts=1:iter=20:miniter=0:polish_iter=0:feedback_slots=1:feedback_interval=1:sample_target=16384,palette-build,warmup,0,0,4,0.051779000000000006,'{img2sixel}' --threads=1 --precision=8bit --quality=full '--loaders=libpng!' --sampling-policy=full-frame --binning-policy=exact --quantize-model=kmeans:inittype=none:threshold=0.125:binbits=6:mapping=uniform:softdist=trilinear:feedback=0:prune=hamerly:seed=1:restarts=1:iter=20:miniter=0:polish_iter=0:feedback_slots=1:feedback_interval=1:sample_target=16384 -Xoklab -Wgamma --diffusion=none --gpu-policy=off --lookup-policy=none -F none -a off -p 32 -J '{timeline}' -o '{devnull}' '{input}'
f2c138d8f6aa0a90c89d019f85eaf9bb3efa5edb,macOS-26.5.1-arm64-arm-64bit-Mach-O,images/snake.png,32,full-frame-hard,full-frame,hard,kmeans:inittype=none:threshold=0.125:binbits=6:mapping=uniform:softdist=trilinear:feedback=0:prune=hamerly:seed=1:restarts=1:iter=20:miniter=0:polish_iter=0:feedback_slots=1:feedback_interval=1:sample_target=16384,palette-build,washout,1,1,-1,0.007717,'{img2sixel}' --threads=1 --precision=8bit --quality=full '--loaders=libpng!' --sampling-policy=full-frame --binning-policy=hard --quantize-model=kmeans:inittype=none:threshold=0.125:binbits=6:mapping=uniform:softdist=trilinear:feedback=0:prune=hamerly:seed=1:restarts=1:iter=20:miniter=0:polish_iter=0:feedback_slots=1:feedback_interval=1:sample_target=16384 -Xoklab -Wgamma --diffusion=none --gpu-policy=off --lookup-policy=none -F none -a off -p 32 -J '{timeline}' -o '{devnull}' '{input}'
f2c138d8f6aa0a90c89d019f85eaf9bb3efa5edb,macOS-26.5.1-arm64-arm-64bit-Mach-O,images/snake.png,32,adaptive-grid-hard,adaptive-grid,hard,kmeans:inittype=none:threshold=0.125:binbits=6:mapping=uniform:softdist=trilinear:feedback=0:prune=hamerly:seed=1:restarts=1:iter=20:miniter=0:polish_iter=0:feedback_slots=1:feedback_interval=1:sample_target=16384,palette-build,warmup,1,1,0,0.001313,'{img2sixel}' --threads=1 --precision=8bit --quality=full '--loaders=libpng!' --sampling-policy=adaptive-grid --binning-policy=hard --quantize-model=kmeans:inittype=none:threshold=0.125:binbits=6:mapping=uniform:softdist=trilinear:feedback=0:prune=hamerly:seed=1:restarts=1:iter=20:miniter=0:polish_iter=0:feedback_slots=1:feedback_interval=1:sample_target=16384 -Xoklab -Wgamma --diffusion=none --gpu-policy=off --lookup-policy=none -F none -a off -p 32 -J '{timeline}' -o '{devnull}' '{input}'
f2c138d8f6aa0a90c89d019f85eaf9bb3efa5edb,macOS-26.5.1-arm64-arm-64bit-Mach-O,images/snake.png,32,full-frame-none,full-frame,none,kmeans:inittype=none:threshold=0.125:binbits=6:mapping=uniform:softdist=trilinear:feedback=0:prune=hamerly:seed=1:restarts=1:iter=20:miniter=0:polish_iter=0:feedback_slots=1:feedback_interval=1:sample_target=16384,palette-build,warmup,1,1,1,0.106959,'{img2sixel}' --threads=1 --precision=8bit --quality=full '--loaders=libpng!' --sampling-policy=full-frame --binning-policy=none --quantize-model=kmeans:inittype=none:threshold=0.125:binbits=6:mapping=uniform:softdist=trilinear:feedback=0:prune=hamerly:seed=1:restarts=1:iter=20:miniter=0:polish_iter=0:feedback_slots=1:feedback_interval=1:sample_target=16384 -Xoklab -Wgamma --diffusion=none --gpu-policy=off --lookup-policy=none -F none -a off -p 32 -J '{timeline}' -o '{devnull}' '{input}'
f2c138d8f6aa0a90c89d019f85eaf9bb3efa5edb,macOS-26.5.1-arm64-arm-64bit-Mach-O,images/snake.png,32,full-frame-hard,full-frame,hard,kmeans:inittype=none:threshold=0.125:binbits=6:mapping=uniform:softdist=trilinear:feedback=0:prune=hamerly:seed=1:restarts=1:iter=20:miniter=0:polish_iter=0:feedback_slots=1:feedback_interval=1:sample_target=16384,palette-build,warmup,1,1,2,0.008736,'{img2sixel}' --threads=1 --precision=8bit --quality=full '--loaders=libpng!' --sampling-policy=full-frame --binning-policy=hard --quantize-model=kmeans:inittype=none:threshold=0.125:binbits=6:mapping=uniform:softdist=trilinear:feedback=0:prune=hamerly:seed=1:restarts=1:iter=20:miniter=0:polish_iter=0:feedback_slots=1:feedback_interval=1:sample_target=16384 -Xoklab -Wgamma --diffusion=none --gpu-policy=off --lookup-policy=none -F none -a off -p 32 -J '{timeline}' -o '{devnull}' '{input}'
f2c138d8f6aa0a90c89d019f85eaf9bb3efa5edb,macOS-26.5.1-arm64-arm-64bit-Mach-O,images/snake.png,32,full-frame-exact,full-frame,exact,kmeans:inittype=none:threshold=0.125:binbits=6:mapping=uniform:softdist=trilinear:feedback=0:prune=hamerly:seed=1:restarts=1:iter=20:miniter=0:polish_iter=0:feedback_slots=1:feedback_interval=1:sample_target=16384,palette-build,warmup,1,1,3,0.053090000000000005,'{img2sixel}' --threads=1 --precision=8bit --quality=full '--loaders=libpng!' --sampling-policy=full-frame --binning-policy=exact --quantize-model=kmeans:inittype=none:threshold=0.125:binbits=6:mapping=uniform:softdist=trilinear:feedback=0:prune=hamerly:seed=1:restarts=1:iter=20:miniter=0:polish_iter=0:feedback_slots=1:feedback_interval=1:sample_target=16384 -Xoklab -Wgamma --diffusion=none --gpu-policy=off --lookup-policy=none -F none -a off -p 32 -J '{timeline}' -o '{devnull}' '{input}'
f2c138d8f6aa0a90c89d019f85eaf9bb3efa5edb,macOS-26.5.1-arm64-arm-64bit-Mach-O,images/snake.png,32,full-frame-soft,full-frame,soft,kmeans:inittype=none:threshold=0.125:binbits=6:mapping=uniform:softdist=trilinear:feedback=0:prune=hamerly:seed=1:restarts=1:iter=20:miniter=0:polish_iter=0:feedback_slots=1:feedback_interval=1:sample_target=16384,palette-build,warmup,1,1,4,0.017598999999999997,'{img2sixel}' --threads=1 --precision=8bit --quality=full '--loaders=libpng!' --sampling-policy=full-frame --binning-policy=soft --quantize-model=kmeans:inittype=none:threshold=0.125:binbits=6:mapping=uniform:softdist=trilinear:feedback=0:prune=hamerly:seed=1:restarts=1:iter=20:miniter=0:polish_iter=0:feedback_slots=1:feedback_interval=1:sample_target=16384 -Xoklab -Wgamma --diffusion=none --gpu-policy=off --lookup-policy=none -F none -a off -p 32 -J '{timeline}' -o '{devnull}' '{input}'
f2c138d8f6aa0a90c89d019f85eaf9bb3efa5edb,macOS-26.5.1-arm64-arm-64bit-Mach-O,images/snake.png,32,full-frame-hard,full-frame,hard,kmeans:inittype=none:threshold=0.125:binbits=6:mapping=uniform:softdist=trilinear:feedback=0:prune=hamerly:seed=1:restarts=1:iter=20:miniter=0:polish_iter=0:feedback_slots=1:feedback_interval=1:sample_target=16384,palette-build,washout,2,2,-1,0.008497000000000001,'{img2sixel}' --threads=1 --precision=8bit --quality=full '--loaders=libpng!' --sampling-policy=full-frame --binning-policy=hard --quantize-model=kmeans:inittype=none:threshold=0.125:binbits=6:mapping=uniform:softdist=trilinear:feedback=0:prune=hamerly:seed=1:restarts=1:iter=20:miniter=0:polish_iter=0:feedback_slots=1:feedback_interval=1:sample_target=16384 -Xoklab -Wgamma --diffusion=none --gpu-policy=off --lookup-policy=none -F none -a off -p 32 -J '{timeline}' -o '{devnull}' '{input}'
f2c138d8f6aa0a90c89d019f85eaf9bb3efa5edb,macOS-26.5.1-arm64-arm-64bit-Mach-O,images/snake.png,32,full-frame-none,full-frame,none,kmeans:inittype=none:threshold=0.125:binbits=6:mapping=uniform:softdist=trilinear:feedback=0:prune=hamerly:seed=1:restarts=1:iter=20:miniter=0:polish_iter=0:feedback_slots=1:feedback_interval=1:sample_target=16384,palette-build,measured,2,2,0,0.103803,'{img2sixel}' --threads=1 --precision=8bit --quality=full '--loaders=libpng!' --sampling-policy=full-frame --binning-policy=none --quantize-model=kmeans:inittype=none:threshold=0.125:binbits=6:mapping=uniform:softdist=trilinear:feedback=0:prune=hamerly:seed=1:restarts=1:iter=20:miniter=0:polish_iter=0:feedback_slots=1:feedback_interval=1:sample_target=16384 -Xoklab -Wgamma --diffusion=none --gpu-policy=off --lookup-policy=none -F none -a off -p 32 -J '{timeline}' -o '{devnull}' '{input}'
f2c138d8f6aa0a90c89d019f85eaf9bb3efa5edb,macOS-26.5.1-arm64-arm-64bit-Mach-O,images/snake.png,32,full-frame-exact,full-frame,exact,kmeans:inittype=none:threshold=0.125:binbits=6:mapping=uniform:softdist=trilinear:feedback=0:prune=hamerly:seed=1:restarts=1:iter=20:miniter=0:polish_iter=0:feedback_slots=1:feedback_interval=1:sample_target=16384,palette-build,measured,2,2,1,0.053894000000000004,'{img2sixel}' --threads=1 --precision=8bit --quality=full '--loaders=libpng!' --sampling-policy=full-frame --binning-policy=exact --quantize-model=kmeans:inittype=none:threshold=0.125:binbits=6:mapping=uniform:softdist=trilinear:feedback=0:prune=hamerly:seed=1:restarts=1:iter=20:miniter=0:polish_iter=0:feedback_slots=1:feedback_interval=1:sample_target=16384 -Xoklab -Wgamma --diffusion=none --gpu-policy=off --lookup-policy=none -F none -a off -p 32 -J '{timeline}' -o '{devnull}' '{input}'
f2c138d8f6aa0a90c89d019f85eaf9bb3efa5edb,macOS-26.5.1-arm64-arm-64bit-Mach-O,images/snake.png,32,adaptive-grid-hard,adaptive-grid,hard,kmeans:inittype=none:threshold=0.125:binbits=6:mapping=uniform:softdist=trilinear:feedback=0:prune=hamerly:seed=1:restarts=1:iter=20:miniter=0:polish_iter=0:feedback_slots=1:feedback_interval=1:sample_target=16384,palette-build,measured,2,2,2,0.0014550000000000006,'{img2sixel}' --threads=1 --precision=8bit --quality=full '--loaders=libpng!' --sampling-policy=adaptive-grid --binning-policy=hard --quantize-model=kmeans:inittype=none:threshold=0.125:binbits=6:mapping=uniform:softdist=trilinear:feedback=0:prune=hamerly:seed=1:restarts=1:iter=20:miniter=0:polish_iter=0:feedback_slots=1:feedback_interval=1:sample_target=16384 -Xoklab -Wgamma --diffusion=none --gpu-policy=off --lookup-policy=none -F none -a off -p 32 -J '{timeline}' -o '{devnull}' '{input}'
f2c138d8f6aa0a90c89d019f85eaf9bb3efa5edb,macOS-26.5.1-arm64-arm-64bit-Mach-O,images/snake.png,32,full-frame-soft,full-frame,soft,kmeans:inittype=none:threshold=0.125:binbits=6:mapping=uniform:softdist=trilinear:feedback=0:prune=hamerly:seed=1:restarts=1:iter=20:miniter=0:polish_iter=0:feedback_slots=1:feedback_interval=1:sample_target=16384,palette-build,measured,2,2,3,0.016828999999999997,'{img2sixel}' --threads=1 --precision=8bit --quality=full '--loaders=libpng!' --sampling-policy=full-frame --binning-policy=soft --quantize-model=kmeans:inittype=none:threshold=0.125:binbits=6:mapping=uniform:softdist=trilinear:feedback=0:prune=hamerly:seed=1:restarts=1:iter=20:miniter=0:polish_iter=0:feedback_slots=1:feedback_interval=1:sample_target=16384 -Xoklab -Wgamma --diffusion=none --gpu-policy=off --lookup-policy=none -F none -a off -p 32 -J '{timeline}' -o '{devnull}' '{input}'
f2c138d8f6aa0a90c89d019f85eaf9bb3efa5edb,macOS-26.5.1-arm64-arm-64bit-Mach-O,images/snake.png,32,full-frame-hard,full-frame,hard,kmeans:inittype=none:threshold=0.125:binbits=6:mapping=uniform:softdist=trilinear:feedback=0:prune=hamerly:seed=1:restarts=1:iter=20:miniter=0:polish_iter=0:feedback_slots=1:feedback_interval=1:sample_target=16384,palette-build,measured,2,2,4,0.007796000000000001,'{img2sixel}' --threads=1 --precision=8bit --quality=full '--loaders=libpng!' --sampling-policy=full-frame --binning-policy=hard --quantize-model=kmeans:inittype=none:threshold=0.125:binbits=6:mapping=uniform:softdist=trilinear:feedback=0:prune=hamerly:seed=1:restarts=1:iter=20:miniter=0:polish_iter=0:feedback_slots=1:feedback_interval=1:sample_target=16384 -Xoklab -Wgamma --diffusion=none --gpu-policy=off --lookup-policy=none -F none -a off -p 32 -J '{timeline}' -o '{devnull}' '{input}'
f2c138d8f6aa0a90c89d019f85eaf9bb3efa5edb,macOS-26.5.1-arm64-arm-64bit-Mach-O,images/snake.png,32,full-frame-hard,full-frame,hard,kmeans:inittype=none:threshold=0.125:binbits=6:mapping=uniform:softdist=trilinear:feedback=0:prune=hamerly:seed=1:restarts=1:iter=20:miniter=0:polish_iter=0:feedback_slots=1:feedback_interval=1:sample_target=16384,palette-build,washout,3,3,-1,0.007708000000000001,'{img2sixel}' --threads=1 --precision=8bit --quality=full '--loaders=libpng!' --sampling-policy=full-frame --binning-policy=hard --quantize-model=kmeans:inittype=none:threshold=0.125:binbits=6:mapping=uniform:softdist=trilinear:feedback=0:prune=hamerly:seed=1:restarts=1:iter=20:miniter=0:polish_iter=0:feedback_slots=1:feedback_interval=1:sample_target=16384 -Xoklab -Wgamma --diffusion=none --gpu-policy=off --lookup-policy=none -F none -a off -p 32 -J '{timeline}' -o '{devnull}' '{input}'
f2c138d8f6aa0a90c89d019f85eaf9bb3efa5edb,macOS-26.5.1-arm64-arm-64bit-Mach-O,images/snake.png,32,full-frame-exact,full-frame,exact,kmeans:inittype=none:threshold=0.125:binbits=6:mapping=uniform:softdist=trilinear:feedback=0:prune=hamerly:seed=1:restarts=1:iter=20:miniter=0:polish_iter=0:feedback_slots=1:feedback_interval=1:sample_target=16384,palette-build,measured,3,3,0,0.051994,'{img2sixel}' --threads=1 --precision=8bit --quality=full '--loaders=libpng!' --sampling-policy=full-frame --binning-policy=exact --quantize-model=kmeans:inittype=none:threshold=0.125:binbits=6:mapping=uniform:softdist=trilinear:feedback=0:prune=hamerly:seed=1:restarts=1:iter=20:miniter=0:polish_iter=0:feedback_slots=1:feedback_interval=1:sample_target=16384 -Xoklab -Wgamma --diffusion=none --gpu-policy=off --lookup-policy=none -F none -a off -p 32 -J '{timeline}' -o '{devnull}' '{input}'
f2c138d8f6aa0a90c89d019f85eaf9bb3efa5edb,macOS-26.5.1-arm64-arm-64bit-Mach-O,images/snake.png,32,full-frame-soft,full-frame,soft,kmeans:inittype=none:threshold=0.125:binbits=6:mapping=uniform:softdist=trilinear:feedback=0:prune=hamerly:seed=1:restarts=1:iter=20:miniter=0:polish_iter=0:feedback_slots=1:feedback_interval=1:sample_target=16384,palette-build,measured,3,3,1,0.016743,'{img2sixel}' --threads=1 --precision=8bit --quality=full '--loaders=libpng!' --sampling-policy=full-frame --binning-policy=soft --quantize-model=kmeans:inittype=none:threshold=0.125:binbits=6:mapping=uniform:softdist=trilinear:feedback=0:prune=hamerly:seed=1:restarts=1:iter=20:miniter=0:polish_iter=0:feedback_slots=1:feedback_interval=1:sample_target=16384 -Xoklab -Wgamma --diffusion=none --gpu-policy=off --lookup-policy=none -F none -a off -p 32 -J '{timeline}' -o '{devnull}' '{input}'
f2c138d8f6aa0a90c89d019f85eaf9bb3efa5edb,macOS-26.5.1-arm64-arm-64bit-Mach-O,images/snake.png,32,full-frame-none,full-frame,none,kmeans:inittype=none:threshold=0.125:binbits=6:mapping=uniform:softdist=trilinear:feedback=0:prune=hamerly:seed=1:restarts=1:iter=20:miniter=0:polish_iter=0:feedback_slots=1:feedback_interval=1:sample_target=16384,palette-build,measured,3,3,2,0.100293,'{img2sixel}' --threads=1 --precision=8bit --quality=full '--loaders=libpng!' --sampling-policy=full-frame --binning-policy=none --quantize-model=kmeans:inittype=none:threshold=0.125:binbits=6:mapping=uniform:softdist=trilinear:feedback=0:prune=hamerly:seed=1:restarts=1:iter=20:miniter=0:polish_iter=0:feedback_slots=1:feedback_interval=1:sample_target=16384 -Xoklab -Wgamma --diffusion=none --gpu-policy=off --lookup-policy=none -F none -a off -p 32 -J '{timeline}' -o '{devnull}' '{input}'
f2c138d8f6aa0a90c89d019f85eaf9bb3efa5edb,macOS-26.5.1-arm64-arm-64bit-Mach-O,images/snake.png,32,full-frame-hard,full-frame,hard,kmeans:inittype=none:threshold=0.125:binbits=6:mapping=uniform:softdist=trilinear:feedback=0:prune=hamerly:seed=1:restarts=1:iter=20:miniter=0:polish_iter=0:feedback_slots=1:feedback_interval=1:sample_target=16384,palette-build,measured,3,3,3,0.007849999999999998,'{img2sixel}' --threads=1 --precision=8bit --quality=full '--loaders=libpng!' --sampling-policy=full-frame --binning-policy=hard --quantize-model=kmeans:inittype=none:threshold=0.125:binbits=6:mapping=uniform:softdist=trilinear:feedback=0:prune=hamerly:seed=1:restarts=1:iter=20:miniter=0:polish_iter=0:feedback_slots=1:feedback_interval=1:sample_target=16384 -Xoklab -Wgamma --diffusion=none --gpu-policy=off --lookup-policy=none -F none -a off -p 32 -J '{timeline}' -o '{devnull}' '{input}'
f2c138d8f6aa0a90c89d019f85eaf9bb3efa5edb,macOS-26.5.1-arm64-arm-64bit-Mach-O,images/snake.png,32,adaptive-grid-hard,adaptive-grid,hard,kmeans:inittype=none:threshold=0.125:binbits=6:mapping=uniform:softdist=trilinear:feedback=0:prune=hamerly:seed=1:restarts=1:iter=20:miniter=0:polish_iter=0:feedback_slots=1:feedback_interval=1:sample_target=16384,palette-build,measured,3,3,4,0.0012240000000000003,'{img2sixel}' --threads=1 --precision=8bit --quality=full '--loaders=libpng!' --sampling-policy=adaptive-grid --binning-policy=hard --quantize-model=kmeans:inittype=none:threshold=0.125:binbits=6:mapping=uniform:softdist=trilinear:feedback=0:prune=hamerly:seed=1:restarts=1:iter=20:miniter=0:polish_iter=0:feedback_slots=1:feedback_interval=1:sample_target=16384 -Xoklab -Wgamma --diffusion=none --gpu-policy=off --lookup-policy=none -F none -a off -p 32 -J '{timeline}' -o '{devnull}' '{input}'
f2c138d8f6aa0a90c89d019f85eaf9bb3efa5edb,macOS-26.5.1-arm64-arm-64bit-Mach-O,images/snake.png,32,full-frame-hard,full-frame,hard,kmeans:inittype=none:threshold=0.125:binbits=6:mapping=uniform:softdist=trilinear:feedback=0:prune=hamerly:seed=1:restarts=1:iter=20:miniter=0:polish_iter=0:feedback_slots=1:feedback_interval=1:sample_target=16384,palette-build,washout,4,4,-1,0.007813,'{img2sixel}' --threads=1 --precision=8bit --quality=full '--loaders=libpng!' --sampling-policy=full-frame --binning-policy=hard --quantize-model=kmeans:inittype=none:threshold=0.125:binbits=6:mapping=uniform:softdist=trilinear:feedback=0:prune=hamerly:seed=1:restarts=1:iter=20:miniter=0:polish_iter=0:feedback_slots=1:feedback_interval=1:sample_target=16384 -Xoklab -Wgamma --diffusion=none --gpu-policy=off --lookup-policy=none -F none -a off -p 32 -J '{timeline}' -o '{devnull}' '{input}'
f2c138d8f6aa0a90c89d019f85eaf9bb3efa5edb,macOS-26.5.1-arm64-arm-64bit-Mach-O,images/snake.png,32,full-frame-soft,full-frame,soft,kmeans:inittype=none:threshold=0.125:binbits=6:mapping=uniform:softdist=trilinear:feedback=0:prune=hamerly:seed=1:restarts=1:iter=20:miniter=0:polish_iter=0:feedback_slots=1:feedback_interval=1:sample_target=16384,palette-build,measured,4,4,0,0.016682000000000002,'{img2sixel}' --threads=1 --precision=8bit --quality=full '--loaders=libpng!' --sampling-policy=full-frame --binning-policy=soft --quantize-model=kmeans:inittype=none:threshold=0.125:binbits=6:mapping=uniform:softdist=trilinear:feedback=0:prune=hamerly:seed=1:restarts=1:iter=20:miniter=0:polish_iter=0:feedback_slots=1:feedback_interval=1:sample_target=16384 -Xoklab -Wgamma --diffusion=none --gpu-policy=off --lookup-policy=none -F none -a off -p 32 -J '{timeline}' -o '{devnull}' '{input}'
f2c138d8f6aa0a90c89d019f85eaf9bb3efa5edb,macOS-26.5.1-arm64-arm-64bit-Mach-O,images/snake.png,32,full-frame-hard,full-frame,hard,kmeans:inittype=none:threshold=0.125:binbits=6:mapping=uniform:softdist=trilinear:feedback=0:prune=hamerly:seed=1:restarts=1:iter=20:miniter=0:polish_iter=0:feedback_slots=1:feedback_interval=1:sample_target=16384,palette-build,measured,4,4,1,0.007739999999999999,'{img2sixel}' --threads=1 --precision=8bit --quality=full '--loaders=libpng!' --sampling-policy=full-frame --binning-policy=hard --quantize-model=kmeans:inittype=none:threshold=0.125:binbits=6:mapping=uniform:softdist=trilinear:feedback=0:prune=hamerly:seed=1:restarts=1:iter=20:miniter=0:polish_iter=0:feedback_slots=1:feedback_interval=1:sample_target=16384 -Xoklab -Wgamma --diffusion=none --gpu-policy=off --lookup-policy=none -F none -a off -p 32 -J '{timeline}' -o '{devnull}' '{input}'
f2c138d8f6aa0a90c89d019f85eaf9bb3efa5edb,macOS-26.5.1-arm64-arm-64bit-Mach-O,images/snake.png,32,full-frame-exact,full-frame,exact,kmeans:inittype=none:threshold=0.125:binbits=6:mapping=uniform:softdist=trilinear:feedback=0:prune=hamerly:seed=1:restarts=1:iter=20:miniter=0:polish_iter=0:feedback_slots=1:feedback_interval=1:sample_target=16384,palette-build,measured,4,4,2,0.051655999999999994,'{img2sixel}' --threads=1 --precision=8bit --quality=full '--loaders=libpng!' --sampling-policy=full-frame --binning-policy=exact --quantize-model=kmeans:inittype=none:threshold=0.125:binbits=6:mapping=uniform:softdist=trilinear:feedback=0:prune=hamerly:seed=1:restarts=1:iter=20:miniter=0:polish_iter=0:feedback_slots=1:feedback_interval=1:sample_target=16384 -Xoklab -Wgamma --diffusion=none --gpu-policy=off --lookup-policy=none -F none -a off -p 32 -J '{timeline}' -o '{devnull}' '{input}'
f2c138d8f6aa0a90c89d019f85eaf9bb3efa5edb,macOS-26.5.1-arm64-arm-64bit-Mach-O,images/snake.png,32,adaptive-grid-hard,adaptive-grid,hard,kmeans:inittype=none:threshold=0.125:binbits=6:mapping=uniform:softdist=trilinear:feedback=0:prune=hamerly:seed=1:restarts=1:iter=20:miniter=0:polish_iter=0:feedback_slots=1:feedback_interval=1:sample_target=16384,palette-build,measured,4,4,3,0.001248,'{img2sixel}' --threads=1 --precision=8bit --quality=full '--loaders=libpng!' --sampling-policy=adaptive-grid --binning-policy=hard --quantize-model=kmeans:inittype=none:threshold=0.125:binbits=6:mapping=uniform:softdist=trilinear:feedback=0:prune=hamerly:seed=1:restarts=1:iter=20:miniter=0:polish_iter=0:feedback_slots=1:feedback_interval=1:sample_target=16384 -Xoklab -Wgamma --diffusion=none --gpu-policy=off --lookup-policy=none -F none -a off -p 32 -J '{timeline}' -o '{devnull}' '{input}'
f2c138d8f6aa0a90c89d019f85eaf9bb3efa5edb,macOS-26.5.1-arm64-arm-64bit-Mach-O,images/snake.png,32,full-frame-none,full-frame,none,kmeans:inittype=none:threshold=0.125:binbits=6:mapping=uniform:softdist=trilinear:feedback=0:prune=hamerly:seed=1:restarts=1:iter=20:miniter=0:polish_iter=0:feedback_slots=1:feedback_interval=1:sample_target=16384,palette-build,measured,4,4,4,0.100038,'{img2sixel}' --threads=1 --precision=8bit --quality=full '--loaders=libpng!' --sampling-policy=full-frame --binning-policy=none --quantize-model=kmeans:inittype=none:threshold=0.125:binbits=6:mapping=uniform:softdist=trilinear:feedback=0:prune=hamerly:seed=1:restarts=1:iter=20:miniter=0:polish_iter=0:feedback_slots=1:feedback_interval=1:sample_target=16384 -Xoklab -Wgamma --diffusion=none --gpu-policy=off --lookup-policy=none -F none -a off -p 32 -J '{timeline}' -o '{devnull}' '{input}'
f2c138d8f6aa0a90c89d019f85eaf9bb3efa5edb,macOS-26.5.1-arm64-arm-64bit-Mach-O,images/snake.png,32,full-frame-hard,full-frame,hard,kmeans:inittype=none:threshold=0.125:binbits=6:mapping=uniform:softdist=trilinear:feedback=0:prune=hamerly:seed=1:restarts=1:iter=20:miniter=0:polish_iter=0:feedback_slots=1:feedback_interval=1:sample_target=16384,palette-build,washout,5,5,-1,0.008073,'{img2sixel}' --threads=1 --precision=8bit --quality=full '--loaders=libpng!' --sampling-policy=full-frame --binning-policy=hard --quantize-model=kmeans:inittype=none:threshold=0.125:binbits=6:mapping=uniform:softdist=trilinear:feedback=0:prune=hamerly:seed=1:restarts=1:iter=20:miniter=0:polish_iter=0:feedback_slots=1:feedback_interval=1:sample_target=16384 -Xoklab -Wgamma --diffusion=none --gpu-policy=off --lookup-policy=none -F none -a off -p 32 -J '{timeline}' -o '{devnull}' '{input}'
f2c138d8f6aa0a90c89d019f85eaf9bb3efa5edb,macOS-26.5.1-arm64-arm-64bit-Mach-O,images/snake.png,32,full-frame-exact,full-frame,exact,kmeans:inittype=none:threshold=0.125:binbits=6:mapping=uniform:softdist=trilinear:feedback=0:prune=hamerly:seed=1:restarts=1:iter=20:miniter=0:polish_iter=0:feedback_slots=1:feedback_interval=1:sample_target=16384,palette-build,measured,5,5,0,0.051695000000000005,'{img2sixel}' --threads=1 --precision=8bit --quality=full '--loaders=libpng!' --sampling-policy=full-frame --binning-policy=exact --quantize-model=kmeans:inittype=none:threshold=0.125:binbits=6:mapping=uniform:softdist=trilinear:feedback=0:prune=hamerly:seed=1:restarts=1:iter=20:miniter=0:polish_iter=0:feedback_slots=1:feedback_interval=1:sample_target=16384 -Xoklab -Wgamma --diffusion=none --gpu-policy=off --lookup-policy=none -F none -a off -p 32 -J '{timeline}' -o '{devnull}' '{input}'
f2c138d8f6aa0a90c89d019f85eaf9bb3efa5edb,macOS-26.5.1-arm64-arm-64bit-Mach-O,images/snake.png,32,full-frame-none,full-frame,none,kmeans:inittype=none:threshold=0.125:binbits=6:mapping=uniform:softdist=trilinear:feedback=0:prune=hamerly:seed=1:restarts=1:iter=20:miniter=0:polish_iter=0:feedback_slots=1:feedback_interval=1:sample_target=16384,palette-build,measured,5,5,1,0.104411,'{img2sixel}' --threads=1 --precision=8bit --quality=full '--loaders=libpng!' --sampling-policy=full-frame --binning-policy=none --quantize-model=kmeans:inittype=none:threshold=0.125:binbits=6:mapping=uniform:softdist=trilinear:feedback=0:prune=hamerly:seed=1:restarts=1:iter=20:miniter=0:polish_iter=0:feedback_slots=1:feedback_interval=1:sample_target=16384 -Xoklab -Wgamma --diffusion=none --gpu-policy=off --lookup-policy=none -F none -a off -p 32 -J '{timeline}' -o '{devnull}' '{input}'
f2c138d8f6aa0a90c89d019f85eaf9bb3efa5edb,macOS-26.5.1-arm64-arm-64bit-Mach-O,images/snake.png,32,full-frame-soft,full-frame,soft,kmeans:inittype=none:threshold=0.125:binbits=6:mapping=uniform:softdist=trilinear:feedback=0:prune=hamerly:seed=1:restarts=1:iter=20:miniter=0:polish_iter=0:feedback_slots=1:feedback_interval=1:sample_target=16384,palette-build,measured,5,5,2,0.016809000000000004,'{img2sixel}' --threads=1 --precision=8bit --quality=full '--loaders=libpng!' --sampling-policy=full-frame --binning-policy=soft --quantize-model=kmeans:inittype=none:threshold=0.125:binbits=6:mapping=uniform:softdist=trilinear:feedback=0:prune=hamerly:seed=1:restarts=1:iter=20:miniter=0:polish_iter=0:feedback_slots=1:feedback_interval=1:sample_target=16384 -Xoklab -Wgamma --diffusion=none --gpu-policy=off --lookup-policy=none -F none -a off -p 32 -J '{timeline}' -o '{devnull}' '{input}'
f2c138d8f6aa0a90c89d019f85eaf9bb3efa5edb,macOS-26.5.1-arm64-arm-64bit-Mach-O,images/snake.png,32,adaptive-grid-hard,adaptive-grid,hard,kmeans:inittype=none:threshold=0.125:binbits=6:mapping=uniform:softdist=trilinear:feedback=0:prune=hamerly:seed=1:restarts=1:iter=20:miniter=0:polish_iter=0:feedback_slots=1:feedback_interval=1:sample_target=16384,palette-build,measured,5,5,3,0.001261,'{img2sixel}' --threads=1 --precision=8bit --quality=full '--loaders=libpng!' --sampling-policy=adaptive-grid --binning-policy=hard --quantize-model=kmeans:inittype=none:threshold=0.125:binbits=6:mapping=uniform:softdist=trilinear:feedback=0:prune=hamerly:seed=1:restarts=1:iter=20:miniter=0:polish_iter=0:feedback_slots=1:feedback_interval=1:sample_target=16384 -Xoklab -Wgamma --diffusion=none --gpu-policy=off --lookup-policy=none -F none -a off -p 32 -J '{timeline}' -o '{devnull}' '{input}'
f2c138d8f6aa0a90c89d019f85eaf9bb3efa5edb,macOS-26.5.1-arm64-arm-64bit-Mach-O,images/snake.png,32,full-frame-hard,full-frame,hard,kmeans:inittype=none:threshold=0.125:binbits=6:mapping=uniform:softdist=trilinear:feedback=0:prune=hamerly:seed=1:restarts=1:iter=20:miniter=0:polish_iter=0:feedback_slots=1:feedback_interval=1:sample_target=16384,palette-build,measured,5,5,4,0.007739999999999999,'{img2sixel}' --threads=1 --precision=8bit --quality=full '--loaders=libpng!' --sampling-policy=full-frame --binning-policy=hard --quantize-model=kmeans:inittype=none:threshold=0.125:binbits=6:mapping=uniform:softdist=trilinear:feedback=0:prune=hamerly:seed=1:restarts=1:iter=20:miniter=0:polish_iter=0:feedback_slots=1:feedback_interval=1:sample_target=16384 -Xoklab -Wgamma --diffusion=none --gpu-policy=off --lookup-policy=none -F none -a off -p 32 -J '{timeline}' -o '{devnull}' '{input}'
f2c138d8f6aa0a90c89d019f85eaf9bb3efa5edb,macOS-26.5.1-arm64-arm-64bit-Mach-O,images/snake.png,32,full-frame-hard,full-frame,hard,kmeans:inittype=none:threshold=0.125:binbits=6:mapping=uniform:softdist=trilinear:feedback=0:prune=hamerly:seed=1:restarts=1:iter=20:miniter=0:polish_iter=0:feedback_slots=1:feedback_interval=1:sample_target=16384,palette-build,washout,6,6,-1,0.007775000000000001,'{img2sixel}' --threads=1 --precision=8bit --quality=full '--loaders=libpng!' --sampling-policy=full-frame --binning-policy=hard --quantize-model=kmeans:inittype=none:threshold=0.125:binbits=6:mapping=uniform:softdist=trilinear:feedback=0:prune=hamerly:seed=1:restarts=1:iter=20:miniter=0:polish_iter=0:feedback_slots=1:feedback_interval=1:sample_target=16384 -Xoklab -Wgamma --diffusion=none --gpu-policy=off --lookup-policy=none -F none -a off -p 32 -J '{timeline}' -o '{devnull}' '{input}'
f2c138d8f6aa0a90c89d019f85eaf9bb3efa5edb,macOS-26.5.1-arm64-arm-64bit-Mach-O,images/snake.png,32,full-frame-soft,full-frame,soft,kmeans:inittype=none:threshold=0.125:binbits=6:mapping=uniform:softdist=trilinear:feedback=0:prune=hamerly:seed=1:restarts=1:iter=20:miniter=0:polish_iter=0:feedback_slots=1:feedback_interval=1:sample_target=16384,palette-build,measured,6,6,0,0.016527,'{img2sixel}' --threads=1 --precision=8bit --quality=full '--loaders=libpng!' --sampling-policy=full-frame --binning-policy=soft --quantize-model=kmeans:inittype=none:threshold=0.125:binbits=6:mapping=uniform:softdist=trilinear:feedback=0:prune=hamerly:seed=1:restarts=1:iter=20:miniter=0:polish_iter=0:feedback_slots=1:feedback_interval=1:sample_target=16384 -Xoklab -Wgamma --diffusion=none --gpu-policy=off --lookup-policy=none -F none -a off -p 32 -J '{timeline}' -o '{devnull}' '{input}'
f2c138d8f6aa0a90c89d019f85eaf9bb3efa5edb,macOS-26.5.1-arm64-arm-64bit-Mach-O,images/snake.png,32,full-frame-exact,full-frame,exact,kmeans:inittype=none:threshold=0.125:binbits=6:mapping=uniform:softdist=trilinear:feedback=0:prune=hamerly:seed=1:restarts=1:iter=20:miniter=0:polish_iter=0:feedback_slots=1:feedback_interval=1:sample_target=16384,palette-build,measured,6,6,1,0.051718,'{img2sixel}' --threads=1 --precision=8bit --quality=full '--loaders=libpng!' --sampling-policy=full-frame --binning-policy=exact --quantize-model=kmeans:inittype=none:threshold=0.125:binbits=6:mapping=uniform:softdist=trilinear:feedback=0:prune=hamerly:seed=1:restarts=1:iter=20:miniter=0:polish_iter=0:feedback_slots=1:feedback_interval=1:sample_target=16384 -Xoklab -Wgamma --diffusion=none --gpu-policy=off --lookup-policy=none -F none -a off -p 32 -J '{timeline}' -o '{devnull}' '{input}'
f2c138d8f6aa0a90c89d019f85eaf9bb3efa5edb,macOS-26.5.1-arm64-arm-64bit-Mach-O,images/snake.png,32,full-frame-hard,full-frame,hard,kmeans:inittype=none:threshold=0.125:binbits=6:mapping=uniform:softdist=trilinear:feedback=0:prune=hamerly:seed=1:restarts=1:iter=20:miniter=0:polish_iter=0:feedback_slots=1:feedback_interval=1:sample_target=16384,palette-build,measured,6,6,2,0.007716000000000001,'{img2sixel}' --threads=1 --precision=8bit --quality=full '--loaders=libpng!' --sampling-policy=full-frame --binning-policy=hard --quantize-model=kmeans:inittype=none:threshold=0.125:binbits=6:mapping=uniform:softdist=trilinear:feedback=0:prune=hamerly:seed=1:restarts=1:iter=20:miniter=0:polish_iter=0:feedback_slots=1:feedback_interval=1:sample_target=16384 -Xoklab -Wgamma --diffusion=none --gpu-policy=off --lookup-policy=none -F none -a off -p 32 -J '{timeline}' -o '{devnull}' '{input}'
f2c138d8f6aa0a90c89d019f85eaf9bb3efa5edb,macOS-26.5.1-arm64-arm-64bit-Mach-O,images/snake.png,32,full-frame-none,full-frame,none,kmeans:inittype=none:threshold=0.125:binbits=6:mapping=uniform:softdist=trilinear:feedback=0:prune=hamerly:seed=1:restarts=1:iter=20:miniter=0:polish_iter=0:feedback_slots=1:feedback_interval=1:sample_target=16384,palette-build,measured,6,6,3,0.100276,'{img2sixel}' --threads=1 --precision=8bit --quality=full '--loaders=libpng!' --sampling-policy=full-frame --binning-policy=none --quantize-model=kmeans:inittype=none:threshold=0.125:binbits=6:mapping=uniform:softdist=trilinear:feedback=0:prune=hamerly:seed=1:restarts=1:iter=20:miniter=0:polish_iter=0:feedback_slots=1:feedback_interval=1:sample_target=16384 -Xoklab -Wgamma --diffusion=none --gpu-policy=off --lookup-policy=none -F none -a off -p 32 -J '{timeline}' -o '{devnull}' '{input}'
f2c138d8f6aa0a90c89d019f85eaf9bb3efa5edb,macOS-26.5.1-arm64-arm-64bit-Mach-O,images/snake.png,32,adaptive-grid-hard,adaptive-grid,hard,kmeans:inittype=none:threshold=0.125:binbits=6:mapping=uniform:softdist=trilinear:feedback=0:prune=hamerly:seed=1:restarts=1:iter=20:miniter=0:polish_iter=0:feedback_slots=1:feedback_interval=1:sample_target=16384,palette-build,measured,6,6,4,0.0012710000000000004,'{img2sixel}' --threads=1 --precision=8bit --quality=full '--loaders=libpng!' --sampling-policy=adaptive-grid --binning-policy=hard --quantize-model=kmeans:inittype=none:threshold=0.125:binbits=6:mapping=uniform:softdist=trilinear:feedback=0:prune=hamerly:seed=1:restarts=1:iter=20:miniter=0:polish_iter=0:feedback_slots=1:feedback_interval=1:sample_target=16384 -Xoklab -Wgamma --diffusion=none --gpu-policy=off --lookup-policy=none -F none -a off -p 32 -J '{timeline}' -o '{devnull}' '{input}'
f2c138d8f6aa0a90c89d019f85eaf9bb3efa5edb,macOS-26.5.1-arm64-arm-64bit-Mach-O,images/snake.png,32,full-frame-hard,full-frame,hard,kmeans:inittype=none:threshold=0.125:binbits=6:mapping=uniform:softdist=trilinear:feedback=0:prune=hamerly:seed=1:restarts=1:iter=20:miniter=0:polish_iter=0:feedback_slots=1:feedback_interval=1:sample_target=16384,palette-build,washout,7,7,-1,0.007778,'{img2sixel}' --threads=1 --precision=8bit --quality=full '--loaders=libpng!' --sampling-policy=full-frame --binning-policy=hard --quantize-model=kmeans:inittype=none:threshold=0.125:binbits=6:mapping=uniform:softdist=trilinear:feedback=0:prune=hamerly:seed=1:restarts=1:iter=20:miniter=0:polish_iter=0:feedback_slots=1:feedback_interval=1:sample_target=16384 -Xoklab -Wgamma --diffusion=none --gpu-policy=off --lookup-policy=none -F none -a off -p 32 -J '{timeline}' -o '{devnull}' '{input}'
f2c138d8f6aa0a90c89d019f85eaf9bb3efa5edb,macOS-26.5.1-arm64-arm-64bit-Mach-O,images/snake.png,32,full-frame-hard,full-frame,hard,kmeans:inittype=none:threshold=0.125:binbits=6:mapping=uniform:softdist=trilinear:feedback=0:prune=hamerly:seed=1:restarts=1:iter=20:miniter=0:polish_iter=0:feedback_slots=1:feedback_interval=1:sample_target=16384,palette-build,measured,7,7,0,0.007743000000000002,'{img2sixel}' --threads=1 --precision=8bit --quality=full '--loaders=libpng!' --sampling-policy=full-frame --binning-policy=hard --quantize-model=kmeans:inittype=none:threshold=0.125:binbits=6:mapping=uniform:softdist=trilinear:feedback=0:prune=hamerly:seed=1:restarts=1:iter=20:miniter=0:polish_iter=0:feedback_slots=1:feedback_interval=1:sample_target=16384 -Xoklab -Wgamma --diffusion=none --gpu-policy=off --lookup-policy=none -F none -a off -p 32 -J '{timeline}' -o '{devnull}' '{input}'
f2c138d8f6aa0a90c89d019f85eaf9bb3efa5edb,macOS-26.5.1-arm64-arm-64bit-Mach-O,images/snake.png,32,full-frame-soft,full-frame,soft,kmeans:inittype=none:threshold=0.125:binbits=6:mapping=uniform:softdist=trilinear:feedback=0:prune=hamerly:seed=1:restarts=1:iter=20:miniter=0:polish_iter=0:feedback_slots=1:feedback_interval=1:sample_target=16384,palette-build,measured,7,7,1,0.016629,'{img2sixel}' --threads=1 --precision=8bit --quality=full '--loaders=libpng!' --sampling-policy=full-frame --binning-policy=soft --quantize-model=kmeans:inittype=none:threshold=0.125:binbits=6:mapping=uniform:softdist=trilinear:feedback=0:prune=hamerly:seed=1:restarts=1:iter=20:miniter=0:polish_iter=0:feedback_slots=1:feedback_interval=1:sample_target=16384 -Xoklab -Wgamma --diffusion=none --gpu-policy=off --lookup-policy=none -F none -a off -p 32 -J '{timeline}' -o '{devnull}' '{input}'
f2c138d8f6aa0a90c89d019f85eaf9bb3efa5edb,macOS-26.5.1-arm64-arm-64bit-Mach-O,images/snake.png,32,adaptive-grid-hard,adaptive-grid,hard,kmeans:inittype=none:threshold=0.125:binbits=6:mapping=uniform:softdist=trilinear:feedback=0:prune=hamerly:seed=1:restarts=1:iter=20:miniter=0:polish_iter=0:feedback_slots=1:feedback_interval=1:sample_target=16384,palette-build,measured,7,7,2,0.001242,'{img2sixel}' --threads=1 --precision=8bit --quality=full '--loaders=libpng!' --sampling-policy=adaptive-grid --binning-policy=hard --quantize-model=kmeans:inittype=none:threshold=0.125:binbits=6:mapping=uniform:softdist=trilinear:feedback=0:prune=hamerly:seed=1:restarts=1:iter=20:miniter=0:polish_iter=0:feedback_slots=1:feedback_interval=1:sample_target=16384 -Xoklab -Wgamma --diffusion=none --gpu-policy=off --lookup-policy=none -F none -a off -p 32 -J '{timeline}' -o '{devnull}' '{input}'
f2c138d8f6aa0a90c89d019f85eaf9bb3efa5edb,macOS-26.5.1-arm64-arm-64bit-Mach-O,images/snake.png,32,full-frame-exact,full-frame,exact,kmeans:inittype=none:threshold=0.125:binbits=6:mapping=uniform:softdist=trilinear:feedback=0:prune=hamerly:seed=1:restarts=1:iter=20:miniter=0:polish_iter=0:feedback_slots=1:feedback_interval=1:sample_target=16384,palette-build,measured,7,7,3,0.05213,'{img2sixel}' --threads=1 --precision=8bit --quality=full '--loaders=libpng!' --sampling-policy=full-frame --binning-policy=exact --quantize-model=kmeans:inittype=none:threshold=0.125:binbits=6:mapping=uniform:softdist=trilinear:feedback=0:prune=hamerly:seed=1:restarts=1:iter=20:miniter=0:polish_iter=0:feedback_slots=1:feedback_interval=1:sample_target=16384 -Xoklab -Wgamma --diffusion=none --gpu-policy=off --lookup-policy=none -F none -a off -p 32 -J '{timeline}' -o '{devnull}' '{input}'
f2c138d8f6aa0a90c89d019f85eaf9bb3efa5edb,macOS-26.5.1-arm64-arm-64bit-Mach-O,images/snake.png,32,full-frame-none,full-frame,none,kmeans:inittype=none:threshold=0.125:binbits=6:mapping=uniform:softdist=trilinear:feedback=0:prune=hamerly:seed=1:restarts=1:iter=20:miniter=0:polish_iter=0:feedback_slots=1:feedback_interval=1:sample_target=16384,palette-build,measured,7,7,4,0.10024,'{img2sixel}' --threads=1 --precision=8bit --quality=full '--loaders=libpng!' --sampling-policy=full-frame --binning-policy=none --quantize-model=kmeans:inittype=none:threshold=0.125:binbits=6:mapping=uniform:softdist=trilinear:feedback=0:prune=hamerly:seed=1:restarts=1:iter=20:miniter=0:polish_iter=0:feedback_slots=1:feedback_interval=1:sample_target=16384 -Xoklab -Wgamma --diffusion=none --gpu-policy=off --lookup-policy=none -F none -a off -p 32 -J '{timeline}' -o '{devnull}' '{input}'
f2c138d8f6aa0a90c89d019f85eaf9bb3efa5edb,macOS-26.5.1-arm64-arm-64bit-Mach-O,images/snake.png,32,full-frame-hard,full-frame,hard,kmeans:inittype=none:threshold=0.125:binbits=6:mapping=uniform:softdist=trilinear:feedback=0:prune=hamerly:seed=1:restarts=1:iter=20:miniter=0:polish_iter=0:feedback_slots=1:feedback_interval=1:sample_target=16384,palette-build,washout,8,8,-1,0.007704999999999998,'{img2sixel}' --threads=1 --precision=8bit --quality=full '--loaders=libpng!' --sampling-policy=full-frame --binning-policy=hard --quantize-model=kmeans:inittype=none:threshold=0.125:binbits=6:mapping=uniform:softdist=trilinear:feedback=0:prune=hamerly:seed=1:restarts=1:iter=20:miniter=0:polish_iter=0:feedback_slots=1:feedback_interval=1:sample_target=16384 -Xoklab -Wgamma --diffusion=none --gpu-policy=off --lookup-policy=none -F none -a off -p 32 -J '{timeline}' -o '{devnull}' '{input}'
f2c138d8f6aa0a90c89d019f85eaf9bb3efa5edb,macOS-26.5.1-arm64-arm-64bit-Mach-O,images/snake.png,32,adaptive-grid-hard,adaptive-grid,hard,kmeans:inittype=none:threshold=0.125:binbits=6:mapping=uniform:softdist=trilinear:feedback=0:prune=hamerly:seed=1:restarts=1:iter=20:miniter=0:polish_iter=0:feedback_slots=1:feedback_interval=1:sample_target=16384,palette-build,measured,8,8,0,0.0012180000000000003,'{img2sixel}' --threads=1 --precision=8bit --quality=full '--loaders=libpng!' --sampling-policy=adaptive-grid --binning-policy=hard --quantize-model=kmeans:inittype=none:threshold=0.125:binbits=6:mapping=uniform:softdist=trilinear:feedback=0:prune=hamerly:seed=1:restarts=1:iter=20:miniter=0:polish_iter=0:feedback_slots=1:feedback_interval=1:sample_target=16384 -Xoklab -Wgamma --diffusion=none --gpu-policy=off --lookup-policy=none -F none -a off -p 32 -J '{timeline}' -o '{devnull}' '{input}'
f2c138d8f6aa0a90c89d019f85eaf9bb3efa5edb,macOS-26.5.1-arm64-arm-64bit-Mach-O,images/snake.png,32,full-frame-hard,full-frame,hard,kmeans:inittype=none:threshold=0.125:binbits=6:mapping=uniform:softdist=trilinear:feedback=0:prune=hamerly:seed=1:restarts=1:iter=20:miniter=0:polish_iter=0:feedback_slots=1:feedback_interval=1:sample_target=16384,palette-build,measured,8,8,1,0.007673000000000001,'{img2sixel}' --threads=1 --precision=8bit --quality=full '--loaders=libpng!' --sampling-policy=full-frame --binning-policy=hard --quantize-model=kmeans:inittype=none:threshold=0.125:binbits=6:mapping=uniform:softdist=trilinear:feedback=0:prune=hamerly:seed=1:restarts=1:iter=20:miniter=0:polish_iter=0:feedback_slots=1:feedback_interval=1:sample_target=16384 -Xoklab -Wgamma --diffusion=none --gpu-policy=off --lookup-policy=none -F none -a off -p 32 -J '{timeline}' -o '{devnull}' '{input}'
f2c138d8f6aa0a90c89d019f85eaf9bb3efa5edb,macOS-26.5.1-arm64-arm-64bit-Mach-O,images/snake.png,32,full-frame-none,full-frame,none,kmeans:inittype=none:threshold=0.125:binbits=6:mapping=uniform:softdist=trilinear:feedback=0:prune=hamerly:seed=1:restarts=1:iter=20:miniter=0:polish_iter=0:feedback_slots=1:feedback_interval=1:sample_target=16384,palette-build,measured,8,8,2,0.100205,'{img2sixel}' --threads=1 --precision=8bit --quality=full '--loaders=libpng!' --sampling-policy=full-frame --binning-policy=none --quantize-model=kmeans:inittype=none:threshold=0.125:binbits=6:mapping=uniform:softdist=trilinear:feedback=0:prune=hamerly:seed=1:restarts=1:iter=20:miniter=0:polish_iter=0:feedback_slots=1:feedback_interval=1:sample_target=16384 -Xoklab -Wgamma --diffusion=none --gpu-policy=off --lookup-policy=none -F none -a off -p 32 -J '{timeline}' -o '{devnull}' '{input}'
f2c138d8f6aa0a90c89d019f85eaf9bb3efa5edb,macOS-26.5.1-arm64-arm-64bit-Mach-O,images/snake.png,32,full-frame-soft,full-frame,soft,kmeans:inittype=none:threshold=0.125:binbits=6:mapping=uniform:softdist=trilinear:feedback=0:prune=hamerly:seed=1:restarts=1:iter=20:miniter=0:polish_iter=0:feedback_slots=1:feedback_interval=1:sample_target=16384,palette-build,measured,8,8,3,0.016515000000000002,'{img2sixel}' --threads=1 --precision=8bit --quality=full '--loaders=libpng!' --sampling-policy=full-frame --binning-policy=soft --quantize-model=kmeans:inittype=none:threshold=0.125:binbits=6:mapping=uniform:softdist=trilinear:feedback=0:prune=hamerly:seed=1:restarts=1:iter=20:miniter=0:polish_iter=0:feedback_slots=1:feedback_interval=1:sample_target=16384 -Xoklab -Wgamma --diffusion=none --gpu-policy=off --lookup-policy=none -F none -a off -p 32 -J '{timeline}' -o '{devnull}' '{input}'
f2c138d8f6aa0a90c89d019f85eaf9bb3efa5edb,macOS-26.5.1-arm64-arm-64bit-Mach-O,images/snake.png,32,full-frame-exact,full-frame,exact,kmeans:inittype=none:threshold=0.125:binbits=6:mapping=uniform:softdist=trilinear:feedback=0:prune=hamerly:seed=1:restarts=1:iter=20:miniter=0:polish_iter=0:feedback_slots=1:feedback_interval=1:sample_target=16384,palette-build,measured,8,8,4,0.051595,'{img2sixel}' --threads=1 --precision=8bit --quality=full '--loaders=libpng!' --sampling-policy=full-frame --binning-policy=exact --quantize-model=kmeans:inittype=none:threshold=0.125:binbits=6:mapping=uniform:softdist=trilinear:feedback=0:prune=hamerly:seed=1:restarts=1:iter=20:miniter=0:polish_iter=0:feedback_slots=1:feedback_interval=1:sample_target=16384 -Xoklab -Wgamma --diffusion=none --gpu-policy=off --lookup-policy=none -F none -a off -p 32 -J '{timeline}' -o '{devnull}' '{input}'
f2c138d8f6aa0a90c89d019f85eaf9bb3efa5edb,macOS-26.5.1-arm64-arm-64bit-Mach-O,images/snake.png,32,full-frame-hard,full-frame,hard,kmeans:inittype=none:threshold=0.125:binbits=6:mapping=uniform:softdist=trilinear:feedback=0:prune=hamerly:seed=1:restarts=1:iter=20:miniter=0:polish_iter=0:feedback_slots=1:feedback_interval=1:sample_target=16384,palette-build,washout,9,9,-1,0.007721000000000002,'{img2sixel}' --threads=1 --precision=8bit --quality=full '--loaders=libpng!' --sampling-policy=full-frame --binning-policy=hard --quantize-model=kmeans:inittype=none:threshold=0.125:binbits=6:mapping=uniform:softdist=trilinear:feedback=0:prune=hamerly:seed=1:restarts=1:iter=20:miniter=0:polish_iter=0:feedback_slots=1:feedback_interval=1:sample_target=16384 -Xoklab -Wgamma --diffusion=none --gpu-policy=off --lookup-policy=none -F none -a off -p 32 -J '{timeline}' -o '{devnull}' '{input}'
f2c138d8f6aa0a90c89d019f85eaf9bb3efa5edb,macOS-26.5.1-arm64-arm-64bit-Mach-O,images/snake.png,32,full-frame-none,full-frame,none,kmeans:inittype=none:threshold=0.125:binbits=6:mapping=uniform:softdist=trilinear:feedback=0:prune=hamerly:seed=1:restarts=1:iter=20:miniter=0:polish_iter=0:feedback_slots=1:feedback_interval=1:sample_target=16384,palette-build,measured,9,9,0,0.10019700000000001,'{img2sixel}' --threads=1 --precision=8bit --quality=full '--loaders=libpng!' --sampling-policy=full-frame --binning-policy=none --quantize-model=kmeans:inittype=none:threshold=0.125:binbits=6:mapping=uniform:softdist=trilinear:feedback=0:prune=hamerly:seed=1:restarts=1:iter=20:miniter=0:polish_iter=0:feedback_slots=1:feedback_interval=1:sample_target=16384 -Xoklab -Wgamma --diffusion=none --gpu-policy=off --lookup-policy=none -F none -a off -p 32 -J '{timeline}' -o '{devnull}' '{input}'
f2c138d8f6aa0a90c89d019f85eaf9bb3efa5edb,macOS-26.5.1-arm64-arm-64bit-Mach-O,images/snake.png,32,adaptive-grid-hard,adaptive-grid,hard,kmeans:inittype=none:threshold=0.125:binbits=6:mapping=uniform:softdist=trilinear:feedback=0:prune=hamerly:seed=1:restarts=1:iter=20:miniter=0:polish_iter=0:feedback_slots=1:feedback_interval=1:sample_target=16384,palette-build,measured,9,9,1,0.0012230000000000001,'{img2sixel}' --threads=1 --precision=8bit --quality=full '--loaders=libpng!' --sampling-policy=adaptive-grid --binning-policy=hard --quantize-model=kmeans:inittype=none:threshold=0.125:binbits=6:mapping=uniform:softdist=trilinear:feedback=0:prune=hamerly:seed=1:restarts=1:iter=20:miniter=0:polish_iter=0:feedback_slots=1:feedback_interval=1:sample_target=16384 -Xoklab -Wgamma --diffusion=none --gpu-policy=off --lookup-policy=none -F none -a off -p 32 -J '{timeline}' -o '{devnull}' '{input}'
f2c138d8f6aa0a90c89d019f85eaf9bb3efa5edb,macOS-26.5.1-arm64-arm-64bit-Mach-O,images/snake.png,32,full-frame-exact,full-frame,exact,kmeans:inittype=none:threshold=0.125:binbits=6:mapping=uniform:softdist=trilinear:feedback=0:prune=hamerly:seed=1:restarts=1:iter=20:miniter=0:polish_iter=0:feedback_slots=1:feedback_interval=1:sample_target=16384,palette-build,measured,9,9,2,0.0517,'{img2sixel}' --threads=1 --precision=8bit --quality=full '--loaders=libpng!' --sampling-policy=full-frame --binning-policy=exact --quantize-model=kmeans:inittype=none:threshold=0.125:binbits=6:mapping=uniform:softdist=trilinear:feedback=0:prune=hamerly:seed=1:restarts=1:iter=20:miniter=0:polish_iter=0:feedback_slots=1:feedback_interval=1:sample_target=16384 -Xoklab -Wgamma --diffusion=none --gpu-policy=off --lookup-policy=none -F none -a off -p 32 -J '{timeline}' -o '{devnull}' '{input}'
f2c138d8f6aa0a90c89d019f85eaf9bb3efa5edb,macOS-26.5.1-arm64-arm-64bit-Mach-O,images/snake.png,32,full-frame-hard,full-frame,hard,kmeans:inittype=none:threshold=0.125:binbits=6:mapping=uniform:softdist=trilinear:feedback=0:prune=hamerly:seed=1:restarts=1:iter=20:miniter=0:polish_iter=0:feedback_slots=1:feedback_interval=1:sample_target=16384,palette-build,measured,9,9,3,0.007690999999999998,'{img2sixel}' --threads=1 --precision=8bit --quality=full '--loaders=libpng!' --sampling-policy=full-frame --binning-policy=hard --quantize-model=kmeans:inittype=none:threshold=0.125:binbits=6:mapping=uniform:softdist=trilinear:feedback=0:prune=hamerly:seed=1:restarts=1:iter=20:miniter=0:polish_iter=0:feedback_slots=1:feedback_interval=1:sample_target=16384 -Xoklab -Wgamma --diffusion=none --gpu-policy=off --lookup-policy=none -F none -a off -p 32 -J '{timeline}' -o '{devnull}' '{input}'
f2c138d8f6aa0a90c89d019f85eaf9bb3efa5edb,macOS-26.5.1-arm64-arm-64bit-Mach-O,images/snake.png,32,full-frame-soft,full-frame,soft,kmeans:inittype=none:threshold=0.125:binbits=6:mapping=uniform:softdist=trilinear:feedback=0:prune=hamerly:seed=1:restarts=1:iter=20:miniter=0:polish_iter=0:feedback_slots=1:feedback_interval=1:sample_target=16384,palette-build,measured,9,9,4,0.016510000000000004,'{img2sixel}' --threads=1 --precision=8bit --quality=full '--loaders=libpng!' --sampling-policy=full-frame --binning-policy=soft --quantize-model=kmeans:inittype=none:threshold=0.125:binbits=6:mapping=uniform:softdist=trilinear:feedback=0:prune=hamerly:seed=1:restarts=1:iter=20:miniter=0:polish_iter=0:feedback_slots=1:feedback_interval=1:sample_target=16384 -Xoklab -Wgamma --diffusion=none --gpu-policy=off --lookup-policy=none -F none -a off -p 32 -J '{timeline}' -o '{devnull}' '{input}'
f2c138d8f6aa0a90c89d019f85eaf9bb3efa5edb,macOS-26.5.1-arm64-arm-64bit-Mach-O,images/snake.png,32,full-frame-hard,full-frame,hard,kmeans:inittype=none:threshold=0.125:binbits=6:mapping=uniform:softdist=trilinear:feedback=0:prune=hamerly:seed=1:restarts=1:iter=20:miniter=0:polish_iter=0:feedback_slots=1:feedback_interval=1:sample_target=16384,palette-build,washout,10,0,-1,0.007667,'{img2sixel}' --threads=1 --precision=8bit --quality=full '--loaders=libpng!' --sampling-policy=full-frame --binning-policy=hard --quantize-model=kmeans:inittype=none:threshold=0.125:binbits=6:mapping=uniform:softdist=trilinear:feedback=0:prune=hamerly:seed=1:restarts=1:iter=20:miniter=0:polish_iter=0:feedback_slots=1:feedback_interval=1:sample_target=16384 -Xoklab -Wgamma --diffusion=none --gpu-policy=off --lookup-policy=none -F none -a off -p 32 -J '{timeline}' -o '{devnull}' '{input}'
f2c138d8f6aa0a90c89d019f85eaf9bb3efa5edb,macOS-26.5.1-arm64-arm-64bit-Mach-O,images/snake.png,32,full-frame-hard,full-frame,hard,kmeans:inittype=none:threshold=0.125:binbits=6:mapping=uniform:softdist=trilinear:feedback=0:prune=hamerly:seed=1:restarts=1:iter=20:miniter=0:polish_iter=0:feedback_slots=1:feedback_interval=1:sample_target=16384,palette-build,measured,10,0,0,0.007730000000000001,'{img2sixel}' --threads=1 --precision=8bit --quality=full '--loaders=libpng!' --sampling-policy=full-frame --binning-policy=hard --quantize-model=kmeans:inittype=none:threshold=0.125:binbits=6:mapping=uniform:softdist=trilinear:feedback=0:prune=hamerly:seed=1:restarts=1:iter=20:miniter=0:polish_iter=0:feedback_slots=1:feedback_interval=1:sample_target=16384 -Xoklab -Wgamma --diffusion=none --gpu-policy=off --lookup-policy=none -F none -a off -p 32 -J '{timeline}' -o '{devnull}' '{input}'
f2c138d8f6aa0a90c89d019f85eaf9bb3efa5edb,macOS-26.5.1-arm64-arm-64bit-Mach-O,images/snake.png,32,adaptive-grid-hard,adaptive-grid,hard,kmeans:inittype=none:threshold=0.125:binbits=6:mapping=uniform:softdist=trilinear:feedback=0:prune=hamerly:seed=1:restarts=1:iter=20:miniter=0:polish_iter=0:feedback_slots=1:feedback_interval=1:sample_target=16384,palette-build,measured,10,0,1,0.0012230000000000001,'{img2sixel}' --threads=1 --precision=8bit --quality=full '--loaders=libpng!' --sampling-policy=adaptive-grid --binning-policy=hard --quantize-model=kmeans:inittype=none:threshold=0.125:binbits=6:mapping=uniform:softdist=trilinear:feedback=0:prune=hamerly:seed=1:restarts=1:iter=20:miniter=0:polish_iter=0:feedback_slots=1:feedback_interval=1:sample_target=16384 -Xoklab -Wgamma --diffusion=none --gpu-policy=off --lookup-policy=none -F none -a off -p 32 -J '{timeline}' -o '{devnull}' '{input}'
f2c138d8f6aa0a90c89d019f85eaf9bb3efa5edb,macOS-26.5.1-arm64-arm-64bit-Mach-O,images/snake.png,32,full-frame-soft,full-frame,soft,kmeans:inittype=none:threshold=0.125:binbits=6:mapping=uniform:softdist=trilinear:feedback=0:prune=hamerly:seed=1:restarts=1:iter=20:miniter=0:polish_iter=0:feedback_slots=1:feedback_interval=1:sample_target=16384,palette-build,measured,10,0,2,0.016942,'{img2sixel}' --threads=1 --precision=8bit --quality=full '--loaders=libpng!' --sampling-policy=full-frame --binning-policy=soft --quantize-model=kmeans:inittype=none:threshold=0.125:binbits=6:mapping=uniform:softdist=trilinear:feedback=0:prune=hamerly:seed=1:restarts=1:iter=20:miniter=0:polish_iter=0:feedback_slots=1:feedback_interval=1:sample_target=16384 -Xoklab -Wgamma --diffusion=none --gpu-policy=off --lookup-policy=none -F none -a off -p 32 -J '{timeline}' -o '{devnull}' '{input}'
f2c138d8f6aa0a90c89d019f85eaf9bb3efa5edb,macOS-26.5.1-arm64-arm-64bit-Mach-O,images/snake.png,32,full-frame-none,full-frame,none,kmeans:inittype=none:threshold=0.125:binbits=6:mapping=uniform:softdist=trilinear:feedback=0:prune=hamerly:seed=1:restarts=1:iter=20:miniter=0:polish_iter=0:feedback_slots=1:feedback_interval=1:sample_target=16384,palette-build,measured,10,0,3,0.100038,'{img2sixel}' --threads=1 --precision=8bit --quality=full '--loaders=libpng!' --sampling-policy=full-frame --binning-policy=none --quantize-model=kmeans:inittype=none:threshold=0.125:binbits=6:mapping=uniform:softdist=trilinear:feedback=0:prune=hamerly:seed=1:restarts=1:iter=20:miniter=0:polish_iter=0:feedback_slots=1:feedback_interval=1:sample_target=16384 -Xoklab -Wgamma --diffusion=none --gpu-policy=off --lookup-policy=none -F none -a off -p 32 -J '{timeline}' -o '{devnull}' '{input}'
f2c138d8f6aa0a90c89d019f85eaf9bb3efa5edb,macOS-26.5.1-arm64-arm-64bit-Mach-O,images/snake.png,32,full-frame-exact,full-frame,exact,kmeans:inittype=none:threshold=0.125:binbits=6:mapping=uniform:softdist=trilinear:feedback=0:prune=hamerly:seed=1:restarts=1:iter=20:miniter=0:polish_iter=0:feedback_slots=1:feedback_interval=1:sample_target=16384,palette-build,measured,10,0,4,0.05179299999999999,'{img2sixel}' --threads=1 --precision=8bit --quality=full '--loaders=libpng!' --sampling-policy=full-frame --binning-policy=exact --quantize-model=kmeans:inittype=none:threshold=0.125:binbits=6:mapping=uniform:softdist=trilinear:feedback=0:prune=hamerly:seed=1:restarts=1:iter=20:miniter=0:polish_iter=0:feedback_slots=1:feedback_interval=1:sample_target=16384 -Xoklab -Wgamma --diffusion=none --gpu-policy=off --lookup-policy=none -F none -a off -p 32 -J '{timeline}' -o '{devnull}' '{input}'
f2c138d8f6aa0a90c89d019f85eaf9bb3efa5edb,macOS-26.5.1-arm64-arm-64bit-Mach-O,images/snake.png,32,full-frame-hard,full-frame,hard,kmeans:inittype=none:threshold=0.125:binbits=6:mapping=uniform:softdist=trilinear:feedback=0:prune=hamerly:seed=1:restarts=1:iter=20:miniter=0:polish_iter=0:feedback_slots=1:feedback_interval=1:sample_target=16384,palette-build,washout,11,1,-1,0.007763999999999998,'{img2sixel}' --threads=1 --precision=8bit --quality=full '--loaders=libpng!' --sampling-policy=full-frame --binning-policy=hard --quantize-model=kmeans:inittype=none:threshold=0.125:binbits=6:mapping=uniform:softdist=trilinear:feedback=0:prune=hamerly:seed=1:restarts=1:iter=20:miniter=0:polish_iter=0:feedback_slots=1:feedback_interval=1:sample_target=16384 -Xoklab -Wgamma --diffusion=none --gpu-policy=off --lookup-policy=none -F none -a off -p 32 -J '{timeline}' -o '{devnull}' '{input}'
f2c138d8f6aa0a90c89d019f85eaf9bb3efa5edb,macOS-26.5.1-arm64-arm-64bit-Mach-O,images/snake.png,32,adaptive-grid-hard,adaptive-grid,hard,kmeans:inittype=none:threshold=0.125:binbits=6:mapping=uniform:softdist=trilinear:feedback=0:prune=hamerly:seed=1:restarts=1:iter=20:miniter=0:polish_iter=0:feedback_slots=1:feedback_interval=1:sample_target=16384,palette-build,measured,11,1,0,0.001215,'{img2sixel}' --threads=1 --precision=8bit --quality=full '--loaders=libpng!' --sampling-policy=adaptive-grid --binning-policy=hard --quantize-model=kmeans:inittype=none:threshold=0.125:binbits=6:mapping=uniform:softdist=trilinear:feedback=0:prune=hamerly:seed=1:restarts=1:iter=20:miniter=0:polish_iter=0:feedback_slots=1:feedback_interval=1:sample_target=16384 -Xoklab -Wgamma --diffusion=none --gpu-policy=off --lookup-policy=none -F none -a off -p 32 -J '{timeline}' -o '{devnull}' '{input}'
f2c138d8f6aa0a90c89d019f85eaf9bb3efa5edb,macOS-26.5.1-arm64-arm-64bit-Mach-O,images/snake.png,32,full-frame-none,full-frame,none,kmeans:inittype=none:threshold=0.125:binbits=6:mapping=uniform:softdist=trilinear:feedback=0:prune=hamerly:seed=1:restarts=1:iter=20:miniter=0:polish_iter=0:feedback_slots=1:feedback_interval=1:sample_target=16384,palette-build,measured,11,1,1,0.09996,'{img2sixel}' --threads=1 --precision=8bit --quality=full '--loaders=libpng!' --sampling-policy=full-frame --binning-policy=none --quantize-model=kmeans:inittype=none:threshold=0.125:binbits=6:mapping=uniform:softdist=trilinear:feedback=0:prune=hamerly:seed=1:restarts=1:iter=20:miniter=0:polish_iter=0:feedback_slots=1:feedback_interval=1:sample_target=16384 -Xoklab -Wgamma --diffusion=none --gpu-policy=off --lookup-policy=none -F none -a off -p 32 -J '{timeline}' -o '{devnull}' '{input}'
f2c138d8f6aa0a90c89d019f85eaf9bb3efa5edb,macOS-26.5.1-arm64-arm-64bit-Mach-O,images/snake.png,32,full-frame-hard,full-frame,hard,kmeans:inittype=none:threshold=0.125:binbits=6:mapping=uniform:softdist=trilinear:feedback=0:prune=hamerly:seed=1:restarts=1:iter=20:miniter=0:polish_iter=0:feedback_slots=1:feedback_interval=1:sample_target=16384,palette-build,measured,11,1,2,0.007858,'{img2sixel}' --threads=1 --precision=8bit --quality=full '--loaders=libpng!' --sampling-policy=full-frame --binning-policy=hard --quantize-model=kmeans:inittype=none:threshold=0.125:binbits=6:mapping=uniform:softdist=trilinear:feedback=0:prune=hamerly:seed=1:restarts=1:iter=20:miniter=0:polish_iter=0:feedback_slots=1:feedback_interval=1:sample_target=16384 -Xoklab -Wgamma --diffusion=none --gpu-policy=off --lookup-policy=none -F none -a off -p 32 -J '{timeline}' -o '{devnull}' '{input}'
f2c138d8f6aa0a90c89d019f85eaf9bb3efa5edb,macOS-26.5.1-arm64-arm-64bit-Mach-O,images/snake.png,32,full-frame-exact,full-frame,exact,kmeans:inittype=none:threshold=0.125:binbits=6:mapping=uniform:softdist=trilinear:feedback=0:prune=hamerly:seed=1:restarts=1:iter=20:miniter=0:polish_iter=0:feedback_slots=1:feedback_interval=1:sample_target=16384,palette-build,measured,11,1,3,0.053205,'{img2sixel}' --threads=1 --precision=8bit --quality=full '--loaders=libpng!' --sampling-policy=full-frame --binning-policy=exact --quantize-model=kmeans:inittype=none:threshold=0.125:binbits=6:mapping=uniform:softdist=trilinear:feedback=0:prune=hamerly:seed=1:restarts=1:iter=20:miniter=0:polish_iter=0:feedback_slots=1:feedback_interval=1:sample_target=16384 -Xoklab -Wgamma --diffusion=none --gpu-policy=off --lookup-policy=none -F none -a off -p 32 -J '{timeline}' -o '{devnull}' '{input}'
f2c138d8f6aa0a90c89d019f85eaf9bb3efa5edb,macOS-26.5.1-arm64-arm-64bit-Mach-O,images/snake.png,32,full-frame-soft,full-frame,soft,kmeans:inittype=none:threshold=0.125:binbits=6:mapping=uniform:softdist=trilinear:feedback=0:prune=hamerly:seed=1:restarts=1:iter=20:miniter=0:polish_iter=0:feedback_slots=1:feedback_interval=1:sample_target=16384,palette-build,measured,11,1,4,0.016613000000000003,'{img2sixel}' --threads=1 --precision=8bit --quality=full '--loaders=libpng!' --sampling-policy=full-frame --binning-policy=soft --quantize-model=kmeans:inittype=none:threshold=0.125:binbits=6:mapping=uniform:softdist=trilinear:feedback=0:prune=hamerly:seed=1:restarts=1:iter=20:miniter=0:polish_iter=0:feedback_slots=1:feedback_interval=1:sample_target=16384 -Xoklab -Wgamma --diffusion=none --gpu-policy=off --lookup-policy=none -F none -a off -p 32 -J '{timeline}' -o '{devnull}' '{input}'
f2c138d8f6aa0a90c89d019f85eaf9bb3efa5edb,macOS-26.5.1-arm64-arm-64bit-Mach-O,images/snake.png,64,full-frame-hard,full-frame,hard,kmeans:inittype=none:threshold=0.125:binbits=6:mapping=uniform:softdist=trilinear:feedback=0:prune=hamerly:seed=1:restarts=1:iter=20:miniter=0:polish_iter=0:feedback_slots=1:feedback_interval=1:sample_target=16384,end-to-end,washout,0,0,-1,0.06537454202771187,'{img2sixel}' --threads=1 --precision=8bit --quality=full '--loaders=libpng!' --sampling-policy=full-frame --binning-policy=hard --quantize-model=kmeans:inittype=none:threshold=0.125:binbits=6:mapping=uniform:softdist=trilinear:feedback=0:prune=hamerly:seed=1:restarts=1:iter=20:miniter=0:polish_iter=0:feedback_slots=1:feedback_interval=1:sample_target=16384 -Xoklab -Wgamma --diffusion=none --gpu-policy=off --lookup-policy=none -F none -a off -p 64 -o '{devnull}' '{input}'
f2c138d8f6aa0a90c89d019f85eaf9bb3efa5edb,macOS-26.5.1-arm64-arm-64bit-Mach-O,images/snake.png,64,full-frame-hard,full-frame,hard,kmeans:inittype=none:threshold=0.125:binbits=6:mapping=uniform:softdist=trilinear:feedback=0:prune=hamerly:seed=1:restarts=1:iter=20:miniter=0:polish_iter=0:feedback_slots=1:feedback_interval=1:sample_target=16384,end-to-end,warmup,0,0,0,0.06488333293236792,'{img2sixel}' --threads=1 --precision=8bit --quality=full '--loaders=libpng!' --sampling-policy=full-frame --binning-policy=hard --quantize-model=kmeans:inittype=none:threshold=0.125:binbits=6:mapping=uniform:softdist=trilinear:feedback=0:prune=hamerly:seed=1:restarts=1:iter=20:miniter=0:polish_iter=0:feedback_slots=1:feedback_interval=1:sample_target=16384 -Xoklab -Wgamma --diffusion=none --gpu-policy=off --lookup-policy=none -F none -a off -p 64 -o '{devnull}' '{input}'
f2c138d8f6aa0a90c89d019f85eaf9bb3efa5edb,macOS-26.5.1-arm64-arm-64bit-Mach-O,images/snake.png,64,adaptive-grid-hard,adaptive-grid,hard,kmeans:inittype=none:threshold=0.125:binbits=6:mapping=uniform:softdist=trilinear:feedback=0:prune=hamerly:seed=1:restarts=1:iter=20:miniter=0:polish_iter=0:feedback_slots=1:feedback_interval=1:sample_target=16384,end-to-end,warmup,0,0,1,0.04837270895950496,'{img2sixel}' --threads=1 --precision=8bit --quality=full '--loaders=libpng!' --sampling-policy=adaptive-grid --binning-policy=hard --quantize-model=kmeans:inittype=none:threshold=0.125:binbits=6:mapping=uniform:softdist=trilinear:feedback=0:prune=hamerly:seed=1:restarts=1:iter=20:miniter=0:polish_iter=0:feedback_slots=1:feedback_interval=1:sample_target=16384 -Xoklab -Wgamma --diffusion=none --gpu-policy=off --lookup-policy=none -F none -a off -p 64 -o '{devnull}' '{input}'
f2c138d8f6aa0a90c89d019f85eaf9bb3efa5edb,macOS-26.5.1-arm64-arm-64bit-Mach-O,images/snake.png,64,full-frame-soft,full-frame,soft,kmeans:inittype=none:threshold=0.125:binbits=6:mapping=uniform:softdist=trilinear:feedback=0:prune=hamerly:seed=1:restarts=1:iter=20:miniter=0:polish_iter=0:feedback_slots=1:feedback_interval=1:sample_target=16384,end-to-end,warmup,0,0,2,0.07360225007869303,'{img2sixel}' --threads=1 --precision=8bit --quality=full '--loaders=libpng!' --sampling-policy=full-frame --binning-policy=soft --quantize-model=kmeans:inittype=none:threshold=0.125:binbits=6:mapping=uniform:softdist=trilinear:feedback=0:prune=hamerly:seed=1:restarts=1:iter=20:miniter=0:polish_iter=0:feedback_slots=1:feedback_interval=1:sample_target=16384 -Xoklab -Wgamma --diffusion=none --gpu-policy=off --lookup-policy=none -F none -a off -p 64 -o '{devnull}' '{input}'
f2c138d8f6aa0a90c89d019f85eaf9bb3efa5edb,macOS-26.5.1-arm64-arm-64bit-Mach-O,images/snake.png,64,full-frame-none,full-frame,none,kmeans:inittype=none:threshold=0.125:binbits=6:mapping=uniform:softdist=trilinear:feedback=0:prune=hamerly:seed=1:restarts=1:iter=20:miniter=0:polish_iter=0:feedback_slots=1:feedback_interval=1:sample_target=16384,end-to-end,warmup,0,0,3,0.28889020904898643,'{img2sixel}' --threads=1 --precision=8bit --quality=full '--loaders=libpng!' --sampling-policy=full-frame --binning-policy=none --quantize-model=kmeans:inittype=none:threshold=0.125:binbits=6:mapping=uniform:softdist=trilinear:feedback=0:prune=hamerly:seed=1:restarts=1:iter=20:miniter=0:polish_iter=0:feedback_slots=1:feedback_interval=1:sample_target=16384 -Xoklab -Wgamma --diffusion=none --gpu-policy=off --lookup-policy=none -F none -a off -p 64 -o '{devnull}' '{input}'
f2c138d8f6aa0a90c89d019f85eaf9bb3efa5edb,macOS-26.5.1-arm64-arm-64bit-Mach-O,images/snake.png,64,full-frame-exact,full-frame,exact,kmeans:inittype=none:threshold=0.125:binbits=6:mapping=uniform:softdist=trilinear:feedback=0:prune=hamerly:seed=1:restarts=1:iter=20:miniter=0:polish_iter=0:feedback_slots=1:feedback_interval=1:sample_target=16384,end-to-end,warmup,0,0,4,0.15322008403018117,'{img2sixel}' --threads=1 --precision=8bit --quality=full '--loaders=libpng!' --sampling-policy=full-frame --binning-policy=exact --quantize-model=kmeans:inittype=none:threshold=0.125:binbits=6:mapping=uniform:softdist=trilinear:feedback=0:prune=hamerly:seed=1:restarts=1:iter=20:miniter=0:polish_iter=0:feedback_slots=1:feedback_interval=1:sample_target=16384 -Xoklab -Wgamma --diffusion=none --gpu-policy=off --lookup-policy=none -F none -a off -p 64 -o '{devnull}' '{input}'
f2c138d8f6aa0a90c89d019f85eaf9bb3efa5edb,macOS-26.5.1-arm64-arm-64bit-Mach-O,images/snake.png,64,full-frame-hard,full-frame,hard,kmeans:inittype=none:threshold=0.125:binbits=6:mapping=uniform:softdist=trilinear:feedback=0:prune=hamerly:seed=1:restarts=1:iter=20:miniter=0:polish_iter=0:feedback_slots=1:feedback_interval=1:sample_target=16384,end-to-end,washout,1,1,-1,0.06653208401985466,'{img2sixel}' --threads=1 --precision=8bit --quality=full '--loaders=libpng!' --sampling-policy=full-frame --binning-policy=hard --quantize-model=kmeans:inittype=none:threshold=0.125:binbits=6:mapping=uniform:softdist=trilinear:feedback=0:prune=hamerly:seed=1:restarts=1:iter=20:miniter=0:polish_iter=0:feedback_slots=1:feedback_interval=1:sample_target=16384 -Xoklab -Wgamma --diffusion=none --gpu-policy=off --lookup-policy=none -F none -a off -p 64 -o '{devnull}' '{input}'
f2c138d8f6aa0a90c89d019f85eaf9bb3efa5edb,macOS-26.5.1-arm64-arm-64bit-Mach-O,images/snake.png,64,adaptive-grid-hard,adaptive-grid,hard,kmeans:inittype=none:threshold=0.125:binbits=6:mapping=uniform:softdist=trilinear:feedback=0:prune=hamerly:seed=1:restarts=1:iter=20:miniter=0:polish_iter=0:feedback_slots=1:feedback_interval=1:sample_target=16384,end-to-end,warmup,1,1,0,0.04860199987888336,'{img2sixel}' --threads=1 --precision=8bit --quality=full '--loaders=libpng!' --sampling-policy=adaptive-grid --binning-policy=hard --quantize-model=kmeans:inittype=none:threshold=0.125:binbits=6:mapping=uniform:softdist=trilinear:feedback=0:prune=hamerly:seed=1:restarts=1:iter=20:miniter=0:polish_iter=0:feedback_slots=1:feedback_interval=1:sample_target=16384 -Xoklab -Wgamma --diffusion=none --gpu-policy=off --lookup-policy=none -F none -a off -p 64 -o '{devnull}' '{input}'
f2c138d8f6aa0a90c89d019f85eaf9bb3efa5edb,macOS-26.5.1-arm64-arm-64bit-Mach-O,images/snake.png,64,full-frame-none,full-frame,none,kmeans:inittype=none:threshold=0.125:binbits=6:mapping=uniform:softdist=trilinear:feedback=0:prune=hamerly:seed=1:restarts=1:iter=20:miniter=0:polish_iter=0:feedback_slots=1:feedback_interval=1:sample_target=16384,end-to-end,warmup,1,1,1,0.28878541686572134,'{img2sixel}' --threads=1 --precision=8bit --quality=full '--loaders=libpng!' --sampling-policy=full-frame --binning-policy=none --quantize-model=kmeans:inittype=none:threshold=0.125:binbits=6:mapping=uniform:softdist=trilinear:feedback=0:prune=hamerly:seed=1:restarts=1:iter=20:miniter=0:polish_iter=0:feedback_slots=1:feedback_interval=1:sample_target=16384 -Xoklab -Wgamma --diffusion=none --gpu-policy=off --lookup-policy=none -F none -a off -p 64 -o '{devnull}' '{input}'
f2c138d8f6aa0a90c89d019f85eaf9bb3efa5edb,macOS-26.5.1-arm64-arm-64bit-Mach-O,images/snake.png,64,full-frame-hard,full-frame,hard,kmeans:inittype=none:threshold=0.125:binbits=6:mapping=uniform:softdist=trilinear:feedback=0:prune=hamerly:seed=1:restarts=1:iter=20:miniter=0:polish_iter=0:feedback_slots=1:feedback_interval=1:sample_target=16384,end-to-end,warmup,1,1,2,0.06657533417455852,'{img2sixel}' --threads=1 --precision=8bit --quality=full '--loaders=libpng!' --sampling-policy=full-frame --binning-policy=hard --quantize-model=kmeans:inittype=none:threshold=0.125:binbits=6:mapping=uniform:softdist=trilinear:feedback=0:prune=hamerly:seed=1:restarts=1:iter=20:miniter=0:polish_iter=0:feedback_slots=1:feedback_interval=1:sample_target=16384 -Xoklab -Wgamma --diffusion=none --gpu-policy=off --lookup-policy=none -F none -a off -p 64 -o '{devnull}' '{input}'
f2c138d8f6aa0a90c89d019f85eaf9bb3efa5edb,macOS-26.5.1-arm64-arm-64bit-Mach-O,images/snake.png,64,full-frame-exact,full-frame,exact,kmeans:inittype=none:threshold=0.125:binbits=6:mapping=uniform:softdist=trilinear:feedback=0:prune=hamerly:seed=1:restarts=1:iter=20:miniter=0:polish_iter=0:feedback_slots=1:feedback_interval=1:sample_target=16384,end-to-end,warmup,1,1,3,0.15235416707582772,'{img2sixel}' --threads=1 --precision=8bit --quality=full '--loaders=libpng!' --sampling-policy=full-frame --binning-policy=exact --quantize-model=kmeans:inittype=none:threshold=0.125:binbits=6:mapping=uniform:softdist=trilinear:feedback=0:prune=hamerly:seed=1:restarts=1:iter=20:miniter=0:polish_iter=0:feedback_slots=1:feedback_interval=1:sample_target=16384 -Xoklab -Wgamma --diffusion=none --gpu-policy=off --lookup-policy=none -F none -a off -p 64 -o '{devnull}' '{input}'
f2c138d8f6aa0a90c89d019f85eaf9bb3efa5edb,macOS-26.5.1-arm64-arm-64bit-Mach-O,images/snake.png,64,full-frame-soft,full-frame,soft,kmeans:inittype=none:threshold=0.125:binbits=6:mapping=uniform:softdist=trilinear:feedback=0:prune=hamerly:seed=1:restarts=1:iter=20:miniter=0:polish_iter=0:feedback_slots=1:feedback_interval=1:sample_target=16384,end-to-end,warmup,1,1,4,0.07486429181881249,'{img2sixel}' --threads=1 --precision=8bit --quality=full '--loaders=libpng!' --sampling-policy=full-frame --binning-policy=soft --quantize-model=kmeans:inittype=none:threshold=0.125:binbits=6:mapping=uniform:softdist=trilinear:feedback=0:prune=hamerly:seed=1:restarts=1:iter=20:miniter=0:polish_iter=0:feedback_slots=1:feedback_interval=1:sample_target=16384 -Xoklab -Wgamma --diffusion=none --gpu-policy=off --lookup-policy=none -F none -a off -p 64 -o '{devnull}' '{input}'
f2c138d8f6aa0a90c89d019f85eaf9bb3efa5edb,macOS-26.5.1-arm64-arm-64bit-Mach-O,images/snake.png,64,full-frame-hard,full-frame,hard,kmeans:inittype=none:threshold=0.125:binbits=6:mapping=uniform:softdist=trilinear:feedback=0:prune=hamerly:seed=1:restarts=1:iter=20:miniter=0:polish_iter=0:feedback_slots=1:feedback_interval=1:sample_target=16384,end-to-end,washout,2,2,-1,0.06534762494266033,'{img2sixel}' --threads=1 --precision=8bit --quality=full '--loaders=libpng!' --sampling-policy=full-frame --binning-policy=hard --quantize-model=kmeans:inittype=none:threshold=0.125:binbits=6:mapping=uniform:softdist=trilinear:feedback=0:prune=hamerly:seed=1:restarts=1:iter=20:miniter=0:polish_iter=0:feedback_slots=1:feedback_interval=1:sample_target=16384 -Xoklab -Wgamma --diffusion=none --gpu-policy=off --lookup-policy=none -F none -a off -p 64 -o '{devnull}' '{input}'
f2c138d8f6aa0a90c89d019f85eaf9bb3efa5edb,macOS-26.5.1-arm64-arm-64bit-Mach-O,images/snake.png,64,full-frame-none,full-frame,none,kmeans:inittype=none:threshold=0.125:binbits=6:mapping=uniform:softdist=trilinear:feedback=0:prune=hamerly:seed=1:restarts=1:iter=20:miniter=0:polish_iter=0:feedback_slots=1:feedback_interval=1:sample_target=16384,end-to-end,measured,2,2,0,0.28965049982070923,'{img2sixel}' --threads=1 --precision=8bit --quality=full '--loaders=libpng!' --sampling-policy=full-frame --binning-policy=none --quantize-model=kmeans:inittype=none:threshold=0.125:binbits=6:mapping=uniform:softdist=trilinear:feedback=0:prune=hamerly:seed=1:restarts=1:iter=20:miniter=0:polish_iter=0:feedback_slots=1:feedback_interval=1:sample_target=16384 -Xoklab -Wgamma --diffusion=none --gpu-policy=off --lookup-policy=none -F none -a off -p 64 -o '{devnull}' '{input}'
f2c138d8f6aa0a90c89d019f85eaf9bb3efa5edb,macOS-26.5.1-arm64-arm-64bit-Mach-O,images/snake.png,64,full-frame-exact,full-frame,exact,kmeans:inittype=none:threshold=0.125:binbits=6:mapping=uniform:softdist=trilinear:feedback=0:prune=hamerly:seed=1:restarts=1:iter=20:miniter=0:polish_iter=0:feedback_slots=1:feedback_interval=1:sample_target=16384,end-to-end,measured,2,2,1,0.15380933391861618,'{img2sixel}' --threads=1 --precision=8bit --quality=full '--loaders=libpng!' --sampling-policy=full-frame --binning-policy=exact --quantize-model=kmeans:inittype=none:threshold=0.125:binbits=6:mapping=uniform:softdist=trilinear:feedback=0:prune=hamerly:seed=1:restarts=1:iter=20:miniter=0:polish_iter=0:feedback_slots=1:feedback_interval=1:sample_target=16384 -Xoklab -Wgamma --diffusion=none --gpu-policy=off --lookup-policy=none -F none -a off -p 64 -o '{devnull}' '{input}'
f2c138d8f6aa0a90c89d019f85eaf9bb3efa5edb,macOS-26.5.1-arm64-arm-64bit-Mach-O,images/snake.png,64,adaptive-grid-hard,adaptive-grid,hard,kmeans:inittype=none:threshold=0.125:binbits=6:mapping=uniform:softdist=trilinear:feedback=0:prune=hamerly:seed=1:restarts=1:iter=20:miniter=0:polish_iter=0:feedback_slots=1:feedback_interval=1:sample_target=16384,end-to-end,measured,2,2,2,0.04902112507261336,'{img2sixel}' --threads=1 --precision=8bit --quality=full '--loaders=libpng!' --sampling-policy=adaptive-grid --binning-policy=hard --quantize-model=kmeans:inittype=none:threshold=0.125:binbits=6:mapping=uniform:softdist=trilinear:feedback=0:prune=hamerly:seed=1:restarts=1:iter=20:miniter=0:polish_iter=0:feedback_slots=1:feedback_interval=1:sample_target=16384 -Xoklab -Wgamma --diffusion=none --gpu-policy=off --lookup-policy=none -F none -a off -p 64 -o '{devnull}' '{input}'
f2c138d8f6aa0a90c89d019f85eaf9bb3efa5edb,macOS-26.5.1-arm64-arm-64bit-Mach-O,images/snake.png,64,full-frame-soft,full-frame,soft,kmeans:inittype=none:threshold=0.125:binbits=6:mapping=uniform:softdist=trilinear:feedback=0:prune=hamerly:seed=1:restarts=1:iter=20:miniter=0:polish_iter=0:feedback_slots=1:feedback_interval=1:sample_target=16384,end-to-end,measured,2,2,3,0.07395241712220013,'{img2sixel}' --threads=1 --precision=8bit --quality=full '--loaders=libpng!' --sampling-policy=full-frame --binning-policy=soft --quantize-model=kmeans:inittype=none:threshold=0.125:binbits=6:mapping=uniform:softdist=trilinear:feedback=0:prune=hamerly:seed=1:restarts=1:iter=20:miniter=0:polish_iter=0:feedback_slots=1:feedback_interval=1:sample_target=16384 -Xoklab -Wgamma --diffusion=none --gpu-policy=off --lookup-policy=none -F none -a off -p 64 -o '{devnull}' '{input}'
f2c138d8f6aa0a90c89d019f85eaf9bb3efa5edb,macOS-26.5.1-arm64-arm-64bit-Mach-O,images/snake.png,64,full-frame-hard,full-frame,hard,kmeans:inittype=none:threshold=0.125:binbits=6:mapping=uniform:softdist=trilinear:feedback=0:prune=hamerly:seed=1:restarts=1:iter=20:miniter=0:polish_iter=0:feedback_slots=1:feedback_interval=1:sample_target=16384,end-to-end,measured,2,2,4,0.06592629104852676,'{img2sixel}' --threads=1 --precision=8bit --quality=full '--loaders=libpng!' --sampling-policy=full-frame --binning-policy=hard --quantize-model=kmeans:inittype=none:threshold=0.125:binbits=6:mapping=uniform:softdist=trilinear:feedback=0:prune=hamerly:seed=1:restarts=1:iter=20:miniter=0:polish_iter=0:feedback_slots=1:feedback_interval=1:sample_target=16384 -Xoklab -Wgamma --diffusion=none --gpu-policy=off --lookup-policy=none -F none -a off -p 64 -o '{devnull}' '{input}'
f2c138d8f6aa0a90c89d019f85eaf9bb3efa5edb,macOS-26.5.1-arm64-arm-64bit-Mach-O,images/snake.png,64,full-frame-hard,full-frame,hard,kmeans:inittype=none:threshold=0.125:binbits=6:mapping=uniform:softdist=trilinear:feedback=0:prune=hamerly:seed=1:restarts=1:iter=20:miniter=0:polish_iter=0:feedback_slots=1:feedback_interval=1:sample_target=16384,end-to-end,washout,3,3,-1,0.06623383308760822,'{img2sixel}' --threads=1 --precision=8bit --quality=full '--loaders=libpng!' --sampling-policy=full-frame --binning-policy=hard --quantize-model=kmeans:inittype=none:threshold=0.125:binbits=6:mapping=uniform:softdist=trilinear:feedback=0:prune=hamerly:seed=1:restarts=1:iter=20:miniter=0:polish_iter=0:feedback_slots=1:feedback_interval=1:sample_target=16384 -Xoklab -Wgamma --diffusion=none --gpu-policy=off --lookup-policy=none -F none -a off -p 64 -o '{devnull}' '{input}'
f2c138d8f6aa0a90c89d019f85eaf9bb3efa5edb,macOS-26.5.1-arm64-arm-64bit-Mach-O,images/snake.png,64,full-frame-exact,full-frame,exact,kmeans:inittype=none:threshold=0.125:binbits=6:mapping=uniform:softdist=trilinear:feedback=0:prune=hamerly:seed=1:restarts=1:iter=20:miniter=0:polish_iter=0:feedback_slots=1:feedback_interval=1:sample_target=16384,end-to-end,measured,3,3,0,0.15299512492492795,'{img2sixel}' --threads=1 --precision=8bit --quality=full '--loaders=libpng!' --sampling-policy=full-frame --binning-policy=exact --quantize-model=kmeans:inittype=none:threshold=0.125:binbits=6:mapping=uniform:softdist=trilinear:feedback=0:prune=hamerly:seed=1:restarts=1:iter=20:miniter=0:polish_iter=0:feedback_slots=1:feedback_interval=1:sample_target=16384 -Xoklab -Wgamma --diffusion=none --gpu-policy=off --lookup-policy=none -F none -a off -p 64 -o '{devnull}' '{input}'
f2c138d8f6aa0a90c89d019f85eaf9bb3efa5edb,macOS-26.5.1-arm64-arm-64bit-Mach-O,images/snake.png,64,full-frame-soft,full-frame,soft,kmeans:inittype=none:threshold=0.125:binbits=6:mapping=uniform:softdist=trilinear:feedback=0:prune=hamerly:seed=1:restarts=1:iter=20:miniter=0:polish_iter=0:feedback_slots=1:feedback_interval=1:sample_target=16384,end-to-end,measured,3,3,1,0.07543525006622076,'{img2sixel}' --threads=1 --precision=8bit --quality=full '--loaders=libpng!' --sampling-policy=full-frame --binning-policy=soft --quantize-model=kmeans:inittype=none:threshold=0.125:binbits=6:mapping=uniform:softdist=trilinear:feedback=0:prune=hamerly:seed=1:restarts=1:iter=20:miniter=0:polish_iter=0:feedback_slots=1:feedback_interval=1:sample_target=16384 -Xoklab -Wgamma --diffusion=none --gpu-policy=off --lookup-policy=none -F none -a off -p 64 -o '{devnull}' '{input}'
f2c138d8f6aa0a90c89d019f85eaf9bb3efa5edb,macOS-26.5.1-arm64-arm-64bit-Mach-O,images/snake.png,64,full-frame-none,full-frame,none,kmeans:inittype=none:threshold=0.125:binbits=6:mapping=uniform:softdist=trilinear:feedback=0:prune=hamerly:seed=1:restarts=1:iter=20:miniter=0:polish_iter=0:feedback_slots=1:feedback_interval=1:sample_target=16384,end-to-end,measured,3,3,2,0.297463791212067,'{img2sixel}' --threads=1 --precision=8bit --quality=full '--loaders=libpng!' --sampling-policy=full-frame --binning-policy=none --quantize-model=kmeans:inittype=none:threshold=0.125:binbits=6:mapping=uniform:softdist=trilinear:feedback=0:prune=hamerly:seed=1:restarts=1:iter=20:miniter=0:polish_iter=0:feedback_slots=1:feedback_interval=1:sample_target=16384 -Xoklab -Wgamma --diffusion=none --gpu-policy=off --lookup-policy=none -F none -a off -p 64 -o '{devnull}' '{input}'
f2c138d8f6aa0a90c89d019f85eaf9bb3efa5edb,macOS-26.5.1-arm64-arm-64bit-Mach-O,images/snake.png,64,full-frame-hard,full-frame,hard,kmeans:inittype=none:threshold=0.125:binbits=6:mapping=uniform:softdist=trilinear:feedback=0:prune=hamerly:seed=1:restarts=1:iter=20:miniter=0:polish_iter=0:feedback_slots=1:feedback_interval=1:sample_target=16384,end-to-end,measured,3,3,3,0.06692183297127485,'{img2sixel}' --threads=1 --precision=8bit --quality=full '--loaders=libpng!' --sampling-policy=full-frame --binning-policy=hard --quantize-model=kmeans:inittype=none:threshold=0.125:binbits=6:mapping=uniform:softdist=trilinear:feedback=0:prune=hamerly:seed=1:restarts=1:iter=20:miniter=0:polish_iter=0:feedback_slots=1:feedback_interval=1:sample_target=16384 -Xoklab -Wgamma --diffusion=none --gpu-policy=off --lookup-policy=none -F none -a off -p 64 -o '{devnull}' '{input}'
f2c138d8f6aa0a90c89d019f85eaf9bb3efa5edb,macOS-26.5.1-arm64-arm-64bit-Mach-O,images/snake.png,64,adaptive-grid-hard,adaptive-grid,hard,kmeans:inittype=none:threshold=0.125:binbits=6:mapping=uniform:softdist=trilinear:feedback=0:prune=hamerly:seed=1:restarts=1:iter=20:miniter=0:polish_iter=0:feedback_slots=1:feedback_interval=1:sample_target=16384,end-to-end,measured,3,3,4,0.048767208121716976,'{img2sixel}' --threads=1 --precision=8bit --quality=full '--loaders=libpng!' --sampling-policy=adaptive-grid --binning-policy=hard --quantize-model=kmeans:inittype=none:threshold=0.125:binbits=6:mapping=uniform:softdist=trilinear:feedback=0:prune=hamerly:seed=1:restarts=1:iter=20:miniter=0:polish_iter=0:feedback_slots=1:feedback_interval=1:sample_target=16384 -Xoklab -Wgamma --diffusion=none --gpu-policy=off --lookup-policy=none -F none -a off -p 64 -o '{devnull}' '{input}'
f2c138d8f6aa0a90c89d019f85eaf9bb3efa5edb,macOS-26.5.1-arm64-arm-64bit-Mach-O,images/snake.png,64,full-frame-hard,full-frame,hard,kmeans:inittype=none:threshold=0.125:binbits=6:mapping=uniform:softdist=trilinear:feedback=0:prune=hamerly:seed=1:restarts=1:iter=20:miniter=0:polish_iter=0:feedback_slots=1:feedback_interval=1:sample_target=16384,end-to-end,washout,4,4,-1,0.06435454194433987,'{img2sixel}' --threads=1 --precision=8bit --quality=full '--loaders=libpng!' --sampling-policy=full-frame --binning-policy=hard --quantize-model=kmeans:inittype=none:threshold=0.125:binbits=6:mapping=uniform:softdist=trilinear:feedback=0:prune=hamerly:seed=1:restarts=1:iter=20:miniter=0:polish_iter=0:feedback_slots=1:feedback_interval=1:sample_target=16384 -Xoklab -Wgamma --diffusion=none --gpu-policy=off --lookup-policy=none -F none -a off -p 64 -o '{devnull}' '{input}'
f2c138d8f6aa0a90c89d019f85eaf9bb3efa5edb,macOS-26.5.1-arm64-arm-64bit-Mach-O,images/snake.png,64,full-frame-soft,full-frame,soft,kmeans:inittype=none:threshold=0.125:binbits=6:mapping=uniform:softdist=trilinear:feedback=0:prune=hamerly:seed=1:restarts=1:iter=20:miniter=0:polish_iter=0:feedback_slots=1:feedback_interval=1:sample_target=16384,end-to-end,measured,4,4,0,0.07510216697119176,'{img2sixel}' --threads=1 --precision=8bit --quality=full '--loaders=libpng!' --sampling-policy=full-frame --binning-policy=soft --quantize-model=kmeans:inittype=none:threshold=0.125:binbits=6:mapping=uniform:softdist=trilinear:feedback=0:prune=hamerly:seed=1:restarts=1:iter=20:miniter=0:polish_iter=0:feedback_slots=1:feedback_interval=1:sample_target=16384 -Xoklab -Wgamma --diffusion=none --gpu-policy=off --lookup-policy=none -F none -a off -p 64 -o '{devnull}' '{input}'
f2c138d8f6aa0a90c89d019f85eaf9bb3efa5edb,macOS-26.5.1-arm64-arm-64bit-Mach-O,images/snake.png,64,full-frame-hard,full-frame,hard,kmeans:inittype=none:threshold=0.125:binbits=6:mapping=uniform:softdist=trilinear:feedback=0:prune=hamerly:seed=1:restarts=1:iter=20:miniter=0:polish_iter=0:feedback_slots=1:feedback_interval=1:sample_target=16384,end-to-end,measured,4,4,1,0.06545000011101365,'{img2sixel}' --threads=1 --precision=8bit --quality=full '--loaders=libpng!' --sampling-policy=full-frame --binning-policy=hard --quantize-model=kmeans:inittype=none:threshold=0.125:binbits=6:mapping=uniform:softdist=trilinear:feedback=0:prune=hamerly:seed=1:restarts=1:iter=20:miniter=0:polish_iter=0:feedback_slots=1:feedback_interval=1:sample_target=16384 -Xoklab -Wgamma --diffusion=none --gpu-policy=off --lookup-policy=none -F none -a off -p 64 -o '{devnull}' '{input}'
f2c138d8f6aa0a90c89d019f85eaf9bb3efa5edb,macOS-26.5.1-arm64-arm-64bit-Mach-O,images/snake.png,64,full-frame-exact,full-frame,exact,kmeans:inittype=none:threshold=0.125:binbits=6:mapping=uniform:softdist=trilinear:feedback=0:prune=hamerly:seed=1:restarts=1:iter=20:miniter=0:polish_iter=0:feedback_slots=1:feedback_interval=1:sample_target=16384,end-to-end,measured,4,4,2,0.15334104211069643,'{img2sixel}' --threads=1 --precision=8bit --quality=full '--loaders=libpng!' --sampling-policy=full-frame --binning-policy=exact --quantize-model=kmeans:inittype=none:threshold=0.125:binbits=6:mapping=uniform:softdist=trilinear:feedback=0:prune=hamerly:seed=1:restarts=1:iter=20:miniter=0:polish_iter=0:feedback_slots=1:feedback_interval=1:sample_target=16384 -Xoklab -Wgamma --diffusion=none --gpu-policy=off --lookup-policy=none -F none -a off -p 64 -o '{devnull}' '{input}'
f2c138d8f6aa0a90c89d019f85eaf9bb3efa5edb,macOS-26.5.1-arm64-arm-64bit-Mach-O,images/snake.png,64,adaptive-grid-hard,adaptive-grid,hard,kmeans:inittype=none:threshold=0.125:binbits=6:mapping=uniform:softdist=trilinear:feedback=0:prune=hamerly:seed=1:restarts=1:iter=20:miniter=0:polish_iter=0:feedback_slots=1:feedback_interval=1:sample_target=16384,end-to-end,measured,4,4,3,0.048963458044454455,'{img2sixel}' --threads=1 --precision=8bit --quality=full '--loaders=libpng!' --sampling-policy=adaptive-grid --binning-policy=hard --quantize-model=kmeans:inittype=none:threshold=0.125:binbits=6:mapping=uniform:softdist=trilinear:feedback=0:prune=hamerly:seed=1:restarts=1:iter=20:miniter=0:polish_iter=0:feedback_slots=1:feedback_interval=1:sample_target=16384 -Xoklab -Wgamma --diffusion=none --gpu-policy=off --lookup-policy=none -F none -a off -p 64 -o '{devnull}' '{input}'
f2c138d8f6aa0a90c89d019f85eaf9bb3efa5edb,macOS-26.5.1-arm64-arm-64bit-Mach-O,images/snake.png,64,full-frame-none,full-frame,none,kmeans:inittype=none:threshold=0.125:binbits=6:mapping=uniform:softdist=trilinear:feedback=0:prune=hamerly:seed=1:restarts=1:iter=20:miniter=0:polish_iter=0:feedback_slots=1:feedback_interval=1:sample_target=16384,end-to-end,measured,4,4,4,0.2887315000407398,'{img2sixel}' --threads=1 --precision=8bit --quality=full '--loaders=libpng!' --sampling-policy=full-frame --binning-policy=none --quantize-model=kmeans:inittype=none:threshold=0.125:binbits=6:mapping=uniform:softdist=trilinear:feedback=0:prune=hamerly:seed=1:restarts=1:iter=20:miniter=0:polish_iter=0:feedback_slots=1:feedback_interval=1:sample_target=16384 -Xoklab -Wgamma --diffusion=none --gpu-policy=off --lookup-policy=none -F none -a off -p 64 -o '{devnull}' '{input}'
f2c138d8f6aa0a90c89d019f85eaf9bb3efa5edb,macOS-26.5.1-arm64-arm-64bit-Mach-O,images/snake.png,64,full-frame-hard,full-frame,hard,kmeans:inittype=none:threshold=0.125:binbits=6:mapping=uniform:softdist=trilinear:feedback=0:prune=hamerly:seed=1:restarts=1:iter=20:miniter=0:polish_iter=0:feedback_slots=1:feedback_interval=1:sample_target=16384,end-to-end,washout,5,5,-1,0.06559525011107326,'{img2sixel}' --threads=1 --precision=8bit --quality=full '--loaders=libpng!' --sampling-policy=full-frame --binning-policy=hard --quantize-model=kmeans:inittype=none:threshold=0.125:binbits=6:mapping=uniform:softdist=trilinear:feedback=0:prune=hamerly:seed=1:restarts=1:iter=20:miniter=0:polish_iter=0:feedback_slots=1:feedback_interval=1:sample_target=16384 -Xoklab -Wgamma --diffusion=none --gpu-policy=off --lookup-policy=none -F none -a off -p 64 -o '{devnull}' '{input}'
f2c138d8f6aa0a90c89d019f85eaf9bb3efa5edb,macOS-26.5.1-arm64-arm-64bit-Mach-O,images/snake.png,64,full-frame-exact,full-frame,exact,kmeans:inittype=none:threshold=0.125:binbits=6:mapping=uniform:softdist=trilinear:feedback=0:prune=hamerly:seed=1:restarts=1:iter=20:miniter=0:polish_iter=0:feedback_slots=1:feedback_interval=1:sample_target=16384,end-to-end,measured,5,5,0,0.15333541599102318,'{img2sixel}' --threads=1 --precision=8bit --quality=full '--loaders=libpng!' --sampling-policy=full-frame --binning-policy=exact --quantize-model=kmeans:inittype=none:threshold=0.125:binbits=6:mapping=uniform:softdist=trilinear:feedback=0:prune=hamerly:seed=1:restarts=1:iter=20:miniter=0:polish_iter=0:feedback_slots=1:feedback_interval=1:sample_target=16384 -Xoklab -Wgamma --diffusion=none --gpu-policy=off --lookup-policy=none -F none -a off -p 64 -o '{devnull}' '{input}'
f2c138d8f6aa0a90c89d019f85eaf9bb3efa5edb,macOS-26.5.1-arm64-arm-64bit-Mach-O,images/snake.png,64,full-frame-none,full-frame,none,kmeans:inittype=none:threshold=0.125:binbits=6:mapping=uniform:softdist=trilinear:feedback=0:prune=hamerly:seed=1:restarts=1:iter=20:miniter=0:polish_iter=0:feedback_slots=1:feedback_interval=1:sample_target=16384,end-to-end,measured,5,5,1,0.2908914170693606,'{img2sixel}' --threads=1 --precision=8bit --quality=full '--loaders=libpng!' --sampling-policy=full-frame --binning-policy=none --quantize-model=kmeans:inittype=none:threshold=0.125:binbits=6:mapping=uniform:softdist=trilinear:feedback=0:prune=hamerly:seed=1:restarts=1:iter=20:miniter=0:polish_iter=0:feedback_slots=1:feedback_interval=1:sample_target=16384 -Xoklab -Wgamma --diffusion=none --gpu-policy=off --lookup-policy=none -F none -a off -p 64 -o '{devnull}' '{input}'
f2c138d8f6aa0a90c89d019f85eaf9bb3efa5edb,macOS-26.5.1-arm64-arm-64bit-Mach-O,images/snake.png,64,full-frame-soft,full-frame,soft,kmeans:inittype=none:threshold=0.125:binbits=6:mapping=uniform:softdist=trilinear:feedback=0:prune=hamerly:seed=1:restarts=1:iter=20:miniter=0:polish_iter=0:feedback_slots=1:feedback_interval=1:sample_target=16384,end-to-end,measured,5,5,2,0.07568662497214973,'{img2sixel}' --threads=1 --precision=8bit --quality=full '--loaders=libpng!' --sampling-policy=full-frame --binning-policy=soft --quantize-model=kmeans:inittype=none:threshold=0.125:binbits=6:mapping=uniform:softdist=trilinear:feedback=0:prune=hamerly:seed=1:restarts=1:iter=20:miniter=0:polish_iter=0:feedback_slots=1:feedback_interval=1:sample_target=16384 -Xoklab -Wgamma --diffusion=none --gpu-policy=off --lookup-policy=none -F none -a off -p 64 -o '{devnull}' '{input}'
f2c138d8f6aa0a90c89d019f85eaf9bb3efa5edb,macOS-26.5.1-arm64-arm-64bit-Mach-O,images/snake.png,64,adaptive-grid-hard,adaptive-grid,hard,kmeans:inittype=none:threshold=0.125:binbits=6:mapping=uniform:softdist=trilinear:feedback=0:prune=hamerly:seed=1:restarts=1:iter=20:miniter=0:polish_iter=0:feedback_slots=1:feedback_interval=1:sample_target=16384,end-to-end,measured,5,5,3,0.04832895891740918,'{img2sixel}' --threads=1 --precision=8bit --quality=full '--loaders=libpng!' --sampling-policy=adaptive-grid --binning-policy=hard --quantize-model=kmeans:inittype=none:threshold=0.125:binbits=6:mapping=uniform:softdist=trilinear:feedback=0:prune=hamerly:seed=1:restarts=1:iter=20:miniter=0:polish_iter=0:feedback_slots=1:feedback_interval=1:sample_target=16384 -Xoklab -Wgamma --diffusion=none --gpu-policy=off --lookup-policy=none -F none -a off -p 64 -o '{devnull}' '{input}'
f2c138d8f6aa0a90c89d019f85eaf9bb3efa5edb,macOS-26.5.1-arm64-arm-64bit-Mach-O,images/snake.png,64,full-frame-hard,full-frame,hard,kmeans:inittype=none:threshold=0.125:binbits=6:mapping=uniform:softdist=trilinear:feedback=0:prune=hamerly:seed=1:restarts=1:iter=20:miniter=0:polish_iter=0:feedback_slots=1:feedback_interval=1:sample_target=16384,end-to-end,measured,5,5,4,0.06396450009196997,'{img2sixel}' --threads=1 --precision=8bit --quality=full '--loaders=libpng!' --sampling-policy=full-frame --binning-policy=hard --quantize-model=kmeans:inittype=none:threshold=0.125:binbits=6:mapping=uniform:softdist=trilinear:feedback=0:prune=hamerly:seed=1:restarts=1:iter=20:miniter=0:polish_iter=0:feedback_slots=1:feedback_interval=1:sample_target=16384 -Xoklab -Wgamma --diffusion=none --gpu-policy=off --lookup-policy=none -F none -a off -p 64 -o '{devnull}' '{input}'
f2c138d8f6aa0a90c89d019f85eaf9bb3efa5edb,macOS-26.5.1-arm64-arm-64bit-Mach-O,images/snake.png,64,full-frame-hard,full-frame,hard,kmeans:inittype=none:threshold=0.125:binbits=6:mapping=uniform:softdist=trilinear:feedback=0:prune=hamerly:seed=1:restarts=1:iter=20:miniter=0:polish_iter=0:feedback_slots=1:feedback_interval=1:sample_target=16384,end-to-end,washout,6,6,-1,0.06502320780418813,'{img2sixel}' --threads=1 --precision=8bit --quality=full '--loaders=libpng!' --sampling-policy=full-frame --binning-policy=hard --quantize-model=kmeans:inittype=none:threshold=0.125:binbits=6:mapping=uniform:softdist=trilinear:feedback=0:prune=hamerly:seed=1:restarts=1:iter=20:miniter=0:polish_iter=0:feedback_slots=1:feedback_interval=1:sample_target=16384 -Xoklab -Wgamma --diffusion=none --gpu-policy=off --lookup-policy=none -F none -a off -p 64 -o '{devnull}' '{input}'
f2c138d8f6aa0a90c89d019f85eaf9bb3efa5edb,macOS-26.5.1-arm64-arm-64bit-Mach-O,images/snake.png,64,full-frame-soft,full-frame,soft,kmeans:inittype=none:threshold=0.125:binbits=6:mapping=uniform:softdist=trilinear:feedback=0:prune=hamerly:seed=1:restarts=1:iter=20:miniter=0:polish_iter=0:feedback_slots=1:feedback_interval=1:sample_target=16384,end-to-end,measured,6,6,0,0.07380720786750317,'{img2sixel}' --threads=1 --precision=8bit --quality=full '--loaders=libpng!' --sampling-policy=full-frame --binning-policy=soft --quantize-model=kmeans:inittype=none:threshold=0.125:binbits=6:mapping=uniform:softdist=trilinear:feedback=0:prune=hamerly:seed=1:restarts=1:iter=20:miniter=0:polish_iter=0:feedback_slots=1:feedback_interval=1:sample_target=16384 -Xoklab -Wgamma --diffusion=none --gpu-policy=off --lookup-policy=none -F none -a off -p 64 -o '{devnull}' '{input}'
f2c138d8f6aa0a90c89d019f85eaf9bb3efa5edb,macOS-26.5.1-arm64-arm-64bit-Mach-O,images/snake.png,64,full-frame-exact,full-frame,exact,kmeans:inittype=none:threshold=0.125:binbits=6:mapping=uniform:softdist=trilinear:feedback=0:prune=hamerly:seed=1:restarts=1:iter=20:miniter=0:polish_iter=0:feedback_slots=1:feedback_interval=1:sample_target=16384,end-to-end,measured,6,6,1,0.15933687495999038,'{img2sixel}' --threads=1 --precision=8bit --quality=full '--loaders=libpng!' --sampling-policy=full-frame --binning-policy=exact --quantize-model=kmeans:inittype=none:threshold=0.125:binbits=6:mapping=uniform:softdist=trilinear:feedback=0:prune=hamerly:seed=1:restarts=1:iter=20:miniter=0:polish_iter=0:feedback_slots=1:feedback_interval=1:sample_target=16384 -Xoklab -Wgamma --diffusion=none --gpu-policy=off --lookup-policy=none -F none -a off -p 64 -o '{devnull}' '{input}'
f2c138d8f6aa0a90c89d019f85eaf9bb3efa5edb,macOS-26.5.1-arm64-arm-64bit-Mach-O,images/snake.png,64,full-frame-hard,full-frame,hard,kmeans:inittype=none:threshold=0.125:binbits=6:mapping=uniform:softdist=trilinear:feedback=0:prune=hamerly:seed=1:restarts=1:iter=20:miniter=0:polish_iter=0:feedback_slots=1:feedback_interval=1:sample_target=16384,end-to-end,measured,6,6,2,0.06624183314852417,'{img2sixel}' --threads=1 --precision=8bit --quality=full '--loaders=libpng!' --sampling-policy=full-frame --binning-policy=hard --quantize-model=kmeans:inittype=none:threshold=0.125:binbits=6:mapping=uniform:softdist=trilinear:feedback=0:prune=hamerly:seed=1:restarts=1:iter=20:miniter=0:polish_iter=0:feedback_slots=1:feedback_interval=1:sample_target=16384 -Xoklab -Wgamma --diffusion=none --gpu-policy=off --lookup-policy=none -F none -a off -p 64 -o '{devnull}' '{input}'
f2c138d8f6aa0a90c89d019f85eaf9bb3efa5edb,macOS-26.5.1-arm64-arm-64bit-Mach-O,images/snake.png,64,full-frame-none,full-frame,none,kmeans:inittype=none:threshold=0.125:binbits=6:mapping=uniform:softdist=trilinear:feedback=0:prune=hamerly:seed=1:restarts=1:iter=20:miniter=0:polish_iter=0:feedback_slots=1:feedback_interval=1:sample_target=16384,end-to-end,measured,6,6,3,0.2886013330426067,'{img2sixel}' --threads=1 --precision=8bit --quality=full '--loaders=libpng!' --sampling-policy=full-frame --binning-policy=none --quantize-model=kmeans:inittype=none:threshold=0.125:binbits=6:mapping=uniform:softdist=trilinear:feedback=0:prune=hamerly:seed=1:restarts=1:iter=20:miniter=0:polish_iter=0:feedback_slots=1:feedback_interval=1:sample_target=16384 -Xoklab -Wgamma --diffusion=none --gpu-policy=off --lookup-policy=none -F none -a off -p 64 -o '{devnull}' '{input}'
f2c138d8f6aa0a90c89d019f85eaf9bb3efa5edb,macOS-26.5.1-arm64-arm-64bit-Mach-O,images/snake.png,64,adaptive-grid-hard,adaptive-grid,hard,kmeans:inittype=none:threshold=0.125:binbits=6:mapping=uniform:softdist=trilinear:feedback=0:prune=hamerly:seed=1:restarts=1:iter=20:miniter=0:polish_iter=0:feedback_slots=1:feedback_interval=1:sample_target=16384,end-to-end,measured,6,6,4,0.04879550007171929,'{img2sixel}' --threads=1 --precision=8bit --quality=full '--loaders=libpng!' --sampling-policy=adaptive-grid --binning-policy=hard --quantize-model=kmeans:inittype=none:threshold=0.125:binbits=6:mapping=uniform:softdist=trilinear:feedback=0:prune=hamerly:seed=1:restarts=1:iter=20:miniter=0:polish_iter=0:feedback_slots=1:feedback_interval=1:sample_target=16384 -Xoklab -Wgamma --diffusion=none --gpu-policy=off --lookup-policy=none -F none -a off -p 64 -o '{devnull}' '{input}'
f2c138d8f6aa0a90c89d019f85eaf9bb3efa5edb,macOS-26.5.1-arm64-arm-64bit-Mach-O,images/snake.png,64,full-frame-hard,full-frame,hard,kmeans:inittype=none:threshold=0.125:binbits=6:mapping=uniform:softdist=trilinear:feedback=0:prune=hamerly:seed=1:restarts=1:iter=20:miniter=0:polish_iter=0:feedback_slots=1:feedback_interval=1:sample_target=16384,end-to-end,washout,7,7,-1,0.06447758292779326,'{img2sixel}' --threads=1 --precision=8bit --quality=full '--loaders=libpng!' --sampling-policy=full-frame --binning-policy=hard --quantize-model=kmeans:inittype=none:threshold=0.125:binbits=6:mapping=uniform:softdist=trilinear:feedback=0:prune=hamerly:seed=1:restarts=1:iter=20:miniter=0:polish_iter=0:feedback_slots=1:feedback_interval=1:sample_target=16384 -Xoklab -Wgamma --diffusion=none --gpu-policy=off --lookup-policy=none -F none -a off -p 64 -o '{devnull}' '{input}'
f2c138d8f6aa0a90c89d019f85eaf9bb3efa5edb,macOS-26.5.1-arm64-arm-64bit-Mach-O,images/snake.png,64,full-frame-hard,full-frame,hard,kmeans:inittype=none:threshold=0.125:binbits=6:mapping=uniform:softdist=trilinear:feedback=0:prune=hamerly:seed=1:restarts=1:iter=20:miniter=0:polish_iter=0:feedback_slots=1:feedback_interval=1:sample_target=16384,end-to-end,measured,7,7,0,0.06560087483376265,'{img2sixel}' --threads=1 --precision=8bit --quality=full '--loaders=libpng!' --sampling-policy=full-frame --binning-policy=hard --quantize-model=kmeans:inittype=none:threshold=0.125:binbits=6:mapping=uniform:softdist=trilinear:feedback=0:prune=hamerly:seed=1:restarts=1:iter=20:miniter=0:polish_iter=0:feedback_slots=1:feedback_interval=1:sample_target=16384 -Xoklab -Wgamma --diffusion=none --gpu-policy=off --lookup-policy=none -F none -a off -p 64 -o '{devnull}' '{input}'
f2c138d8f6aa0a90c89d019f85eaf9bb3efa5edb,macOS-26.5.1-arm64-arm-64bit-Mach-O,images/snake.png,64,full-frame-soft,full-frame,soft,kmeans:inittype=none:threshold=0.125:binbits=6:mapping=uniform:softdist=trilinear:feedback=0:prune=hamerly:seed=1:restarts=1:iter=20:miniter=0:polish_iter=0:feedback_slots=1:feedback_interval=1:sample_target=16384,end-to-end,measured,7,7,1,0.07397737517021596,'{img2sixel}' --threads=1 --precision=8bit --quality=full '--loaders=libpng!' --sampling-policy=full-frame --binning-policy=soft --quantize-model=kmeans:inittype=none:threshold=0.125:binbits=6:mapping=uniform:softdist=trilinear:feedback=0:prune=hamerly:seed=1:restarts=1:iter=20:miniter=0:polish_iter=0:feedback_slots=1:feedback_interval=1:sample_target=16384 -Xoklab -Wgamma --diffusion=none --gpu-policy=off --lookup-policy=none -F none -a off -p 64 -o '{devnull}' '{input}'
f2c138d8f6aa0a90c89d019f85eaf9bb3efa5edb,macOS-26.5.1-arm64-arm-64bit-Mach-O,images/snake.png,64,adaptive-grid-hard,adaptive-grid,hard,kmeans:inittype=none:threshold=0.125:binbits=6:mapping=uniform:softdist=trilinear:feedback=0:prune=hamerly:seed=1:restarts=1:iter=20:miniter=0:polish_iter=0:feedback_slots=1:feedback_interval=1:sample_target=16384,end-to-end,measured,7,7,2,0.04811520897783339,'{img2sixel}' --threads=1 --precision=8bit --quality=full '--loaders=libpng!' --sampling-policy=adaptive-grid --binning-policy=hard --quantize-model=kmeans:inittype=none:threshold=0.125:binbits=6:mapping=uniform:softdist=trilinear:feedback=0:prune=hamerly:seed=1:restarts=1:iter=20:miniter=0:polish_iter=0:feedback_slots=1:feedback_interval=1:sample_target=16384 -Xoklab -Wgamma --diffusion=none --gpu-policy=off --lookup-policy=none -F none -a off -p 64 -o '{devnull}' '{input}'
f2c138d8f6aa0a90c89d019f85eaf9bb3efa5edb,macOS-26.5.1-arm64-arm-64bit-Mach-O,images/snake.png,64,full-frame-exact,full-frame,exact,kmeans:inittype=none:threshold=0.125:binbits=6:mapping=uniform:softdist=trilinear:feedback=0:prune=hamerly:seed=1:restarts=1:iter=20:miniter=0:polish_iter=0:feedback_slots=1:feedback_interval=1:sample_target=16384,end-to-end,measured,7,7,3,0.15098645817488432,'{img2sixel}' --threads=1 --precision=8bit --quality=full '--loaders=libpng!' --sampling-policy=full-frame --binning-policy=exact --quantize-model=kmeans:inittype=none:threshold=0.125:binbits=6:mapping=uniform:softdist=trilinear:feedback=0:prune=hamerly:seed=1:restarts=1:iter=20:miniter=0:polish_iter=0:feedback_slots=1:feedback_interval=1:sample_target=16384 -Xoklab -Wgamma --diffusion=none --gpu-policy=off --lookup-policy=none -F none -a off -p 64 -o '{devnull}' '{input}'
f2c138d8f6aa0a90c89d019f85eaf9bb3efa5edb,macOS-26.5.1-arm64-arm-64bit-Mach-O,images/snake.png,64,full-frame-none,full-frame,none,kmeans:inittype=none:threshold=0.125:binbits=6:mapping=uniform:softdist=trilinear:feedback=0:prune=hamerly:seed=1:restarts=1:iter=20:miniter=0:polish_iter=0:feedback_slots=1:feedback_interval=1:sample_target=16384,end-to-end,measured,7,7,4,0.28877520794048905,'{img2sixel}' --threads=1 --precision=8bit --quality=full '--loaders=libpng!' --sampling-policy=full-frame --binning-policy=none --quantize-model=kmeans:inittype=none:threshold=0.125:binbits=6:mapping=uniform:softdist=trilinear:feedback=0:prune=hamerly:seed=1:restarts=1:iter=20:miniter=0:polish_iter=0:feedback_slots=1:feedback_interval=1:sample_target=16384 -Xoklab -Wgamma --diffusion=none --gpu-policy=off --lookup-policy=none -F none -a off -p 64 -o '{devnull}' '{input}'
f2c138d8f6aa0a90c89d019f85eaf9bb3efa5edb,macOS-26.5.1-arm64-arm-64bit-Mach-O,images/snake.png,64,full-frame-hard,full-frame,hard,kmeans:inittype=none:threshold=0.125:binbits=6:mapping=uniform:softdist=trilinear:feedback=0:prune=hamerly:seed=1:restarts=1:iter=20:miniter=0:polish_iter=0:feedback_slots=1:feedback_interval=1:sample_target=16384,end-to-end,washout,8,8,-1,0.06624445808120072,'{img2sixel}' --threads=1 --precision=8bit --quality=full '--loaders=libpng!' --sampling-policy=full-frame --binning-policy=hard --quantize-model=kmeans:inittype=none:threshold=0.125:binbits=6:mapping=uniform:softdist=trilinear:feedback=0:prune=hamerly:seed=1:restarts=1:iter=20:miniter=0:polish_iter=0:feedback_slots=1:feedback_interval=1:sample_target=16384 -Xoklab -Wgamma --diffusion=none --gpu-policy=off --lookup-policy=none -F none -a off -p 64 -o '{devnull}' '{input}'
f2c138d8f6aa0a90c89d019f85eaf9bb3efa5edb,macOS-26.5.1-arm64-arm-64bit-Mach-O,images/snake.png,64,adaptive-grid-hard,adaptive-grid,hard,kmeans:inittype=none:threshold=0.125:binbits=6:mapping=uniform:softdist=trilinear:feedback=0:prune=hamerly:seed=1:restarts=1:iter=20:miniter=0:polish_iter=0:feedback_slots=1:feedback_interval=1:sample_target=16384,end-to-end,measured,8,8,0,0.048176541924476624,'{img2sixel}' --threads=1 --precision=8bit --quality=full '--loaders=libpng!' --sampling-policy=adaptive-grid --binning-policy=hard --quantize-model=kmeans:inittype=none:threshold=0.125:binbits=6:mapping=uniform:softdist=trilinear:feedback=0:prune=hamerly:seed=1:restarts=1:iter=20:miniter=0:polish_iter=0:feedback_slots=1:feedback_interval=1:sample_target=16384 -Xoklab -Wgamma --diffusion=none --gpu-policy=off --lookup-policy=none -F none -a off -p 64 -o '{devnull}' '{input}'
f2c138d8f6aa0a90c89d019f85eaf9bb3efa5edb,macOS-26.5.1-arm64-arm-64bit-Mach-O,images/snake.png,64,full-frame-hard,full-frame,hard,kmeans:inittype=none:threshold=0.125:binbits=6:mapping=uniform:softdist=trilinear:feedback=0:prune=hamerly:seed=1:restarts=1:iter=20:miniter=0:polish_iter=0:feedback_slots=1:feedback_interval=1:sample_target=16384,end-to-end,measured,8,8,1,0.06420241622254252,'{img2sixel}' --threads=1 --precision=8bit --quality=full '--loaders=libpng!' --sampling-policy=full-frame --binning-policy=hard --quantize-model=kmeans:inittype=none:threshold=0.125:binbits=6:mapping=uniform:softdist=trilinear:feedback=0:prune=hamerly:seed=1:restarts=1:iter=20:miniter=0:polish_iter=0:feedback_slots=1:feedback_interval=1:sample_target=16384 -Xoklab -Wgamma --diffusion=none --gpu-policy=off --lookup-policy=none -F none -a off -p 64 -o '{devnull}' '{input}'
f2c138d8f6aa0a90c89d019f85eaf9bb3efa5edb,macOS-26.5.1-arm64-arm-64bit-Mach-O,images/snake.png,64,full-frame-none,full-frame,none,kmeans:inittype=none:threshold=0.125:binbits=6:mapping=uniform:softdist=trilinear:feedback=0:prune=hamerly:seed=1:restarts=1:iter=20:miniter=0:polish_iter=0:feedback_slots=1:feedback_interval=1:sample_target=16384,end-to-end,measured,8,8,2,0.2891605419572443,'{img2sixel}' --threads=1 --precision=8bit --quality=full '--loaders=libpng!' --sampling-policy=full-frame --binning-policy=none --quantize-model=kmeans:inittype=none:threshold=0.125:binbits=6:mapping=uniform:softdist=trilinear:feedback=0:prune=hamerly:seed=1:restarts=1:iter=20:miniter=0:polish_iter=0:feedback_slots=1:feedback_interval=1:sample_target=16384 -Xoklab -Wgamma --diffusion=none --gpu-policy=off --lookup-policy=none -F none -a off -p 64 -o '{devnull}' '{input}'
f2c138d8f6aa0a90c89d019f85eaf9bb3efa5edb,macOS-26.5.1-arm64-arm-64bit-Mach-O,images/snake.png,64,full-frame-soft,full-frame,soft,kmeans:inittype=none:threshold=0.125:binbits=6:mapping=uniform:softdist=trilinear:feedback=0:prune=hamerly:seed=1:restarts=1:iter=20:miniter=0:polish_iter=0:feedback_slots=1:feedback_interval=1:sample_target=16384,end-to-end,measured,8,8,3,0.07546183420345187,'{img2sixel}' --threads=1 --precision=8bit --quality=full '--loaders=libpng!' --sampling-policy=full-frame --binning-policy=soft --quantize-model=kmeans:inittype=none:threshold=0.125:binbits=6:mapping=uniform:softdist=trilinear:feedback=0:prune=hamerly:seed=1:restarts=1:iter=20:miniter=0:polish_iter=0:feedback_slots=1:feedback_interval=1:sample_target=16384 -Xoklab -Wgamma --diffusion=none --gpu-policy=off --lookup-policy=none -F none -a off -p 64 -o '{devnull}' '{input}'
f2c138d8f6aa0a90c89d019f85eaf9bb3efa5edb,macOS-26.5.1-arm64-arm-64bit-Mach-O,images/snake.png,64,full-frame-exact,full-frame,exact,kmeans:inittype=none:threshold=0.125:binbits=6:mapping=uniform:softdist=trilinear:feedback=0:prune=hamerly:seed=1:restarts=1:iter=20:miniter=0:polish_iter=0:feedback_slots=1:feedback_interval=1:sample_target=16384,end-to-end,measured,8,8,4,0.15328974998556077,'{img2sixel}' --threads=1 --precision=8bit --quality=full '--loaders=libpng!' --sampling-policy=full-frame --binning-policy=exact --quantize-model=kmeans:inittype=none:threshold=0.125:binbits=6:mapping=uniform:softdist=trilinear:feedback=0:prune=hamerly:seed=1:restarts=1:iter=20:miniter=0:polish_iter=0:feedback_slots=1:feedback_interval=1:sample_target=16384 -Xoklab -Wgamma --diffusion=none --gpu-policy=off --lookup-policy=none -F none -a off -p 64 -o '{devnull}' '{input}'
f2c138d8f6aa0a90c89d019f85eaf9bb3efa5edb,macOS-26.5.1-arm64-arm-64bit-Mach-O,images/snake.png,64,full-frame-hard,full-frame,hard,kmeans:inittype=none:threshold=0.125:binbits=6:mapping=uniform:softdist=trilinear:feedback=0:prune=hamerly:seed=1:restarts=1:iter=20:miniter=0:polish_iter=0:feedback_slots=1:feedback_interval=1:sample_target=16384,end-to-end,washout,9,9,-1,0.06581170810386539,'{img2sixel}' --threads=1 --precision=8bit --quality=full '--loaders=libpng!' --sampling-policy=full-frame --binning-policy=hard --quantize-model=kmeans:inittype=none:threshold=0.125:binbits=6:mapping=uniform:softdist=trilinear:feedback=0:prune=hamerly:seed=1:restarts=1:iter=20:miniter=0:polish_iter=0:feedback_slots=1:feedback_interval=1:sample_target=16384 -Xoklab -Wgamma --diffusion=none --gpu-policy=off --lookup-policy=none -F none -a off -p 64 -o '{devnull}' '{input}'
f2c138d8f6aa0a90c89d019f85eaf9bb3efa5edb,macOS-26.5.1-arm64-arm-64bit-Mach-O,images/snake.png,64,full-frame-none,full-frame,none,kmeans:inittype=none:threshold=0.125:binbits=6:mapping=uniform:softdist=trilinear:feedback=0:prune=hamerly:seed=1:restarts=1:iter=20:miniter=0:polish_iter=0:feedback_slots=1:feedback_interval=1:sample_target=16384,end-to-end,measured,9,9,0,0.2893722921144217,'{img2sixel}' --threads=1 --precision=8bit --quality=full '--loaders=libpng!' --sampling-policy=full-frame --binning-policy=none --quantize-model=kmeans:inittype=none:threshold=0.125:binbits=6:mapping=uniform:softdist=trilinear:feedback=0:prune=hamerly:seed=1:restarts=1:iter=20:miniter=0:polish_iter=0:feedback_slots=1:feedback_interval=1:sample_target=16384 -Xoklab -Wgamma --diffusion=none --gpu-policy=off --lookup-policy=none -F none -a off -p 64 -o '{devnull}' '{input}'
f2c138d8f6aa0a90c89d019f85eaf9bb3efa5edb,macOS-26.5.1-arm64-arm-64bit-Mach-O,images/snake.png,64,adaptive-grid-hard,adaptive-grid,hard,kmeans:inittype=none:threshold=0.125:binbits=6:mapping=uniform:softdist=trilinear:feedback=0:prune=hamerly:seed=1:restarts=1:iter=20:miniter=0:polish_iter=0:feedback_slots=1:feedback_interval=1:sample_target=16384,end-to-end,measured,9,9,1,0.05041904211975634,'{img2sixel}' --threads=1 --precision=8bit --quality=full '--loaders=libpng!' --sampling-policy=adaptive-grid --binning-policy=hard --quantize-model=kmeans:inittype=none:threshold=0.125:binbits=6:mapping=uniform:softdist=trilinear:feedback=0:prune=hamerly:seed=1:restarts=1:iter=20:miniter=0:polish_iter=0:feedback_slots=1:feedback_interval=1:sample_target=16384 -Xoklab -Wgamma --diffusion=none --gpu-policy=off --lookup-policy=none -F none -a off -p 64 -o '{devnull}' '{input}'
f2c138d8f6aa0a90c89d019f85eaf9bb3efa5edb,macOS-26.5.1-arm64-arm-64bit-Mach-O,images/snake.png,64,full-frame-exact,full-frame,exact,kmeans:inittype=none:threshold=0.125:binbits=6:mapping=uniform:softdist=trilinear:feedback=0:prune=hamerly:seed=1:restarts=1:iter=20:miniter=0:polish_iter=0:feedback_slots=1:feedback_interval=1:sample_target=16384,end-to-end,measured,9,9,2,0.1536945840343833,'{img2sixel}' --threads=1 --precision=8bit --quality=full '--loaders=libpng!' --sampling-policy=full-frame --binning-policy=exact --quantize-model=kmeans:inittype=none:threshold=0.125:binbits=6:mapping=uniform:softdist=trilinear:feedback=0:prune=hamerly:seed=1:restarts=1:iter=20:miniter=0:polish_iter=0:feedback_slots=1:feedback_interval=1:sample_target=16384 -Xoklab -Wgamma --diffusion=none --gpu-policy=off --lookup-policy=none -F none -a off -p 64 -o '{devnull}' '{input}'
f2c138d8f6aa0a90c89d019f85eaf9bb3efa5edb,macOS-26.5.1-arm64-arm-64bit-Mach-O,images/snake.png,64,full-frame-hard,full-frame,hard,kmeans:inittype=none:threshold=0.125:binbits=6:mapping=uniform:softdist=trilinear:feedback=0:prune=hamerly:seed=1:restarts=1:iter=20:miniter=0:polish_iter=0:feedback_slots=1:feedback_interval=1:sample_target=16384,end-to-end,measured,9,9,3,0.06616550008766353,'{img2sixel}' --threads=1 --precision=8bit --quality=full '--loaders=libpng!' --sampling-policy=full-frame --binning-policy=hard --quantize-model=kmeans:inittype=none:threshold=0.125:binbits=6:mapping=uniform:softdist=trilinear:feedback=0:prune=hamerly:seed=1:restarts=1:iter=20:miniter=0:polish_iter=0:feedback_slots=1:feedback_interval=1:sample_target=16384 -Xoklab -Wgamma --diffusion=none --gpu-policy=off --lookup-policy=none -F none -a off -p 64 -o '{devnull}' '{input}'
f2c138d8f6aa0a90c89d019f85eaf9bb3efa5edb,macOS-26.5.1-arm64-arm-64bit-Mach-O,images/snake.png,64,full-frame-soft,full-frame,soft,kmeans:inittype=none:threshold=0.125:binbits=6:mapping=uniform:softdist=trilinear:feedback=0:prune=hamerly:seed=1:restarts=1:iter=20:miniter=0:polish_iter=0:feedback_slots=1:feedback_interval=1:sample_target=16384,end-to-end,measured,9,9,4,0.0746803751681,'{img2sixel}' --threads=1 --precision=8bit --quality=full '--loaders=libpng!' --sampling-policy=full-frame --binning-policy=soft --quantize-model=kmeans:inittype=none:threshold=0.125:binbits=6:mapping=uniform:softdist=trilinear:feedback=0:prune=hamerly:seed=1:restarts=1:iter=20:miniter=0:polish_iter=0:feedback_slots=1:feedback_interval=1:sample_target=16384 -Xoklab -Wgamma --diffusion=none --gpu-policy=off --lookup-policy=none -F none -a off -p 64 -o '{devnull}' '{input}'
f2c138d8f6aa0a90c89d019f85eaf9bb3efa5edb,macOS-26.5.1-arm64-arm-64bit-Mach-O,images/snake.png,64,full-frame-hard,full-frame,hard,kmeans:inittype=none:threshold=0.125:binbits=6:mapping=uniform:softdist=trilinear:feedback=0:prune=hamerly:seed=1:restarts=1:iter=20:miniter=0:polish_iter=0:feedback_slots=1:feedback_interval=1:sample_target=16384,end-to-end,washout,10,0,-1,0.06552754109725356,'{img2sixel}' --threads=1 --precision=8bit --quality=full '--loaders=libpng!' --sampling-policy=full-frame --binning-policy=hard --quantize-model=kmeans:inittype=none:threshold=0.125:binbits=6:mapping=uniform:softdist=trilinear:feedback=0:prune=hamerly:seed=1:restarts=1:iter=20:miniter=0:polish_iter=0:feedback_slots=1:feedback_interval=1:sample_target=16384 -Xoklab -Wgamma --diffusion=none --gpu-policy=off --lookup-policy=none -F none -a off -p 64 -o '{devnull}' '{input}'
f2c138d8f6aa0a90c89d019f85eaf9bb3efa5edb,macOS-26.5.1-arm64-arm-64bit-Mach-O,images/snake.png,64,full-frame-hard,full-frame,hard,kmeans:inittype=none:threshold=0.125:binbits=6:mapping=uniform:softdist=trilinear:feedback=0:prune=hamerly:seed=1:restarts=1:iter=20:miniter=0:polish_iter=0:feedback_slots=1:feedback_interval=1:sample_target=16384,end-to-end,measured,10,0,0,0.06565087498165667,'{img2sixel}' --threads=1 --precision=8bit --quality=full '--loaders=libpng!' --sampling-policy=full-frame --binning-policy=hard --quantize-model=kmeans:inittype=none:threshold=0.125:binbits=6:mapping=uniform:softdist=trilinear:feedback=0:prune=hamerly:seed=1:restarts=1:iter=20:miniter=0:polish_iter=0:feedback_slots=1:feedback_interval=1:sample_target=16384 -Xoklab -Wgamma --diffusion=none --gpu-policy=off --lookup-policy=none -F none -a off -p 64 -o '{devnull}' '{input}'
f2c138d8f6aa0a90c89d019f85eaf9bb3efa5edb,macOS-26.5.1-arm64-arm-64bit-Mach-O,images/snake.png,64,adaptive-grid-hard,adaptive-grid,hard,kmeans:inittype=none:threshold=0.125:binbits=6:mapping=uniform:softdist=trilinear:feedback=0:prune=hamerly:seed=1:restarts=1:iter=20:miniter=0:polish_iter=0:feedback_slots=1:feedback_interval=1:sample_target=16384,end-to-end,measured,10,0,1,0.048445541178807616,'{img2sixel}' --threads=1 --precision=8bit --quality=full '--loaders=libpng!' --sampling-policy=adaptive-grid --binning-policy=hard --quantize-model=kmeans:inittype=none:threshold=0.125:binbits=6:mapping=uniform:softdist=trilinear:feedback=0:prune=hamerly:seed=1:restarts=1:iter=20:miniter=0:polish_iter=0:feedback_slots=1:feedback_interval=1:sample_target=16384 -Xoklab -Wgamma --diffusion=none --gpu-policy=off --lookup-policy=none -F none -a off -p 64 -o '{devnull}' '{input}'
f2c138d8f6aa0a90c89d019f85eaf9bb3efa5edb,macOS-26.5.1-arm64-arm-64bit-Mach-O,images/snake.png,64,full-frame-soft,full-frame,soft,kmeans:inittype=none:threshold=0.125:binbits=6:mapping=uniform:softdist=trilinear:feedback=0:prune=hamerly:seed=1:restarts=1:iter=20:miniter=0:polish_iter=0:feedback_slots=1:feedback_interval=1:sample_target=16384,end-to-end,measured,10,0,2,0.07429212518036366,'{img2sixel}' --threads=1 --precision=8bit --quality=full '--loaders=libpng!' --sampling-policy=full-frame --binning-policy=soft --quantize-model=kmeans:inittype=none:threshold=0.125:binbits=6:mapping=uniform:softdist=trilinear:feedback=0:prune=hamerly:seed=1:restarts=1:iter=20:miniter=0:polish_iter=0:feedback_slots=1:feedback_interval=1:sample_target=16384 -Xoklab -Wgamma --diffusion=none --gpu-policy=off --lookup-policy=none -F none -a off -p 64 -o '{devnull}' '{input}'
f2c138d8f6aa0a90c89d019f85eaf9bb3efa5edb,macOS-26.5.1-arm64-arm-64bit-Mach-O,images/snake.png,64,full-frame-none,full-frame,none,kmeans:inittype=none:threshold=0.125:binbits=6:mapping=uniform:softdist=trilinear:feedback=0:prune=hamerly:seed=1:restarts=1:iter=20:miniter=0:polish_iter=0:feedback_slots=1:feedback_interval=1:sample_target=16384,end-to-end,measured,10,0,3,0.30081262486055493,'{img2sixel}' --threads=1 --precision=8bit --quality=full '--loaders=libpng!' --sampling-policy=full-frame --binning-policy=none --quantize-model=kmeans:inittype=none:threshold=0.125:binbits=6:mapping=uniform:softdist=trilinear:feedback=0:prune=hamerly:seed=1:restarts=1:iter=20:miniter=0:polish_iter=0:feedback_slots=1:feedback_interval=1:sample_target=16384 -Xoklab -Wgamma --diffusion=none --gpu-policy=off --lookup-policy=none -F none -a off -p 64 -o '{devnull}' '{input}'
f2c138d8f6aa0a90c89d019f85eaf9bb3efa5edb,macOS-26.5.1-arm64-arm-64bit-Mach-O,images/snake.png,64,full-frame-exact,full-frame,exact,kmeans:inittype=none:threshold=0.125:binbits=6:mapping=uniform:softdist=trilinear:feedback=0:prune=hamerly:seed=1:restarts=1:iter=20:miniter=0:polish_iter=0:feedback_slots=1:feedback_interval=1:sample_target=16384,end-to-end,measured,10,0,4,0.15425050002522767,'{img2sixel}' --threads=1 --precision=8bit --quality=full '--loaders=libpng!' --sampling-policy=full-frame --binning-policy=exact --quantize-model=kmeans:inittype=none:threshold=0.125:binbits=6:mapping=uniform:softdist=trilinear:feedback=0:prune=hamerly:seed=1:restarts=1:iter=20:miniter=0:polish_iter=0:feedback_slots=1:feedback_interval=1:sample_target=16384 -Xoklab -Wgamma --diffusion=none --gpu-policy=off --lookup-policy=none -F none -a off -p 64 -o '{devnull}' '{input}'
f2c138d8f6aa0a90c89d019f85eaf9bb3efa5edb,macOS-26.5.1-arm64-arm-64bit-Mach-O,images/snake.png,64,full-frame-hard,full-frame,hard,kmeans:inittype=none:threshold=0.125:binbits=6:mapping=uniform:softdist=trilinear:feedback=0:prune=hamerly:seed=1:restarts=1:iter=20:miniter=0:polish_iter=0:feedback_slots=1:feedback_interval=1:sample_target=16384,end-to-end,washout,11,1,-1,0.0657532091718167,'{img2sixel}' --threads=1 --precision=8bit --quality=full '--loaders=libpng!' --sampling-policy=full-frame --binning-policy=hard --quantize-model=kmeans:inittype=none:threshold=0.125:binbits=6:mapping=uniform:softdist=trilinear:feedback=0:prune=hamerly:seed=1:restarts=1:iter=20:miniter=0:polish_iter=0:feedback_slots=1:feedback_interval=1:sample_target=16384 -Xoklab -Wgamma --diffusion=none --gpu-policy=off --lookup-policy=none -F none -a off -p 64 -o '{devnull}' '{input}'
f2c138d8f6aa0a90c89d019f85eaf9bb3efa5edb,macOS-26.5.1-arm64-arm-64bit-Mach-O,images/snake.png,64,adaptive-grid-hard,adaptive-grid,hard,kmeans:inittype=none:threshold=0.125:binbits=6:mapping=uniform:softdist=trilinear:feedback=0:prune=hamerly:seed=1:restarts=1:iter=20:miniter=0:polish_iter=0:feedback_slots=1:feedback_interval=1:sample_target=16384,end-to-end,measured,11,1,0,0.04915933287702501,'{img2sixel}' --threads=1 --precision=8bit --quality=full '--loaders=libpng!' --sampling-policy=adaptive-grid --binning-policy=hard --quantize-model=kmeans:inittype=none:threshold=0.125:binbits=6:mapping=uniform:softdist=trilinear:feedback=0:prune=hamerly:seed=1:restarts=1:iter=20:miniter=0:polish_iter=0:feedback_slots=1:feedback_interval=1:sample_target=16384 -Xoklab -Wgamma --diffusion=none --gpu-policy=off --lookup-policy=none -F none -a off -p 64 -o '{devnull}' '{input}'
f2c138d8f6aa0a90c89d019f85eaf9bb3efa5edb,macOS-26.5.1-arm64-arm-64bit-Mach-O,images/snake.png,64,full-frame-none,full-frame,none,kmeans:inittype=none:threshold=0.125:binbits=6:mapping=uniform:softdist=trilinear:feedback=0:prune=hamerly:seed=1:restarts=1:iter=20:miniter=0:polish_iter=0:feedback_slots=1:feedback_interval=1:sample_target=16384,end-to-end,measured,11,1,1,0.2891123751178384,'{img2sixel}' --threads=1 --precision=8bit --quality=full '--loaders=libpng!' --sampling-policy=full-frame --binning-policy=none --quantize-model=kmeans:inittype=none:threshold=0.125:binbits=6:mapping=uniform:softdist=trilinear:feedback=0:prune=hamerly:seed=1:restarts=1:iter=20:miniter=0:polish_iter=0:feedback_slots=1:feedback_interval=1:sample_target=16384 -Xoklab -Wgamma --diffusion=none --gpu-policy=off --lookup-policy=none -F none -a off -p 64 -o '{devnull}' '{input}'
f2c138d8f6aa0a90c89d019f85eaf9bb3efa5edb,macOS-26.5.1-arm64-arm-64bit-Mach-O,images/snake.png,64,full-frame-hard,full-frame,hard,kmeans:inittype=none:threshold=0.125:binbits=6:mapping=uniform:softdist=trilinear:feedback=0:prune=hamerly:seed=1:restarts=1:iter=20:miniter=0:polish_iter=0:feedback_slots=1:feedback_interval=1:sample_target=16384,end-to-end,measured,11,1,2,0.06746820802800357,'{img2sixel}' --threads=1 --precision=8bit --quality=full '--loaders=libpng!' --sampling-policy=full-frame --binning-policy=hard --quantize-model=kmeans:inittype=none:threshold=0.125:binbits=6:mapping=uniform:softdist=trilinear:feedback=0:prune=hamerly:seed=1:restarts=1:iter=20:miniter=0:polish_iter=0:feedback_slots=1:feedback_interval=1:sample_target=16384 -Xoklab -Wgamma --diffusion=none --gpu-policy=off --lookup-policy=none -F none -a off -p 64 -o '{devnull}' '{input}'
f2c138d8f6aa0a90c89d019f85eaf9bb3efa5edb,macOS-26.5.1-arm64-arm-64bit-Mach-O,images/snake.png,64,full-frame-exact,full-frame,exact,kmeans:inittype=none:threshold=0.125:binbits=6:mapping=uniform:softdist=trilinear:feedback=0:prune=hamerly:seed=1:restarts=1:iter=20:miniter=0:polish_iter=0:feedback_slots=1:feedback_interval=1:sample_target=16384,end-to-end,measured,11,1,3,0.15277154091745615,'{img2sixel}' --threads=1 --precision=8bit --quality=full '--loaders=libpng!' --sampling-policy=full-frame --binning-policy=exact --quantize-model=kmeans:inittype=none:threshold=0.125:binbits=6:mapping=uniform:softdist=trilinear:feedback=0:prune=hamerly:seed=1:restarts=1:iter=20:miniter=0:polish_iter=0:feedback_slots=1:feedback_interval=1:sample_target=16384 -Xoklab -Wgamma --diffusion=none --gpu-policy=off --lookup-policy=none -F none -a off -p 64 -o '{devnull}' '{input}'
f2c138d8f6aa0a90c89d019f85eaf9bb3efa5edb,macOS-26.5.1-arm64-arm-64bit-Mach-O,images/snake.png,64,full-frame-soft,full-frame,soft,kmeans:inittype=none:threshold=0.125:binbits=6:mapping=uniform:softdist=trilinear:feedback=0:prune=hamerly:seed=1:restarts=1:iter=20:miniter=0:polish_iter=0:feedback_slots=1:feedback_interval=1:sample_target=16384,end-to-end,measured,11,1,4,0.07528954208828509,'{img2sixel}' --threads=1 --precision=8bit --quality=full '--loaders=libpng!' --sampling-policy=full-frame --binning-policy=soft --quantize-model=kmeans:inittype=none:threshold=0.125:binbits=6:mapping=uniform:softdist=trilinear:feedback=0:prune=hamerly:seed=1:restarts=1:iter=20:miniter=0:polish_iter=0:feedback_slots=1:feedback_interval=1:sample_target=16384 -Xoklab -Wgamma --diffusion=none --gpu-policy=off --lookup-policy=none -F none -a off -p 64 -o '{devnull}' '{input}'
f2c138d8f6aa0a90c89d019f85eaf9bb3efa5edb,macOS-26.5.1-arm64-arm-64bit-Mach-O,images/snake.png,64,full-frame-hard,full-frame,hard,kmeans:inittype=none:threshold=0.125:binbits=6:mapping=uniform:softdist=trilinear:feedback=0:prune=hamerly:seed=1:restarts=1:iter=20:miniter=0:polish_iter=0:feedback_slots=1:feedback_interval=1:sample_target=16384,palette-build,washout,0,0,-1,0.009414,'{img2sixel}' --threads=1 --precision=8bit --quality=full '--loaders=libpng!' --sampling-policy=full-frame --binning-policy=hard --quantize-model=kmeans:inittype=none:threshold=0.125:binbits=6:mapping=uniform:softdist=trilinear:feedback=0:prune=hamerly:seed=1:restarts=1:iter=20:miniter=0:polish_iter=0:feedback_slots=1:feedback_interval=1:sample_target=16384 -Xoklab -Wgamma --diffusion=none --gpu-policy=off --lookup-policy=none -F none -a off -p 64 -J '{timeline}' -o '{devnull}' '{input}'
f2c138d8f6aa0a90c89d019f85eaf9bb3efa5edb,macOS-26.5.1-arm64-arm-64bit-Mach-O,images/snake.png,64,full-frame-hard,full-frame,hard,kmeans:inittype=none:threshold=0.125:binbits=6:mapping=uniform:softdist=trilinear:feedback=0:prune=hamerly:seed=1:restarts=1:iter=20:miniter=0:polish_iter=0:feedback_slots=1:feedback_interval=1:sample_target=16384,palette-build,warmup,0,0,0,0.009377,'{img2sixel}' --threads=1 --precision=8bit --quality=full '--loaders=libpng!' --sampling-policy=full-frame --binning-policy=hard --quantize-model=kmeans:inittype=none:threshold=0.125:binbits=6:mapping=uniform:softdist=trilinear:feedback=0:prune=hamerly:seed=1:restarts=1:iter=20:miniter=0:polish_iter=0:feedback_slots=1:feedback_interval=1:sample_target=16384 -Xoklab -Wgamma --diffusion=none --gpu-policy=off --lookup-policy=none -F none -a off -p 64 -J '{timeline}' -o '{devnull}' '{input}'
f2c138d8f6aa0a90c89d019f85eaf9bb3efa5edb,macOS-26.5.1-arm64-arm-64bit-Mach-O,images/snake.png,64,adaptive-grid-hard,adaptive-grid,hard,kmeans:inittype=none:threshold=0.125:binbits=6:mapping=uniform:softdist=trilinear:feedback=0:prune=hamerly:seed=1:restarts=1:iter=20:miniter=0:polish_iter=0:feedback_slots=1:feedback_interval=1:sample_target=16384,palette-build,warmup,0,0,1,0.0013180000000000006,'{img2sixel}' --threads=1 --precision=8bit --quality=full '--loaders=libpng!' --sampling-policy=adaptive-grid --binning-policy=hard --quantize-model=kmeans:inittype=none:threshold=0.125:binbits=6:mapping=uniform:softdist=trilinear:feedback=0:prune=hamerly:seed=1:restarts=1:iter=20:miniter=0:polish_iter=0:feedback_slots=1:feedback_interval=1:sample_target=16384 -Xoklab -Wgamma --diffusion=none --gpu-policy=off --lookup-policy=none -F none -a off -p 64 -J '{timeline}' -o '{devnull}' '{input}'
f2c138d8f6aa0a90c89d019f85eaf9bb3efa5edb,macOS-26.5.1-arm64-arm-64bit-Mach-O,images/snake.png,64,full-frame-soft,full-frame,soft,kmeans:inittype=none:threshold=0.125:binbits=6:mapping=uniform:softdist=trilinear:feedback=0:prune=hamerly:seed=1:restarts=1:iter=20:miniter=0:polish_iter=0:feedback_slots=1:feedback_interval=1:sample_target=16384,palette-build,warmup,0,0,2,0.018637,'{img2sixel}' --threads=1 --precision=8bit --quality=full '--loaders=libpng!' --sampling-policy=full-frame --binning-policy=soft --quantize-model=kmeans:inittype=none:threshold=0.125:binbits=6:mapping=uniform:softdist=trilinear:feedback=0:prune=hamerly:seed=1:restarts=1:iter=20:miniter=0:polish_iter=0:feedback_slots=1:feedback_interval=1:sample_target=16384 -Xoklab -Wgamma --diffusion=none --gpu-policy=off --lookup-policy=none -F none -a off -p 64 -J '{timeline}' -o '{devnull}' '{input}'
f2c138d8f6aa0a90c89d019f85eaf9bb3efa5edb,macOS-26.5.1-arm64-arm-64bit-Mach-O,images/snake.png,64,full-frame-none,full-frame,none,kmeans:inittype=none:threshold=0.125:binbits=6:mapping=uniform:softdist=trilinear:feedback=0:prune=hamerly:seed=1:restarts=1:iter=20:miniter=0:polish_iter=0:feedback_slots=1:feedback_interval=1:sample_target=16384,palette-build,warmup,0,0,3,0.232649,'{img2sixel}' --threads=1 --precision=8bit --quality=full '--loaders=libpng!' --sampling-policy=full-frame --binning-policy=none --quantize-model=kmeans:inittype=none:threshold=0.125:binbits=6:mapping=uniform:softdist=trilinear:feedback=0:prune=hamerly:seed=1:restarts=1:iter=20:miniter=0:polish_iter=0:feedback_slots=1:feedback_interval=1:sample_target=16384 -Xoklab -Wgamma --diffusion=none --gpu-policy=off --lookup-policy=none -F none -a off -p 64 -J '{timeline}' -o '{devnull}' '{input}'
f2c138d8f6aa0a90c89d019f85eaf9bb3efa5edb,macOS-26.5.1-arm64-arm-64bit-Mach-O,images/snake.png,64,full-frame-exact,full-frame,exact,kmeans:inittype=none:threshold=0.125:binbits=6:mapping=uniform:softdist=trilinear:feedback=0:prune=hamerly:seed=1:restarts=1:iter=20:miniter=0:polish_iter=0:feedback_slots=1:feedback_interval=1:sample_target=16384,palette-build,warmup,0,0,4,0.096262,'{img2sixel}' --threads=1 --precision=8bit --quality=full '--loaders=libpng!' --sampling-policy=full-frame --binning-policy=exact --quantize-model=kmeans:inittype=none:threshold=0.125:binbits=6:mapping=uniform:softdist=trilinear:feedback=0:prune=hamerly:seed=1:restarts=1:iter=20:miniter=0:polish_iter=0:feedback_slots=1:feedback_interval=1:sample_target=16384 -Xoklab -Wgamma --diffusion=none --gpu-policy=off --lookup-policy=none -F none -a off -p 64 -J '{timeline}' -o '{devnull}' '{input}'
f2c138d8f6aa0a90c89d019f85eaf9bb3efa5edb,macOS-26.5.1-arm64-arm-64bit-Mach-O,images/snake.png,64,full-frame-hard,full-frame,hard,kmeans:inittype=none:threshold=0.125:binbits=6:mapping=uniform:softdist=trilinear:feedback=0:prune=hamerly:seed=1:restarts=1:iter=20:miniter=0:polish_iter=0:feedback_slots=1:feedback_interval=1:sample_target=16384,palette-build,washout,1,1,-1,0.009343,'{img2sixel}' --threads=1 --precision=8bit --quality=full '--loaders=libpng!' --sampling-policy=full-frame --binning-policy=hard --quantize-model=kmeans:inittype=none:threshold=0.125:binbits=6:mapping=uniform:softdist=trilinear:feedback=0:prune=hamerly:seed=1:restarts=1:iter=20:miniter=0:polish_iter=0:feedback_slots=1:feedback_interval=1:sample_target=16384 -Xoklab -Wgamma --diffusion=none --gpu-policy=off --lookup-policy=none -F none -a off -p 64 -J '{timeline}' -o '{devnull}' '{input}'
f2c138d8f6aa0a90c89d019f85eaf9bb3efa5edb,macOS-26.5.1-arm64-arm-64bit-Mach-O,images/snake.png,64,adaptive-grid-hard,adaptive-grid,hard,kmeans:inittype=none:threshold=0.125:binbits=6:mapping=uniform:softdist=trilinear:feedback=0:prune=hamerly:seed=1:restarts=1:iter=20:miniter=0:polish_iter=0:feedback_slots=1:feedback_interval=1:sample_target=16384,palette-build,warmup,1,1,0,0.001314,'{img2sixel}' --threads=1 --precision=8bit --quality=full '--loaders=libpng!' --sampling-policy=adaptive-grid --binning-policy=hard --quantize-model=kmeans:inittype=none:threshold=0.125:binbits=6:mapping=uniform:softdist=trilinear:feedback=0:prune=hamerly:seed=1:restarts=1:iter=20:miniter=0:polish_iter=0:feedback_slots=1:feedback_interval=1:sample_target=16384 -Xoklab -Wgamma --diffusion=none --gpu-policy=off --lookup-policy=none -F none -a off -p 64 -J '{timeline}' -o '{devnull}' '{input}'
f2c138d8f6aa0a90c89d019f85eaf9bb3efa5edb,macOS-26.5.1-arm64-arm-64bit-Mach-O,images/snake.png,64,full-frame-none,full-frame,none,kmeans:inittype=none:threshold=0.125:binbits=6:mapping=uniform:softdist=trilinear:feedback=0:prune=hamerly:seed=1:restarts=1:iter=20:miniter=0:polish_iter=0:feedback_slots=1:feedback_interval=1:sample_target=16384,palette-build,warmup,1,1,1,0.232345,'{img2sixel}' --threads=1 --precision=8bit --quality=full '--loaders=libpng!' --sampling-policy=full-frame --binning-policy=none --quantize-model=kmeans:inittype=none:threshold=0.125:binbits=6:mapping=uniform:softdist=trilinear:feedback=0:prune=hamerly:seed=1:restarts=1:iter=20:miniter=0:polish_iter=0:feedback_slots=1:feedback_interval=1:sample_target=16384 -Xoklab -Wgamma --diffusion=none --gpu-policy=off --lookup-policy=none -F none -a off -p 64 -J '{timeline}' -o '{devnull}' '{input}'
f2c138d8f6aa0a90c89d019f85eaf9bb3efa5edb,macOS-26.5.1-arm64-arm-64bit-Mach-O,images/snake.png,64,full-frame-hard,full-frame,hard,kmeans:inittype=none:threshold=0.125:binbits=6:mapping=uniform:softdist=trilinear:feedback=0:prune=hamerly:seed=1:restarts=1:iter=20:miniter=0:polish_iter=0:feedback_slots=1:feedback_interval=1:sample_target=16384,palette-build,warmup,1,1,2,0.009340000000000001,'{img2sixel}' --threads=1 --precision=8bit --quality=full '--loaders=libpng!' --sampling-policy=full-frame --binning-policy=hard --quantize-model=kmeans:inittype=none:threshold=0.125:binbits=6:mapping=uniform:softdist=trilinear:feedback=0:prune=hamerly:seed=1:restarts=1:iter=20:miniter=0:polish_iter=0:feedback_slots=1:feedback_interval=1:sample_target=16384 -Xoklab -Wgamma --diffusion=none --gpu-policy=off --lookup-policy=none -F none -a off -p 64 -J '{timeline}' -o '{devnull}' '{input}'
f2c138d8f6aa0a90c89d019f85eaf9bb3efa5edb,macOS-26.5.1-arm64-arm-64bit-Mach-O,images/snake.png,64,full-frame-exact,full-frame,exact,kmeans:inittype=none:threshold=0.125:binbits=6:mapping=uniform:softdist=trilinear:feedback=0:prune=hamerly:seed=1:restarts=1:iter=20:miniter=0:polish_iter=0:feedback_slots=1:feedback_interval=1:sample_target=16384,palette-build,warmup,1,1,3,0.096295,'{img2sixel}' --threads=1 --precision=8bit --quality=full '--loaders=libpng!' --sampling-policy=full-frame --binning-policy=exact --quantize-model=kmeans:inittype=none:threshold=0.125:binbits=6:mapping=uniform:softdist=trilinear:feedback=0:prune=hamerly:seed=1:restarts=1:iter=20:miniter=0:polish_iter=0:feedback_slots=1:feedback_interval=1:sample_target=16384 -Xoklab -Wgamma --diffusion=none --gpu-policy=off --lookup-policy=none -F none -a off -p 64 -J '{timeline}' -o '{devnull}' '{input}'
f2c138d8f6aa0a90c89d019f85eaf9bb3efa5edb,macOS-26.5.1-arm64-arm-64bit-Mach-O,images/snake.png,64,full-frame-soft,full-frame,soft,kmeans:inittype=none:threshold=0.125:binbits=6:mapping=uniform:softdist=trilinear:feedback=0:prune=hamerly:seed=1:restarts=1:iter=20:miniter=0:polish_iter=0:feedback_slots=1:feedback_interval=1:sample_target=16384,palette-build,warmup,1,1,4,0.019166000000000002,'{img2sixel}' --threads=1 --precision=8bit --quality=full '--loaders=libpng!' --sampling-policy=full-frame --binning-policy=soft --quantize-model=kmeans:inittype=none:threshold=0.125:binbits=6:mapping=uniform:softdist=trilinear:feedback=0:prune=hamerly:seed=1:restarts=1:iter=20:miniter=0:polish_iter=0:feedback_slots=1:feedback_interval=1:sample_target=16384 -Xoklab -Wgamma --diffusion=none --gpu-policy=off --lookup-policy=none -F none -a off -p 64 -J '{timeline}' -o '{devnull}' '{input}'
f2c138d8f6aa0a90c89d019f85eaf9bb3efa5edb,macOS-26.5.1-arm64-arm-64bit-Mach-O,images/snake.png,64,full-frame-hard,full-frame,hard,kmeans:inittype=none:threshold=0.125:binbits=6:mapping=uniform:softdist=trilinear:feedback=0:prune=hamerly:seed=1:restarts=1:iter=20:miniter=0:polish_iter=0:feedback_slots=1:feedback_interval=1:sample_target=16384,palette-build,washout,2,2,-1,0.009850999999999999,'{img2sixel}' --threads=1 --precision=8bit --quality=full '--loaders=libpng!' --sampling-policy=full-frame --binning-policy=hard --quantize-model=kmeans:inittype=none:threshold=0.125:binbits=6:mapping=uniform:softdist=trilinear:feedback=0:prune=hamerly:seed=1:restarts=1:iter=20:miniter=0:polish_iter=0:feedback_slots=1:feedback_interval=1:sample_target=16384 -Xoklab -Wgamma --diffusion=none --gpu-policy=off --lookup-policy=none -F none -a off -p 64 -J '{timeline}' -o '{devnull}' '{input}'
f2c138d8f6aa0a90c89d019f85eaf9bb3efa5edb,macOS-26.5.1-arm64-arm-64bit-Mach-O,images/snake.png,64,full-frame-none,full-frame,none,kmeans:inittype=none:threshold=0.125:binbits=6:mapping=uniform:softdist=trilinear:feedback=0:prune=hamerly:seed=1:restarts=1:iter=20:miniter=0:polish_iter=0:feedback_slots=1:feedback_interval=1:sample_target=16384,palette-build,measured,2,2,0,0.23580299999999998,'{img2sixel}' --threads=1 --precision=8bit --quality=full '--loaders=libpng!' --sampling-policy=full-frame --binning-policy=none --quantize-model=kmeans:inittype=none:threshold=0.125:binbits=6:mapping=uniform:softdist=trilinear:feedback=0:prune=hamerly:seed=1:restarts=1:iter=20:miniter=0:polish_iter=0:feedback_slots=1:feedback_interval=1:sample_target=16384 -Xoklab -Wgamma --diffusion=none --gpu-policy=off --lookup-policy=none -F none -a off -p 64 -J '{timeline}' -o '{devnull}' '{input}'
f2c138d8f6aa0a90c89d019f85eaf9bb3efa5edb,macOS-26.5.1-arm64-arm-64bit-Mach-O,images/snake.png,64,full-frame-exact,full-frame,exact,kmeans:inittype=none:threshold=0.125:binbits=6:mapping=uniform:softdist=trilinear:feedback=0:prune=hamerly:seed=1:restarts=1:iter=20:miniter=0:polish_iter=0:feedback_slots=1:feedback_interval=1:sample_target=16384,palette-build,measured,2,2,1,0.09617700000000001,'{img2sixel}' --threads=1 --precision=8bit --quality=full '--loaders=libpng!' --sampling-policy=full-frame --binning-policy=exact --quantize-model=kmeans:inittype=none:threshold=0.125:binbits=6:mapping=uniform:softdist=trilinear:feedback=0:prune=hamerly:seed=1:restarts=1:iter=20:miniter=0:polish_iter=0:feedback_slots=1:feedback_interval=1:sample_target=16384 -Xoklab -Wgamma --diffusion=none --gpu-policy=off --lookup-policy=none -F none -a off -p 64 -J '{timeline}' -o '{devnull}' '{input}'
f2c138d8f6aa0a90c89d019f85eaf9bb3efa5edb,macOS-26.5.1-arm64-arm-64bit-Mach-O,images/snake.png,64,adaptive-grid-hard,adaptive-grid,hard,kmeans:inittype=none:threshold=0.125:binbits=6:mapping=uniform:softdist=trilinear:feedback=0:prune=hamerly:seed=1:restarts=1:iter=20:miniter=0:polish_iter=0:feedback_slots=1:feedback_interval=1:sample_target=16384,palette-build,measured,2,2,2,0.001314,'{img2sixel}' --threads=1 --precision=8bit --quality=full '--loaders=libpng!' --sampling-policy=adaptive-grid --binning-policy=hard --quantize-model=kmeans:inittype=none:threshold=0.125:binbits=6:mapping=uniform:softdist=trilinear:feedback=0:prune=hamerly:seed=1:restarts=1:iter=20:miniter=0:polish_iter=0:feedback_slots=1:feedback_interval=1:sample_target=16384 -Xoklab -Wgamma --diffusion=none --gpu-policy=off --lookup-policy=none -F none -a off -p 64 -J '{timeline}' -o '{devnull}' '{input}'
f2c138d8f6aa0a90c89d019f85eaf9bb3efa5edb,macOS-26.5.1-arm64-arm-64bit-Mach-O,images/snake.png,64,full-frame-soft,full-frame,soft,kmeans:inittype=none:threshold=0.125:binbits=6:mapping=uniform:softdist=trilinear:feedback=0:prune=hamerly:seed=1:restarts=1:iter=20:miniter=0:polish_iter=0:feedback_slots=1:feedback_interval=1:sample_target=16384,palette-build,measured,2,2,3,0.018562000000000002,'{img2sixel}' --threads=1 --precision=8bit --quality=full '--loaders=libpng!' --sampling-policy=full-frame --binning-policy=soft --quantize-model=kmeans:inittype=none:threshold=0.125:binbits=6:mapping=uniform:softdist=trilinear:feedback=0:prune=hamerly:seed=1:restarts=1:iter=20:miniter=0:polish_iter=0:feedback_slots=1:feedback_interval=1:sample_target=16384 -Xoklab -Wgamma --diffusion=none --gpu-policy=off --lookup-policy=none -F none -a off -p 64 -J '{timeline}' -o '{devnull}' '{input}'
f2c138d8f6aa0a90c89d019f85eaf9bb3efa5edb,macOS-26.5.1-arm64-arm-64bit-Mach-O,images/snake.png,64,full-frame-hard,full-frame,hard,kmeans:inittype=none:threshold=0.125:binbits=6:mapping=uniform:softdist=trilinear:feedback=0:prune=hamerly:seed=1:restarts=1:iter=20:miniter=0:polish_iter=0:feedback_slots=1:feedback_interval=1:sample_target=16384,palette-build,measured,2,2,4,0.009335,'{img2sixel}' --threads=1 --precision=8bit --quality=full '--loaders=libpng!' --sampling-policy=full-frame --binning-policy=hard --quantize-model=kmeans:inittype=none:threshold=0.125:binbits=6:mapping=uniform:softdist=trilinear:feedback=0:prune=hamerly:seed=1:restarts=1:iter=20:miniter=0:polish_iter=0:feedback_slots=1:feedback_interval=1:sample_target=16384 -Xoklab -Wgamma --diffusion=none --gpu-policy=off --lookup-policy=none -F none -a off -p 64 -J '{timeline}' -o '{devnull}' '{input}'
f2c138d8f6aa0a90c89d019f85eaf9bb3efa5edb,macOS-26.5.1-arm64-arm-64bit-Mach-O,images/snake.png,64,full-frame-hard,full-frame,hard,kmeans:inittype=none:threshold=0.125:binbits=6:mapping=uniform:softdist=trilinear:feedback=0:prune=hamerly:seed=1:restarts=1:iter=20:miniter=0:polish_iter=0:feedback_slots=1:feedback_interval=1:sample_target=16384,palette-build,washout,3,3,-1,0.009306000000000002,'{img2sixel}' --threads=1 --precision=8bit --quality=full '--loaders=libpng!' --sampling-policy=full-frame --binning-policy=hard --quantize-model=kmeans:inittype=none:threshold=0.125:binbits=6:mapping=uniform:softdist=trilinear:feedback=0:prune=hamerly:seed=1:restarts=1:iter=20:miniter=0:polish_iter=0:feedback_slots=1:feedback_interval=1:sample_target=16384 -Xoklab -Wgamma --diffusion=none --gpu-policy=off --lookup-policy=none -F none -a off -p 64 -J '{timeline}' -o '{devnull}' '{input}'
f2c138d8f6aa0a90c89d019f85eaf9bb3efa5edb,macOS-26.5.1-arm64-arm-64bit-Mach-O,images/snake.png,64,full-frame-exact,full-frame,exact,kmeans:inittype=none:threshold=0.125:binbits=6:mapping=uniform:softdist=trilinear:feedback=0:prune=hamerly:seed=1:restarts=1:iter=20:miniter=0:polish_iter=0:feedback_slots=1:feedback_interval=1:sample_target=16384,palette-build,measured,3,3,0,0.09617,'{img2sixel}' --threads=1 --precision=8bit --quality=full '--loaders=libpng!' --sampling-policy=full-frame --binning-policy=exact --quantize-model=kmeans:inittype=none:threshold=0.125:binbits=6:mapping=uniform:softdist=trilinear:feedback=0:prune=hamerly:seed=1:restarts=1:iter=20:miniter=0:polish_iter=0:feedback_slots=1:feedback_interval=1:sample_target=16384 -Xoklab -Wgamma --diffusion=none --gpu-policy=off --lookup-policy=none -F none -a off -p 64 -J '{timeline}' -o '{devnull}' '{input}'
f2c138d8f6aa0a90c89d019f85eaf9bb3efa5edb,macOS-26.5.1-arm64-arm-64bit-Mach-O,images/snake.png,64,full-frame-soft,full-frame,soft,kmeans:inittype=none:threshold=0.125:binbits=6:mapping=uniform:softdist=trilinear:feedback=0:prune=hamerly:seed=1:restarts=1:iter=20:miniter=0:polish_iter=0:feedback_slots=1:feedback_interval=1:sample_target=16384,palette-build,measured,3,3,1,0.018494,'{img2sixel}' --threads=1 --precision=8bit --quality=full '--loaders=libpng!' --sampling-policy=full-frame --binning-policy=soft --quantize-model=kmeans:inittype=none:threshold=0.125:binbits=6:mapping=uniform:softdist=trilinear:feedback=0:prune=hamerly:seed=1:restarts=1:iter=20:miniter=0:polish_iter=0:feedback_slots=1:feedback_interval=1:sample_target=16384 -Xoklab -Wgamma --diffusion=none --gpu-policy=off --lookup-policy=none -F none -a off -p 64 -J '{timeline}' -o '{devnull}' '{input}'
f2c138d8f6aa0a90c89d019f85eaf9bb3efa5edb,macOS-26.5.1-arm64-arm-64bit-Mach-O,images/snake.png,64,full-frame-none,full-frame,none,kmeans:inittype=none:threshold=0.125:binbits=6:mapping=uniform:softdist=trilinear:feedback=0:prune=hamerly:seed=1:restarts=1:iter=20:miniter=0:polish_iter=0:feedback_slots=1:feedback_interval=1:sample_target=16384,palette-build,measured,3,3,2,0.23239600000000002,'{img2sixel}' --threads=1 --precision=8bit --quality=full '--loaders=libpng!' --sampling-policy=full-frame --binning-policy=none --quantize-model=kmeans:inittype=none:threshold=0.125:binbits=6:mapping=uniform:softdist=trilinear:feedback=0:prune=hamerly:seed=1:restarts=1:iter=20:miniter=0:polish_iter=0:feedback_slots=1:feedback_interval=1:sample_target=16384 -Xoklab -Wgamma --diffusion=none --gpu-policy=off --lookup-policy=none -F none -a off -p 64 -J '{timeline}' -o '{devnull}' '{input}'
f2c138d8f6aa0a90c89d019f85eaf9bb3efa5edb,macOS-26.5.1-arm64-arm-64bit-Mach-O,images/snake.png,64,full-frame-hard,full-frame,hard,kmeans:inittype=none:threshold=0.125:binbits=6:mapping=uniform:softdist=trilinear:feedback=0:prune=hamerly:seed=1:restarts=1:iter=20:miniter=0:polish_iter=0:feedback_slots=1:feedback_interval=1:sample_target=16384,palette-build,measured,3,3,3,0.009343000000000002,'{img2sixel}' --threads=1 --precision=8bit --quality=full '--loaders=libpng!' --sampling-policy=full-frame --binning-policy=hard --quantize-model=kmeans:inittype=none:threshold=0.125:binbits=6:mapping=uniform:softdist=trilinear:feedback=0:prune=hamerly:seed=1:restarts=1:iter=20:miniter=0:polish_iter=0:feedback_slots=1:feedback_interval=1:sample_target=16384 -Xoklab -Wgamma --diffusion=none --gpu-policy=off --lookup-policy=none -F none -a off -p 64 -J '{timeline}' -o '{devnull}' '{input}'
f2c138d8f6aa0a90c89d019f85eaf9bb3efa5edb,macOS-26.5.1-arm64-arm-64bit-Mach-O,images/snake.png,64,adaptive-grid-hard,adaptive-grid,hard,kmeans:inittype=none:threshold=0.125:binbits=6:mapping=uniform:softdist=trilinear:feedback=0:prune=hamerly:seed=1:restarts=1:iter=20:miniter=0:polish_iter=0:feedback_slots=1:feedback_interval=1:sample_target=16384,palette-build,measured,3,3,4,0.0013159999999999995,'{img2sixel}' --threads=1 --precision=8bit --quality=full '--loaders=libpng!' --sampling-policy=adaptive-grid --binning-policy=hard --quantize-model=kmeans:inittype=none:threshold=0.125:binbits=6:mapping=uniform:softdist=trilinear:feedback=0:prune=hamerly:seed=1:restarts=1:iter=20:miniter=0:polish_iter=0:feedback_slots=1:feedback_interval=1:sample_target=16384 -Xoklab -Wgamma --diffusion=none --gpu-policy=off --lookup-policy=none -F none -a off -p 64 -J '{timeline}' -o '{devnull}' '{input}'
f2c138d8f6aa0a90c89d019f85eaf9bb3efa5edb,macOS-26.5.1-arm64-arm-64bit-Mach-O,images/snake.png,64,full-frame-hard,full-frame,hard,kmeans:inittype=none:threshold=0.125:binbits=6:mapping=uniform:softdist=trilinear:feedback=0:prune=hamerly:seed=1:restarts=1:iter=20:miniter=0:polish_iter=0:feedback_slots=1:feedback_interval=1:sample_target=16384,palette-build,washout,4,4,-1,0.009326000000000001,'{img2sixel}' --threads=1 --precision=8bit --quality=full '--loaders=libpng!' --sampling-policy=full-frame --binning-policy=hard --quantize-model=kmeans:inittype=none:threshold=0.125:binbits=6:mapping=uniform:softdist=trilinear:feedback=0:prune=hamerly:seed=1:restarts=1:iter=20:miniter=0:polish_iter=0:feedback_slots=1:feedback_interval=1:sample_target=16384 -Xoklab -Wgamma --diffusion=none --gpu-policy=off --lookup-policy=none -F none -a off -p 64 -J '{timeline}' -o '{devnull}' '{input}'
f2c138d8f6aa0a90c89d019f85eaf9bb3efa5edb,macOS-26.5.1-arm64-arm-64bit-Mach-O,images/snake.png,64,full-frame-soft,full-frame,soft,kmeans:inittype=none:threshold=0.125:binbits=6:mapping=uniform:softdist=trilinear:feedback=0:prune=hamerly:seed=1:restarts=1:iter=20:miniter=0:polish_iter=0:feedback_slots=1:feedback_interval=1:sample_target=16384,palette-build,measured,4,4,0,0.018713,'{img2sixel}' --threads=1 --precision=8bit --quality=full '--loaders=libpng!' --sampling-policy=full-frame --binning-policy=soft --quantize-model=kmeans:inittype=none:threshold=0.125:binbits=6:mapping=uniform:softdist=trilinear:feedback=0:prune=hamerly:seed=1:restarts=1:iter=20:miniter=0:polish_iter=0:feedback_slots=1:feedback_interval=1:sample_target=16384 -Xoklab -Wgamma --diffusion=none --gpu-policy=off --lookup-policy=none -F none -a off -p 64 -J '{timeline}' -o '{devnull}' '{input}'
f2c138d8f6aa0a90c89d019f85eaf9bb3efa5edb,macOS-26.5.1-arm64-arm-64bit-Mach-O,images/snake.png,64,full-frame-hard,full-frame,hard,kmeans:inittype=none:threshold=0.125:binbits=6:mapping=uniform:softdist=trilinear:feedback=0:prune=hamerly:seed=1:restarts=1:iter=20:miniter=0:polish_iter=0:feedback_slots=1:feedback_interval=1:sample_target=16384,palette-build,measured,4,4,1,0.009441999999999999,'{img2sixel}' --threads=1 --precision=8bit --quality=full '--loaders=libpng!' --sampling-policy=full-frame --binning-policy=hard --quantize-model=kmeans:inittype=none:threshold=0.125:binbits=6:mapping=uniform:softdist=trilinear:feedback=0:prune=hamerly:seed=1:restarts=1:iter=20:miniter=0:polish_iter=0:feedback_slots=1:feedback_interval=1:sample_target=16384 -Xoklab -Wgamma --diffusion=none --gpu-policy=off --lookup-policy=none -F none -a off -p 64 -J '{timeline}' -o '{devnull}' '{input}'
f2c138d8f6aa0a90c89d019f85eaf9bb3efa5edb,macOS-26.5.1-arm64-arm-64bit-Mach-O,images/snake.png,64,full-frame-exact,full-frame,exact,kmeans:inittype=none:threshold=0.125:binbits=6:mapping=uniform:softdist=trilinear:feedback=0:prune=hamerly:seed=1:restarts=1:iter=20:miniter=0:polish_iter=0:feedback_slots=1:feedback_interval=1:sample_target=16384,palette-build,measured,4,4,2,0.096485,'{img2sixel}' --threads=1 --precision=8bit --quality=full '--loaders=libpng!' --sampling-policy=full-frame --binning-policy=exact --quantize-model=kmeans:inittype=none:threshold=0.125:binbits=6:mapping=uniform:softdist=trilinear:feedback=0:prune=hamerly:seed=1:restarts=1:iter=20:miniter=0:polish_iter=0:feedback_slots=1:feedback_interval=1:sample_target=16384 -Xoklab -Wgamma --diffusion=none --gpu-policy=off --lookup-policy=none -F none -a off -p 64 -J '{timeline}' -o '{devnull}' '{input}'
f2c138d8f6aa0a90c89d019f85eaf9bb3efa5edb,macOS-26.5.1-arm64-arm-64bit-Mach-O,images/snake.png,64,adaptive-grid-hard,adaptive-grid,hard,kmeans:inittype=none:threshold=0.125:binbits=6:mapping=uniform:softdist=trilinear:feedback=0:prune=hamerly:seed=1:restarts=1:iter=20:miniter=0:polish_iter=0:feedback_slots=1:feedback_interval=1:sample_target=16384,palette-build,measured,4,4,3,0.0013209999999999993,'{img2sixel}' --threads=1 --precision=8bit --quality=full '--loaders=libpng!' --sampling-policy=adaptive-grid --binning-policy=hard --quantize-model=kmeans:inittype=none:threshold=0.125:binbits=6:mapping=uniform:softdist=trilinear:feedback=0:prune=hamerly:seed=1:restarts=1:iter=20:miniter=0:polish_iter=0:feedback_slots=1:feedback_interval=1:sample_target=16384 -Xoklab -Wgamma --diffusion=none --gpu-policy=off --lookup-policy=none -F none -a off -p 64 -J '{timeline}' -o '{devnull}' '{input}'
f2c138d8f6aa0a90c89d019f85eaf9bb3efa5edb,macOS-26.5.1-arm64-arm-64bit-Mach-O,images/snake.png,64,full-frame-none,full-frame,none,kmeans:inittype=none:threshold=0.125:binbits=6:mapping=uniform:softdist=trilinear:feedback=0:prune=hamerly:seed=1:restarts=1:iter=20:miniter=0:polish_iter=0:feedback_slots=1:feedback_interval=1:sample_target=16384,palette-build,measured,4,4,4,0.232586,'{img2sixel}' --threads=1 --precision=8bit --quality=full '--loaders=libpng!' --sampling-policy=full-frame --binning-policy=none --quantize-model=kmeans:inittype=none:threshold=0.125:binbits=6:mapping=uniform:softdist=trilinear:feedback=0:prune=hamerly:seed=1:restarts=1:iter=20:miniter=0:polish_iter=0:feedback_slots=1:feedback_interval=1:sample_target=16384 -Xoklab -Wgamma --diffusion=none --gpu-policy=off --lookup-policy=none -F none -a off -p 64 -J '{timeline}' -o '{devnull}' '{input}'
f2c138d8f6aa0a90c89d019f85eaf9bb3efa5edb,macOS-26.5.1-arm64-arm-64bit-Mach-O,images/snake.png,64,full-frame-hard,full-frame,hard,kmeans:inittype=none:threshold=0.125:binbits=6:mapping=uniform:softdist=trilinear:feedback=0:prune=hamerly:seed=1:restarts=1:iter=20:miniter=0:polish_iter=0:feedback_slots=1:feedback_interval=1:sample_target=16384,palette-build,washout,5,5,-1,0.009439000000000001,'{img2sixel}' --threads=1 --precision=8bit --quality=full '--loaders=libpng!' --sampling-policy=full-frame --binning-policy=hard --quantize-model=kmeans:inittype=none:threshold=0.125:binbits=6:mapping=uniform:softdist=trilinear:feedback=0:prune=hamerly:seed=1:restarts=1:iter=20:miniter=0:polish_iter=0:feedback_slots=1:feedback_interval=1:sample_target=16384 -Xoklab -Wgamma --diffusion=none --gpu-policy=off --lookup-policy=none -F none -a off -p 64 -J '{timeline}' -o '{devnull}' '{input}'
f2c138d8f6aa0a90c89d019f85eaf9bb3efa5edb,macOS-26.5.1-arm64-arm-64bit-Mach-O,images/snake.png,64,full-frame-exact,full-frame,exact,kmeans:inittype=none:threshold=0.125:binbits=6:mapping=uniform:softdist=trilinear:feedback=0:prune=hamerly:seed=1:restarts=1:iter=20:miniter=0:polish_iter=0:feedback_slots=1:feedback_interval=1:sample_target=16384,palette-build,measured,5,5,0,0.096703,'{img2sixel}' --threads=1 --precision=8bit --quality=full '--loaders=libpng!' --sampling-policy=full-frame --binning-policy=exact --quantize-model=kmeans:inittype=none:threshold=0.125:binbits=6:mapping=uniform:softdist=trilinear:feedback=0:prune=hamerly:seed=1:restarts=1:iter=20:miniter=0:polish_iter=0:feedback_slots=1:feedback_interval=1:sample_target=16384 -Xoklab -Wgamma --diffusion=none --gpu-policy=off --lookup-policy=none -F none -a off -p 64 -J '{timeline}' -o '{devnull}' '{input}'
f2c138d8f6aa0a90c89d019f85eaf9bb3efa5edb,macOS-26.5.1-arm64-arm-64bit-Mach-O,images/snake.png,64,full-frame-none,full-frame,none,kmeans:inittype=none:threshold=0.125:binbits=6:mapping=uniform:softdist=trilinear:feedback=0:prune=hamerly:seed=1:restarts=1:iter=20:miniter=0:polish_iter=0:feedback_slots=1:feedback_interval=1:sample_target=16384,palette-build,measured,5,5,1,0.23267200000000002,'{img2sixel}' --threads=1 --precision=8bit --quality=full '--loaders=libpng!' --sampling-policy=full-frame --binning-policy=none --quantize-model=kmeans:inittype=none:threshold=0.125:binbits=6:mapping=uniform:softdist=trilinear:feedback=0:prune=hamerly:seed=1:restarts=1:iter=20:miniter=0:polish_iter=0:feedback_slots=1:feedback_interval=1:sample_target=16384 -Xoklab -Wgamma --diffusion=none --gpu-policy=off --lookup-policy=none -F none -a off -p 64 -J '{timeline}' -o '{devnull}' '{input}'
f2c138d8f6aa0a90c89d019f85eaf9bb3efa5edb,macOS-26.5.1-arm64-arm-64bit-Mach-O,images/snake.png,64,full-frame-soft,full-frame,soft,kmeans:inittype=none:threshold=0.125:binbits=6:mapping=uniform:softdist=trilinear:feedback=0:prune=hamerly:seed=1:restarts=1:iter=20:miniter=0:polish_iter=0:feedback_slots=1:feedback_interval=1:sample_target=16384,palette-build,measured,5,5,2,0.018587,'{img2sixel}' --threads=1 --precision=8bit --quality=full '--loaders=libpng!' --sampling-policy=full-frame --binning-policy=soft --quantize-model=kmeans:inittype=none:threshold=0.125:binbits=6:mapping=uniform:softdist=trilinear:feedback=0:prune=hamerly:seed=1:restarts=1:iter=20:miniter=0:polish_iter=0:feedback_slots=1:feedback_interval=1:sample_target=16384 -Xoklab -Wgamma --diffusion=none --gpu-policy=off --lookup-policy=none -F none -a off -p 64 -J '{timeline}' -o '{devnull}' '{input}'
f2c138d8f6aa0a90c89d019f85eaf9bb3efa5edb,macOS-26.5.1-arm64-arm-64bit-Mach-O,images/snake.png,64,adaptive-grid-hard,adaptive-grid,hard,kmeans:inittype=none:threshold=0.125:binbits=6:mapping=uniform:softdist=trilinear:feedback=0:prune=hamerly:seed=1:restarts=1:iter=20:miniter=0:polish_iter=0:feedback_slots=1:feedback_interval=1:sample_target=16384,palette-build,measured,5,5,3,0.0013219999999999994,'{img2sixel}' --threads=1 --precision=8bit --quality=full '--loaders=libpng!' --sampling-policy=adaptive-grid --binning-policy=hard --quantize-model=kmeans:inittype=none:threshold=0.125:binbits=6:mapping=uniform:softdist=trilinear:feedback=0:prune=hamerly:seed=1:restarts=1:iter=20:miniter=0:polish_iter=0:feedback_slots=1:feedback_interval=1:sample_target=16384 -Xoklab -Wgamma --diffusion=none --gpu-policy=off --lookup-policy=none -F none -a off -p 64 -J '{timeline}' -o '{devnull}' '{input}'
f2c138d8f6aa0a90c89d019f85eaf9bb3efa5edb,macOS-26.5.1-arm64-arm-64bit-Mach-O,images/snake.png,64,full-frame-hard,full-frame,hard,kmeans:inittype=none:threshold=0.125:binbits=6:mapping=uniform:softdist=trilinear:feedback=0:prune=hamerly:seed=1:restarts=1:iter=20:miniter=0:polish_iter=0:feedback_slots=1:feedback_interval=1:sample_target=16384,palette-build,measured,5,5,4,0.009358999999999998,'{img2sixel}' --threads=1 --precision=8bit --quality=full '--loaders=libpng!' --sampling-policy=full-frame --binning-policy=hard --quantize-model=kmeans:inittype=none:threshold=0.125:binbits=6:mapping=uniform:softdist=trilinear:feedback=0:prune=hamerly:seed=1:restarts=1:iter=20:miniter=0:polish_iter=0:feedback_slots=1:feedback_interval=1:sample_target=16384 -Xoklab -Wgamma --diffusion=none --gpu-policy=off --lookup-policy=none -F none -a off -p 64 -J '{timeline}' -o '{devnull}' '{input}'
f2c138d8f6aa0a90c89d019f85eaf9bb3efa5edb,macOS-26.5.1-arm64-arm-64bit-Mach-O,images/snake.png,64,full-frame-hard,full-frame,hard,kmeans:inittype=none:threshold=0.125:binbits=6:mapping=uniform:softdist=trilinear:feedback=0:prune=hamerly:seed=1:restarts=1:iter=20:miniter=0:polish_iter=0:feedback_slots=1:feedback_interval=1:sample_target=16384,palette-build,washout,6,6,-1,0.009486000000000001,'{img2sixel}' --threads=1 --precision=8bit --quality=full '--loaders=libpng!' --sampling-policy=full-frame --binning-policy=hard --quantize-model=kmeans:inittype=none:threshold=0.125:binbits=6:mapping=uniform:softdist=trilinear:feedback=0:prune=hamerly:seed=1:restarts=1:iter=20:miniter=0:polish_iter=0:feedback_slots=1:feedback_interval=1:sample_target=16384 -Xoklab -Wgamma --diffusion=none --gpu-policy=off --lookup-policy=none -F none -a off -p 64 -J '{timeline}' -o '{devnull}' '{input}'
f2c138d8f6aa0a90c89d019f85eaf9bb3efa5edb,macOS-26.5.1-arm64-arm-64bit-Mach-O,images/snake.png,64,full-frame-soft,full-frame,soft,kmeans:inittype=none:threshold=0.125:binbits=6:mapping=uniform:softdist=trilinear:feedback=0:prune=hamerly:seed=1:restarts=1:iter=20:miniter=0:polish_iter=0:feedback_slots=1:feedback_interval=1:sample_target=16384,palette-build,measured,6,6,0,0.018536000000000004,'{img2sixel}' --threads=1 --precision=8bit --quality=full '--loaders=libpng!' --sampling-policy=full-frame --binning-policy=soft --quantize-model=kmeans:inittype=none:threshold=0.125:binbits=6:mapping=uniform:softdist=trilinear:feedback=0:prune=hamerly:seed=1:restarts=1:iter=20:miniter=0:polish_iter=0:feedback_slots=1:feedback_interval=1:sample_target=16384 -Xoklab -Wgamma --diffusion=none --gpu-policy=off --lookup-policy=none -F none -a off -p 64 -J '{timeline}' -o '{devnull}' '{input}'
f2c138d8f6aa0a90c89d019f85eaf9bb3efa5edb,macOS-26.5.1-arm64-arm-64bit-Mach-O,images/snake.png,64,full-frame-exact,full-frame,exact,kmeans:inittype=none:threshold=0.125:binbits=6:mapping=uniform:softdist=trilinear:feedback=0:prune=hamerly:seed=1:restarts=1:iter=20:miniter=0:polish_iter=0:feedback_slots=1:feedback_interval=1:sample_target=16384,palette-build,measured,6,6,1,0.096429,'{img2sixel}' --threads=1 --precision=8bit --quality=full '--loaders=libpng!' --sampling-policy=full-frame --binning-policy=exact --quantize-model=kmeans:inittype=none:threshold=0.125:binbits=6:mapping=uniform:softdist=trilinear:feedback=0:prune=hamerly:seed=1:restarts=1:iter=20:miniter=0:polish_iter=0:feedback_slots=1:feedback_interval=1:sample_target=16384 -Xoklab -Wgamma --diffusion=none --gpu-policy=off --lookup-policy=none -F none -a off -p 64 -J '{timeline}' -o '{devnull}' '{input}'
f2c138d8f6aa0a90c89d019f85eaf9bb3efa5edb,macOS-26.5.1-arm64-arm-64bit-Mach-O,images/snake.png,64,full-frame-hard,full-frame,hard,kmeans:inittype=none:threshold=0.125:binbits=6:mapping=uniform:softdist=trilinear:feedback=0:prune=hamerly:seed=1:restarts=1:iter=20:miniter=0:polish_iter=0:feedback_slots=1:feedback_interval=1:sample_target=16384,palette-build,measured,6,6,2,0.009385000000000001,'{img2sixel}' --threads=1 --precision=8bit --quality=full '--loaders=libpng!' --sampling-policy=full-frame --binning-policy=hard --quantize-model=kmeans:inittype=none:threshold=0.125:binbits=6:mapping=uniform:softdist=trilinear:feedback=0:prune=hamerly:seed=1:restarts=1:iter=20:miniter=0:polish_iter=0:feedback_slots=1:feedback_interval=1:sample_target=16384 -Xoklab -Wgamma --diffusion=none --gpu-policy=off --lookup-policy=none -F none -a off -p 64 -J '{timeline}' -o '{devnull}' '{input}'
f2c138d8f6aa0a90c89d019f85eaf9bb3efa5edb,macOS-26.5.1-arm64-arm-64bit-Mach-O,images/snake.png,64,full-frame-none,full-frame,none,kmeans:inittype=none:threshold=0.125:binbits=6:mapping=uniform:softdist=trilinear:feedback=0:prune=hamerly:seed=1:restarts=1:iter=20:miniter=0:polish_iter=0:feedback_slots=1:feedback_interval=1:sample_target=16384,palette-build,measured,6,6,3,0.234624,'{img2sixel}' --threads=1 --precision=8bit --quality=full '--loaders=libpng!' --sampling-policy=full-frame --binning-policy=none --quantize-model=kmeans:inittype=none:threshold=0.125:binbits=6:mapping=uniform:softdist=trilinear:feedback=0:prune=hamerly:seed=1:restarts=1:iter=20:miniter=0:polish_iter=0:feedback_slots=1:feedback_interval=1:sample_target=16384 -Xoklab -Wgamma --diffusion=none --gpu-policy=off --lookup-policy=none -F none -a off -p 64 -J '{timeline}' -o '{devnull}' '{input}'
f2c138d8f6aa0a90c89d019f85eaf9bb3efa5edb,macOS-26.5.1-arm64-arm-64bit-Mach-O,images/snake.png,64,adaptive-grid-hard,adaptive-grid,hard,kmeans:inittype=none:threshold=0.125:binbits=6:mapping=uniform:softdist=trilinear:feedback=0:prune=hamerly:seed=1:restarts=1:iter=20:miniter=0:polish_iter=0:feedback_slots=1:feedback_interval=1:sample_target=16384,palette-build,measured,6,6,4,0.0013289999999999995,'{img2sixel}' --threads=1 --precision=8bit --quality=full '--loaders=libpng!' --sampling-policy=adaptive-grid --binning-policy=hard --quantize-model=kmeans:inittype=none:threshold=0.125:binbits=6:mapping=uniform:softdist=trilinear:feedback=0:prune=hamerly:seed=1:restarts=1:iter=20:miniter=0:polish_iter=0:feedback_slots=1:feedback_interval=1:sample_target=16384 -Xoklab -Wgamma --diffusion=none --gpu-policy=off --lookup-policy=none -F none -a off -p 64 -J '{timeline}' -o '{devnull}' '{input}'
f2c138d8f6aa0a90c89d019f85eaf9bb3efa5edb,macOS-26.5.1-arm64-arm-64bit-Mach-O,images/snake.png,64,full-frame-hard,full-frame,hard,kmeans:inittype=none:threshold=0.125:binbits=6:mapping=uniform:softdist=trilinear:feedback=0:prune=hamerly:seed=1:restarts=1:iter=20:miniter=0:polish_iter=0:feedback_slots=1:feedback_interval=1:sample_target=16384,palette-build,washout,7,7,-1,0.009403,'{img2sixel}' --threads=1 --precision=8bit --quality=full '--loaders=libpng!' --sampling-policy=full-frame --binning-policy=hard --quantize-model=kmeans:inittype=none:threshold=0.125:binbits=6:mapping=uniform:softdist=trilinear:feedback=0:prune=hamerly:seed=1:restarts=1:iter=20:miniter=0:polish_iter=0:feedback_slots=1:feedback_interval=1:sample_target=16384 -Xoklab -Wgamma --diffusion=none --gpu-policy=off --lookup-policy=none -F none -a off -p 64 -J '{timeline}' -o '{devnull}' '{input}'
f2c138d8f6aa0a90c89d019f85eaf9bb3efa5edb,macOS-26.5.1-arm64-arm-64bit-Mach-O,images/snake.png,64,full-frame-hard,full-frame,hard,kmeans:inittype=none:threshold=0.125:binbits=6:mapping=uniform:softdist=trilinear:feedback=0:prune=hamerly:seed=1:restarts=1:iter=20:miniter=0:polish_iter=0:feedback_slots=1:feedback_interval=1:sample_target=16384,palette-build,measured,7,7,0,0.009446999999999999,'{img2sixel}' --threads=1 --precision=8bit --quality=full '--loaders=libpng!' --sampling-policy=full-frame --binning-policy=hard --quantize-model=kmeans:inittype=none:threshold=0.125:binbits=6:mapping=uniform:softdist=trilinear:feedback=0:prune=hamerly:seed=1:restarts=1:iter=20:miniter=0:polish_iter=0:feedback_slots=1:feedback_interval=1:sample_target=16384 -Xoklab -Wgamma --diffusion=none --gpu-policy=off --lookup-policy=none -F none -a off -p 64 -J '{timeline}' -o '{devnull}' '{input}'
f2c138d8f6aa0a90c89d019f85eaf9bb3efa5edb,macOS-26.5.1-arm64-arm-64bit-Mach-O,images/snake.png,64,full-frame-soft,full-frame,soft,kmeans:inittype=none:threshold=0.125:binbits=6:mapping=uniform:softdist=trilinear:feedback=0:prune=hamerly:seed=1:restarts=1:iter=20:miniter=0:polish_iter=0:feedback_slots=1:feedback_interval=1:sample_target=16384,palette-build,measured,7,7,1,0.018543000000000004,'{img2sixel}' --threads=1 --precision=8bit --quality=full '--loaders=libpng!' --sampling-policy=full-frame --binning-policy=soft --quantize-model=kmeans:inittype=none:threshold=0.125:binbits=6:mapping=uniform:softdist=trilinear:feedback=0:prune=hamerly:seed=1:restarts=1:iter=20:miniter=0:polish_iter=0:feedback_slots=1:feedback_interval=1:sample_target=16384 -Xoklab -Wgamma --diffusion=none --gpu-policy=off --lookup-policy=none -F none -a off -p 64 -J '{timeline}' -o '{devnull}' '{input}'
f2c138d8f6aa0a90c89d019f85eaf9bb3efa5edb,macOS-26.5.1-arm64-arm-64bit-Mach-O,images/snake.png,64,adaptive-grid-hard,adaptive-grid,hard,kmeans:inittype=none:threshold=0.125:binbits=6:mapping=uniform:softdist=trilinear:feedback=0:prune=hamerly:seed=1:restarts=1:iter=20:miniter=0:polish_iter=0:feedback_slots=1:feedback_interval=1:sample_target=16384,palette-build,measured,7,7,2,0.0013219999999999994,'{img2sixel}' --threads=1 --precision=8bit --quality=full '--loaders=libpng!' --sampling-policy=adaptive-grid --binning-policy=hard --quantize-model=kmeans:inittype=none:threshold=0.125:binbits=6:mapping=uniform:softdist=trilinear:feedback=0:prune=hamerly:seed=1:restarts=1:iter=20:miniter=0:polish_iter=0:feedback_slots=1:feedback_interval=1:sample_target=16384 -Xoklab -Wgamma --diffusion=none --gpu-policy=off --lookup-policy=none -F none -a off -p 64 -J '{timeline}' -o '{devnull}' '{input}'
f2c138d8f6aa0a90c89d019f85eaf9bb3efa5edb,macOS-26.5.1-arm64-arm-64bit-Mach-O,images/snake.png,64,full-frame-exact,full-frame,exact,kmeans:inittype=none:threshold=0.125:binbits=6:mapping=uniform:softdist=trilinear:feedback=0:prune=hamerly:seed=1:restarts=1:iter=20:miniter=0:polish_iter=0:feedback_slots=1:feedback_interval=1:sample_target=16384,palette-build,measured,7,7,3,0.096627,'{img2sixel}' --threads=1 --precision=8bit --quality=full '--loaders=libpng!' --sampling-policy=full-frame --binning-policy=exact --quantize-model=kmeans:inittype=none:threshold=0.125:binbits=6:mapping=uniform:softdist=trilinear:feedback=0:prune=hamerly:seed=1:restarts=1:iter=20:miniter=0:polish_iter=0:feedback_slots=1:feedback_interval=1:sample_target=16384 -Xoklab -Wgamma --diffusion=none --gpu-policy=off --lookup-policy=none -F none -a off -p 64 -J '{timeline}' -o '{devnull}' '{input}'
f2c138d8f6aa0a90c89d019f85eaf9bb3efa5edb,macOS-26.5.1-arm64-arm-64bit-Mach-O,images/snake.png,64,full-frame-none,full-frame,none,kmeans:inittype=none:threshold=0.125:binbits=6:mapping=uniform:softdist=trilinear:feedback=0:prune=hamerly:seed=1:restarts=1:iter=20:miniter=0:polish_iter=0:feedback_slots=1:feedback_interval=1:sample_target=16384,palette-build,measured,7,7,4,0.23246699999999998,'{img2sixel}' --threads=1 --precision=8bit --quality=full '--loaders=libpng!' --sampling-policy=full-frame --binning-policy=none --quantize-model=kmeans:inittype=none:threshold=0.125:binbits=6:mapping=uniform:softdist=trilinear:feedback=0:prune=hamerly:seed=1:restarts=1:iter=20:miniter=0:polish_iter=0:feedback_slots=1:feedback_interval=1:sample_target=16384 -Xoklab -Wgamma --diffusion=none --gpu-policy=off --lookup-policy=none -F none -a off -p 64 -J '{timeline}' -o '{devnull}' '{input}'
f2c138d8f6aa0a90c89d019f85eaf9bb3efa5edb,macOS-26.5.1-arm64-arm-64bit-Mach-O,images/snake.png,64,full-frame-hard,full-frame,hard,kmeans:inittype=none:threshold=0.125:binbits=6:mapping=uniform:softdist=trilinear:feedback=0:prune=hamerly:seed=1:restarts=1:iter=20:miniter=0:polish_iter=0:feedback_slots=1:feedback_interval=1:sample_target=16384,palette-build,washout,8,8,-1,0.00931,'{img2sixel}' --threads=1 --precision=8bit --quality=full '--loaders=libpng!' --sampling-policy=full-frame --binning-policy=hard --quantize-model=kmeans:inittype=none:threshold=0.125:binbits=6:mapping=uniform:softdist=trilinear:feedback=0:prune=hamerly:seed=1:restarts=1:iter=20:miniter=0:polish_iter=0:feedback_slots=1:feedback_interval=1:sample_target=16384 -Xoklab -Wgamma --diffusion=none --gpu-policy=off --lookup-policy=none -F none -a off -p 64 -J '{timeline}' -o '{devnull}' '{input}'
f2c138d8f6aa0a90c89d019f85eaf9bb3efa5edb,macOS-26.5.1-arm64-arm-64bit-Mach-O,images/snake.png,64,adaptive-grid-hard,adaptive-grid,hard,kmeans:inittype=none:threshold=0.125:binbits=6:mapping=uniform:softdist=trilinear:feedback=0:prune=hamerly:seed=1:restarts=1:iter=20:miniter=0:polish_iter=0:feedback_slots=1:feedback_interval=1:sample_target=16384,palette-build,measured,8,8,0,0.0013210000000000001,'{img2sixel}' --threads=1 --precision=8bit --quality=full '--loaders=libpng!' --sampling-policy=adaptive-grid --binning-policy=hard --quantize-model=kmeans:inittype=none:threshold=0.125:binbits=6:mapping=uniform:softdist=trilinear:feedback=0:prune=hamerly:seed=1:restarts=1:iter=20:miniter=0:polish_iter=0:feedback_slots=1:feedback_interval=1:sample_target=16384 -Xoklab -Wgamma --diffusion=none --gpu-policy=off --lookup-policy=none -F none -a off -p 64 -J '{timeline}' -o '{devnull}' '{input}'
f2c138d8f6aa0a90c89d019f85eaf9bb3efa5edb,macOS-26.5.1-arm64-arm-64bit-Mach-O,images/snake.png,64,full-frame-hard,full-frame,hard,kmeans:inittype=none:threshold=0.125:binbits=6:mapping=uniform:softdist=trilinear:feedback=0:prune=hamerly:seed=1:restarts=1:iter=20:miniter=0:polish_iter=0:feedback_slots=1:feedback_interval=1:sample_target=16384,palette-build,measured,8,8,1,0.009354999999999999,'{img2sixel}' --threads=1 --precision=8bit --quality=full '--loaders=libpng!' --sampling-policy=full-frame --binning-policy=hard --quantize-model=kmeans:inittype=none:threshold=0.125:binbits=6:mapping=uniform:softdist=trilinear:feedback=0:prune=hamerly:seed=1:restarts=1:iter=20:miniter=0:polish_iter=0:feedback_slots=1:feedback_interval=1:sample_target=16384 -Xoklab -Wgamma --diffusion=none --gpu-policy=off --lookup-policy=none -F none -a off -p 64 -J '{timeline}' -o '{devnull}' '{input}'
f2c138d8f6aa0a90c89d019f85eaf9bb3efa5edb,macOS-26.5.1-arm64-arm-64bit-Mach-O,images/snake.png,64,full-frame-none,full-frame,none,kmeans:inittype=none:threshold=0.125:binbits=6:mapping=uniform:softdist=trilinear:feedback=0:prune=hamerly:seed=1:restarts=1:iter=20:miniter=0:polish_iter=0:feedback_slots=1:feedback_interval=1:sample_target=16384,palette-build,measured,8,8,2,0.24032799999999999,'{img2sixel}' --threads=1 --precision=8bit --quality=full '--loaders=libpng!' --sampling-policy=full-frame --binning-policy=none --quantize-model=kmeans:inittype=none:threshold=0.125:binbits=6:mapping=uniform:softdist=trilinear:feedback=0:prune=hamerly:seed=1:restarts=1:iter=20:miniter=0:polish_iter=0:feedback_slots=1:feedback_interval=1:sample_target=16384 -Xoklab -Wgamma --diffusion=none --gpu-policy=off --lookup-policy=none -F none -a off -p 64 -J '{timeline}' -o '{devnull}' '{input}'
f2c138d8f6aa0a90c89d019f85eaf9bb3efa5edb,macOS-26.5.1-arm64-arm-64bit-Mach-O,images/snake.png,64,full-frame-soft,full-frame,soft,kmeans:inittype=none:threshold=0.125:binbits=6:mapping=uniform:softdist=trilinear:feedback=0:prune=hamerly:seed=1:restarts=1:iter=20:miniter=0:polish_iter=0:feedback_slots=1:feedback_interval=1:sample_target=16384,palette-build,measured,8,8,3,0.018543999999999998,'{img2sixel}' --threads=1 --precision=8bit --quality=full '--loaders=libpng!' --sampling-policy=full-frame --binning-policy=soft --quantize-model=kmeans:inittype=none:threshold=0.125:binbits=6:mapping=uniform:softdist=trilinear:feedback=0:prune=hamerly:seed=1:restarts=1:iter=20:miniter=0:polish_iter=0:feedback_slots=1:feedback_interval=1:sample_target=16384 -Xoklab -Wgamma --diffusion=none --gpu-policy=off --lookup-policy=none -F none -a off -p 64 -J '{timeline}' -o '{devnull}' '{input}'
f2c138d8f6aa0a90c89d019f85eaf9bb3efa5edb,macOS-26.5.1-arm64-arm-64bit-Mach-O,images/snake.png,64,full-frame-exact,full-frame,exact,kmeans:inittype=none:threshold=0.125:binbits=6:mapping=uniform:softdist=trilinear:feedback=0:prune=hamerly:seed=1:restarts=1:iter=20:miniter=0:polish_iter=0:feedback_slots=1:feedback_interval=1:sample_target=16384,palette-build,measured,8,8,4,0.09623999999999999,'{img2sixel}' --threads=1 --precision=8bit --quality=full '--loaders=libpng!' --sampling-policy=full-frame --binning-policy=exact --quantize-model=kmeans:inittype=none:threshold=0.125:binbits=6:mapping=uniform:softdist=trilinear:feedback=0:prune=hamerly:seed=1:restarts=1:iter=20:miniter=0:polish_iter=0:feedback_slots=1:feedback_interval=1:sample_target=16384 -Xoklab -Wgamma --diffusion=none --gpu-policy=off --lookup-policy=none -F none -a off -p 64 -J '{timeline}' -o '{devnull}' '{input}'
f2c138d8f6aa0a90c89d019f85eaf9bb3efa5edb,macOS-26.5.1-arm64-arm-64bit-Mach-O,images/snake.png,64,full-frame-hard,full-frame,hard,kmeans:inittype=none:threshold=0.125:binbits=6:mapping=uniform:softdist=trilinear:feedback=0:prune=hamerly:seed=1:restarts=1:iter=20:miniter=0:polish_iter=0:feedback_slots=1:feedback_interval=1:sample_target=16384,palette-build,washout,9,9,-1,0.009531000000000001,'{img2sixel}' --threads=1 --precision=8bit --quality=full '--loaders=libpng!' --sampling-policy=full-frame --binning-policy=hard --quantize-model=kmeans:inittype=none:threshold=0.125:binbits=6:mapping=uniform:softdist=trilinear:feedback=0:prune=hamerly:seed=1:restarts=1:iter=20:miniter=0:polish_iter=0:feedback_slots=1:feedback_interval=1:sample_target=16384 -Xoklab -Wgamma --diffusion=none --gpu-policy=off --lookup-policy=none -F none -a off -p 64 -J '{timeline}' -o '{devnull}' '{input}'
f2c138d8f6aa0a90c89d019f85eaf9bb3efa5edb,macOS-26.5.1-arm64-arm-64bit-Mach-O,images/snake.png,64,full-frame-none,full-frame,none,kmeans:inittype=none:threshold=0.125:binbits=6:mapping=uniform:softdist=trilinear:feedback=0:prune=hamerly:seed=1:restarts=1:iter=20:miniter=0:polish_iter=0:feedback_slots=1:feedback_interval=1:sample_target=16384,palette-build,measured,9,9,0,0.232344,'{img2sixel}' --threads=1 --precision=8bit --quality=full '--loaders=libpng!' --sampling-policy=full-frame --binning-policy=none --quantize-model=kmeans:inittype=none:threshold=0.125:binbits=6:mapping=uniform:softdist=trilinear:feedback=0:prune=hamerly:seed=1:restarts=1:iter=20:miniter=0:polish_iter=0:feedback_slots=1:feedback_interval=1:sample_target=16384 -Xoklab -Wgamma --diffusion=none --gpu-policy=off --lookup-policy=none -F none -a off -p 64 -J '{timeline}' -o '{devnull}' '{input}'
f2c138d8f6aa0a90c89d019f85eaf9bb3efa5edb,macOS-26.5.1-arm64-arm-64bit-Mach-O,images/snake.png,64,adaptive-grid-hard,adaptive-grid,hard,kmeans:inittype=none:threshold=0.125:binbits=6:mapping=uniform:softdist=trilinear:feedback=0:prune=hamerly:seed=1:restarts=1:iter=20:miniter=0:polish_iter=0:feedback_slots=1:feedback_interval=1:sample_target=16384,palette-build,measured,9,9,1,0.0013180000000000006,'{img2sixel}' --threads=1 --precision=8bit --quality=full '--loaders=libpng!' --sampling-policy=adaptive-grid --binning-policy=hard --quantize-model=kmeans:inittype=none:threshold=0.125:binbits=6:mapping=uniform:softdist=trilinear:feedback=0:prune=hamerly:seed=1:restarts=1:iter=20:miniter=0:polish_iter=0:feedback_slots=1:feedback_interval=1:sample_target=16384 -Xoklab -Wgamma --diffusion=none --gpu-policy=off --lookup-policy=none -F none -a off -p 64 -J '{timeline}' -o '{devnull}' '{input}'
f2c138d8f6aa0a90c89d019f85eaf9bb3efa5edb,macOS-26.5.1-arm64-arm-64bit-Mach-O,images/snake.png,64,full-frame-exact,full-frame,exact,kmeans:inittype=none:threshold=0.125:binbits=6:mapping=uniform:softdist=trilinear:feedback=0:prune=hamerly:seed=1:restarts=1:iter=20:miniter=0:polish_iter=0:feedback_slots=1:feedback_interval=1:sample_target=16384,palette-build,measured,9,9,2,0.096402,'{img2sixel}' --threads=1 --precision=8bit --quality=full '--loaders=libpng!' --sampling-policy=full-frame --binning-policy=exact --quantize-model=kmeans:inittype=none:threshold=0.125:binbits=6:mapping=uniform:softdist=trilinear:feedback=0:prune=hamerly:seed=1:restarts=1:iter=20:miniter=0:polish_iter=0:feedback_slots=1:feedback_interval=1:sample_target=16384 -Xoklab -Wgamma --diffusion=none --gpu-policy=off --lookup-policy=none -F none -a off -p 64 -J '{timeline}' -o '{devnull}' '{input}'
f2c138d8f6aa0a90c89d019f85eaf9bb3efa5edb,macOS-26.5.1-arm64-arm-64bit-Mach-O,images/snake.png,64,full-frame-hard,full-frame,hard,kmeans:inittype=none:threshold=0.125:binbits=6:mapping=uniform:softdist=trilinear:feedback=0:prune=hamerly:seed=1:restarts=1:iter=20:miniter=0:polish_iter=0:feedback_slots=1:feedback_interval=1:sample_target=16384,palette-build,measured,9,9,3,0.009413,'{img2sixel}' --threads=1 --precision=8bit --quality=full '--loaders=libpng!' --sampling-policy=full-frame --binning-policy=hard --quantize-model=kmeans:inittype=none:threshold=0.125:binbits=6:mapping=uniform:softdist=trilinear:feedback=0:prune=hamerly:seed=1:restarts=1:iter=20:miniter=0:polish_iter=0:feedback_slots=1:feedback_interval=1:sample_target=16384 -Xoklab -Wgamma --diffusion=none --gpu-policy=off --lookup-policy=none -F none -a off -p 64 -J '{timeline}' -o '{devnull}' '{input}'
f2c138d8f6aa0a90c89d019f85eaf9bb3efa5edb,macOS-26.5.1-arm64-arm-64bit-Mach-O,images/snake.png,64,full-frame-soft,full-frame,soft,kmeans:inittype=none:threshold=0.125:binbits=6:mapping=uniform:softdist=trilinear:feedback=0:prune=hamerly:seed=1:restarts=1:iter=20:miniter=0:polish_iter=0:feedback_slots=1:feedback_interval=1:sample_target=16384,palette-build,measured,9,9,4,0.018541000000000002,'{img2sixel}' --threads=1 --precision=8bit --quality=full '--loaders=libpng!' --sampling-policy=full-frame --binning-policy=soft --quantize-model=kmeans:inittype=none:threshold=0.125:binbits=6:mapping=uniform:softdist=trilinear:feedback=0:prune=hamerly:seed=1:restarts=1:iter=20:miniter=0:polish_iter=0:feedback_slots=1:feedback_interval=1:sample_target=16384 -Xoklab -Wgamma --diffusion=none --gpu-policy=off --lookup-policy=none -F none -a off -p 64 -J '{timeline}' -o '{devnull}' '{input}'
f2c138d8f6aa0a90c89d019f85eaf9bb3efa5edb,macOS-26.5.1-arm64-arm-64bit-Mach-O,images/snake.png,64,full-frame-hard,full-frame,hard,kmeans:inittype=none:threshold=0.125:binbits=6:mapping=uniform:softdist=trilinear:feedback=0:prune=hamerly:seed=1:restarts=1:iter=20:miniter=0:polish_iter=0:feedback_slots=1:feedback_interval=1:sample_target=16384,palette-build,washout,10,0,-1,0.009333000000000001,'{img2sixel}' --threads=1 --precision=8bit --quality=full '--loaders=libpng!' --sampling-policy=full-frame --binning-policy=hard --quantize-model=kmeans:inittype=none:threshold=0.125:binbits=6:mapping=uniform:softdist=trilinear:feedback=0:prune=hamerly:seed=1:restarts=1:iter=20:miniter=0:polish_iter=0:feedback_slots=1:feedback_interval=1:sample_target=16384 -Xoklab -Wgamma --diffusion=none --gpu-policy=off --lookup-policy=none -F none -a off -p 64 -J '{timeline}' -o '{devnull}' '{input}'
f2c138d8f6aa0a90c89d019f85eaf9bb3efa5edb,macOS-26.5.1-arm64-arm-64bit-Mach-O,images/snake.png,64,full-frame-hard,full-frame,hard,kmeans:inittype=none:threshold=0.125:binbits=6:mapping=uniform:softdist=trilinear:feedback=0:prune=hamerly:seed=1:restarts=1:iter=20:miniter=0:polish_iter=0:feedback_slots=1:feedback_interval=1:sample_target=16384,palette-build,measured,10,0,0,0.009354000000000001,'{img2sixel}' --threads=1 --precision=8bit --quality=full '--loaders=libpng!' --sampling-policy=full-frame --binning-policy=hard --quantize-model=kmeans:inittype=none:threshold=0.125:binbits=6:mapping=uniform:softdist=trilinear:feedback=0:prune=hamerly:seed=1:restarts=1:iter=20:miniter=0:polish_iter=0:feedback_slots=1:feedback_interval=1:sample_target=16384 -Xoklab -Wgamma --diffusion=none --gpu-policy=off --lookup-policy=none -F none -a off -p 64 -J '{timeline}' -o '{devnull}' '{input}'
f2c138d8f6aa0a90c89d019f85eaf9bb3efa5edb,macOS-26.5.1-arm64-arm-64bit-Mach-O,images/snake.png,64,adaptive-grid-hard,adaptive-grid,hard,kmeans:inittype=none:threshold=0.125:binbits=6:mapping=uniform:softdist=trilinear:feedback=0:prune=hamerly:seed=1:restarts=1:iter=20:miniter=0:polish_iter=0:feedback_slots=1:feedback_interval=1:sample_target=16384,palette-build,measured,10,0,1,0.001314,'{img2sixel}' --threads=1 --precision=8bit --quality=full '--loaders=libpng!' --sampling-policy=adaptive-grid --binning-policy=hard --quantize-model=kmeans:inittype=none:threshold=0.125:binbits=6:mapping=uniform:softdist=trilinear:feedback=0:prune=hamerly:seed=1:restarts=1:iter=20:miniter=0:polish_iter=0:feedback_slots=1:feedback_interval=1:sample_target=16384 -Xoklab -Wgamma --diffusion=none --gpu-policy=off --lookup-policy=none -F none -a off -p 64 -J '{timeline}' -o '{devnull}' '{input}'
f2c138d8f6aa0a90c89d019f85eaf9bb3efa5edb,macOS-26.5.1-arm64-arm-64bit-Mach-O,images/snake.png,64,full-frame-soft,full-frame,soft,kmeans:inittype=none:threshold=0.125:binbits=6:mapping=uniform:softdist=trilinear:feedback=0:prune=hamerly:seed=1:restarts=1:iter=20:miniter=0:polish_iter=0:feedback_slots=1:feedback_interval=1:sample_target=16384,palette-build,measured,10,0,2,0.018609,'{img2sixel}' --threads=1 --precision=8bit --quality=full '--loaders=libpng!' --sampling-policy=full-frame --binning-policy=soft --quantize-model=kmeans:inittype=none:threshold=0.125:binbits=6:mapping=uniform:softdist=trilinear:feedback=0:prune=hamerly:seed=1:restarts=1:iter=20:miniter=0:polish_iter=0:feedback_slots=1:feedback_interval=1:sample_target=16384 -Xoklab -Wgamma --diffusion=none --gpu-policy=off --lookup-policy=none -F none -a off -p 64 -J '{timeline}' -o '{devnull}' '{input}'
f2c138d8f6aa0a90c89d019f85eaf9bb3efa5edb,macOS-26.5.1-arm64-arm-64bit-Mach-O,images/snake.png,64,full-frame-none,full-frame,none,kmeans:inittype=none:threshold=0.125:binbits=6:mapping=uniform:softdist=trilinear:feedback=0:prune=hamerly:seed=1:restarts=1:iter=20:miniter=0:polish_iter=0:feedback_slots=1:feedback_interval=1:sample_target=16384,palette-build,measured,10,0,3,0.232821,'{img2sixel}' --threads=1 --precision=8bit --quality=full '--loaders=libpng!' --sampling-policy=full-frame --binning-policy=none --quantize-model=kmeans:inittype=none:threshold=0.125:binbits=6:mapping=uniform:softdist=trilinear:feedback=0:prune=hamerly:seed=1:restarts=1:iter=20:miniter=0:polish_iter=0:feedback_slots=1:feedback_interval=1:sample_target=16384 -Xoklab -Wgamma --diffusion=none --gpu-policy=off --lookup-policy=none -F none -a off -p 64 -J '{timeline}' -o '{devnull}' '{input}'
f2c138d8f6aa0a90c89d019f85eaf9bb3efa5edb,macOS-26.5.1-arm64-arm-64bit-Mach-O,images/snake.png,64,full-frame-exact,full-frame,exact,kmeans:inittype=none:threshold=0.125:binbits=6:mapping=uniform:softdist=trilinear:feedback=0:prune=hamerly:seed=1:restarts=1:iter=20:miniter=0:polish_iter=0:feedback_slots=1:feedback_interval=1:sample_target=16384,palette-build,measured,10,0,4,0.09646,'{img2sixel}' --threads=1 --precision=8bit --quality=full '--loaders=libpng!' --sampling-policy=full-frame --binning-policy=exact --quantize-model=kmeans:inittype=none:threshold=0.125:binbits=6:mapping=uniform:softdist=trilinear:feedback=0:prune=hamerly:seed=1:restarts=1:iter=20:miniter=0:polish_iter=0:feedback_slots=1:feedback_interval=1:sample_target=16384 -Xoklab -Wgamma --diffusion=none --gpu-policy=off --lookup-policy=none -F none -a off -p 64 -J '{timeline}' -o '{devnull}' '{input}'
f2c138d8f6aa0a90c89d019f85eaf9bb3efa5edb,macOS-26.5.1-arm64-arm-64bit-Mach-O,images/snake.png,64,full-frame-hard,full-frame,hard,kmeans:inittype=none:threshold=0.125:binbits=6:mapping=uniform:softdist=trilinear:feedback=0:prune=hamerly:seed=1:restarts=1:iter=20:miniter=0:polish_iter=0:feedback_slots=1:feedback_interval=1:sample_target=16384,palette-build,washout,11,1,-1,0.009366,'{img2sixel}' --threads=1 --precision=8bit --quality=full '--loaders=libpng!' --sampling-policy=full-frame --binning-policy=hard --quantize-model=kmeans:inittype=none:threshold=0.125:binbits=6:mapping=uniform:softdist=trilinear:feedback=0:prune=hamerly:seed=1:restarts=1:iter=20:miniter=0:polish_iter=0:feedback_slots=1:feedback_interval=1:sample_target=16384 -Xoklab -Wgamma --diffusion=none --gpu-policy=off --lookup-policy=none -F none -a off -p 64 -J '{timeline}' -o '{devnull}' '{input}'
f2c138d8f6aa0a90c89d019f85eaf9bb3efa5edb,macOS-26.5.1-arm64-arm-64bit-Mach-O,images/snake.png,64,adaptive-grid-hard,adaptive-grid,hard,kmeans:inittype=none:threshold=0.125:binbits=6:mapping=uniform:softdist=trilinear:feedback=0:prune=hamerly:seed=1:restarts=1:iter=20:miniter=0:polish_iter=0:feedback_slots=1:feedback_interval=1:sample_target=16384,palette-build,measured,11,1,0,0.001313,'{img2sixel}' --threads=1 --precision=8bit --quality=full '--loaders=libpng!' --sampling-policy=adaptive-grid --binning-policy=hard --quantize-model=kmeans:inittype=none:threshold=0.125:binbits=6:mapping=uniform:softdist=trilinear:feedback=0:prune=hamerly:seed=1:restarts=1:iter=20:miniter=0:polish_iter=0:feedback_slots=1:feedback_interval=1:sample_target=16384 -Xoklab -Wgamma --diffusion=none --gpu-policy=off --lookup-policy=none -F none -a off -p 64 -J '{timeline}' -o '{devnull}' '{input}'
f2c138d8f6aa0a90c89d019f85eaf9bb3efa5edb,macOS-26.5.1-arm64-arm-64bit-Mach-O,images/snake.png,64,full-frame-none,full-frame,none,kmeans:inittype=none:threshold=0.125:binbits=6:mapping=uniform:softdist=trilinear:feedback=0:prune=hamerly:seed=1:restarts=1:iter=20:miniter=0:polish_iter=0:feedback_slots=1:feedback_interval=1:sample_target=16384,palette-build,measured,11,1,1,0.23945,'{img2sixel}' --threads=1 --precision=8bit --quality=full '--loaders=libpng!' --sampling-policy=full-frame --binning-policy=none --quantize-model=kmeans:inittype=none:threshold=0.125:binbits=6:mapping=uniform:softdist=trilinear:feedback=0:prune=hamerly:seed=1:restarts=1:iter=20:miniter=0:polish_iter=0:feedback_slots=1:feedback_interval=1:sample_target=16384 -Xoklab -Wgamma --diffusion=none --gpu-policy=off --lookup-policy=none -F none -a off -p 64 -J '{timeline}' -o '{devnull}' '{input}'
f2c138d8f6aa0a90c89d019f85eaf9bb3efa5edb,macOS-26.5.1-arm64-arm-64bit-Mach-O,images/snake.png,64,full-frame-hard,full-frame,hard,kmeans:inittype=none:threshold=0.125:binbits=6:mapping=uniform:softdist=trilinear:feedback=0:prune=hamerly:seed=1:restarts=1:iter=20:miniter=0:polish_iter=0:feedback_slots=1:feedback_interval=1:sample_target=16384,palette-build,measured,11,1,2,0.009386000000000002,'{img2sixel}' --threads=1 --precision=8bit --quality=full '--loaders=libpng!' --sampling-policy=full-frame --binning-policy=hard --quantize-model=kmeans:inittype=none:threshold=0.125:binbits=6:mapping=uniform:softdist=trilinear:feedback=0:prune=hamerly:seed=1:restarts=1:iter=20:miniter=0:polish_iter=0:feedback_slots=1:feedback_interval=1:sample_target=16384 -Xoklab -Wgamma --diffusion=none --gpu-policy=off --lookup-policy=none -F none -a off -p 64 -J '{timeline}' -o '{devnull}' '{input}'
f2c138d8f6aa0a90c89d019f85eaf9bb3efa5edb,macOS-26.5.1-arm64-arm-64bit-Mach-O,images/snake.png,64,full-frame-exact,full-frame,exact,kmeans:inittype=none:threshold=0.125:binbits=6:mapping=uniform:softdist=trilinear:feedback=0:prune=hamerly:seed=1:restarts=1:iter=20:miniter=0:polish_iter=0:feedback_slots=1:feedback_interval=1:sample_target=16384,palette-build,measured,11,1,3,0.096602,'{img2sixel}' --threads=1 --precision=8bit --quality=full '--loaders=libpng!' --sampling-policy=full-frame --binning-policy=exact --quantize-model=kmeans:inittype=none:threshold=0.125:binbits=6:mapping=uniform:softdist=trilinear:feedback=0:prune=hamerly:seed=1:restarts=1:iter=20:miniter=0:polish_iter=0:feedback_slots=1:feedback_interval=1:sample_target=16384 -Xoklab -Wgamma --diffusion=none --gpu-policy=off --lookup-policy=none -F none -a off -p 64 -J '{timeline}' -o '{devnull}' '{input}'
f2c138d8f6aa0a90c89d019f85eaf9bb3efa5edb,macOS-26.5.1-arm64-arm-64bit-Mach-O,images/snake.png,64,full-frame-soft,full-frame,soft,kmeans:inittype=none:threshold=0.125:binbits=6:mapping=uniform:softdist=trilinear:feedback=0:prune=hamerly:seed=1:restarts=1:iter=20:miniter=0:polish_iter=0:feedback_slots=1:feedback_interval=1:sample_target=16384,palette-build,measured,11,1,4,0.018643,'{img2sixel}' --threads=1 --precision=8bit --quality=full '--loaders=libpng!' --sampling-policy=full-frame --binning-policy=soft --quantize-model=kmeans:inittype=none:threshold=0.125:binbits=6:mapping=uniform:softdist=trilinear:feedback=0:prune=hamerly:seed=1:restarts=1:iter=20:miniter=0:polish_iter=0:feedback_slots=1:feedback_interval=1:sample_target=16384 -Xoklab -Wgamma --diffusion=none --gpu-policy=off --lookup-policy=none -F none -a off -p 64 -J '{timeline}' -o '{devnull}' '{input}'
f2c138d8f6aa0a90c89d019f85eaf9bb3efa5edb,macOS-26.5.1-arm64-arm-64bit-Mach-O,images/snake.png,128,full-frame-hard,full-frame,hard,kmeans:inittype=none:threshold=0.125:binbits=6:mapping=uniform:softdist=trilinear:feedback=0:prune=hamerly:seed=1:restarts=1:iter=20:miniter=0:polish_iter=0:feedback_slots=1:feedback_interval=1:sample_target=16384,end-to-end,washout,0,0,-1,0.08316841698251665,'{img2sixel}' --threads=1 --precision=8bit --quality=full '--loaders=libpng!' --sampling-policy=full-frame --binning-policy=hard --quantize-model=kmeans:inittype=none:threshold=0.125:binbits=6:mapping=uniform:softdist=trilinear:feedback=0:prune=hamerly:seed=1:restarts=1:iter=20:miniter=0:polish_iter=0:feedback_slots=1:feedback_interval=1:sample_target=16384 -Xoklab -Wgamma --diffusion=none --gpu-policy=off --lookup-policy=none -F none -a off -p 128 -o '{devnull}' '{input}'
f2c138d8f6aa0a90c89d019f85eaf9bb3efa5edb,macOS-26.5.1-arm64-arm-64bit-Mach-O,images/snake.png,128,full-frame-hard,full-frame,hard,kmeans:inittype=none:threshold=0.125:binbits=6:mapping=uniform:softdist=trilinear:feedback=0:prune=hamerly:seed=1:restarts=1:iter=20:miniter=0:polish_iter=0:feedback_slots=1:feedback_interval=1:sample_target=16384,end-to-end,warmup,0,0,0,0.08363320794887841,'{img2sixel}' --threads=1 --precision=8bit --quality=full '--loaders=libpng!' --sampling-policy=full-frame --binning-policy=hard --quantize-model=kmeans:inittype=none:threshold=0.125:binbits=6:mapping=uniform:softdist=trilinear:feedback=0:prune=hamerly:seed=1:restarts=1:iter=20:miniter=0:polish_iter=0:feedback_slots=1:feedback_interval=1:sample_target=16384 -Xoklab -Wgamma --diffusion=none --gpu-policy=off --lookup-policy=none -F none -a off -p 128 -o '{devnull}' '{input}'
f2c138d8f6aa0a90c89d019f85eaf9bb3efa5edb,macOS-26.5.1-arm64-arm-64bit-Mach-O,images/snake.png,128,adaptive-grid-hard,adaptive-grid,hard,kmeans:inittype=none:threshold=0.125:binbits=6:mapping=uniform:softdist=trilinear:feedback=0:prune=hamerly:seed=1:restarts=1:iter=20:miniter=0:polish_iter=0:feedback_slots=1:feedback_interval=1:sample_target=16384,end-to-end,warmup,0,0,1,0.06607937486842275,'{img2sixel}' --threads=1 --precision=8bit --quality=full '--loaders=libpng!' --sampling-policy=adaptive-grid --binning-policy=hard --quantize-model=kmeans:inittype=none:threshold=0.125:binbits=6:mapping=uniform:softdist=trilinear:feedback=0:prune=hamerly:seed=1:restarts=1:iter=20:miniter=0:polish_iter=0:feedback_slots=1:feedback_interval=1:sample_target=16384 -Xoklab -Wgamma --diffusion=none --gpu-policy=off --lookup-policy=none -F none -a off -p 128 -o '{devnull}' '{input}'
f2c138d8f6aa0a90c89d019f85eaf9bb3efa5edb,macOS-26.5.1-arm64-arm-64bit-Mach-O,images/snake.png,128,full-frame-soft,full-frame,soft,kmeans:inittype=none:threshold=0.125:binbits=6:mapping=uniform:softdist=trilinear:feedback=0:prune=hamerly:seed=1:restarts=1:iter=20:miniter=0:polish_iter=0:feedback_slots=1:feedback_interval=1:sample_target=16384,end-to-end,warmup,0,0,2,0.0940620000474155,'{img2sixel}' --threads=1 --precision=8bit --quality=full '--loaders=libpng!' --sampling-policy=full-frame --binning-policy=soft --quantize-model=kmeans:inittype=none:threshold=0.125:binbits=6:mapping=uniform:softdist=trilinear:feedback=0:prune=hamerly:seed=1:restarts=1:iter=20:miniter=0:polish_iter=0:feedback_slots=1:feedback_interval=1:sample_target=16384 -Xoklab -Wgamma --diffusion=none --gpu-policy=off --lookup-policy=none -F none -a off -p 128 -o '{devnull}' '{input}'
f2c138d8f6aa0a90c89d019f85eaf9bb3efa5edb,macOS-26.5.1-arm64-arm-64bit-Mach-O,images/snake.png,128,full-frame-none,full-frame,none,kmeans:inittype=none:threshold=0.125:binbits=6:mapping=uniform:softdist=trilinear:feedback=0:prune=hamerly:seed=1:restarts=1:iter=20:miniter=0:polish_iter=0:feedback_slots=1:feedback_interval=1:sample_target=16384,end-to-end,warmup,0,0,3,0.5725164578761905,'{img2sixel}' --threads=1 --precision=8bit --quality=full '--loaders=libpng!' --sampling-policy=full-frame --binning-policy=none --quantize-model=kmeans:inittype=none:threshold=0.125:binbits=6:mapping=uniform:softdist=trilinear:feedback=0:prune=hamerly:seed=1:restarts=1:iter=20:miniter=0:polish_iter=0:feedback_slots=1:feedback_interval=1:sample_target=16384 -Xoklab -Wgamma --diffusion=none --gpu-policy=off --lookup-policy=none -F none -a off -p 128 -o '{devnull}' '{input}'
f2c138d8f6aa0a90c89d019f85eaf9bb3efa5edb,macOS-26.5.1-arm64-arm-64bit-Mach-O,images/snake.png,128,full-frame-exact,full-frame,exact,kmeans:inittype=none:threshold=0.125:binbits=6:mapping=uniform:softdist=trilinear:feedback=0:prune=hamerly:seed=1:restarts=1:iter=20:miniter=0:polish_iter=0:feedback_slots=1:feedback_interval=1:sample_target=16384,end-to-end,warmup,0,0,4,0.23389595793560147,'{img2sixel}' --threads=1 --precision=8bit --quality=full '--loaders=libpng!' --sampling-policy=full-frame --binning-policy=exact --quantize-model=kmeans:inittype=none:threshold=0.125:binbits=6:mapping=uniform:softdist=trilinear:feedback=0:prune=hamerly:seed=1:restarts=1:iter=20:miniter=0:polish_iter=0:feedback_slots=1:feedback_interval=1:sample_target=16384 -Xoklab -Wgamma --diffusion=none --gpu-policy=off --lookup-policy=none -F none -a off -p 128 -o '{devnull}' '{input}'
f2c138d8f6aa0a90c89d019f85eaf9bb3efa5edb,macOS-26.5.1-arm64-arm-64bit-Mach-O,images/snake.png,128,full-frame-hard,full-frame,hard,kmeans:inittype=none:threshold=0.125:binbits=6:mapping=uniform:softdist=trilinear:feedback=0:prune=hamerly:seed=1:restarts=1:iter=20:miniter=0:polish_iter=0:feedback_slots=1:feedback_interval=1:sample_target=16384,end-to-end,washout,1,1,-1,0.08341004210524261,'{img2sixel}' --threads=1 --precision=8bit --quality=full '--loaders=libpng!' --sampling-policy=full-frame --binning-policy=hard --quantize-model=kmeans:inittype=none:threshold=0.125:binbits=6:mapping=uniform:softdist=trilinear:feedback=0:prune=hamerly:seed=1:restarts=1:iter=20:miniter=0:polish_iter=0:feedback_slots=1:feedback_interval=1:sample_target=16384 -Xoklab -Wgamma --diffusion=none --gpu-policy=off --lookup-policy=none -F none -a off -p 128 -o '{devnull}' '{input}'
f2c138d8f6aa0a90c89d019f85eaf9bb3efa5edb,macOS-26.5.1-arm64-arm-64bit-Mach-O,images/snake.png,128,adaptive-grid-hard,adaptive-grid,hard,kmeans:inittype=none:threshold=0.125:binbits=6:mapping=uniform:softdist=trilinear:feedback=0:prune=hamerly:seed=1:restarts=1:iter=20:miniter=0:polish_iter=0:feedback_slots=1:feedback_interval=1:sample_target=16384,end-to-end,warmup,1,1,0,0.06568349990993738,'{img2sixel}' --threads=1 --precision=8bit --quality=full '--loaders=libpng!' --sampling-policy=adaptive-grid --binning-policy=hard --quantize-model=kmeans:inittype=none:threshold=0.125:binbits=6:mapping=uniform:softdist=trilinear:feedback=0:prune=hamerly:seed=1:restarts=1:iter=20:miniter=0:polish_iter=0:feedback_slots=1:feedback_interval=1:sample_target=16384 -Xoklab -Wgamma --diffusion=none --gpu-policy=off --lookup-policy=none -F none -a off -p 128 -o '{devnull}' '{input}'
f2c138d8f6aa0a90c89d019f85eaf9bb3efa5edb,macOS-26.5.1-arm64-arm-64bit-Mach-O,images/snake.png,128,full-frame-none,full-frame,none,kmeans:inittype=none:threshold=0.125:binbits=6:mapping=uniform:softdist=trilinear:feedback=0:prune=hamerly:seed=1:restarts=1:iter=20:miniter=0:polish_iter=0:feedback_slots=1:feedback_interval=1:sample_target=16384,end-to-end,warmup,1,1,1,0.5680197079200298,'{img2sixel}' --threads=1 --precision=8bit --quality=full '--loaders=libpng!' --sampling-policy=full-frame --binning-policy=none --quantize-model=kmeans:inittype=none:threshold=0.125:binbits=6:mapping=uniform:softdist=trilinear:feedback=0:prune=hamerly:seed=1:restarts=1:iter=20:miniter=0:polish_iter=0:feedback_slots=1:feedback_interval=1:sample_target=16384 -Xoklab -Wgamma --diffusion=none --gpu-policy=off --lookup-policy=none -F none -a off -p 128 -o '{devnull}' '{input}'
f2c138d8f6aa0a90c89d019f85eaf9bb3efa5edb,macOS-26.5.1-arm64-arm-64bit-Mach-O,images/snake.png,128,full-frame-hard,full-frame,hard,kmeans:inittype=none:threshold=0.125:binbits=6:mapping=uniform:softdist=trilinear:feedback=0:prune=hamerly:seed=1:restarts=1:iter=20:miniter=0:polish_iter=0:feedback_slots=1:feedback_interval=1:sample_target=16384,end-to-end,warmup,1,1,2,0.08425683388486505,'{img2sixel}' --threads=1 --precision=8bit --quality=full '--loaders=libpng!' --sampling-policy=full-frame --binning-policy=hard --quantize-model=kmeans:inittype=none:threshold=0.125:binbits=6:mapping=uniform:softdist=trilinear:feedback=0:prune=hamerly:seed=1:restarts=1:iter=20:miniter=0:polish_iter=0:feedback_slots=1:feedback_interval=1:sample_target=16384 -Xoklab -Wgamma --diffusion=none --gpu-policy=off --lookup-policy=none -F none -a off -p 128 -o '{devnull}' '{input}'
f2c138d8f6aa0a90c89d019f85eaf9bb3efa5edb,macOS-26.5.1-arm64-arm-64bit-Mach-O,images/snake.png,128,full-frame-exact,full-frame,exact,kmeans:inittype=none:threshold=0.125:binbits=6:mapping=uniform:softdist=trilinear:feedback=0:prune=hamerly:seed=1:restarts=1:iter=20:miniter=0:polish_iter=0:feedback_slots=1:feedback_interval=1:sample_target=16384,end-to-end,warmup,1,1,3,0.23225695779547095,'{img2sixel}' --threads=1 --precision=8bit --quality=full '--loaders=libpng!' --sampling-policy=full-frame --binning-policy=exact --quantize-model=kmeans:inittype=none:threshold=0.125:binbits=6:mapping=uniform:softdist=trilinear:feedback=0:prune=hamerly:seed=1:restarts=1:iter=20:miniter=0:polish_iter=0:feedback_slots=1:feedback_interval=1:sample_target=16384 -Xoklab -Wgamma --diffusion=none --gpu-policy=off --lookup-policy=none -F none -a off -p 128 -o '{devnull}' '{input}'
f2c138d8f6aa0a90c89d019f85eaf9bb3efa5edb,macOS-26.5.1-arm64-arm-64bit-Mach-O,images/snake.png,128,full-frame-soft,full-frame,soft,kmeans:inittype=none:threshold=0.125:binbits=6:mapping=uniform:softdist=trilinear:feedback=0:prune=hamerly:seed=1:restarts=1:iter=20:miniter=0:polish_iter=0:feedback_slots=1:feedback_interval=1:sample_target=16384,end-to-end,warmup,1,1,4,0.09457037504762411,'{img2sixel}' --threads=1 --precision=8bit --quality=full '--loaders=libpng!' --sampling-policy=full-frame --binning-policy=soft --quantize-model=kmeans:inittype=none:threshold=0.125:binbits=6:mapping=uniform:softdist=trilinear:feedback=0:prune=hamerly:seed=1:restarts=1:iter=20:miniter=0:polish_iter=0:feedback_slots=1:feedback_interval=1:sample_target=16384 -Xoklab -Wgamma --diffusion=none --gpu-policy=off --lookup-policy=none -F none -a off -p 128 -o '{devnull}' '{input}'
f2c138d8f6aa0a90c89d019f85eaf9bb3efa5edb,macOS-26.5.1-arm64-arm-64bit-Mach-O,images/snake.png,128,full-frame-hard,full-frame,hard,kmeans:inittype=none:threshold=0.125:binbits=6:mapping=uniform:softdist=trilinear:feedback=0:prune=hamerly:seed=1:restarts=1:iter=20:miniter=0:polish_iter=0:feedback_slots=1:feedback_interval=1:sample_target=16384,end-to-end,washout,2,2,-1,0.0825140830129385,'{img2sixel}' --threads=1 --precision=8bit --quality=full '--loaders=libpng!' --sampling-policy=full-frame --binning-policy=hard --quantize-model=kmeans:inittype=none:threshold=0.125:binbits=6:mapping=uniform:softdist=trilinear:feedback=0:prune=hamerly:seed=1:restarts=1:iter=20:miniter=0:polish_iter=0:feedback_slots=1:feedback_interval=1:sample_target=16384 -Xoklab -Wgamma --diffusion=none --gpu-policy=off --lookup-policy=none -F none -a off -p 128 -o '{devnull}' '{input}'
f2c138d8f6aa0a90c89d019f85eaf9bb3efa5edb,macOS-26.5.1-arm64-arm-64bit-Mach-O,images/snake.png,128,full-frame-none,full-frame,none,kmeans:inittype=none:threshold=0.125:binbits=6:mapping=uniform:softdist=trilinear:feedback=0:prune=hamerly:seed=1:restarts=1:iter=20:miniter=0:polish_iter=0:feedback_slots=1:feedback_interval=1:sample_target=16384,end-to-end,measured,2,2,0,0.5678447501268238,'{img2sixel}' --threads=1 --precision=8bit --quality=full '--loaders=libpng!' --sampling-policy=full-frame --binning-policy=none --quantize-model=kmeans:inittype=none:threshold=0.125:binbits=6:mapping=uniform:softdist=trilinear:feedback=0:prune=hamerly:seed=1:restarts=1:iter=20:miniter=0:polish_iter=0:feedback_slots=1:feedback_interval=1:sample_target=16384 -Xoklab -Wgamma --diffusion=none --gpu-policy=off --lookup-policy=none -F none -a off -p 128 -o '{devnull}' '{input}'
f2c138d8f6aa0a90c89d019f85eaf9bb3efa5edb,macOS-26.5.1-arm64-arm-64bit-Mach-O,images/snake.png,128,full-frame-exact,full-frame,exact,kmeans:inittype=none:threshold=0.125:binbits=6:mapping=uniform:softdist=trilinear:feedback=0:prune=hamerly:seed=1:restarts=1:iter=20:miniter=0:polish_iter=0:feedback_slots=1:feedback_interval=1:sample_target=16384,end-to-end,measured,2,2,1,0.2326531670987606,'{img2sixel}' --threads=1 --precision=8bit --quality=full '--loaders=libpng!' --sampling-policy=full-frame --binning-policy=exact --quantize-model=kmeans:inittype=none:threshold=0.125:binbits=6:mapping=uniform:softdist=trilinear:feedback=0:prune=hamerly:seed=1:restarts=1:iter=20:miniter=0:polish_iter=0:feedback_slots=1:feedback_interval=1:sample_target=16384 -Xoklab -Wgamma --diffusion=none --gpu-policy=off --lookup-policy=none -F none -a off -p 128 -o '{devnull}' '{input}'
f2c138d8f6aa0a90c89d019f85eaf9bb3efa5edb,macOS-26.5.1-arm64-arm-64bit-Mach-O,images/snake.png,128,adaptive-grid-hard,adaptive-grid,hard,kmeans:inittype=none:threshold=0.125:binbits=6:mapping=uniform:softdist=trilinear:feedback=0:prune=hamerly:seed=1:restarts=1:iter=20:miniter=0:polish_iter=0:feedback_slots=1:feedback_interval=1:sample_target=16384,end-to-end,measured,2,2,2,0.06654870905913413,'{img2sixel}' --threads=1 --precision=8bit --quality=full '--loaders=libpng!' --sampling-policy=adaptive-grid --binning-policy=hard --quantize-model=kmeans:inittype=none:threshold=0.125:binbits=6:mapping=uniform:softdist=trilinear:feedback=0:prune=hamerly:seed=1:restarts=1:iter=20:miniter=0:polish_iter=0:feedback_slots=1:feedback_interval=1:sample_target=16384 -Xoklab -Wgamma --diffusion=none --gpu-policy=off --lookup-policy=none -F none -a off -p 128 -o '{devnull}' '{input}'
f2c138d8f6aa0a90c89d019f85eaf9bb3efa5edb,macOS-26.5.1-arm64-arm-64bit-Mach-O,images/snake.png,128,full-frame-soft,full-frame,soft,kmeans:inittype=none:threshold=0.125:binbits=6:mapping=uniform:softdist=trilinear:feedback=0:prune=hamerly:seed=1:restarts=1:iter=20:miniter=0:polish_iter=0:feedback_slots=1:feedback_interval=1:sample_target=16384,end-to-end,measured,2,2,3,0.09325187490321696,'{img2sixel}' --threads=1 --precision=8bit --quality=full '--loaders=libpng!' --sampling-policy=full-frame --binning-policy=soft --quantize-model=kmeans:inittype=none:threshold=0.125:binbits=6:mapping=uniform:softdist=trilinear:feedback=0:prune=hamerly:seed=1:restarts=1:iter=20:miniter=0:polish_iter=0:feedback_slots=1:feedback_interval=1:sample_target=16384 -Xoklab -Wgamma --diffusion=none --gpu-policy=off --lookup-policy=none -F none -a off -p 128 -o '{devnull}' '{input}'
f2c138d8f6aa0a90c89d019f85eaf9bb3efa5edb,macOS-26.5.1-arm64-arm-64bit-Mach-O,images/snake.png,128,full-frame-hard,full-frame,hard,kmeans:inittype=none:threshold=0.125:binbits=6:mapping=uniform:softdist=trilinear:feedback=0:prune=hamerly:seed=1:restarts=1:iter=20:miniter=0:polish_iter=0:feedback_slots=1:feedback_interval=1:sample_target=16384,end-to-end,measured,2,2,4,0.08532658289186656,'{img2sixel}' --threads=1 --precision=8bit --quality=full '--loaders=libpng!' --sampling-policy=full-frame --binning-policy=hard --quantize-model=kmeans:inittype=none:threshold=0.125:binbits=6:mapping=uniform:softdist=trilinear:feedback=0:prune=hamerly:seed=1:restarts=1:iter=20:miniter=0:polish_iter=0:feedback_slots=1:feedback_interval=1:sample_target=16384 -Xoklab -Wgamma --diffusion=none --gpu-policy=off --lookup-policy=none -F none -a off -p 128 -o '{devnull}' '{input}'
f2c138d8f6aa0a90c89d019f85eaf9bb3efa5edb,macOS-26.5.1-arm64-arm-64bit-Mach-O,images/snake.png,128,full-frame-hard,full-frame,hard,kmeans:inittype=none:threshold=0.125:binbits=6:mapping=uniform:softdist=trilinear:feedback=0:prune=hamerly:seed=1:restarts=1:iter=20:miniter=0:polish_iter=0:feedback_slots=1:feedback_interval=1:sample_target=16384,end-to-end,washout,3,3,-1,0.08620124985463917,'{img2sixel}' --threads=1 --precision=8bit --quality=full '--loaders=libpng!' --sampling-policy=full-frame --binning-policy=hard --quantize-model=kmeans:inittype=none:threshold=0.125:binbits=6:mapping=uniform:softdist=trilinear:feedback=0:prune=hamerly:seed=1:restarts=1:iter=20:miniter=0:polish_iter=0:feedback_slots=1:feedback_interval=1:sample_target=16384 -Xoklab -Wgamma --diffusion=none --gpu-policy=off --lookup-policy=none -F none -a off -p 128 -o '{devnull}' '{input}'
f2c138d8f6aa0a90c89d019f85eaf9bb3efa5edb,macOS-26.5.1-arm64-arm-64bit-Mach-O,images/snake.png,128,full-frame-exact,full-frame,exact,kmeans:inittype=none:threshold=0.125:binbits=6:mapping=uniform:softdist=trilinear:feedback=0:prune=hamerly:seed=1:restarts=1:iter=20:miniter=0:polish_iter=0:feedback_slots=1:feedback_interval=1:sample_target=16384,end-to-end,measured,3,3,0,0.23236745805479586,'{img2sixel}' --threads=1 --precision=8bit --quality=full '--loaders=libpng!' --sampling-policy=full-frame --binning-policy=exact --quantize-model=kmeans:inittype=none:threshold=0.125:binbits=6:mapping=uniform:softdist=trilinear:feedback=0:prune=hamerly:seed=1:restarts=1:iter=20:miniter=0:polish_iter=0:feedback_slots=1:feedback_interval=1:sample_target=16384 -Xoklab -Wgamma --diffusion=none --gpu-policy=off --lookup-policy=none -F none -a off -p 128 -o '{devnull}' '{input}'
f2c138d8f6aa0a90c89d019f85eaf9bb3efa5edb,macOS-26.5.1-arm64-arm-64bit-Mach-O,images/snake.png,128,full-frame-soft,full-frame,soft,kmeans:inittype=none:threshold=0.125:binbits=6:mapping=uniform:softdist=trilinear:feedback=0:prune=hamerly:seed=1:restarts=1:iter=20:miniter=0:polish_iter=0:feedback_slots=1:feedback_interval=1:sample_target=16384,end-to-end,measured,3,3,1,0.09637229098007083,'{img2sixel}' --threads=1 --precision=8bit --quality=full '--loaders=libpng!' --sampling-policy=full-frame --binning-policy=soft --quantize-model=kmeans:inittype=none:threshold=0.125:binbits=6:mapping=uniform:softdist=trilinear:feedback=0:prune=hamerly:seed=1:restarts=1:iter=20:miniter=0:polish_iter=0:feedback_slots=1:feedback_interval=1:sample_target=16384 -Xoklab -Wgamma --diffusion=none --gpu-policy=off --lookup-policy=none -F none -a off -p 128 -o '{devnull}' '{input}'
f2c138d8f6aa0a90c89d019f85eaf9bb3efa5edb,macOS-26.5.1-arm64-arm-64bit-Mach-O,images/snake.png,128,full-frame-none,full-frame,none,kmeans:inittype=none:threshold=0.125:binbits=6:mapping=uniform:softdist=trilinear:feedback=0:prune=hamerly:seed=1:restarts=1:iter=20:miniter=0:polish_iter=0:feedback_slots=1:feedback_interval=1:sample_target=16384,end-to-end,measured,3,3,2,0.5678852910641581,'{img2sixel}' --threads=1 --precision=8bit --quality=full '--loaders=libpng!' --sampling-policy=full-frame --binning-policy=none --quantize-model=kmeans:inittype=none:threshold=0.125:binbits=6:mapping=uniform:softdist=trilinear:feedback=0:prune=hamerly:seed=1:restarts=1:iter=20:miniter=0:polish_iter=0:feedback_slots=1:feedback_interval=1:sample_target=16384 -Xoklab -Wgamma --diffusion=none --gpu-policy=off --lookup-policy=none -F none -a off -p 128 -o '{devnull}' '{input}'
f2c138d8f6aa0a90c89d019f85eaf9bb3efa5edb,macOS-26.5.1-arm64-arm-64bit-Mach-O,images/snake.png,128,full-frame-hard,full-frame,hard,kmeans:inittype=none:threshold=0.125:binbits=6:mapping=uniform:softdist=trilinear:feedback=0:prune=hamerly:seed=1:restarts=1:iter=20:miniter=0:polish_iter=0:feedback_slots=1:feedback_interval=1:sample_target=16384,end-to-end,measured,3,3,3,0.0835253749974072,'{img2sixel}' --threads=1 --precision=8bit --quality=full '--loaders=libpng!' --sampling-policy=full-frame --binning-policy=hard --quantize-model=kmeans:inittype=none:threshold=0.125:binbits=6:mapping=uniform:softdist=trilinear:feedback=0:prune=hamerly:seed=1:restarts=1:iter=20:miniter=0:polish_iter=0:feedback_slots=1:feedback_interval=1:sample_target=16384 -Xoklab -Wgamma --diffusion=none --gpu-policy=off --lookup-policy=none -F none -a off -p 128 -o '{devnull}' '{input}'
f2c138d8f6aa0a90c89d019f85eaf9bb3efa5edb,macOS-26.5.1-arm64-arm-64bit-Mach-O,images/snake.png,128,adaptive-grid-hard,adaptive-grid,hard,kmeans:inittype=none:threshold=0.125:binbits=6:mapping=uniform:softdist=trilinear:feedback=0:prune=hamerly:seed=1:restarts=1:iter=20:miniter=0:polish_iter=0:feedback_slots=1:feedback_interval=1:sample_target=16384,end-to-end,measured,3,3,4,0.0650177919305861,'{img2sixel}' --threads=1 --precision=8bit --quality=full '--loaders=libpng!' --sampling-policy=adaptive-grid --binning-policy=hard --quantize-model=kmeans:inittype=none:threshold=0.125:binbits=6:mapping=uniform:softdist=trilinear:feedback=0:prune=hamerly:seed=1:restarts=1:iter=20:miniter=0:polish_iter=0:feedback_slots=1:feedback_interval=1:sample_target=16384 -Xoklab -Wgamma --diffusion=none --gpu-policy=off --lookup-policy=none -F none -a off -p 128 -o '{devnull}' '{input}'
f2c138d8f6aa0a90c89d019f85eaf9bb3efa5edb,macOS-26.5.1-arm64-arm-64bit-Mach-O,images/snake.png,128,full-frame-hard,full-frame,hard,kmeans:inittype=none:threshold=0.125:binbits=6:mapping=uniform:softdist=trilinear:feedback=0:prune=hamerly:seed=1:restarts=1:iter=20:miniter=0:polish_iter=0:feedback_slots=1:feedback_interval=1:sample_target=16384,end-to-end,washout,4,4,-1,0.08104754192754626,'{img2sixel}' --threads=1 --precision=8bit --quality=full '--loaders=libpng!' --sampling-policy=full-frame --binning-policy=hard --quantize-model=kmeans:inittype=none:threshold=0.125:binbits=6:mapping=uniform:softdist=trilinear:feedback=0:prune=hamerly:seed=1:restarts=1:iter=20:miniter=0:polish_iter=0:feedback_slots=1:feedback_interval=1:sample_target=16384 -Xoklab -Wgamma --diffusion=none --gpu-policy=off --lookup-policy=none -F none -a off -p 128 -o '{devnull}' '{input}'
f2c138d8f6aa0a90c89d019f85eaf9bb3efa5edb,macOS-26.5.1-arm64-arm-64bit-Mach-O,images/snake.png,128,full-frame-soft,full-frame,soft,kmeans:inittype=none:threshold=0.125:binbits=6:mapping=uniform:softdist=trilinear:feedback=0:prune=hamerly:seed=1:restarts=1:iter=20:miniter=0:polish_iter=0:feedback_slots=1:feedback_interval=1:sample_target=16384,end-to-end,measured,4,4,0,0.09347325004637241,'{img2sixel}' --threads=1 --precision=8bit --quality=full '--loaders=libpng!' --sampling-policy=full-frame --binning-policy=soft --quantize-model=kmeans:inittype=none:threshold=0.125:binbits=6:mapping=uniform:softdist=trilinear:feedback=0:prune=hamerly:seed=1:restarts=1:iter=20:miniter=0:polish_iter=0:feedback_slots=1:feedback_interval=1:sample_target=16384 -Xoklab -Wgamma --diffusion=none --gpu-policy=off --lookup-policy=none -F none -a off -p 128 -o '{devnull}' '{input}'
f2c138d8f6aa0a90c89d019f85eaf9bb3efa5edb,macOS-26.5.1-arm64-arm-64bit-Mach-O,images/snake.png,128,full-frame-hard,full-frame,hard,kmeans:inittype=none:threshold=0.125:binbits=6:mapping=uniform:softdist=trilinear:feedback=0:prune=hamerly:seed=1:restarts=1:iter=20:miniter=0:polish_iter=0:feedback_slots=1:feedback_interval=1:sample_target=16384,end-to-end,measured,4,4,1,0.08159825019538403,'{img2sixel}' --threads=1 --precision=8bit --quality=full '--loaders=libpng!' --sampling-policy=full-frame --binning-policy=hard --quantize-model=kmeans:inittype=none:threshold=0.125:binbits=6:mapping=uniform:softdist=trilinear:feedback=0:prune=hamerly:seed=1:restarts=1:iter=20:miniter=0:polish_iter=0:feedback_slots=1:feedback_interval=1:sample_target=16384 -Xoklab -Wgamma --diffusion=none --gpu-policy=off --lookup-policy=none -F none -a off -p 128 -o '{devnull}' '{input}'
f2c138d8f6aa0a90c89d019f85eaf9bb3efa5edb,macOS-26.5.1-arm64-arm-64bit-Mach-O,images/snake.png,128,full-frame-exact,full-frame,exact,kmeans:inittype=none:threshold=0.125:binbits=6:mapping=uniform:softdist=trilinear:feedback=0:prune=hamerly:seed=1:restarts=1:iter=20:miniter=0:polish_iter=0:feedback_slots=1:feedback_interval=1:sample_target=16384,end-to-end,measured,4,4,2,0.23158120806328952,'{img2sixel}' --threads=1 --precision=8bit --quality=full '--loaders=libpng!' --sampling-policy=full-frame --binning-policy=exact --quantize-model=kmeans:inittype=none:threshold=0.125:binbits=6:mapping=uniform:softdist=trilinear:feedback=0:prune=hamerly:seed=1:restarts=1:iter=20:miniter=0:polish_iter=0:feedback_slots=1:feedback_interval=1:sample_target=16384 -Xoklab -Wgamma --diffusion=none --gpu-policy=off --lookup-policy=none -F none -a off -p 128 -o '{devnull}' '{input}'
f2c138d8f6aa0a90c89d019f85eaf9bb3efa5edb,macOS-26.5.1-arm64-arm-64bit-Mach-O,images/snake.png,128,adaptive-grid-hard,adaptive-grid,hard,kmeans:inittype=none:threshold=0.125:binbits=6:mapping=uniform:softdist=trilinear:feedback=0:prune=hamerly:seed=1:restarts=1:iter=20:miniter=0:polish_iter=0:feedback_slots=1:feedback_interval=1:sample_target=16384,end-to-end,measured,4,4,3,0.06566200009547174,'{img2sixel}' --threads=1 --precision=8bit --quality=full '--loaders=libpng!' --sampling-policy=adaptive-grid --binning-policy=hard --quantize-model=kmeans:inittype=none:threshold=0.125:binbits=6:mapping=uniform:softdist=trilinear:feedback=0:prune=hamerly:seed=1:restarts=1:iter=20:miniter=0:polish_iter=0:feedback_slots=1:feedback_interval=1:sample_target=16384 -Xoklab -Wgamma --diffusion=none --gpu-policy=off --lookup-policy=none -F none -a off -p 128 -o '{devnull}' '{input}'
f2c138d8f6aa0a90c89d019f85eaf9bb3efa5edb,macOS-26.5.1-arm64-arm-64bit-Mach-O,images/snake.png,128,full-frame-none,full-frame,none,kmeans:inittype=none:threshold=0.125:binbits=6:mapping=uniform:softdist=trilinear:feedback=0:prune=hamerly:seed=1:restarts=1:iter=20:miniter=0:polish_iter=0:feedback_slots=1:feedback_interval=1:sample_target=16384,end-to-end,measured,4,4,4,0.56760404095985,'{img2sixel}' --threads=1 --precision=8bit --quality=full '--loaders=libpng!' --sampling-policy=full-frame --binning-policy=none --quantize-model=kmeans:inittype=none:threshold=0.125:binbits=6:mapping=uniform:softdist=trilinear:feedback=0:prune=hamerly:seed=1:restarts=1:iter=20:miniter=0:polish_iter=0:feedback_slots=1:feedback_interval=1:sample_target=16384 -Xoklab -Wgamma --diffusion=none --gpu-policy=off --lookup-policy=none -F none -a off -p 128 -o '{devnull}' '{input}'
f2c138d8f6aa0a90c89d019f85eaf9bb3efa5edb,macOS-26.5.1-arm64-arm-64bit-Mach-O,images/snake.png,128,full-frame-hard,full-frame,hard,kmeans:inittype=none:threshold=0.125:binbits=6:mapping=uniform:softdist=trilinear:feedback=0:prune=hamerly:seed=1:restarts=1:iter=20:miniter=0:polish_iter=0:feedback_slots=1:feedback_interval=1:sample_target=16384,end-to-end,washout,5,5,-1,0.08405045815743506,'{img2sixel}' --threads=1 --precision=8bit --quality=full '--loaders=libpng!' --sampling-policy=full-frame --binning-policy=hard --quantize-model=kmeans:inittype=none:threshold=0.125:binbits=6:mapping=uniform:softdist=trilinear:feedback=0:prune=hamerly:seed=1:restarts=1:iter=20:miniter=0:polish_iter=0:feedback_slots=1:feedback_interval=1:sample_target=16384 -Xoklab -Wgamma --diffusion=none --gpu-policy=off --lookup-policy=none -F none -a off -p 128 -o '{devnull}' '{input}'
f2c138d8f6aa0a90c89d019f85eaf9bb3efa5edb,macOS-26.5.1-arm64-arm-64bit-Mach-O,images/snake.png,128,full-frame-exact,full-frame,exact,kmeans:inittype=none:threshold=0.125:binbits=6:mapping=uniform:softdist=trilinear:feedback=0:prune=hamerly:seed=1:restarts=1:iter=20:miniter=0:polish_iter=0:feedback_slots=1:feedback_interval=1:sample_target=16384,end-to-end,measured,5,5,0,0.23299754201434553,'{img2sixel}' --threads=1 --precision=8bit --quality=full '--loaders=libpng!' --sampling-policy=full-frame --binning-policy=exact --quantize-model=kmeans:inittype=none:threshold=0.125:binbits=6:mapping=uniform:softdist=trilinear:feedback=0:prune=hamerly:seed=1:restarts=1:iter=20:miniter=0:polish_iter=0:feedback_slots=1:feedback_interval=1:sample_target=16384 -Xoklab -Wgamma --diffusion=none --gpu-policy=off --lookup-policy=none -F none -a off -p 128 -o '{devnull}' '{input}'
f2c138d8f6aa0a90c89d019f85eaf9bb3efa5edb,macOS-26.5.1-arm64-arm-64bit-Mach-O,images/snake.png,128,full-frame-none,full-frame,none,kmeans:inittype=none:threshold=0.125:binbits=6:mapping=uniform:softdist=trilinear:feedback=0:prune=hamerly:seed=1:restarts=1:iter=20:miniter=0:polish_iter=0:feedback_slots=1:feedback_interval=1:sample_target=16384,end-to-end,measured,5,5,1,0.5703104578424245,'{img2sixel}' --threads=1 --precision=8bit --quality=full '--loaders=libpng!' --sampling-policy=full-frame --binning-policy=none --quantize-model=kmeans:inittype=none:threshold=0.125:binbits=6:mapping=uniform:softdist=trilinear:feedback=0:prune=hamerly:seed=1:restarts=1:iter=20:miniter=0:polish_iter=0:feedback_slots=1:feedback_interval=1:sample_target=16384 -Xoklab -Wgamma --diffusion=none --gpu-policy=off --lookup-policy=none -F none -a off -p 128 -o '{devnull}' '{input}'
f2c138d8f6aa0a90c89d019f85eaf9bb3efa5edb,macOS-26.5.1-arm64-arm-64bit-Mach-O,images/snake.png,128,full-frame-soft,full-frame,soft,kmeans:inittype=none:threshold=0.125:binbits=6:mapping=uniform:softdist=trilinear:feedback=0:prune=hamerly:seed=1:restarts=1:iter=20:miniter=0:polish_iter=0:feedback_slots=1:feedback_interval=1:sample_target=16384,end-to-end,measured,5,5,2,0.09705091710202396,'{img2sixel}' --threads=1 --precision=8bit --quality=full '--loaders=libpng!' --sampling-policy=full-frame --binning-policy=soft --quantize-model=kmeans:inittype=none:threshold=0.125:binbits=6:mapping=uniform:softdist=trilinear:feedback=0:prune=hamerly:seed=1:restarts=1:iter=20:miniter=0:polish_iter=0:feedback_slots=1:feedback_interval=1:sample_target=16384 -Xoklab -Wgamma --diffusion=none --gpu-policy=off --lookup-policy=none -F none -a off -p 128 -o '{devnull}' '{input}'
f2c138d8f6aa0a90c89d019f85eaf9bb3efa5edb,macOS-26.5.1-arm64-arm-64bit-Mach-O,images/snake.png,128,adaptive-grid-hard,adaptive-grid,hard,kmeans:inittype=none:threshold=0.125:binbits=6:mapping=uniform:softdist=trilinear:feedback=0:prune=hamerly:seed=1:restarts=1:iter=20:miniter=0:polish_iter=0:feedback_slots=1:feedback_interval=1:sample_target=16384,end-to-end,measured,5,5,3,0.06605416699312627,'{img2sixel}' --threads=1 --precision=8bit --quality=full '--loaders=libpng!' --sampling-policy=adaptive-grid --binning-policy=hard --quantize-model=kmeans:inittype=none:threshold=0.125:binbits=6:mapping=uniform:softdist=trilinear:feedback=0:prune=hamerly:seed=1:restarts=1:iter=20:miniter=0:polish_iter=0:feedback_slots=1:feedback_interval=1:sample_target=16384 -Xoklab -Wgamma --diffusion=none --gpu-policy=off --lookup-policy=none -F none -a off -p 128 -o '{devnull}' '{input}'
f2c138d8f6aa0a90c89d019f85eaf9bb3efa5edb,macOS-26.5.1-arm64-arm-64bit-Mach-O,images/snake.png,128,full-frame-hard,full-frame,hard,kmeans:inittype=none:threshold=0.125:binbits=6:mapping=uniform:softdist=trilinear:feedback=0:prune=hamerly:seed=1:restarts=1:iter=20:miniter=0:polish_iter=0:feedback_slots=1:feedback_interval=1:sample_target=16384,end-to-end,measured,5,5,4,0.08215945889241993,'{img2sixel}' --threads=1 --precision=8bit --quality=full '--loaders=libpng!' --sampling-policy=full-frame --binning-policy=hard --quantize-model=kmeans:inittype=none:threshold=0.125:binbits=6:mapping=uniform:softdist=trilinear:feedback=0:prune=hamerly:seed=1:restarts=1:iter=20:miniter=0:polish_iter=0:feedback_slots=1:feedback_interval=1:sample_target=16384 -Xoklab -Wgamma --diffusion=none --gpu-policy=off --lookup-policy=none -F none -a off -p 128 -o '{devnull}' '{input}'
f2c138d8f6aa0a90c89d019f85eaf9bb3efa5edb,macOS-26.5.1-arm64-arm-64bit-Mach-O,images/snake.png,128,full-frame-hard,full-frame,hard,kmeans:inittype=none:threshold=0.125:binbits=6:mapping=uniform:softdist=trilinear:feedback=0:prune=hamerly:seed=1:restarts=1:iter=20:miniter=0:polish_iter=0:feedback_slots=1:feedback_interval=1:sample_target=16384,end-to-end,washout,6,6,-1,0.0829082909040153,'{img2sixel}' --threads=1 --precision=8bit --quality=full '--loaders=libpng!' --sampling-policy=full-frame --binning-policy=hard --quantize-model=kmeans:inittype=none:threshold=0.125:binbits=6:mapping=uniform:softdist=trilinear:feedback=0:prune=hamerly:seed=1:restarts=1:iter=20:miniter=0:polish_iter=0:feedback_slots=1:feedback_interval=1:sample_target=16384 -Xoklab -Wgamma --diffusion=none --gpu-policy=off --lookup-policy=none -F none -a off -p 128 -o '{devnull}' '{input}'
f2c138d8f6aa0a90c89d019f85eaf9bb3efa5edb,macOS-26.5.1-arm64-arm-64bit-Mach-O,images/snake.png,128,full-frame-soft,full-frame,soft,kmeans:inittype=none:threshold=0.125:binbits=6:mapping=uniform:softdist=trilinear:feedback=0:prune=hamerly:seed=1:restarts=1:iter=20:miniter=0:polish_iter=0:feedback_slots=1:feedback_interval=1:sample_target=16384,end-to-end,measured,6,6,0,0.09382145898416638,'{img2sixel}' --threads=1 --precision=8bit --quality=full '--loaders=libpng!' --sampling-policy=full-frame --binning-policy=soft --quantize-model=kmeans:inittype=none:threshold=0.125:binbits=6:mapping=uniform:softdist=trilinear:feedback=0:prune=hamerly:seed=1:restarts=1:iter=20:miniter=0:polish_iter=0:feedback_slots=1:feedback_interval=1:sample_target=16384 -Xoklab -Wgamma --diffusion=none --gpu-policy=off --lookup-policy=none -F none -a off -p 128 -o '{devnull}' '{input}'
f2c138d8f6aa0a90c89d019f85eaf9bb3efa5edb,macOS-26.5.1-arm64-arm-64bit-Mach-O,images/snake.png,128,full-frame-exact,full-frame,exact,kmeans:inittype=none:threshold=0.125:binbits=6:mapping=uniform:softdist=trilinear:feedback=0:prune=hamerly:seed=1:restarts=1:iter=20:miniter=0:polish_iter=0:feedback_slots=1:feedback_interval=1:sample_target=16384,end-to-end,measured,6,6,1,0.23271433310583234,'{img2sixel}' --threads=1 --precision=8bit --quality=full '--loaders=libpng!' --sampling-policy=full-frame --binning-policy=exact --quantize-model=kmeans:inittype=none:threshold=0.125:binbits=6:mapping=uniform:softdist=trilinear:feedback=0:prune=hamerly:seed=1:restarts=1:iter=20:miniter=0:polish_iter=0:feedback_slots=1:feedback_interval=1:sample_target=16384 -Xoklab -Wgamma --diffusion=none --gpu-policy=off --lookup-policy=none -F none -a off -p 128 -o '{devnull}' '{input}'
f2c138d8f6aa0a90c89d019f85eaf9bb3efa5edb,macOS-26.5.1-arm64-arm-64bit-Mach-O,images/snake.png,128,full-frame-hard,full-frame,hard,kmeans:inittype=none:threshold=0.125:binbits=6:mapping=uniform:softdist=trilinear:feedback=0:prune=hamerly:seed=1:restarts=1:iter=20:miniter=0:polish_iter=0:feedback_slots=1:feedback_interval=1:sample_target=16384,end-to-end,measured,6,6,2,0.08324554096907377,'{img2sixel}' --threads=1 --precision=8bit --quality=full '--loaders=libpng!' --sampling-policy=full-frame --binning-policy=hard --quantize-model=kmeans:inittype=none:threshold=0.125:binbits=6:mapping=uniform:softdist=trilinear:feedback=0:prune=hamerly:seed=1:restarts=1:iter=20:miniter=0:polish_iter=0:feedback_slots=1:feedback_interval=1:sample_target=16384 -Xoklab -Wgamma --diffusion=none --gpu-policy=off --lookup-policy=none -F none -a off -p 128 -o '{devnull}' '{input}'
f2c138d8f6aa0a90c89d019f85eaf9bb3efa5edb,macOS-26.5.1-arm64-arm-64bit-Mach-O,images/snake.png,128,full-frame-none,full-frame,none,kmeans:inittype=none:threshold=0.125:binbits=6:mapping=uniform:softdist=trilinear:feedback=0:prune=hamerly:seed=1:restarts=1:iter=20:miniter=0:polish_iter=0:feedback_slots=1:feedback_interval=1:sample_target=16384,end-to-end,measured,6,6,3,0.5686132500413805,'{img2sixel}' --threads=1 --precision=8bit --quality=full '--loaders=libpng!' --sampling-policy=full-frame --binning-policy=none --quantize-model=kmeans:inittype=none:threshold=0.125:binbits=6:mapping=uniform:softdist=trilinear:feedback=0:prune=hamerly:seed=1:restarts=1:iter=20:miniter=0:polish_iter=0:feedback_slots=1:feedback_interval=1:sample_target=16384 -Xoklab -Wgamma --diffusion=none --gpu-policy=off --lookup-policy=none -F none -a off -p 128 -o '{devnull}' '{input}'
f2c138d8f6aa0a90c89d019f85eaf9bb3efa5edb,macOS-26.5.1-arm64-arm-64bit-Mach-O,images/snake.png,128,adaptive-grid-hard,adaptive-grid,hard,kmeans:inittype=none:threshold=0.125:binbits=6:mapping=uniform:softdist=trilinear:feedback=0:prune=hamerly:seed=1:restarts=1:iter=20:miniter=0:polish_iter=0:feedback_slots=1:feedback_interval=1:sample_target=16384,end-to-end,measured,6,6,4,0.06639137491583824,'{img2sixel}' --threads=1 --precision=8bit --quality=full '--loaders=libpng!' --sampling-policy=adaptive-grid --binning-policy=hard --quantize-model=kmeans:inittype=none:threshold=0.125:binbits=6:mapping=uniform:softdist=trilinear:feedback=0:prune=hamerly:seed=1:restarts=1:iter=20:miniter=0:polish_iter=0:feedback_slots=1:feedback_interval=1:sample_target=16384 -Xoklab -Wgamma --diffusion=none --gpu-policy=off --lookup-policy=none -F none -a off -p 128 -o '{devnull}' '{input}'
f2c138d8f6aa0a90c89d019f85eaf9bb3efa5edb,macOS-26.5.1-arm64-arm-64bit-Mach-O,images/snake.png,128,full-frame-hard,full-frame,hard,kmeans:inittype=none:threshold=0.125:binbits=6:mapping=uniform:softdist=trilinear:feedback=0:prune=hamerly:seed=1:restarts=1:iter=20:miniter=0:polish_iter=0:feedback_slots=1:feedback_interval=1:sample_target=16384,end-to-end,washout,7,7,-1,0.08104666601866484,'{img2sixel}' --threads=1 --precision=8bit --quality=full '--loaders=libpng!' --sampling-policy=full-frame --binning-policy=hard --quantize-model=kmeans:inittype=none:threshold=0.125:binbits=6:mapping=uniform:softdist=trilinear:feedback=0:prune=hamerly:seed=1:restarts=1:iter=20:miniter=0:polish_iter=0:feedback_slots=1:feedback_interval=1:sample_target=16384 -Xoklab -Wgamma --diffusion=none --gpu-policy=off --lookup-policy=none -F none -a off -p 128 -o '{devnull}' '{input}'
f2c138d8f6aa0a90c89d019f85eaf9bb3efa5edb,macOS-26.5.1-arm64-arm-64bit-Mach-O,images/snake.png,128,full-frame-hard,full-frame,hard,kmeans:inittype=none:threshold=0.125:binbits=6:mapping=uniform:softdist=trilinear:feedback=0:prune=hamerly:seed=1:restarts=1:iter=20:miniter=0:polish_iter=0:feedback_slots=1:feedback_interval=1:sample_target=16384,end-to-end,measured,7,7,0,0.08217037515714765,'{img2sixel}' --threads=1 --precision=8bit --quality=full '--loaders=libpng!' --sampling-policy=full-frame --binning-policy=hard --quantize-model=kmeans:inittype=none:threshold=0.125:binbits=6:mapping=uniform:softdist=trilinear:feedback=0:prune=hamerly:seed=1:restarts=1:iter=20:miniter=0:polish_iter=0:feedback_slots=1:feedback_interval=1:sample_target=16384 -Xoklab -Wgamma --diffusion=none --gpu-policy=off --lookup-policy=none -F none -a off -p 128 -o '{devnull}' '{input}'
f2c138d8f6aa0a90c89d019f85eaf9bb3efa5edb,macOS-26.5.1-arm64-arm-64bit-Mach-O,images/snake.png,128,full-frame-soft,full-frame,soft,kmeans:inittype=none:threshold=0.125:binbits=6:mapping=uniform:softdist=trilinear:feedback=0:prune=hamerly:seed=1:restarts=1:iter=20:miniter=0:polish_iter=0:feedback_slots=1:feedback_interval=1:sample_target=16384,end-to-end,measured,7,7,1,0.09320795792154968,'{img2sixel}' --threads=1 --precision=8bit --quality=full '--loaders=libpng!' --sampling-policy=full-frame --binning-policy=soft --quantize-model=kmeans:inittype=none:threshold=0.125:binbits=6:mapping=uniform:softdist=trilinear:feedback=0:prune=hamerly:seed=1:restarts=1:iter=20:miniter=0:polish_iter=0:feedback_slots=1:feedback_interval=1:sample_target=16384 -Xoklab -Wgamma --diffusion=none --gpu-policy=off --lookup-policy=none -F none -a off -p 128 -o '{devnull}' '{input}'
f2c138d8f6aa0a90c89d019f85eaf9bb3efa5edb,macOS-26.5.1-arm64-arm-64bit-Mach-O,images/snake.png,128,adaptive-grid-hard,adaptive-grid,hard,kmeans:inittype=none:threshold=0.125:binbits=6:mapping=uniform:softdist=trilinear:feedback=0:prune=hamerly:seed=1:restarts=1:iter=20:miniter=0:polish_iter=0:feedback_slots=1:feedback_interval=1:sample_target=16384,end-to-end,measured,7,7,2,0.0645314590074122,'{img2sixel}' --threads=1 --precision=8bit --quality=full '--loaders=libpng!' --sampling-policy=adaptive-grid --binning-policy=hard --quantize-model=kmeans:inittype=none:threshold=0.125:binbits=6:mapping=uniform:softdist=trilinear:feedback=0:prune=hamerly:seed=1:restarts=1:iter=20:miniter=0:polish_iter=0:feedback_slots=1:feedback_interval=1:sample_target=16384 -Xoklab -Wgamma --diffusion=none --gpu-policy=off --lookup-policy=none -F none -a off -p 128 -o '{devnull}' '{input}'
f2c138d8f6aa0a90c89d019f85eaf9bb3efa5edb,macOS-26.5.1-arm64-arm-64bit-Mach-O,images/snake.png,128,full-frame-exact,full-frame,exact,kmeans:inittype=none:threshold=0.125:binbits=6:mapping=uniform:softdist=trilinear:feedback=0:prune=hamerly:seed=1:restarts=1:iter=20:miniter=0:polish_iter=0:feedback_slots=1:feedback_interval=1:sample_target=16384,end-to-end,measured,7,7,3,0.23225933383218944,'{img2sixel}' --threads=1 --precision=8bit --quality=full '--loaders=libpng!' --sampling-policy=full-frame --binning-policy=exact --quantize-model=kmeans:inittype=none:threshold=0.125:binbits=6:mapping=uniform:softdist=trilinear:feedback=0:prune=hamerly:seed=1:restarts=1:iter=20:miniter=0:polish_iter=0:feedback_slots=1:feedback_interval=1:sample_target=16384 -Xoklab -Wgamma --diffusion=none --gpu-policy=off --lookup-policy=none -F none -a off -p 128 -o '{devnull}' '{input}'
f2c138d8f6aa0a90c89d019f85eaf9bb3efa5edb,macOS-26.5.1-arm64-arm-64bit-Mach-O,images/snake.png,128,full-frame-none,full-frame,none,kmeans:inittype=none:threshold=0.125:binbits=6:mapping=uniform:softdist=trilinear:feedback=0:prune=hamerly:seed=1:restarts=1:iter=20:miniter=0:polish_iter=0:feedback_slots=1:feedback_interval=1:sample_target=16384,end-to-end,measured,7,7,4,0.5689244579989463,'{img2sixel}' --threads=1 --precision=8bit --quality=full '--loaders=libpng!' --sampling-policy=full-frame --binning-policy=none --quantize-model=kmeans:inittype=none:threshold=0.125:binbits=6:mapping=uniform:softdist=trilinear:feedback=0:prune=hamerly:seed=1:restarts=1:iter=20:miniter=0:polish_iter=0:feedback_slots=1:feedback_interval=1:sample_target=16384 -Xoklab -Wgamma --diffusion=none --gpu-policy=off --lookup-policy=none -F none -a off -p 128 -o '{devnull}' '{input}'
f2c138d8f6aa0a90c89d019f85eaf9bb3efa5edb,macOS-26.5.1-arm64-arm-64bit-Mach-O,images/snake.png,128,full-frame-hard,full-frame,hard,kmeans:inittype=none:threshold=0.125:binbits=6:mapping=uniform:softdist=trilinear:feedback=0:prune=hamerly:seed=1:restarts=1:iter=20:miniter=0:polish_iter=0:feedback_slots=1:feedback_interval=1:sample_target=16384,end-to-end,washout,8,8,-1,0.08379862480796874,'{img2sixel}' --threads=1 --precision=8bit --quality=full '--loaders=libpng!' --sampling-policy=full-frame --binning-policy=hard --quantize-model=kmeans:inittype=none:threshold=0.125:binbits=6:mapping=uniform:softdist=trilinear:feedback=0:prune=hamerly:seed=1:restarts=1:iter=20:miniter=0:polish_iter=0:feedback_slots=1:feedback_interval=1:sample_target=16384 -Xoklab -Wgamma --diffusion=none --gpu-policy=off --lookup-policy=none -F none -a off -p 128 -o '{devnull}' '{input}'
f2c138d8f6aa0a90c89d019f85eaf9bb3efa5edb,macOS-26.5.1-arm64-arm-64bit-Mach-O,images/snake.png,128,adaptive-grid-hard,adaptive-grid,hard,kmeans:inittype=none:threshold=0.125:binbits=6:mapping=uniform:softdist=trilinear:feedback=0:prune=hamerly:seed=1:restarts=1:iter=20:miniter=0:polish_iter=0:feedback_slots=1:feedback_interval=1:sample_target=16384,end-to-end,measured,8,8,0,0.06489054090343416,'{img2sixel}' --threads=1 --precision=8bit --quality=full '--loaders=libpng!' --sampling-policy=adaptive-grid --binning-policy=hard --quantize-model=kmeans:inittype=none:threshold=0.125:binbits=6:mapping=uniform:softdist=trilinear:feedback=0:prune=hamerly:seed=1:restarts=1:iter=20:miniter=0:polish_iter=0:feedback_slots=1:feedback_interval=1:sample_target=16384 -Xoklab -Wgamma --diffusion=none --gpu-policy=off --lookup-policy=none -F none -a off -p 128 -o '{devnull}' '{input}'
f2c138d8f6aa0a90c89d019f85eaf9bb3efa5edb,macOS-26.5.1-arm64-arm-64bit-Mach-O,images/snake.png,128,full-frame-hard,full-frame,hard,kmeans:inittype=none:threshold=0.125:binbits=6:mapping=uniform:softdist=trilinear:feedback=0:prune=hamerly:seed=1:restarts=1:iter=20:miniter=0:polish_iter=0:feedback_slots=1:feedback_interval=1:sample_target=16384,end-to-end,measured,8,8,1,0.08098604204133153,'{img2sixel}' --threads=1 --precision=8bit --quality=full '--loaders=libpng!' --sampling-policy=full-frame --binning-policy=hard --quantize-model=kmeans:inittype=none:threshold=0.125:binbits=6:mapping=uniform:softdist=trilinear:feedback=0:prune=hamerly:seed=1:restarts=1:iter=20:miniter=0:polish_iter=0:feedback_slots=1:feedback_interval=1:sample_target=16384 -Xoklab -Wgamma --diffusion=none --gpu-policy=off --lookup-policy=none -F none -a off -p 128 -o '{devnull}' '{input}'
f2c138d8f6aa0a90c89d019f85eaf9bb3efa5edb,macOS-26.5.1-arm64-arm-64bit-Mach-O,images/snake.png,128,full-frame-none,full-frame,none,kmeans:inittype=none:threshold=0.125:binbits=6:mapping=uniform:softdist=trilinear:feedback=0:prune=hamerly:seed=1:restarts=1:iter=20:miniter=0:polish_iter=0:feedback_slots=1:feedback_interval=1:sample_target=16384,end-to-end,measured,8,8,2,0.5759149158839136,'{img2sixel}' --threads=1 --precision=8bit --quality=full '--loaders=libpng!' --sampling-policy=full-frame --binning-policy=none --quantize-model=kmeans:inittype=none:threshold=0.125:binbits=6:mapping=uniform:softdist=trilinear:feedback=0:prune=hamerly:seed=1:restarts=1:iter=20:miniter=0:polish_iter=0:feedback_slots=1:feedback_interval=1:sample_target=16384 -Xoklab -Wgamma --diffusion=none --gpu-policy=off --lookup-policy=none -F none -a off -p 128 -o '{devnull}' '{input}'
f2c138d8f6aa0a90c89d019f85eaf9bb3efa5edb,macOS-26.5.1-arm64-arm-64bit-Mach-O,images/snake.png,128,full-frame-soft,full-frame,soft,kmeans:inittype=none:threshold=0.125:binbits=6:mapping=uniform:softdist=trilinear:feedback=0:prune=hamerly:seed=1:restarts=1:iter=20:miniter=0:polish_iter=0:feedback_slots=1:feedback_interval=1:sample_target=16384,end-to-end,measured,8,8,3,0.09482641704380512,'{img2sixel}' --threads=1 --precision=8bit --quality=full '--loaders=libpng!' --sampling-policy=full-frame --binning-policy=soft --quantize-model=kmeans:inittype=none:threshold=0.125:binbits=6:mapping=uniform:softdist=trilinear:feedback=0:prune=hamerly:seed=1:restarts=1:iter=20:miniter=0:polish_iter=0:feedback_slots=1:feedback_interval=1:sample_target=16384 -Xoklab -Wgamma --diffusion=none --gpu-policy=off --lookup-policy=none -F none -a off -p 128 -o '{devnull}' '{input}'
f2c138d8f6aa0a90c89d019f85eaf9bb3efa5edb,macOS-26.5.1-arm64-arm-64bit-Mach-O,images/snake.png,128,full-frame-exact,full-frame,exact,kmeans:inittype=none:threshold=0.125:binbits=6:mapping=uniform:softdist=trilinear:feedback=0:prune=hamerly:seed=1:restarts=1:iter=20:miniter=0:polish_iter=0:feedback_slots=1:feedback_interval=1:sample_target=16384,end-to-end,measured,8,8,4,0.2322675830218941,'{img2sixel}' --threads=1 --precision=8bit --quality=full '--loaders=libpng!' --sampling-policy=full-frame --binning-policy=exact --quantize-model=kmeans:inittype=none:threshold=0.125:binbits=6:mapping=uniform:softdist=trilinear:feedback=0:prune=hamerly:seed=1:restarts=1:iter=20:miniter=0:polish_iter=0:feedback_slots=1:feedback_interval=1:sample_target=16384 -Xoklab -Wgamma --diffusion=none --gpu-policy=off --lookup-policy=none -F none -a off -p 128 -o '{devnull}' '{input}'
f2c138d8f6aa0a90c89d019f85eaf9bb3efa5edb,macOS-26.5.1-arm64-arm-64bit-Mach-O,images/snake.png,128,full-frame-hard,full-frame,hard,kmeans:inittype=none:threshold=0.125:binbits=6:mapping=uniform:softdist=trilinear:feedback=0:prune=hamerly:seed=1:restarts=1:iter=20:miniter=0:polish_iter=0:feedback_slots=1:feedback_interval=1:sample_target=16384,end-to-end,washout,9,9,-1,0.08232029201462865,'{img2sixel}' --threads=1 --precision=8bit --quality=full '--loaders=libpng!' --sampling-policy=full-frame --binning-policy=hard --quantize-model=kmeans:inittype=none:threshold=0.125:binbits=6:mapping=uniform:softdist=trilinear:feedback=0:prune=hamerly:seed=1:restarts=1:iter=20:miniter=0:polish_iter=0:feedback_slots=1:feedback_interval=1:sample_target=16384 -Xoklab -Wgamma --diffusion=none --gpu-policy=off --lookup-policy=none -F none -a off -p 128 -o '{devnull}' '{input}'
f2c138d8f6aa0a90c89d019f85eaf9bb3efa5edb,macOS-26.5.1-arm64-arm-64bit-Mach-O,images/snake.png,128,full-frame-none,full-frame,none,kmeans:inittype=none:threshold=0.125:binbits=6:mapping=uniform:softdist=trilinear:feedback=0:prune=hamerly:seed=1:restarts=1:iter=20:miniter=0:polish_iter=0:feedback_slots=1:feedback_interval=1:sample_target=16384,end-to-end,measured,9,9,0,0.5688610419165343,'{img2sixel}' --threads=1 --precision=8bit --quality=full '--loaders=libpng!' --sampling-policy=full-frame --binning-policy=none --quantize-model=kmeans:inittype=none:threshold=0.125:binbits=6:mapping=uniform:softdist=trilinear:feedback=0:prune=hamerly:seed=1:restarts=1:iter=20:miniter=0:polish_iter=0:feedback_slots=1:feedback_interval=1:sample_target=16384 -Xoklab -Wgamma --diffusion=none --gpu-policy=off --lookup-policy=none -F none -a off -p 128 -o '{devnull}' '{input}'
f2c138d8f6aa0a90c89d019f85eaf9bb3efa5edb,macOS-26.5.1-arm64-arm-64bit-Mach-O,images/snake.png,128,adaptive-grid-hard,adaptive-grid,hard,kmeans:inittype=none:threshold=0.125:binbits=6:mapping=uniform:softdist=trilinear:feedback=0:prune=hamerly:seed=1:restarts=1:iter=20:miniter=0:polish_iter=0:feedback_slots=1:feedback_interval=1:sample_target=16384,end-to-end,measured,9,9,1,0.06664791703224182,'{img2sixel}' --threads=1 --precision=8bit --quality=full '--loaders=libpng!' --sampling-policy=adaptive-grid --binning-policy=hard --quantize-model=kmeans:inittype=none:threshold=0.125:binbits=6:mapping=uniform:softdist=trilinear:feedback=0:prune=hamerly:seed=1:restarts=1:iter=20:miniter=0:polish_iter=0:feedback_slots=1:feedback_interval=1:sample_target=16384 -Xoklab -Wgamma --diffusion=none --gpu-policy=off --lookup-policy=none -F none -a off -p 128 -o '{devnull}' '{input}'
f2c138d8f6aa0a90c89d019f85eaf9bb3efa5edb,macOS-26.5.1-arm64-arm-64bit-Mach-O,images/snake.png,128,full-frame-exact,full-frame,exact,kmeans:inittype=none:threshold=0.125:binbits=6:mapping=uniform:softdist=trilinear:feedback=0:prune=hamerly:seed=1:restarts=1:iter=20:miniter=0:polish_iter=0:feedback_slots=1:feedback_interval=1:sample_target=16384,end-to-end,measured,9,9,2,0.2317278329282999,'{img2sixel}' --threads=1 --precision=8bit --quality=full '--loaders=libpng!' --sampling-policy=full-frame --binning-policy=exact --quantize-model=kmeans:inittype=none:threshold=0.125:binbits=6:mapping=uniform:softdist=trilinear:feedback=0:prune=hamerly:seed=1:restarts=1:iter=20:miniter=0:polish_iter=0:feedback_slots=1:feedback_interval=1:sample_target=16384 -Xoklab -Wgamma --diffusion=none --gpu-policy=off --lookup-policy=none -F none -a off -p 128 -o '{devnull}' '{input}'
f2c138d8f6aa0a90c89d019f85eaf9bb3efa5edb,macOS-26.5.1-arm64-arm-64bit-Mach-O,images/snake.png,128,full-frame-hard,full-frame,hard,kmeans:inittype=none:threshold=0.125:binbits=6:mapping=uniform:softdist=trilinear:feedback=0:prune=hamerly:seed=1:restarts=1:iter=20:miniter=0:polish_iter=0:feedback_slots=1:feedback_interval=1:sample_target=16384,end-to-end,measured,9,9,3,0.08308437513187528,'{img2sixel}' --threads=1 --precision=8bit --quality=full '--loaders=libpng!' --sampling-policy=full-frame --binning-policy=hard --quantize-model=kmeans:inittype=none:threshold=0.125:binbits=6:mapping=uniform:softdist=trilinear:feedback=0:prune=hamerly:seed=1:restarts=1:iter=20:miniter=0:polish_iter=0:feedback_slots=1:feedback_interval=1:sample_target=16384 -Xoklab -Wgamma --diffusion=none --gpu-policy=off --lookup-policy=none -F none -a off -p 128 -o '{devnull}' '{input}'
f2c138d8f6aa0a90c89d019f85eaf9bb3efa5edb,macOS-26.5.1-arm64-arm-64bit-Mach-O,images/snake.png,128,full-frame-soft,full-frame,soft,kmeans:inittype=none:threshold=0.125:binbits=6:mapping=uniform:softdist=trilinear:feedback=0:prune=hamerly:seed=1:restarts=1:iter=20:miniter=0:polish_iter=0:feedback_slots=1:feedback_interval=1:sample_target=16384,end-to-end,measured,9,9,4,0.09422062477096915,'{img2sixel}' --threads=1 --precision=8bit --quality=full '--loaders=libpng!' --sampling-policy=full-frame --binning-policy=soft --quantize-model=kmeans:inittype=none:threshold=0.125:binbits=6:mapping=uniform:softdist=trilinear:feedback=0:prune=hamerly:seed=1:restarts=1:iter=20:miniter=0:polish_iter=0:feedback_slots=1:feedback_interval=1:sample_target=16384 -Xoklab -Wgamma --diffusion=none --gpu-policy=off --lookup-policy=none -F none -a off -p 128 -o '{devnull}' '{input}'
f2c138d8f6aa0a90c89d019f85eaf9bb3efa5edb,macOS-26.5.1-arm64-arm-64bit-Mach-O,images/snake.png,128,full-frame-hard,full-frame,hard,kmeans:inittype=none:threshold=0.125:binbits=6:mapping=uniform:softdist=trilinear:feedback=0:prune=hamerly:seed=1:restarts=1:iter=20:miniter=0:polish_iter=0:feedback_slots=1:feedback_interval=1:sample_target=16384,end-to-end,washout,10,0,-1,0.08334195800125599,'{img2sixel}' --threads=1 --precision=8bit --quality=full '--loaders=libpng!' --sampling-policy=full-frame --binning-policy=hard --quantize-model=kmeans:inittype=none:threshold=0.125:binbits=6:mapping=uniform:softdist=trilinear:feedback=0:prune=hamerly:seed=1:restarts=1:iter=20:miniter=0:polish_iter=0:feedback_slots=1:feedback_interval=1:sample_target=16384 -Xoklab -Wgamma --diffusion=none --gpu-policy=off --lookup-policy=none -F none -a off -p 128 -o '{devnull}' '{input}'
f2c138d8f6aa0a90c89d019f85eaf9bb3efa5edb,macOS-26.5.1-arm64-arm-64bit-Mach-O,images/snake.png,128,full-frame-hard,full-frame,hard,kmeans:inittype=none:threshold=0.125:binbits=6:mapping=uniform:softdist=trilinear:feedback=0:prune=hamerly:seed=1:restarts=1:iter=20:miniter=0:polish_iter=0:feedback_slots=1:feedback_interval=1:sample_target=16384,end-to-end,measured,10,0,0,0.08588125021196902,'{img2sixel}' --threads=1 --precision=8bit --quality=full '--loaders=libpng!' --sampling-policy=full-frame --binning-policy=hard --quantize-model=kmeans:inittype=none:threshold=0.125:binbits=6:mapping=uniform:softdist=trilinear:feedback=0:prune=hamerly:seed=1:restarts=1:iter=20:miniter=0:polish_iter=0:feedback_slots=1:feedback_interval=1:sample_target=16384 -Xoklab -Wgamma --diffusion=none --gpu-policy=off --lookup-policy=none -F none -a off -p 128 -o '{devnull}' '{input}'
f2c138d8f6aa0a90c89d019f85eaf9bb3efa5edb,macOS-26.5.1-arm64-arm-64bit-Mach-O,images/snake.png,128,adaptive-grid-hard,adaptive-grid,hard,kmeans:inittype=none:threshold=0.125:binbits=6:mapping=uniform:softdist=trilinear:feedback=0:prune=hamerly:seed=1:restarts=1:iter=20:miniter=0:polish_iter=0:feedback_slots=1:feedback_interval=1:sample_target=16384,end-to-end,measured,10,0,1,0.07448704191483557,'{img2sixel}' --threads=1 --precision=8bit --quality=full '--loaders=libpng!' --sampling-policy=adaptive-grid --binning-policy=hard --quantize-model=kmeans:inittype=none:threshold=0.125:binbits=6:mapping=uniform:softdist=trilinear:feedback=0:prune=hamerly:seed=1:restarts=1:iter=20:miniter=0:polish_iter=0:feedback_slots=1:feedback_interval=1:sample_target=16384 -Xoklab -Wgamma --diffusion=none --gpu-policy=off --lookup-policy=none -F none -a off -p 128 -o '{devnull}' '{input}'
f2c138d8f6aa0a90c89d019f85eaf9bb3efa5edb,macOS-26.5.1-arm64-arm-64bit-Mach-O,images/snake.png,128,full-frame-soft,full-frame,soft,kmeans:inittype=none:threshold=0.125:binbits=6:mapping=uniform:softdist=trilinear:feedback=0:prune=hamerly:seed=1:restarts=1:iter=20:miniter=0:polish_iter=0:feedback_slots=1:feedback_interval=1:sample_target=16384,end-to-end,measured,10,0,2,0.0951314999256283,'{img2sixel}' --threads=1 --precision=8bit --quality=full '--loaders=libpng!' --sampling-policy=full-frame --binning-policy=soft --quantize-model=kmeans:inittype=none:threshold=0.125:binbits=6:mapping=uniform:softdist=trilinear:feedback=0:prune=hamerly:seed=1:restarts=1:iter=20:miniter=0:polish_iter=0:feedback_slots=1:feedback_interval=1:sample_target=16384 -Xoklab -Wgamma --diffusion=none --gpu-policy=off --lookup-policy=none -F none -a off -p 128 -o '{devnull}' '{input}'
f2c138d8f6aa0a90c89d019f85eaf9bb3efa5edb,macOS-26.5.1-arm64-arm-64bit-Mach-O,images/snake.png,128,full-frame-none,full-frame,none,kmeans:inittype=none:threshold=0.125:binbits=6:mapping=uniform:softdist=trilinear:feedback=0:prune=hamerly:seed=1:restarts=1:iter=20:miniter=0:polish_iter=0:feedback_slots=1:feedback_interval=1:sample_target=16384,end-to-end,measured,10,0,3,0.5709877922199667,'{img2sixel}' --threads=1 --precision=8bit --quality=full '--loaders=libpng!' --sampling-policy=full-frame --binning-policy=none --quantize-model=kmeans:inittype=none:threshold=0.125:binbits=6:mapping=uniform:softdist=trilinear:feedback=0:prune=hamerly:seed=1:restarts=1:iter=20:miniter=0:polish_iter=0:feedback_slots=1:feedback_interval=1:sample_target=16384 -Xoklab -Wgamma --diffusion=none --gpu-policy=off --lookup-policy=none -F none -a off -p 128 -o '{devnull}' '{input}'
f2c138d8f6aa0a90c89d019f85eaf9bb3efa5edb,macOS-26.5.1-arm64-arm-64bit-Mach-O,images/snake.png,128,full-frame-exact,full-frame,exact,kmeans:inittype=none:threshold=0.125:binbits=6:mapping=uniform:softdist=trilinear:feedback=0:prune=hamerly:seed=1:restarts=1:iter=20:miniter=0:polish_iter=0:feedback_slots=1:feedback_interval=1:sample_target=16384,end-to-end,measured,10,0,4,0.235599874984473,'{img2sixel}' --threads=1 --precision=8bit --quality=full '--loaders=libpng!' --sampling-policy=full-frame --binning-policy=exact --quantize-model=kmeans:inittype=none:threshold=0.125:binbits=6:mapping=uniform:softdist=trilinear:feedback=0:prune=hamerly:seed=1:restarts=1:iter=20:miniter=0:polish_iter=0:feedback_slots=1:feedback_interval=1:sample_target=16384 -Xoklab -Wgamma --diffusion=none --gpu-policy=off --lookup-policy=none -F none -a off -p 128 -o '{devnull}' '{input}'
f2c138d8f6aa0a90c89d019f85eaf9bb3efa5edb,macOS-26.5.1-arm64-arm-64bit-Mach-O,images/snake.png,128,full-frame-hard,full-frame,hard,kmeans:inittype=none:threshold=0.125:binbits=6:mapping=uniform:softdist=trilinear:feedback=0:prune=hamerly:seed=1:restarts=1:iter=20:miniter=0:polish_iter=0:feedback_slots=1:feedback_interval=1:sample_target=16384,end-to-end,washout,11,1,-1,0.08684170804917812,'{img2sixel}' --threads=1 --precision=8bit --quality=full '--loaders=libpng!' --sampling-policy=full-frame --binning-policy=hard --quantize-model=kmeans:inittype=none:threshold=0.125:binbits=6:mapping=uniform:softdist=trilinear:feedback=0:prune=hamerly:seed=1:restarts=1:iter=20:miniter=0:polish_iter=0:feedback_slots=1:feedback_interval=1:sample_target=16384 -Xoklab -Wgamma --diffusion=none --gpu-policy=off --lookup-policy=none -F none -a off -p 128 -o '{devnull}' '{input}'
f2c138d8f6aa0a90c89d019f85eaf9bb3efa5edb,macOS-26.5.1-arm64-arm-64bit-Mach-O,images/snake.png,128,adaptive-grid-hard,adaptive-grid,hard,kmeans:inittype=none:threshold=0.125:binbits=6:mapping=uniform:softdist=trilinear:feedback=0:prune=hamerly:seed=1:restarts=1:iter=20:miniter=0:polish_iter=0:feedback_slots=1:feedback_interval=1:sample_target=16384,end-to-end,measured,11,1,0,0.06584329111501575,'{img2sixel}' --threads=1 --precision=8bit --quality=full '--loaders=libpng!' --sampling-policy=adaptive-grid --binning-policy=hard --quantize-model=kmeans:inittype=none:threshold=0.125:binbits=6:mapping=uniform:softdist=trilinear:feedback=0:prune=hamerly:seed=1:restarts=1:iter=20:miniter=0:polish_iter=0:feedback_slots=1:feedback_interval=1:sample_target=16384 -Xoklab -Wgamma --diffusion=none --gpu-policy=off --lookup-policy=none -F none -a off -p 128 -o '{devnull}' '{input}'
f2c138d8f6aa0a90c89d019f85eaf9bb3efa5edb,macOS-26.5.1-arm64-arm-64bit-Mach-O,images/snake.png,128,full-frame-none,full-frame,none,kmeans:inittype=none:threshold=0.125:binbits=6:mapping=uniform:softdist=trilinear:feedback=0:prune=hamerly:seed=1:restarts=1:iter=20:miniter=0:polish_iter=0:feedback_slots=1:feedback_interval=1:sample_target=16384,end-to-end,measured,11,1,1,0.5687784578185529,'{img2sixel}' --threads=1 --precision=8bit --quality=full '--loaders=libpng!' --sampling-policy=full-frame --binning-policy=none --quantize-model=kmeans:inittype=none:threshold=0.125:binbits=6:mapping=uniform:softdist=trilinear:feedback=0:prune=hamerly:seed=1:restarts=1:iter=20:miniter=0:polish_iter=0:feedback_slots=1:feedback_interval=1:sample_target=16384 -Xoklab -Wgamma --diffusion=none --gpu-policy=off --lookup-policy=none -F none -a off -p 128 -o '{devnull}' '{input}'
f2c138d8f6aa0a90c89d019f85eaf9bb3efa5edb,macOS-26.5.1-arm64-arm-64bit-Mach-O,images/snake.png,128,full-frame-hard,full-frame,hard,kmeans:inittype=none:threshold=0.125:binbits=6:mapping=uniform:softdist=trilinear:feedback=0:prune=hamerly:seed=1:restarts=1:iter=20:miniter=0:polish_iter=0:feedback_slots=1:feedback_interval=1:sample_target=16384,end-to-end,measured,11,1,2,0.08326450013555586,'{img2sixel}' --threads=1 --precision=8bit --quality=full '--loaders=libpng!' --sampling-policy=full-frame --binning-policy=hard --quantize-model=kmeans:inittype=none:threshold=0.125:binbits=6:mapping=uniform:softdist=trilinear:feedback=0:prune=hamerly:seed=1:restarts=1:iter=20:miniter=0:polish_iter=0:feedback_slots=1:feedback_interval=1:sample_target=16384 -Xoklab -Wgamma --diffusion=none --gpu-policy=off --lookup-policy=none -F none -a off -p 128 -o '{devnull}' '{input}'
f2c138d8f6aa0a90c89d019f85eaf9bb3efa5edb,macOS-26.5.1-arm64-arm-64bit-Mach-O,images/snake.png,128,full-frame-exact,full-frame,exact,kmeans:inittype=none:threshold=0.125:binbits=6:mapping=uniform:softdist=trilinear:feedback=0:prune=hamerly:seed=1:restarts=1:iter=20:miniter=0:polish_iter=0:feedback_slots=1:feedback_interval=1:sample_target=16384,end-to-end,measured,11,1,3,0.23548237490467727,'{img2sixel}' --threads=1 --precision=8bit --quality=full '--loaders=libpng!' --sampling-policy=full-frame --binning-policy=exact --quantize-model=kmeans:inittype=none:threshold=0.125:binbits=6:mapping=uniform:softdist=trilinear:feedback=0:prune=hamerly:seed=1:restarts=1:iter=20:miniter=0:polish_iter=0:feedback_slots=1:feedback_interval=1:sample_target=16384 -Xoklab -Wgamma --diffusion=none --gpu-policy=off --lookup-policy=none -F none -a off -p 128 -o '{devnull}' '{input}'
f2c138d8f6aa0a90c89d019f85eaf9bb3efa5edb,macOS-26.5.1-arm64-arm-64bit-Mach-O,images/snake.png,128,full-frame-soft,full-frame,soft,kmeans:inittype=none:threshold=0.125:binbits=6:mapping=uniform:softdist=trilinear:feedback=0:prune=hamerly:seed=1:restarts=1:iter=20:miniter=0:polish_iter=0:feedback_slots=1:feedback_interval=1:sample_target=16384,end-to-end,measured,11,1,4,0.10057200002484024,'{img2sixel}' --threads=1 --precision=8bit --quality=full '--loaders=libpng!' --sampling-policy=full-frame --binning-policy=soft --quantize-model=kmeans:inittype=none:threshold=0.125:binbits=6:mapping=uniform:softdist=trilinear:feedback=0:prune=hamerly:seed=1:restarts=1:iter=20:miniter=0:polish_iter=0:feedback_slots=1:feedback_interval=1:sample_target=16384 -Xoklab -Wgamma --diffusion=none --gpu-policy=off --lookup-policy=none -F none -a off -p 128 -o '{devnull}' '{input}'
f2c138d8f6aa0a90c89d019f85eaf9bb3efa5edb,macOS-26.5.1-arm64-arm-64bit-Mach-O,images/snake.png,128,full-frame-hard,full-frame,hard,kmeans:inittype=none:threshold=0.125:binbits=6:mapping=uniform:softdist=trilinear:feedback=0:prune=hamerly:seed=1:restarts=1:iter=20:miniter=0:polish_iter=0:feedback_slots=1:feedback_interval=1:sample_target=16384,palette-build,washout,0,0,-1,0.011182,'{img2sixel}' --threads=1 --precision=8bit --quality=full '--loaders=libpng!' --sampling-policy=full-frame --binning-policy=hard --quantize-model=kmeans:inittype=none:threshold=0.125:binbits=6:mapping=uniform:softdist=trilinear:feedback=0:prune=hamerly:seed=1:restarts=1:iter=20:miniter=0:polish_iter=0:feedback_slots=1:feedback_interval=1:sample_target=16384 -Xoklab -Wgamma --diffusion=none --gpu-policy=off --lookup-policy=none -F none -a off -p 128 -J '{timeline}' -o '{devnull}' '{input}'
f2c138d8f6aa0a90c89d019f85eaf9bb3efa5edb,macOS-26.5.1-arm64-arm-64bit-Mach-O,images/snake.png,128,full-frame-hard,full-frame,hard,kmeans:inittype=none:threshold=0.125:binbits=6:mapping=uniform:softdist=trilinear:feedback=0:prune=hamerly:seed=1:restarts=1:iter=20:miniter=0:polish_iter=0:feedback_slots=1:feedback_interval=1:sample_target=16384,palette-build,warmup,0,0,0,0.011063000000000002,'{img2sixel}' --threads=1 --precision=8bit --quality=full '--loaders=libpng!' --sampling-policy=full-frame --binning-policy=hard --quantize-model=kmeans:inittype=none:threshold=0.125:binbits=6:mapping=uniform:softdist=trilinear:feedback=0:prune=hamerly:seed=1:restarts=1:iter=20:miniter=0:polish_iter=0:feedback_slots=1:feedback_interval=1:sample_target=16384 -Xoklab -Wgamma --diffusion=none --gpu-policy=off --lookup-policy=none -F none -a off -p 128 -J '{timeline}' -o '{devnull}' '{input}'
f2c138d8f6aa0a90c89d019f85eaf9bb3efa5edb,macOS-26.5.1-arm64-arm-64bit-Mach-O,images/snake.png,128,adaptive-grid-hard,adaptive-grid,hard,kmeans:inittype=none:threshold=0.125:binbits=6:mapping=uniform:softdist=trilinear:feedback=0:prune=hamerly:seed=1:restarts=1:iter=20:miniter=0:polish_iter=0:feedback_slots=1:feedback_interval=1:sample_target=16384,palette-build,warmup,0,0,1,0.0026409999999999993,'{img2sixel}' --threads=1 --precision=8bit --quality=full '--loaders=libpng!' --sampling-policy=adaptive-grid --binning-policy=hard --quantize-model=kmeans:inittype=none:threshold=0.125:binbits=6:mapping=uniform:softdist=trilinear:feedback=0:prune=hamerly:seed=1:restarts=1:iter=20:miniter=0:polish_iter=0:feedback_slots=1:feedback_interval=1:sample_target=16384 -Xoklab -Wgamma --diffusion=none --gpu-policy=off --lookup-policy=none -F none -a off -p 128 -J '{timeline}' -o '{devnull}' '{input}'
f2c138d8f6aa0a90c89d019f85eaf9bb3efa5edb,macOS-26.5.1-arm64-arm-64bit-Mach-O,images/snake.png,128,full-frame-soft,full-frame,soft,kmeans:inittype=none:threshold=0.125:binbits=6:mapping=uniform:softdist=trilinear:feedback=0:prune=hamerly:seed=1:restarts=1:iter=20:miniter=0:polish_iter=0:feedback_slots=1:feedback_interval=1:sample_target=16384,palette-build,warmup,0,0,2,0.022197,'{img2sixel}' --threads=1 --precision=8bit --quality=full '--loaders=libpng!' --sampling-policy=full-frame --binning-policy=soft --quantize-model=kmeans:inittype=none:threshold=0.125:binbits=6:mapping=uniform:softdist=trilinear:feedback=0:prune=hamerly:seed=1:restarts=1:iter=20:miniter=0:polish_iter=0:feedback_slots=1:feedback_interval=1:sample_target=16384 -Xoklab -Wgamma --diffusion=none --gpu-policy=off --lookup-policy=none -F none -a off -p 128 -J '{timeline}' -o '{devnull}' '{input}'
f2c138d8f6aa0a90c89d019f85eaf9bb3efa5edb,macOS-26.5.1-arm64-arm-64bit-Mach-O,images/snake.png,128,full-frame-none,full-frame,none,kmeans:inittype=none:threshold=0.125:binbits=6:mapping=uniform:softdist=trilinear:feedback=0:prune=hamerly:seed=1:restarts=1:iter=20:miniter=0:polish_iter=0:feedback_slots=1:feedback_interval=1:sample_target=16384,palette-build,warmup,0,0,3,0.49554299999999996,'{img2sixel}' --threads=1 --precision=8bit --quality=full '--loaders=libpng!' --sampling-policy=full-frame --binning-policy=none --quantize-model=kmeans:inittype=none:threshold=0.125:binbits=6:mapping=uniform:softdist=trilinear:feedback=0:prune=hamerly:seed=1:restarts=1:iter=20:miniter=0:polish_iter=0:feedback_slots=1:feedback_interval=1:sample_target=16384 -Xoklab -Wgamma --diffusion=none --gpu-policy=off --lookup-policy=none -F none -a off -p 128 -J '{timeline}' -o '{devnull}' '{input}'
f2c138d8f6aa0a90c89d019f85eaf9bb3efa5edb,macOS-26.5.1-arm64-arm-64bit-Mach-O,images/snake.png,128,full-frame-exact,full-frame,exact,kmeans:inittype=none:threshold=0.125:binbits=6:mapping=uniform:softdist=trilinear:feedback=0:prune=hamerly:seed=1:restarts=1:iter=20:miniter=0:polish_iter=0:feedback_slots=1:feedback_interval=1:sample_target=16384,palette-build,warmup,0,0,4,0.160722,'{img2sixel}' --threads=1 --precision=8bit --quality=full '--loaders=libpng!' --sampling-policy=full-frame --binning-policy=exact --quantize-model=kmeans:inittype=none:threshold=0.125:binbits=6:mapping=uniform:softdist=trilinear:feedback=0:prune=hamerly:seed=1:restarts=1:iter=20:miniter=0:polish_iter=0:feedback_slots=1:feedback_interval=1:sample_target=16384 -Xoklab -Wgamma --diffusion=none --gpu-policy=off --lookup-policy=none -F none -a off -p 128 -J '{timeline}' -o '{devnull}' '{input}'
f2c138d8f6aa0a90c89d019f85eaf9bb3efa5edb,macOS-26.5.1-arm64-arm-64bit-Mach-O,images/snake.png,128,full-frame-hard,full-frame,hard,kmeans:inittype=none:threshold=0.125:binbits=6:mapping=uniform:softdist=trilinear:feedback=0:prune=hamerly:seed=1:restarts=1:iter=20:miniter=0:polish_iter=0:feedback_slots=1:feedback_interval=1:sample_target=16384,palette-build,washout,1,1,-1,0.010964,'{img2sixel}' --threads=1 --precision=8bit --quality=full '--loaders=libpng!' --sampling-policy=full-frame --binning-policy=hard --quantize-model=kmeans:inittype=none:threshold=0.125:binbits=6:mapping=uniform:softdist=trilinear:feedback=0:prune=hamerly:seed=1:restarts=1:iter=20:miniter=0:polish_iter=0:feedback_slots=1:feedback_interval=1:sample_target=16384 -Xoklab -Wgamma --diffusion=none --gpu-policy=off --lookup-policy=none -F none -a off -p 128 -J '{timeline}' -o '{devnull}' '{input}'
f2c138d8f6aa0a90c89d019f85eaf9bb3efa5edb,macOS-26.5.1-arm64-arm-64bit-Mach-O,images/snake.png,128,adaptive-grid-hard,adaptive-grid,hard,kmeans:inittype=none:threshold=0.125:binbits=6:mapping=uniform:softdist=trilinear:feedback=0:prune=hamerly:seed=1:restarts=1:iter=20:miniter=0:polish_iter=0:feedback_slots=1:feedback_interval=1:sample_target=16384,palette-build,warmup,1,1,0,0.0026570000000000005,'{img2sixel}' --threads=1 --precision=8bit --quality=full '--loaders=libpng!' --sampling-policy=adaptive-grid --binning-policy=hard --quantize-model=kmeans:inittype=none:threshold=0.125:binbits=6:mapping=uniform:softdist=trilinear:feedback=0:prune=hamerly:seed=1:restarts=1:iter=20:miniter=0:polish_iter=0:feedback_slots=1:feedback_interval=1:sample_target=16384 -Xoklab -Wgamma --diffusion=none --gpu-policy=off --lookup-policy=none -F none -a off -p 128 -J '{timeline}' -o '{devnull}' '{input}'
f2c138d8f6aa0a90c89d019f85eaf9bb3efa5edb,macOS-26.5.1-arm64-arm-64bit-Mach-O,images/snake.png,128,full-frame-none,full-frame,none,kmeans:inittype=none:threshold=0.125:binbits=6:mapping=uniform:softdist=trilinear:feedback=0:prune=hamerly:seed=1:restarts=1:iter=20:miniter=0:polish_iter=0:feedback_slots=1:feedback_interval=1:sample_target=16384,palette-build,warmup,1,1,1,0.49703099999999995,'{img2sixel}' --threads=1 --precision=8bit --quality=full '--loaders=libpng!' --sampling-policy=full-frame --binning-policy=none --quantize-model=kmeans:inittype=none:threshold=0.125:binbits=6:mapping=uniform:softdist=trilinear:feedback=0:prune=hamerly:seed=1:restarts=1:iter=20:miniter=0:polish_iter=0:feedback_slots=1:feedback_interval=1:sample_target=16384 -Xoklab -Wgamma --diffusion=none --gpu-policy=off --lookup-policy=none -F none -a off -p 128 -J '{timeline}' -o '{devnull}' '{input}'
f2c138d8f6aa0a90c89d019f85eaf9bb3efa5edb,macOS-26.5.1-arm64-arm-64bit-Mach-O,images/snake.png,128,full-frame-hard,full-frame,hard,kmeans:inittype=none:threshold=0.125:binbits=6:mapping=uniform:softdist=trilinear:feedback=0:prune=hamerly:seed=1:restarts=1:iter=20:miniter=0:polish_iter=0:feedback_slots=1:feedback_interval=1:sample_target=16384,palette-build,warmup,1,1,2,0.011163000000000001,'{img2sixel}' --threads=1 --precision=8bit --quality=full '--loaders=libpng!' --sampling-policy=full-frame --binning-policy=hard --quantize-model=kmeans:inittype=none:threshold=0.125:binbits=6:mapping=uniform:softdist=trilinear:feedback=0:prune=hamerly:seed=1:restarts=1:iter=20:miniter=0:polish_iter=0:feedback_slots=1:feedback_interval=1:sample_target=16384 -Xoklab -Wgamma --diffusion=none --gpu-policy=off --lookup-policy=none -F none -a off -p 128 -J '{timeline}' -o '{devnull}' '{input}'
f2c138d8f6aa0a90c89d019f85eaf9bb3efa5edb,macOS-26.5.1-arm64-arm-64bit-Mach-O,images/snake.png,128,full-frame-exact,full-frame,exact,kmeans:inittype=none:threshold=0.125:binbits=6:mapping=uniform:softdist=trilinear:feedback=0:prune=hamerly:seed=1:restarts=1:iter=20:miniter=0:polish_iter=0:feedback_slots=1:feedback_interval=1:sample_target=16384,palette-build,warmup,1,1,3,0.159781,'{img2sixel}' --threads=1 --precision=8bit --quality=full '--loaders=libpng!' --sampling-policy=full-frame --binning-policy=exact --quantize-model=kmeans:inittype=none:threshold=0.125:binbits=6:mapping=uniform:softdist=trilinear:feedback=0:prune=hamerly:seed=1:restarts=1:iter=20:miniter=0:polish_iter=0:feedback_slots=1:feedback_interval=1:sample_target=16384 -Xoklab -Wgamma --diffusion=none --gpu-policy=off --lookup-policy=none -F none -a off -p 128 -J '{timeline}' -o '{devnull}' '{input}'
f2c138d8f6aa0a90c89d019f85eaf9bb3efa5edb,macOS-26.5.1-arm64-arm-64bit-Mach-O,images/snake.png,128,full-frame-soft,full-frame,soft,kmeans:inittype=none:threshold=0.125:binbits=6:mapping=uniform:softdist=trilinear:feedback=0:prune=hamerly:seed=1:restarts=1:iter=20:miniter=0:polish_iter=0:feedback_slots=1:feedback_interval=1:sample_target=16384,palette-build,warmup,1,1,4,0.022352999999999998,'{img2sixel}' --threads=1 --precision=8bit --quality=full '--loaders=libpng!' --sampling-policy=full-frame --binning-policy=soft --quantize-model=kmeans:inittype=none:threshold=0.125:binbits=6:mapping=uniform:softdist=trilinear:feedback=0:prune=hamerly:seed=1:restarts=1:iter=20:miniter=0:polish_iter=0:feedback_slots=1:feedback_interval=1:sample_target=16384 -Xoklab -Wgamma --diffusion=none --gpu-policy=off --lookup-policy=none -F none -a off -p 128 -J '{timeline}' -o '{devnull}' '{input}'
f2c138d8f6aa0a90c89d019f85eaf9bb3efa5edb,macOS-26.5.1-arm64-arm-64bit-Mach-O,images/snake.png,128,full-frame-hard,full-frame,hard,kmeans:inittype=none:threshold=0.125:binbits=6:mapping=uniform:softdist=trilinear:feedback=0:prune=hamerly:seed=1:restarts=1:iter=20:miniter=0:polish_iter=0:feedback_slots=1:feedback_interval=1:sample_target=16384,palette-build,washout,2,2,-1,0.01105,'{img2sixel}' --threads=1 --precision=8bit --quality=full '--loaders=libpng!' --sampling-policy=full-frame --binning-policy=hard --quantize-model=kmeans:inittype=none:threshold=0.125:binbits=6:mapping=uniform:softdist=trilinear:feedback=0:prune=hamerly:seed=1:restarts=1:iter=20:miniter=0:polish_iter=0:feedback_slots=1:feedback_interval=1:sample_target=16384 -Xoklab -Wgamma --diffusion=none --gpu-policy=off --lookup-policy=none -F none -a off -p 128 -J '{timeline}' -o '{devnull}' '{input}'
f2c138d8f6aa0a90c89d019f85eaf9bb3efa5edb,macOS-26.5.1-arm64-arm-64bit-Mach-O,images/snake.png,128,full-frame-none,full-frame,none,kmeans:inittype=none:threshold=0.125:binbits=6:mapping=uniform:softdist=trilinear:feedback=0:prune=hamerly:seed=1:restarts=1:iter=20:miniter=0:polish_iter=0:feedback_slots=1:feedback_interval=1:sample_target=16384,palette-build,measured,2,2,0,0.496633,'{img2sixel}' --threads=1 --precision=8bit --quality=full '--loaders=libpng!' --sampling-policy=full-frame --binning-policy=none --quantize-model=kmeans:inittype=none:threshold=0.125:binbits=6:mapping=uniform:softdist=trilinear:feedback=0:prune=hamerly:seed=1:restarts=1:iter=20:miniter=0:polish_iter=0:feedback_slots=1:feedback_interval=1:sample_target=16384 -Xoklab -Wgamma --diffusion=none --gpu-policy=off --lookup-policy=none -F none -a off -p 128 -J '{timeline}' -o '{devnull}' '{input}'
f2c138d8f6aa0a90c89d019f85eaf9bb3efa5edb,macOS-26.5.1-arm64-arm-64bit-Mach-O,images/snake.png,128,full-frame-exact,full-frame,exact,kmeans:inittype=none:threshold=0.125:binbits=6:mapping=uniform:softdist=trilinear:feedback=0:prune=hamerly:seed=1:restarts=1:iter=20:miniter=0:polish_iter=0:feedback_slots=1:feedback_interval=1:sample_target=16384,palette-build,measured,2,2,1,0.160522,'{img2sixel}' --threads=1 --precision=8bit --quality=full '--loaders=libpng!' --sampling-policy=full-frame --binning-policy=exact --quantize-model=kmeans:inittype=none:threshold=0.125:binbits=6:mapping=uniform:softdist=trilinear:feedback=0:prune=hamerly:seed=1:restarts=1:iter=20:miniter=0:polish_iter=0:feedback_slots=1:feedback_interval=1:sample_target=16384 -Xoklab -Wgamma --diffusion=none --gpu-policy=off --lookup-policy=none -F none -a off -p 128 -J '{timeline}' -o '{devnull}' '{input}'
f2c138d8f6aa0a90c89d019f85eaf9bb3efa5edb,macOS-26.5.1-arm64-arm-64bit-Mach-O,images/snake.png,128,adaptive-grid-hard,adaptive-grid,hard,kmeans:inittype=none:threshold=0.125:binbits=6:mapping=uniform:softdist=trilinear:feedback=0:prune=hamerly:seed=1:restarts=1:iter=20:miniter=0:polish_iter=0:feedback_slots=1:feedback_interval=1:sample_target=16384,palette-build,measured,2,2,2,0.0026590000000000008,'{img2sixel}' --threads=1 --precision=8bit --quality=full '--loaders=libpng!' --sampling-policy=adaptive-grid --binning-policy=hard --quantize-model=kmeans:inittype=none:threshold=0.125:binbits=6:mapping=uniform:softdist=trilinear:feedback=0:prune=hamerly:seed=1:restarts=1:iter=20:miniter=0:polish_iter=0:feedback_slots=1:feedback_interval=1:sample_target=16384 -Xoklab -Wgamma --diffusion=none --gpu-policy=off --lookup-policy=none -F none -a off -p 128 -J '{timeline}' -o '{devnull}' '{input}'
f2c138d8f6aa0a90c89d019f85eaf9bb3efa5edb,macOS-26.5.1-arm64-arm-64bit-Mach-O,images/snake.png,128,full-frame-soft,full-frame,soft,kmeans:inittype=none:threshold=0.125:binbits=6:mapping=uniform:softdist=trilinear:feedback=0:prune=hamerly:seed=1:restarts=1:iter=20:miniter=0:polish_iter=0:feedback_slots=1:feedback_interval=1:sample_target=16384,palette-build,measured,2,2,3,0.022293,'{img2sixel}' --threads=1 --precision=8bit --quality=full '--loaders=libpng!' --sampling-policy=full-frame --binning-policy=soft --quantize-model=kmeans:inittype=none:threshold=0.125:binbits=6:mapping=uniform:softdist=trilinear:feedback=0:prune=hamerly:seed=1:restarts=1:iter=20:miniter=0:polish_iter=0:feedback_slots=1:feedback_interval=1:sample_target=16384 -Xoklab -Wgamma --diffusion=none --gpu-policy=off --lookup-policy=none -F none -a off -p 128 -J '{timeline}' -o '{devnull}' '{input}'
f2c138d8f6aa0a90c89d019f85eaf9bb3efa5edb,macOS-26.5.1-arm64-arm-64bit-Mach-O,images/snake.png,128,full-frame-hard,full-frame,hard,kmeans:inittype=none:threshold=0.125:binbits=6:mapping=uniform:softdist=trilinear:feedback=0:prune=hamerly:seed=1:restarts=1:iter=20:miniter=0:polish_iter=0:feedback_slots=1:feedback_interval=1:sample_target=16384,palette-build,measured,2,2,4,0.011042,'{img2sixel}' --threads=1 --precision=8bit --quality=full '--loaders=libpng!' --sampling-policy=full-frame --binning-policy=hard --quantize-model=kmeans:inittype=none:threshold=0.125:binbits=6:mapping=uniform:softdist=trilinear:feedback=0:prune=hamerly:seed=1:restarts=1:iter=20:miniter=0:polish_iter=0:feedback_slots=1:feedback_interval=1:sample_target=16384 -Xoklab -Wgamma --diffusion=none --gpu-policy=off --lookup-policy=none -F none -a off -p 128 -J '{timeline}' -o '{devnull}' '{input}'
f2c138d8f6aa0a90c89d019f85eaf9bb3efa5edb,macOS-26.5.1-arm64-arm-64bit-Mach-O,images/snake.png,128,full-frame-hard,full-frame,hard,kmeans:inittype=none:threshold=0.125:binbits=6:mapping=uniform:softdist=trilinear:feedback=0:prune=hamerly:seed=1:restarts=1:iter=20:miniter=0:polish_iter=0:feedback_slots=1:feedback_interval=1:sample_target=16384,palette-build,washout,3,3,-1,0.011124000000000002,'{img2sixel}' --threads=1 --precision=8bit --quality=full '--loaders=libpng!' --sampling-policy=full-frame --binning-policy=hard --quantize-model=kmeans:inittype=none:threshold=0.125:binbits=6:mapping=uniform:softdist=trilinear:feedback=0:prune=hamerly:seed=1:restarts=1:iter=20:miniter=0:polish_iter=0:feedback_slots=1:feedback_interval=1:sample_target=16384 -Xoklab -Wgamma --diffusion=none --gpu-policy=off --lookup-policy=none -F none -a off -p 128 -J '{timeline}' -o '{devnull}' '{input}'
f2c138d8f6aa0a90c89d019f85eaf9bb3efa5edb,macOS-26.5.1-arm64-arm-64bit-Mach-O,images/snake.png,128,full-frame-exact,full-frame,exact,kmeans:inittype=none:threshold=0.125:binbits=6:mapping=uniform:softdist=trilinear:feedback=0:prune=hamerly:seed=1:restarts=1:iter=20:miniter=0:polish_iter=0:feedback_slots=1:feedback_interval=1:sample_target=16384,palette-build,measured,3,3,0,0.159588,'{img2sixel}' --threads=1 --precision=8bit --quality=full '--loaders=libpng!' --sampling-policy=full-frame --binning-policy=exact --quantize-model=kmeans:inittype=none:threshold=0.125:binbits=6:mapping=uniform:softdist=trilinear:feedback=0:prune=hamerly:seed=1:restarts=1:iter=20:miniter=0:polish_iter=0:feedback_slots=1:feedback_interval=1:sample_target=16384 -Xoklab -Wgamma --diffusion=none --gpu-policy=off --lookup-policy=none -F none -a off -p 128 -J '{timeline}' -o '{devnull}' '{input}'
f2c138d8f6aa0a90c89d019f85eaf9bb3efa5edb,macOS-26.5.1-arm64-arm-64bit-Mach-O,images/snake.png,128,full-frame-soft,full-frame,soft,kmeans:inittype=none:threshold=0.125:binbits=6:mapping=uniform:softdist=trilinear:feedback=0:prune=hamerly:seed=1:restarts=1:iter=20:miniter=0:polish_iter=0:feedback_slots=1:feedback_interval=1:sample_target=16384,palette-build,measured,3,3,1,0.022208000000000002,'{img2sixel}' --threads=1 --precision=8bit --quality=full '--loaders=libpng!' --sampling-policy=full-frame --binning-policy=soft --quantize-model=kmeans:inittype=none:threshold=0.125:binbits=6:mapping=uniform:softdist=trilinear:feedback=0:prune=hamerly:seed=1:restarts=1:iter=20:miniter=0:polish_iter=0:feedback_slots=1:feedback_interval=1:sample_target=16384 -Xoklab -Wgamma --diffusion=none --gpu-policy=off --lookup-policy=none -F none -a off -p 128 -J '{timeline}' -o '{devnull}' '{input}'
f2c138d8f6aa0a90c89d019f85eaf9bb3efa5edb,macOS-26.5.1-arm64-arm-64bit-Mach-O,images/snake.png,128,full-frame-none,full-frame,none,kmeans:inittype=none:threshold=0.125:binbits=6:mapping=uniform:softdist=trilinear:feedback=0:prune=hamerly:seed=1:restarts=1:iter=20:miniter=0:polish_iter=0:feedback_slots=1:feedback_interval=1:sample_target=16384,palette-build,measured,3,3,2,0.49755400000000005,'{img2sixel}' --threads=1 --precision=8bit --quality=full '--loaders=libpng!' --sampling-policy=full-frame --binning-policy=none --quantize-model=kmeans:inittype=none:threshold=0.125:binbits=6:mapping=uniform:softdist=trilinear:feedback=0:prune=hamerly:seed=1:restarts=1:iter=20:miniter=0:polish_iter=0:feedback_slots=1:feedback_interval=1:sample_target=16384 -Xoklab -Wgamma --diffusion=none --gpu-policy=off --lookup-policy=none -F none -a off -p 128 -J '{timeline}' -o '{devnull}' '{input}'
f2c138d8f6aa0a90c89d019f85eaf9bb3efa5edb,macOS-26.5.1-arm64-arm-64bit-Mach-O,images/snake.png,128,full-frame-hard,full-frame,hard,kmeans:inittype=none:threshold=0.125:binbits=6:mapping=uniform:softdist=trilinear:feedback=0:prune=hamerly:seed=1:restarts=1:iter=20:miniter=0:polish_iter=0:feedback_slots=1:feedback_interval=1:sample_target=16384,palette-build,measured,3,3,3,0.011141999999999999,'{img2sixel}' --threads=1 --precision=8bit --quality=full '--loaders=libpng!' --sampling-policy=full-frame --binning-policy=hard --quantize-model=kmeans:inittype=none:threshold=0.125:binbits=6:mapping=uniform:softdist=trilinear:feedback=0:prune=hamerly:seed=1:restarts=1:iter=20:miniter=0:polish_iter=0:feedback_slots=1:feedback_interval=1:sample_target=16384 -Xoklab -Wgamma --diffusion=none --gpu-policy=off --lookup-policy=none -F none -a off -p 128 -J '{timeline}' -o '{devnull}' '{input}'
f2c138d8f6aa0a90c89d019f85eaf9bb3efa5edb,macOS-26.5.1-arm64-arm-64bit-Mach-O,images/snake.png,128,adaptive-grid-hard,adaptive-grid,hard,kmeans:inittype=none:threshold=0.125:binbits=6:mapping=uniform:softdist=trilinear:feedback=0:prune=hamerly:seed=1:restarts=1:iter=20:miniter=0:polish_iter=0:feedback_slots=1:feedback_interval=1:sample_target=16384,palette-build,measured,3,3,4,0.0026549999999999994,'{img2sixel}' --threads=1 --precision=8bit --quality=full '--loaders=libpng!' --sampling-policy=adaptive-grid --binning-policy=hard --quantize-model=kmeans:inittype=none:threshold=0.125:binbits=6:mapping=uniform:softdist=trilinear:feedback=0:prune=hamerly:seed=1:restarts=1:iter=20:miniter=0:polish_iter=0:feedback_slots=1:feedback_interval=1:sample_target=16384 -Xoklab -Wgamma --diffusion=none --gpu-policy=off --lookup-policy=none -F none -a off -p 128 -J '{timeline}' -o '{devnull}' '{input}'
f2c138d8f6aa0a90c89d019f85eaf9bb3efa5edb,macOS-26.5.1-arm64-arm-64bit-Mach-O,images/snake.png,128,full-frame-hard,full-frame,hard,kmeans:inittype=none:threshold=0.125:binbits=6:mapping=uniform:softdist=trilinear:feedback=0:prune=hamerly:seed=1:restarts=1:iter=20:miniter=0:polish_iter=0:feedback_slots=1:feedback_interval=1:sample_target=16384,palette-build,washout,4,4,-1,0.011019000000000001,'{img2sixel}' --threads=1 --precision=8bit --quality=full '--loaders=libpng!' --sampling-policy=full-frame --binning-policy=hard --quantize-model=kmeans:inittype=none:threshold=0.125:binbits=6:mapping=uniform:softdist=trilinear:feedback=0:prune=hamerly:seed=1:restarts=1:iter=20:miniter=0:polish_iter=0:feedback_slots=1:feedback_interval=1:sample_target=16384 -Xoklab -Wgamma --diffusion=none --gpu-policy=off --lookup-policy=none -F none -a off -p 128 -J '{timeline}' -o '{devnull}' '{input}'
f2c138d8f6aa0a90c89d019f85eaf9bb3efa5edb,macOS-26.5.1-arm64-arm-64bit-Mach-O,images/snake.png,128,full-frame-soft,full-frame,soft,kmeans:inittype=none:threshold=0.125:binbits=6:mapping=uniform:softdist=trilinear:feedback=0:prune=hamerly:seed=1:restarts=1:iter=20:miniter=0:polish_iter=0:feedback_slots=1:feedback_interval=1:sample_target=16384,palette-build,measured,4,4,0,0.022195000000000003,'{img2sixel}' --threads=1 --precision=8bit --quality=full '--loaders=libpng!' --sampling-policy=full-frame --binning-policy=soft --quantize-model=kmeans:inittype=none:threshold=0.125:binbits=6:mapping=uniform:softdist=trilinear:feedback=0:prune=hamerly:seed=1:restarts=1:iter=20:miniter=0:polish_iter=0:feedback_slots=1:feedback_interval=1:sample_target=16384 -Xoklab -Wgamma --diffusion=none --gpu-policy=off --lookup-policy=none -F none -a off -p 128 -J '{timeline}' -o '{devnull}' '{input}'
f2c138d8f6aa0a90c89d019f85eaf9bb3efa5edb,macOS-26.5.1-arm64-arm-64bit-Mach-O,images/snake.png,128,full-frame-hard,full-frame,hard,kmeans:inittype=none:threshold=0.125:binbits=6:mapping=uniform:softdist=trilinear:feedback=0:prune=hamerly:seed=1:restarts=1:iter=20:miniter=0:polish_iter=0:feedback_slots=1:feedback_interval=1:sample_target=16384,palette-build,measured,4,4,1,0.010971999999999999,'{img2sixel}' --threads=1 --precision=8bit --quality=full '--loaders=libpng!' --sampling-policy=full-frame --binning-policy=hard --quantize-model=kmeans:inittype=none:threshold=0.125:binbits=6:mapping=uniform:softdist=trilinear:feedback=0:prune=hamerly:seed=1:restarts=1:iter=20:miniter=0:polish_iter=0:feedback_slots=1:feedback_interval=1:sample_target=16384 -Xoklab -Wgamma --diffusion=none --gpu-policy=off --lookup-policy=none -F none -a off -p 128 -J '{timeline}' -o '{devnull}' '{input}'
f2c138d8f6aa0a90c89d019f85eaf9bb3efa5edb,macOS-26.5.1-arm64-arm-64bit-Mach-O,images/snake.png,128,full-frame-exact,full-frame,exact,kmeans:inittype=none:threshold=0.125:binbits=6:mapping=uniform:softdist=trilinear:feedback=0:prune=hamerly:seed=1:restarts=1:iter=20:miniter=0:polish_iter=0:feedback_slots=1:feedback_interval=1:sample_target=16384,palette-build,measured,4,4,2,0.159985,'{img2sixel}' --threads=1 --precision=8bit --quality=full '--loaders=libpng!' --sampling-policy=full-frame --binning-policy=exact --quantize-model=kmeans:inittype=none:threshold=0.125:binbits=6:mapping=uniform:softdist=trilinear:feedback=0:prune=hamerly:seed=1:restarts=1:iter=20:miniter=0:polish_iter=0:feedback_slots=1:feedback_interval=1:sample_target=16384 -Xoklab -Wgamma --diffusion=none --gpu-policy=off --lookup-policy=none -F none -a off -p 128 -J '{timeline}' -o '{devnull}' '{input}'
f2c138d8f6aa0a90c89d019f85eaf9bb3efa5edb,macOS-26.5.1-arm64-arm-64bit-Mach-O,images/snake.png,128,adaptive-grid-hard,adaptive-grid,hard,kmeans:inittype=none:threshold=0.125:binbits=6:mapping=uniform:softdist=trilinear:feedback=0:prune=hamerly:seed=1:restarts=1:iter=20:miniter=0:polish_iter=0:feedback_slots=1:feedback_interval=1:sample_target=16384,palette-build,measured,4,4,3,0.002666000000000001,'{img2sixel}' --threads=1 --precision=8bit --quality=full '--loaders=libpng!' --sampling-policy=adaptive-grid --binning-policy=hard --quantize-model=kmeans:inittype=none:threshold=0.125:binbits=6:mapping=uniform:softdist=trilinear:feedback=0:prune=hamerly:seed=1:restarts=1:iter=20:miniter=0:polish_iter=0:feedback_slots=1:feedback_interval=1:sample_target=16384 -Xoklab -Wgamma --diffusion=none --gpu-policy=off --lookup-policy=none -F none -a off -p 128 -J '{timeline}' -o '{devnull}' '{input}'
f2c138d8f6aa0a90c89d019f85eaf9bb3efa5edb,macOS-26.5.1-arm64-arm-64bit-Mach-O,images/snake.png,128,full-frame-none,full-frame,none,kmeans:inittype=none:threshold=0.125:binbits=6:mapping=uniform:softdist=trilinear:feedback=0:prune=hamerly:seed=1:restarts=1:iter=20:miniter=0:polish_iter=0:feedback_slots=1:feedback_interval=1:sample_target=16384,palette-build,measured,4,4,4,0.49686499999999995,'{img2sixel}' --threads=1 --precision=8bit --quality=full '--loaders=libpng!' --sampling-policy=full-frame --binning-policy=none --quantize-model=kmeans:inittype=none:threshold=0.125:binbits=6:mapping=uniform:softdist=trilinear:feedback=0:prune=hamerly:seed=1:restarts=1:iter=20:miniter=0:polish_iter=0:feedback_slots=1:feedback_interval=1:sample_target=16384 -Xoklab -Wgamma --diffusion=none --gpu-policy=off --lookup-policy=none -F none -a off -p 128 -J '{timeline}' -o '{devnull}' '{input}'
f2c138d8f6aa0a90c89d019f85eaf9bb3efa5edb,macOS-26.5.1-arm64-arm-64bit-Mach-O,images/snake.png,128,full-frame-hard,full-frame,hard,kmeans:inittype=none:threshold=0.125:binbits=6:mapping=uniform:softdist=trilinear:feedback=0:prune=hamerly:seed=1:restarts=1:iter=20:miniter=0:polish_iter=0:feedback_slots=1:feedback_interval=1:sample_target=16384,palette-build,washout,5,5,-1,0.010969,'{img2sixel}' --threads=1 --precision=8bit --quality=full '--loaders=libpng!' --sampling-policy=full-frame --binning-policy=hard --quantize-model=kmeans:inittype=none:threshold=0.125:binbits=6:mapping=uniform:softdist=trilinear:feedback=0:prune=hamerly:seed=1:restarts=1:iter=20:miniter=0:polish_iter=0:feedback_slots=1:feedback_interval=1:sample_target=16384 -Xoklab -Wgamma --diffusion=none --gpu-policy=off --lookup-policy=none -F none -a off -p 128 -J '{timeline}' -o '{devnull}' '{input}'
f2c138d8f6aa0a90c89d019f85eaf9bb3efa5edb,macOS-26.5.1-arm64-arm-64bit-Mach-O,images/snake.png,128,full-frame-exact,full-frame,exact,kmeans:inittype=none:threshold=0.125:binbits=6:mapping=uniform:softdist=trilinear:feedback=0:prune=hamerly:seed=1:restarts=1:iter=20:miniter=0:polish_iter=0:feedback_slots=1:feedback_interval=1:sample_target=16384,palette-build,measured,5,5,0,0.159858,'{img2sixel}' --threads=1 --precision=8bit --quality=full '--loaders=libpng!' --sampling-policy=full-frame --binning-policy=exact --quantize-model=kmeans:inittype=none:threshold=0.125:binbits=6:mapping=uniform:softdist=trilinear:feedback=0:prune=hamerly:seed=1:restarts=1:iter=20:miniter=0:polish_iter=0:feedback_slots=1:feedback_interval=1:sample_target=16384 -Xoklab -Wgamma --diffusion=none --gpu-policy=off --lookup-policy=none -F none -a off -p 128 -J '{timeline}' -o '{devnull}' '{input}'
f2c138d8f6aa0a90c89d019f85eaf9bb3efa5edb,macOS-26.5.1-arm64-arm-64bit-Mach-O,images/snake.png,128,full-frame-none,full-frame,none,kmeans:inittype=none:threshold=0.125:binbits=6:mapping=uniform:softdist=trilinear:feedback=0:prune=hamerly:seed=1:restarts=1:iter=20:miniter=0:polish_iter=0:feedback_slots=1:feedback_interval=1:sample_target=16384,palette-build,measured,5,5,1,0.496178,'{img2sixel}' --threads=1 --precision=8bit --quality=full '--loaders=libpng!' --sampling-policy=full-frame --binning-policy=none --quantize-model=kmeans:inittype=none:threshold=0.125:binbits=6:mapping=uniform:softdist=trilinear:feedback=0:prune=hamerly:seed=1:restarts=1:iter=20:miniter=0:polish_iter=0:feedback_slots=1:feedback_interval=1:sample_target=16384 -Xoklab -Wgamma --diffusion=none --gpu-policy=off --lookup-policy=none -F none -a off -p 128 -J '{timeline}' -o '{devnull}' '{input}'
f2c138d8f6aa0a90c89d019f85eaf9bb3efa5edb,macOS-26.5.1-arm64-arm-64bit-Mach-O,images/snake.png,128,full-frame-soft,full-frame,soft,kmeans:inittype=none:threshold=0.125:binbits=6:mapping=uniform:softdist=trilinear:feedback=0:prune=hamerly:seed=1:restarts=1:iter=20:miniter=0:polish_iter=0:feedback_slots=1:feedback_interval=1:sample_target=16384,palette-build,measured,5,5,2,0.02223,'{img2sixel}' --threads=1 --precision=8bit --quality=full '--loaders=libpng!' --sampling-policy=full-frame --binning-policy=soft --quantize-model=kmeans:inittype=none:threshold=0.125:binbits=6:mapping=uniform:softdist=trilinear:feedback=0:prune=hamerly:seed=1:restarts=1:iter=20:miniter=0:polish_iter=0:feedback_slots=1:feedback_interval=1:sample_target=16384 -Xoklab -Wgamma --diffusion=none --gpu-policy=off --lookup-policy=none -F none -a off -p 128 -J '{timeline}' -o '{devnull}' '{input}'
f2c138d8f6aa0a90c89d019f85eaf9bb3efa5edb,macOS-26.5.1-arm64-arm-64bit-Mach-O,images/snake.png,128,adaptive-grid-hard,adaptive-grid,hard,kmeans:inittype=none:threshold=0.125:binbits=6:mapping=uniform:softdist=trilinear:feedback=0:prune=hamerly:seed=1:restarts=1:iter=20:miniter=0:polish_iter=0:feedback_slots=1:feedback_interval=1:sample_target=16384,palette-build,measured,5,5,3,0.0026310000000000005,'{img2sixel}' --threads=1 --precision=8bit --quality=full '--loaders=libpng!' --sampling-policy=adaptive-grid --binning-policy=hard --quantize-model=kmeans:inittype=none:threshold=0.125:binbits=6:mapping=uniform:softdist=trilinear:feedback=0:prune=hamerly:seed=1:restarts=1:iter=20:miniter=0:polish_iter=0:feedback_slots=1:feedback_interval=1:sample_target=16384 -Xoklab -Wgamma --diffusion=none --gpu-policy=off --lookup-policy=none -F none -a off -p 128 -J '{timeline}' -o '{devnull}' '{input}'
f2c138d8f6aa0a90c89d019f85eaf9bb3efa5edb,macOS-26.5.1-arm64-arm-64bit-Mach-O,images/snake.png,128,full-frame-hard,full-frame,hard,kmeans:inittype=none:threshold=0.125:binbits=6:mapping=uniform:softdist=trilinear:feedback=0:prune=hamerly:seed=1:restarts=1:iter=20:miniter=0:polish_iter=0:feedback_slots=1:feedback_interval=1:sample_target=16384,palette-build,measured,5,5,4,0.011042,'{img2sixel}' --threads=1 --precision=8bit --quality=full '--loaders=libpng!' --sampling-policy=full-frame --binning-policy=hard --quantize-model=kmeans:inittype=none:threshold=0.125:binbits=6:mapping=uniform:softdist=trilinear:feedback=0:prune=hamerly:seed=1:restarts=1:iter=20:miniter=0:polish_iter=0:feedback_slots=1:feedback_interval=1:sample_target=16384 -Xoklab -Wgamma --diffusion=none --gpu-policy=off --lookup-policy=none -F none -a off -p 128 -J '{timeline}' -o '{devnull}' '{input}'
f2c138d8f6aa0a90c89d019f85eaf9bb3efa5edb,macOS-26.5.1-arm64-arm-64bit-Mach-O,images/snake.png,128,full-frame-hard,full-frame,hard,kmeans:inittype=none:threshold=0.125:binbits=6:mapping=uniform:softdist=trilinear:feedback=0:prune=hamerly:seed=1:restarts=1:iter=20:miniter=0:polish_iter=0:feedback_slots=1:feedback_interval=1:sample_target=16384,palette-build,washout,6,6,-1,0.011014,'{img2sixel}' --threads=1 --precision=8bit --quality=full '--loaders=libpng!' --sampling-policy=full-frame --binning-policy=hard --quantize-model=kmeans:inittype=none:threshold=0.125:binbits=6:mapping=uniform:softdist=trilinear:feedback=0:prune=hamerly:seed=1:restarts=1:iter=20:miniter=0:polish_iter=0:feedback_slots=1:feedback_interval=1:sample_target=16384 -Xoklab -Wgamma --diffusion=none --gpu-policy=off --lookup-policy=none -F none -a off -p 128 -J '{timeline}' -o '{devnull}' '{input}'
f2c138d8f6aa0a90c89d019f85eaf9bb3efa5edb,macOS-26.5.1-arm64-arm-64bit-Mach-O,images/snake.png,128,full-frame-soft,full-frame,soft,kmeans:inittype=none:threshold=0.125:binbits=6:mapping=uniform:softdist=trilinear:feedback=0:prune=hamerly:seed=1:restarts=1:iter=20:miniter=0:polish_iter=0:feedback_slots=1:feedback_interval=1:sample_target=16384,palette-build,measured,6,6,0,0.022272999999999998,'{img2sixel}' --threads=1 --precision=8bit --quality=full '--loaders=libpng!' --sampling-policy=full-frame --binning-policy=soft --quantize-model=kmeans:inittype=none:threshold=0.125:binbits=6:mapping=uniform:softdist=trilinear:feedback=0:prune=hamerly:seed=1:restarts=1:iter=20:miniter=0:polish_iter=0:feedback_slots=1:feedback_interval=1:sample_target=16384 -Xoklab -Wgamma --diffusion=none --gpu-policy=off --lookup-policy=none -F none -a off -p 128 -J '{timeline}' -o '{devnull}' '{input}'
f2c138d8f6aa0a90c89d019f85eaf9bb3efa5edb,macOS-26.5.1-arm64-arm-64bit-Mach-O,images/snake.png,128,full-frame-exact,full-frame,exact,kmeans:inittype=none:threshold=0.125:binbits=6:mapping=uniform:softdist=trilinear:feedback=0:prune=hamerly:seed=1:restarts=1:iter=20:miniter=0:polish_iter=0:feedback_slots=1:feedback_interval=1:sample_target=16384,palette-build,measured,6,6,1,0.163275,'{img2sixel}' --threads=1 --precision=8bit --quality=full '--loaders=libpng!' --sampling-policy=full-frame --binning-policy=exact --quantize-model=kmeans:inittype=none:threshold=0.125:binbits=6:mapping=uniform:softdist=trilinear:feedback=0:prune=hamerly:seed=1:restarts=1:iter=20:miniter=0:polish_iter=0:feedback_slots=1:feedback_interval=1:sample_target=16384 -Xoklab -Wgamma --diffusion=none --gpu-policy=off --lookup-policy=none -F none -a off -p 128 -J '{timeline}' -o '{devnull}' '{input}'
f2c138d8f6aa0a90c89d019f85eaf9bb3efa5edb,macOS-26.5.1-arm64-arm-64bit-Mach-O,images/snake.png,128,full-frame-hard,full-frame,hard,kmeans:inittype=none:threshold=0.125:binbits=6:mapping=uniform:softdist=trilinear:feedback=0:prune=hamerly:seed=1:restarts=1:iter=20:miniter=0:polish_iter=0:feedback_slots=1:feedback_interval=1:sample_target=16384,palette-build,measured,6,6,2,0.010896000000000001,'{img2sixel}' --threads=1 --precision=8bit --quality=full '--loaders=libpng!' --sampling-policy=full-frame --binning-policy=hard --quantize-model=kmeans:inittype=none:threshold=0.125:binbits=6:mapping=uniform:softdist=trilinear:feedback=0:prune=hamerly:seed=1:restarts=1:iter=20:miniter=0:polish_iter=0:feedback_slots=1:feedback_interval=1:sample_target=16384 -Xoklab -Wgamma --diffusion=none --gpu-policy=off --lookup-policy=none -F none -a off -p 128 -J '{timeline}' -o '{devnull}' '{input}'
f2c138d8f6aa0a90c89d019f85eaf9bb3efa5edb,macOS-26.5.1-arm64-arm-64bit-Mach-O,images/snake.png,128,full-frame-none,full-frame,none,kmeans:inittype=none:threshold=0.125:binbits=6:mapping=uniform:softdist=trilinear:feedback=0:prune=hamerly:seed=1:restarts=1:iter=20:miniter=0:polish_iter=0:feedback_slots=1:feedback_interval=1:sample_target=16384,palette-build,measured,6,6,3,0.49919900000000006,'{img2sixel}' --threads=1 --precision=8bit --quality=full '--loaders=libpng!' --sampling-policy=full-frame --binning-policy=none --quantize-model=kmeans:inittype=none:threshold=0.125:binbits=6:mapping=uniform:softdist=trilinear:feedback=0:prune=hamerly:seed=1:restarts=1:iter=20:miniter=0:polish_iter=0:feedback_slots=1:feedback_interval=1:sample_target=16384 -Xoklab -Wgamma --diffusion=none --gpu-policy=off --lookup-policy=none -F none -a off -p 128 -J '{timeline}' -o '{devnull}' '{input}'
f2c138d8f6aa0a90c89d019f85eaf9bb3efa5edb,macOS-26.5.1-arm64-arm-64bit-Mach-O,images/snake.png,128,adaptive-grid-hard,adaptive-grid,hard,kmeans:inittype=none:threshold=0.125:binbits=6:mapping=uniform:softdist=trilinear:feedback=0:prune=hamerly:seed=1:restarts=1:iter=20:miniter=0:polish_iter=0:feedback_slots=1:feedback_interval=1:sample_target=16384,palette-build,measured,6,6,4,0.0031940000000000007,'{img2sixel}' --threads=1 --precision=8bit --quality=full '--loaders=libpng!' --sampling-policy=adaptive-grid --binning-policy=hard --quantize-model=kmeans:inittype=none:threshold=0.125:binbits=6:mapping=uniform:softdist=trilinear:feedback=0:prune=hamerly:seed=1:restarts=1:iter=20:miniter=0:polish_iter=0:feedback_slots=1:feedback_interval=1:sample_target=16384 -Xoklab -Wgamma --diffusion=none --gpu-policy=off --lookup-policy=none -F none -a off -p 128 -J '{timeline}' -o '{devnull}' '{input}'
f2c138d8f6aa0a90c89d019f85eaf9bb3efa5edb,macOS-26.5.1-arm64-arm-64bit-Mach-O,images/snake.png,128,full-frame-hard,full-frame,hard,kmeans:inittype=none:threshold=0.125:binbits=6:mapping=uniform:softdist=trilinear:feedback=0:prune=hamerly:seed=1:restarts=1:iter=20:miniter=0:polish_iter=0:feedback_slots=1:feedback_interval=1:sample_target=16384,palette-build,washout,7,7,-1,0.011143,'{img2sixel}' --threads=1 --precision=8bit --quality=full '--loaders=libpng!' --sampling-policy=full-frame --binning-policy=hard --quantize-model=kmeans:inittype=none:threshold=0.125:binbits=6:mapping=uniform:softdist=trilinear:feedback=0:prune=hamerly:seed=1:restarts=1:iter=20:miniter=0:polish_iter=0:feedback_slots=1:feedback_interval=1:sample_target=16384 -Xoklab -Wgamma --diffusion=none --gpu-policy=off --lookup-policy=none -F none -a off -p 128 -J '{timeline}' -o '{devnull}' '{input}'
f2c138d8f6aa0a90c89d019f85eaf9bb3efa5edb,macOS-26.5.1-arm64-arm-64bit-Mach-O,images/snake.png,128,full-frame-hard,full-frame,hard,kmeans:inittype=none:threshold=0.125:binbits=6:mapping=uniform:softdist=trilinear:feedback=0:prune=hamerly:seed=1:restarts=1:iter=20:miniter=0:polish_iter=0:feedback_slots=1:feedback_interval=1:sample_target=16384,palette-build,measured,7,7,0,0.01107,'{img2sixel}' --threads=1 --precision=8bit --quality=full '--loaders=libpng!' --sampling-policy=full-frame --binning-policy=hard --quantize-model=kmeans:inittype=none:threshold=0.125:binbits=6:mapping=uniform:softdist=trilinear:feedback=0:prune=hamerly:seed=1:restarts=1:iter=20:miniter=0:polish_iter=0:feedback_slots=1:feedback_interval=1:sample_target=16384 -Xoklab -Wgamma --diffusion=none --gpu-policy=off --lookup-policy=none -F none -a off -p 128 -J '{timeline}' -o '{devnull}' '{input}'
f2c138d8f6aa0a90c89d019f85eaf9bb3efa5edb,macOS-26.5.1-arm64-arm-64bit-Mach-O,images/snake.png,128,full-frame-soft,full-frame,soft,kmeans:inittype=none:threshold=0.125:binbits=6:mapping=uniform:softdist=trilinear:feedback=0:prune=hamerly:seed=1:restarts=1:iter=20:miniter=0:polish_iter=0:feedback_slots=1:feedback_interval=1:sample_target=16384,palette-build,measured,7,7,1,0.022459,'{img2sixel}' --threads=1 --precision=8bit --quality=full '--loaders=libpng!' --sampling-policy=full-frame --binning-policy=soft --quantize-model=kmeans:inittype=none:threshold=0.125:binbits=6:mapping=uniform:softdist=trilinear:feedback=0:prune=hamerly:seed=1:restarts=1:iter=20:miniter=0:polish_iter=0:feedback_slots=1:feedback_interval=1:sample_target=16384 -Xoklab -Wgamma --diffusion=none --gpu-policy=off --lookup-policy=none -F none -a off -p 128 -J '{timeline}' -o '{devnull}' '{input}'
f2c138d8f6aa0a90c89d019f85eaf9bb3efa5edb,macOS-26.5.1-arm64-arm-64bit-Mach-O,images/snake.png,128,adaptive-grid-hard,adaptive-grid,hard,kmeans:inittype=none:threshold=0.125:binbits=6:mapping=uniform:softdist=trilinear:feedback=0:prune=hamerly:seed=1:restarts=1:iter=20:miniter=0:polish_iter=0:feedback_slots=1:feedback_interval=1:sample_target=16384,palette-build,measured,7,7,2,0.0026450000000000006,'{img2sixel}' --threads=1 --precision=8bit --quality=full '--loaders=libpng!' --sampling-policy=adaptive-grid --binning-policy=hard --quantize-model=kmeans:inittype=none:threshold=0.125:binbits=6:mapping=uniform:softdist=trilinear:feedback=0:prune=hamerly:seed=1:restarts=1:iter=20:miniter=0:polish_iter=0:feedback_slots=1:feedback_interval=1:sample_target=16384 -Xoklab -Wgamma --diffusion=none --gpu-policy=off --lookup-policy=none -F none -a off -p 128 -J '{timeline}' -o '{devnull}' '{input}'
f2c138d8f6aa0a90c89d019f85eaf9bb3efa5edb,macOS-26.5.1-arm64-arm-64bit-Mach-O,images/snake.png,128,full-frame-exact,full-frame,exact,kmeans:inittype=none:threshold=0.125:binbits=6:mapping=uniform:softdist=trilinear:feedback=0:prune=hamerly:seed=1:restarts=1:iter=20:miniter=0:polish_iter=0:feedback_slots=1:feedback_interval=1:sample_target=16384,palette-build,measured,7,7,3,0.161229,'{img2sixel}' --threads=1 --precision=8bit --quality=full '--loaders=libpng!' --sampling-policy=full-frame --binning-policy=exact --quantize-model=kmeans:inittype=none:threshold=0.125:binbits=6:mapping=uniform:softdist=trilinear:feedback=0:prune=hamerly:seed=1:restarts=1:iter=20:miniter=0:polish_iter=0:feedback_slots=1:feedback_interval=1:sample_target=16384 -Xoklab -Wgamma --diffusion=none --gpu-policy=off --lookup-policy=none -F none -a off -p 128 -J '{timeline}' -o '{devnull}' '{input}'
f2c138d8f6aa0a90c89d019f85eaf9bb3efa5edb,macOS-26.5.1-arm64-arm-64bit-Mach-O,images/snake.png,128,full-frame-none,full-frame,none,kmeans:inittype=none:threshold=0.125:binbits=6:mapping=uniform:softdist=trilinear:feedback=0:prune=hamerly:seed=1:restarts=1:iter=20:miniter=0:polish_iter=0:feedback_slots=1:feedback_interval=1:sample_target=16384,palette-build,measured,7,7,4,0.49655399999999994,'{img2sixel}' --threads=1 --precision=8bit --quality=full '--loaders=libpng!' --sampling-policy=full-frame --binning-policy=none --quantize-model=kmeans:inittype=none:threshold=0.125:binbits=6:mapping=uniform:softdist=trilinear:feedback=0:prune=hamerly:seed=1:restarts=1:iter=20:miniter=0:polish_iter=0:feedback_slots=1:feedback_interval=1:sample_target=16384 -Xoklab -Wgamma --diffusion=none --gpu-policy=off --lookup-policy=none -F none -a off -p 128 -J '{timeline}' -o '{devnull}' '{input}'
f2c138d8f6aa0a90c89d019f85eaf9bb3efa5edb,macOS-26.5.1-arm64-arm-64bit-Mach-O,images/snake.png,128,full-frame-hard,full-frame,hard,kmeans:inittype=none:threshold=0.125:binbits=6:mapping=uniform:softdist=trilinear:feedback=0:prune=hamerly:seed=1:restarts=1:iter=20:miniter=0:polish_iter=0:feedback_slots=1:feedback_interval=1:sample_target=16384,palette-build,washout,8,8,-1,0.010986000000000001,'{img2sixel}' --threads=1 --precision=8bit --quality=full '--loaders=libpng!' --sampling-policy=full-frame --binning-policy=hard --quantize-model=kmeans:inittype=none:threshold=0.125:binbits=6:mapping=uniform:softdist=trilinear:feedback=0:prune=hamerly:seed=1:restarts=1:iter=20:miniter=0:polish_iter=0:feedback_slots=1:feedback_interval=1:sample_target=16384 -Xoklab -Wgamma --diffusion=none --gpu-policy=off --lookup-policy=none -F none -a off -p 128 -J '{timeline}' -o '{devnull}' '{input}'
f2c138d8f6aa0a90c89d019f85eaf9bb3efa5edb,macOS-26.5.1-arm64-arm-64bit-Mach-O,images/snake.png,128,adaptive-grid-hard,adaptive-grid,hard,kmeans:inittype=none:threshold=0.125:binbits=6:mapping=uniform:softdist=trilinear:feedback=0:prune=hamerly:seed=1:restarts=1:iter=20:miniter=0:polish_iter=0:feedback_slots=1:feedback_interval=1:sample_target=16384,palette-build,measured,8,8,0,0.002975,'{img2sixel}' --threads=1 --precision=8bit --quality=full '--loaders=libpng!' --sampling-policy=adaptive-grid --binning-policy=hard --quantize-model=kmeans:inittype=none:threshold=0.125:binbits=6:mapping=uniform:softdist=trilinear:feedback=0:prune=hamerly:seed=1:restarts=1:iter=20:miniter=0:polish_iter=0:feedback_slots=1:feedback_interval=1:sample_target=16384 -Xoklab -Wgamma --diffusion=none --gpu-policy=off --lookup-policy=none -F none -a off -p 128 -J '{timeline}' -o '{devnull}' '{input}'
f2c138d8f6aa0a90c89d019f85eaf9bb3efa5edb,macOS-26.5.1-arm64-arm-64bit-Mach-O,images/snake.png,128,full-frame-hard,full-frame,hard,kmeans:inittype=none:threshold=0.125:binbits=6:mapping=uniform:softdist=trilinear:feedback=0:prune=hamerly:seed=1:restarts=1:iter=20:miniter=0:polish_iter=0:feedback_slots=1:feedback_interval=1:sample_target=16384,palette-build,measured,8,8,1,0.010975,'{img2sixel}' --threads=1 --precision=8bit --quality=full '--loaders=libpng!' --sampling-policy=full-frame --binning-policy=hard --quantize-model=kmeans:inittype=none:threshold=0.125:binbits=6:mapping=uniform:softdist=trilinear:feedback=0:prune=hamerly:seed=1:restarts=1:iter=20:miniter=0:polish_iter=0:feedback_slots=1:feedback_interval=1:sample_target=16384 -Xoklab -Wgamma --diffusion=none --gpu-policy=off --lookup-policy=none -F none -a off -p 128 -J '{timeline}' -o '{devnull}' '{input}'
f2c138d8f6aa0a90c89d019f85eaf9bb3efa5edb,macOS-26.5.1-arm64-arm-64bit-Mach-O,images/snake.png,128,full-frame-none,full-frame,none,kmeans:inittype=none:threshold=0.125:binbits=6:mapping=uniform:softdist=trilinear:feedback=0:prune=hamerly:seed=1:restarts=1:iter=20:miniter=0:polish_iter=0:feedback_slots=1:feedback_interval=1:sample_target=16384,palette-build,measured,8,8,2,0.49755699999999997,'{img2sixel}' --threads=1 --precision=8bit --quality=full '--loaders=libpng!' --sampling-policy=full-frame --binning-policy=none --quantize-model=kmeans:inittype=none:threshold=0.125:binbits=6:mapping=uniform:softdist=trilinear:feedback=0:prune=hamerly:seed=1:restarts=1:iter=20:miniter=0:polish_iter=0:feedback_slots=1:feedback_interval=1:sample_target=16384 -Xoklab -Wgamma --diffusion=none --gpu-policy=off --lookup-policy=none -F none -a off -p 128 -J '{timeline}' -o '{devnull}' '{input}'
f2c138d8f6aa0a90c89d019f85eaf9bb3efa5edb,macOS-26.5.1-arm64-arm-64bit-Mach-O,images/snake.png,128,full-frame-soft,full-frame,soft,kmeans:inittype=none:threshold=0.125:binbits=6:mapping=uniform:softdist=trilinear:feedback=0:prune=hamerly:seed=1:restarts=1:iter=20:miniter=0:polish_iter=0:feedback_slots=1:feedback_interval=1:sample_target=16384,palette-build,measured,8,8,3,0.022382,'{img2sixel}' --threads=1 --precision=8bit --quality=full '--loaders=libpng!' --sampling-policy=full-frame --binning-policy=soft --quantize-model=kmeans:inittype=none:threshold=0.125:binbits=6:mapping=uniform:softdist=trilinear:feedback=0:prune=hamerly:seed=1:restarts=1:iter=20:miniter=0:polish_iter=0:feedback_slots=1:feedback_interval=1:sample_target=16384 -Xoklab -Wgamma --diffusion=none --gpu-policy=off --lookup-policy=none -F none -a off -p 128 -J '{timeline}' -o '{devnull}' '{input}'
f2c138d8f6aa0a90c89d019f85eaf9bb3efa5edb,macOS-26.5.1-arm64-arm-64bit-Mach-O,images/snake.png,128,full-frame-exact,full-frame,exact,kmeans:inittype=none:threshold=0.125:binbits=6:mapping=uniform:softdist=trilinear:feedback=0:prune=hamerly:seed=1:restarts=1:iter=20:miniter=0:polish_iter=0:feedback_slots=1:feedback_interval=1:sample_target=16384,palette-build,measured,8,8,4,0.163272,'{img2sixel}' --threads=1 --precision=8bit --quality=full '--loaders=libpng!' --sampling-policy=full-frame --binning-policy=exact --quantize-model=kmeans:inittype=none:threshold=0.125:binbits=6:mapping=uniform:softdist=trilinear:feedback=0:prune=hamerly:seed=1:restarts=1:iter=20:miniter=0:polish_iter=0:feedback_slots=1:feedback_interval=1:sample_target=16384 -Xoklab -Wgamma --diffusion=none --gpu-policy=off --lookup-policy=none -F none -a off -p 128 -J '{timeline}' -o '{devnull}' '{input}'
f2c138d8f6aa0a90c89d019f85eaf9bb3efa5edb,macOS-26.5.1-arm64-arm-64bit-Mach-O,images/snake.png,128,full-frame-hard,full-frame,hard,kmeans:inittype=none:threshold=0.125:binbits=6:mapping=uniform:softdist=trilinear:feedback=0:prune=hamerly:seed=1:restarts=1:iter=20:miniter=0:polish_iter=0:feedback_slots=1:feedback_interval=1:sample_target=16384,palette-build,washout,9,9,-1,0.010904,'{img2sixel}' --threads=1 --precision=8bit --quality=full '--loaders=libpng!' --sampling-policy=full-frame --binning-policy=hard --quantize-model=kmeans:inittype=none:threshold=0.125:binbits=6:mapping=uniform:softdist=trilinear:feedback=0:prune=hamerly:seed=1:restarts=1:iter=20:miniter=0:polish_iter=0:feedback_slots=1:feedback_interval=1:sample_target=16384 -Xoklab -Wgamma --diffusion=none --gpu-policy=off --lookup-policy=none -F none -a off -p 128 -J '{timeline}' -o '{devnull}' '{input}'
f2c138d8f6aa0a90c89d019f85eaf9bb3efa5edb,macOS-26.5.1-arm64-arm-64bit-Mach-O,images/snake.png,128,full-frame-none,full-frame,none,kmeans:inittype=none:threshold=0.125:binbits=6:mapping=uniform:softdist=trilinear:feedback=0:prune=hamerly:seed=1:restarts=1:iter=20:miniter=0:polish_iter=0:feedback_slots=1:feedback_interval=1:sample_target=16384,palette-build,measured,9,9,0,0.496784,'{img2sixel}' --threads=1 --precision=8bit --quality=full '--loaders=libpng!' --sampling-policy=full-frame --binning-policy=none --quantize-model=kmeans:inittype=none:threshold=0.125:binbits=6:mapping=uniform:softdist=trilinear:feedback=0:prune=hamerly:seed=1:restarts=1:iter=20:miniter=0:polish_iter=0:feedback_slots=1:feedback_interval=1:sample_target=16384 -Xoklab -Wgamma --diffusion=none --gpu-policy=off --lookup-policy=none -F none -a off -p 128 -J '{timeline}' -o '{devnull}' '{input}'
f2c138d8f6aa0a90c89d019f85eaf9bb3efa5edb,macOS-26.5.1-arm64-arm-64bit-Mach-O,images/snake.png,128,adaptive-grid-hard,adaptive-grid,hard,kmeans:inittype=none:threshold=0.125:binbits=6:mapping=uniform:softdist=trilinear:feedback=0:prune=hamerly:seed=1:restarts=1:iter=20:miniter=0:polish_iter=0:feedback_slots=1:feedback_interval=1:sample_target=16384,palette-build,measured,9,9,1,0.0026460000000000008,'{img2sixel}' --threads=1 --precision=8bit --quality=full '--loaders=libpng!' --sampling-policy=adaptive-grid --binning-policy=hard --quantize-model=kmeans:inittype=none:threshold=0.125:binbits=6:mapping=uniform:softdist=trilinear:feedback=0:prune=hamerly:seed=1:restarts=1:iter=20:miniter=0:polish_iter=0:feedback_slots=1:feedback_interval=1:sample_target=16384 -Xoklab -Wgamma --diffusion=none --gpu-policy=off --lookup-policy=none -F none -a off -p 128 -J '{timeline}' -o '{devnull}' '{input}'
f2c138d8f6aa0a90c89d019f85eaf9bb3efa5edb,macOS-26.5.1-arm64-arm-64bit-Mach-O,images/snake.png,128,full-frame-exact,full-frame,exact,kmeans:inittype=none:threshold=0.125:binbits=6:mapping=uniform:softdist=trilinear:feedback=0:prune=hamerly:seed=1:restarts=1:iter=20:miniter=0:polish_iter=0:feedback_slots=1:feedback_interval=1:sample_target=16384,palette-build,measured,9,9,2,0.16,'{img2sixel}' --threads=1 --precision=8bit --quality=full '--loaders=libpng!' --sampling-policy=full-frame --binning-policy=exact --quantize-model=kmeans:inittype=none:threshold=0.125:binbits=6:mapping=uniform:softdist=trilinear:feedback=0:prune=hamerly:seed=1:restarts=1:iter=20:miniter=0:polish_iter=0:feedback_slots=1:feedback_interval=1:sample_target=16384 -Xoklab -Wgamma --diffusion=none --gpu-policy=off --lookup-policy=none -F none -a off -p 128 -J '{timeline}' -o '{devnull}' '{input}'
f2c138d8f6aa0a90c89d019f85eaf9bb3efa5edb,macOS-26.5.1-arm64-arm-64bit-Mach-O,images/snake.png,128,full-frame-hard,full-frame,hard,kmeans:inittype=none:threshold=0.125:binbits=6:mapping=uniform:softdist=trilinear:feedback=0:prune=hamerly:seed=1:restarts=1:iter=20:miniter=0:polish_iter=0:feedback_slots=1:feedback_interval=1:sample_target=16384,palette-build,measured,9,9,3,0.010943,'{img2sixel}' --threads=1 --precision=8bit --quality=full '--loaders=libpng!' --sampling-policy=full-frame --binning-policy=hard --quantize-model=kmeans:inittype=none:threshold=0.125:binbits=6:mapping=uniform:softdist=trilinear:feedback=0:prune=hamerly:seed=1:restarts=1:iter=20:miniter=0:polish_iter=0:feedback_slots=1:feedback_interval=1:sample_target=16384 -Xoklab -Wgamma --diffusion=none --gpu-policy=off --lookup-policy=none -F none -a off -p 128 -J '{timeline}' -o '{devnull}' '{input}'
f2c138d8f6aa0a90c89d019f85eaf9bb3efa5edb,macOS-26.5.1-arm64-arm-64bit-Mach-O,images/snake.png,128,full-frame-soft,full-frame,soft,kmeans:inittype=none:threshold=0.125:binbits=6:mapping=uniform:softdist=trilinear:feedback=0:prune=hamerly:seed=1:restarts=1:iter=20:miniter=0:polish_iter=0:feedback_slots=1:feedback_interval=1:sample_target=16384,palette-build,measured,9,9,4,0.022204,'{img2sixel}' --threads=1 --precision=8bit --quality=full '--loaders=libpng!' --sampling-policy=full-frame --binning-policy=soft --quantize-model=kmeans:inittype=none:threshold=0.125:binbits=6:mapping=uniform:softdist=trilinear:feedback=0:prune=hamerly:seed=1:restarts=1:iter=20:miniter=0:polish_iter=0:feedback_slots=1:feedback_interval=1:sample_target=16384 -Xoklab -Wgamma --diffusion=none --gpu-policy=off --lookup-policy=none -F none -a off -p 128 -J '{timeline}' -o '{devnull}' '{input}'
f2c138d8f6aa0a90c89d019f85eaf9bb3efa5edb,macOS-26.5.1-arm64-arm-64bit-Mach-O,images/snake.png,128,full-frame-hard,full-frame,hard,kmeans:inittype=none:threshold=0.125:binbits=6:mapping=uniform:softdist=trilinear:feedback=0:prune=hamerly:seed=1:restarts=1:iter=20:miniter=0:polish_iter=0:feedback_slots=1:feedback_interval=1:sample_target=16384,palette-build,washout,10,0,-1,0.011402,'{img2sixel}' --threads=1 --precision=8bit --quality=full '--loaders=libpng!' --sampling-policy=full-frame --binning-policy=hard --quantize-model=kmeans:inittype=none:threshold=0.125:binbits=6:mapping=uniform:softdist=trilinear:feedback=0:prune=hamerly:seed=1:restarts=1:iter=20:miniter=0:polish_iter=0:feedback_slots=1:feedback_interval=1:sample_target=16384 -Xoklab -Wgamma --diffusion=none --gpu-policy=off --lookup-policy=none -F none -a off -p 128 -J '{timeline}' -o '{devnull}' '{input}'
f2c138d8f6aa0a90c89d019f85eaf9bb3efa5edb,macOS-26.5.1-arm64-arm-64bit-Mach-O,images/snake.png,128,full-frame-hard,full-frame,hard,kmeans:inittype=none:threshold=0.125:binbits=6:mapping=uniform:softdist=trilinear:feedback=0:prune=hamerly:seed=1:restarts=1:iter=20:miniter=0:polish_iter=0:feedback_slots=1:feedback_interval=1:sample_target=16384,palette-build,measured,10,0,0,0.011023999999999999,'{img2sixel}' --threads=1 --precision=8bit --quality=full '--loaders=libpng!' --sampling-policy=full-frame --binning-policy=hard --quantize-model=kmeans:inittype=none:threshold=0.125:binbits=6:mapping=uniform:softdist=trilinear:feedback=0:prune=hamerly:seed=1:restarts=1:iter=20:miniter=0:polish_iter=0:feedback_slots=1:feedback_interval=1:sample_target=16384 -Xoklab -Wgamma --diffusion=none --gpu-policy=off --lookup-policy=none -F none -a off -p 128 -J '{timeline}' -o '{devnull}' '{input}'
f2c138d8f6aa0a90c89d019f85eaf9bb3efa5edb,macOS-26.5.1-arm64-arm-64bit-Mach-O,images/snake.png,128,adaptive-grid-hard,adaptive-grid,hard,kmeans:inittype=none:threshold=0.125:binbits=6:mapping=uniform:softdist=trilinear:feedback=0:prune=hamerly:seed=1:restarts=1:iter=20:miniter=0:polish_iter=0:feedback_slots=1:feedback_interval=1:sample_target=16384,palette-build,measured,10,0,1,0.0026620000000000003,'{img2sixel}' --threads=1 --precision=8bit --quality=full '--loaders=libpng!' --sampling-policy=adaptive-grid --binning-policy=hard --quantize-model=kmeans:inittype=none:threshold=0.125:binbits=6:mapping=uniform:softdist=trilinear:feedback=0:prune=hamerly:seed=1:restarts=1:iter=20:miniter=0:polish_iter=0:feedback_slots=1:feedback_interval=1:sample_target=16384 -Xoklab -Wgamma --diffusion=none --gpu-policy=off --lookup-policy=none -F none -a off -p 128 -J '{timeline}' -o '{devnull}' '{input}'
f2c138d8f6aa0a90c89d019f85eaf9bb3efa5edb,macOS-26.5.1-arm64-arm-64bit-Mach-O,images/snake.png,128,full-frame-soft,full-frame,soft,kmeans:inittype=none:threshold=0.125:binbits=6:mapping=uniform:softdist=trilinear:feedback=0:prune=hamerly:seed=1:restarts=1:iter=20:miniter=0:polish_iter=0:feedback_slots=1:feedback_interval=1:sample_target=16384,palette-build,measured,10,0,2,0.022413999999999996,'{img2sixel}' --threads=1 --precision=8bit --quality=full '--loaders=libpng!' --sampling-policy=full-frame --binning-policy=soft --quantize-model=kmeans:inittype=none:threshold=0.125:binbits=6:mapping=uniform:softdist=trilinear:feedback=0:prune=hamerly:seed=1:restarts=1:iter=20:miniter=0:polish_iter=0:feedback_slots=1:feedback_interval=1:sample_target=16384 -Xoklab -Wgamma --diffusion=none --gpu-policy=off --lookup-policy=none -F none -a off -p 128 -J '{timeline}' -o '{devnull}' '{input}'
f2c138d8f6aa0a90c89d019f85eaf9bb3efa5edb,macOS-26.5.1-arm64-arm-64bit-Mach-O,images/snake.png,128,full-frame-none,full-frame,none,kmeans:inittype=none:threshold=0.125:binbits=6:mapping=uniform:softdist=trilinear:feedback=0:prune=hamerly:seed=1:restarts=1:iter=20:miniter=0:polish_iter=0:feedback_slots=1:feedback_interval=1:sample_target=16384,palette-build,measured,10,0,3,0.49683499999999997,'{img2sixel}' --threads=1 --precision=8bit --quality=full '--loaders=libpng!' --sampling-policy=full-frame --binning-policy=none --quantize-model=kmeans:inittype=none:threshold=0.125:binbits=6:mapping=uniform:softdist=trilinear:feedback=0:prune=hamerly:seed=1:restarts=1:iter=20:miniter=0:polish_iter=0:feedback_slots=1:feedback_interval=1:sample_target=16384 -Xoklab -Wgamma --diffusion=none --gpu-policy=off --lookup-policy=none -F none -a off -p 128 -J '{timeline}' -o '{devnull}' '{input}'
f2c138d8f6aa0a90c89d019f85eaf9bb3efa5edb,macOS-26.5.1-arm64-arm-64bit-Mach-O,images/snake.png,128,full-frame-exact,full-frame,exact,kmeans:inittype=none:threshold=0.125:binbits=6:mapping=uniform:softdist=trilinear:feedback=0:prune=hamerly:seed=1:restarts=1:iter=20:miniter=0:polish_iter=0:feedback_slots=1:feedback_interval=1:sample_target=16384,palette-build,measured,10,0,4,0.159881,'{img2sixel}' --threads=1 --precision=8bit --quality=full '--loaders=libpng!' --sampling-policy=full-frame --binning-policy=exact --quantize-model=kmeans:inittype=none:threshold=0.125:binbits=6:mapping=uniform:softdist=trilinear:feedback=0:prune=hamerly:seed=1:restarts=1:iter=20:miniter=0:polish_iter=0:feedback_slots=1:feedback_interval=1:sample_target=16384 -Xoklab -Wgamma --diffusion=none --gpu-policy=off --lookup-policy=none -F none -a off -p 128 -J '{timeline}' -o '{devnull}' '{input}'
f2c138d8f6aa0a90c89d019f85eaf9bb3efa5edb,macOS-26.5.1-arm64-arm-64bit-Mach-O,images/snake.png,128,full-frame-hard,full-frame,hard,kmeans:inittype=none:threshold=0.125:binbits=6:mapping=uniform:softdist=trilinear:feedback=0:prune=hamerly:seed=1:restarts=1:iter=20:miniter=0:polish_iter=0:feedback_slots=1:feedback_interval=1:sample_target=16384,palette-build,washout,11,1,-1,0.011017000000000002,'{img2sixel}' --threads=1 --precision=8bit --quality=full '--loaders=libpng!' --sampling-policy=full-frame --binning-policy=hard --quantize-model=kmeans:inittype=none:threshold=0.125:binbits=6:mapping=uniform:softdist=trilinear:feedback=0:prune=hamerly:seed=1:restarts=1:iter=20:miniter=0:polish_iter=0:feedback_slots=1:feedback_interval=1:sample_target=16384 -Xoklab -Wgamma --diffusion=none --gpu-policy=off --lookup-policy=none -F none -a off -p 128 -J '{timeline}' -o '{devnull}' '{input}'
f2c138d8f6aa0a90c89d019f85eaf9bb3efa5edb,macOS-26.5.1-arm64-arm-64bit-Mach-O,images/snake.png,128,adaptive-grid-hard,adaptive-grid,hard,kmeans:inittype=none:threshold=0.125:binbits=6:mapping=uniform:softdist=trilinear:feedback=0:prune=hamerly:seed=1:restarts=1:iter=20:miniter=0:polish_iter=0:feedback_slots=1:feedback_interval=1:sample_target=16384,palette-build,measured,11,1,0,0.0026439999999999996,'{img2sixel}' --threads=1 --precision=8bit --quality=full '--loaders=libpng!' --sampling-policy=adaptive-grid --binning-policy=hard --quantize-model=kmeans:inittype=none:threshold=0.125:binbits=6:mapping=uniform:softdist=trilinear:feedback=0:prune=hamerly:seed=1:restarts=1:iter=20:miniter=0:polish_iter=0:feedback_slots=1:feedback_interval=1:sample_target=16384 -Xoklab -Wgamma --diffusion=none --gpu-policy=off --lookup-policy=none -F none -a off -p 128 -J '{timeline}' -o '{devnull}' '{input}'
f2c138d8f6aa0a90c89d019f85eaf9bb3efa5edb,macOS-26.5.1-arm64-arm-64bit-Mach-O,images/snake.png,128,full-frame-none,full-frame,none,kmeans:inittype=none:threshold=0.125:binbits=6:mapping=uniform:softdist=trilinear:feedback=0:prune=hamerly:seed=1:restarts=1:iter=20:miniter=0:polish_iter=0:feedback_slots=1:feedback_interval=1:sample_target=16384,palette-build,measured,11,1,1,0.49748099999999995,'{img2sixel}' --threads=1 --precision=8bit --quality=full '--loaders=libpng!' --sampling-policy=full-frame --binning-policy=none --quantize-model=kmeans:inittype=none:threshold=0.125:binbits=6:mapping=uniform:softdist=trilinear:feedback=0:prune=hamerly:seed=1:restarts=1:iter=20:miniter=0:polish_iter=0:feedback_slots=1:feedback_interval=1:sample_target=16384 -Xoklab -Wgamma --diffusion=none --gpu-policy=off --lookup-policy=none -F none -a off -p 128 -J '{timeline}' -o '{devnull}' '{input}'
f2c138d8f6aa0a90c89d019f85eaf9bb3efa5edb,macOS-26.5.1-arm64-arm-64bit-Mach-O,images/snake.png,128,full-frame-hard,full-frame,hard,kmeans:inittype=none:threshold=0.125:binbits=6:mapping=uniform:softdist=trilinear:feedback=0:prune=hamerly:seed=1:restarts=1:iter=20:miniter=0:polish_iter=0:feedback_slots=1:feedback_interval=1:sample_target=16384,palette-build,measured,11,1,2,0.011033000000000001,'{img2sixel}' --threads=1 --precision=8bit --quality=full '--loaders=libpng!' --sampling-policy=full-frame --binning-policy=hard --quantize-model=kmeans:inittype=none:threshold=0.125:binbits=6:mapping=uniform:softdist=trilinear:feedback=0:prune=hamerly:seed=1:restarts=1:iter=20:miniter=0:polish_iter=0:feedback_slots=1:feedback_interval=1:sample_target=16384 -Xoklab -Wgamma --diffusion=none --gpu-policy=off --lookup-policy=none -F none -a off -p 128 -J '{timeline}' -o '{devnull}' '{input}'
f2c138d8f6aa0a90c89d019f85eaf9bb3efa5edb,macOS-26.5.1-arm64-arm-64bit-Mach-O,images/snake.png,128,full-frame-exact,full-frame,exact,kmeans:inittype=none:threshold=0.125:binbits=6:mapping=uniform:softdist=trilinear:feedback=0:prune=hamerly:seed=1:restarts=1:iter=20:miniter=0:polish_iter=0:feedback_slots=1:feedback_interval=1:sample_target=16384,palette-build,measured,11,1,3,0.159961,'{img2sixel}' --threads=1 --precision=8bit --quality=full '--loaders=libpng!' --sampling-policy=full-frame --binning-policy=exact --quantize-model=kmeans:inittype=none:threshold=0.125:binbits=6:mapping=uniform:softdist=trilinear:feedback=0:prune=hamerly:seed=1:restarts=1:iter=20:miniter=0:polish_iter=0:feedback_slots=1:feedback_interval=1:sample_target=16384 -Xoklab -Wgamma --diffusion=none --gpu-policy=off --lookup-policy=none -F none -a off -p 128 -J '{timeline}' -o '{devnull}' '{input}'
f2c138d8f6aa0a90c89d019f85eaf9bb3efa5edb,macOS-26.5.1-arm64-arm-64bit-Mach-O,images/snake.png,128,full-frame-soft,full-frame,soft,kmeans:inittype=none:threshold=0.125:binbits=6:mapping=uniform:softdist=trilinear:feedback=0:prune=hamerly:seed=1:restarts=1:iter=20:miniter=0:polish_iter=0:feedback_slots=1:feedback_interval=1:sample_target=16384,palette-build,measured,11,1,4,0.022295,'{img2sixel}' --threads=1 --precision=8bit --quality=full '--loaders=libpng!' --sampling-policy=full-frame --binning-policy=soft --quantize-model=kmeans:inittype=none:threshold=0.125:binbits=6:mapping=uniform:softdist=trilinear:feedback=0:prune=hamerly:seed=1:restarts=1:iter=20:miniter=0:polish_iter=0:feedback_slots=1:feedback_interval=1:sample_target=16384 -Xoklab -Wgamma --diffusion=none --gpu-policy=off --lookup-policy=none -F none -a off -p 128 -J '{timeline}' -o '{devnull}' '{input}'
f2c138d8f6aa0a90c89d019f85eaf9bb3efa5edb,macOS-26.5.1-arm64-arm-64bit-Mach-O,images/snake.png,256,full-frame-hard,full-frame,hard,kmeans:inittype=none:threshold=0.125:binbits=6:mapping=uniform:softdist=trilinear:feedback=0:prune=hamerly:seed=1:restarts=1:iter=20:miniter=0:polish_iter=0:feedback_slots=1:feedback_interval=1:sample_target=16384,end-to-end,washout,0,0,-1,0.11779245804063976,'{img2sixel}' --threads=1 --precision=8bit --quality=full '--loaders=libpng!' --sampling-policy=full-frame --binning-policy=hard --quantize-model=kmeans:inittype=none:threshold=0.125:binbits=6:mapping=uniform:softdist=trilinear:feedback=0:prune=hamerly:seed=1:restarts=1:iter=20:miniter=0:polish_iter=0:feedback_slots=1:feedback_interval=1:sample_target=16384 -Xoklab -Wgamma --diffusion=none --gpu-policy=off --lookup-policy=none -F none -a off -p 256 -o '{devnull}' '{input}'
f2c138d8f6aa0a90c89d019f85eaf9bb3efa5edb,macOS-26.5.1-arm64-arm-64bit-Mach-O,images/snake.png,256,full-frame-hard,full-frame,hard,kmeans:inittype=none:threshold=0.125:binbits=6:mapping=uniform:softdist=trilinear:feedback=0:prune=hamerly:seed=1:restarts=1:iter=20:miniter=0:polish_iter=0:feedback_slots=1:feedback_interval=1:sample_target=16384,end-to-end,warmup,0,0,0,0.11806629202328622,'{img2sixel}' --threads=1 --precision=8bit --quality=full '--loaders=libpng!' --sampling-policy=full-frame --binning-policy=hard --quantize-model=kmeans:inittype=none:threshold=0.125:binbits=6:mapping=uniform:softdist=trilinear:feedback=0:prune=hamerly:seed=1:restarts=1:iter=20:miniter=0:polish_iter=0:feedback_slots=1:feedback_interval=1:sample_target=16384 -Xoklab -Wgamma --diffusion=none --gpu-policy=off --lookup-policy=none -F none -a off -p 256 -o '{devnull}' '{input}'
f2c138d8f6aa0a90c89d019f85eaf9bb3efa5edb,macOS-26.5.1-arm64-arm-64bit-Mach-O,images/snake.png,256,adaptive-grid-hard,adaptive-grid,hard,kmeans:inittype=none:threshold=0.125:binbits=6:mapping=uniform:softdist=trilinear:feedback=0:prune=hamerly:seed=1:restarts=1:iter=20:miniter=0:polish_iter=0:feedback_slots=1:feedback_interval=1:sample_target=16384,end-to-end,warmup,0,0,1,0.0981259997934103,'{img2sixel}' --threads=1 --precision=8bit --quality=full '--loaders=libpng!' --sampling-policy=adaptive-grid --binning-policy=hard --quantize-model=kmeans:inittype=none:threshold=0.125:binbits=6:mapping=uniform:softdist=trilinear:feedback=0:prune=hamerly:seed=1:restarts=1:iter=20:miniter=0:polish_iter=0:feedback_slots=1:feedback_interval=1:sample_target=16384 -Xoklab -Wgamma --diffusion=none --gpu-policy=off --lookup-policy=none -F none -a off -p 256 -o '{devnull}' '{input}'
f2c138d8f6aa0a90c89d019f85eaf9bb3efa5edb,macOS-26.5.1-arm64-arm-64bit-Mach-O,images/snake.png,256,full-frame-soft,full-frame,soft,kmeans:inittype=none:threshold=0.125:binbits=6:mapping=uniform:softdist=trilinear:feedback=0:prune=hamerly:seed=1:restarts=1:iter=20:miniter=0:polish_iter=0:feedback_slots=1:feedback_interval=1:sample_target=16384,end-to-end,warmup,0,0,2,0.13299837498925626,'{img2sixel}' --threads=1 --precision=8bit --quality=full '--loaders=libpng!' --sampling-policy=full-frame --binning-policy=soft --quantize-model=kmeans:inittype=none:threshold=0.125:binbits=6:mapping=uniform:softdist=trilinear:feedback=0:prune=hamerly:seed=1:restarts=1:iter=20:miniter=0:polish_iter=0:feedback_slots=1:feedback_interval=1:sample_target=16384 -Xoklab -Wgamma --diffusion=none --gpu-policy=off --lookup-policy=none -F none -a off -p 256 -o '{devnull}' '{input}'
f2c138d8f6aa0a90c89d019f85eaf9bb3efa5edb,macOS-26.5.1-arm64-arm-64bit-Mach-O,images/snake.png,256,full-frame-none,full-frame,none,kmeans:inittype=none:threshold=0.125:binbits=6:mapping=uniform:softdist=trilinear:feedback=0:prune=hamerly:seed=1:restarts=1:iter=20:miniter=0:polish_iter=0:feedback_slots=1:feedback_interval=1:sample_target=16384,end-to-end,warmup,0,0,3,1.0961333750747144,'{img2sixel}' --threads=1 --precision=8bit --quality=full '--loaders=libpng!' --sampling-policy=full-frame --binning-policy=none --quantize-model=kmeans:inittype=none:threshold=0.125:binbits=6:mapping=uniform:softdist=trilinear:feedback=0:prune=hamerly:seed=1:restarts=1:iter=20:miniter=0:polish_iter=0:feedback_slots=1:feedback_interval=1:sample_target=16384 -Xoklab -Wgamma --diffusion=none --gpu-policy=off --lookup-policy=none -F none -a off -p 256 -o '{devnull}' '{input}'
f2c138d8f6aa0a90c89d019f85eaf9bb3efa5edb,macOS-26.5.1-arm64-arm-64bit-Mach-O,images/snake.png,256,full-frame-exact,full-frame,exact,kmeans:inittype=none:threshold=0.125:binbits=6:mapping=uniform:softdist=trilinear:feedback=0:prune=hamerly:seed=1:restarts=1:iter=20:miniter=0:polish_iter=0:feedback_slots=1:feedback_interval=1:sample_target=16384,end-to-end,warmup,0,0,4,0.37275550002232194,'{img2sixel}' --threads=1 --precision=8bit --quality=full '--loaders=libpng!' --sampling-policy=full-frame --binning-policy=exact --quantize-model=kmeans:inittype=none:threshold=0.125:binbits=6:mapping=uniform:softdist=trilinear:feedback=0:prune=hamerly:seed=1:restarts=1:iter=20:miniter=0:polish_iter=0:feedback_slots=1:feedback_interval=1:sample_target=16384 -Xoklab -Wgamma --diffusion=none --gpu-policy=off --lookup-policy=none -F none -a off -p 256 -o '{devnull}' '{input}'
f2c138d8f6aa0a90c89d019f85eaf9bb3efa5edb,macOS-26.5.1-arm64-arm-64bit-Mach-O,images/snake.png,256,full-frame-hard,full-frame,hard,kmeans:inittype=none:threshold=0.125:binbits=6:mapping=uniform:softdist=trilinear:feedback=0:prune=hamerly:seed=1:restarts=1:iter=20:miniter=0:polish_iter=0:feedback_slots=1:feedback_interval=1:sample_target=16384,end-to-end,washout,1,1,-1,0.11896574986167252,'{img2sixel}' --threads=1 --precision=8bit --quality=full '--loaders=libpng!' --sampling-policy=full-frame --binning-policy=hard --quantize-model=kmeans:inittype=none:threshold=0.125:binbits=6:mapping=uniform:softdist=trilinear:feedback=0:prune=hamerly:seed=1:restarts=1:iter=20:miniter=0:polish_iter=0:feedback_slots=1:feedback_interval=1:sample_target=16384 -Xoklab -Wgamma --diffusion=none --gpu-policy=off --lookup-policy=none -F none -a off -p 256 -o '{devnull}' '{input}'
f2c138d8f6aa0a90c89d019f85eaf9bb3efa5edb,macOS-26.5.1-arm64-arm-64bit-Mach-O,images/snake.png,256,adaptive-grid-hard,adaptive-grid,hard,kmeans:inittype=none:threshold=0.125:binbits=6:mapping=uniform:softdist=trilinear:feedback=0:prune=hamerly:seed=1:restarts=1:iter=20:miniter=0:polish_iter=0:feedback_slots=1:feedback_interval=1:sample_target=16384,end-to-end,warmup,1,1,0,0.09756841696798801,'{img2sixel}' --threads=1 --precision=8bit --quality=full '--loaders=libpng!' --sampling-policy=adaptive-grid --binning-policy=hard --quantize-model=kmeans:inittype=none:threshold=0.125:binbits=6:mapping=uniform:softdist=trilinear:feedback=0:prune=hamerly:seed=1:restarts=1:iter=20:miniter=0:polish_iter=0:feedback_slots=1:feedback_interval=1:sample_target=16384 -Xoklab -Wgamma --diffusion=none --gpu-policy=off --lookup-policy=none -F none -a off -p 256 -o '{devnull}' '{input}'
f2c138d8f6aa0a90c89d019f85eaf9bb3efa5edb,macOS-26.5.1-arm64-arm-64bit-Mach-O,images/snake.png,256,full-frame-none,full-frame,none,kmeans:inittype=none:threshold=0.125:binbits=6:mapping=uniform:softdist=trilinear:feedback=0:prune=hamerly:seed=1:restarts=1:iter=20:miniter=0:polish_iter=0:feedback_slots=1:feedback_interval=1:sample_target=16384,end-to-end,warmup,1,1,1,1.0898811661172658,'{img2sixel}' --threads=1 --precision=8bit --quality=full '--loaders=libpng!' --sampling-policy=full-frame --binning-policy=none --quantize-model=kmeans:inittype=none:threshold=0.125:binbits=6:mapping=uniform:softdist=trilinear:feedback=0:prune=hamerly:seed=1:restarts=1:iter=20:miniter=0:polish_iter=0:feedback_slots=1:feedback_interval=1:sample_target=16384 -Xoklab -Wgamma --diffusion=none --gpu-policy=off --lookup-policy=none -F none -a off -p 256 -o '{devnull}' '{input}'
f2c138d8f6aa0a90c89d019f85eaf9bb3efa5edb,macOS-26.5.1-arm64-arm-64bit-Mach-O,images/snake.png,256,full-frame-hard,full-frame,hard,kmeans:inittype=none:threshold=0.125:binbits=6:mapping=uniform:softdist=trilinear:feedback=0:prune=hamerly:seed=1:restarts=1:iter=20:miniter=0:polish_iter=0:feedback_slots=1:feedback_interval=1:sample_target=16384,end-to-end,warmup,1,1,2,0.11940095806494355,'{img2sixel}' --threads=1 --precision=8bit --quality=full '--loaders=libpng!' --sampling-policy=full-frame --binning-policy=hard --quantize-model=kmeans:inittype=none:threshold=0.125:binbits=6:mapping=uniform:softdist=trilinear:feedback=0:prune=hamerly:seed=1:restarts=1:iter=20:miniter=0:polish_iter=0:feedback_slots=1:feedback_interval=1:sample_target=16384 -Xoklab -Wgamma --diffusion=none --gpu-policy=off --lookup-policy=none -F none -a off -p 256 -o '{devnull}' '{input}'
f2c138d8f6aa0a90c89d019f85eaf9bb3efa5edb,macOS-26.5.1-arm64-arm-64bit-Mach-O,images/snake.png,256,full-frame-exact,full-frame,exact,kmeans:inittype=none:threshold=0.125:binbits=6:mapping=uniform:softdist=trilinear:feedback=0:prune=hamerly:seed=1:restarts=1:iter=20:miniter=0:polish_iter=0:feedback_slots=1:feedback_interval=1:sample_target=16384,end-to-end,warmup,1,1,3,0.3681640001013875,'{img2sixel}' --threads=1 --precision=8bit --quality=full '--loaders=libpng!' --sampling-policy=full-frame --binning-policy=exact --quantize-model=kmeans:inittype=none:threshold=0.125:binbits=6:mapping=uniform:softdist=trilinear:feedback=0:prune=hamerly:seed=1:restarts=1:iter=20:miniter=0:polish_iter=0:feedback_slots=1:feedback_interval=1:sample_target=16384 -Xoklab -Wgamma --diffusion=none --gpu-policy=off --lookup-policy=none -F none -a off -p 256 -o '{devnull}' '{input}'
f2c138d8f6aa0a90c89d019f85eaf9bb3efa5edb,macOS-26.5.1-arm64-arm-64bit-Mach-O,images/snake.png,256,full-frame-soft,full-frame,soft,kmeans:inittype=none:threshold=0.125:binbits=6:mapping=uniform:softdist=trilinear:feedback=0:prune=hamerly:seed=1:restarts=1:iter=20:miniter=0:polish_iter=0:feedback_slots=1:feedback_interval=1:sample_target=16384,end-to-end,warmup,1,1,4,0.13380562490783632,'{img2sixel}' --threads=1 --precision=8bit --quality=full '--loaders=libpng!' --sampling-policy=full-frame --binning-policy=soft --quantize-model=kmeans:inittype=none:threshold=0.125:binbits=6:mapping=uniform:softdist=trilinear:feedback=0:prune=hamerly:seed=1:restarts=1:iter=20:miniter=0:polish_iter=0:feedback_slots=1:feedback_interval=1:sample_target=16384 -Xoklab -Wgamma --diffusion=none --gpu-policy=off --lookup-policy=none -F none -a off -p 256 -o '{devnull}' '{input}'
f2c138d8f6aa0a90c89d019f85eaf9bb3efa5edb,macOS-26.5.1-arm64-arm-64bit-Mach-O,images/snake.png,256,full-frame-hard,full-frame,hard,kmeans:inittype=none:threshold=0.125:binbits=6:mapping=uniform:softdist=trilinear:feedback=0:prune=hamerly:seed=1:restarts=1:iter=20:miniter=0:polish_iter=0:feedback_slots=1:feedback_interval=1:sample_target=16384,end-to-end,washout,2,2,-1,0.11779454187490046,'{img2sixel}' --threads=1 --precision=8bit --quality=full '--loaders=libpng!' --sampling-policy=full-frame --binning-policy=hard --quantize-model=kmeans:inittype=none:threshold=0.125:binbits=6:mapping=uniform:softdist=trilinear:feedback=0:prune=hamerly:seed=1:restarts=1:iter=20:miniter=0:polish_iter=0:feedback_slots=1:feedback_interval=1:sample_target=16384 -Xoklab -Wgamma --diffusion=none --gpu-policy=off --lookup-policy=none -F none -a off -p 256 -o '{devnull}' '{input}'
f2c138d8f6aa0a90c89d019f85eaf9bb3efa5edb,macOS-26.5.1-arm64-arm-64bit-Mach-O,images/snake.png,256,full-frame-none,full-frame,none,kmeans:inittype=none:threshold=0.125:binbits=6:mapping=uniform:softdist=trilinear:feedback=0:prune=hamerly:seed=1:restarts=1:iter=20:miniter=0:polish_iter=0:feedback_slots=1:feedback_interval=1:sample_target=16384,end-to-end,measured,2,2,0,1.0924478750675917,'{img2sixel}' --threads=1 --precision=8bit --quality=full '--loaders=libpng!' --sampling-policy=full-frame --binning-policy=none --quantize-model=kmeans:inittype=none:threshold=0.125:binbits=6:mapping=uniform:softdist=trilinear:feedback=0:prune=hamerly:seed=1:restarts=1:iter=20:miniter=0:polish_iter=0:feedback_slots=1:feedback_interval=1:sample_target=16384 -Xoklab -Wgamma --diffusion=none --gpu-policy=off --lookup-policy=none -F none -a off -p 256 -o '{devnull}' '{input}'
f2c138d8f6aa0a90c89d019f85eaf9bb3efa5edb,macOS-26.5.1-arm64-arm-64bit-Mach-O,images/snake.png,256,full-frame-exact,full-frame,exact,kmeans:inittype=none:threshold=0.125:binbits=6:mapping=uniform:softdist=trilinear:feedback=0:prune=hamerly:seed=1:restarts=1:iter=20:miniter=0:polish_iter=0:feedback_slots=1:feedback_interval=1:sample_target=16384,end-to-end,measured,2,2,1,0.3708628749009222,'{img2sixel}' --threads=1 --precision=8bit --quality=full '--loaders=libpng!' --sampling-policy=full-frame --binning-policy=exact --quantize-model=kmeans:inittype=none:threshold=0.125:binbits=6:mapping=uniform:softdist=trilinear:feedback=0:prune=hamerly:seed=1:restarts=1:iter=20:miniter=0:polish_iter=0:feedback_slots=1:feedback_interval=1:sample_target=16384 -Xoklab -Wgamma --diffusion=none --gpu-policy=off --lookup-policy=none -F none -a off -p 256 -o '{devnull}' '{input}'
f2c138d8f6aa0a90c89d019f85eaf9bb3efa5edb,macOS-26.5.1-arm64-arm-64bit-Mach-O,images/snake.png,256,adaptive-grid-hard,adaptive-grid,hard,kmeans:inittype=none:threshold=0.125:binbits=6:mapping=uniform:softdist=trilinear:feedback=0:prune=hamerly:seed=1:restarts=1:iter=20:miniter=0:polish_iter=0:feedback_slots=1:feedback_interval=1:sample_target=16384,end-to-end,measured,2,2,2,0.09992866590619087,'{img2sixel}' --threads=1 --precision=8bit --quality=full '--loaders=libpng!' --sampling-policy=adaptive-grid --binning-policy=hard --quantize-model=kmeans:inittype=none:threshold=0.125:binbits=6:mapping=uniform:softdist=trilinear:feedback=0:prune=hamerly:seed=1:restarts=1:iter=20:miniter=0:polish_iter=0:feedback_slots=1:feedback_interval=1:sample_target=16384 -Xoklab -Wgamma --diffusion=none --gpu-policy=off --lookup-policy=none -F none -a off -p 256 -o '{devnull}' '{input}'
f2c138d8f6aa0a90c89d019f85eaf9bb3efa5edb,macOS-26.5.1-arm64-arm-64bit-Mach-O,images/snake.png,256,full-frame-soft,full-frame,soft,kmeans:inittype=none:threshold=0.125:binbits=6:mapping=uniform:softdist=trilinear:feedback=0:prune=hamerly:seed=1:restarts=1:iter=20:miniter=0:polish_iter=0:feedback_slots=1:feedback_interval=1:sample_target=16384,end-to-end,measured,2,2,3,0.13249795814044774,'{img2sixel}' --threads=1 --precision=8bit --quality=full '--loaders=libpng!' --sampling-policy=full-frame --binning-policy=soft --quantize-model=kmeans:inittype=none:threshold=0.125:binbits=6:mapping=uniform:softdist=trilinear:feedback=0:prune=hamerly:seed=1:restarts=1:iter=20:miniter=0:polish_iter=0:feedback_slots=1:feedback_interval=1:sample_target=16384 -Xoklab -Wgamma --diffusion=none --gpu-policy=off --lookup-policy=none -F none -a off -p 256 -o '{devnull}' '{input}'
f2c138d8f6aa0a90c89d019f85eaf9bb3efa5edb,macOS-26.5.1-arm64-arm-64bit-Mach-O,images/snake.png,256,full-frame-hard,full-frame,hard,kmeans:inittype=none:threshold=0.125:binbits=6:mapping=uniform:softdist=trilinear:feedback=0:prune=hamerly:seed=1:restarts=1:iter=20:miniter=0:polish_iter=0:feedback_slots=1:feedback_interval=1:sample_target=16384,end-to-end,measured,2,2,4,0.11842437507584691,'{img2sixel}' --threads=1 --precision=8bit --quality=full '--loaders=libpng!' --sampling-policy=full-frame --binning-policy=hard --quantize-model=kmeans:inittype=none:threshold=0.125:binbits=6:mapping=uniform:softdist=trilinear:feedback=0:prune=hamerly:seed=1:restarts=1:iter=20:miniter=0:polish_iter=0:feedback_slots=1:feedback_interval=1:sample_target=16384 -Xoklab -Wgamma --diffusion=none --gpu-policy=off --lookup-policy=none -F none -a off -p 256 -o '{devnull}' '{input}'
f2c138d8f6aa0a90c89d019f85eaf9bb3efa5edb,macOS-26.5.1-arm64-arm-64bit-Mach-O,images/snake.png,256,full-frame-hard,full-frame,hard,kmeans:inittype=none:threshold=0.125:binbits=6:mapping=uniform:softdist=trilinear:feedback=0:prune=hamerly:seed=1:restarts=1:iter=20:miniter=0:polish_iter=0:feedback_slots=1:feedback_interval=1:sample_target=16384,end-to-end,washout,3,3,-1,0.11774804210290313,'{img2sixel}' --threads=1 --precision=8bit --quality=full '--loaders=libpng!' --sampling-policy=full-frame --binning-policy=hard --quantize-model=kmeans:inittype=none:threshold=0.125:binbits=6:mapping=uniform:softdist=trilinear:feedback=0:prune=hamerly:seed=1:restarts=1:iter=20:miniter=0:polish_iter=0:feedback_slots=1:feedback_interval=1:sample_target=16384 -Xoklab -Wgamma --diffusion=none --gpu-policy=off --lookup-policy=none -F none -a off -p 256 -o '{devnull}' '{input}'
f2c138d8f6aa0a90c89d019f85eaf9bb3efa5edb,macOS-26.5.1-arm64-arm-64bit-Mach-O,images/snake.png,256,full-frame-exact,full-frame,exact,kmeans:inittype=none:threshold=0.125:binbits=6:mapping=uniform:softdist=trilinear:feedback=0:prune=hamerly:seed=1:restarts=1:iter=20:miniter=0:polish_iter=0:feedback_slots=1:feedback_interval=1:sample_target=16384,end-to-end,measured,3,3,0,0.37728883302770555,'{img2sixel}' --threads=1 --precision=8bit --quality=full '--loaders=libpng!' --sampling-policy=full-frame --binning-policy=exact --quantize-model=kmeans:inittype=none:threshold=0.125:binbits=6:mapping=uniform:softdist=trilinear:feedback=0:prune=hamerly:seed=1:restarts=1:iter=20:miniter=0:polish_iter=0:feedback_slots=1:feedback_interval=1:sample_target=16384 -Xoklab -Wgamma --diffusion=none --gpu-policy=off --lookup-policy=none -F none -a off -p 256 -o '{devnull}' '{input}'
f2c138d8f6aa0a90c89d019f85eaf9bb3efa5edb,macOS-26.5.1-arm64-arm-64bit-Mach-O,images/snake.png,256,full-frame-soft,full-frame,soft,kmeans:inittype=none:threshold=0.125:binbits=6:mapping=uniform:softdist=trilinear:feedback=0:prune=hamerly:seed=1:restarts=1:iter=20:miniter=0:polish_iter=0:feedback_slots=1:feedback_interval=1:sample_target=16384,end-to-end,measured,3,3,1,0.13427833304740489,'{img2sixel}' --threads=1 --precision=8bit --quality=full '--loaders=libpng!' --sampling-policy=full-frame --binning-policy=soft --quantize-model=kmeans:inittype=none:threshold=0.125:binbits=6:mapping=uniform:softdist=trilinear:feedback=0:prune=hamerly:seed=1:restarts=1:iter=20:miniter=0:polish_iter=0:feedback_slots=1:feedback_interval=1:sample_target=16384 -Xoklab -Wgamma --diffusion=none --gpu-policy=off --lookup-policy=none -F none -a off -p 256 -o '{devnull}' '{input}'
f2c138d8f6aa0a90c89d019f85eaf9bb3efa5edb,macOS-26.5.1-arm64-arm-64bit-Mach-O,images/snake.png,256,full-frame-none,full-frame,none,kmeans:inittype=none:threshold=0.125:binbits=6:mapping=uniform:softdist=trilinear:feedback=0:prune=hamerly:seed=1:restarts=1:iter=20:miniter=0:polish_iter=0:feedback_slots=1:feedback_interval=1:sample_target=16384,end-to-end,measured,3,3,2,1.0981158341746777,'{img2sixel}' --threads=1 --precision=8bit --quality=full '--loaders=libpng!' --sampling-policy=full-frame --binning-policy=none --quantize-model=kmeans:inittype=none:threshold=0.125:binbits=6:mapping=uniform:softdist=trilinear:feedback=0:prune=hamerly:seed=1:restarts=1:iter=20:miniter=0:polish_iter=0:feedback_slots=1:feedback_interval=1:sample_target=16384 -Xoklab -Wgamma --diffusion=none --gpu-policy=off --lookup-policy=none -F none -a off -p 256 -o '{devnull}' '{input}'
f2c138d8f6aa0a90c89d019f85eaf9bb3efa5edb,macOS-26.5.1-arm64-arm-64bit-Mach-O,images/snake.png,256,full-frame-hard,full-frame,hard,kmeans:inittype=none:threshold=0.125:binbits=6:mapping=uniform:softdist=trilinear:feedback=0:prune=hamerly:seed=1:restarts=1:iter=20:miniter=0:polish_iter=0:feedback_slots=1:feedback_interval=1:sample_target=16384,end-to-end,measured,3,3,3,0.1193798747844994,'{img2sixel}' --threads=1 --precision=8bit --quality=full '--loaders=libpng!' --sampling-policy=full-frame --binning-policy=hard --quantize-model=kmeans:inittype=none:threshold=0.125:binbits=6:mapping=uniform:softdist=trilinear:feedback=0:prune=hamerly:seed=1:restarts=1:iter=20:miniter=0:polish_iter=0:feedback_slots=1:feedback_interval=1:sample_target=16384 -Xoklab -Wgamma --diffusion=none --gpu-policy=off --lookup-policy=none -F none -a off -p 256 -o '{devnull}' '{input}'
f2c138d8f6aa0a90c89d019f85eaf9bb3efa5edb,macOS-26.5.1-arm64-arm-64bit-Mach-O,images/snake.png,256,adaptive-grid-hard,adaptive-grid,hard,kmeans:inittype=none:threshold=0.125:binbits=6:mapping=uniform:softdist=trilinear:feedback=0:prune=hamerly:seed=1:restarts=1:iter=20:miniter=0:polish_iter=0:feedback_slots=1:feedback_interval=1:sample_target=16384,end-to-end,measured,3,3,4,0.09810183313675225,'{img2sixel}' --threads=1 --precision=8bit --quality=full '--loaders=libpng!' --sampling-policy=adaptive-grid --binning-policy=hard --quantize-model=kmeans:inittype=none:threshold=0.125:binbits=6:mapping=uniform:softdist=trilinear:feedback=0:prune=hamerly:seed=1:restarts=1:iter=20:miniter=0:polish_iter=0:feedback_slots=1:feedback_interval=1:sample_target=16384 -Xoklab -Wgamma --diffusion=none --gpu-policy=off --lookup-policy=none -F none -a off -p 256 -o '{devnull}' '{input}'
f2c138d8f6aa0a90c89d019f85eaf9bb3efa5edb,macOS-26.5.1-arm64-arm-64bit-Mach-O,images/snake.png,256,full-frame-hard,full-frame,hard,kmeans:inittype=none:threshold=0.125:binbits=6:mapping=uniform:softdist=trilinear:feedback=0:prune=hamerly:seed=1:restarts=1:iter=20:miniter=0:polish_iter=0:feedback_slots=1:feedback_interval=1:sample_target=16384,end-to-end,washout,4,4,-1,0.1248110830783844,'{img2sixel}' --threads=1 --precision=8bit --quality=full '--loaders=libpng!' --sampling-policy=full-frame --binning-policy=hard --quantize-model=kmeans:inittype=none:threshold=0.125:binbits=6:mapping=uniform:softdist=trilinear:feedback=0:prune=hamerly:seed=1:restarts=1:iter=20:miniter=0:polish_iter=0:feedback_slots=1:feedback_interval=1:sample_target=16384 -Xoklab -Wgamma --diffusion=none --gpu-policy=off --lookup-policy=none -F none -a off -p 256 -o '{devnull}' '{input}'
f2c138d8f6aa0a90c89d019f85eaf9bb3efa5edb,macOS-26.5.1-arm64-arm-64bit-Mach-O,images/snake.png,256,full-frame-soft,full-frame,soft,kmeans:inittype=none:threshold=0.125:binbits=6:mapping=uniform:softdist=trilinear:feedback=0:prune=hamerly:seed=1:restarts=1:iter=20:miniter=0:polish_iter=0:feedback_slots=1:feedback_interval=1:sample_target=16384,end-to-end,measured,4,4,0,0.13373570889234543,'{img2sixel}' --threads=1 --precision=8bit --quality=full '--loaders=libpng!' --sampling-policy=full-frame --binning-policy=soft --quantize-model=kmeans:inittype=none:threshold=0.125:binbits=6:mapping=uniform:softdist=trilinear:feedback=0:prune=hamerly:seed=1:restarts=1:iter=20:miniter=0:polish_iter=0:feedback_slots=1:feedback_interval=1:sample_target=16384 -Xoklab -Wgamma --diffusion=none --gpu-policy=off --lookup-policy=none -F none -a off -p 256 -o '{devnull}' '{input}'
f2c138d8f6aa0a90c89d019f85eaf9bb3efa5edb,macOS-26.5.1-arm64-arm-64bit-Mach-O,images/snake.png,256,full-frame-hard,full-frame,hard,kmeans:inittype=none:threshold=0.125:binbits=6:mapping=uniform:softdist=trilinear:feedback=0:prune=hamerly:seed=1:restarts=1:iter=20:miniter=0:polish_iter=0:feedback_slots=1:feedback_interval=1:sample_target=16384,end-to-end,measured,4,4,1,0.11764975008554757,'{img2sixel}' --threads=1 --precision=8bit --quality=full '--loaders=libpng!' --sampling-policy=full-frame --binning-policy=hard --quantize-model=kmeans:inittype=none:threshold=0.125:binbits=6:mapping=uniform:softdist=trilinear:feedback=0:prune=hamerly:seed=1:restarts=1:iter=20:miniter=0:polish_iter=0:feedback_slots=1:feedback_interval=1:sample_target=16384 -Xoklab -Wgamma --diffusion=none --gpu-policy=off --lookup-policy=none -F none -a off -p 256 -o '{devnull}' '{input}'
f2c138d8f6aa0a90c89d019f85eaf9bb3efa5edb,macOS-26.5.1-arm64-arm-64bit-Mach-O,images/snake.png,256,full-frame-exact,full-frame,exact,kmeans:inittype=none:threshold=0.125:binbits=6:mapping=uniform:softdist=trilinear:feedback=0:prune=hamerly:seed=1:restarts=1:iter=20:miniter=0:polish_iter=0:feedback_slots=1:feedback_interval=1:sample_target=16384,end-to-end,measured,4,4,2,0.3687239170540124,'{img2sixel}' --threads=1 --precision=8bit --quality=full '--loaders=libpng!' --sampling-policy=full-frame --binning-policy=exact --quantize-model=kmeans:inittype=none:threshold=0.125:binbits=6:mapping=uniform:softdist=trilinear:feedback=0:prune=hamerly:seed=1:restarts=1:iter=20:miniter=0:polish_iter=0:feedback_slots=1:feedback_interval=1:sample_target=16384 -Xoklab -Wgamma --diffusion=none --gpu-policy=off --lookup-policy=none -F none -a off -p 256 -o '{devnull}' '{input}'
f2c138d8f6aa0a90c89d019f85eaf9bb3efa5edb,macOS-26.5.1-arm64-arm-64bit-Mach-O,images/snake.png,256,adaptive-grid-hard,adaptive-grid,hard,kmeans:inittype=none:threshold=0.125:binbits=6:mapping=uniform:softdist=trilinear:feedback=0:prune=hamerly:seed=1:restarts=1:iter=20:miniter=0:polish_iter=0:feedback_slots=1:feedback_interval=1:sample_target=16384,end-to-end,measured,4,4,3,0.09875645814463496,'{img2sixel}' --threads=1 --precision=8bit --quality=full '--loaders=libpng!' --sampling-policy=adaptive-grid --binning-policy=hard --quantize-model=kmeans:inittype=none:threshold=0.125:binbits=6:mapping=uniform:softdist=trilinear:feedback=0:prune=hamerly:seed=1:restarts=1:iter=20:miniter=0:polish_iter=0:feedback_slots=1:feedback_interval=1:sample_target=16384 -Xoklab -Wgamma --diffusion=none --gpu-policy=off --lookup-policy=none -F none -a off -p 256 -o '{devnull}' '{input}'
f2c138d8f6aa0a90c89d019f85eaf9bb3efa5edb,macOS-26.5.1-arm64-arm-64bit-Mach-O,images/snake.png,256,full-frame-none,full-frame,none,kmeans:inittype=none:threshold=0.125:binbits=6:mapping=uniform:softdist=trilinear:feedback=0:prune=hamerly:seed=1:restarts=1:iter=20:miniter=0:polish_iter=0:feedback_slots=1:feedback_interval=1:sample_target=16384,end-to-end,measured,4,4,4,1.0942761660553515,'{img2sixel}' --threads=1 --precision=8bit --quality=full '--loaders=libpng!' --sampling-policy=full-frame --binning-policy=none --quantize-model=kmeans:inittype=none:threshold=0.125:binbits=6:mapping=uniform:softdist=trilinear:feedback=0:prune=hamerly:seed=1:restarts=1:iter=20:miniter=0:polish_iter=0:feedback_slots=1:feedback_interval=1:sample_target=16384 -Xoklab -Wgamma --diffusion=none --gpu-policy=off --lookup-policy=none -F none -a off -p 256 -o '{devnull}' '{input}'
f2c138d8f6aa0a90c89d019f85eaf9bb3efa5edb,macOS-26.5.1-arm64-arm-64bit-Mach-O,images/snake.png,256,full-frame-hard,full-frame,hard,kmeans:inittype=none:threshold=0.125:binbits=6:mapping=uniform:softdist=trilinear:feedback=0:prune=hamerly:seed=1:restarts=1:iter=20:miniter=0:polish_iter=0:feedback_slots=1:feedback_interval=1:sample_target=16384,end-to-end,washout,5,5,-1,0.11953841685317457,'{img2sixel}' --threads=1 --precision=8bit --quality=full '--loaders=libpng!' --sampling-policy=full-frame --binning-policy=hard --quantize-model=kmeans:inittype=none:threshold=0.125:binbits=6:mapping=uniform:softdist=trilinear:feedback=0:prune=hamerly:seed=1:restarts=1:iter=20:miniter=0:polish_iter=0:feedback_slots=1:feedback_interval=1:sample_target=16384 -Xoklab -Wgamma --diffusion=none --gpu-policy=off --lookup-policy=none -F none -a off -p 256 -o '{devnull}' '{input}'
f2c138d8f6aa0a90c89d019f85eaf9bb3efa5edb,macOS-26.5.1-arm64-arm-64bit-Mach-O,images/snake.png,256,full-frame-exact,full-frame,exact,kmeans:inittype=none:threshold=0.125:binbits=6:mapping=uniform:softdist=trilinear:feedback=0:prune=hamerly:seed=1:restarts=1:iter=20:miniter=0:polish_iter=0:feedback_slots=1:feedback_interval=1:sample_target=16384,end-to-end,measured,5,5,0,0.3708890420384705,'{img2sixel}' --threads=1 --precision=8bit --quality=full '--loaders=libpng!' --sampling-policy=full-frame --binning-policy=exact --quantize-model=kmeans:inittype=none:threshold=0.125:binbits=6:mapping=uniform:softdist=trilinear:feedback=0:prune=hamerly:seed=1:restarts=1:iter=20:miniter=0:polish_iter=0:feedback_slots=1:feedback_interval=1:sample_target=16384 -Xoklab -Wgamma --diffusion=none --gpu-policy=off --lookup-policy=none -F none -a off -p 256 -o '{devnull}' '{input}'
f2c138d8f6aa0a90c89d019f85eaf9bb3efa5edb,macOS-26.5.1-arm64-arm-64bit-Mach-O,images/snake.png,256,full-frame-none,full-frame,none,kmeans:inittype=none:threshold=0.125:binbits=6:mapping=uniform:softdist=trilinear:feedback=0:prune=hamerly:seed=1:restarts=1:iter=20:miniter=0:polish_iter=0:feedback_slots=1:feedback_interval=1:sample_target=16384,end-to-end,measured,5,5,1,1.094858333002776,'{img2sixel}' --threads=1 --precision=8bit --quality=full '--loaders=libpng!' --sampling-policy=full-frame --binning-policy=none --quantize-model=kmeans:inittype=none:threshold=0.125:binbits=6:mapping=uniform:softdist=trilinear:feedback=0:prune=hamerly:seed=1:restarts=1:iter=20:miniter=0:polish_iter=0:feedback_slots=1:feedback_interval=1:sample_target=16384 -Xoklab -Wgamma --diffusion=none --gpu-policy=off --lookup-policy=none -F none -a off -p 256 -o '{devnull}' '{input}'
f2c138d8f6aa0a90c89d019f85eaf9bb3efa5edb,macOS-26.5.1-arm64-arm-64bit-Mach-O,images/snake.png,256,full-frame-soft,full-frame,soft,kmeans:inittype=none:threshold=0.125:binbits=6:mapping=uniform:softdist=trilinear:feedback=0:prune=hamerly:seed=1:restarts=1:iter=20:miniter=0:polish_iter=0:feedback_slots=1:feedback_interval=1:sample_target=16384,end-to-end,measured,5,5,2,0.13535374985076487,'{img2sixel}' --threads=1 --precision=8bit --quality=full '--loaders=libpng!' --sampling-policy=full-frame --binning-policy=soft --quantize-model=kmeans:inittype=none:threshold=0.125:binbits=6:mapping=uniform:softdist=trilinear:feedback=0:prune=hamerly:seed=1:restarts=1:iter=20:miniter=0:polish_iter=0:feedback_slots=1:feedback_interval=1:sample_target=16384 -Xoklab -Wgamma --diffusion=none --gpu-policy=off --lookup-policy=none -F none -a off -p 256 -o '{devnull}' '{input}'
f2c138d8f6aa0a90c89d019f85eaf9bb3efa5edb,macOS-26.5.1-arm64-arm-64bit-Mach-O,images/snake.png,256,adaptive-grid-hard,adaptive-grid,hard,kmeans:inittype=none:threshold=0.125:binbits=6:mapping=uniform:softdist=trilinear:feedback=0:prune=hamerly:seed=1:restarts=1:iter=20:miniter=0:polish_iter=0:feedback_slots=1:feedback_interval=1:sample_target=16384,end-to-end,measured,5,5,3,0.10162445902824402,'{img2sixel}' --threads=1 --precision=8bit --quality=full '--loaders=libpng!' --sampling-policy=adaptive-grid --binning-policy=hard --quantize-model=kmeans:inittype=none:threshold=0.125:binbits=6:mapping=uniform:softdist=trilinear:feedback=0:prune=hamerly:seed=1:restarts=1:iter=20:miniter=0:polish_iter=0:feedback_slots=1:feedback_interval=1:sample_target=16384 -Xoklab -Wgamma --diffusion=none --gpu-policy=off --lookup-policy=none -F none -a off -p 256 -o '{devnull}' '{input}'
f2c138d8f6aa0a90c89d019f85eaf9bb3efa5edb,macOS-26.5.1-arm64-arm-64bit-Mach-O,images/snake.png,256,full-frame-hard,full-frame,hard,kmeans:inittype=none:threshold=0.125:binbits=6:mapping=uniform:softdist=trilinear:feedback=0:prune=hamerly:seed=1:restarts=1:iter=20:miniter=0:polish_iter=0:feedback_slots=1:feedback_interval=1:sample_target=16384,end-to-end,measured,5,5,4,0.12301079090684652,'{img2sixel}' --threads=1 --precision=8bit --quality=full '--loaders=libpng!' --sampling-policy=full-frame --binning-policy=hard --quantize-model=kmeans:inittype=none:threshold=0.125:binbits=6:mapping=uniform:softdist=trilinear:feedback=0:prune=hamerly:seed=1:restarts=1:iter=20:miniter=0:polish_iter=0:feedback_slots=1:feedback_interval=1:sample_target=16384 -Xoklab -Wgamma --diffusion=none --gpu-policy=off --lookup-policy=none -F none -a off -p 256 -o '{devnull}' '{input}'
f2c138d8f6aa0a90c89d019f85eaf9bb3efa5edb,macOS-26.5.1-arm64-arm-64bit-Mach-O,images/snake.png,256,full-frame-hard,full-frame,hard,kmeans:inittype=none:threshold=0.125:binbits=6:mapping=uniform:softdist=trilinear:feedback=0:prune=hamerly:seed=1:restarts=1:iter=20:miniter=0:polish_iter=0:feedback_slots=1:feedback_interval=1:sample_target=16384,end-to-end,washout,6,6,-1,0.12024558312259614,'{img2sixel}' --threads=1 --precision=8bit --quality=full '--loaders=libpng!' --sampling-policy=full-frame --binning-policy=hard --quantize-model=kmeans:inittype=none:threshold=0.125:binbits=6:mapping=uniform:softdist=trilinear:feedback=0:prune=hamerly:seed=1:restarts=1:iter=20:miniter=0:polish_iter=0:feedback_slots=1:feedback_interval=1:sample_target=16384 -Xoklab -Wgamma --diffusion=none --gpu-policy=off --lookup-policy=none -F none -a off -p 256 -o '{devnull}' '{input}'
f2c138d8f6aa0a90c89d019f85eaf9bb3efa5edb,macOS-26.5.1-arm64-arm-64bit-Mach-O,images/snake.png,256,full-frame-soft,full-frame,soft,kmeans:inittype=none:threshold=0.125:binbits=6:mapping=uniform:softdist=trilinear:feedback=0:prune=hamerly:seed=1:restarts=1:iter=20:miniter=0:polish_iter=0:feedback_slots=1:feedback_interval=1:sample_target=16384,end-to-end,measured,6,6,0,0.13471908401697874,'{img2sixel}' --threads=1 --precision=8bit --quality=full '--loaders=libpng!' --sampling-policy=full-frame --binning-policy=soft --quantize-model=kmeans:inittype=none:threshold=0.125:binbits=6:mapping=uniform:softdist=trilinear:feedback=0:prune=hamerly:seed=1:restarts=1:iter=20:miniter=0:polish_iter=0:feedback_slots=1:feedback_interval=1:sample_target=16384 -Xoklab -Wgamma --diffusion=none --gpu-policy=off --lookup-policy=none -F none -a off -p 256 -o '{devnull}' '{input}'
f2c138d8f6aa0a90c89d019f85eaf9bb3efa5edb,macOS-26.5.1-arm64-arm-64bit-Mach-O,images/snake.png,256,full-frame-exact,full-frame,exact,kmeans:inittype=none:threshold=0.125:binbits=6:mapping=uniform:softdist=trilinear:feedback=0:prune=hamerly:seed=1:restarts=1:iter=20:miniter=0:polish_iter=0:feedback_slots=1:feedback_interval=1:sample_target=16384,end-to-end,measured,6,6,1,0.3712384579703212,'{img2sixel}' --threads=1 --precision=8bit --quality=full '--loaders=libpng!' --sampling-policy=full-frame --binning-policy=exact --quantize-model=kmeans:inittype=none:threshold=0.125:binbits=6:mapping=uniform:softdist=trilinear:feedback=0:prune=hamerly:seed=1:restarts=1:iter=20:miniter=0:polish_iter=0:feedback_slots=1:feedback_interval=1:sample_target=16384 -Xoklab -Wgamma --diffusion=none --gpu-policy=off --lookup-policy=none -F none -a off -p 256 -o '{devnull}' '{input}'
f2c138d8f6aa0a90c89d019f85eaf9bb3efa5edb,macOS-26.5.1-arm64-arm-64bit-Mach-O,images/snake.png,256,full-frame-hard,full-frame,hard,kmeans:inittype=none:threshold=0.125:binbits=6:mapping=uniform:softdist=trilinear:feedback=0:prune=hamerly:seed=1:restarts=1:iter=20:miniter=0:polish_iter=0:feedback_slots=1:feedback_interval=1:sample_target=16384,end-to-end,measured,6,6,2,0.11899412493221462,'{img2sixel}' --threads=1 --precision=8bit --quality=full '--loaders=libpng!' --sampling-policy=full-frame --binning-policy=hard --quantize-model=kmeans:inittype=none:threshold=0.125:binbits=6:mapping=uniform:softdist=trilinear:feedback=0:prune=hamerly:seed=1:restarts=1:iter=20:miniter=0:polish_iter=0:feedback_slots=1:feedback_interval=1:sample_target=16384 -Xoklab -Wgamma --diffusion=none --gpu-policy=off --lookup-policy=none -F none -a off -p 256 -o '{devnull}' '{input}'
f2c138d8f6aa0a90c89d019f85eaf9bb3efa5edb,macOS-26.5.1-arm64-arm-64bit-Mach-O,images/snake.png,256,full-frame-none,full-frame,none,kmeans:inittype=none:threshold=0.125:binbits=6:mapping=uniform:softdist=trilinear:feedback=0:prune=hamerly:seed=1:restarts=1:iter=20:miniter=0:polish_iter=0:feedback_slots=1:feedback_interval=1:sample_target=16384,end-to-end,measured,6,6,3,1.1086939999368042,'{img2sixel}' --threads=1 --precision=8bit --quality=full '--loaders=libpng!' --sampling-policy=full-frame --binning-policy=none --quantize-model=kmeans:inittype=none:threshold=0.125:binbits=6:mapping=uniform:softdist=trilinear:feedback=0:prune=hamerly:seed=1:restarts=1:iter=20:miniter=0:polish_iter=0:feedback_slots=1:feedback_interval=1:sample_target=16384 -Xoklab -Wgamma --diffusion=none --gpu-policy=off --lookup-policy=none -F none -a off -p 256 -o '{devnull}' '{input}'
f2c138d8f6aa0a90c89d019f85eaf9bb3efa5edb,macOS-26.5.1-arm64-arm-64bit-Mach-O,images/snake.png,256,adaptive-grid-hard,adaptive-grid,hard,kmeans:inittype=none:threshold=0.125:binbits=6:mapping=uniform:softdist=trilinear:feedback=0:prune=hamerly:seed=1:restarts=1:iter=20:miniter=0:polish_iter=0:feedback_slots=1:feedback_interval=1:sample_target=16384,end-to-end,measured,6,6,4,0.11515520908869803,'{img2sixel}' --threads=1 --precision=8bit --quality=full '--loaders=libpng!' --sampling-policy=adaptive-grid --binning-policy=hard --quantize-model=kmeans:inittype=none:threshold=0.125:binbits=6:mapping=uniform:softdist=trilinear:feedback=0:prune=hamerly:seed=1:restarts=1:iter=20:miniter=0:polish_iter=0:feedback_slots=1:feedback_interval=1:sample_target=16384 -Xoklab -Wgamma --diffusion=none --gpu-policy=off --lookup-policy=none -F none -a off -p 256 -o '{devnull}' '{input}'
f2c138d8f6aa0a90c89d019f85eaf9bb3efa5edb,macOS-26.5.1-arm64-arm-64bit-Mach-O,images/snake.png,256,full-frame-hard,full-frame,hard,kmeans:inittype=none:threshold=0.125:binbits=6:mapping=uniform:softdist=trilinear:feedback=0:prune=hamerly:seed=1:restarts=1:iter=20:miniter=0:polish_iter=0:feedback_slots=1:feedback_interval=1:sample_target=16384,end-to-end,washout,7,7,-1,0.12705883313901722,'{img2sixel}' --threads=1 --precision=8bit --quality=full '--loaders=libpng!' --sampling-policy=full-frame --binning-policy=hard --quantize-model=kmeans:inittype=none:threshold=0.125:binbits=6:mapping=uniform:softdist=trilinear:feedback=0:prune=hamerly:seed=1:restarts=1:iter=20:miniter=0:polish_iter=0:feedback_slots=1:feedback_interval=1:sample_target=16384 -Xoklab -Wgamma --diffusion=none --gpu-policy=off --lookup-policy=none -F none -a off -p 256 -o '{devnull}' '{input}'
f2c138d8f6aa0a90c89d019f85eaf9bb3efa5edb,macOS-26.5.1-arm64-arm-64bit-Mach-O,images/snake.png,256,full-frame-hard,full-frame,hard,kmeans:inittype=none:threshold=0.125:binbits=6:mapping=uniform:softdist=trilinear:feedback=0:prune=hamerly:seed=1:restarts=1:iter=20:miniter=0:polish_iter=0:feedback_slots=1:feedback_interval=1:sample_target=16384,end-to-end,measured,7,7,0,0.12716387514956295,'{img2sixel}' --threads=1 --precision=8bit --quality=full '--loaders=libpng!' --sampling-policy=full-frame --binning-policy=hard --quantize-model=kmeans:inittype=none:threshold=0.125:binbits=6:mapping=uniform:softdist=trilinear:feedback=0:prune=hamerly:seed=1:restarts=1:iter=20:miniter=0:polish_iter=0:feedback_slots=1:feedback_interval=1:sample_target=16384 -Xoklab -Wgamma --diffusion=none --gpu-policy=off --lookup-policy=none -F none -a off -p 256 -o '{devnull}' '{input}'
f2c138d8f6aa0a90c89d019f85eaf9bb3efa5edb,macOS-26.5.1-arm64-arm-64bit-Mach-O,images/snake.png,256,full-frame-soft,full-frame,soft,kmeans:inittype=none:threshold=0.125:binbits=6:mapping=uniform:softdist=trilinear:feedback=0:prune=hamerly:seed=1:restarts=1:iter=20:miniter=0:polish_iter=0:feedback_slots=1:feedback_interval=1:sample_target=16384,end-to-end,measured,7,7,1,0.14517241599969566,'{img2sixel}' --threads=1 --precision=8bit --quality=full '--loaders=libpng!' --sampling-policy=full-frame --binning-policy=soft --quantize-model=kmeans:inittype=none:threshold=0.125:binbits=6:mapping=uniform:softdist=trilinear:feedback=0:prune=hamerly:seed=1:restarts=1:iter=20:miniter=0:polish_iter=0:feedback_slots=1:feedback_interval=1:sample_target=16384 -Xoklab -Wgamma --diffusion=none --gpu-policy=off --lookup-policy=none -F none -a off -p 256 -o '{devnull}' '{input}'
f2c138d8f6aa0a90c89d019f85eaf9bb3efa5edb,macOS-26.5.1-arm64-arm-64bit-Mach-O,images/snake.png,256,adaptive-grid-hard,adaptive-grid,hard,kmeans:inittype=none:threshold=0.125:binbits=6:mapping=uniform:softdist=trilinear:feedback=0:prune=hamerly:seed=1:restarts=1:iter=20:miniter=0:polish_iter=0:feedback_slots=1:feedback_interval=1:sample_target=16384,end-to-end,measured,7,7,2,0.10026458301581442,'{img2sixel}' --threads=1 --precision=8bit --quality=full '--loaders=libpng!' --sampling-policy=adaptive-grid --binning-policy=hard --quantize-model=kmeans:inittype=none:threshold=0.125:binbits=6:mapping=uniform:softdist=trilinear:feedback=0:prune=hamerly:seed=1:restarts=1:iter=20:miniter=0:polish_iter=0:feedback_slots=1:feedback_interval=1:sample_target=16384 -Xoklab -Wgamma --diffusion=none --gpu-policy=off --lookup-policy=none -F none -a off -p 256 -o '{devnull}' '{input}'
f2c138d8f6aa0a90c89d019f85eaf9bb3efa5edb,macOS-26.5.1-arm64-arm-64bit-Mach-O,images/snake.png,256,full-frame-exact,full-frame,exact,kmeans:inittype=none:threshold=0.125:binbits=6:mapping=uniform:softdist=trilinear:feedback=0:prune=hamerly:seed=1:restarts=1:iter=20:miniter=0:polish_iter=0:feedback_slots=1:feedback_interval=1:sample_target=16384,end-to-end,measured,7,7,3,0.381267124786973,'{img2sixel}' --threads=1 --precision=8bit --quality=full '--loaders=libpng!' --sampling-policy=full-frame --binning-policy=exact --quantize-model=kmeans:inittype=none:threshold=0.125:binbits=6:mapping=uniform:softdist=trilinear:feedback=0:prune=hamerly:seed=1:restarts=1:iter=20:miniter=0:polish_iter=0:feedback_slots=1:feedback_interval=1:sample_target=16384 -Xoklab -Wgamma --diffusion=none --gpu-policy=off --lookup-policy=none -F none -a off -p 256 -o '{devnull}' '{input}'
f2c138d8f6aa0a90c89d019f85eaf9bb3efa5edb,macOS-26.5.1-arm64-arm-64bit-Mach-O,images/snake.png,256,full-frame-none,full-frame,none,kmeans:inittype=none:threshold=0.125:binbits=6:mapping=uniform:softdist=trilinear:feedback=0:prune=hamerly:seed=1:restarts=1:iter=20:miniter=0:polish_iter=0:feedback_slots=1:feedback_interval=1:sample_target=16384,end-to-end,measured,7,7,4,1.1213546670041978,'{img2sixel}' --threads=1 --precision=8bit --quality=full '--loaders=libpng!' --sampling-policy=full-frame --binning-policy=none --quantize-model=kmeans:inittype=none:threshold=0.125:binbits=6:mapping=uniform:softdist=trilinear:feedback=0:prune=hamerly:seed=1:restarts=1:iter=20:miniter=0:polish_iter=0:feedback_slots=1:feedback_interval=1:sample_target=16384 -Xoklab -Wgamma --diffusion=none --gpu-policy=off --lookup-policy=none -F none -a off -p 256 -o '{devnull}' '{input}'
f2c138d8f6aa0a90c89d019f85eaf9bb3efa5edb,macOS-26.5.1-arm64-arm-64bit-Mach-O,images/snake.png,256,full-frame-hard,full-frame,hard,kmeans:inittype=none:threshold=0.125:binbits=6:mapping=uniform:softdist=trilinear:feedback=0:prune=hamerly:seed=1:restarts=1:iter=20:miniter=0:polish_iter=0:feedback_slots=1:feedback_interval=1:sample_target=16384,end-to-end,washout,8,8,-1,0.11996987508609891,'{img2sixel}' --threads=1 --precision=8bit --quality=full '--loaders=libpng!' --sampling-policy=full-frame --binning-policy=hard --quantize-model=kmeans:inittype=none:threshold=0.125:binbits=6:mapping=uniform:softdist=trilinear:feedback=0:prune=hamerly:seed=1:restarts=1:iter=20:miniter=0:polish_iter=0:feedback_slots=1:feedback_interval=1:sample_target=16384 -Xoklab -Wgamma --diffusion=none --gpu-policy=off --lookup-policy=none -F none -a off -p 256 -o '{devnull}' '{input}'
f2c138d8f6aa0a90c89d019f85eaf9bb3efa5edb,macOS-26.5.1-arm64-arm-64bit-Mach-O,images/snake.png,256,adaptive-grid-hard,adaptive-grid,hard,kmeans:inittype=none:threshold=0.125:binbits=6:mapping=uniform:softdist=trilinear:feedback=0:prune=hamerly:seed=1:restarts=1:iter=20:miniter=0:polish_iter=0:feedback_slots=1:feedback_interval=1:sample_target=16384,end-to-end,measured,8,8,0,0.09932041610591114,'{img2sixel}' --threads=1 --precision=8bit --quality=full '--loaders=libpng!' --sampling-policy=adaptive-grid --binning-policy=hard --quantize-model=kmeans:inittype=none:threshold=0.125:binbits=6:mapping=uniform:softdist=trilinear:feedback=0:prune=hamerly:seed=1:restarts=1:iter=20:miniter=0:polish_iter=0:feedback_slots=1:feedback_interval=1:sample_target=16384 -Xoklab -Wgamma --diffusion=none --gpu-policy=off --lookup-policy=none -F none -a off -p 256 -o '{devnull}' '{input}'
f2c138d8f6aa0a90c89d019f85eaf9bb3efa5edb,macOS-26.5.1-arm64-arm-64bit-Mach-O,images/snake.png,256,full-frame-hard,full-frame,hard,kmeans:inittype=none:threshold=0.125:binbits=6:mapping=uniform:softdist=trilinear:feedback=0:prune=hamerly:seed=1:restarts=1:iter=20:miniter=0:polish_iter=0:feedback_slots=1:feedback_interval=1:sample_target=16384,end-to-end,measured,8,8,1,0.11953137489035726,'{img2sixel}' --threads=1 --precision=8bit --quality=full '--loaders=libpng!' --sampling-policy=full-frame --binning-policy=hard --quantize-model=kmeans:inittype=none:threshold=0.125:binbits=6:mapping=uniform:softdist=trilinear:feedback=0:prune=hamerly:seed=1:restarts=1:iter=20:miniter=0:polish_iter=0:feedback_slots=1:feedback_interval=1:sample_target=16384 -Xoklab -Wgamma --diffusion=none --gpu-policy=off --lookup-policy=none -F none -a off -p 256 -o '{devnull}' '{input}'
f2c138d8f6aa0a90c89d019f85eaf9bb3efa5edb,macOS-26.5.1-arm64-arm-64bit-Mach-O,images/snake.png,256,full-frame-none,full-frame,none,kmeans:inittype=none:threshold=0.125:binbits=6:mapping=uniform:softdist=trilinear:feedback=0:prune=hamerly:seed=1:restarts=1:iter=20:miniter=0:polish_iter=0:feedback_slots=1:feedback_interval=1:sample_target=16384,end-to-end,measured,8,8,2,1.1481153331696987,'{img2sixel}' --threads=1 --precision=8bit --quality=full '--loaders=libpng!' --sampling-policy=full-frame --binning-policy=none --quantize-model=kmeans:inittype=none:threshold=0.125:binbits=6:mapping=uniform:softdist=trilinear:feedback=0:prune=hamerly:seed=1:restarts=1:iter=20:miniter=0:polish_iter=0:feedback_slots=1:feedback_interval=1:sample_target=16384 -Xoklab -Wgamma --diffusion=none --gpu-policy=off --lookup-policy=none -F none -a off -p 256 -o '{devnull}' '{input}'
f2c138d8f6aa0a90c89d019f85eaf9bb3efa5edb,macOS-26.5.1-arm64-arm-64bit-Mach-O,images/snake.png,256,full-frame-soft,full-frame,soft,kmeans:inittype=none:threshold=0.125:binbits=6:mapping=uniform:softdist=trilinear:feedback=0:prune=hamerly:seed=1:restarts=1:iter=20:miniter=0:polish_iter=0:feedback_slots=1:feedback_interval=1:sample_target=16384,end-to-end,measured,8,8,3,0.1405913329217583,'{img2sixel}' --threads=1 --precision=8bit --quality=full '--loaders=libpng!' --sampling-policy=full-frame --binning-policy=soft --quantize-model=kmeans:inittype=none:threshold=0.125:binbits=6:mapping=uniform:softdist=trilinear:feedback=0:prune=hamerly:seed=1:restarts=1:iter=20:miniter=0:polish_iter=0:feedback_slots=1:feedback_interval=1:sample_target=16384 -Xoklab -Wgamma --diffusion=none --gpu-policy=off --lookup-policy=none -F none -a off -p 256 -o '{devnull}' '{input}'
f2c138d8f6aa0a90c89d019f85eaf9bb3efa5edb,macOS-26.5.1-arm64-arm-64bit-Mach-O,images/snake.png,256,full-frame-exact,full-frame,exact,kmeans:inittype=none:threshold=0.125:binbits=6:mapping=uniform:softdist=trilinear:feedback=0:prune=hamerly:seed=1:restarts=1:iter=20:miniter=0:polish_iter=0:feedback_slots=1:feedback_interval=1:sample_target=16384,end-to-end,measured,8,8,4,0.374400292057544,'{img2sixel}' --threads=1 --precision=8bit --quality=full '--loaders=libpng!' --sampling-policy=full-frame --binning-policy=exact --quantize-model=kmeans:inittype=none:threshold=0.125:binbits=6:mapping=uniform:softdist=trilinear:feedback=0:prune=hamerly:seed=1:restarts=1:iter=20:miniter=0:polish_iter=0:feedback_slots=1:feedback_interval=1:sample_target=16384 -Xoklab -Wgamma --diffusion=none --gpu-policy=off --lookup-policy=none -F none -a off -p 256 -o '{devnull}' '{input}'
f2c138d8f6aa0a90c89d019f85eaf9bb3efa5edb,macOS-26.5.1-arm64-arm-64bit-Mach-O,images/snake.png,256,full-frame-hard,full-frame,hard,kmeans:inittype=none:threshold=0.125:binbits=6:mapping=uniform:softdist=trilinear:feedback=0:prune=hamerly:seed=1:restarts=1:iter=20:miniter=0:polish_iter=0:feedback_slots=1:feedback_interval=1:sample_target=16384,end-to-end,washout,9,9,-1,0.11908558290451765,'{img2sixel}' --threads=1 --precision=8bit --quality=full '--loaders=libpng!' --sampling-policy=full-frame --binning-policy=hard --quantize-model=kmeans:inittype=none:threshold=0.125:binbits=6:mapping=uniform:softdist=trilinear:feedback=0:prune=hamerly:seed=1:restarts=1:iter=20:miniter=0:polish_iter=0:feedback_slots=1:feedback_interval=1:sample_target=16384 -Xoklab -Wgamma --diffusion=none --gpu-policy=off --lookup-policy=none -F none -a off -p 256 -o '{devnull}' '{input}'
f2c138d8f6aa0a90c89d019f85eaf9bb3efa5edb,macOS-26.5.1-arm64-arm-64bit-Mach-O,images/snake.png,256,full-frame-none,full-frame,none,kmeans:inittype=none:threshold=0.125:binbits=6:mapping=uniform:softdist=trilinear:feedback=0:prune=hamerly:seed=1:restarts=1:iter=20:miniter=0:polish_iter=0:feedback_slots=1:feedback_interval=1:sample_target=16384,end-to-end,measured,9,9,0,1.131488332990557,'{img2sixel}' --threads=1 --precision=8bit --quality=full '--loaders=libpng!' --sampling-policy=full-frame --binning-policy=none --quantize-model=kmeans:inittype=none:threshold=0.125:binbits=6:mapping=uniform:softdist=trilinear:feedback=0:prune=hamerly:seed=1:restarts=1:iter=20:miniter=0:polish_iter=0:feedback_slots=1:feedback_interval=1:sample_target=16384 -Xoklab -Wgamma --diffusion=none --gpu-policy=off --lookup-policy=none -F none -a off -p 256 -o '{devnull}' '{input}'
f2c138d8f6aa0a90c89d019f85eaf9bb3efa5edb,macOS-26.5.1-arm64-arm-64bit-Mach-O,images/snake.png,256,adaptive-grid-hard,adaptive-grid,hard,kmeans:inittype=none:threshold=0.125:binbits=6:mapping=uniform:softdist=trilinear:feedback=0:prune=hamerly:seed=1:restarts=1:iter=20:miniter=0:polish_iter=0:feedback_slots=1:feedback_interval=1:sample_target=16384,end-to-end,measured,9,9,1,0.10162650002166629,'{img2sixel}' --threads=1 --precision=8bit --quality=full '--loaders=libpng!' --sampling-policy=adaptive-grid --binning-policy=hard --quantize-model=kmeans:inittype=none:threshold=0.125:binbits=6:mapping=uniform:softdist=trilinear:feedback=0:prune=hamerly:seed=1:restarts=1:iter=20:miniter=0:polish_iter=0:feedback_slots=1:feedback_interval=1:sample_target=16384 -Xoklab -Wgamma --diffusion=none --gpu-policy=off --lookup-policy=none -F none -a off -p 256 -o '{devnull}' '{input}'
f2c138d8f6aa0a90c89d019f85eaf9bb3efa5edb,macOS-26.5.1-arm64-arm-64bit-Mach-O,images/snake.png,256,full-frame-exact,full-frame,exact,kmeans:inittype=none:threshold=0.125:binbits=6:mapping=uniform:softdist=trilinear:feedback=0:prune=hamerly:seed=1:restarts=1:iter=20:miniter=0:polish_iter=0:feedback_slots=1:feedback_interval=1:sample_target=16384,end-to-end,measured,9,9,2,0.3728893748484552,'{img2sixel}' --threads=1 --precision=8bit --quality=full '--loaders=libpng!' --sampling-policy=full-frame --binning-policy=exact --quantize-model=kmeans:inittype=none:threshold=0.125:binbits=6:mapping=uniform:softdist=trilinear:feedback=0:prune=hamerly:seed=1:restarts=1:iter=20:miniter=0:polish_iter=0:feedback_slots=1:feedback_interval=1:sample_target=16384 -Xoklab -Wgamma --diffusion=none --gpu-policy=off --lookup-policy=none -F none -a off -p 256 -o '{devnull}' '{input}'
f2c138d8f6aa0a90c89d019f85eaf9bb3efa5edb,macOS-26.5.1-arm64-arm-64bit-Mach-O,images/snake.png,256,full-frame-hard,full-frame,hard,kmeans:inittype=none:threshold=0.125:binbits=6:mapping=uniform:softdist=trilinear:feedback=0:prune=hamerly:seed=1:restarts=1:iter=20:miniter=0:polish_iter=0:feedback_slots=1:feedback_interval=1:sample_target=16384,end-to-end,measured,9,9,3,0.1202517079655081,'{img2sixel}' --threads=1 --precision=8bit --quality=full '--loaders=libpng!' --sampling-policy=full-frame --binning-policy=hard --quantize-model=kmeans:inittype=none:threshold=0.125:binbits=6:mapping=uniform:softdist=trilinear:feedback=0:prune=hamerly:seed=1:restarts=1:iter=20:miniter=0:polish_iter=0:feedback_slots=1:feedback_interval=1:sample_target=16384 -Xoklab -Wgamma --diffusion=none --gpu-policy=off --lookup-policy=none -F none -a off -p 256 -o '{devnull}' '{input}'
f2c138d8f6aa0a90c89d019f85eaf9bb3efa5edb,macOS-26.5.1-arm64-arm-64bit-Mach-O,images/snake.png,256,full-frame-soft,full-frame,soft,kmeans:inittype=none:threshold=0.125:binbits=6:mapping=uniform:softdist=trilinear:feedback=0:prune=hamerly:seed=1:restarts=1:iter=20:miniter=0:polish_iter=0:feedback_slots=1:feedback_interval=1:sample_target=16384,end-to-end,measured,9,9,4,0.14119616709649563,'{img2sixel}' --threads=1 --precision=8bit --quality=full '--loaders=libpng!' --sampling-policy=full-frame --binning-policy=soft --quantize-model=kmeans:inittype=none:threshold=0.125:binbits=6:mapping=uniform:softdist=trilinear:feedback=0:prune=hamerly:seed=1:restarts=1:iter=20:miniter=0:polish_iter=0:feedback_slots=1:feedback_interval=1:sample_target=16384 -Xoklab -Wgamma --diffusion=none --gpu-policy=off --lookup-policy=none -F none -a off -p 256 -o '{devnull}' '{input}'
f2c138d8f6aa0a90c89d019f85eaf9bb3efa5edb,macOS-26.5.1-arm64-arm-64bit-Mach-O,images/snake.png,256,full-frame-hard,full-frame,hard,kmeans:inittype=none:threshold=0.125:binbits=6:mapping=uniform:softdist=trilinear:feedback=0:prune=hamerly:seed=1:restarts=1:iter=20:miniter=0:polish_iter=0:feedback_slots=1:feedback_interval=1:sample_target=16384,end-to-end,washout,10,0,-1,0.11881449981592596,'{img2sixel}' --threads=1 --precision=8bit --quality=full '--loaders=libpng!' --sampling-policy=full-frame --binning-policy=hard --quantize-model=kmeans:inittype=none:threshold=0.125:binbits=6:mapping=uniform:softdist=trilinear:feedback=0:prune=hamerly:seed=1:restarts=1:iter=20:miniter=0:polish_iter=0:feedback_slots=1:feedback_interval=1:sample_target=16384 -Xoklab -Wgamma --diffusion=none --gpu-policy=off --lookup-policy=none -F none -a off -p 256 -o '{devnull}' '{input}'
f2c138d8f6aa0a90c89d019f85eaf9bb3efa5edb,macOS-26.5.1-arm64-arm-64bit-Mach-O,images/snake.png,256,full-frame-hard,full-frame,hard,kmeans:inittype=none:threshold=0.125:binbits=6:mapping=uniform:softdist=trilinear:feedback=0:prune=hamerly:seed=1:restarts=1:iter=20:miniter=0:polish_iter=0:feedback_slots=1:feedback_interval=1:sample_target=16384,end-to-end,measured,10,0,0,0.11902887490577996,'{img2sixel}' --threads=1 --precision=8bit --quality=full '--loaders=libpng!' --sampling-policy=full-frame --binning-policy=hard --quantize-model=kmeans:inittype=none:threshold=0.125:binbits=6:mapping=uniform:softdist=trilinear:feedback=0:prune=hamerly:seed=1:restarts=1:iter=20:miniter=0:polish_iter=0:feedback_slots=1:feedback_interval=1:sample_target=16384 -Xoklab -Wgamma --diffusion=none --gpu-policy=off --lookup-policy=none -F none -a off -p 256 -o '{devnull}' '{input}'
f2c138d8f6aa0a90c89d019f85eaf9bb3efa5edb,macOS-26.5.1-arm64-arm-64bit-Mach-O,images/snake.png,256,adaptive-grid-hard,adaptive-grid,hard,kmeans:inittype=none:threshold=0.125:binbits=6:mapping=uniform:softdist=trilinear:feedback=0:prune=hamerly:seed=1:restarts=1:iter=20:miniter=0:polish_iter=0:feedback_slots=1:feedback_interval=1:sample_target=16384,end-to-end,measured,10,0,1,0.10019308305345476,'{img2sixel}' --threads=1 --precision=8bit --quality=full '--loaders=libpng!' --sampling-policy=adaptive-grid --binning-policy=hard --quantize-model=kmeans:inittype=none:threshold=0.125:binbits=6:mapping=uniform:softdist=trilinear:feedback=0:prune=hamerly:seed=1:restarts=1:iter=20:miniter=0:polish_iter=0:feedback_slots=1:feedback_interval=1:sample_target=16384 -Xoklab -Wgamma --diffusion=none --gpu-policy=off --lookup-policy=none -F none -a off -p 256 -o '{devnull}' '{input}'
f2c138d8f6aa0a90c89d019f85eaf9bb3efa5edb,macOS-26.5.1-arm64-arm-64bit-Mach-O,images/snake.png,256,full-frame-soft,full-frame,soft,kmeans:inittype=none:threshold=0.125:binbits=6:mapping=uniform:softdist=trilinear:feedback=0:prune=hamerly:seed=1:restarts=1:iter=20:miniter=0:polish_iter=0:feedback_slots=1:feedback_interval=1:sample_target=16384,end-to-end,measured,10,0,2,0.13455999991856515,'{img2sixel}' --threads=1 --precision=8bit --quality=full '--loaders=libpng!' --sampling-policy=full-frame --binning-policy=soft --quantize-model=kmeans:inittype=none:threshold=0.125:binbits=6:mapping=uniform:softdist=trilinear:feedback=0:prune=hamerly:seed=1:restarts=1:iter=20:miniter=0:polish_iter=0:feedback_slots=1:feedback_interval=1:sample_target=16384 -Xoklab -Wgamma --diffusion=none --gpu-policy=off --lookup-policy=none -F none -a off -p 256 -o '{devnull}' '{input}'
f2c138d8f6aa0a90c89d019f85eaf9bb3efa5edb,macOS-26.5.1-arm64-arm-64bit-Mach-O,images/snake.png,256,full-frame-none,full-frame,none,kmeans:inittype=none:threshold=0.125:binbits=6:mapping=uniform:softdist=trilinear:feedback=0:prune=hamerly:seed=1:restarts=1:iter=20:miniter=0:polish_iter=0:feedback_slots=1:feedback_interval=1:sample_target=16384,end-to-end,measured,10,0,3,1.098147374810651,'{img2sixel}' --threads=1 --precision=8bit --quality=full '--loaders=libpng!' --sampling-policy=full-frame --binning-policy=none --quantize-model=kmeans:inittype=none:threshold=0.125:binbits=6:mapping=uniform:softdist=trilinear:feedback=0:prune=hamerly:seed=1:restarts=1:iter=20:miniter=0:polish_iter=0:feedback_slots=1:feedback_interval=1:sample_target=16384 -Xoklab -Wgamma --diffusion=none --gpu-policy=off --lookup-policy=none -F none -a off -p 256 -o '{devnull}' '{input}'
f2c138d8f6aa0a90c89d019f85eaf9bb3efa5edb,macOS-26.5.1-arm64-arm-64bit-Mach-O,images/snake.png,256,full-frame-exact,full-frame,exact,kmeans:inittype=none:threshold=0.125:binbits=6:mapping=uniform:softdist=trilinear:feedback=0:prune=hamerly:seed=1:restarts=1:iter=20:miniter=0:polish_iter=0:feedback_slots=1:feedback_interval=1:sample_target=16384,end-to-end,measured,10,0,4,0.37801841692999005,'{img2sixel}' --threads=1 --precision=8bit --quality=full '--loaders=libpng!' --sampling-policy=full-frame --binning-policy=exact --quantize-model=kmeans:inittype=none:threshold=0.125:binbits=6:mapping=uniform:softdist=trilinear:feedback=0:prune=hamerly:seed=1:restarts=1:iter=20:miniter=0:polish_iter=0:feedback_slots=1:feedback_interval=1:sample_target=16384 -Xoklab -Wgamma --diffusion=none --gpu-policy=off --lookup-policy=none -F none -a off -p 256 -o '{devnull}' '{input}'
f2c138d8f6aa0a90c89d019f85eaf9bb3efa5edb,macOS-26.5.1-arm64-arm-64bit-Mach-O,images/snake.png,256,full-frame-hard,full-frame,hard,kmeans:inittype=none:threshold=0.125:binbits=6:mapping=uniform:softdist=trilinear:feedback=0:prune=hamerly:seed=1:restarts=1:iter=20:miniter=0:polish_iter=0:feedback_slots=1:feedback_interval=1:sample_target=16384,end-to-end,washout,11,1,-1,0.12472887500189245,'{img2sixel}' --threads=1 --precision=8bit --quality=full '--loaders=libpng!' --sampling-policy=full-frame --binning-policy=hard --quantize-model=kmeans:inittype=none:threshold=0.125:binbits=6:mapping=uniform:softdist=trilinear:feedback=0:prune=hamerly:seed=1:restarts=1:iter=20:miniter=0:polish_iter=0:feedback_slots=1:feedback_interval=1:sample_target=16384 -Xoklab -Wgamma --diffusion=none --gpu-policy=off --lookup-policy=none -F none -a off -p 256 -o '{devnull}' '{input}'
f2c138d8f6aa0a90c89d019f85eaf9bb3efa5edb,macOS-26.5.1-arm64-arm-64bit-Mach-O,images/snake.png,256,adaptive-grid-hard,adaptive-grid,hard,kmeans:inittype=none:threshold=0.125:binbits=6:mapping=uniform:softdist=trilinear:feedback=0:prune=hamerly:seed=1:restarts=1:iter=20:miniter=0:polish_iter=0:feedback_slots=1:feedback_interval=1:sample_target=16384,end-to-end,measured,11,1,0,0.10480466717854142,'{img2sixel}' --threads=1 --precision=8bit --quality=full '--loaders=libpng!' --sampling-policy=adaptive-grid --binning-policy=hard --quantize-model=kmeans:inittype=none:threshold=0.125:binbits=6:mapping=uniform:softdist=trilinear:feedback=0:prune=hamerly:seed=1:restarts=1:iter=20:miniter=0:polish_iter=0:feedback_slots=1:feedback_interval=1:sample_target=16384 -Xoklab -Wgamma --diffusion=none --gpu-policy=off --lookup-policy=none -F none -a off -p 256 -o '{devnull}' '{input}'
f2c138d8f6aa0a90c89d019f85eaf9bb3efa5edb,macOS-26.5.1-arm64-arm-64bit-Mach-O,images/snake.png,256,full-frame-none,full-frame,none,kmeans:inittype=none:threshold=0.125:binbits=6:mapping=uniform:softdist=trilinear:feedback=0:prune=hamerly:seed=1:restarts=1:iter=20:miniter=0:polish_iter=0:feedback_slots=1:feedback_interval=1:sample_target=16384,end-to-end,measured,11,1,1,1.1156047501135617,'{img2sixel}' --threads=1 --precision=8bit --quality=full '--loaders=libpng!' --sampling-policy=full-frame --binning-policy=none --quantize-model=kmeans:inittype=none:threshold=0.125:binbits=6:mapping=uniform:softdist=trilinear:feedback=0:prune=hamerly:seed=1:restarts=1:iter=20:miniter=0:polish_iter=0:feedback_slots=1:feedback_interval=1:sample_target=16384 -Xoklab -Wgamma --diffusion=none --gpu-policy=off --lookup-policy=none -F none -a off -p 256 -o '{devnull}' '{input}'
f2c138d8f6aa0a90c89d019f85eaf9bb3efa5edb,macOS-26.5.1-arm64-arm-64bit-Mach-O,images/snake.png,256,full-frame-hard,full-frame,hard,kmeans:inittype=none:threshold=0.125:binbits=6:mapping=uniform:softdist=trilinear:feedback=0:prune=hamerly:seed=1:restarts=1:iter=20:miniter=0:polish_iter=0:feedback_slots=1:feedback_interval=1:sample_target=16384,end-to-end,measured,11,1,2,0.12388149998150766,'{img2sixel}' --threads=1 --precision=8bit --quality=full '--loaders=libpng!' --sampling-policy=full-frame --binning-policy=hard --quantize-model=kmeans:inittype=none:threshold=0.125:binbits=6:mapping=uniform:softdist=trilinear:feedback=0:prune=hamerly:seed=1:restarts=1:iter=20:miniter=0:polish_iter=0:feedback_slots=1:feedback_interval=1:sample_target=16384 -Xoklab -Wgamma --diffusion=none --gpu-policy=off --lookup-policy=none -F none -a off -p 256 -o '{devnull}' '{input}'
f2c138d8f6aa0a90c89d019f85eaf9bb3efa5edb,macOS-26.5.1-arm64-arm-64bit-Mach-O,images/snake.png,256,full-frame-exact,full-frame,exact,kmeans:inittype=none:threshold=0.125:binbits=6:mapping=uniform:softdist=trilinear:feedback=0:prune=hamerly:seed=1:restarts=1:iter=20:miniter=0:polish_iter=0:feedback_slots=1:feedback_interval=1:sample_target=16384,end-to-end,measured,11,1,3,0.38704474992118776,'{img2sixel}' --threads=1 --precision=8bit --quality=full '--loaders=libpng!' --sampling-policy=full-frame --binning-policy=exact --quantize-model=kmeans:inittype=none:threshold=0.125:binbits=6:mapping=uniform:softdist=trilinear:feedback=0:prune=hamerly:seed=1:restarts=1:iter=20:miniter=0:polish_iter=0:feedback_slots=1:feedback_interval=1:sample_target=16384 -Xoklab -Wgamma --diffusion=none --gpu-policy=off --lookup-policy=none -F none -a off -p 256 -o '{devnull}' '{input}'
f2c138d8f6aa0a90c89d019f85eaf9bb3efa5edb,macOS-26.5.1-arm64-arm-64bit-Mach-O,images/snake.png,256,full-frame-soft,full-frame,soft,kmeans:inittype=none:threshold=0.125:binbits=6:mapping=uniform:softdist=trilinear:feedback=0:prune=hamerly:seed=1:restarts=1:iter=20:miniter=0:polish_iter=0:feedback_slots=1:feedback_interval=1:sample_target=16384,end-to-end,measured,11,1,4,0.13545391615480185,'{img2sixel}' --threads=1 --precision=8bit --quality=full '--loaders=libpng!' --sampling-policy=full-frame --binning-policy=soft --quantize-model=kmeans:inittype=none:threshold=0.125:binbits=6:mapping=uniform:softdist=trilinear:feedback=0:prune=hamerly:seed=1:restarts=1:iter=20:miniter=0:polish_iter=0:feedback_slots=1:feedback_interval=1:sample_target=16384 -Xoklab -Wgamma --diffusion=none --gpu-policy=off --lookup-policy=none -F none -a off -p 256 -o '{devnull}' '{input}'
f2c138d8f6aa0a90c89d019f85eaf9bb3efa5edb,macOS-26.5.1-arm64-arm-64bit-Mach-O,images/snake.png,256,full-frame-hard,full-frame,hard,kmeans:inittype=none:threshold=0.125:binbits=6:mapping=uniform:softdist=trilinear:feedback=0:prune=hamerly:seed=1:restarts=1:iter=20:miniter=0:polish_iter=0:feedback_slots=1:feedback_interval=1:sample_target=16384,palette-build,washout,0,0,-1,0.01523,'{img2sixel}' --threads=1 --precision=8bit --quality=full '--loaders=libpng!' --sampling-policy=full-frame --binning-policy=hard --quantize-model=kmeans:inittype=none:threshold=0.125:binbits=6:mapping=uniform:softdist=trilinear:feedback=0:prune=hamerly:seed=1:restarts=1:iter=20:miniter=0:polish_iter=0:feedback_slots=1:feedback_interval=1:sample_target=16384 -Xoklab -Wgamma --diffusion=none --gpu-policy=off --lookup-policy=none -F none -a off -p 256 -J '{timeline}' -o '{devnull}' '{input}'
f2c138d8f6aa0a90c89d019f85eaf9bb3efa5edb,macOS-26.5.1-arm64-arm-64bit-Mach-O,images/snake.png,256,full-frame-hard,full-frame,hard,kmeans:inittype=none:threshold=0.125:binbits=6:mapping=uniform:softdist=trilinear:feedback=0:prune=hamerly:seed=1:restarts=1:iter=20:miniter=0:polish_iter=0:feedback_slots=1:feedback_interval=1:sample_target=16384,palette-build,warmup,0,0,0,0.015797,'{img2sixel}' --threads=1 --precision=8bit --quality=full '--loaders=libpng!' --sampling-policy=full-frame --binning-policy=hard --quantize-model=kmeans:inittype=none:threshold=0.125:binbits=6:mapping=uniform:softdist=trilinear:feedback=0:prune=hamerly:seed=1:restarts=1:iter=20:miniter=0:polish_iter=0:feedback_slots=1:feedback_interval=1:sample_target=16384 -Xoklab -Wgamma --diffusion=none --gpu-policy=off --lookup-policy=none -F none -a off -p 256 -J '{timeline}' -o '{devnull}' '{input}'
f2c138d8f6aa0a90c89d019f85eaf9bb3efa5edb,macOS-26.5.1-arm64-arm-64bit-Mach-O,images/snake.png,256,adaptive-grid-hard,adaptive-grid,hard,kmeans:inittype=none:threshold=0.125:binbits=6:mapping=uniform:softdist=trilinear:feedback=0:prune=hamerly:seed=1:restarts=1:iter=20:miniter=0:polish_iter=0:feedback_slots=1:feedback_interval=1:sample_target=16384,palette-build,warmup,0,0,1,0.00429,'{img2sixel}' --threads=1 --precision=8bit --quality=full '--loaders=libpng!' --sampling-policy=adaptive-grid --binning-policy=hard --quantize-model=kmeans:inittype=none:threshold=0.125:binbits=6:mapping=uniform:softdist=trilinear:feedback=0:prune=hamerly:seed=1:restarts=1:iter=20:miniter=0:polish_iter=0:feedback_slots=1:feedback_interval=1:sample_target=16384 -Xoklab -Wgamma --diffusion=none --gpu-policy=off --lookup-policy=none -F none -a off -p 256 -J '{timeline}' -o '{devnull}' '{input}'
f2c138d8f6aa0a90c89d019f85eaf9bb3efa5edb,macOS-26.5.1-arm64-arm-64bit-Mach-O,images/snake.png,256,full-frame-soft,full-frame,soft,kmeans:inittype=none:threshold=0.125:binbits=6:mapping=uniform:softdist=trilinear:feedback=0:prune=hamerly:seed=1:restarts=1:iter=20:miniter=0:polish_iter=0:feedback_slots=1:feedback_interval=1:sample_target=16384,palette-build,warmup,0,0,2,0.031507999999999994,'{img2sixel}' --threads=1 --precision=8bit --quality=full '--loaders=libpng!' --sampling-policy=full-frame --binning-policy=soft --quantize-model=kmeans:inittype=none:threshold=0.125:binbits=6:mapping=uniform:softdist=trilinear:feedback=0:prune=hamerly:seed=1:restarts=1:iter=20:miniter=0:polish_iter=0:feedback_slots=1:feedback_interval=1:sample_target=16384 -Xoklab -Wgamma --diffusion=none --gpu-policy=off --lookup-policy=none -F none -a off -p 256 -J '{timeline}' -o '{devnull}' '{input}'
f2c138d8f6aa0a90c89d019f85eaf9bb3efa5edb,macOS-26.5.1-arm64-arm-64bit-Mach-O,images/snake.png,256,full-frame-none,full-frame,none,kmeans:inittype=none:threshold=0.125:binbits=6:mapping=uniform:softdist=trilinear:feedback=0:prune=hamerly:seed=1:restarts=1:iter=20:miniter=0:polish_iter=0:feedback_slots=1:feedback_interval=1:sample_target=16384,palette-build,warmup,0,0,3,0.9995530000000001,'{img2sixel}' --threads=1 --precision=8bit --quality=full '--loaders=libpng!' --sampling-policy=full-frame --binning-policy=none --quantize-model=kmeans:inittype=none:threshold=0.125:binbits=6:mapping=uniform:softdist=trilinear:feedback=0:prune=hamerly:seed=1:restarts=1:iter=20:miniter=0:polish_iter=0:feedback_slots=1:feedback_interval=1:sample_target=16384 -Xoklab -Wgamma --diffusion=none --gpu-policy=off --lookup-policy=none -F none -a off -p 256 -J '{timeline}' -o '{devnull}' '{input}'
f2c138d8f6aa0a90c89d019f85eaf9bb3efa5edb,macOS-26.5.1-arm64-arm-64bit-Mach-O,images/snake.png,256,full-frame-exact,full-frame,exact,kmeans:inittype=none:threshold=0.125:binbits=6:mapping=uniform:softdist=trilinear:feedback=0:prune=hamerly:seed=1:restarts=1:iter=20:miniter=0:polish_iter=0:feedback_slots=1:feedback_interval=1:sample_target=16384,palette-build,warmup,0,0,4,0.266724,'{img2sixel}' --threads=1 --precision=8bit --quality=full '--loaders=libpng!' --sampling-policy=full-frame --binning-policy=exact --quantize-model=kmeans:inittype=none:threshold=0.125:binbits=6:mapping=uniform:softdist=trilinear:feedback=0:prune=hamerly:seed=1:restarts=1:iter=20:miniter=0:polish_iter=0:feedback_slots=1:feedback_interval=1:sample_target=16384 -Xoklab -Wgamma --diffusion=none --gpu-policy=off --lookup-policy=none -F none -a off -p 256 -J '{timeline}' -o '{devnull}' '{input}'
f2c138d8f6aa0a90c89d019f85eaf9bb3efa5edb,macOS-26.5.1-arm64-arm-64bit-Mach-O,images/snake.png,256,full-frame-hard,full-frame,hard,kmeans:inittype=none:threshold=0.125:binbits=6:mapping=uniform:softdist=trilinear:feedback=0:prune=hamerly:seed=1:restarts=1:iter=20:miniter=0:polish_iter=0:feedback_slots=1:feedback_interval=1:sample_target=16384,palette-build,washout,1,1,-1,0.015497,'{img2sixel}' --threads=1 --precision=8bit --quality=full '--loaders=libpng!' --sampling-policy=full-frame --binning-policy=hard --quantize-model=kmeans:inittype=none:threshold=0.125:binbits=6:mapping=uniform:softdist=trilinear:feedback=0:prune=hamerly:seed=1:restarts=1:iter=20:miniter=0:polish_iter=0:feedback_slots=1:feedback_interval=1:sample_target=16384 -Xoklab -Wgamma --diffusion=none --gpu-policy=off --lookup-policy=none -F none -a off -p 256 -J '{timeline}' -o '{devnull}' '{input}'
f2c138d8f6aa0a90c89d019f85eaf9bb3efa5edb,macOS-26.5.1-arm64-arm-64bit-Mach-O,images/snake.png,256,adaptive-grid-hard,adaptive-grid,hard,kmeans:inittype=none:threshold=0.125:binbits=6:mapping=uniform:softdist=trilinear:feedback=0:prune=hamerly:seed=1:restarts=1:iter=20:miniter=0:polish_iter=0:feedback_slots=1:feedback_interval=1:sample_target=16384,palette-build,warmup,1,1,0,0.004273000000000001,'{img2sixel}' --threads=1 --precision=8bit --quality=full '--loaders=libpng!' --sampling-policy=adaptive-grid --binning-policy=hard --quantize-model=kmeans:inittype=none:threshold=0.125:binbits=6:mapping=uniform:softdist=trilinear:feedback=0:prune=hamerly:seed=1:restarts=1:iter=20:miniter=0:polish_iter=0:feedback_slots=1:feedback_interval=1:sample_target=16384 -Xoklab -Wgamma --diffusion=none --gpu-policy=off --lookup-policy=none -F none -a off -p 256 -J '{timeline}' -o '{devnull}' '{input}'
f2c138d8f6aa0a90c89d019f85eaf9bb3efa5edb,macOS-26.5.1-arm64-arm-64bit-Mach-O,images/snake.png,256,full-frame-none,full-frame,none,kmeans:inittype=none:threshold=0.125:binbits=6:mapping=uniform:softdist=trilinear:feedback=0:prune=hamerly:seed=1:restarts=1:iter=20:miniter=0:polish_iter=0:feedback_slots=1:feedback_interval=1:sample_target=16384,palette-build,warmup,1,1,1,0.999687,'{img2sixel}' --threads=1 --precision=8bit --quality=full '--loaders=libpng!' --sampling-policy=full-frame --binning-policy=none --quantize-model=kmeans:inittype=none:threshold=0.125:binbits=6:mapping=uniform:softdist=trilinear:feedback=0:prune=hamerly:seed=1:restarts=1:iter=20:miniter=0:polish_iter=0:feedback_slots=1:feedback_interval=1:sample_target=16384 -Xoklab -Wgamma --diffusion=none --gpu-policy=off --lookup-policy=none -F none -a off -p 256 -J '{timeline}' -o '{devnull}' '{input}'
f2c138d8f6aa0a90c89d019f85eaf9bb3efa5edb,macOS-26.5.1-arm64-arm-64bit-Mach-O,images/snake.png,256,full-frame-hard,full-frame,hard,kmeans:inittype=none:threshold=0.125:binbits=6:mapping=uniform:softdist=trilinear:feedback=0:prune=hamerly:seed=1:restarts=1:iter=20:miniter=0:polish_iter=0:feedback_slots=1:feedback_interval=1:sample_target=16384,palette-build,warmup,1,1,2,0.015394999999999999,'{img2sixel}' --threads=1 --precision=8bit --quality=full '--loaders=libpng!' --sampling-policy=full-frame --binning-policy=hard --quantize-model=kmeans:inittype=none:threshold=0.125:binbits=6:mapping=uniform:softdist=trilinear:feedback=0:prune=hamerly:seed=1:restarts=1:iter=20:miniter=0:polish_iter=0:feedback_slots=1:feedback_interval=1:sample_target=16384 -Xoklab -Wgamma --diffusion=none --gpu-policy=off --lookup-policy=none -F none -a off -p 256 -J '{timeline}' -o '{devnull}' '{input}'
f2c138d8f6aa0a90c89d019f85eaf9bb3efa5edb,macOS-26.5.1-arm64-arm-64bit-Mach-O,images/snake.png,256,full-frame-exact,full-frame,exact,kmeans:inittype=none:threshold=0.125:binbits=6:mapping=uniform:softdist=trilinear:feedback=0:prune=hamerly:seed=1:restarts=1:iter=20:miniter=0:polish_iter=0:feedback_slots=1:feedback_interval=1:sample_target=16384,palette-build,warmup,1,1,3,0.269449,'{img2sixel}' --threads=1 --precision=8bit --quality=full '--loaders=libpng!' --sampling-policy=full-frame --binning-policy=exact --quantize-model=kmeans:inittype=none:threshold=0.125:binbits=6:mapping=uniform:softdist=trilinear:feedback=0:prune=hamerly:seed=1:restarts=1:iter=20:miniter=0:polish_iter=0:feedback_slots=1:feedback_interval=1:sample_target=16384 -Xoklab -Wgamma --diffusion=none --gpu-policy=off --lookup-policy=none -F none -a off -p 256 -J '{timeline}' -o '{devnull}' '{input}'
f2c138d8f6aa0a90c89d019f85eaf9bb3efa5edb,macOS-26.5.1-arm64-arm-64bit-Mach-O,images/snake.png,256,full-frame-soft,full-frame,soft,kmeans:inittype=none:threshold=0.125:binbits=6:mapping=uniform:softdist=trilinear:feedback=0:prune=hamerly:seed=1:restarts=1:iter=20:miniter=0:polish_iter=0:feedback_slots=1:feedback_interval=1:sample_target=16384,palette-build,warmup,1,1,4,0.031513,'{img2sixel}' --threads=1 --precision=8bit --quality=full '--loaders=libpng!' --sampling-policy=full-frame --binning-policy=soft --quantize-model=kmeans:inittype=none:threshold=0.125:binbits=6:mapping=uniform:softdist=trilinear:feedback=0:prune=hamerly:seed=1:restarts=1:iter=20:miniter=0:polish_iter=0:feedback_slots=1:feedback_interval=1:sample_target=16384 -Xoklab -Wgamma --diffusion=none --gpu-policy=off --lookup-policy=none -F none -a off -p 256 -J '{timeline}' -o '{devnull}' '{input}'
f2c138d8f6aa0a90c89d019f85eaf9bb3efa5edb,macOS-26.5.1-arm64-arm-64bit-Mach-O,images/snake.png,256,full-frame-hard,full-frame,hard,kmeans:inittype=none:threshold=0.125:binbits=6:mapping=uniform:softdist=trilinear:feedback=0:prune=hamerly:seed=1:restarts=1:iter=20:miniter=0:polish_iter=0:feedback_slots=1:feedback_interval=1:sample_target=16384,palette-build,washout,2,2,-1,0.015309000000000001,'{img2sixel}' --threads=1 --precision=8bit --quality=full '--loaders=libpng!' --sampling-policy=full-frame --binning-policy=hard --quantize-model=kmeans:inittype=none:threshold=0.125:binbits=6:mapping=uniform:softdist=trilinear:feedback=0:prune=hamerly:seed=1:restarts=1:iter=20:miniter=0:polish_iter=0:feedback_slots=1:feedback_interval=1:sample_target=16384 -Xoklab -Wgamma --diffusion=none --gpu-policy=off --lookup-policy=none -F none -a off -p 256 -J '{timeline}' -o '{devnull}' '{input}'
f2c138d8f6aa0a90c89d019f85eaf9bb3efa5edb,macOS-26.5.1-arm64-arm-64bit-Mach-O,images/snake.png,256,full-frame-none,full-frame,none,kmeans:inittype=none:threshold=0.125:binbits=6:mapping=uniform:softdist=trilinear:feedback=0:prune=hamerly:seed=1:restarts=1:iter=20:miniter=0:polish_iter=0:feedback_slots=1:feedback_interval=1:sample_target=16384,palette-build,measured,2,2,0,0.995982,'{img2sixel}' --threads=1 --precision=8bit --quality=full '--loaders=libpng!' --sampling-policy=full-frame --binning-policy=none --quantize-model=kmeans:inittype=none:threshold=0.125:binbits=6:mapping=uniform:softdist=trilinear:feedback=0:prune=hamerly:seed=1:restarts=1:iter=20:miniter=0:polish_iter=0:feedback_slots=1:feedback_interval=1:sample_target=16384 -Xoklab -Wgamma --diffusion=none --gpu-policy=off --lookup-policy=none -F none -a off -p 256 -J '{timeline}' -o '{devnull}' '{input}'
f2c138d8f6aa0a90c89d019f85eaf9bb3efa5edb,macOS-26.5.1-arm64-arm-64bit-Mach-O,images/snake.png,256,full-frame-exact,full-frame,exact,kmeans:inittype=none:threshold=0.125:binbits=6:mapping=uniform:softdist=trilinear:feedback=0:prune=hamerly:seed=1:restarts=1:iter=20:miniter=0:polish_iter=0:feedback_slots=1:feedback_interval=1:sample_target=16384,palette-build,measured,2,2,1,0.265549,'{img2sixel}' --threads=1 --precision=8bit --quality=full '--loaders=libpng!' --sampling-policy=full-frame --binning-policy=exact --quantize-model=kmeans:inittype=none:threshold=0.125:binbits=6:mapping=uniform:softdist=trilinear:feedback=0:prune=hamerly:seed=1:restarts=1:iter=20:miniter=0:polish_iter=0:feedback_slots=1:feedback_interval=1:sample_target=16384 -Xoklab -Wgamma --diffusion=none --gpu-policy=off --lookup-policy=none -F none -a off -p 256 -J '{timeline}' -o '{devnull}' '{input}'
f2c138d8f6aa0a90c89d019f85eaf9bb3efa5edb,macOS-26.5.1-arm64-arm-64bit-Mach-O,images/snake.png,256,adaptive-grid-hard,adaptive-grid,hard,kmeans:inittype=none:threshold=0.125:binbits=6:mapping=uniform:softdist=trilinear:feedback=0:prune=hamerly:seed=1:restarts=1:iter=20:miniter=0:polish_iter=0:feedback_slots=1:feedback_interval=1:sample_target=16384,palette-build,measured,2,2,2,0.004288999999999999,'{img2sixel}' --threads=1 --precision=8bit --quality=full '--loaders=libpng!' --sampling-policy=adaptive-grid --binning-policy=hard --quantize-model=kmeans:inittype=none:threshold=0.125:binbits=6:mapping=uniform:softdist=trilinear:feedback=0:prune=hamerly:seed=1:restarts=1:iter=20:miniter=0:polish_iter=0:feedback_slots=1:feedback_interval=1:sample_target=16384 -Xoklab -Wgamma --diffusion=none --gpu-policy=off --lookup-policy=none -F none -a off -p 256 -J '{timeline}' -o '{devnull}' '{input}'
f2c138d8f6aa0a90c89d019f85eaf9bb3efa5edb,macOS-26.5.1-arm64-arm-64bit-Mach-O,images/snake.png,256,full-frame-soft,full-frame,soft,kmeans:inittype=none:threshold=0.125:binbits=6:mapping=uniform:softdist=trilinear:feedback=0:prune=hamerly:seed=1:restarts=1:iter=20:miniter=0:polish_iter=0:feedback_slots=1:feedback_interval=1:sample_target=16384,palette-build,measured,2,2,3,0.031411999999999995,'{img2sixel}' --threads=1 --precision=8bit --quality=full '--loaders=libpng!' --sampling-policy=full-frame --binning-policy=soft --quantize-model=kmeans:inittype=none:threshold=0.125:binbits=6:mapping=uniform:softdist=trilinear:feedback=0:prune=hamerly:seed=1:restarts=1:iter=20:miniter=0:polish_iter=0:feedback_slots=1:feedback_interval=1:sample_target=16384 -Xoklab -Wgamma --diffusion=none --gpu-policy=off --lookup-policy=none -F none -a off -p 256 -J '{timeline}' -o '{devnull}' '{input}'
f2c138d8f6aa0a90c89d019f85eaf9bb3efa5edb,macOS-26.5.1-arm64-arm-64bit-Mach-O,images/snake.png,256,full-frame-hard,full-frame,hard,kmeans:inittype=none:threshold=0.125:binbits=6:mapping=uniform:softdist=trilinear:feedback=0:prune=hamerly:seed=1:restarts=1:iter=20:miniter=0:polish_iter=0:feedback_slots=1:feedback_interval=1:sample_target=16384,palette-build,measured,2,2,4,0.015311000000000002,'{img2sixel}' --threads=1 --precision=8bit --quality=full '--loaders=libpng!' --sampling-policy=full-frame --binning-policy=hard --quantize-model=kmeans:inittype=none:threshold=0.125:binbits=6:mapping=uniform:softdist=trilinear:feedback=0:prune=hamerly:seed=1:restarts=1:iter=20:miniter=0:polish_iter=0:feedback_slots=1:feedback_interval=1:sample_target=16384 -Xoklab -Wgamma --diffusion=none --gpu-policy=off --lookup-policy=none -F none -a off -p 256 -J '{timeline}' -o '{devnull}' '{input}'
f2c138d8f6aa0a90c89d019f85eaf9bb3efa5edb,macOS-26.5.1-arm64-arm-64bit-Mach-O,images/snake.png,256,full-frame-hard,full-frame,hard,kmeans:inittype=none:threshold=0.125:binbits=6:mapping=uniform:softdist=trilinear:feedback=0:prune=hamerly:seed=1:restarts=1:iter=20:miniter=0:polish_iter=0:feedback_slots=1:feedback_interval=1:sample_target=16384,palette-build,washout,3,3,-1,0.015188000000000002,'{img2sixel}' --threads=1 --precision=8bit --quality=full '--loaders=libpng!' --sampling-policy=full-frame --binning-policy=hard --quantize-model=kmeans:inittype=none:threshold=0.125:binbits=6:mapping=uniform:softdist=trilinear:feedback=0:prune=hamerly:seed=1:restarts=1:iter=20:miniter=0:polish_iter=0:feedback_slots=1:feedback_interval=1:sample_target=16384 -Xoklab -Wgamma --diffusion=none --gpu-policy=off --lookup-policy=none -F none -a off -p 256 -J '{timeline}' -o '{devnull}' '{input}'
f2c138d8f6aa0a90c89d019f85eaf9bb3efa5edb,macOS-26.5.1-arm64-arm-64bit-Mach-O,images/snake.png,256,full-frame-exact,full-frame,exact,kmeans:inittype=none:threshold=0.125:binbits=6:mapping=uniform:softdist=trilinear:feedback=0:prune=hamerly:seed=1:restarts=1:iter=20:miniter=0:polish_iter=0:feedback_slots=1:feedback_interval=1:sample_target=16384,palette-build,measured,3,3,0,0.267203,'{img2sixel}' --threads=1 --precision=8bit --quality=full '--loaders=libpng!' --sampling-policy=full-frame --binning-policy=exact --quantize-model=kmeans:inittype=none:threshold=0.125:binbits=6:mapping=uniform:softdist=trilinear:feedback=0:prune=hamerly:seed=1:restarts=1:iter=20:miniter=0:polish_iter=0:feedback_slots=1:feedback_interval=1:sample_target=16384 -Xoklab -Wgamma --diffusion=none --gpu-policy=off --lookup-policy=none -F none -a off -p 256 -J '{timeline}' -o '{devnull}' '{input}'
f2c138d8f6aa0a90c89d019f85eaf9bb3efa5edb,macOS-26.5.1-arm64-arm-64bit-Mach-O,images/snake.png,256,full-frame-soft,full-frame,soft,kmeans:inittype=none:threshold=0.125:binbits=6:mapping=uniform:softdist=trilinear:feedback=0:prune=hamerly:seed=1:restarts=1:iter=20:miniter=0:polish_iter=0:feedback_slots=1:feedback_interval=1:sample_target=16384,palette-build,measured,3,3,1,0.031564,'{img2sixel}' --threads=1 --precision=8bit --quality=full '--loaders=libpng!' --sampling-policy=full-frame --binning-policy=soft --quantize-model=kmeans:inittype=none:threshold=0.125:binbits=6:mapping=uniform:softdist=trilinear:feedback=0:prune=hamerly:seed=1:restarts=1:iter=20:miniter=0:polish_iter=0:feedback_slots=1:feedback_interval=1:sample_target=16384 -Xoklab -Wgamma --diffusion=none --gpu-policy=off --lookup-policy=none -F none -a off -p 256 -J '{timeline}' -o '{devnull}' '{input}'
f2c138d8f6aa0a90c89d019f85eaf9bb3efa5edb,macOS-26.5.1-arm64-arm-64bit-Mach-O,images/snake.png,256,full-frame-none,full-frame,none,kmeans:inittype=none:threshold=0.125:binbits=6:mapping=uniform:softdist=trilinear:feedback=0:prune=hamerly:seed=1:restarts=1:iter=20:miniter=0:polish_iter=0:feedback_slots=1:feedback_interval=1:sample_target=16384,palette-build,measured,3,3,2,0.994235,'{img2sixel}' --threads=1 --precision=8bit --quality=full '--loaders=libpng!' --sampling-policy=full-frame --binning-policy=none --quantize-model=kmeans:inittype=none:threshold=0.125:binbits=6:mapping=uniform:softdist=trilinear:feedback=0:prune=hamerly:seed=1:restarts=1:iter=20:miniter=0:polish_iter=0:feedback_slots=1:feedback_interval=1:sample_target=16384 -Xoklab -Wgamma --diffusion=none --gpu-policy=off --lookup-policy=none -F none -a off -p 256 -J '{timeline}' -o '{devnull}' '{input}'
f2c138d8f6aa0a90c89d019f85eaf9bb3efa5edb,macOS-26.5.1-arm64-arm-64bit-Mach-O,images/snake.png,256,full-frame-hard,full-frame,hard,kmeans:inittype=none:threshold=0.125:binbits=6:mapping=uniform:softdist=trilinear:feedback=0:prune=hamerly:seed=1:restarts=1:iter=20:miniter=0:polish_iter=0:feedback_slots=1:feedback_interval=1:sample_target=16384,palette-build,measured,3,3,3,0.015983999999999998,'{img2sixel}' --threads=1 --precision=8bit --quality=full '--loaders=libpng!' --sampling-policy=full-frame --binning-policy=hard --quantize-model=kmeans:inittype=none:threshold=0.125:binbits=6:mapping=uniform:softdist=trilinear:feedback=0:prune=hamerly:seed=1:restarts=1:iter=20:miniter=0:polish_iter=0:feedback_slots=1:feedback_interval=1:sample_target=16384 -Xoklab -Wgamma --diffusion=none --gpu-policy=off --lookup-policy=none -F none -a off -p 256 -J '{timeline}' -o '{devnull}' '{input}'
f2c138d8f6aa0a90c89d019f85eaf9bb3efa5edb,macOS-26.5.1-arm64-arm-64bit-Mach-O,images/snake.png,256,adaptive-grid-hard,adaptive-grid,hard,kmeans:inittype=none:threshold=0.125:binbits=6:mapping=uniform:softdist=trilinear:feedback=0:prune=hamerly:seed=1:restarts=1:iter=20:miniter=0:polish_iter=0:feedback_slots=1:feedback_interval=1:sample_target=16384,palette-build,measured,3,3,4,0.004308000000000001,'{img2sixel}' --threads=1 --precision=8bit --quality=full '--loaders=libpng!' --sampling-policy=adaptive-grid --binning-policy=hard --quantize-model=kmeans:inittype=none:threshold=0.125:binbits=6:mapping=uniform:softdist=trilinear:feedback=0:prune=hamerly:seed=1:restarts=1:iter=20:miniter=0:polish_iter=0:feedback_slots=1:feedback_interval=1:sample_target=16384 -Xoklab -Wgamma --diffusion=none --gpu-policy=off --lookup-policy=none -F none -a off -p 256 -J '{timeline}' -o '{devnull}' '{input}'
f2c138d8f6aa0a90c89d019f85eaf9bb3efa5edb,macOS-26.5.1-arm64-arm-64bit-Mach-O,images/snake.png,256,full-frame-hard,full-frame,hard,kmeans:inittype=none:threshold=0.125:binbits=6:mapping=uniform:softdist=trilinear:feedback=0:prune=hamerly:seed=1:restarts=1:iter=20:miniter=0:polish_iter=0:feedback_slots=1:feedback_interval=1:sample_target=16384,palette-build,washout,4,4,-1,0.015194000000000001,'{img2sixel}' --threads=1 --precision=8bit --quality=full '--loaders=libpng!' --sampling-policy=full-frame --binning-policy=hard --quantize-model=kmeans:inittype=none:threshold=0.125:binbits=6:mapping=uniform:softdist=trilinear:feedback=0:prune=hamerly:seed=1:restarts=1:iter=20:miniter=0:polish_iter=0:feedback_slots=1:feedback_interval=1:sample_target=16384 -Xoklab -Wgamma --diffusion=none --gpu-policy=off --lookup-policy=none -F none -a off -p 256 -J '{timeline}' -o '{devnull}' '{input}'
f2c138d8f6aa0a90c89d019f85eaf9bb3efa5edb,macOS-26.5.1-arm64-arm-64bit-Mach-O,images/snake.png,256,full-frame-soft,full-frame,soft,kmeans:inittype=none:threshold=0.125:binbits=6:mapping=uniform:softdist=trilinear:feedback=0:prune=hamerly:seed=1:restarts=1:iter=20:miniter=0:polish_iter=0:feedback_slots=1:feedback_interval=1:sample_target=16384,palette-build,measured,4,4,0,0.03146,'{img2sixel}' --threads=1 --precision=8bit --quality=full '--loaders=libpng!' --sampling-policy=full-frame --binning-policy=soft --quantize-model=kmeans:inittype=none:threshold=0.125:binbits=6:mapping=uniform:softdist=trilinear:feedback=0:prune=hamerly:seed=1:restarts=1:iter=20:miniter=0:polish_iter=0:feedback_slots=1:feedback_interval=1:sample_target=16384 -Xoklab -Wgamma --diffusion=none --gpu-policy=off --lookup-policy=none -F none -a off -p 256 -J '{timeline}' -o '{devnull}' '{input}'
f2c138d8f6aa0a90c89d019f85eaf9bb3efa5edb,macOS-26.5.1-arm64-arm-64bit-Mach-O,images/snake.png,256,full-frame-hard,full-frame,hard,kmeans:inittype=none:threshold=0.125:binbits=6:mapping=uniform:softdist=trilinear:feedback=0:prune=hamerly:seed=1:restarts=1:iter=20:miniter=0:polish_iter=0:feedback_slots=1:feedback_interval=1:sample_target=16384,palette-build,measured,4,4,1,0.015191,'{img2sixel}' --threads=1 --precision=8bit --quality=full '--loaders=libpng!' --sampling-policy=full-frame --binning-policy=hard --quantize-model=kmeans:inittype=none:threshold=0.125:binbits=6:mapping=uniform:softdist=trilinear:feedback=0:prune=hamerly:seed=1:restarts=1:iter=20:miniter=0:polish_iter=0:feedback_slots=1:feedback_interval=1:sample_target=16384 -Xoklab -Wgamma --diffusion=none --gpu-policy=off --lookup-policy=none -F none -a off -p 256 -J '{timeline}' -o '{devnull}' '{input}'
f2c138d8f6aa0a90c89d019f85eaf9bb3efa5edb,macOS-26.5.1-arm64-arm-64bit-Mach-O,images/snake.png,256,full-frame-exact,full-frame,exact,kmeans:inittype=none:threshold=0.125:binbits=6:mapping=uniform:softdist=trilinear:feedback=0:prune=hamerly:seed=1:restarts=1:iter=20:miniter=0:polish_iter=0:feedback_slots=1:feedback_interval=1:sample_target=16384,palette-build,measured,4,4,2,0.266339,'{img2sixel}' --threads=1 --precision=8bit --quality=full '--loaders=libpng!' --sampling-policy=full-frame --binning-policy=exact --quantize-model=kmeans:inittype=none:threshold=0.125:binbits=6:mapping=uniform:softdist=trilinear:feedback=0:prune=hamerly:seed=1:restarts=1:iter=20:miniter=0:polish_iter=0:feedback_slots=1:feedback_interval=1:sample_target=16384 -Xoklab -Wgamma --diffusion=none --gpu-policy=off --lookup-policy=none -F none -a off -p 256 -J '{timeline}' -o '{devnull}' '{input}'
f2c138d8f6aa0a90c89d019f85eaf9bb3efa5edb,macOS-26.5.1-arm64-arm-64bit-Mach-O,images/snake.png,256,adaptive-grid-hard,adaptive-grid,hard,kmeans:inittype=none:threshold=0.125:binbits=6:mapping=uniform:softdist=trilinear:feedback=0:prune=hamerly:seed=1:restarts=1:iter=20:miniter=0:polish_iter=0:feedback_slots=1:feedback_interval=1:sample_target=16384,palette-build,measured,4,4,3,0.0042569999999999995,'{img2sixel}' --threads=1 --precision=8bit --quality=full '--loaders=libpng!' --sampling-policy=adaptive-grid --binning-policy=hard --quantize-model=kmeans:inittype=none:threshold=0.125:binbits=6:mapping=uniform:softdist=trilinear:feedback=0:prune=hamerly:seed=1:restarts=1:iter=20:miniter=0:polish_iter=0:feedback_slots=1:feedback_interval=1:sample_target=16384 -Xoklab -Wgamma --diffusion=none --gpu-policy=off --lookup-policy=none -F none -a off -p 256 -J '{timeline}' -o '{devnull}' '{input}'
f2c138d8f6aa0a90c89d019f85eaf9bb3efa5edb,macOS-26.5.1-arm64-arm-64bit-Mach-O,images/snake.png,256,full-frame-none,full-frame,none,kmeans:inittype=none:threshold=0.125:binbits=6:mapping=uniform:softdist=trilinear:feedback=0:prune=hamerly:seed=1:restarts=1:iter=20:miniter=0:polish_iter=0:feedback_slots=1:feedback_interval=1:sample_target=16384,palette-build,measured,4,4,4,0.9962880000000001,'{img2sixel}' --threads=1 --precision=8bit --quality=full '--loaders=libpng!' --sampling-policy=full-frame --binning-policy=none --quantize-model=kmeans:inittype=none:threshold=0.125:binbits=6:mapping=uniform:softdist=trilinear:feedback=0:prune=hamerly:seed=1:restarts=1:iter=20:miniter=0:polish_iter=0:feedback_slots=1:feedback_interval=1:sample_target=16384 -Xoklab -Wgamma --diffusion=none --gpu-policy=off --lookup-policy=none -F none -a off -p 256 -J '{timeline}' -o '{devnull}' '{input}'
f2c138d8f6aa0a90c89d019f85eaf9bb3efa5edb,macOS-26.5.1-arm64-arm-64bit-Mach-O,images/snake.png,256,full-frame-hard,full-frame,hard,kmeans:inittype=none:threshold=0.125:binbits=6:mapping=uniform:softdist=trilinear:feedback=0:prune=hamerly:seed=1:restarts=1:iter=20:miniter=0:polish_iter=0:feedback_slots=1:feedback_interval=1:sample_target=16384,palette-build,washout,5,5,-1,0.015401999999999999,'{img2sixel}' --threads=1 --precision=8bit --quality=full '--loaders=libpng!' --sampling-policy=full-frame --binning-policy=hard --quantize-model=kmeans:inittype=none:threshold=0.125:binbits=6:mapping=uniform:softdist=trilinear:feedback=0:prune=hamerly:seed=1:restarts=1:iter=20:miniter=0:polish_iter=0:feedback_slots=1:feedback_interval=1:sample_target=16384 -Xoklab -Wgamma --diffusion=none --gpu-policy=off --lookup-policy=none -F none -a off -p 256 -J '{timeline}' -o '{devnull}' '{input}'
f2c138d8f6aa0a90c89d019f85eaf9bb3efa5edb,macOS-26.5.1-arm64-arm-64bit-Mach-O,images/snake.png,256,full-frame-exact,full-frame,exact,kmeans:inittype=none:threshold=0.125:binbits=6:mapping=uniform:softdist=trilinear:feedback=0:prune=hamerly:seed=1:restarts=1:iter=20:miniter=0:polish_iter=0:feedback_slots=1:feedback_interval=1:sample_target=16384,palette-build,measured,5,5,0,0.266085,'{img2sixel}' --threads=1 --precision=8bit --quality=full '--loaders=libpng!' --sampling-policy=full-frame --binning-policy=exact --quantize-model=kmeans:inittype=none:threshold=0.125:binbits=6:mapping=uniform:softdist=trilinear:feedback=0:prune=hamerly:seed=1:restarts=1:iter=20:miniter=0:polish_iter=0:feedback_slots=1:feedback_interval=1:sample_target=16384 -Xoklab -Wgamma --diffusion=none --gpu-policy=off --lookup-policy=none -F none -a off -p 256 -J '{timeline}' -o '{devnull}' '{input}'
f2c138d8f6aa0a90c89d019f85eaf9bb3efa5edb,macOS-26.5.1-arm64-arm-64bit-Mach-O,images/snake.png,256,full-frame-none,full-frame,none,kmeans:inittype=none:threshold=0.125:binbits=6:mapping=uniform:softdist=trilinear:feedback=0:prune=hamerly:seed=1:restarts=1:iter=20:miniter=0:polish_iter=0:feedback_slots=1:feedback_interval=1:sample_target=16384,palette-build,measured,5,5,1,0.9889570000000001,'{img2sixel}' --threads=1 --precision=8bit --quality=full '--loaders=libpng!' --sampling-policy=full-frame --binning-policy=none --quantize-model=kmeans:inittype=none:threshold=0.125:binbits=6:mapping=uniform:softdist=trilinear:feedback=0:prune=hamerly:seed=1:restarts=1:iter=20:miniter=0:polish_iter=0:feedback_slots=1:feedback_interval=1:sample_target=16384 -Xoklab -Wgamma --diffusion=none --gpu-policy=off --lookup-policy=none -F none -a off -p 256 -J '{timeline}' -o '{devnull}' '{input}'
f2c138d8f6aa0a90c89d019f85eaf9bb3efa5edb,macOS-26.5.1-arm64-arm-64bit-Mach-O,images/snake.png,256,full-frame-soft,full-frame,soft,kmeans:inittype=none:threshold=0.125:binbits=6:mapping=uniform:softdist=trilinear:feedback=0:prune=hamerly:seed=1:restarts=1:iter=20:miniter=0:polish_iter=0:feedback_slots=1:feedback_interval=1:sample_target=16384,palette-build,measured,5,5,2,0.031424,'{img2sixel}' --threads=1 --precision=8bit --quality=full '--loaders=libpng!' --sampling-policy=full-frame --binning-policy=soft --quantize-model=kmeans:inittype=none:threshold=0.125:binbits=6:mapping=uniform:softdist=trilinear:feedback=0:prune=hamerly:seed=1:restarts=1:iter=20:miniter=0:polish_iter=0:feedback_slots=1:feedback_interval=1:sample_target=16384 -Xoklab -Wgamma --diffusion=none --gpu-policy=off --lookup-policy=none -F none -a off -p 256 -J '{timeline}' -o '{devnull}' '{input}'
f2c138d8f6aa0a90c89d019f85eaf9bb3efa5edb,macOS-26.5.1-arm64-arm-64bit-Mach-O,images/snake.png,256,adaptive-grid-hard,adaptive-grid,hard,kmeans:inittype=none:threshold=0.125:binbits=6:mapping=uniform:softdist=trilinear:feedback=0:prune=hamerly:seed=1:restarts=1:iter=20:miniter=0:polish_iter=0:feedback_slots=1:feedback_interval=1:sample_target=16384,palette-build,measured,5,5,3,0.004279999999999999,'{img2sixel}' --threads=1 --precision=8bit --quality=full '--loaders=libpng!' --sampling-policy=adaptive-grid --binning-policy=hard --quantize-model=kmeans:inittype=none:threshold=0.125:binbits=6:mapping=uniform:softdist=trilinear:feedback=0:prune=hamerly:seed=1:restarts=1:iter=20:miniter=0:polish_iter=0:feedback_slots=1:feedback_interval=1:sample_target=16384 -Xoklab -Wgamma --diffusion=none --gpu-policy=off --lookup-policy=none -F none -a off -p 256 -J '{timeline}' -o '{devnull}' '{input}'
f2c138d8f6aa0a90c89d019f85eaf9bb3efa5edb,macOS-26.5.1-arm64-arm-64bit-Mach-O,images/snake.png,256,full-frame-hard,full-frame,hard,kmeans:inittype=none:threshold=0.125:binbits=6:mapping=uniform:softdist=trilinear:feedback=0:prune=hamerly:seed=1:restarts=1:iter=20:miniter=0:polish_iter=0:feedback_slots=1:feedback_interval=1:sample_target=16384,palette-build,measured,5,5,4,0.015324,'{img2sixel}' --threads=1 --precision=8bit --quality=full '--loaders=libpng!' --sampling-policy=full-frame --binning-policy=hard --quantize-model=kmeans:inittype=none:threshold=0.125:binbits=6:mapping=uniform:softdist=trilinear:feedback=0:prune=hamerly:seed=1:restarts=1:iter=20:miniter=0:polish_iter=0:feedback_slots=1:feedback_interval=1:sample_target=16384 -Xoklab -Wgamma --diffusion=none --gpu-policy=off --lookup-policy=none -F none -a off -p 256 -J '{timeline}' -o '{devnull}' '{input}'
f2c138d8f6aa0a90c89d019f85eaf9bb3efa5edb,macOS-26.5.1-arm64-arm-64bit-Mach-O,images/snake.png,256,full-frame-hard,full-frame,hard,kmeans:inittype=none:threshold=0.125:binbits=6:mapping=uniform:softdist=trilinear:feedback=0:prune=hamerly:seed=1:restarts=1:iter=20:miniter=0:polish_iter=0:feedback_slots=1:feedback_interval=1:sample_target=16384,palette-build,washout,6,6,-1,0.015908,'{img2sixel}' --threads=1 --precision=8bit --quality=full '--loaders=libpng!' --sampling-policy=full-frame --binning-policy=hard --quantize-model=kmeans:inittype=none:threshold=0.125:binbits=6:mapping=uniform:softdist=trilinear:feedback=0:prune=hamerly:seed=1:restarts=1:iter=20:miniter=0:polish_iter=0:feedback_slots=1:feedback_interval=1:sample_target=16384 -Xoklab -Wgamma --diffusion=none --gpu-policy=off --lookup-policy=none -F none -a off -p 256 -J '{timeline}' -o '{devnull}' '{input}'
f2c138d8f6aa0a90c89d019f85eaf9bb3efa5edb,macOS-26.5.1-arm64-arm-64bit-Mach-O,images/snake.png,256,full-frame-soft,full-frame,soft,kmeans:inittype=none:threshold=0.125:binbits=6:mapping=uniform:softdist=trilinear:feedback=0:prune=hamerly:seed=1:restarts=1:iter=20:miniter=0:polish_iter=0:feedback_slots=1:feedback_interval=1:sample_target=16384,palette-build,measured,6,6,0,0.032558,'{img2sixel}' --threads=1 --precision=8bit --quality=full '--loaders=libpng!' --sampling-policy=full-frame --binning-policy=soft --quantize-model=kmeans:inittype=none:threshold=0.125:binbits=6:mapping=uniform:softdist=trilinear:feedback=0:prune=hamerly:seed=1:restarts=1:iter=20:miniter=0:polish_iter=0:feedback_slots=1:feedback_interval=1:sample_target=16384 -Xoklab -Wgamma --diffusion=none --gpu-policy=off --lookup-policy=none -F none -a off -p 256 -J '{timeline}' -o '{devnull}' '{input}'
f2c138d8f6aa0a90c89d019f85eaf9bb3efa5edb,macOS-26.5.1-arm64-arm-64bit-Mach-O,images/snake.png,256,full-frame-exact,full-frame,exact,kmeans:inittype=none:threshold=0.125:binbits=6:mapping=uniform:softdist=trilinear:feedback=0:prune=hamerly:seed=1:restarts=1:iter=20:miniter=0:polish_iter=0:feedback_slots=1:feedback_interval=1:sample_target=16384,palette-build,measured,6,6,1,0.27158499999999997,'{img2sixel}' --threads=1 --precision=8bit --quality=full '--loaders=libpng!' --sampling-policy=full-frame --binning-policy=exact --quantize-model=kmeans:inittype=none:threshold=0.125:binbits=6:mapping=uniform:softdist=trilinear:feedback=0:prune=hamerly:seed=1:restarts=1:iter=20:miniter=0:polish_iter=0:feedback_slots=1:feedback_interval=1:sample_target=16384 -Xoklab -Wgamma --diffusion=none --gpu-policy=off --lookup-policy=none -F none -a off -p 256 -J '{timeline}' -o '{devnull}' '{input}'
f2c138d8f6aa0a90c89d019f85eaf9bb3efa5edb,macOS-26.5.1-arm64-arm-64bit-Mach-O,images/snake.png,256,full-frame-hard,full-frame,hard,kmeans:inittype=none:threshold=0.125:binbits=6:mapping=uniform:softdist=trilinear:feedback=0:prune=hamerly:seed=1:restarts=1:iter=20:miniter=0:polish_iter=0:feedback_slots=1:feedback_interval=1:sample_target=16384,palette-build,measured,6,6,2,0.015555,'{img2sixel}' --threads=1 --precision=8bit --quality=full '--loaders=libpng!' --sampling-policy=full-frame --binning-policy=hard --quantize-model=kmeans:inittype=none:threshold=0.125:binbits=6:mapping=uniform:softdist=trilinear:feedback=0:prune=hamerly:seed=1:restarts=1:iter=20:miniter=0:polish_iter=0:feedback_slots=1:feedback_interval=1:sample_target=16384 -Xoklab -Wgamma --diffusion=none --gpu-policy=off --lookup-policy=none -F none -a off -p 256 -J '{timeline}' -o '{devnull}' '{input}'
f2c138d8f6aa0a90c89d019f85eaf9bb3efa5edb,macOS-26.5.1-arm64-arm-64bit-Mach-O,images/snake.png,256,full-frame-none,full-frame,none,kmeans:inittype=none:threshold=0.125:binbits=6:mapping=uniform:softdist=trilinear:feedback=0:prune=hamerly:seed=1:restarts=1:iter=20:miniter=0:polish_iter=0:feedback_slots=1:feedback_interval=1:sample_target=16384,palette-build,measured,6,6,3,1.0070860000000001,'{img2sixel}' --threads=1 --precision=8bit --quality=full '--loaders=libpng!' --sampling-policy=full-frame --binning-policy=none --quantize-model=kmeans:inittype=none:threshold=0.125:binbits=6:mapping=uniform:softdist=trilinear:feedback=0:prune=hamerly:seed=1:restarts=1:iter=20:miniter=0:polish_iter=0:feedback_slots=1:feedback_interval=1:sample_target=16384 -Xoklab -Wgamma --diffusion=none --gpu-policy=off --lookup-policy=none -F none -a off -p 256 -J '{timeline}' -o '{devnull}' '{input}'
f2c138d8f6aa0a90c89d019f85eaf9bb3efa5edb,macOS-26.5.1-arm64-arm-64bit-Mach-O,images/snake.png,256,adaptive-grid-hard,adaptive-grid,hard,kmeans:inittype=none:threshold=0.125:binbits=6:mapping=uniform:softdist=trilinear:feedback=0:prune=hamerly:seed=1:restarts=1:iter=20:miniter=0:polish_iter=0:feedback_slots=1:feedback_interval=1:sample_target=16384,palette-build,measured,6,6,4,0.004469,'{img2sixel}' --threads=1 --precision=8bit --quality=full '--loaders=libpng!' --sampling-policy=adaptive-grid --binning-policy=hard --quantize-model=kmeans:inittype=none:threshold=0.125:binbits=6:mapping=uniform:softdist=trilinear:feedback=0:prune=hamerly:seed=1:restarts=1:iter=20:miniter=0:polish_iter=0:feedback_slots=1:feedback_interval=1:sample_target=16384 -Xoklab -Wgamma --diffusion=none --gpu-policy=off --lookup-policy=none -F none -a off -p 256 -J '{timeline}' -o '{devnull}' '{input}'
f2c138d8f6aa0a90c89d019f85eaf9bb3efa5edb,macOS-26.5.1-arm64-arm-64bit-Mach-O,images/snake.png,256,full-frame-hard,full-frame,hard,kmeans:inittype=none:threshold=0.125:binbits=6:mapping=uniform:softdist=trilinear:feedback=0:prune=hamerly:seed=1:restarts=1:iter=20:miniter=0:polish_iter=0:feedback_slots=1:feedback_interval=1:sample_target=16384,palette-build,washout,7,7,-1,0.016272000000000002,'{img2sixel}' --threads=1 --precision=8bit --quality=full '--loaders=libpng!' --sampling-policy=full-frame --binning-policy=hard --quantize-model=kmeans:inittype=none:threshold=0.125:binbits=6:mapping=uniform:softdist=trilinear:feedback=0:prune=hamerly:seed=1:restarts=1:iter=20:miniter=0:polish_iter=0:feedback_slots=1:feedback_interval=1:sample_target=16384 -Xoklab -Wgamma --diffusion=none --gpu-policy=off --lookup-policy=none -F none -a off -p 256 -J '{timeline}' -o '{devnull}' '{input}'
f2c138d8f6aa0a90c89d019f85eaf9bb3efa5edb,macOS-26.5.1-arm64-arm-64bit-Mach-O,images/snake.png,256,full-frame-hard,full-frame,hard,kmeans:inittype=none:threshold=0.125:binbits=6:mapping=uniform:softdist=trilinear:feedback=0:prune=hamerly:seed=1:restarts=1:iter=20:miniter=0:polish_iter=0:feedback_slots=1:feedback_interval=1:sample_target=16384,palette-build,measured,7,7,0,0.01627,'{img2sixel}' --threads=1 --precision=8bit --quality=full '--loaders=libpng!' --sampling-policy=full-frame --binning-policy=hard --quantize-model=kmeans:inittype=none:threshold=0.125:binbits=6:mapping=uniform:softdist=trilinear:feedback=0:prune=hamerly:seed=1:restarts=1:iter=20:miniter=0:polish_iter=0:feedback_slots=1:feedback_interval=1:sample_target=16384 -Xoklab -Wgamma --diffusion=none --gpu-policy=off --lookup-policy=none -F none -a off -p 256 -J '{timeline}' -o '{devnull}' '{input}'
f2c138d8f6aa0a90c89d019f85eaf9bb3efa5edb,macOS-26.5.1-arm64-arm-64bit-Mach-O,images/snake.png,256,full-frame-soft,full-frame,soft,kmeans:inittype=none:threshold=0.125:binbits=6:mapping=uniform:softdist=trilinear:feedback=0:prune=hamerly:seed=1:restarts=1:iter=20:miniter=0:polish_iter=0:feedback_slots=1:feedback_interval=1:sample_target=16384,palette-build,measured,7,7,1,0.032252,'{img2sixel}' --threads=1 --precision=8bit --quality=full '--loaders=libpng!' --sampling-policy=full-frame --binning-policy=soft --quantize-model=kmeans:inittype=none:threshold=0.125:binbits=6:mapping=uniform:softdist=trilinear:feedback=0:prune=hamerly:seed=1:restarts=1:iter=20:miniter=0:polish_iter=0:feedback_slots=1:feedback_interval=1:sample_target=16384 -Xoklab -Wgamma --diffusion=none --gpu-policy=off --lookup-policy=none -F none -a off -p 256 -J '{timeline}' -o '{devnull}' '{input}'
f2c138d8f6aa0a90c89d019f85eaf9bb3efa5edb,macOS-26.5.1-arm64-arm-64bit-Mach-O,images/snake.png,256,adaptive-grid-hard,adaptive-grid,hard,kmeans:inittype=none:threshold=0.125:binbits=6:mapping=uniform:softdist=trilinear:feedback=0:prune=hamerly:seed=1:restarts=1:iter=20:miniter=0:polish_iter=0:feedback_slots=1:feedback_interval=1:sample_target=16384,palette-build,measured,7,7,2,0.004342,'{img2sixel}' --threads=1 --precision=8bit --quality=full '--loaders=libpng!' --sampling-policy=adaptive-grid --binning-policy=hard --quantize-model=kmeans:inittype=none:threshold=0.125:binbits=6:mapping=uniform:softdist=trilinear:feedback=0:prune=hamerly:seed=1:restarts=1:iter=20:miniter=0:polish_iter=0:feedback_slots=1:feedback_interval=1:sample_target=16384 -Xoklab -Wgamma --diffusion=none --gpu-policy=off --lookup-policy=none -F none -a off -p 256 -J '{timeline}' -o '{devnull}' '{input}'
f2c138d8f6aa0a90c89d019f85eaf9bb3efa5edb,macOS-26.5.1-arm64-arm-64bit-Mach-O,images/snake.png,256,full-frame-exact,full-frame,exact,kmeans:inittype=none:threshold=0.125:binbits=6:mapping=uniform:softdist=trilinear:feedback=0:prune=hamerly:seed=1:restarts=1:iter=20:miniter=0:polish_iter=0:feedback_slots=1:feedback_interval=1:sample_target=16384,palette-build,measured,7,7,3,0.27201200000000003,'{img2sixel}' --threads=1 --precision=8bit --quality=full '--loaders=libpng!' --sampling-policy=full-frame --binning-policy=exact --quantize-model=kmeans:inittype=none:threshold=0.125:binbits=6:mapping=uniform:softdist=trilinear:feedback=0:prune=hamerly:seed=1:restarts=1:iter=20:miniter=0:polish_iter=0:feedback_slots=1:feedback_interval=1:sample_target=16384 -Xoklab -Wgamma --diffusion=none --gpu-policy=off --lookup-policy=none -F none -a off -p 256 -J '{timeline}' -o '{devnull}' '{input}'
f2c138d8f6aa0a90c89d019f85eaf9bb3efa5edb,macOS-26.5.1-arm64-arm-64bit-Mach-O,images/snake.png,256,full-frame-none,full-frame,none,kmeans:inittype=none:threshold=0.125:binbits=6:mapping=uniform:softdist=trilinear:feedback=0:prune=hamerly:seed=1:restarts=1:iter=20:miniter=0:polish_iter=0:feedback_slots=1:feedback_interval=1:sample_target=16384,palette-build,measured,7,7,4,1.023074,'{img2sixel}' --threads=1 --precision=8bit --quality=full '--loaders=libpng!' --sampling-policy=full-frame --binning-policy=none --quantize-model=kmeans:inittype=none:threshold=0.125:binbits=6:mapping=uniform:softdist=trilinear:feedback=0:prune=hamerly:seed=1:restarts=1:iter=20:miniter=0:polish_iter=0:feedback_slots=1:feedback_interval=1:sample_target=16384 -Xoklab -Wgamma --diffusion=none --gpu-policy=off --lookup-policy=none -F none -a off -p 256 -J '{timeline}' -o '{devnull}' '{input}'
f2c138d8f6aa0a90c89d019f85eaf9bb3efa5edb,macOS-26.5.1-arm64-arm-64bit-Mach-O,images/snake.png,256,full-frame-hard,full-frame,hard,kmeans:inittype=none:threshold=0.125:binbits=6:mapping=uniform:softdist=trilinear:feedback=0:prune=hamerly:seed=1:restarts=1:iter=20:miniter=0:polish_iter=0:feedback_slots=1:feedback_interval=1:sample_target=16384,palette-build,washout,8,8,-1,0.016197000000000003,'{img2sixel}' --threads=1 --precision=8bit --quality=full '--loaders=libpng!' --sampling-policy=full-frame --binning-policy=hard --quantize-model=kmeans:inittype=none:threshold=0.125:binbits=6:mapping=uniform:softdist=trilinear:feedback=0:prune=hamerly:seed=1:restarts=1:iter=20:miniter=0:polish_iter=0:feedback_slots=1:feedback_interval=1:sample_target=16384 -Xoklab -Wgamma --diffusion=none --gpu-policy=off --lookup-policy=none -F none -a off -p 256 -J '{timeline}' -o '{devnull}' '{input}'
f2c138d8f6aa0a90c89d019f85eaf9bb3efa5edb,macOS-26.5.1-arm64-arm-64bit-Mach-O,images/snake.png,256,adaptive-grid-hard,adaptive-grid,hard,kmeans:inittype=none:threshold=0.125:binbits=6:mapping=uniform:softdist=trilinear:feedback=0:prune=hamerly:seed=1:restarts=1:iter=20:miniter=0:polish_iter=0:feedback_slots=1:feedback_interval=1:sample_target=16384,palette-build,measured,8,8,0,0.004475999999999999,'{img2sixel}' --threads=1 --precision=8bit --quality=full '--loaders=libpng!' --sampling-policy=adaptive-grid --binning-policy=hard --quantize-model=kmeans:inittype=none:threshold=0.125:binbits=6:mapping=uniform:softdist=trilinear:feedback=0:prune=hamerly:seed=1:restarts=1:iter=20:miniter=0:polish_iter=0:feedback_slots=1:feedback_interval=1:sample_target=16384 -Xoklab -Wgamma --diffusion=none --gpu-policy=off --lookup-policy=none -F none -a off -p 256 -J '{timeline}' -o '{devnull}' '{input}'
f2c138d8f6aa0a90c89d019f85eaf9bb3efa5edb,macOS-26.5.1-arm64-arm-64bit-Mach-O,images/snake.png,256,full-frame-hard,full-frame,hard,kmeans:inittype=none:threshold=0.125:binbits=6:mapping=uniform:softdist=trilinear:feedback=0:prune=hamerly:seed=1:restarts=1:iter=20:miniter=0:polish_iter=0:feedback_slots=1:feedback_interval=1:sample_target=16384,palette-build,measured,8,8,1,0.016215,'{img2sixel}' --threads=1 --precision=8bit --quality=full '--loaders=libpng!' --sampling-policy=full-frame --binning-policy=hard --quantize-model=kmeans:inittype=none:threshold=0.125:binbits=6:mapping=uniform:softdist=trilinear:feedback=0:prune=hamerly:seed=1:restarts=1:iter=20:miniter=0:polish_iter=0:feedback_slots=1:feedback_interval=1:sample_target=16384 -Xoklab -Wgamma --diffusion=none --gpu-policy=off --lookup-policy=none -F none -a off -p 256 -J '{timeline}' -o '{devnull}' '{input}'
f2c138d8f6aa0a90c89d019f85eaf9bb3efa5edb,macOS-26.5.1-arm64-arm-64bit-Mach-O,images/snake.png,256,full-frame-none,full-frame,none,kmeans:inittype=none:threshold=0.125:binbits=6:mapping=uniform:softdist=trilinear:feedback=0:prune=hamerly:seed=1:restarts=1:iter=20:miniter=0:polish_iter=0:feedback_slots=1:feedback_interval=1:sample_target=16384,palette-build,measured,8,8,2,1.0143959999999999,'{img2sixel}' --threads=1 --precision=8bit --quality=full '--loaders=libpng!' --sampling-policy=full-frame --binning-policy=none --quantize-model=kmeans:inittype=none:threshold=0.125:binbits=6:mapping=uniform:softdist=trilinear:feedback=0:prune=hamerly:seed=1:restarts=1:iter=20:miniter=0:polish_iter=0:feedback_slots=1:feedback_interval=1:sample_target=16384 -Xoklab -Wgamma --diffusion=none --gpu-policy=off --lookup-policy=none -F none -a off -p 256 -J '{timeline}' -o '{devnull}' '{input}'
f2c138d8f6aa0a90c89d019f85eaf9bb3efa5edb,macOS-26.5.1-arm64-arm-64bit-Mach-O,images/snake.png,256,full-frame-soft,full-frame,soft,kmeans:inittype=none:threshold=0.125:binbits=6:mapping=uniform:softdist=trilinear:feedback=0:prune=hamerly:seed=1:restarts=1:iter=20:miniter=0:polish_iter=0:feedback_slots=1:feedback_interval=1:sample_target=16384,palette-build,measured,8,8,3,0.032454000000000004,'{img2sixel}' --threads=1 --precision=8bit --quality=full '--loaders=libpng!' --sampling-policy=full-frame --binning-policy=soft --quantize-model=kmeans:inittype=none:threshold=0.125:binbits=6:mapping=uniform:softdist=trilinear:feedback=0:prune=hamerly:seed=1:restarts=1:iter=20:miniter=0:polish_iter=0:feedback_slots=1:feedback_interval=1:sample_target=16384 -Xoklab -Wgamma --diffusion=none --gpu-policy=off --lookup-policy=none -F none -a off -p 256 -J '{timeline}' -o '{devnull}' '{input}'
f2c138d8f6aa0a90c89d019f85eaf9bb3efa5edb,macOS-26.5.1-arm64-arm-64bit-Mach-O,images/snake.png,256,full-frame-exact,full-frame,exact,kmeans:inittype=none:threshold=0.125:binbits=6:mapping=uniform:softdist=trilinear:feedback=0:prune=hamerly:seed=1:restarts=1:iter=20:miniter=0:polish_iter=0:feedback_slots=1:feedback_interval=1:sample_target=16384,palette-build,measured,8,8,4,0.272927,'{img2sixel}' --threads=1 --precision=8bit --quality=full '--loaders=libpng!' --sampling-policy=full-frame --binning-policy=exact --quantize-model=kmeans:inittype=none:threshold=0.125:binbits=6:mapping=uniform:softdist=trilinear:feedback=0:prune=hamerly:seed=1:restarts=1:iter=20:miniter=0:polish_iter=0:feedback_slots=1:feedback_interval=1:sample_target=16384 -Xoklab -Wgamma --diffusion=none --gpu-policy=off --lookup-policy=none -F none -a off -p 256 -J '{timeline}' -o '{devnull}' '{input}'
f2c138d8f6aa0a90c89d019f85eaf9bb3efa5edb,macOS-26.5.1-arm64-arm-64bit-Mach-O,images/snake.png,256,full-frame-hard,full-frame,hard,kmeans:inittype=none:threshold=0.125:binbits=6:mapping=uniform:softdist=trilinear:feedback=0:prune=hamerly:seed=1:restarts=1:iter=20:miniter=0:polish_iter=0:feedback_slots=1:feedback_interval=1:sample_target=16384,palette-build,washout,9,9,-1,0.015752000000000002,'{img2sixel}' --threads=1 --precision=8bit --quality=full '--loaders=libpng!' --sampling-policy=full-frame --binning-policy=hard --quantize-model=kmeans:inittype=none:threshold=0.125:binbits=6:mapping=uniform:softdist=trilinear:feedback=0:prune=hamerly:seed=1:restarts=1:iter=20:miniter=0:polish_iter=0:feedback_slots=1:feedback_interval=1:sample_target=16384 -Xoklab -Wgamma --diffusion=none --gpu-policy=off --lookup-policy=none -F none -a off -p 256 -J '{timeline}' -o '{devnull}' '{input}'
f2c138d8f6aa0a90c89d019f85eaf9bb3efa5edb,macOS-26.5.1-arm64-arm-64bit-Mach-O,images/snake.png,256,full-frame-none,full-frame,none,kmeans:inittype=none:threshold=0.125:binbits=6:mapping=uniform:softdist=trilinear:feedback=0:prune=hamerly:seed=1:restarts=1:iter=20:miniter=0:polish_iter=0:feedback_slots=1:feedback_interval=1:sample_target=16384,palette-build,measured,9,9,0,1.024398,'{img2sixel}' --threads=1 --precision=8bit --quality=full '--loaders=libpng!' --sampling-policy=full-frame --binning-policy=none --quantize-model=kmeans:inittype=none:threshold=0.125:binbits=6:mapping=uniform:softdist=trilinear:feedback=0:prune=hamerly:seed=1:restarts=1:iter=20:miniter=0:polish_iter=0:feedback_slots=1:feedback_interval=1:sample_target=16384 -Xoklab -Wgamma --diffusion=none --gpu-policy=off --lookup-policy=none -F none -a off -p 256 -J '{timeline}' -o '{devnull}' '{input}'
f2c138d8f6aa0a90c89d019f85eaf9bb3efa5edb,macOS-26.5.1-arm64-arm-64bit-Mach-O,images/snake.png,256,adaptive-grid-hard,adaptive-grid,hard,kmeans:inittype=none:threshold=0.125:binbits=6:mapping=uniform:softdist=trilinear:feedback=0:prune=hamerly:seed=1:restarts=1:iter=20:miniter=0:polish_iter=0:feedback_slots=1:feedback_interval=1:sample_target=16384,palette-build,measured,9,9,1,0.0043760000000000005,'{img2sixel}' --threads=1 --precision=8bit --quality=full '--loaders=libpng!' --sampling-policy=adaptive-grid --binning-policy=hard --quantize-model=kmeans:inittype=none:threshold=0.125:binbits=6:mapping=uniform:softdist=trilinear:feedback=0:prune=hamerly:seed=1:restarts=1:iter=20:miniter=0:polish_iter=0:feedback_slots=1:feedback_interval=1:sample_target=16384 -Xoklab -Wgamma --diffusion=none --gpu-policy=off --lookup-policy=none -F none -a off -p 256 -J '{timeline}' -o '{devnull}' '{input}'
f2c138d8f6aa0a90c89d019f85eaf9bb3efa5edb,macOS-26.5.1-arm64-arm-64bit-Mach-O,images/snake.png,256,full-frame-exact,full-frame,exact,kmeans:inittype=none:threshold=0.125:binbits=6:mapping=uniform:softdist=trilinear:feedback=0:prune=hamerly:seed=1:restarts=1:iter=20:miniter=0:polish_iter=0:feedback_slots=1:feedback_interval=1:sample_target=16384,palette-build,measured,9,9,2,0.275323,'{img2sixel}' --threads=1 --precision=8bit --quality=full '--loaders=libpng!' --sampling-policy=full-frame --binning-policy=exact --quantize-model=kmeans:inittype=none:threshold=0.125:binbits=6:mapping=uniform:softdist=trilinear:feedback=0:prune=hamerly:seed=1:restarts=1:iter=20:miniter=0:polish_iter=0:feedback_slots=1:feedback_interval=1:sample_target=16384 -Xoklab -Wgamma --diffusion=none --gpu-policy=off --lookup-policy=none -F none -a off -p 256 -J '{timeline}' -o '{devnull}' '{input}'
f2c138d8f6aa0a90c89d019f85eaf9bb3efa5edb,macOS-26.5.1-arm64-arm-64bit-Mach-O,images/snake.png,256,full-frame-hard,full-frame,hard,kmeans:inittype=none:threshold=0.125:binbits=6:mapping=uniform:softdist=trilinear:feedback=0:prune=hamerly:seed=1:restarts=1:iter=20:miniter=0:polish_iter=0:feedback_slots=1:feedback_interval=1:sample_target=16384,palette-build,measured,9,9,3,0.015793,'{img2sixel}' --threads=1 --precision=8bit --quality=full '--loaders=libpng!' --sampling-policy=full-frame --binning-policy=hard --quantize-model=kmeans:inittype=none:threshold=0.125:binbits=6:mapping=uniform:softdist=trilinear:feedback=0:prune=hamerly:seed=1:restarts=1:iter=20:miniter=0:polish_iter=0:feedback_slots=1:feedback_interval=1:sample_target=16384 -Xoklab -Wgamma --diffusion=none --gpu-policy=off --lookup-policy=none -F none -a off -p 256 -J '{timeline}' -o '{devnull}' '{input}'
f2c138d8f6aa0a90c89d019f85eaf9bb3efa5edb,macOS-26.5.1-arm64-arm-64bit-Mach-O,images/snake.png,256,full-frame-soft,full-frame,soft,kmeans:inittype=none:threshold=0.125:binbits=6:mapping=uniform:softdist=trilinear:feedback=0:prune=hamerly:seed=1:restarts=1:iter=20:miniter=0:polish_iter=0:feedback_slots=1:feedback_interval=1:sample_target=16384,palette-build,measured,9,9,4,0.031545000000000004,'{img2sixel}' --threads=1 --precision=8bit --quality=full '--loaders=libpng!' --sampling-policy=full-frame --binning-policy=soft --quantize-model=kmeans:inittype=none:threshold=0.125:binbits=6:mapping=uniform:softdist=trilinear:feedback=0:prune=hamerly:seed=1:restarts=1:iter=20:miniter=0:polish_iter=0:feedback_slots=1:feedback_interval=1:sample_target=16384 -Xoklab -Wgamma --diffusion=none --gpu-policy=off --lookup-policy=none -F none -a off -p 256 -J '{timeline}' -o '{devnull}' '{input}'
f2c138d8f6aa0a90c89d019f85eaf9bb3efa5edb,macOS-26.5.1-arm64-arm-64bit-Mach-O,images/snake.png,256,full-frame-hard,full-frame,hard,kmeans:inittype=none:threshold=0.125:binbits=6:mapping=uniform:softdist=trilinear:feedback=0:prune=hamerly:seed=1:restarts=1:iter=20:miniter=0:polish_iter=0:feedback_slots=1:feedback_interval=1:sample_target=16384,palette-build,washout,10,0,-1,0.015282,'{img2sixel}' --threads=1 --precision=8bit --quality=full '--loaders=libpng!' --sampling-policy=full-frame --binning-policy=hard --quantize-model=kmeans:inittype=none:threshold=0.125:binbits=6:mapping=uniform:softdist=trilinear:feedback=0:prune=hamerly:seed=1:restarts=1:iter=20:miniter=0:polish_iter=0:feedback_slots=1:feedback_interval=1:sample_target=16384 -Xoklab -Wgamma --diffusion=none --gpu-policy=off --lookup-policy=none -F none -a off -p 256 -J '{timeline}' -o '{devnull}' '{input}'
f2c138d8f6aa0a90c89d019f85eaf9bb3efa5edb,macOS-26.5.1-arm64-arm-64bit-Mach-O,images/snake.png,256,full-frame-hard,full-frame,hard,kmeans:inittype=none:threshold=0.125:binbits=6:mapping=uniform:softdist=trilinear:feedback=0:prune=hamerly:seed=1:restarts=1:iter=20:miniter=0:polish_iter=0:feedback_slots=1:feedback_interval=1:sample_target=16384,palette-build,measured,10,0,0,0.0166,'{img2sixel}' --threads=1 --precision=8bit --quality=full '--loaders=libpng!' --sampling-policy=full-frame --binning-policy=hard --quantize-model=kmeans:inittype=none:threshold=0.125:binbits=6:mapping=uniform:softdist=trilinear:feedback=0:prune=hamerly:seed=1:restarts=1:iter=20:miniter=0:polish_iter=0:feedback_slots=1:feedback_interval=1:sample_target=16384 -Xoklab -Wgamma --diffusion=none --gpu-policy=off --lookup-policy=none -F none -a off -p 256 -J '{timeline}' -o '{devnull}' '{input}'
f2c138d8f6aa0a90c89d019f85eaf9bb3efa5edb,macOS-26.5.1-arm64-arm-64bit-Mach-O,images/snake.png,256,adaptive-grid-hard,adaptive-grid,hard,kmeans:inittype=none:threshold=0.125:binbits=6:mapping=uniform:softdist=trilinear:feedback=0:prune=hamerly:seed=1:restarts=1:iter=20:miniter=0:polish_iter=0:feedback_slots=1:feedback_interval=1:sample_target=16384,palette-build,measured,10,0,1,0.004432,'{img2sixel}' --threads=1 --precision=8bit --quality=full '--loaders=libpng!' --sampling-policy=adaptive-grid --binning-policy=hard --quantize-model=kmeans:inittype=none:threshold=0.125:binbits=6:mapping=uniform:softdist=trilinear:feedback=0:prune=hamerly:seed=1:restarts=1:iter=20:miniter=0:polish_iter=0:feedback_slots=1:feedback_interval=1:sample_target=16384 -Xoklab -Wgamma --diffusion=none --gpu-policy=off --lookup-policy=none -F none -a off -p 256 -J '{timeline}' -o '{devnull}' '{input}'
f2c138d8f6aa0a90c89d019f85eaf9bb3efa5edb,macOS-26.5.1-arm64-arm-64bit-Mach-O,images/snake.png,256,full-frame-soft,full-frame,soft,kmeans:inittype=none:threshold=0.125:binbits=6:mapping=uniform:softdist=trilinear:feedback=0:prune=hamerly:seed=1:restarts=1:iter=20:miniter=0:polish_iter=0:feedback_slots=1:feedback_interval=1:sample_target=16384,palette-build,measured,10,0,2,0.031712000000000004,'{img2sixel}' --threads=1 --precision=8bit --quality=full '--loaders=libpng!' --sampling-policy=full-frame --binning-policy=soft --quantize-model=kmeans:inittype=none:threshold=0.125:binbits=6:mapping=uniform:softdist=trilinear:feedback=0:prune=hamerly:seed=1:restarts=1:iter=20:miniter=0:polish_iter=0:feedback_slots=1:feedback_interval=1:sample_target=16384 -Xoklab -Wgamma --diffusion=none --gpu-policy=off --lookup-policy=none -F none -a off -p 256 -J '{timeline}' -o '{devnull}' '{input}'
f2c138d8f6aa0a90c89d019f85eaf9bb3efa5edb,macOS-26.5.1-arm64-arm-64bit-Mach-O,images/snake.png,256,full-frame-none,full-frame,none,kmeans:inittype=none:threshold=0.125:binbits=6:mapping=uniform:softdist=trilinear:feedback=0:prune=hamerly:seed=1:restarts=1:iter=20:miniter=0:polish_iter=0:feedback_slots=1:feedback_interval=1:sample_target=16384,palette-build,measured,10,0,3,1.003932,'{img2sixel}' --threads=1 --precision=8bit --quality=full '--loaders=libpng!' --sampling-policy=full-frame --binning-policy=none --quantize-model=kmeans:inittype=none:threshold=0.125:binbits=6:mapping=uniform:softdist=trilinear:feedback=0:prune=hamerly:seed=1:restarts=1:iter=20:miniter=0:polish_iter=0:feedback_slots=1:feedback_interval=1:sample_target=16384 -Xoklab -Wgamma --diffusion=none --gpu-policy=off --lookup-policy=none -F none -a off -p 256 -J '{timeline}' -o '{devnull}' '{input}'
f2c138d8f6aa0a90c89d019f85eaf9bb3efa5edb,macOS-26.5.1-arm64-arm-64bit-Mach-O,images/snake.png,256,full-frame-exact,full-frame,exact,kmeans:inittype=none:threshold=0.125:binbits=6:mapping=uniform:softdist=trilinear:feedback=0:prune=hamerly:seed=1:restarts=1:iter=20:miniter=0:polish_iter=0:feedback_slots=1:feedback_interval=1:sample_target=16384,palette-build,measured,10,0,4,0.27304999999999996,'{img2sixel}' --threads=1 --precision=8bit --quality=full '--loaders=libpng!' --sampling-policy=full-frame --binning-policy=exact --quantize-model=kmeans:inittype=none:threshold=0.125:binbits=6:mapping=uniform:softdist=trilinear:feedback=0:prune=hamerly:seed=1:restarts=1:iter=20:miniter=0:polish_iter=0:feedback_slots=1:feedback_interval=1:sample_target=16384 -Xoklab -Wgamma --diffusion=none --gpu-policy=off --lookup-policy=none -F none -a off -p 256 -J '{timeline}' -o '{devnull}' '{input}'
f2c138d8f6aa0a90c89d019f85eaf9bb3efa5edb,macOS-26.5.1-arm64-arm-64bit-Mach-O,images/snake.png,256,full-frame-hard,full-frame,hard,kmeans:inittype=none:threshold=0.125:binbits=6:mapping=uniform:softdist=trilinear:feedback=0:prune=hamerly:seed=1:restarts=1:iter=20:miniter=0:polish_iter=0:feedback_slots=1:feedback_interval=1:sample_target=16384,palette-build,washout,11,1,-1,0.015270999999999998,'{img2sixel}' --threads=1 --precision=8bit --quality=full '--loaders=libpng!' --sampling-policy=full-frame --binning-policy=hard --quantize-model=kmeans:inittype=none:threshold=0.125:binbits=6:mapping=uniform:softdist=trilinear:feedback=0:prune=hamerly:seed=1:restarts=1:iter=20:miniter=0:polish_iter=0:feedback_slots=1:feedback_interval=1:sample_target=16384 -Xoklab -Wgamma --diffusion=none --gpu-policy=off --lookup-policy=none -F none -a off -p 256 -J '{timeline}' -o '{devnull}' '{input}'
f2c138d8f6aa0a90c89d019f85eaf9bb3efa5edb,macOS-26.5.1-arm64-arm-64bit-Mach-O,images/snake.png,256,adaptive-grid-hard,adaptive-grid,hard,kmeans:inittype=none:threshold=0.125:binbits=6:mapping=uniform:softdist=trilinear:feedback=0:prune=hamerly:seed=1:restarts=1:iter=20:miniter=0:polish_iter=0:feedback_slots=1:feedback_interval=1:sample_target=16384,palette-build,measured,11,1,0,0.004295,'{img2sixel}' --threads=1 --precision=8bit --quality=full '--loaders=libpng!' --sampling-policy=adaptive-grid --binning-policy=hard --quantize-model=kmeans:inittype=none:threshold=0.125:binbits=6:mapping=uniform:softdist=trilinear:feedback=0:prune=hamerly:seed=1:restarts=1:iter=20:miniter=0:polish_iter=0:feedback_slots=1:feedback_interval=1:sample_target=16384 -Xoklab -Wgamma --diffusion=none --gpu-policy=off --lookup-policy=none -F none -a off -p 256 -J '{timeline}' -o '{devnull}' '{input}'
f2c138d8f6aa0a90c89d019f85eaf9bb3efa5edb,macOS-26.5.1-arm64-arm-64bit-Mach-O,images/snake.png,256,full-frame-none,full-frame,none,kmeans:inittype=none:threshold=0.125:binbits=6:mapping=uniform:softdist=trilinear:feedback=0:prune=hamerly:seed=1:restarts=1:iter=20:miniter=0:polish_iter=0:feedback_slots=1:feedback_interval=1:sample_target=16384,palette-build,measured,11,1,1,0.998512,'{img2sixel}' --threads=1 --precision=8bit --quality=full '--loaders=libpng!' --sampling-policy=full-frame --binning-policy=none --quantize-model=kmeans:inittype=none:threshold=0.125:binbits=6:mapping=uniform:softdist=trilinear:feedback=0:prune=hamerly:seed=1:restarts=1:iter=20:miniter=0:polish_iter=0:feedback_slots=1:feedback_interval=1:sample_target=16384 -Xoklab -Wgamma --diffusion=none --gpu-policy=off --lookup-policy=none -F none -a off -p 256 -J '{timeline}' -o '{devnull}' '{input}'
f2c138d8f6aa0a90c89d019f85eaf9bb3efa5edb,macOS-26.5.1-arm64-arm-64bit-Mach-O,images/snake.png,256,full-frame-hard,full-frame,hard,kmeans:inittype=none:threshold=0.125:binbits=6:mapping=uniform:softdist=trilinear:feedback=0:prune=hamerly:seed=1:restarts=1:iter=20:miniter=0:polish_iter=0:feedback_slots=1:feedback_interval=1:sample_target=16384,palette-build,measured,11,1,2,0.015342999999999999,'{img2sixel}' --threads=1 --precision=8bit --quality=full '--loaders=libpng!' --sampling-policy=full-frame --binning-policy=hard --quantize-model=kmeans:inittype=none:threshold=0.125:binbits=6:mapping=uniform:softdist=trilinear:feedback=0:prune=hamerly:seed=1:restarts=1:iter=20:miniter=0:polish_iter=0:feedback_slots=1:feedback_interval=1:sample_target=16384 -Xoklab -Wgamma --diffusion=none --gpu-policy=off --lookup-policy=none -F none -a off -p 256 -J '{timeline}' -o '{devnull}' '{input}'
f2c138d8f6aa0a90c89d019f85eaf9bb3efa5edb,macOS-26.5.1-arm64-arm-64bit-Mach-O,images/snake.png,256,full-frame-exact,full-frame,exact,kmeans:inittype=none:threshold=0.125:binbits=6:mapping=uniform:softdist=trilinear:feedback=0:prune=hamerly:seed=1:restarts=1:iter=20:miniter=0:polish_iter=0:feedback_slots=1:feedback_interval=1:sample_target=16384,palette-build,measured,11,1,3,0.266077,'{img2sixel}' --threads=1 --precision=8bit --quality=full '--loaders=libpng!' --sampling-policy=full-frame --binning-policy=exact --quantize-model=kmeans:inittype=none:threshold=0.125:binbits=6:mapping=uniform:softdist=trilinear:feedback=0:prune=hamerly:seed=1:restarts=1:iter=20:miniter=0:polish_iter=0:feedback_slots=1:feedback_interval=1:sample_target=16384 -Xoklab -Wgamma --diffusion=none --gpu-policy=off --lookup-policy=none -F none -a off -p 256 -J '{timeline}' -o '{devnull}' '{input}'
f2c138d8f6aa0a90c89d019f85eaf9bb3efa5edb,macOS-26.5.1-arm64-arm-64bit-Mach-O,images/snake.png,256,full-frame-soft,full-frame,soft,kmeans:inittype=none:threshold=0.125:binbits=6:mapping=uniform:softdist=trilinear:feedback=0:prune=hamerly:seed=1:restarts=1:iter=20:miniter=0:polish_iter=0:feedback_slots=1:feedback_interval=1:sample_target=16384,palette-build,measured,11,1,4,0.0319,'{img2sixel}' --threads=1 --precision=8bit --quality=full '--loaders=libpng!' --sampling-policy=full-frame --binning-policy=soft --quantize-model=kmeans:inittype=none:threshold=0.125:binbits=6:mapping=uniform:softdist=trilinear:feedback=0:prune=hamerly:seed=1:restarts=1:iter=20:miniter=0:polish_iter=0:feedback_slots=1:feedback_interval=1:sample_target=16384 -Xoklab -Wgamma --diffusion=none --gpu-policy=off --lookup-policy=none -F none -a off -p 256 -J '{timeline}' -o '{devnull}' '{input}'
