fixture_id,fixture_label,fixture_class,fixture_roles,width,height,pixels,revision,platform,input,colors,config,sampling_policy,binning_policy,quantize_option,encoded_bytes,command
natural-snake,natural photograph,natural,content,600,450,270000,60cf33515fda4e2d045a432c49bd761ee73ff568,macOS-26.5.1-arm64-arm-64bit-Mach-O,images/snake.png,8,full-frame-hard,full-frame,hard,kmeans:inittype=none:threshold=0.125:binbits=6:mapping=uniform:softdist=trilinear:autoratio=32:feedback=0:prune=hamerly:seed=1:restarts=1:iter=20:miniter=0:polish_iter=0:feedback_slots=1:feedback_interval=1:sample_target=16384,48991,'{img2sixel}' --threads=1 --precision=8bit --quality=full '--loaders=libpng:cms_engine=builtin!' --palette-sampling=full-frame --palette-binning=hard --quantize-model=kmeans:inittype=none:threshold=0.125:binbits=6:mapping=uniform:softdist=trilinear:autoratio=32:feedback=0:prune=hamerly:seed=1:restarts=1:iter=20:miniter=0:polish_iter=0:feedback_slots=1:feedback_interval=1:sample_target=16384 -Xoklab -Wgamma --diffusion=none --gpu-policy=off --lookup-policy=none -F none -a off -p 8 '{input}'
natural-snake,natural photograph,natural,content,600,450,270000,60cf33515fda4e2d045a432c49bd761ee73ff568,macOS-26.5.1-arm64-arm-64bit-Mach-O,images/snake.png,8,adaptive-grid-hard,adaptive-grid,hard,kmeans:inittype=none:threshold=0.125:binbits=6:mapping=uniform:softdist=trilinear:autoratio=32:feedback=0:prune=hamerly:seed=1:restarts=1:iter=20:miniter=0:polish_iter=0:feedback_slots=1:feedback_interval=1:sample_target=16384,45424,'{img2sixel}' --threads=1 --precision=8bit --quality=full '--loaders=libpng:cms_engine=builtin!' --palette-sampling=adaptive-grid --palette-binning=hard --quantize-model=kmeans:inittype=none:threshold=0.125:binbits=6:mapping=uniform:softdist=trilinear:autoratio=32:feedback=0:prune=hamerly:seed=1:restarts=1:iter=20:miniter=0:polish_iter=0:feedback_slots=1:feedback_interval=1:sample_target=16384 -Xoklab -Wgamma --diffusion=none --gpu-policy=off --lookup-policy=none -F none -a off -p 8 '{input}'
natural-snake,natural photograph,natural,content,600,450,270000,60cf33515fda4e2d045a432c49bd761ee73ff568,macOS-26.5.1-arm64-arm-64bit-Mach-O,images/snake.png,8,full-frame-none,full-frame,none,kmeans:inittype=none:threshold=0.125:binbits=6:mapping=uniform:softdist=trilinear:autoratio=32:feedback=0:prune=hamerly:seed=1:restarts=1:iter=20:miniter=0:polish_iter=0:feedback_slots=1:feedback_interval=1:sample_target=16384,45584,'{img2sixel}' --threads=1 --precision=8bit --quality=full '--loaders=libpng:cms_engine=builtin!' --palette-sampling=full-frame --palette-binning=none --quantize-model=kmeans:inittype=none:threshold=0.125:binbits=6:mapping=uniform:softdist=trilinear:autoratio=32:feedback=0:prune=hamerly:seed=1:restarts=1:iter=20:miniter=0:polish_iter=0:feedback_slots=1:feedback_interval=1:sample_target=16384 -Xoklab -Wgamma --diffusion=none --gpu-policy=off --lookup-policy=none -F none -a off -p 8 '{input}'
natural-snake,natural photograph,natural,content,600,450,270000,60cf33515fda4e2d045a432c49bd761ee73ff568,macOS-26.5.1-arm64-arm-64bit-Mach-O,images/snake.png,8,full-frame-exact,full-frame,exact,kmeans:inittype=none:threshold=0.125:binbits=6:mapping=uniform:softdist=trilinear:autoratio=32:feedback=0:prune=hamerly:seed=1:restarts=1:iter=20:miniter=0:polish_iter=0:feedback_slots=1:feedback_interval=1:sample_target=16384,48714,'{img2sixel}' --threads=1 --precision=8bit --quality=full '--loaders=libpng:cms_engine=builtin!' --palette-sampling=full-frame --palette-binning=exact --quantize-model=kmeans:inittype=none:threshold=0.125:binbits=6:mapping=uniform:softdist=trilinear:autoratio=32:feedback=0:prune=hamerly:seed=1:restarts=1:iter=20:miniter=0:polish_iter=0:feedback_slots=1:feedback_interval=1:sample_target=16384 -Xoklab -Wgamma --diffusion=none --gpu-policy=off --lookup-policy=none -F none -a off -p 8 '{input}'
natural-snake,natural photograph,natural,content,600,450,270000,60cf33515fda4e2d045a432c49bd761ee73ff568,macOS-26.5.1-arm64-arm-64bit-Mach-O,images/snake.png,8,full-frame-soft,full-frame,soft,kmeans:inittype=none:threshold=0.125:binbits=6:mapping=uniform:softdist=trilinear:autoratio=32:feedback=0:prune=hamerly:seed=1:restarts=1:iter=20:miniter=0:polish_iter=0:feedback_slots=1:feedback_interval=1:sample_target=16384,45434,'{img2sixel}' --threads=1 --precision=8bit --quality=full '--loaders=libpng:cms_engine=builtin!' --palette-sampling=full-frame --palette-binning=soft --quantize-model=kmeans:inittype=none:threshold=0.125:binbits=6:mapping=uniform:softdist=trilinear:autoratio=32:feedback=0:prune=hamerly:seed=1:restarts=1:iter=20:miniter=0:polish_iter=0:feedback_slots=1:feedback_interval=1:sample_target=16384 -Xoklab -Wgamma --diffusion=none --gpu-policy=off --lookup-policy=none -F none -a off -p 8 '{input}'
natural-snake,natural photograph,natural,content,600,450,270000,60cf33515fda4e2d045a432c49bd761ee73ff568,macOS-26.5.1-arm64-arm-64bit-Mach-O,images/snake.png,16,full-frame-hard,full-frame,hard,kmeans:inittype=none:threshold=0.125:binbits=6:mapping=uniform:softdist=trilinear:autoratio=32:feedback=0:prune=hamerly:seed=1:restarts=1:iter=20:miniter=0:polish_iter=0:feedback_slots=1:feedback_interval=1:sample_target=16384,67593,'{img2sixel}' --threads=1 --precision=8bit --quality=full '--loaders=libpng:cms_engine=builtin!' --palette-sampling=full-frame --palette-binning=hard --quantize-model=kmeans:inittype=none:threshold=0.125:binbits=6:mapping=uniform:softdist=trilinear:autoratio=32:feedback=0:prune=hamerly:seed=1:restarts=1:iter=20:miniter=0:polish_iter=0:feedback_slots=1:feedback_interval=1:sample_target=16384 -Xoklab -Wgamma --diffusion=none --gpu-policy=off --lookup-policy=none -F none -a off -p 16 '{input}'
natural-snake,natural photograph,natural,content,600,450,270000,60cf33515fda4e2d045a432c49bd761ee73ff568,macOS-26.5.1-arm64-arm-64bit-Mach-O,images/snake.png,16,adaptive-grid-hard,adaptive-grid,hard,kmeans:inittype=none:threshold=0.125:binbits=6:mapping=uniform:softdist=trilinear:autoratio=32:feedback=0:prune=hamerly:seed=1:restarts=1:iter=20:miniter=0:polish_iter=0:feedback_slots=1:feedback_interval=1:sample_target=16384,71467,'{img2sixel}' --threads=1 --precision=8bit --quality=full '--loaders=libpng:cms_engine=builtin!' --palette-sampling=adaptive-grid --palette-binning=hard --quantize-model=kmeans:inittype=none:threshold=0.125:binbits=6:mapping=uniform:softdist=trilinear:autoratio=32:feedback=0:prune=hamerly:seed=1:restarts=1:iter=20:miniter=0:polish_iter=0:feedback_slots=1:feedback_interval=1:sample_target=16384 -Xoklab -Wgamma --diffusion=none --gpu-policy=off --lookup-policy=none -F none -a off -p 16 '{input}'
natural-snake,natural photograph,natural,content,600,450,270000,60cf33515fda4e2d045a432c49bd761ee73ff568,macOS-26.5.1-arm64-arm-64bit-Mach-O,images/snake.png,16,full-frame-none,full-frame,none,kmeans:inittype=none:threshold=0.125:binbits=6:mapping=uniform:softdist=trilinear:autoratio=32:feedback=0:prune=hamerly:seed=1:restarts=1:iter=20:miniter=0:polish_iter=0:feedback_slots=1:feedback_interval=1:sample_target=16384,69983,'{img2sixel}' --threads=1 --precision=8bit --quality=full '--loaders=libpng:cms_engine=builtin!' --palette-sampling=full-frame --palette-binning=none --quantize-model=kmeans:inittype=none:threshold=0.125:binbits=6:mapping=uniform:softdist=trilinear:autoratio=32:feedback=0:prune=hamerly:seed=1:restarts=1:iter=20:miniter=0:polish_iter=0:feedback_slots=1:feedback_interval=1:sample_target=16384 -Xoklab -Wgamma --diffusion=none --gpu-policy=off --lookup-policy=none -F none -a off -p 16 '{input}'
natural-snake,natural photograph,natural,content,600,450,270000,60cf33515fda4e2d045a432c49bd761ee73ff568,macOS-26.5.1-arm64-arm-64bit-Mach-O,images/snake.png,16,full-frame-exact,full-frame,exact,kmeans:inittype=none:threshold=0.125:binbits=6:mapping=uniform:softdist=trilinear:autoratio=32:feedback=0:prune=hamerly:seed=1:restarts=1:iter=20:miniter=0:polish_iter=0:feedback_slots=1:feedback_interval=1:sample_target=16384,66659,'{img2sixel}' --threads=1 --precision=8bit --quality=full '--loaders=libpng:cms_engine=builtin!' --palette-sampling=full-frame --palette-binning=exact --quantize-model=kmeans:inittype=none:threshold=0.125:binbits=6:mapping=uniform:softdist=trilinear:autoratio=32:feedback=0:prune=hamerly:seed=1:restarts=1:iter=20:miniter=0:polish_iter=0:feedback_slots=1:feedback_interval=1:sample_target=16384 -Xoklab -Wgamma --diffusion=none --gpu-policy=off --lookup-policy=none -F none -a off -p 16 '{input}'
natural-snake,natural photograph,natural,content,600,450,270000,60cf33515fda4e2d045a432c49bd761ee73ff568,macOS-26.5.1-arm64-arm-64bit-Mach-O,images/snake.png,16,full-frame-soft,full-frame,soft,kmeans:inittype=none:threshold=0.125:binbits=6:mapping=uniform:softdist=trilinear:autoratio=32:feedback=0:prune=hamerly:seed=1:restarts=1:iter=20:miniter=0:polish_iter=0:feedback_slots=1:feedback_interval=1:sample_target=16384,65666,'{img2sixel}' --threads=1 --precision=8bit --quality=full '--loaders=libpng:cms_engine=builtin!' --palette-sampling=full-frame --palette-binning=soft --quantize-model=kmeans:inittype=none:threshold=0.125:binbits=6:mapping=uniform:softdist=trilinear:autoratio=32:feedback=0:prune=hamerly:seed=1:restarts=1:iter=20:miniter=0:polish_iter=0:feedback_slots=1:feedback_interval=1:sample_target=16384 -Xoklab -Wgamma --diffusion=none --gpu-policy=off --lookup-policy=none -F none -a off -p 16 '{input}'
natural-snake,natural photograph,natural,content,600,450,270000,60cf33515fda4e2d045a432c49bd761ee73ff568,macOS-26.5.1-arm64-arm-64bit-Mach-O,images/snake.png,32,full-frame-hard,full-frame,hard,kmeans:inittype=none:threshold=0.125:binbits=6:mapping=uniform:softdist=trilinear:autoratio=32:feedback=0:prune=hamerly:seed=1:restarts=1:iter=20:miniter=0:polish_iter=0:feedback_slots=1:feedback_interval=1:sample_target=16384,95075,'{img2sixel}' --threads=1 --precision=8bit --quality=full '--loaders=libpng:cms_engine=builtin!' --palette-sampling=full-frame --palette-binning=hard --quantize-model=kmeans:inittype=none:threshold=0.125:binbits=6:mapping=uniform:softdist=trilinear:autoratio=32:feedback=0:prune=hamerly:seed=1:restarts=1:iter=20:miniter=0:polish_iter=0:feedback_slots=1:feedback_interval=1:sample_target=16384 -Xoklab -Wgamma --diffusion=none --gpu-policy=off --lookup-policy=none -F none -a off -p 32 '{input}'
natural-snake,natural photograph,natural,content,600,450,270000,60cf33515fda4e2d045a432c49bd761ee73ff568,macOS-26.5.1-arm64-arm-64bit-Mach-O,images/snake.png,32,adaptive-grid-hard,adaptive-grid,hard,kmeans:inittype=none:threshold=0.125:binbits=6:mapping=uniform:softdist=trilinear:autoratio=32:feedback=0:prune=hamerly:seed=1:restarts=1:iter=20:miniter=0:polish_iter=0:feedback_slots=1:feedback_interval=1:sample_target=16384,100742,'{img2sixel}' --threads=1 --precision=8bit --quality=full '--loaders=libpng:cms_engine=builtin!' --palette-sampling=adaptive-grid --palette-binning=hard --quantize-model=kmeans:inittype=none:threshold=0.125:binbits=6:mapping=uniform:softdist=trilinear:autoratio=32:feedback=0:prune=hamerly:seed=1:restarts=1:iter=20:miniter=0:polish_iter=0:feedback_slots=1:feedback_interval=1:sample_target=16384 -Xoklab -Wgamma --diffusion=none --gpu-policy=off --lookup-policy=none -F none -a off -p 32 '{input}'
natural-snake,natural photograph,natural,content,600,450,270000,60cf33515fda4e2d045a432c49bd761ee73ff568,macOS-26.5.1-arm64-arm-64bit-Mach-O,images/snake.png,32,full-frame-none,full-frame,none,kmeans:inittype=none:threshold=0.125:binbits=6:mapping=uniform:softdist=trilinear:autoratio=32:feedback=0:prune=hamerly:seed=1:restarts=1:iter=20:miniter=0:polish_iter=0:feedback_slots=1:feedback_interval=1:sample_target=16384,109065,'{img2sixel}' --threads=1 --precision=8bit --quality=full '--loaders=libpng:cms_engine=builtin!' --palette-sampling=full-frame --palette-binning=none --quantize-model=kmeans:inittype=none:threshold=0.125:binbits=6:mapping=uniform:softdist=trilinear:autoratio=32:feedback=0:prune=hamerly:seed=1:restarts=1:iter=20:miniter=0:polish_iter=0:feedback_slots=1:feedback_interval=1:sample_target=16384 -Xoklab -Wgamma --diffusion=none --gpu-policy=off --lookup-policy=none -F none -a off -p 32 '{input}'
natural-snake,natural photograph,natural,content,600,450,270000,60cf33515fda4e2d045a432c49bd761ee73ff568,macOS-26.5.1-arm64-arm-64bit-Mach-O,images/snake.png,32,full-frame-exact,full-frame,exact,kmeans:inittype=none:threshold=0.125:binbits=6:mapping=uniform:softdist=trilinear:autoratio=32:feedback=0:prune=hamerly:seed=1:restarts=1:iter=20:miniter=0:polish_iter=0:feedback_slots=1:feedback_interval=1:sample_target=16384,96432,'{img2sixel}' --threads=1 --precision=8bit --quality=full '--loaders=libpng:cms_engine=builtin!' --palette-sampling=full-frame --palette-binning=exact --quantize-model=kmeans:inittype=none:threshold=0.125:binbits=6:mapping=uniform:softdist=trilinear:autoratio=32:feedback=0:prune=hamerly:seed=1:restarts=1:iter=20:miniter=0:polish_iter=0:feedback_slots=1:feedback_interval=1:sample_target=16384 -Xoklab -Wgamma --diffusion=none --gpu-policy=off --lookup-policy=none -F none -a off -p 32 '{input}'
natural-snake,natural photograph,natural,content,600,450,270000,60cf33515fda4e2d045a432c49bd761ee73ff568,macOS-26.5.1-arm64-arm-64bit-Mach-O,images/snake.png,32,full-frame-soft,full-frame,soft,kmeans:inittype=none:threshold=0.125:binbits=6:mapping=uniform:softdist=trilinear:autoratio=32:feedback=0:prune=hamerly:seed=1:restarts=1:iter=20:miniter=0:polish_iter=0:feedback_slots=1:feedback_interval=1:sample_target=16384,97385,'{img2sixel}' --threads=1 --precision=8bit --quality=full '--loaders=libpng:cms_engine=builtin!' --palette-sampling=full-frame --palette-binning=soft --quantize-model=kmeans:inittype=none:threshold=0.125:binbits=6:mapping=uniform:softdist=trilinear:autoratio=32:feedback=0:prune=hamerly:seed=1:restarts=1:iter=20:miniter=0:polish_iter=0:feedback_slots=1:feedback_interval=1:sample_target=16384 -Xoklab -Wgamma --diffusion=none --gpu-policy=off --lookup-policy=none -F none -a off -p 32 '{input}'
natural-snake,natural photograph,natural,content,600,450,270000,60cf33515fda4e2d045a432c49bd761ee73ff568,macOS-26.5.1-arm64-arm-64bit-Mach-O,images/snake.png,64,full-frame-hard,full-frame,hard,kmeans:inittype=none:threshold=0.125:binbits=6:mapping=uniform:softdist=trilinear:autoratio=32:feedback=0:prune=hamerly:seed=1:restarts=1:iter=20:miniter=0:polish_iter=0:feedback_slots=1:feedback_interval=1:sample_target=16384,137073,'{img2sixel}' --threads=1 --precision=8bit --quality=full '--loaders=libpng:cms_engine=builtin!' --palette-sampling=full-frame --palette-binning=hard --quantize-model=kmeans:inittype=none:threshold=0.125:binbits=6:mapping=uniform:softdist=trilinear:autoratio=32:feedback=0:prune=hamerly:seed=1:restarts=1:iter=20:miniter=0:polish_iter=0:feedback_slots=1:feedback_interval=1:sample_target=16384 -Xoklab -Wgamma --diffusion=none --gpu-policy=off --lookup-policy=none -F none -a off -p 64 '{input}'
natural-snake,natural photograph,natural,content,600,450,270000,60cf33515fda4e2d045a432c49bd761ee73ff568,macOS-26.5.1-arm64-arm-64bit-Mach-O,images/snake.png,64,adaptive-grid-hard,adaptive-grid,hard,kmeans:inittype=none:threshold=0.125:binbits=6:mapping=uniform:softdist=trilinear:autoratio=32:feedback=0:prune=hamerly:seed=1:restarts=1:iter=20:miniter=0:polish_iter=0:feedback_slots=1:feedback_interval=1:sample_target=16384,139370,'{img2sixel}' --threads=1 --precision=8bit --quality=full '--loaders=libpng:cms_engine=builtin!' --palette-sampling=adaptive-grid --palette-binning=hard --quantize-model=kmeans:inittype=none:threshold=0.125:binbits=6:mapping=uniform:softdist=trilinear:autoratio=32:feedback=0:prune=hamerly:seed=1:restarts=1:iter=20:miniter=0:polish_iter=0:feedback_slots=1:feedback_interval=1:sample_target=16384 -Xoklab -Wgamma --diffusion=none --gpu-policy=off --lookup-policy=none -F none -a off -p 64 '{input}'
natural-snake,natural photograph,natural,content,600,450,270000,60cf33515fda4e2d045a432c49bd761ee73ff568,macOS-26.5.1-arm64-arm-64bit-Mach-O,images/snake.png,64,full-frame-none,full-frame,none,kmeans:inittype=none:threshold=0.125:binbits=6:mapping=uniform:softdist=trilinear:autoratio=32:feedback=0:prune=hamerly:seed=1:restarts=1:iter=20:miniter=0:polish_iter=0:feedback_slots=1:feedback_interval=1:sample_target=16384,151033,'{img2sixel}' --threads=1 --precision=8bit --quality=full '--loaders=libpng:cms_engine=builtin!' --palette-sampling=full-frame --palette-binning=none --quantize-model=kmeans:inittype=none:threshold=0.125:binbits=6:mapping=uniform:softdist=trilinear:autoratio=32:feedback=0:prune=hamerly:seed=1:restarts=1:iter=20:miniter=0:polish_iter=0:feedback_slots=1:feedback_interval=1:sample_target=16384 -Xoklab -Wgamma --diffusion=none --gpu-policy=off --lookup-policy=none -F none -a off -p 64 '{input}'
natural-snake,natural photograph,natural,content,600,450,270000,60cf33515fda4e2d045a432c49bd761ee73ff568,macOS-26.5.1-arm64-arm-64bit-Mach-O,images/snake.png,64,full-frame-exact,full-frame,exact,kmeans:inittype=none:threshold=0.125:binbits=6:mapping=uniform:softdist=trilinear:autoratio=32:feedback=0:prune=hamerly:seed=1:restarts=1:iter=20:miniter=0:polish_iter=0:feedback_slots=1:feedback_interval=1:sample_target=16384,140824,'{img2sixel}' --threads=1 --precision=8bit --quality=full '--loaders=libpng:cms_engine=builtin!' --palette-sampling=full-frame --palette-binning=exact --quantize-model=kmeans:inittype=none:threshold=0.125:binbits=6:mapping=uniform:softdist=trilinear:autoratio=32:feedback=0:prune=hamerly:seed=1:restarts=1:iter=20:miniter=0:polish_iter=0:feedback_slots=1:feedback_interval=1:sample_target=16384 -Xoklab -Wgamma --diffusion=none --gpu-policy=off --lookup-policy=none -F none -a off -p 64 '{input}'
natural-snake,natural photograph,natural,content,600,450,270000,60cf33515fda4e2d045a432c49bd761ee73ff568,macOS-26.5.1-arm64-arm-64bit-Mach-O,images/snake.png,64,full-frame-soft,full-frame,soft,kmeans:inittype=none:threshold=0.125:binbits=6:mapping=uniform:softdist=trilinear:autoratio=32:feedback=0:prune=hamerly:seed=1:restarts=1:iter=20:miniter=0:polish_iter=0:feedback_slots=1:feedback_interval=1:sample_target=16384,133603,'{img2sixel}' --threads=1 --precision=8bit --quality=full '--loaders=libpng:cms_engine=builtin!' --palette-sampling=full-frame --palette-binning=soft --quantize-model=kmeans:inittype=none:threshold=0.125:binbits=6:mapping=uniform:softdist=trilinear:autoratio=32:feedback=0:prune=hamerly:seed=1:restarts=1:iter=20:miniter=0:polish_iter=0:feedback_slots=1:feedback_interval=1:sample_target=16384 -Xoklab -Wgamma --diffusion=none --gpu-policy=off --lookup-policy=none -F none -a off -p 64 '{input}'
natural-snake,natural photograph,natural,content,600,450,270000,60cf33515fda4e2d045a432c49bd761ee73ff568,macOS-26.5.1-arm64-arm-64bit-Mach-O,images/snake.png,128,full-frame-hard,full-frame,hard,kmeans:inittype=none:threshold=0.125:binbits=6:mapping=uniform:softdist=trilinear:autoratio=32:feedback=0:prune=hamerly:seed=1:restarts=1:iter=20:miniter=0:polish_iter=0:feedback_slots=1:feedback_interval=1:sample_target=16384,190093,'{img2sixel}' --threads=1 --precision=8bit --quality=full '--loaders=libpng:cms_engine=builtin!' --palette-sampling=full-frame --palette-binning=hard --quantize-model=kmeans:inittype=none:threshold=0.125:binbits=6:mapping=uniform:softdist=trilinear:autoratio=32:feedback=0:prune=hamerly:seed=1:restarts=1:iter=20:miniter=0:polish_iter=0:feedback_slots=1:feedback_interval=1:sample_target=16384 -Xoklab -Wgamma --diffusion=none --gpu-policy=off --lookup-policy=none -F none -a off -p 128 '{input}'
natural-snake,natural photograph,natural,content,600,450,270000,60cf33515fda4e2d045a432c49bd761ee73ff568,macOS-26.5.1-arm64-arm-64bit-Mach-O,images/snake.png,128,adaptive-grid-hard,adaptive-grid,hard,kmeans:inittype=none:threshold=0.125:binbits=6:mapping=uniform:softdist=trilinear:autoratio=32:feedback=0:prune=hamerly:seed=1:restarts=1:iter=20:miniter=0:polish_iter=0:feedback_slots=1:feedback_interval=1:sample_target=16384,200169,'{img2sixel}' --threads=1 --precision=8bit --quality=full '--loaders=libpng:cms_engine=builtin!' --palette-sampling=adaptive-grid --palette-binning=hard --quantize-model=kmeans:inittype=none:threshold=0.125:binbits=6:mapping=uniform:softdist=trilinear:autoratio=32:feedback=0:prune=hamerly:seed=1:restarts=1:iter=20:miniter=0:polish_iter=0:feedback_slots=1:feedback_interval=1:sample_target=16384 -Xoklab -Wgamma --diffusion=none --gpu-policy=off --lookup-policy=none -F none -a off -p 128 '{input}'
natural-snake,natural photograph,natural,content,600,450,270000,60cf33515fda4e2d045a432c49bd761ee73ff568,macOS-26.5.1-arm64-arm-64bit-Mach-O,images/snake.png,128,full-frame-none,full-frame,none,kmeans:inittype=none:threshold=0.125:binbits=6:mapping=uniform:softdist=trilinear:autoratio=32:feedback=0:prune=hamerly:seed=1:restarts=1:iter=20:miniter=0:polish_iter=0:feedback_slots=1:feedback_interval=1:sample_target=16384,206709,'{img2sixel}' --threads=1 --precision=8bit --quality=full '--loaders=libpng:cms_engine=builtin!' --palette-sampling=full-frame --palette-binning=none --quantize-model=kmeans:inittype=none:threshold=0.125:binbits=6:mapping=uniform:softdist=trilinear:autoratio=32:feedback=0:prune=hamerly:seed=1:restarts=1:iter=20:miniter=0:polish_iter=0:feedback_slots=1:feedback_interval=1:sample_target=16384 -Xoklab -Wgamma --diffusion=none --gpu-policy=off --lookup-policy=none -F none -a off -p 128 '{input}'
natural-snake,natural photograph,natural,content,600,450,270000,60cf33515fda4e2d045a432c49bd761ee73ff568,macOS-26.5.1-arm64-arm-64bit-Mach-O,images/snake.png,128,full-frame-exact,full-frame,exact,kmeans:inittype=none:threshold=0.125:binbits=6:mapping=uniform:softdist=trilinear:autoratio=32:feedback=0:prune=hamerly:seed=1:restarts=1:iter=20:miniter=0:polish_iter=0:feedback_slots=1:feedback_interval=1:sample_target=16384,192987,'{img2sixel}' --threads=1 --precision=8bit --quality=full '--loaders=libpng:cms_engine=builtin!' --palette-sampling=full-frame --palette-binning=exact --quantize-model=kmeans:inittype=none:threshold=0.125:binbits=6:mapping=uniform:softdist=trilinear:autoratio=32:feedback=0:prune=hamerly:seed=1:restarts=1:iter=20:miniter=0:polish_iter=0:feedback_slots=1:feedback_interval=1:sample_target=16384 -Xoklab -Wgamma --diffusion=none --gpu-policy=off --lookup-policy=none -F none -a off -p 128 '{input}'
natural-snake,natural photograph,natural,content,600,450,270000,60cf33515fda4e2d045a432c49bd761ee73ff568,macOS-26.5.1-arm64-arm-64bit-Mach-O,images/snake.png,128,full-frame-soft,full-frame,soft,kmeans:inittype=none:threshold=0.125:binbits=6:mapping=uniform:softdist=trilinear:autoratio=32:feedback=0:prune=hamerly:seed=1:restarts=1:iter=20:miniter=0:polish_iter=0:feedback_slots=1:feedback_interval=1:sample_target=16384,181600,'{img2sixel}' --threads=1 --precision=8bit --quality=full '--loaders=libpng:cms_engine=builtin!' --palette-sampling=full-frame --palette-binning=soft --quantize-model=kmeans:inittype=none:threshold=0.125:binbits=6:mapping=uniform:softdist=trilinear:autoratio=32:feedback=0:prune=hamerly:seed=1:restarts=1:iter=20:miniter=0:polish_iter=0:feedback_slots=1:feedback_interval=1:sample_target=16384 -Xoklab -Wgamma --diffusion=none --gpu-policy=off --lookup-policy=none -F none -a off -p 128 '{input}'
natural-snake,natural photograph,natural,content,600,450,270000,60cf33515fda4e2d045a432c49bd761ee73ff568,macOS-26.5.1-arm64-arm-64bit-Mach-O,images/snake.png,256,full-frame-hard,full-frame,hard,kmeans:inittype=none:threshold=0.125:binbits=6:mapping=uniform:softdist=trilinear:autoratio=32:feedback=0:prune=hamerly:seed=1:restarts=1:iter=20:miniter=0:polish_iter=0:feedback_slots=1:feedback_interval=1:sample_target=16384,264429,'{img2sixel}' --threads=1 --precision=8bit --quality=full '--loaders=libpng:cms_engine=builtin!' --palette-sampling=full-frame --palette-binning=hard --quantize-model=kmeans:inittype=none:threshold=0.125:binbits=6:mapping=uniform:softdist=trilinear:autoratio=32:feedback=0:prune=hamerly:seed=1:restarts=1:iter=20:miniter=0:polish_iter=0:feedback_slots=1:feedback_interval=1:sample_target=16384 -Xoklab -Wgamma --diffusion=none --gpu-policy=off --lookup-policy=none -F none -a off -p 256 '{input}'
natural-snake,natural photograph,natural,content,600,450,270000,60cf33515fda4e2d045a432c49bd761ee73ff568,macOS-26.5.1-arm64-arm-64bit-Mach-O,images/snake.png,256,adaptive-grid-hard,adaptive-grid,hard,kmeans:inittype=none:threshold=0.125:binbits=6:mapping=uniform:softdist=trilinear:autoratio=32:feedback=0:prune=hamerly:seed=1:restarts=1:iter=20:miniter=0:polish_iter=0:feedback_slots=1:feedback_interval=1:sample_target=16384,271033,'{img2sixel}' --threads=1 --precision=8bit --quality=full '--loaders=libpng:cms_engine=builtin!' --palette-sampling=adaptive-grid --palette-binning=hard --quantize-model=kmeans:inittype=none:threshold=0.125:binbits=6:mapping=uniform:softdist=trilinear:autoratio=32:feedback=0:prune=hamerly:seed=1:restarts=1:iter=20:miniter=0:polish_iter=0:feedback_slots=1:feedback_interval=1:sample_target=16384 -Xoklab -Wgamma --diffusion=none --gpu-policy=off --lookup-policy=none -F none -a off -p 256 '{input}'
natural-snake,natural photograph,natural,content,600,450,270000,60cf33515fda4e2d045a432c49bd761ee73ff568,macOS-26.5.1-arm64-arm-64bit-Mach-O,images/snake.png,256,full-frame-none,full-frame,none,kmeans:inittype=none:threshold=0.125:binbits=6:mapping=uniform:softdist=trilinear:autoratio=32:feedback=0:prune=hamerly:seed=1:restarts=1:iter=20:miniter=0:polish_iter=0:feedback_slots=1:feedback_interval=1:sample_target=16384,271954,'{img2sixel}' --threads=1 --precision=8bit --quality=full '--loaders=libpng:cms_engine=builtin!' --palette-sampling=full-frame --palette-binning=none --quantize-model=kmeans:inittype=none:threshold=0.125:binbits=6:mapping=uniform:softdist=trilinear:autoratio=32:feedback=0:prune=hamerly:seed=1:restarts=1:iter=20:miniter=0:polish_iter=0:feedback_slots=1:feedback_interval=1:sample_target=16384 -Xoklab -Wgamma --diffusion=none --gpu-policy=off --lookup-policy=none -F none -a off -p 256 '{input}'
natural-snake,natural photograph,natural,content,600,450,270000,60cf33515fda4e2d045a432c49bd761ee73ff568,macOS-26.5.1-arm64-arm-64bit-Mach-O,images/snake.png,256,full-frame-exact,full-frame,exact,kmeans:inittype=none:threshold=0.125:binbits=6:mapping=uniform:softdist=trilinear:autoratio=32:feedback=0:prune=hamerly:seed=1:restarts=1:iter=20:miniter=0:polish_iter=0:feedback_slots=1:feedback_interval=1:sample_target=16384,257920,'{img2sixel}' --threads=1 --precision=8bit --quality=full '--loaders=libpng:cms_engine=builtin!' --palette-sampling=full-frame --palette-binning=exact --quantize-model=kmeans:inittype=none:threshold=0.125:binbits=6:mapping=uniform:softdist=trilinear:autoratio=32:feedback=0:prune=hamerly:seed=1:restarts=1:iter=20:miniter=0:polish_iter=0:feedback_slots=1:feedback_interval=1:sample_target=16384 -Xoklab -Wgamma --diffusion=none --gpu-policy=off --lookup-policy=none -F none -a off -p 256 '{input}'
natural-snake,natural photograph,natural,content,600,450,270000,60cf33515fda4e2d045a432c49bd761ee73ff568,macOS-26.5.1-arm64-arm-64bit-Mach-O,images/snake.png,256,full-frame-soft,full-frame,soft,kmeans:inittype=none:threshold=0.125:binbits=6:mapping=uniform:softdist=trilinear:autoratio=32:feedback=0:prune=hamerly:seed=1:restarts=1:iter=20:miniter=0:polish_iter=0:feedback_slots=1:feedback_interval=1:sample_target=16384,252289,'{img2sixel}' --threads=1 --precision=8bit --quality=full '--loaders=libpng:cms_engine=builtin!' --palette-sampling=full-frame --palette-binning=soft --quantize-model=kmeans:inittype=none:threshold=0.125:binbits=6:mapping=uniform:softdist=trilinear:autoratio=32:feedback=0:prune=hamerly:seed=1:restarts=1:iter=20:miniter=0:polish_iter=0:feedback_slots=1:feedback_interval=1:sample_target=16384 -Xoklab -Wgamma --diffusion=none --gpu-policy=off --lookup-policy=none -F none -a off -p 256 '{input}'
flat-artwork,flat artwork,flat-artwork,content,582,746,434172,60cf33515fda4e2d045a432c49bd761ee73ff568,macOS-26.5.1-arm64-arm-64bit-Mach-O,images/vimperator3.png,8,full-frame-hard,full-frame,hard,kmeans:inittype=none:threshold=0.125:binbits=6:mapping=uniform:softdist=trilinear:autoratio=32:feedback=0:prune=hamerly:seed=1:restarts=1:iter=20:miniter=0:polish_iter=0:feedback_slots=1:feedback_interval=1:sample_target=16384,36022,'{img2sixel}' --threads=1 --precision=8bit --quality=full '--loaders=libpng:cms_engine=builtin!' --palette-sampling=full-frame --palette-binning=hard --quantize-model=kmeans:inittype=none:threshold=0.125:binbits=6:mapping=uniform:softdist=trilinear:autoratio=32:feedback=0:prune=hamerly:seed=1:restarts=1:iter=20:miniter=0:polish_iter=0:feedback_slots=1:feedback_interval=1:sample_target=16384 -Xoklab -Wgamma --diffusion=none --gpu-policy=off --lookup-policy=none -F none -a off -p 8 '{input}'
flat-artwork,flat artwork,flat-artwork,content,582,746,434172,60cf33515fda4e2d045a432c49bd761ee73ff568,macOS-26.5.1-arm64-arm-64bit-Mach-O,images/vimperator3.png,8,adaptive-grid-hard,adaptive-grid,hard,kmeans:inittype=none:threshold=0.125:binbits=6:mapping=uniform:softdist=trilinear:autoratio=32:feedback=0:prune=hamerly:seed=1:restarts=1:iter=20:miniter=0:polish_iter=0:feedback_slots=1:feedback_interval=1:sample_target=16384,30057,'{img2sixel}' --threads=1 --precision=8bit --quality=full '--loaders=libpng:cms_engine=builtin!' --palette-sampling=adaptive-grid --palette-binning=hard --quantize-model=kmeans:inittype=none:threshold=0.125:binbits=6:mapping=uniform:softdist=trilinear:autoratio=32:feedback=0:prune=hamerly:seed=1:restarts=1:iter=20:miniter=0:polish_iter=0:feedback_slots=1:feedback_interval=1:sample_target=16384 -Xoklab -Wgamma --diffusion=none --gpu-policy=off --lookup-policy=none -F none -a off -p 8 '{input}'
flat-artwork,flat artwork,flat-artwork,content,582,746,434172,60cf33515fda4e2d045a432c49bd761ee73ff568,macOS-26.5.1-arm64-arm-64bit-Mach-O,images/vimperator3.png,8,full-frame-none,full-frame,none,kmeans:inittype=none:threshold=0.125:binbits=6:mapping=uniform:softdist=trilinear:autoratio=32:feedback=0:prune=hamerly:seed=1:restarts=1:iter=20:miniter=0:polish_iter=0:feedback_slots=1:feedback_interval=1:sample_target=16384,40274,'{img2sixel}' --threads=1 --precision=8bit --quality=full '--loaders=libpng:cms_engine=builtin!' --palette-sampling=full-frame --palette-binning=none --quantize-model=kmeans:inittype=none:threshold=0.125:binbits=6:mapping=uniform:softdist=trilinear:autoratio=32:feedback=0:prune=hamerly:seed=1:restarts=1:iter=20:miniter=0:polish_iter=0:feedback_slots=1:feedback_interval=1:sample_target=16384 -Xoklab -Wgamma --diffusion=none --gpu-policy=off --lookup-policy=none -F none -a off -p 8 '{input}'
flat-artwork,flat artwork,flat-artwork,content,582,746,434172,60cf33515fda4e2d045a432c49bd761ee73ff568,macOS-26.5.1-arm64-arm-64bit-Mach-O,images/vimperator3.png,8,full-frame-exact,full-frame,exact,kmeans:inittype=none:threshold=0.125:binbits=6:mapping=uniform:softdist=trilinear:autoratio=32:feedback=0:prune=hamerly:seed=1:restarts=1:iter=20:miniter=0:polish_iter=0:feedback_slots=1:feedback_interval=1:sample_target=16384,35371,'{img2sixel}' --threads=1 --precision=8bit --quality=full '--loaders=libpng:cms_engine=builtin!' --palette-sampling=full-frame --palette-binning=exact --quantize-model=kmeans:inittype=none:threshold=0.125:binbits=6:mapping=uniform:softdist=trilinear:autoratio=32:feedback=0:prune=hamerly:seed=1:restarts=1:iter=20:miniter=0:polish_iter=0:feedback_slots=1:feedback_interval=1:sample_target=16384 -Xoklab -Wgamma --diffusion=none --gpu-policy=off --lookup-policy=none -F none -a off -p 8 '{input}'
flat-artwork,flat artwork,flat-artwork,content,582,746,434172,60cf33515fda4e2d045a432c49bd761ee73ff568,macOS-26.5.1-arm64-arm-64bit-Mach-O,images/vimperator3.png,8,full-frame-soft,full-frame,soft,kmeans:inittype=none:threshold=0.125:binbits=6:mapping=uniform:softdist=trilinear:autoratio=32:feedback=0:prune=hamerly:seed=1:restarts=1:iter=20:miniter=0:polish_iter=0:feedback_slots=1:feedback_interval=1:sample_target=16384,32781,'{img2sixel}' --threads=1 --precision=8bit --quality=full '--loaders=libpng:cms_engine=builtin!' --palette-sampling=full-frame --palette-binning=soft --quantize-model=kmeans:inittype=none:threshold=0.125:binbits=6:mapping=uniform:softdist=trilinear:autoratio=32:feedback=0:prune=hamerly:seed=1:restarts=1:iter=20:miniter=0:polish_iter=0:feedback_slots=1:feedback_interval=1:sample_target=16384 -Xoklab -Wgamma --diffusion=none --gpu-policy=off --lookup-policy=none -F none -a off -p 8 '{input}'
flat-artwork,flat artwork,flat-artwork,content,582,746,434172,60cf33515fda4e2d045a432c49bd761ee73ff568,macOS-26.5.1-arm64-arm-64bit-Mach-O,images/vimperator3.png,16,full-frame-hard,full-frame,hard,kmeans:inittype=none:threshold=0.125:binbits=6:mapping=uniform:softdist=trilinear:autoratio=32:feedback=0:prune=hamerly:seed=1:restarts=1:iter=20:miniter=0:polish_iter=0:feedback_slots=1:feedback_interval=1:sample_target=16384,51829,'{img2sixel}' --threads=1 --precision=8bit --quality=full '--loaders=libpng:cms_engine=builtin!' --palette-sampling=full-frame --palette-binning=hard --quantize-model=kmeans:inittype=none:threshold=0.125:binbits=6:mapping=uniform:softdist=trilinear:autoratio=32:feedback=0:prune=hamerly:seed=1:restarts=1:iter=20:miniter=0:polish_iter=0:feedback_slots=1:feedback_interval=1:sample_target=16384 -Xoklab -Wgamma --diffusion=none --gpu-policy=off --lookup-policy=none -F none -a off -p 16 '{input}'
flat-artwork,flat artwork,flat-artwork,content,582,746,434172,60cf33515fda4e2d045a432c49bd761ee73ff568,macOS-26.5.1-arm64-arm-64bit-Mach-O,images/vimperator3.png,16,adaptive-grid-hard,adaptive-grid,hard,kmeans:inittype=none:threshold=0.125:binbits=6:mapping=uniform:softdist=trilinear:autoratio=32:feedback=0:prune=hamerly:seed=1:restarts=1:iter=20:miniter=0:polish_iter=0:feedback_slots=1:feedback_interval=1:sample_target=16384,46351,'{img2sixel}' --threads=1 --precision=8bit --quality=full '--loaders=libpng:cms_engine=builtin!' --palette-sampling=adaptive-grid --palette-binning=hard --quantize-model=kmeans:inittype=none:threshold=0.125:binbits=6:mapping=uniform:softdist=trilinear:autoratio=32:feedback=0:prune=hamerly:seed=1:restarts=1:iter=20:miniter=0:polish_iter=0:feedback_slots=1:feedback_interval=1:sample_target=16384 -Xoklab -Wgamma --diffusion=none --gpu-policy=off --lookup-policy=none -F none -a off -p 16 '{input}'
flat-artwork,flat artwork,flat-artwork,content,582,746,434172,60cf33515fda4e2d045a432c49bd761ee73ff568,macOS-26.5.1-arm64-arm-64bit-Mach-O,images/vimperator3.png,16,full-frame-none,full-frame,none,kmeans:inittype=none:threshold=0.125:binbits=6:mapping=uniform:softdist=trilinear:autoratio=32:feedback=0:prune=hamerly:seed=1:restarts=1:iter=20:miniter=0:polish_iter=0:feedback_slots=1:feedback_interval=1:sample_target=16384,55164,'{img2sixel}' --threads=1 --precision=8bit --quality=full '--loaders=libpng:cms_engine=builtin!' --palette-sampling=full-frame --palette-binning=none --quantize-model=kmeans:inittype=none:threshold=0.125:binbits=6:mapping=uniform:softdist=trilinear:autoratio=32:feedback=0:prune=hamerly:seed=1:restarts=1:iter=20:miniter=0:polish_iter=0:feedback_slots=1:feedback_interval=1:sample_target=16384 -Xoklab -Wgamma --diffusion=none --gpu-policy=off --lookup-policy=none -F none -a off -p 16 '{input}'
flat-artwork,flat artwork,flat-artwork,content,582,746,434172,60cf33515fda4e2d045a432c49bd761ee73ff568,macOS-26.5.1-arm64-arm-64bit-Mach-O,images/vimperator3.png,16,full-frame-exact,full-frame,exact,kmeans:inittype=none:threshold=0.125:binbits=6:mapping=uniform:softdist=trilinear:autoratio=32:feedback=0:prune=hamerly:seed=1:restarts=1:iter=20:miniter=0:polish_iter=0:feedback_slots=1:feedback_interval=1:sample_target=16384,53751,'{img2sixel}' --threads=1 --precision=8bit --quality=full '--loaders=libpng:cms_engine=builtin!' --palette-sampling=full-frame --palette-binning=exact --quantize-model=kmeans:inittype=none:threshold=0.125:binbits=6:mapping=uniform:softdist=trilinear:autoratio=32:feedback=0:prune=hamerly:seed=1:restarts=1:iter=20:miniter=0:polish_iter=0:feedback_slots=1:feedback_interval=1:sample_target=16384 -Xoklab -Wgamma --diffusion=none --gpu-policy=off --lookup-policy=none -F none -a off -p 16 '{input}'
flat-artwork,flat artwork,flat-artwork,content,582,746,434172,60cf33515fda4e2d045a432c49bd761ee73ff568,macOS-26.5.1-arm64-arm-64bit-Mach-O,images/vimperator3.png,16,full-frame-soft,full-frame,soft,kmeans:inittype=none:threshold=0.125:binbits=6:mapping=uniform:softdist=trilinear:autoratio=32:feedback=0:prune=hamerly:seed=1:restarts=1:iter=20:miniter=0:polish_iter=0:feedback_slots=1:feedback_interval=1:sample_target=16384,49916,'{img2sixel}' --threads=1 --precision=8bit --quality=full '--loaders=libpng:cms_engine=builtin!' --palette-sampling=full-frame --palette-binning=soft --quantize-model=kmeans:inittype=none:threshold=0.125:binbits=6:mapping=uniform:softdist=trilinear:autoratio=32:feedback=0:prune=hamerly:seed=1:restarts=1:iter=20:miniter=0:polish_iter=0:feedback_slots=1:feedback_interval=1:sample_target=16384 -Xoklab -Wgamma --diffusion=none --gpu-policy=off --lookup-policy=none -F none -a off -p 16 '{input}'
flat-artwork,flat artwork,flat-artwork,content,582,746,434172,60cf33515fda4e2d045a432c49bd761ee73ff568,macOS-26.5.1-arm64-arm-64bit-Mach-O,images/vimperator3.png,32,full-frame-hard,full-frame,hard,kmeans:inittype=none:threshold=0.125:binbits=6:mapping=uniform:softdist=trilinear:autoratio=32:feedback=0:prune=hamerly:seed=1:restarts=1:iter=20:miniter=0:polish_iter=0:feedback_slots=1:feedback_interval=1:sample_target=16384,70658,'{img2sixel}' --threads=1 --precision=8bit --quality=full '--loaders=libpng:cms_engine=builtin!' --palette-sampling=full-frame --palette-binning=hard --quantize-model=kmeans:inittype=none:threshold=0.125:binbits=6:mapping=uniform:softdist=trilinear:autoratio=32:feedback=0:prune=hamerly:seed=1:restarts=1:iter=20:miniter=0:polish_iter=0:feedback_slots=1:feedback_interval=1:sample_target=16384 -Xoklab -Wgamma --diffusion=none --gpu-policy=off --lookup-policy=none -F none -a off -p 32 '{input}'
flat-artwork,flat artwork,flat-artwork,content,582,746,434172,60cf33515fda4e2d045a432c49bd761ee73ff568,macOS-26.5.1-arm64-arm-64bit-Mach-O,images/vimperator3.png,32,adaptive-grid-hard,adaptive-grid,hard,kmeans:inittype=none:threshold=0.125:binbits=6:mapping=uniform:softdist=trilinear:autoratio=32:feedback=0:prune=hamerly:seed=1:restarts=1:iter=20:miniter=0:polish_iter=0:feedback_slots=1:feedback_interval=1:sample_target=16384,69941,'{img2sixel}' --threads=1 --precision=8bit --quality=full '--loaders=libpng:cms_engine=builtin!' --palette-sampling=adaptive-grid --palette-binning=hard --quantize-model=kmeans:inittype=none:threshold=0.125:binbits=6:mapping=uniform:softdist=trilinear:autoratio=32:feedback=0:prune=hamerly:seed=1:restarts=1:iter=20:miniter=0:polish_iter=0:feedback_slots=1:feedback_interval=1:sample_target=16384 -Xoklab -Wgamma --diffusion=none --gpu-policy=off --lookup-policy=none -F none -a off -p 32 '{input}'
flat-artwork,flat artwork,flat-artwork,content,582,746,434172,60cf33515fda4e2d045a432c49bd761ee73ff568,macOS-26.5.1-arm64-arm-64bit-Mach-O,images/vimperator3.png,32,full-frame-none,full-frame,none,kmeans:inittype=none:threshold=0.125:binbits=6:mapping=uniform:softdist=trilinear:autoratio=32:feedback=0:prune=hamerly:seed=1:restarts=1:iter=20:miniter=0:polish_iter=0:feedback_slots=1:feedback_interval=1:sample_target=16384,72249,'{img2sixel}' --threads=1 --precision=8bit --quality=full '--loaders=libpng:cms_engine=builtin!' --palette-sampling=full-frame --palette-binning=none --quantize-model=kmeans:inittype=none:threshold=0.125:binbits=6:mapping=uniform:softdist=trilinear:autoratio=32:feedback=0:prune=hamerly:seed=1:restarts=1:iter=20:miniter=0:polish_iter=0:feedback_slots=1:feedback_interval=1:sample_target=16384 -Xoklab -Wgamma --diffusion=none --gpu-policy=off --lookup-policy=none -F none -a off -p 32 '{input}'
flat-artwork,flat artwork,flat-artwork,content,582,746,434172,60cf33515fda4e2d045a432c49bd761ee73ff568,macOS-26.5.1-arm64-arm-64bit-Mach-O,images/vimperator3.png,32,full-frame-exact,full-frame,exact,kmeans:inittype=none:threshold=0.125:binbits=6:mapping=uniform:softdist=trilinear:autoratio=32:feedback=0:prune=hamerly:seed=1:restarts=1:iter=20:miniter=0:polish_iter=0:feedback_slots=1:feedback_interval=1:sample_target=16384,72682,'{img2sixel}' --threads=1 --precision=8bit --quality=full '--loaders=libpng:cms_engine=builtin!' --palette-sampling=full-frame --palette-binning=exact --quantize-model=kmeans:inittype=none:threshold=0.125:binbits=6:mapping=uniform:softdist=trilinear:autoratio=32:feedback=0:prune=hamerly:seed=1:restarts=1:iter=20:miniter=0:polish_iter=0:feedback_slots=1:feedback_interval=1:sample_target=16384 -Xoklab -Wgamma --diffusion=none --gpu-policy=off --lookup-policy=none -F none -a off -p 32 '{input}'
flat-artwork,flat artwork,flat-artwork,content,582,746,434172,60cf33515fda4e2d045a432c49bd761ee73ff568,macOS-26.5.1-arm64-arm-64bit-Mach-O,images/vimperator3.png,32,full-frame-soft,full-frame,soft,kmeans:inittype=none:threshold=0.125:binbits=6:mapping=uniform:softdist=trilinear:autoratio=32:feedback=0:prune=hamerly:seed=1:restarts=1:iter=20:miniter=0:polish_iter=0:feedback_slots=1:feedback_interval=1:sample_target=16384,64557,'{img2sixel}' --threads=1 --precision=8bit --quality=full '--loaders=libpng:cms_engine=builtin!' --palette-sampling=full-frame --palette-binning=soft --quantize-model=kmeans:inittype=none:threshold=0.125:binbits=6:mapping=uniform:softdist=trilinear:autoratio=32:feedback=0:prune=hamerly:seed=1:restarts=1:iter=20:miniter=0:polish_iter=0:feedback_slots=1:feedback_interval=1:sample_target=16384 -Xoklab -Wgamma --diffusion=none --gpu-policy=off --lookup-policy=none -F none -a off -p 32 '{input}'
flat-artwork,flat artwork,flat-artwork,content,582,746,434172,60cf33515fda4e2d045a432c49bd761ee73ff568,macOS-26.5.1-arm64-arm-64bit-Mach-O,images/vimperator3.png,64,full-frame-hard,full-frame,hard,kmeans:inittype=none:threshold=0.125:binbits=6:mapping=uniform:softdist=trilinear:autoratio=32:feedback=0:prune=hamerly:seed=1:restarts=1:iter=20:miniter=0:polish_iter=0:feedback_slots=1:feedback_interval=1:sample_target=16384,89433,'{img2sixel}' --threads=1 --precision=8bit --quality=full '--loaders=libpng:cms_engine=builtin!' --palette-sampling=full-frame --palette-binning=hard --quantize-model=kmeans:inittype=none:threshold=0.125:binbits=6:mapping=uniform:softdist=trilinear:autoratio=32:feedback=0:prune=hamerly:seed=1:restarts=1:iter=20:miniter=0:polish_iter=0:feedback_slots=1:feedback_interval=1:sample_target=16384 -Xoklab -Wgamma --diffusion=none --gpu-policy=off --lookup-policy=none -F none -a off -p 64 '{input}'
flat-artwork,flat artwork,flat-artwork,content,582,746,434172,60cf33515fda4e2d045a432c49bd761ee73ff568,macOS-26.5.1-arm64-arm-64bit-Mach-O,images/vimperator3.png,64,adaptive-grid-hard,adaptive-grid,hard,kmeans:inittype=none:threshold=0.125:binbits=6:mapping=uniform:softdist=trilinear:autoratio=32:feedback=0:prune=hamerly:seed=1:restarts=1:iter=20:miniter=0:polish_iter=0:feedback_slots=1:feedback_interval=1:sample_target=16384,87741,'{img2sixel}' --threads=1 --precision=8bit --quality=full '--loaders=libpng:cms_engine=builtin!' --palette-sampling=adaptive-grid --palette-binning=hard --quantize-model=kmeans:inittype=none:threshold=0.125:binbits=6:mapping=uniform:softdist=trilinear:autoratio=32:feedback=0:prune=hamerly:seed=1:restarts=1:iter=20:miniter=0:polish_iter=0:feedback_slots=1:feedback_interval=1:sample_target=16384 -Xoklab -Wgamma --diffusion=none --gpu-policy=off --lookup-policy=none -F none -a off -p 64 '{input}'
flat-artwork,flat artwork,flat-artwork,content,582,746,434172,60cf33515fda4e2d045a432c49bd761ee73ff568,macOS-26.5.1-arm64-arm-64bit-Mach-O,images/vimperator3.png,64,full-frame-none,full-frame,none,kmeans:inittype=none:threshold=0.125:binbits=6:mapping=uniform:softdist=trilinear:autoratio=32:feedback=0:prune=hamerly:seed=1:restarts=1:iter=20:miniter=0:polish_iter=0:feedback_slots=1:feedback_interval=1:sample_target=16384,83045,'{img2sixel}' --threads=1 --precision=8bit --quality=full '--loaders=libpng:cms_engine=builtin!' --palette-sampling=full-frame --palette-binning=none --quantize-model=kmeans:inittype=none:threshold=0.125:binbits=6:mapping=uniform:softdist=trilinear:autoratio=32:feedback=0:prune=hamerly:seed=1:restarts=1:iter=20:miniter=0:polish_iter=0:feedback_slots=1:feedback_interval=1:sample_target=16384 -Xoklab -Wgamma --diffusion=none --gpu-policy=off --lookup-policy=none -F none -a off -p 64 '{input}'
flat-artwork,flat artwork,flat-artwork,content,582,746,434172,60cf33515fda4e2d045a432c49bd761ee73ff568,macOS-26.5.1-arm64-arm-64bit-Mach-O,images/vimperator3.png,64,full-frame-exact,full-frame,exact,kmeans:inittype=none:threshold=0.125:binbits=6:mapping=uniform:softdist=trilinear:autoratio=32:feedback=0:prune=hamerly:seed=1:restarts=1:iter=20:miniter=0:polish_iter=0:feedback_slots=1:feedback_interval=1:sample_target=16384,85334,'{img2sixel}' --threads=1 --precision=8bit --quality=full '--loaders=libpng:cms_engine=builtin!' --palette-sampling=full-frame --palette-binning=exact --quantize-model=kmeans:inittype=none:threshold=0.125:binbits=6:mapping=uniform:softdist=trilinear:autoratio=32:feedback=0:prune=hamerly:seed=1:restarts=1:iter=20:miniter=0:polish_iter=0:feedback_slots=1:feedback_interval=1:sample_target=16384 -Xoklab -Wgamma --diffusion=none --gpu-policy=off --lookup-policy=none -F none -a off -p 64 '{input}'
flat-artwork,flat artwork,flat-artwork,content,582,746,434172,60cf33515fda4e2d045a432c49bd761ee73ff568,macOS-26.5.1-arm64-arm-64bit-Mach-O,images/vimperator3.png,64,full-frame-soft,full-frame,soft,kmeans:inittype=none:threshold=0.125:binbits=6:mapping=uniform:softdist=trilinear:autoratio=32:feedback=0:prune=hamerly:seed=1:restarts=1:iter=20:miniter=0:polish_iter=0:feedback_slots=1:feedback_interval=1:sample_target=16384,79090,'{img2sixel}' --threads=1 --precision=8bit --quality=full '--loaders=libpng:cms_engine=builtin!' --palette-sampling=full-frame --palette-binning=soft --quantize-model=kmeans:inittype=none:threshold=0.125:binbits=6:mapping=uniform:softdist=trilinear:autoratio=32:feedback=0:prune=hamerly:seed=1:restarts=1:iter=20:miniter=0:polish_iter=0:feedback_slots=1:feedback_interval=1:sample_target=16384 -Xoklab -Wgamma --diffusion=none --gpu-policy=off --lookup-policy=none -F none -a off -p 64 '{input}'
flat-artwork,flat artwork,flat-artwork,content,582,746,434172,60cf33515fda4e2d045a432c49bd761ee73ff568,macOS-26.5.1-arm64-arm-64bit-Mach-O,images/vimperator3.png,128,full-frame-hard,full-frame,hard,kmeans:inittype=none:threshold=0.125:binbits=6:mapping=uniform:softdist=trilinear:autoratio=32:feedback=0:prune=hamerly:seed=1:restarts=1:iter=20:miniter=0:polish_iter=0:feedback_slots=1:feedback_interval=1:sample_target=16384,105888,'{img2sixel}' --threads=1 --precision=8bit --quality=full '--loaders=libpng:cms_engine=builtin!' --palette-sampling=full-frame --palette-binning=hard --quantize-model=kmeans:inittype=none:threshold=0.125:binbits=6:mapping=uniform:softdist=trilinear:autoratio=32:feedback=0:prune=hamerly:seed=1:restarts=1:iter=20:miniter=0:polish_iter=0:feedback_slots=1:feedback_interval=1:sample_target=16384 -Xoklab -Wgamma --diffusion=none --gpu-policy=off --lookup-policy=none -F none -a off -p 128 '{input}'
flat-artwork,flat artwork,flat-artwork,content,582,746,434172,60cf33515fda4e2d045a432c49bd761ee73ff568,macOS-26.5.1-arm64-arm-64bit-Mach-O,images/vimperator3.png,128,adaptive-grid-hard,adaptive-grid,hard,kmeans:inittype=none:threshold=0.125:binbits=6:mapping=uniform:softdist=trilinear:autoratio=32:feedback=0:prune=hamerly:seed=1:restarts=1:iter=20:miniter=0:polish_iter=0:feedback_slots=1:feedback_interval=1:sample_target=16384,108047,'{img2sixel}' --threads=1 --precision=8bit --quality=full '--loaders=libpng:cms_engine=builtin!' --palette-sampling=adaptive-grid --palette-binning=hard --quantize-model=kmeans:inittype=none:threshold=0.125:binbits=6:mapping=uniform:softdist=trilinear:autoratio=32:feedback=0:prune=hamerly:seed=1:restarts=1:iter=20:miniter=0:polish_iter=0:feedback_slots=1:feedback_interval=1:sample_target=16384 -Xoklab -Wgamma --diffusion=none --gpu-policy=off --lookup-policy=none -F none -a off -p 128 '{input}'
flat-artwork,flat artwork,flat-artwork,content,582,746,434172,60cf33515fda4e2d045a432c49bd761ee73ff568,macOS-26.5.1-arm64-arm-64bit-Mach-O,images/vimperator3.png,128,full-frame-none,full-frame,none,kmeans:inittype=none:threshold=0.125:binbits=6:mapping=uniform:softdist=trilinear:autoratio=32:feedback=0:prune=hamerly:seed=1:restarts=1:iter=20:miniter=0:polish_iter=0:feedback_slots=1:feedback_interval=1:sample_target=16384,101452,'{img2sixel}' --threads=1 --precision=8bit --quality=full '--loaders=libpng:cms_engine=builtin!' --palette-sampling=full-frame --palette-binning=none --quantize-model=kmeans:inittype=none:threshold=0.125:binbits=6:mapping=uniform:softdist=trilinear:autoratio=32:feedback=0:prune=hamerly:seed=1:restarts=1:iter=20:miniter=0:polish_iter=0:feedback_slots=1:feedback_interval=1:sample_target=16384 -Xoklab -Wgamma --diffusion=none --gpu-policy=off --lookup-policy=none -F none -a off -p 128 '{input}'
flat-artwork,flat artwork,flat-artwork,content,582,746,434172,60cf33515fda4e2d045a432c49bd761ee73ff568,macOS-26.5.1-arm64-arm-64bit-Mach-O,images/vimperator3.png,128,full-frame-exact,full-frame,exact,kmeans:inittype=none:threshold=0.125:binbits=6:mapping=uniform:softdist=trilinear:autoratio=32:feedback=0:prune=hamerly:seed=1:restarts=1:iter=20:miniter=0:polish_iter=0:feedback_slots=1:feedback_interval=1:sample_target=16384,105350,'{img2sixel}' --threads=1 --precision=8bit --quality=full '--loaders=libpng:cms_engine=builtin!' --palette-sampling=full-frame --palette-binning=exact --quantize-model=kmeans:inittype=none:threshold=0.125:binbits=6:mapping=uniform:softdist=trilinear:autoratio=32:feedback=0:prune=hamerly:seed=1:restarts=1:iter=20:miniter=0:polish_iter=0:feedback_slots=1:feedback_interval=1:sample_target=16384 -Xoklab -Wgamma --diffusion=none --gpu-policy=off --lookup-policy=none -F none -a off -p 128 '{input}'
flat-artwork,flat artwork,flat-artwork,content,582,746,434172,60cf33515fda4e2d045a432c49bd761ee73ff568,macOS-26.5.1-arm64-arm-64bit-Mach-O,images/vimperator3.png,128,full-frame-soft,full-frame,soft,kmeans:inittype=none:threshold=0.125:binbits=6:mapping=uniform:softdist=trilinear:autoratio=32:feedback=0:prune=hamerly:seed=1:restarts=1:iter=20:miniter=0:polish_iter=0:feedback_slots=1:feedback_interval=1:sample_target=16384,104920,'{img2sixel}' --threads=1 --precision=8bit --quality=full '--loaders=libpng:cms_engine=builtin!' --palette-sampling=full-frame --palette-binning=soft --quantize-model=kmeans:inittype=none:threshold=0.125:binbits=6:mapping=uniform:softdist=trilinear:autoratio=32:feedback=0:prune=hamerly:seed=1:restarts=1:iter=20:miniter=0:polish_iter=0:feedback_slots=1:feedback_interval=1:sample_target=16384 -Xoklab -Wgamma --diffusion=none --gpu-policy=off --lookup-policy=none -F none -a off -p 128 '{input}'
flat-artwork,flat artwork,flat-artwork,content,582,746,434172,60cf33515fda4e2d045a432c49bd761ee73ff568,macOS-26.5.1-arm64-arm-64bit-Mach-O,images/vimperator3.png,256,full-frame-hard,full-frame,hard,kmeans:inittype=none:threshold=0.125:binbits=6:mapping=uniform:softdist=trilinear:autoratio=32:feedback=0:prune=hamerly:seed=1:restarts=1:iter=20:miniter=0:polish_iter=0:feedback_slots=1:feedback_interval=1:sample_target=16384,123707,'{img2sixel}' --threads=1 --precision=8bit --quality=full '--loaders=libpng:cms_engine=builtin!' --palette-sampling=full-frame --palette-binning=hard --quantize-model=kmeans:inittype=none:threshold=0.125:binbits=6:mapping=uniform:softdist=trilinear:autoratio=32:feedback=0:prune=hamerly:seed=1:restarts=1:iter=20:miniter=0:polish_iter=0:feedback_slots=1:feedback_interval=1:sample_target=16384 -Xoklab -Wgamma --diffusion=none --gpu-policy=off --lookup-policy=none -F none -a off -p 256 '{input}'
flat-artwork,flat artwork,flat-artwork,content,582,746,434172,60cf33515fda4e2d045a432c49bd761ee73ff568,macOS-26.5.1-arm64-arm-64bit-Mach-O,images/vimperator3.png,256,adaptive-grid-hard,adaptive-grid,hard,kmeans:inittype=none:threshold=0.125:binbits=6:mapping=uniform:softdist=trilinear:autoratio=32:feedback=0:prune=hamerly:seed=1:restarts=1:iter=20:miniter=0:polish_iter=0:feedback_slots=1:feedback_interval=1:sample_target=16384,124534,'{img2sixel}' --threads=1 --precision=8bit --quality=full '--loaders=libpng:cms_engine=builtin!' --palette-sampling=adaptive-grid --palette-binning=hard --quantize-model=kmeans:inittype=none:threshold=0.125:binbits=6:mapping=uniform:softdist=trilinear:autoratio=32:feedback=0:prune=hamerly:seed=1:restarts=1:iter=20:miniter=0:polish_iter=0:feedback_slots=1:feedback_interval=1:sample_target=16384 -Xoklab -Wgamma --diffusion=none --gpu-policy=off --lookup-policy=none -F none -a off -p 256 '{input}'
flat-artwork,flat artwork,flat-artwork,content,582,746,434172,60cf33515fda4e2d045a432c49bd761ee73ff568,macOS-26.5.1-arm64-arm-64bit-Mach-O,images/vimperator3.png,256,full-frame-none,full-frame,none,kmeans:inittype=none:threshold=0.125:binbits=6:mapping=uniform:softdist=trilinear:autoratio=32:feedback=0:prune=hamerly:seed=1:restarts=1:iter=20:miniter=0:polish_iter=0:feedback_slots=1:feedback_interval=1:sample_target=16384,120723,'{img2sixel}' --threads=1 --precision=8bit --quality=full '--loaders=libpng:cms_engine=builtin!' --palette-sampling=full-frame --palette-binning=none --quantize-model=kmeans:inittype=none:threshold=0.125:binbits=6:mapping=uniform:softdist=trilinear:autoratio=32:feedback=0:prune=hamerly:seed=1:restarts=1:iter=20:miniter=0:polish_iter=0:feedback_slots=1:feedback_interval=1:sample_target=16384 -Xoklab -Wgamma --diffusion=none --gpu-policy=off --lookup-policy=none -F none -a off -p 256 '{input}'
flat-artwork,flat artwork,flat-artwork,content,582,746,434172,60cf33515fda4e2d045a432c49bd761ee73ff568,macOS-26.5.1-arm64-arm-64bit-Mach-O,images/vimperator3.png,256,full-frame-exact,full-frame,exact,kmeans:inittype=none:threshold=0.125:binbits=6:mapping=uniform:softdist=trilinear:autoratio=32:feedback=0:prune=hamerly:seed=1:restarts=1:iter=20:miniter=0:polish_iter=0:feedback_slots=1:feedback_interval=1:sample_target=16384,125008,'{img2sixel}' --threads=1 --precision=8bit --quality=full '--loaders=libpng:cms_engine=builtin!' --palette-sampling=full-frame --palette-binning=exact --quantize-model=kmeans:inittype=none:threshold=0.125:binbits=6:mapping=uniform:softdist=trilinear:autoratio=32:feedback=0:prune=hamerly:seed=1:restarts=1:iter=20:miniter=0:polish_iter=0:feedback_slots=1:feedback_interval=1:sample_target=16384 -Xoklab -Wgamma --diffusion=none --gpu-policy=off --lookup-policy=none -F none -a off -p 256 '{input}'
flat-artwork,flat artwork,flat-artwork,content,582,746,434172,60cf33515fda4e2d045a432c49bd761ee73ff568,macOS-26.5.1-arm64-arm-64bit-Mach-O,images/vimperator3.png,256,full-frame-soft,full-frame,soft,kmeans:inittype=none:threshold=0.125:binbits=6:mapping=uniform:softdist=trilinear:autoratio=32:feedback=0:prune=hamerly:seed=1:restarts=1:iter=20:miniter=0:polish_iter=0:feedback_slots=1:feedback_interval=1:sample_target=16384,121563,'{img2sixel}' --threads=1 --precision=8bit --quality=full '--loaders=libpng:cms_engine=builtin!' --palette-sampling=full-frame --palette-binning=soft --quantize-model=kmeans:inittype=none:threshold=0.125:binbits=6:mapping=uniform:softdist=trilinear:autoratio=32:feedback=0:prune=hamerly:seed=1:restarts=1:iter=20:miniter=0:polish_iter=0:feedback_slots=1:feedback_interval=1:sample_target=16384 -Xoklab -Wgamma --diffusion=none --gpu-policy=off --lookup-policy=none -F none -a off -p 256 '{input}'
smooth-gradient-small,"smooth gradient, small",gradient,scale,128,96,12288,60cf33515fda4e2d045a432c49bd761ee73ff568,macOS-26.5.1-arm64-arm-64bit-Mach-O,images/measurements/palette-pipeline/smooth-gradient-128x96.png,8,full-frame-hard,full-frame,hard,kmeans:inittype=none:threshold=0.125:binbits=6:mapping=uniform:softdist=trilinear:autoratio=32:feedback=0:prune=hamerly:seed=1:restarts=1:iter=20:miniter=0:polish_iter=0:feedback_slots=1:feedback_interval=1:sample_target=16384,1104,'{img2sixel}' --threads=1 --precision=8bit --quality=full '--loaders=libpng:cms_engine=builtin!' --palette-sampling=full-frame --palette-binning=hard --quantize-model=kmeans:inittype=none:threshold=0.125:binbits=6:mapping=uniform:softdist=trilinear:autoratio=32:feedback=0:prune=hamerly:seed=1:restarts=1:iter=20:miniter=0:polish_iter=0:feedback_slots=1:feedback_interval=1:sample_target=16384 -Xoklab -Wgamma --diffusion=none --gpu-policy=off --lookup-policy=none -F none -a off -p 8 '{input}'
smooth-gradient-small,"smooth gradient, small",gradient,scale,128,96,12288,60cf33515fda4e2d045a432c49bd761ee73ff568,macOS-26.5.1-arm64-arm-64bit-Mach-O,images/measurements/palette-pipeline/smooth-gradient-128x96.png,8,adaptive-grid-hard,adaptive-grid,hard,kmeans:inittype=none:threshold=0.125:binbits=6:mapping=uniform:softdist=trilinear:autoratio=32:feedback=0:prune=hamerly:seed=1:restarts=1:iter=20:miniter=0:polish_iter=0:feedback_slots=1:feedback_interval=1:sample_target=16384,1023,'{img2sixel}' --threads=1 --precision=8bit --quality=full '--loaders=libpng:cms_engine=builtin!' --palette-sampling=adaptive-grid --palette-binning=hard --quantize-model=kmeans:inittype=none:threshold=0.125:binbits=6:mapping=uniform:softdist=trilinear:autoratio=32:feedback=0:prune=hamerly:seed=1:restarts=1:iter=20:miniter=0:polish_iter=0:feedback_slots=1:feedback_interval=1:sample_target=16384 -Xoklab -Wgamma --diffusion=none --gpu-policy=off --lookup-policy=none -F none -a off -p 8 '{input}'
smooth-gradient-small,"smooth gradient, small",gradient,scale,128,96,12288,60cf33515fda4e2d045a432c49bd761ee73ff568,macOS-26.5.1-arm64-arm-64bit-Mach-O,images/measurements/palette-pipeline/smooth-gradient-128x96.png,8,full-frame-none,full-frame,none,kmeans:inittype=none:threshold=0.125:binbits=6:mapping=uniform:softdist=trilinear:autoratio=32:feedback=0:prune=hamerly:seed=1:restarts=1:iter=20:miniter=0:polish_iter=0:feedback_slots=1:feedback_interval=1:sample_target=16384,1078,'{img2sixel}' --threads=1 --precision=8bit --quality=full '--loaders=libpng:cms_engine=builtin!' --palette-sampling=full-frame --palette-binning=none --quantize-model=kmeans:inittype=none:threshold=0.125:binbits=6:mapping=uniform:softdist=trilinear:autoratio=32:feedback=0:prune=hamerly:seed=1:restarts=1:iter=20:miniter=0:polish_iter=0:feedback_slots=1:feedback_interval=1:sample_target=16384 -Xoklab -Wgamma --diffusion=none --gpu-policy=off --lookup-policy=none -F none -a off -p 8 '{input}'
smooth-gradient-small,"smooth gradient, small",gradient,scale,128,96,12288,60cf33515fda4e2d045a432c49bd761ee73ff568,macOS-26.5.1-arm64-arm-64bit-Mach-O,images/measurements/palette-pipeline/smooth-gradient-128x96.png,8,full-frame-exact,full-frame,exact,kmeans:inittype=none:threshold=0.125:binbits=6:mapping=uniform:softdist=trilinear:autoratio=32:feedback=0:prune=hamerly:seed=1:restarts=1:iter=20:miniter=0:polish_iter=0:feedback_slots=1:feedback_interval=1:sample_target=16384,1037,'{img2sixel}' --threads=1 --precision=8bit --quality=full '--loaders=libpng:cms_engine=builtin!' --palette-sampling=full-frame --palette-binning=exact --quantize-model=kmeans:inittype=none:threshold=0.125:binbits=6:mapping=uniform:softdist=trilinear:autoratio=32:feedback=0:prune=hamerly:seed=1:restarts=1:iter=20:miniter=0:polish_iter=0:feedback_slots=1:feedback_interval=1:sample_target=16384 -Xoklab -Wgamma --diffusion=none --gpu-policy=off --lookup-policy=none -F none -a off -p 8 '{input}'
smooth-gradient-small,"smooth gradient, small",gradient,scale,128,96,12288,60cf33515fda4e2d045a432c49bd761ee73ff568,macOS-26.5.1-arm64-arm-64bit-Mach-O,images/measurements/palette-pipeline/smooth-gradient-128x96.png,8,full-frame-soft,full-frame,soft,kmeans:inittype=none:threshold=0.125:binbits=6:mapping=uniform:softdist=trilinear:autoratio=32:feedback=0:prune=hamerly:seed=1:restarts=1:iter=20:miniter=0:polish_iter=0:feedback_slots=1:feedback_interval=1:sample_target=16384,1078,'{img2sixel}' --threads=1 --precision=8bit --quality=full '--loaders=libpng:cms_engine=builtin!' --palette-sampling=full-frame --palette-binning=soft --quantize-model=kmeans:inittype=none:threshold=0.125:binbits=6:mapping=uniform:softdist=trilinear:autoratio=32:feedback=0:prune=hamerly:seed=1:restarts=1:iter=20:miniter=0:polish_iter=0:feedback_slots=1:feedback_interval=1:sample_target=16384 -Xoklab -Wgamma --diffusion=none --gpu-policy=off --lookup-policy=none -F none -a off -p 8 '{input}'
smooth-gradient-small,"smooth gradient, small",gradient,scale,128,96,12288,60cf33515fda4e2d045a432c49bd761ee73ff568,macOS-26.5.1-arm64-arm-64bit-Mach-O,images/measurements/palette-pipeline/smooth-gradient-128x96.png,16,full-frame-hard,full-frame,hard,kmeans:inittype=none:threshold=0.125:binbits=6:mapping=uniform:softdist=trilinear:autoratio=32:feedback=0:prune=hamerly:seed=1:restarts=1:iter=20:miniter=0:polish_iter=0:feedback_slots=1:feedback_interval=1:sample_target=16384,1762,'{img2sixel}' --threads=1 --precision=8bit --quality=full '--loaders=libpng:cms_engine=builtin!' --palette-sampling=full-frame --palette-binning=hard --quantize-model=kmeans:inittype=none:threshold=0.125:binbits=6:mapping=uniform:softdist=trilinear:autoratio=32:feedback=0:prune=hamerly:seed=1:restarts=1:iter=20:miniter=0:polish_iter=0:feedback_slots=1:feedback_interval=1:sample_target=16384 -Xoklab -Wgamma --diffusion=none --gpu-policy=off --lookup-policy=none -F none -a off -p 16 '{input}'
smooth-gradient-small,"smooth gradient, small",gradient,scale,128,96,12288,60cf33515fda4e2d045a432c49bd761ee73ff568,macOS-26.5.1-arm64-arm-64bit-Mach-O,images/measurements/palette-pipeline/smooth-gradient-128x96.png,16,adaptive-grid-hard,adaptive-grid,hard,kmeans:inittype=none:threshold=0.125:binbits=6:mapping=uniform:softdist=trilinear:autoratio=32:feedback=0:prune=hamerly:seed=1:restarts=1:iter=20:miniter=0:polish_iter=0:feedback_slots=1:feedback_interval=1:sample_target=16384,1722,'{img2sixel}' --threads=1 --precision=8bit --quality=full '--loaders=libpng:cms_engine=builtin!' --palette-sampling=adaptive-grid --palette-binning=hard --quantize-model=kmeans:inittype=none:threshold=0.125:binbits=6:mapping=uniform:softdist=trilinear:autoratio=32:feedback=0:prune=hamerly:seed=1:restarts=1:iter=20:miniter=0:polish_iter=0:feedback_slots=1:feedback_interval=1:sample_target=16384 -Xoklab -Wgamma --diffusion=none --gpu-policy=off --lookup-policy=none -F none -a off -p 16 '{input}'
smooth-gradient-small,"smooth gradient, small",gradient,scale,128,96,12288,60cf33515fda4e2d045a432c49bd761ee73ff568,macOS-26.5.1-arm64-arm-64bit-Mach-O,images/measurements/palette-pipeline/smooth-gradient-128x96.png,16,full-frame-none,full-frame,none,kmeans:inittype=none:threshold=0.125:binbits=6:mapping=uniform:softdist=trilinear:autoratio=32:feedback=0:prune=hamerly:seed=1:restarts=1:iter=20:miniter=0:polish_iter=0:feedback_slots=1:feedback_interval=1:sample_target=16384,1745,'{img2sixel}' --threads=1 --precision=8bit --quality=full '--loaders=libpng:cms_engine=builtin!' --palette-sampling=full-frame --palette-binning=none --quantize-model=kmeans:inittype=none:threshold=0.125:binbits=6:mapping=uniform:softdist=trilinear:autoratio=32:feedback=0:prune=hamerly:seed=1:restarts=1:iter=20:miniter=0:polish_iter=0:feedback_slots=1:feedback_interval=1:sample_target=16384 -Xoklab -Wgamma --diffusion=none --gpu-policy=off --lookup-policy=none -F none -a off -p 16 '{input}'
smooth-gradient-small,"smooth gradient, small",gradient,scale,128,96,12288,60cf33515fda4e2d045a432c49bd761ee73ff568,macOS-26.5.1-arm64-arm-64bit-Mach-O,images/measurements/palette-pipeline/smooth-gradient-128x96.png,16,full-frame-exact,full-frame,exact,kmeans:inittype=none:threshold=0.125:binbits=6:mapping=uniform:softdist=trilinear:autoratio=32:feedback=0:prune=hamerly:seed=1:restarts=1:iter=20:miniter=0:polish_iter=0:feedback_slots=1:feedback_interval=1:sample_target=16384,1782,'{img2sixel}' --threads=1 --precision=8bit --quality=full '--loaders=libpng:cms_engine=builtin!' --palette-sampling=full-frame --palette-binning=exact --quantize-model=kmeans:inittype=none:threshold=0.125:binbits=6:mapping=uniform:softdist=trilinear:autoratio=32:feedback=0:prune=hamerly:seed=1:restarts=1:iter=20:miniter=0:polish_iter=0:feedback_slots=1:feedback_interval=1:sample_target=16384 -Xoklab -Wgamma --diffusion=none --gpu-policy=off --lookup-policy=none -F none -a off -p 16 '{input}'
smooth-gradient-small,"smooth gradient, small",gradient,scale,128,96,12288,60cf33515fda4e2d045a432c49bd761ee73ff568,macOS-26.5.1-arm64-arm-64bit-Mach-O,images/measurements/palette-pipeline/smooth-gradient-128x96.png,16,full-frame-soft,full-frame,soft,kmeans:inittype=none:threshold=0.125:binbits=6:mapping=uniform:softdist=trilinear:autoratio=32:feedback=0:prune=hamerly:seed=1:restarts=1:iter=20:miniter=0:polish_iter=0:feedback_slots=1:feedback_interval=1:sample_target=16384,1740,'{img2sixel}' --threads=1 --precision=8bit --quality=full '--loaders=libpng:cms_engine=builtin!' --palette-sampling=full-frame --palette-binning=soft --quantize-model=kmeans:inittype=none:threshold=0.125:binbits=6:mapping=uniform:softdist=trilinear:autoratio=32:feedback=0:prune=hamerly:seed=1:restarts=1:iter=20:miniter=0:polish_iter=0:feedback_slots=1:feedback_interval=1:sample_target=16384 -Xoklab -Wgamma --diffusion=none --gpu-policy=off --lookup-policy=none -F none -a off -p 16 '{input}'
smooth-gradient-small,"smooth gradient, small",gradient,scale,128,96,12288,60cf33515fda4e2d045a432c49bd761ee73ff568,macOS-26.5.1-arm64-arm-64bit-Mach-O,images/measurements/palette-pipeline/smooth-gradient-128x96.png,32,full-frame-hard,full-frame,hard,kmeans:inittype=none:threshold=0.125:binbits=6:mapping=uniform:softdist=trilinear:autoratio=32:feedback=0:prune=hamerly:seed=1:restarts=1:iter=20:miniter=0:polish_iter=0:feedback_slots=1:feedback_interval=1:sample_target=16384,2774,'{img2sixel}' --threads=1 --precision=8bit --quality=full '--loaders=libpng:cms_engine=builtin!' --palette-sampling=full-frame --palette-binning=hard --quantize-model=kmeans:inittype=none:threshold=0.125:binbits=6:mapping=uniform:softdist=trilinear:autoratio=32:feedback=0:prune=hamerly:seed=1:restarts=1:iter=20:miniter=0:polish_iter=0:feedback_slots=1:feedback_interval=1:sample_target=16384 -Xoklab -Wgamma --diffusion=none --gpu-policy=off --lookup-policy=none -F none -a off -p 32 '{input}'
smooth-gradient-small,"smooth gradient, small",gradient,scale,128,96,12288,60cf33515fda4e2d045a432c49bd761ee73ff568,macOS-26.5.1-arm64-arm-64bit-Mach-O,images/measurements/palette-pipeline/smooth-gradient-128x96.png,32,adaptive-grid-hard,adaptive-grid,hard,kmeans:inittype=none:threshold=0.125:binbits=6:mapping=uniform:softdist=trilinear:autoratio=32:feedback=0:prune=hamerly:seed=1:restarts=1:iter=20:miniter=0:polish_iter=0:feedback_slots=1:feedback_interval=1:sample_target=16384,2769,'{img2sixel}' --threads=1 --precision=8bit --quality=full '--loaders=libpng:cms_engine=builtin!' --palette-sampling=adaptive-grid --palette-binning=hard --quantize-model=kmeans:inittype=none:threshold=0.125:binbits=6:mapping=uniform:softdist=trilinear:autoratio=32:feedback=0:prune=hamerly:seed=1:restarts=1:iter=20:miniter=0:polish_iter=0:feedback_slots=1:feedback_interval=1:sample_target=16384 -Xoklab -Wgamma --diffusion=none --gpu-policy=off --lookup-policy=none -F none -a off -p 32 '{input}'
smooth-gradient-small,"smooth gradient, small",gradient,scale,128,96,12288,60cf33515fda4e2d045a432c49bd761ee73ff568,macOS-26.5.1-arm64-arm-64bit-Mach-O,images/measurements/palette-pipeline/smooth-gradient-128x96.png,32,full-frame-none,full-frame,none,kmeans:inittype=none:threshold=0.125:binbits=6:mapping=uniform:softdist=trilinear:autoratio=32:feedback=0:prune=hamerly:seed=1:restarts=1:iter=20:miniter=0:polish_iter=0:feedback_slots=1:feedback_interval=1:sample_target=16384,2912,'{img2sixel}' --threads=1 --precision=8bit --quality=full '--loaders=libpng:cms_engine=builtin!' --palette-sampling=full-frame --palette-binning=none --quantize-model=kmeans:inittype=none:threshold=0.125:binbits=6:mapping=uniform:softdist=trilinear:autoratio=32:feedback=0:prune=hamerly:seed=1:restarts=1:iter=20:miniter=0:polish_iter=0:feedback_slots=1:feedback_interval=1:sample_target=16384 -Xoklab -Wgamma --diffusion=none --gpu-policy=off --lookup-policy=none -F none -a off -p 32 '{input}'
smooth-gradient-small,"smooth gradient, small",gradient,scale,128,96,12288,60cf33515fda4e2d045a432c49bd761ee73ff568,macOS-26.5.1-arm64-arm-64bit-Mach-O,images/measurements/palette-pipeline/smooth-gradient-128x96.png,32,full-frame-exact,full-frame,exact,kmeans:inittype=none:threshold=0.125:binbits=6:mapping=uniform:softdist=trilinear:autoratio=32:feedback=0:prune=hamerly:seed=1:restarts=1:iter=20:miniter=0:polish_iter=0:feedback_slots=1:feedback_interval=1:sample_target=16384,2832,'{img2sixel}' --threads=1 --precision=8bit --quality=full '--loaders=libpng:cms_engine=builtin!' --palette-sampling=full-frame --palette-binning=exact --quantize-model=kmeans:inittype=none:threshold=0.125:binbits=6:mapping=uniform:softdist=trilinear:autoratio=32:feedback=0:prune=hamerly:seed=1:restarts=1:iter=20:miniter=0:polish_iter=0:feedback_slots=1:feedback_interval=1:sample_target=16384 -Xoklab -Wgamma --diffusion=none --gpu-policy=off --lookup-policy=none -F none -a off -p 32 '{input}'
smooth-gradient-small,"smooth gradient, small",gradient,scale,128,96,12288,60cf33515fda4e2d045a432c49bd761ee73ff568,macOS-26.5.1-arm64-arm-64bit-Mach-O,images/measurements/palette-pipeline/smooth-gradient-128x96.png,32,full-frame-soft,full-frame,soft,kmeans:inittype=none:threshold=0.125:binbits=6:mapping=uniform:softdist=trilinear:autoratio=32:feedback=0:prune=hamerly:seed=1:restarts=1:iter=20:miniter=0:polish_iter=0:feedback_slots=1:feedback_interval=1:sample_target=16384,2746,'{img2sixel}' --threads=1 --precision=8bit --quality=full '--loaders=libpng:cms_engine=builtin!' --palette-sampling=full-frame --palette-binning=soft --quantize-model=kmeans:inittype=none:threshold=0.125:binbits=6:mapping=uniform:softdist=trilinear:autoratio=32:feedback=0:prune=hamerly:seed=1:restarts=1:iter=20:miniter=0:polish_iter=0:feedback_slots=1:feedback_interval=1:sample_target=16384 -Xoklab -Wgamma --diffusion=none --gpu-policy=off --lookup-policy=none -F none -a off -p 32 '{input}'
smooth-gradient-small,"smooth gradient, small",gradient,scale,128,96,12288,60cf33515fda4e2d045a432c49bd761ee73ff568,macOS-26.5.1-arm64-arm-64bit-Mach-O,images/measurements/palette-pipeline/smooth-gradient-128x96.png,64,full-frame-hard,full-frame,hard,kmeans:inittype=none:threshold=0.125:binbits=6:mapping=uniform:softdist=trilinear:autoratio=32:feedback=0:prune=hamerly:seed=1:restarts=1:iter=20:miniter=0:polish_iter=0:feedback_slots=1:feedback_interval=1:sample_target=16384,4295,'{img2sixel}' --threads=1 --precision=8bit --quality=full '--loaders=libpng:cms_engine=builtin!' --palette-sampling=full-frame --palette-binning=hard --quantize-model=kmeans:inittype=none:threshold=0.125:binbits=6:mapping=uniform:softdist=trilinear:autoratio=32:feedback=0:prune=hamerly:seed=1:restarts=1:iter=20:miniter=0:polish_iter=0:feedback_slots=1:feedback_interval=1:sample_target=16384 -Xoklab -Wgamma --diffusion=none --gpu-policy=off --lookup-policy=none -F none -a off -p 64 '{input}'
smooth-gradient-small,"smooth gradient, small",gradient,scale,128,96,12288,60cf33515fda4e2d045a432c49bd761ee73ff568,macOS-26.5.1-arm64-arm-64bit-Mach-O,images/measurements/palette-pipeline/smooth-gradient-128x96.png,64,adaptive-grid-hard,adaptive-grid,hard,kmeans:inittype=none:threshold=0.125:binbits=6:mapping=uniform:softdist=trilinear:autoratio=32:feedback=0:prune=hamerly:seed=1:restarts=1:iter=20:miniter=0:polish_iter=0:feedback_slots=1:feedback_interval=1:sample_target=16384,4247,'{img2sixel}' --threads=1 --precision=8bit --quality=full '--loaders=libpng:cms_engine=builtin!' --palette-sampling=adaptive-grid --palette-binning=hard --quantize-model=kmeans:inittype=none:threshold=0.125:binbits=6:mapping=uniform:softdist=trilinear:autoratio=32:feedback=0:prune=hamerly:seed=1:restarts=1:iter=20:miniter=0:polish_iter=0:feedback_slots=1:feedback_interval=1:sample_target=16384 -Xoklab -Wgamma --diffusion=none --gpu-policy=off --lookup-policy=none -F none -a off -p 64 '{input}'
smooth-gradient-small,"smooth gradient, small",gradient,scale,128,96,12288,60cf33515fda4e2d045a432c49bd761ee73ff568,macOS-26.5.1-arm64-arm-64bit-Mach-O,images/measurements/palette-pipeline/smooth-gradient-128x96.png,64,full-frame-none,full-frame,none,kmeans:inittype=none:threshold=0.125:binbits=6:mapping=uniform:softdist=trilinear:autoratio=32:feedback=0:prune=hamerly:seed=1:restarts=1:iter=20:miniter=0:polish_iter=0:feedback_slots=1:feedback_interval=1:sample_target=16384,4238,'{img2sixel}' --threads=1 --precision=8bit --quality=full '--loaders=libpng:cms_engine=builtin!' --palette-sampling=full-frame --palette-binning=none --quantize-model=kmeans:inittype=none:threshold=0.125:binbits=6:mapping=uniform:softdist=trilinear:autoratio=32:feedback=0:prune=hamerly:seed=1:restarts=1:iter=20:miniter=0:polish_iter=0:feedback_slots=1:feedback_interval=1:sample_target=16384 -Xoklab -Wgamma --diffusion=none --gpu-policy=off --lookup-policy=none -F none -a off -p 64 '{input}'
smooth-gradient-small,"smooth gradient, small",gradient,scale,128,96,12288,60cf33515fda4e2d045a432c49bd761ee73ff568,macOS-26.5.1-arm64-arm-64bit-Mach-O,images/measurements/palette-pipeline/smooth-gradient-128x96.png,64,full-frame-exact,full-frame,exact,kmeans:inittype=none:threshold=0.125:binbits=6:mapping=uniform:softdist=trilinear:autoratio=32:feedback=0:prune=hamerly:seed=1:restarts=1:iter=20:miniter=0:polish_iter=0:feedback_slots=1:feedback_interval=1:sample_target=16384,4323,'{img2sixel}' --threads=1 --precision=8bit --quality=full '--loaders=libpng:cms_engine=builtin!' --palette-sampling=full-frame --palette-binning=exact --quantize-model=kmeans:inittype=none:threshold=0.125:binbits=6:mapping=uniform:softdist=trilinear:autoratio=32:feedback=0:prune=hamerly:seed=1:restarts=1:iter=20:miniter=0:polish_iter=0:feedback_slots=1:feedback_interval=1:sample_target=16384 -Xoklab -Wgamma --diffusion=none --gpu-policy=off --lookup-policy=none -F none -a off -p 64 '{input}'
smooth-gradient-small,"smooth gradient, small",gradient,scale,128,96,12288,60cf33515fda4e2d045a432c49bd761ee73ff568,macOS-26.5.1-arm64-arm-64bit-Mach-O,images/measurements/palette-pipeline/smooth-gradient-128x96.png,64,full-frame-soft,full-frame,soft,kmeans:inittype=none:threshold=0.125:binbits=6:mapping=uniform:softdist=trilinear:autoratio=32:feedback=0:prune=hamerly:seed=1:restarts=1:iter=20:miniter=0:polish_iter=0:feedback_slots=1:feedback_interval=1:sample_target=16384,4152,'{img2sixel}' --threads=1 --precision=8bit --quality=full '--loaders=libpng:cms_engine=builtin!' --palette-sampling=full-frame --palette-binning=soft --quantize-model=kmeans:inittype=none:threshold=0.125:binbits=6:mapping=uniform:softdist=trilinear:autoratio=32:feedback=0:prune=hamerly:seed=1:restarts=1:iter=20:miniter=0:polish_iter=0:feedback_slots=1:feedback_interval=1:sample_target=16384 -Xoklab -Wgamma --diffusion=none --gpu-policy=off --lookup-policy=none -F none -a off -p 64 '{input}'
smooth-gradient-small,"smooth gradient, small",gradient,scale,128,96,12288,60cf33515fda4e2d045a432c49bd761ee73ff568,macOS-26.5.1-arm64-arm-64bit-Mach-O,images/measurements/palette-pipeline/smooth-gradient-128x96.png,128,full-frame-hard,full-frame,hard,kmeans:inittype=none:threshold=0.125:binbits=6:mapping=uniform:softdist=trilinear:autoratio=32:feedback=0:prune=hamerly:seed=1:restarts=1:iter=20:miniter=0:polish_iter=0:feedback_slots=1:feedback_interval=1:sample_target=16384,6542,'{img2sixel}' --threads=1 --precision=8bit --quality=full '--loaders=libpng:cms_engine=builtin!' --palette-sampling=full-frame --palette-binning=hard --quantize-model=kmeans:inittype=none:threshold=0.125:binbits=6:mapping=uniform:softdist=trilinear:autoratio=32:feedback=0:prune=hamerly:seed=1:restarts=1:iter=20:miniter=0:polish_iter=0:feedback_slots=1:feedback_interval=1:sample_target=16384 -Xoklab -Wgamma --diffusion=none --gpu-policy=off --lookup-policy=none -F none -a off -p 128 '{input}'
smooth-gradient-small,"smooth gradient, small",gradient,scale,128,96,12288,60cf33515fda4e2d045a432c49bd761ee73ff568,macOS-26.5.1-arm64-arm-64bit-Mach-O,images/measurements/palette-pipeline/smooth-gradient-128x96.png,128,adaptive-grid-hard,adaptive-grid,hard,kmeans:inittype=none:threshold=0.125:binbits=6:mapping=uniform:softdist=trilinear:autoratio=32:feedback=0:prune=hamerly:seed=1:restarts=1:iter=20:miniter=0:polish_iter=0:feedback_slots=1:feedback_interval=1:sample_target=16384,6501,'{img2sixel}' --threads=1 --precision=8bit --quality=full '--loaders=libpng:cms_engine=builtin!' --palette-sampling=adaptive-grid --palette-binning=hard --quantize-model=kmeans:inittype=none:threshold=0.125:binbits=6:mapping=uniform:softdist=trilinear:autoratio=32:feedback=0:prune=hamerly:seed=1:restarts=1:iter=20:miniter=0:polish_iter=0:feedback_slots=1:feedback_interval=1:sample_target=16384 -Xoklab -Wgamma --diffusion=none --gpu-policy=off --lookup-policy=none -F none -a off -p 128 '{input}'
smooth-gradient-small,"smooth gradient, small",gradient,scale,128,96,12288,60cf33515fda4e2d045a432c49bd761ee73ff568,macOS-26.5.1-arm64-arm-64bit-Mach-O,images/measurements/palette-pipeline/smooth-gradient-128x96.png,128,full-frame-none,full-frame,none,kmeans:inittype=none:threshold=0.125:binbits=6:mapping=uniform:softdist=trilinear:autoratio=32:feedback=0:prune=hamerly:seed=1:restarts=1:iter=20:miniter=0:polish_iter=0:feedback_slots=1:feedback_interval=1:sample_target=16384,6612,'{img2sixel}' --threads=1 --precision=8bit --quality=full '--loaders=libpng:cms_engine=builtin!' --palette-sampling=full-frame --palette-binning=none --quantize-model=kmeans:inittype=none:threshold=0.125:binbits=6:mapping=uniform:softdist=trilinear:autoratio=32:feedback=0:prune=hamerly:seed=1:restarts=1:iter=20:miniter=0:polish_iter=0:feedback_slots=1:feedback_interval=1:sample_target=16384 -Xoklab -Wgamma --diffusion=none --gpu-policy=off --lookup-policy=none -F none -a off -p 128 '{input}'
smooth-gradient-small,"smooth gradient, small",gradient,scale,128,96,12288,60cf33515fda4e2d045a432c49bd761ee73ff568,macOS-26.5.1-arm64-arm-64bit-Mach-O,images/measurements/palette-pipeline/smooth-gradient-128x96.png,128,full-frame-exact,full-frame,exact,kmeans:inittype=none:threshold=0.125:binbits=6:mapping=uniform:softdist=trilinear:autoratio=32:feedback=0:prune=hamerly:seed=1:restarts=1:iter=20:miniter=0:polish_iter=0:feedback_slots=1:feedback_interval=1:sample_target=16384,6497,'{img2sixel}' --threads=1 --precision=8bit --quality=full '--loaders=libpng:cms_engine=builtin!' --palette-sampling=full-frame --palette-binning=exact --quantize-model=kmeans:inittype=none:threshold=0.125:binbits=6:mapping=uniform:softdist=trilinear:autoratio=32:feedback=0:prune=hamerly:seed=1:restarts=1:iter=20:miniter=0:polish_iter=0:feedback_slots=1:feedback_interval=1:sample_target=16384 -Xoklab -Wgamma --diffusion=none --gpu-policy=off --lookup-policy=none -F none -a off -p 128 '{input}'
smooth-gradient-small,"smooth gradient, small",gradient,scale,128,96,12288,60cf33515fda4e2d045a432c49bd761ee73ff568,macOS-26.5.1-arm64-arm-64bit-Mach-O,images/measurements/palette-pipeline/smooth-gradient-128x96.png,128,full-frame-soft,full-frame,soft,kmeans:inittype=none:threshold=0.125:binbits=6:mapping=uniform:softdist=trilinear:autoratio=32:feedback=0:prune=hamerly:seed=1:restarts=1:iter=20:miniter=0:polish_iter=0:feedback_slots=1:feedback_interval=1:sample_target=16384,6416,'{img2sixel}' --threads=1 --precision=8bit --quality=full '--loaders=libpng:cms_engine=builtin!' --palette-sampling=full-frame --palette-binning=soft --quantize-model=kmeans:inittype=none:threshold=0.125:binbits=6:mapping=uniform:softdist=trilinear:autoratio=32:feedback=0:prune=hamerly:seed=1:restarts=1:iter=20:miniter=0:polish_iter=0:feedback_slots=1:feedback_interval=1:sample_target=16384 -Xoklab -Wgamma --diffusion=none --gpu-policy=off --lookup-policy=none -F none -a off -p 128 '{input}'
smooth-gradient-small,"smooth gradient, small",gradient,scale,128,96,12288,60cf33515fda4e2d045a432c49bd761ee73ff568,macOS-26.5.1-arm64-arm-64bit-Mach-O,images/measurements/palette-pipeline/smooth-gradient-128x96.png,256,full-frame-hard,full-frame,hard,kmeans:inittype=none:threshold=0.125:binbits=6:mapping=uniform:softdist=trilinear:autoratio=32:feedback=0:prune=hamerly:seed=1:restarts=1:iter=20:miniter=0:polish_iter=0:feedback_slots=1:feedback_interval=1:sample_target=16384,10351,'{img2sixel}' --threads=1 --precision=8bit --quality=full '--loaders=libpng:cms_engine=builtin!' --palette-sampling=full-frame --palette-binning=hard --quantize-model=kmeans:inittype=none:threshold=0.125:binbits=6:mapping=uniform:softdist=trilinear:autoratio=32:feedback=0:prune=hamerly:seed=1:restarts=1:iter=20:miniter=0:polish_iter=0:feedback_slots=1:feedback_interval=1:sample_target=16384 -Xoklab -Wgamma --diffusion=none --gpu-policy=off --lookup-policy=none -F none -a off -p 256 '{input}'
smooth-gradient-small,"smooth gradient, small",gradient,scale,128,96,12288,60cf33515fda4e2d045a432c49bd761ee73ff568,macOS-26.5.1-arm64-arm-64bit-Mach-O,images/measurements/palette-pipeline/smooth-gradient-128x96.png,256,adaptive-grid-hard,adaptive-grid,hard,kmeans:inittype=none:threshold=0.125:binbits=6:mapping=uniform:softdist=trilinear:autoratio=32:feedback=0:prune=hamerly:seed=1:restarts=1:iter=20:miniter=0:polish_iter=0:feedback_slots=1:feedback_interval=1:sample_target=16384,10242,'{img2sixel}' --threads=1 --precision=8bit --quality=full '--loaders=libpng:cms_engine=builtin!' --palette-sampling=adaptive-grid --palette-binning=hard --quantize-model=kmeans:inittype=none:threshold=0.125:binbits=6:mapping=uniform:softdist=trilinear:autoratio=32:feedback=0:prune=hamerly:seed=1:restarts=1:iter=20:miniter=0:polish_iter=0:feedback_slots=1:feedback_interval=1:sample_target=16384 -Xoklab -Wgamma --diffusion=none --gpu-policy=off --lookup-policy=none -F none -a off -p 256 '{input}'
smooth-gradient-small,"smooth gradient, small",gradient,scale,128,96,12288,60cf33515fda4e2d045a432c49bd761ee73ff568,macOS-26.5.1-arm64-arm-64bit-Mach-O,images/measurements/palette-pipeline/smooth-gradient-128x96.png,256,full-frame-none,full-frame,none,kmeans:inittype=none:threshold=0.125:binbits=6:mapping=uniform:softdist=trilinear:autoratio=32:feedback=0:prune=hamerly:seed=1:restarts=1:iter=20:miniter=0:polish_iter=0:feedback_slots=1:feedback_interval=1:sample_target=16384,10444,'{img2sixel}' --threads=1 --precision=8bit --quality=full '--loaders=libpng:cms_engine=builtin!' --palette-sampling=full-frame --palette-binning=none --quantize-model=kmeans:inittype=none:threshold=0.125:binbits=6:mapping=uniform:softdist=trilinear:autoratio=32:feedback=0:prune=hamerly:seed=1:restarts=1:iter=20:miniter=0:polish_iter=0:feedback_slots=1:feedback_interval=1:sample_target=16384 -Xoklab -Wgamma --diffusion=none --gpu-policy=off --lookup-policy=none -F none -a off -p 256 '{input}'
smooth-gradient-small,"smooth gradient, small",gradient,scale,128,96,12288,60cf33515fda4e2d045a432c49bd761ee73ff568,macOS-26.5.1-arm64-arm-64bit-Mach-O,images/measurements/palette-pipeline/smooth-gradient-128x96.png,256,full-frame-exact,full-frame,exact,kmeans:inittype=none:threshold=0.125:binbits=6:mapping=uniform:softdist=trilinear:autoratio=32:feedback=0:prune=hamerly:seed=1:restarts=1:iter=20:miniter=0:polish_iter=0:feedback_slots=1:feedback_interval=1:sample_target=16384,10343,'{img2sixel}' --threads=1 --precision=8bit --quality=full '--loaders=libpng:cms_engine=builtin!' --palette-sampling=full-frame --palette-binning=exact --quantize-model=kmeans:inittype=none:threshold=0.125:binbits=6:mapping=uniform:softdist=trilinear:autoratio=32:feedback=0:prune=hamerly:seed=1:restarts=1:iter=20:miniter=0:polish_iter=0:feedback_slots=1:feedback_interval=1:sample_target=16384 -Xoklab -Wgamma --diffusion=none --gpu-policy=off --lookup-policy=none -F none -a off -p 256 '{input}'
smooth-gradient-small,"smooth gradient, small",gradient,scale,128,96,12288,60cf33515fda4e2d045a432c49bd761ee73ff568,macOS-26.5.1-arm64-arm-64bit-Mach-O,images/measurements/palette-pipeline/smooth-gradient-128x96.png,256,full-frame-soft,full-frame,soft,kmeans:inittype=none:threshold=0.125:binbits=6:mapping=uniform:softdist=trilinear:autoratio=32:feedback=0:prune=hamerly:seed=1:restarts=1:iter=20:miniter=0:polish_iter=0:feedback_slots=1:feedback_interval=1:sample_target=16384,10286,'{img2sixel}' --threads=1 --precision=8bit --quality=full '--loaders=libpng:cms_engine=builtin!' --palette-sampling=full-frame --palette-binning=soft --quantize-model=kmeans:inittype=none:threshold=0.125:binbits=6:mapping=uniform:softdist=trilinear:autoratio=32:feedback=0:prune=hamerly:seed=1:restarts=1:iter=20:miniter=0:polish_iter=0:feedback_slots=1:feedback_interval=1:sample_target=16384 -Xoklab -Wgamma --diffusion=none --gpu-policy=off --lookup-policy=none -F none -a off -p 256 '{input}'
smooth-gradient-medium,smooth gradient,gradient,content;scale,600,450,270000,60cf33515fda4e2d045a432c49bd761ee73ff568,macOS-26.5.1-arm64-arm-64bit-Mach-O,images/measurements/palette-pipeline/smooth-gradient-600x450.png,8,full-frame-hard,full-frame,hard,kmeans:inittype=none:threshold=0.125:binbits=6:mapping=uniform:softdist=trilinear:autoratio=32:feedback=0:prune=hamerly:seed=1:restarts=1:iter=20:miniter=0:polish_iter=0:feedback_slots=1:feedback_interval=1:sample_target=16384,4943,'{img2sixel}' --threads=1 --precision=8bit --quality=full '--loaders=libpng:cms_engine=builtin!' --palette-sampling=full-frame --palette-binning=hard --quantize-model=kmeans:inittype=none:threshold=0.125:binbits=6:mapping=uniform:softdist=trilinear:autoratio=32:feedback=0:prune=hamerly:seed=1:restarts=1:iter=20:miniter=0:polish_iter=0:feedback_slots=1:feedback_interval=1:sample_target=16384 -Xoklab -Wgamma --diffusion=none --gpu-policy=off --lookup-policy=none -F none -a off -p 8 '{input}'
smooth-gradient-medium,smooth gradient,gradient,content;scale,600,450,270000,60cf33515fda4e2d045a432c49bd761ee73ff568,macOS-26.5.1-arm64-arm-64bit-Mach-O,images/measurements/palette-pipeline/smooth-gradient-600x450.png,8,adaptive-grid-hard,adaptive-grid,hard,kmeans:inittype=none:threshold=0.125:binbits=6:mapping=uniform:softdist=trilinear:autoratio=32:feedback=0:prune=hamerly:seed=1:restarts=1:iter=20:miniter=0:polish_iter=0:feedback_slots=1:feedback_interval=1:sample_target=16384,5095,'{img2sixel}' --threads=1 --precision=8bit --quality=full '--loaders=libpng:cms_engine=builtin!' --palette-sampling=adaptive-grid --palette-binning=hard --quantize-model=kmeans:inittype=none:threshold=0.125:binbits=6:mapping=uniform:softdist=trilinear:autoratio=32:feedback=0:prune=hamerly:seed=1:restarts=1:iter=20:miniter=0:polish_iter=0:feedback_slots=1:feedback_interval=1:sample_target=16384 -Xoklab -Wgamma --diffusion=none --gpu-policy=off --lookup-policy=none -F none -a off -p 8 '{input}'
smooth-gradient-medium,smooth gradient,gradient,content;scale,600,450,270000,60cf33515fda4e2d045a432c49bd761ee73ff568,macOS-26.5.1-arm64-arm-64bit-Mach-O,images/measurements/palette-pipeline/smooth-gradient-600x450.png,8,full-frame-none,full-frame,none,kmeans:inittype=none:threshold=0.125:binbits=6:mapping=uniform:softdist=trilinear:autoratio=32:feedback=0:prune=hamerly:seed=1:restarts=1:iter=20:miniter=0:polish_iter=0:feedback_slots=1:feedback_interval=1:sample_target=16384,5205,'{img2sixel}' --threads=1 --precision=8bit --quality=full '--loaders=libpng:cms_engine=builtin!' --palette-sampling=full-frame --palette-binning=none --quantize-model=kmeans:inittype=none:threshold=0.125:binbits=6:mapping=uniform:softdist=trilinear:autoratio=32:feedback=0:prune=hamerly:seed=1:restarts=1:iter=20:miniter=0:polish_iter=0:feedback_slots=1:feedback_interval=1:sample_target=16384 -Xoklab -Wgamma --diffusion=none --gpu-policy=off --lookup-policy=none -F none -a off -p 8 '{input}'
smooth-gradient-medium,smooth gradient,gradient,content;scale,600,450,270000,60cf33515fda4e2d045a432c49bd761ee73ff568,macOS-26.5.1-arm64-arm-64bit-Mach-O,images/measurements/palette-pipeline/smooth-gradient-600x450.png,8,full-frame-exact,full-frame,exact,kmeans:inittype=none:threshold=0.125:binbits=6:mapping=uniform:softdist=trilinear:autoratio=32:feedback=0:prune=hamerly:seed=1:restarts=1:iter=20:miniter=0:polish_iter=0:feedback_slots=1:feedback_interval=1:sample_target=16384,4963,'{img2sixel}' --threads=1 --precision=8bit --quality=full '--loaders=libpng:cms_engine=builtin!' --palette-sampling=full-frame --palette-binning=exact --quantize-model=kmeans:inittype=none:threshold=0.125:binbits=6:mapping=uniform:softdist=trilinear:autoratio=32:feedback=0:prune=hamerly:seed=1:restarts=1:iter=20:miniter=0:polish_iter=0:feedback_slots=1:feedback_interval=1:sample_target=16384 -Xoklab -Wgamma --diffusion=none --gpu-policy=off --lookup-policy=none -F none -a off -p 8 '{input}'
smooth-gradient-medium,smooth gradient,gradient,content;scale,600,450,270000,60cf33515fda4e2d045a432c49bd761ee73ff568,macOS-26.5.1-arm64-arm-64bit-Mach-O,images/measurements/palette-pipeline/smooth-gradient-600x450.png,8,full-frame-soft,full-frame,soft,kmeans:inittype=none:threshold=0.125:binbits=6:mapping=uniform:softdist=trilinear:autoratio=32:feedback=0:prune=hamerly:seed=1:restarts=1:iter=20:miniter=0:polish_iter=0:feedback_slots=1:feedback_interval=1:sample_target=16384,5130,'{img2sixel}' --threads=1 --precision=8bit --quality=full '--loaders=libpng:cms_engine=builtin!' --palette-sampling=full-frame --palette-binning=soft --quantize-model=kmeans:inittype=none:threshold=0.125:binbits=6:mapping=uniform:softdist=trilinear:autoratio=32:feedback=0:prune=hamerly:seed=1:restarts=1:iter=20:miniter=0:polish_iter=0:feedback_slots=1:feedback_interval=1:sample_target=16384 -Xoklab -Wgamma --diffusion=none --gpu-policy=off --lookup-policy=none -F none -a off -p 8 '{input}'
smooth-gradient-medium,smooth gradient,gradient,content;scale,600,450,270000,60cf33515fda4e2d045a432c49bd761ee73ff568,macOS-26.5.1-arm64-arm-64bit-Mach-O,images/measurements/palette-pipeline/smooth-gradient-600x450.png,16,full-frame-hard,full-frame,hard,kmeans:inittype=none:threshold=0.125:binbits=6:mapping=uniform:softdist=trilinear:autoratio=32:feedback=0:prune=hamerly:seed=1:restarts=1:iter=20:miniter=0:polish_iter=0:feedback_slots=1:feedback_interval=1:sample_target=16384,7897,'{img2sixel}' --threads=1 --precision=8bit --quality=full '--loaders=libpng:cms_engine=builtin!' --palette-sampling=full-frame --palette-binning=hard --quantize-model=kmeans:inittype=none:threshold=0.125:binbits=6:mapping=uniform:softdist=trilinear:autoratio=32:feedback=0:prune=hamerly:seed=1:restarts=1:iter=20:miniter=0:polish_iter=0:feedback_slots=1:feedback_interval=1:sample_target=16384 -Xoklab -Wgamma --diffusion=none --gpu-policy=off --lookup-policy=none -F none -a off -p 16 '{input}'
smooth-gradient-medium,smooth gradient,gradient,content;scale,600,450,270000,60cf33515fda4e2d045a432c49bd761ee73ff568,macOS-26.5.1-arm64-arm-64bit-Mach-O,images/measurements/palette-pipeline/smooth-gradient-600x450.png,16,adaptive-grid-hard,adaptive-grid,hard,kmeans:inittype=none:threshold=0.125:binbits=6:mapping=uniform:softdist=trilinear:autoratio=32:feedback=0:prune=hamerly:seed=1:restarts=1:iter=20:miniter=0:polish_iter=0:feedback_slots=1:feedback_interval=1:sample_target=16384,8037,'{img2sixel}' --threads=1 --precision=8bit --quality=full '--loaders=libpng:cms_engine=builtin!' --palette-sampling=adaptive-grid --palette-binning=hard --quantize-model=kmeans:inittype=none:threshold=0.125:binbits=6:mapping=uniform:softdist=trilinear:autoratio=32:feedback=0:prune=hamerly:seed=1:restarts=1:iter=20:miniter=0:polish_iter=0:feedback_slots=1:feedback_interval=1:sample_target=16384 -Xoklab -Wgamma --diffusion=none --gpu-policy=off --lookup-policy=none -F none -a off -p 16 '{input}'
smooth-gradient-medium,smooth gradient,gradient,content;scale,600,450,270000,60cf33515fda4e2d045a432c49bd761ee73ff568,macOS-26.5.1-arm64-arm-64bit-Mach-O,images/measurements/palette-pipeline/smooth-gradient-600x450.png,16,full-frame-none,full-frame,none,kmeans:inittype=none:threshold=0.125:binbits=6:mapping=uniform:softdist=trilinear:autoratio=32:feedback=0:prune=hamerly:seed=1:restarts=1:iter=20:miniter=0:polish_iter=0:feedback_slots=1:feedback_interval=1:sample_target=16384,8353,'{img2sixel}' --threads=1 --precision=8bit --quality=full '--loaders=libpng:cms_engine=builtin!' --palette-sampling=full-frame --palette-binning=none --quantize-model=kmeans:inittype=none:threshold=0.125:binbits=6:mapping=uniform:softdist=trilinear:autoratio=32:feedback=0:prune=hamerly:seed=1:restarts=1:iter=20:miniter=0:polish_iter=0:feedback_slots=1:feedback_interval=1:sample_target=16384 -Xoklab -Wgamma --diffusion=none --gpu-policy=off --lookup-policy=none -F none -a off -p 16 '{input}'
smooth-gradient-medium,smooth gradient,gradient,content;scale,600,450,270000,60cf33515fda4e2d045a432c49bd761ee73ff568,macOS-26.5.1-arm64-arm-64bit-Mach-O,images/measurements/palette-pipeline/smooth-gradient-600x450.png,16,full-frame-exact,full-frame,exact,kmeans:inittype=none:threshold=0.125:binbits=6:mapping=uniform:softdist=trilinear:autoratio=32:feedback=0:prune=hamerly:seed=1:restarts=1:iter=20:miniter=0:polish_iter=0:feedback_slots=1:feedback_interval=1:sample_target=16384,7994,'{img2sixel}' --threads=1 --precision=8bit --quality=full '--loaders=libpng:cms_engine=builtin!' --palette-sampling=full-frame --palette-binning=exact --quantize-model=kmeans:inittype=none:threshold=0.125:binbits=6:mapping=uniform:softdist=trilinear:autoratio=32:feedback=0:prune=hamerly:seed=1:restarts=1:iter=20:miniter=0:polish_iter=0:feedback_slots=1:feedback_interval=1:sample_target=16384 -Xoklab -Wgamma --diffusion=none --gpu-policy=off --lookup-policy=none -F none -a off -p 16 '{input}'
smooth-gradient-medium,smooth gradient,gradient,content;scale,600,450,270000,60cf33515fda4e2d045a432c49bd761ee73ff568,macOS-26.5.1-arm64-arm-64bit-Mach-O,images/measurements/palette-pipeline/smooth-gradient-600x450.png,16,full-frame-soft,full-frame,soft,kmeans:inittype=none:threshold=0.125:binbits=6:mapping=uniform:softdist=trilinear:autoratio=32:feedback=0:prune=hamerly:seed=1:restarts=1:iter=20:miniter=0:polish_iter=0:feedback_slots=1:feedback_interval=1:sample_target=16384,8470,'{img2sixel}' --threads=1 --precision=8bit --quality=full '--loaders=libpng:cms_engine=builtin!' --palette-sampling=full-frame --palette-binning=soft --quantize-model=kmeans:inittype=none:threshold=0.125:binbits=6:mapping=uniform:softdist=trilinear:autoratio=32:feedback=0:prune=hamerly:seed=1:restarts=1:iter=20:miniter=0:polish_iter=0:feedback_slots=1:feedback_interval=1:sample_target=16384 -Xoklab -Wgamma --diffusion=none --gpu-policy=off --lookup-policy=none -F none -a off -p 16 '{input}'
smooth-gradient-medium,smooth gradient,gradient,content;scale,600,450,270000,60cf33515fda4e2d045a432c49bd761ee73ff568,macOS-26.5.1-arm64-arm-64bit-Mach-O,images/measurements/palette-pipeline/smooth-gradient-600x450.png,32,full-frame-hard,full-frame,hard,kmeans:inittype=none:threshold=0.125:binbits=6:mapping=uniform:softdist=trilinear:autoratio=32:feedback=0:prune=hamerly:seed=1:restarts=1:iter=20:miniter=0:polish_iter=0:feedback_slots=1:feedback_interval=1:sample_target=16384,12209,'{img2sixel}' --threads=1 --precision=8bit --quality=full '--loaders=libpng:cms_engine=builtin!' --palette-sampling=full-frame --palette-binning=hard --quantize-model=kmeans:inittype=none:threshold=0.125:binbits=6:mapping=uniform:softdist=trilinear:autoratio=32:feedback=0:prune=hamerly:seed=1:restarts=1:iter=20:miniter=0:polish_iter=0:feedback_slots=1:feedback_interval=1:sample_target=16384 -Xoklab -Wgamma --diffusion=none --gpu-policy=off --lookup-policy=none -F none -a off -p 32 '{input}'
smooth-gradient-medium,smooth gradient,gradient,content;scale,600,450,270000,60cf33515fda4e2d045a432c49bd761ee73ff568,macOS-26.5.1-arm64-arm-64bit-Mach-O,images/measurements/palette-pipeline/smooth-gradient-600x450.png,32,adaptive-grid-hard,adaptive-grid,hard,kmeans:inittype=none:threshold=0.125:binbits=6:mapping=uniform:softdist=trilinear:autoratio=32:feedback=0:prune=hamerly:seed=1:restarts=1:iter=20:miniter=0:polish_iter=0:feedback_slots=1:feedback_interval=1:sample_target=16384,12025,'{img2sixel}' --threads=1 --precision=8bit --quality=full '--loaders=libpng:cms_engine=builtin!' --palette-sampling=adaptive-grid --palette-binning=hard --quantize-model=kmeans:inittype=none:threshold=0.125:binbits=6:mapping=uniform:softdist=trilinear:autoratio=32:feedback=0:prune=hamerly:seed=1:restarts=1:iter=20:miniter=0:polish_iter=0:feedback_slots=1:feedback_interval=1:sample_target=16384 -Xoklab -Wgamma --diffusion=none --gpu-policy=off --lookup-policy=none -F none -a off -p 32 '{input}'
smooth-gradient-medium,smooth gradient,gradient,content;scale,600,450,270000,60cf33515fda4e2d045a432c49bd761ee73ff568,macOS-26.5.1-arm64-arm-64bit-Mach-O,images/measurements/palette-pipeline/smooth-gradient-600x450.png,32,full-frame-none,full-frame,none,kmeans:inittype=none:threshold=0.125:binbits=6:mapping=uniform:softdist=trilinear:autoratio=32:feedback=0:prune=hamerly:seed=1:restarts=1:iter=20:miniter=0:polish_iter=0:feedback_slots=1:feedback_interval=1:sample_target=16384,12219,'{img2sixel}' --threads=1 --precision=8bit --quality=full '--loaders=libpng:cms_engine=builtin!' --palette-sampling=full-frame --palette-binning=none --quantize-model=kmeans:inittype=none:threshold=0.125:binbits=6:mapping=uniform:softdist=trilinear:autoratio=32:feedback=0:prune=hamerly:seed=1:restarts=1:iter=20:miniter=0:polish_iter=0:feedback_slots=1:feedback_interval=1:sample_target=16384 -Xoklab -Wgamma --diffusion=none --gpu-policy=off --lookup-policy=none -F none -a off -p 32 '{input}'
smooth-gradient-medium,smooth gradient,gradient,content;scale,600,450,270000,60cf33515fda4e2d045a432c49bd761ee73ff568,macOS-26.5.1-arm64-arm-64bit-Mach-O,images/measurements/palette-pipeline/smooth-gradient-600x450.png,32,full-frame-exact,full-frame,exact,kmeans:inittype=none:threshold=0.125:binbits=6:mapping=uniform:softdist=trilinear:autoratio=32:feedback=0:prune=hamerly:seed=1:restarts=1:iter=20:miniter=0:polish_iter=0:feedback_slots=1:feedback_interval=1:sample_target=16384,12054,'{img2sixel}' --threads=1 --precision=8bit --quality=full '--loaders=libpng:cms_engine=builtin!' --palette-sampling=full-frame --palette-binning=exact --quantize-model=kmeans:inittype=none:threshold=0.125:binbits=6:mapping=uniform:softdist=trilinear:autoratio=32:feedback=0:prune=hamerly:seed=1:restarts=1:iter=20:miniter=0:polish_iter=0:feedback_slots=1:feedback_interval=1:sample_target=16384 -Xoklab -Wgamma --diffusion=none --gpu-policy=off --lookup-policy=none -F none -a off -p 32 '{input}'
smooth-gradient-medium,smooth gradient,gradient,content;scale,600,450,270000,60cf33515fda4e2d045a432c49bd761ee73ff568,macOS-26.5.1-arm64-arm-64bit-Mach-O,images/measurements/palette-pipeline/smooth-gradient-600x450.png,32,full-frame-soft,full-frame,soft,kmeans:inittype=none:threshold=0.125:binbits=6:mapping=uniform:softdist=trilinear:autoratio=32:feedback=0:prune=hamerly:seed=1:restarts=1:iter=20:miniter=0:polish_iter=0:feedback_slots=1:feedback_interval=1:sample_target=16384,11592,'{img2sixel}' --threads=1 --precision=8bit --quality=full '--loaders=libpng:cms_engine=builtin!' --palette-sampling=full-frame --palette-binning=soft --quantize-model=kmeans:inittype=none:threshold=0.125:binbits=6:mapping=uniform:softdist=trilinear:autoratio=32:feedback=0:prune=hamerly:seed=1:restarts=1:iter=20:miniter=0:polish_iter=0:feedback_slots=1:feedback_interval=1:sample_target=16384 -Xoklab -Wgamma --diffusion=none --gpu-policy=off --lookup-policy=none -F none -a off -p 32 '{input}'
smooth-gradient-medium,smooth gradient,gradient,content;scale,600,450,270000,60cf33515fda4e2d045a432c49bd761ee73ff568,macOS-26.5.1-arm64-arm-64bit-Mach-O,images/measurements/palette-pipeline/smooth-gradient-600x450.png,64,full-frame-hard,full-frame,hard,kmeans:inittype=none:threshold=0.125:binbits=6:mapping=uniform:softdist=trilinear:autoratio=32:feedback=0:prune=hamerly:seed=1:restarts=1:iter=20:miniter=0:polish_iter=0:feedback_slots=1:feedback_interval=1:sample_target=16384,17921,'{img2sixel}' --threads=1 --precision=8bit --quality=full '--loaders=libpng:cms_engine=builtin!' --palette-sampling=full-frame --palette-binning=hard --quantize-model=kmeans:inittype=none:threshold=0.125:binbits=6:mapping=uniform:softdist=trilinear:autoratio=32:feedback=0:prune=hamerly:seed=1:restarts=1:iter=20:miniter=0:polish_iter=0:feedback_slots=1:feedback_interval=1:sample_target=16384 -Xoklab -Wgamma --diffusion=none --gpu-policy=off --lookup-policy=none -F none -a off -p 64 '{input}'
smooth-gradient-medium,smooth gradient,gradient,content;scale,600,450,270000,60cf33515fda4e2d045a432c49bd761ee73ff568,macOS-26.5.1-arm64-arm-64bit-Mach-O,images/measurements/palette-pipeline/smooth-gradient-600x450.png,64,adaptive-grid-hard,adaptive-grid,hard,kmeans:inittype=none:threshold=0.125:binbits=6:mapping=uniform:softdist=trilinear:autoratio=32:feedback=0:prune=hamerly:seed=1:restarts=1:iter=20:miniter=0:polish_iter=0:feedback_slots=1:feedback_interval=1:sample_target=16384,17217,'{img2sixel}' --threads=1 --precision=8bit --quality=full '--loaders=libpng:cms_engine=builtin!' --palette-sampling=adaptive-grid --palette-binning=hard --quantize-model=kmeans:inittype=none:threshold=0.125:binbits=6:mapping=uniform:softdist=trilinear:autoratio=32:feedback=0:prune=hamerly:seed=1:restarts=1:iter=20:miniter=0:polish_iter=0:feedback_slots=1:feedback_interval=1:sample_target=16384 -Xoklab -Wgamma --diffusion=none --gpu-policy=off --lookup-policy=none -F none -a off -p 64 '{input}'
smooth-gradient-medium,smooth gradient,gradient,content;scale,600,450,270000,60cf33515fda4e2d045a432c49bd761ee73ff568,macOS-26.5.1-arm64-arm-64bit-Mach-O,images/measurements/palette-pipeline/smooth-gradient-600x450.png,64,full-frame-none,full-frame,none,kmeans:inittype=none:threshold=0.125:binbits=6:mapping=uniform:softdist=trilinear:autoratio=32:feedback=0:prune=hamerly:seed=1:restarts=1:iter=20:miniter=0:polish_iter=0:feedback_slots=1:feedback_interval=1:sample_target=16384,18215,'{img2sixel}' --threads=1 --precision=8bit --quality=full '--loaders=libpng:cms_engine=builtin!' --palette-sampling=full-frame --palette-binning=none --quantize-model=kmeans:inittype=none:threshold=0.125:binbits=6:mapping=uniform:softdist=trilinear:autoratio=32:feedback=0:prune=hamerly:seed=1:restarts=1:iter=20:miniter=0:polish_iter=0:feedback_slots=1:feedback_interval=1:sample_target=16384 -Xoklab -Wgamma --diffusion=none --gpu-policy=off --lookup-policy=none -F none -a off -p 64 '{input}'
smooth-gradient-medium,smooth gradient,gradient,content;scale,600,450,270000,60cf33515fda4e2d045a432c49bd761ee73ff568,macOS-26.5.1-arm64-arm-64bit-Mach-O,images/measurements/palette-pipeline/smooth-gradient-600x450.png,64,full-frame-exact,full-frame,exact,kmeans:inittype=none:threshold=0.125:binbits=6:mapping=uniform:softdist=trilinear:autoratio=32:feedback=0:prune=hamerly:seed=1:restarts=1:iter=20:miniter=0:polish_iter=0:feedback_slots=1:feedback_interval=1:sample_target=16384,18162,'{img2sixel}' --threads=1 --precision=8bit --quality=full '--loaders=libpng:cms_engine=builtin!' --palette-sampling=full-frame --palette-binning=exact --quantize-model=kmeans:inittype=none:threshold=0.125:binbits=6:mapping=uniform:softdist=trilinear:autoratio=32:feedback=0:prune=hamerly:seed=1:restarts=1:iter=20:miniter=0:polish_iter=0:feedback_slots=1:feedback_interval=1:sample_target=16384 -Xoklab -Wgamma --diffusion=none --gpu-policy=off --lookup-policy=none -F none -a off -p 64 '{input}'
smooth-gradient-medium,smooth gradient,gradient,content;scale,600,450,270000,60cf33515fda4e2d045a432c49bd761ee73ff568,macOS-26.5.1-arm64-arm-64bit-Mach-O,images/measurements/palette-pipeline/smooth-gradient-600x450.png,64,full-frame-soft,full-frame,soft,kmeans:inittype=none:threshold=0.125:binbits=6:mapping=uniform:softdist=trilinear:autoratio=32:feedback=0:prune=hamerly:seed=1:restarts=1:iter=20:miniter=0:polish_iter=0:feedback_slots=1:feedback_interval=1:sample_target=16384,17603,'{img2sixel}' --threads=1 --precision=8bit --quality=full '--loaders=libpng:cms_engine=builtin!' --palette-sampling=full-frame --palette-binning=soft --quantize-model=kmeans:inittype=none:threshold=0.125:binbits=6:mapping=uniform:softdist=trilinear:autoratio=32:feedback=0:prune=hamerly:seed=1:restarts=1:iter=20:miniter=0:polish_iter=0:feedback_slots=1:feedback_interval=1:sample_target=16384 -Xoklab -Wgamma --diffusion=none --gpu-policy=off --lookup-policy=none -F none -a off -p 64 '{input}'
smooth-gradient-medium,smooth gradient,gradient,content;scale,600,450,270000,60cf33515fda4e2d045a432c49bd761ee73ff568,macOS-26.5.1-arm64-arm-64bit-Mach-O,images/measurements/palette-pipeline/smooth-gradient-600x450.png,128,full-frame-hard,full-frame,hard,kmeans:inittype=none:threshold=0.125:binbits=6:mapping=uniform:softdist=trilinear:autoratio=32:feedback=0:prune=hamerly:seed=1:restarts=1:iter=20:miniter=0:polish_iter=0:feedback_slots=1:feedback_interval=1:sample_target=16384,25754,'{img2sixel}' --threads=1 --precision=8bit --quality=full '--loaders=libpng:cms_engine=builtin!' --palette-sampling=full-frame --palette-binning=hard --quantize-model=kmeans:inittype=none:threshold=0.125:binbits=6:mapping=uniform:softdist=trilinear:autoratio=32:feedback=0:prune=hamerly:seed=1:restarts=1:iter=20:miniter=0:polish_iter=0:feedback_slots=1:feedback_interval=1:sample_target=16384 -Xoklab -Wgamma --diffusion=none --gpu-policy=off --lookup-policy=none -F none -a off -p 128 '{input}'
smooth-gradient-medium,smooth gradient,gradient,content;scale,600,450,270000,60cf33515fda4e2d045a432c49bd761ee73ff568,macOS-26.5.1-arm64-arm-64bit-Mach-O,images/measurements/palette-pipeline/smooth-gradient-600x450.png,128,adaptive-grid-hard,adaptive-grid,hard,kmeans:inittype=none:threshold=0.125:binbits=6:mapping=uniform:softdist=trilinear:autoratio=32:feedback=0:prune=hamerly:seed=1:restarts=1:iter=20:miniter=0:polish_iter=0:feedback_slots=1:feedback_interval=1:sample_target=16384,26084,'{img2sixel}' --threads=1 --precision=8bit --quality=full '--loaders=libpng:cms_engine=builtin!' --palette-sampling=adaptive-grid --palette-binning=hard --quantize-model=kmeans:inittype=none:threshold=0.125:binbits=6:mapping=uniform:softdist=trilinear:autoratio=32:feedback=0:prune=hamerly:seed=1:restarts=1:iter=20:miniter=0:polish_iter=0:feedback_slots=1:feedback_interval=1:sample_target=16384 -Xoklab -Wgamma --diffusion=none --gpu-policy=off --lookup-policy=none -F none -a off -p 128 '{input}'
smooth-gradient-medium,smooth gradient,gradient,content;scale,600,450,270000,60cf33515fda4e2d045a432c49bd761ee73ff568,macOS-26.5.1-arm64-arm-64bit-Mach-O,images/measurements/palette-pipeline/smooth-gradient-600x450.png,128,full-frame-none,full-frame,none,kmeans:inittype=none:threshold=0.125:binbits=6:mapping=uniform:softdist=trilinear:autoratio=32:feedback=0:prune=hamerly:seed=1:restarts=1:iter=20:miniter=0:polish_iter=0:feedback_slots=1:feedback_interval=1:sample_target=16384,26290,'{img2sixel}' --threads=1 --precision=8bit --quality=full '--loaders=libpng:cms_engine=builtin!' --palette-sampling=full-frame --palette-binning=none --quantize-model=kmeans:inittype=none:threshold=0.125:binbits=6:mapping=uniform:softdist=trilinear:autoratio=32:feedback=0:prune=hamerly:seed=1:restarts=1:iter=20:miniter=0:polish_iter=0:feedback_slots=1:feedback_interval=1:sample_target=16384 -Xoklab -Wgamma --diffusion=none --gpu-policy=off --lookup-policy=none -F none -a off -p 128 '{input}'
smooth-gradient-medium,smooth gradient,gradient,content;scale,600,450,270000,60cf33515fda4e2d045a432c49bd761ee73ff568,macOS-26.5.1-arm64-arm-64bit-Mach-O,images/measurements/palette-pipeline/smooth-gradient-600x450.png,128,full-frame-exact,full-frame,exact,kmeans:inittype=none:threshold=0.125:binbits=6:mapping=uniform:softdist=trilinear:autoratio=32:feedback=0:prune=hamerly:seed=1:restarts=1:iter=20:miniter=0:polish_iter=0:feedback_slots=1:feedback_interval=1:sample_target=16384,26769,'{img2sixel}' --threads=1 --precision=8bit --quality=full '--loaders=libpng:cms_engine=builtin!' --palette-sampling=full-frame --palette-binning=exact --quantize-model=kmeans:inittype=none:threshold=0.125:binbits=6:mapping=uniform:softdist=trilinear:autoratio=32:feedback=0:prune=hamerly:seed=1:restarts=1:iter=20:miniter=0:polish_iter=0:feedback_slots=1:feedback_interval=1:sample_target=16384 -Xoklab -Wgamma --diffusion=none --gpu-policy=off --lookup-policy=none -F none -a off -p 128 '{input}'
smooth-gradient-medium,smooth gradient,gradient,content;scale,600,450,270000,60cf33515fda4e2d045a432c49bd761ee73ff568,macOS-26.5.1-arm64-arm-64bit-Mach-O,images/measurements/palette-pipeline/smooth-gradient-600x450.png,128,full-frame-soft,full-frame,soft,kmeans:inittype=none:threshold=0.125:binbits=6:mapping=uniform:softdist=trilinear:autoratio=32:feedback=0:prune=hamerly:seed=1:restarts=1:iter=20:miniter=0:polish_iter=0:feedback_slots=1:feedback_interval=1:sample_target=16384,26175,'{img2sixel}' --threads=1 --precision=8bit --quality=full '--loaders=libpng:cms_engine=builtin!' --palette-sampling=full-frame --palette-binning=soft --quantize-model=kmeans:inittype=none:threshold=0.125:binbits=6:mapping=uniform:softdist=trilinear:autoratio=32:feedback=0:prune=hamerly:seed=1:restarts=1:iter=20:miniter=0:polish_iter=0:feedback_slots=1:feedback_interval=1:sample_target=16384 -Xoklab -Wgamma --diffusion=none --gpu-policy=off --lookup-policy=none -F none -a off -p 128 '{input}'
smooth-gradient-medium,smooth gradient,gradient,content;scale,600,450,270000,60cf33515fda4e2d045a432c49bd761ee73ff568,macOS-26.5.1-arm64-arm-64bit-Mach-O,images/measurements/palette-pipeline/smooth-gradient-600x450.png,256,full-frame-hard,full-frame,hard,kmeans:inittype=none:threshold=0.125:binbits=6:mapping=uniform:softdist=trilinear:autoratio=32:feedback=0:prune=hamerly:seed=1:restarts=1:iter=20:miniter=0:polish_iter=0:feedback_slots=1:feedback_interval=1:sample_target=16384,38571,'{img2sixel}' --threads=1 --precision=8bit --quality=full '--loaders=libpng:cms_engine=builtin!' --palette-sampling=full-frame --palette-binning=hard --quantize-model=kmeans:inittype=none:threshold=0.125:binbits=6:mapping=uniform:softdist=trilinear:autoratio=32:feedback=0:prune=hamerly:seed=1:restarts=1:iter=20:miniter=0:polish_iter=0:feedback_slots=1:feedback_interval=1:sample_target=16384 -Xoklab -Wgamma --diffusion=none --gpu-policy=off --lookup-policy=none -F none -a off -p 256 '{input}'
smooth-gradient-medium,smooth gradient,gradient,content;scale,600,450,270000,60cf33515fda4e2d045a432c49bd761ee73ff568,macOS-26.5.1-arm64-arm-64bit-Mach-O,images/measurements/palette-pipeline/smooth-gradient-600x450.png,256,adaptive-grid-hard,adaptive-grid,hard,kmeans:inittype=none:threshold=0.125:binbits=6:mapping=uniform:softdist=trilinear:autoratio=32:feedback=0:prune=hamerly:seed=1:restarts=1:iter=20:miniter=0:polish_iter=0:feedback_slots=1:feedback_interval=1:sample_target=16384,38833,'{img2sixel}' --threads=1 --precision=8bit --quality=full '--loaders=libpng:cms_engine=builtin!' --palette-sampling=adaptive-grid --palette-binning=hard --quantize-model=kmeans:inittype=none:threshold=0.125:binbits=6:mapping=uniform:softdist=trilinear:autoratio=32:feedback=0:prune=hamerly:seed=1:restarts=1:iter=20:miniter=0:polish_iter=0:feedback_slots=1:feedback_interval=1:sample_target=16384 -Xoklab -Wgamma --diffusion=none --gpu-policy=off --lookup-policy=none -F none -a off -p 256 '{input}'
smooth-gradient-medium,smooth gradient,gradient,content;scale,600,450,270000,60cf33515fda4e2d045a432c49bd761ee73ff568,macOS-26.5.1-arm64-arm-64bit-Mach-O,images/measurements/palette-pipeline/smooth-gradient-600x450.png,256,full-frame-none,full-frame,none,kmeans:inittype=none:threshold=0.125:binbits=6:mapping=uniform:softdist=trilinear:autoratio=32:feedback=0:prune=hamerly:seed=1:restarts=1:iter=20:miniter=0:polish_iter=0:feedback_slots=1:feedback_interval=1:sample_target=16384,39153,'{img2sixel}' --threads=1 --precision=8bit --quality=full '--loaders=libpng:cms_engine=builtin!' --palette-sampling=full-frame --palette-binning=none --quantize-model=kmeans:inittype=none:threshold=0.125:binbits=6:mapping=uniform:softdist=trilinear:autoratio=32:feedback=0:prune=hamerly:seed=1:restarts=1:iter=20:miniter=0:polish_iter=0:feedback_slots=1:feedback_interval=1:sample_target=16384 -Xoklab -Wgamma --diffusion=none --gpu-policy=off --lookup-policy=none -F none -a off -p 256 '{input}'
smooth-gradient-medium,smooth gradient,gradient,content;scale,600,450,270000,60cf33515fda4e2d045a432c49bd761ee73ff568,macOS-26.5.1-arm64-arm-64bit-Mach-O,images/measurements/palette-pipeline/smooth-gradient-600x450.png,256,full-frame-exact,full-frame,exact,kmeans:inittype=none:threshold=0.125:binbits=6:mapping=uniform:softdist=trilinear:autoratio=32:feedback=0:prune=hamerly:seed=1:restarts=1:iter=20:miniter=0:polish_iter=0:feedback_slots=1:feedback_interval=1:sample_target=16384,39859,'{img2sixel}' --threads=1 --precision=8bit --quality=full '--loaders=libpng:cms_engine=builtin!' --palette-sampling=full-frame --palette-binning=exact --quantize-model=kmeans:inittype=none:threshold=0.125:binbits=6:mapping=uniform:softdist=trilinear:autoratio=32:feedback=0:prune=hamerly:seed=1:restarts=1:iter=20:miniter=0:polish_iter=0:feedback_slots=1:feedback_interval=1:sample_target=16384 -Xoklab -Wgamma --diffusion=none --gpu-policy=off --lookup-policy=none -F none -a off -p 256 '{input}'
smooth-gradient-medium,smooth gradient,gradient,content;scale,600,450,270000,60cf33515fda4e2d045a432c49bd761ee73ff568,macOS-26.5.1-arm64-arm-64bit-Mach-O,images/measurements/palette-pipeline/smooth-gradient-600x450.png,256,full-frame-soft,full-frame,soft,kmeans:inittype=none:threshold=0.125:binbits=6:mapping=uniform:softdist=trilinear:autoratio=32:feedback=0:prune=hamerly:seed=1:restarts=1:iter=20:miniter=0:polish_iter=0:feedback_slots=1:feedback_interval=1:sample_target=16384,38834,'{img2sixel}' --threads=1 --precision=8bit --quality=full '--loaders=libpng:cms_engine=builtin!' --palette-sampling=full-frame --palette-binning=soft --quantize-model=kmeans:inittype=none:threshold=0.125:binbits=6:mapping=uniform:softdist=trilinear:autoratio=32:feedback=0:prune=hamerly:seed=1:restarts=1:iter=20:miniter=0:polish_iter=0:feedback_slots=1:feedback_interval=1:sample_target=16384 -Xoklab -Wgamma --diffusion=none --gpu-policy=off --lookup-policy=none -F none -a off -p 256 '{input}'
smooth-gradient-large,"smooth gradient, large",gradient,scale,900,675,607500,60cf33515fda4e2d045a432c49bd761ee73ff568,macOS-26.5.1-arm64-arm-64bit-Mach-O,images/measurements/palette-pipeline/smooth-gradient-900x675.png,8,full-frame-hard,full-frame,hard,kmeans:inittype=none:threshold=0.125:binbits=6:mapping=uniform:softdist=trilinear:autoratio=32:feedback=0:prune=hamerly:seed=1:restarts=1:iter=20:miniter=0:polish_iter=0:feedback_slots=1:feedback_interval=1:sample_target=16384,7770,'{img2sixel}' --threads=1 --precision=8bit --quality=full '--loaders=libpng:cms_engine=builtin!' --palette-sampling=full-frame --palette-binning=hard --quantize-model=kmeans:inittype=none:threshold=0.125:binbits=6:mapping=uniform:softdist=trilinear:autoratio=32:feedback=0:prune=hamerly:seed=1:restarts=1:iter=20:miniter=0:polish_iter=0:feedback_slots=1:feedback_interval=1:sample_target=16384 -Xoklab -Wgamma --diffusion=none --gpu-policy=off --lookup-policy=none -F none -a off -p 8 '{input}'
smooth-gradient-large,"smooth gradient, large",gradient,scale,900,675,607500,60cf33515fda4e2d045a432c49bd761ee73ff568,macOS-26.5.1-arm64-arm-64bit-Mach-O,images/measurements/palette-pipeline/smooth-gradient-900x675.png,8,adaptive-grid-hard,adaptive-grid,hard,kmeans:inittype=none:threshold=0.125:binbits=6:mapping=uniform:softdist=trilinear:autoratio=32:feedback=0:prune=hamerly:seed=1:restarts=1:iter=20:miniter=0:polish_iter=0:feedback_slots=1:feedback_interval=1:sample_target=16384,7503,'{img2sixel}' --threads=1 --precision=8bit --quality=full '--loaders=libpng:cms_engine=builtin!' --palette-sampling=adaptive-grid --palette-binning=hard --quantize-model=kmeans:inittype=none:threshold=0.125:binbits=6:mapping=uniform:softdist=trilinear:autoratio=32:feedback=0:prune=hamerly:seed=1:restarts=1:iter=20:miniter=0:polish_iter=0:feedback_slots=1:feedback_interval=1:sample_target=16384 -Xoklab -Wgamma --diffusion=none --gpu-policy=off --lookup-policy=none -F none -a off -p 8 '{input}'
smooth-gradient-large,"smooth gradient, large",gradient,scale,900,675,607500,60cf33515fda4e2d045a432c49bd761ee73ff568,macOS-26.5.1-arm64-arm-64bit-Mach-O,images/measurements/palette-pipeline/smooth-gradient-900x675.png,8,full-frame-none,full-frame,none,kmeans:inittype=none:threshold=0.125:binbits=6:mapping=uniform:softdist=trilinear:autoratio=32:feedback=0:prune=hamerly:seed=1:restarts=1:iter=20:miniter=0:polish_iter=0:feedback_slots=1:feedback_interval=1:sample_target=16384,7896,'{img2sixel}' --threads=1 --precision=8bit --quality=full '--loaders=libpng:cms_engine=builtin!' --palette-sampling=full-frame --palette-binning=none --quantize-model=kmeans:inittype=none:threshold=0.125:binbits=6:mapping=uniform:softdist=trilinear:autoratio=32:feedback=0:prune=hamerly:seed=1:restarts=1:iter=20:miniter=0:polish_iter=0:feedback_slots=1:feedback_interval=1:sample_target=16384 -Xoklab -Wgamma --diffusion=none --gpu-policy=off --lookup-policy=none -F none -a off -p 8 '{input}'
smooth-gradient-large,"smooth gradient, large",gradient,scale,900,675,607500,60cf33515fda4e2d045a432c49bd761ee73ff568,macOS-26.5.1-arm64-arm-64bit-Mach-O,images/measurements/palette-pipeline/smooth-gradient-900x675.png,8,full-frame-exact,full-frame,exact,kmeans:inittype=none:threshold=0.125:binbits=6:mapping=uniform:softdist=trilinear:autoratio=32:feedback=0:prune=hamerly:seed=1:restarts=1:iter=20:miniter=0:polish_iter=0:feedback_slots=1:feedback_interval=1:sample_target=16384,7419,'{img2sixel}' --threads=1 --precision=8bit --quality=full '--loaders=libpng:cms_engine=builtin!' --palette-sampling=full-frame --palette-binning=exact --quantize-model=kmeans:inittype=none:threshold=0.125:binbits=6:mapping=uniform:softdist=trilinear:autoratio=32:feedback=0:prune=hamerly:seed=1:restarts=1:iter=20:miniter=0:polish_iter=0:feedback_slots=1:feedback_interval=1:sample_target=16384 -Xoklab -Wgamma --diffusion=none --gpu-policy=off --lookup-policy=none -F none -a off -p 8 '{input}'
smooth-gradient-large,"smooth gradient, large",gradient,scale,900,675,607500,60cf33515fda4e2d045a432c49bd761ee73ff568,macOS-26.5.1-arm64-arm-64bit-Mach-O,images/measurements/palette-pipeline/smooth-gradient-900x675.png,8,full-frame-soft,full-frame,soft,kmeans:inittype=none:threshold=0.125:binbits=6:mapping=uniform:softdist=trilinear:autoratio=32:feedback=0:prune=hamerly:seed=1:restarts=1:iter=20:miniter=0:polish_iter=0:feedback_slots=1:feedback_interval=1:sample_target=16384,7419,'{img2sixel}' --threads=1 --precision=8bit --quality=full '--loaders=libpng:cms_engine=builtin!' --palette-sampling=full-frame --palette-binning=soft --quantize-model=kmeans:inittype=none:threshold=0.125:binbits=6:mapping=uniform:softdist=trilinear:autoratio=32:feedback=0:prune=hamerly:seed=1:restarts=1:iter=20:miniter=0:polish_iter=0:feedback_slots=1:feedback_interval=1:sample_target=16384 -Xoklab -Wgamma --diffusion=none --gpu-policy=off --lookup-policy=none -F none -a off -p 8 '{input}'
smooth-gradient-large,"smooth gradient, large",gradient,scale,900,675,607500,60cf33515fda4e2d045a432c49bd761ee73ff568,macOS-26.5.1-arm64-arm-64bit-Mach-O,images/measurements/palette-pipeline/smooth-gradient-900x675.png,16,full-frame-hard,full-frame,hard,kmeans:inittype=none:threshold=0.125:binbits=6:mapping=uniform:softdist=trilinear:autoratio=32:feedback=0:prune=hamerly:seed=1:restarts=1:iter=20:miniter=0:polish_iter=0:feedback_slots=1:feedback_interval=1:sample_target=16384,12093,'{img2sixel}' --threads=1 --precision=8bit --quality=full '--loaders=libpng:cms_engine=builtin!' --palette-sampling=full-frame --palette-binning=hard --quantize-model=kmeans:inittype=none:threshold=0.125:binbits=6:mapping=uniform:softdist=trilinear:autoratio=32:feedback=0:prune=hamerly:seed=1:restarts=1:iter=20:miniter=0:polish_iter=0:feedback_slots=1:feedback_interval=1:sample_target=16384 -Xoklab -Wgamma --diffusion=none --gpu-policy=off --lookup-policy=none -F none -a off -p 16 '{input}'
smooth-gradient-large,"smooth gradient, large",gradient,scale,900,675,607500,60cf33515fda4e2d045a432c49bd761ee73ff568,macOS-26.5.1-arm64-arm-64bit-Mach-O,images/measurements/palette-pipeline/smooth-gradient-900x675.png,16,adaptive-grid-hard,adaptive-grid,hard,kmeans:inittype=none:threshold=0.125:binbits=6:mapping=uniform:softdist=trilinear:autoratio=32:feedback=0:prune=hamerly:seed=1:restarts=1:iter=20:miniter=0:polish_iter=0:feedback_slots=1:feedback_interval=1:sample_target=16384,12133,'{img2sixel}' --threads=1 --precision=8bit --quality=full '--loaders=libpng:cms_engine=builtin!' --palette-sampling=adaptive-grid --palette-binning=hard --quantize-model=kmeans:inittype=none:threshold=0.125:binbits=6:mapping=uniform:softdist=trilinear:autoratio=32:feedback=0:prune=hamerly:seed=1:restarts=1:iter=20:miniter=0:polish_iter=0:feedback_slots=1:feedback_interval=1:sample_target=16384 -Xoklab -Wgamma --diffusion=none --gpu-policy=off --lookup-policy=none -F none -a off -p 16 '{input}'
smooth-gradient-large,"smooth gradient, large",gradient,scale,900,675,607500,60cf33515fda4e2d045a432c49bd761ee73ff568,macOS-26.5.1-arm64-arm-64bit-Mach-O,images/measurements/palette-pipeline/smooth-gradient-900x675.png,16,full-frame-none,full-frame,none,kmeans:inittype=none:threshold=0.125:binbits=6:mapping=uniform:softdist=trilinear:autoratio=32:feedback=0:prune=hamerly:seed=1:restarts=1:iter=20:miniter=0:polish_iter=0:feedback_slots=1:feedback_interval=1:sample_target=16384,12331,'{img2sixel}' --threads=1 --precision=8bit --quality=full '--loaders=libpng:cms_engine=builtin!' --palette-sampling=full-frame --palette-binning=none --quantize-model=kmeans:inittype=none:threshold=0.125:binbits=6:mapping=uniform:softdist=trilinear:autoratio=32:feedback=0:prune=hamerly:seed=1:restarts=1:iter=20:miniter=0:polish_iter=0:feedback_slots=1:feedback_interval=1:sample_target=16384 -Xoklab -Wgamma --diffusion=none --gpu-policy=off --lookup-policy=none -F none -a off -p 16 '{input}'
smooth-gradient-large,"smooth gradient, large",gradient,scale,900,675,607500,60cf33515fda4e2d045a432c49bd761ee73ff568,macOS-26.5.1-arm64-arm-64bit-Mach-O,images/measurements/palette-pipeline/smooth-gradient-900x675.png,16,full-frame-exact,full-frame,exact,kmeans:inittype=none:threshold=0.125:binbits=6:mapping=uniform:softdist=trilinear:autoratio=32:feedback=0:prune=hamerly:seed=1:restarts=1:iter=20:miniter=0:polish_iter=0:feedback_slots=1:feedback_interval=1:sample_target=16384,12036,'{img2sixel}' --threads=1 --precision=8bit --quality=full '--loaders=libpng:cms_engine=builtin!' --palette-sampling=full-frame --palette-binning=exact --quantize-model=kmeans:inittype=none:threshold=0.125:binbits=6:mapping=uniform:softdist=trilinear:autoratio=32:feedback=0:prune=hamerly:seed=1:restarts=1:iter=20:miniter=0:polish_iter=0:feedback_slots=1:feedback_interval=1:sample_target=16384 -Xoklab -Wgamma --diffusion=none --gpu-policy=off --lookup-policy=none -F none -a off -p 16 '{input}'
smooth-gradient-large,"smooth gradient, large",gradient,scale,900,675,607500,60cf33515fda4e2d045a432c49bd761ee73ff568,macOS-26.5.1-arm64-arm-64bit-Mach-O,images/measurements/palette-pipeline/smooth-gradient-900x675.png,16,full-frame-soft,full-frame,soft,kmeans:inittype=none:threshold=0.125:binbits=6:mapping=uniform:softdist=trilinear:autoratio=32:feedback=0:prune=hamerly:seed=1:restarts=1:iter=20:miniter=0:polish_iter=0:feedback_slots=1:feedback_interval=1:sample_target=16384,12239,'{img2sixel}' --threads=1 --precision=8bit --quality=full '--loaders=libpng:cms_engine=builtin!' --palette-sampling=full-frame --palette-binning=soft --quantize-model=kmeans:inittype=none:threshold=0.125:binbits=6:mapping=uniform:softdist=trilinear:autoratio=32:feedback=0:prune=hamerly:seed=1:restarts=1:iter=20:miniter=0:polish_iter=0:feedback_slots=1:feedback_interval=1:sample_target=16384 -Xoklab -Wgamma --diffusion=none --gpu-policy=off --lookup-policy=none -F none -a off -p 16 '{input}'
smooth-gradient-large,"smooth gradient, large",gradient,scale,900,675,607500,60cf33515fda4e2d045a432c49bd761ee73ff568,macOS-26.5.1-arm64-arm-64bit-Mach-O,images/measurements/palette-pipeline/smooth-gradient-900x675.png,32,full-frame-hard,full-frame,hard,kmeans:inittype=none:threshold=0.125:binbits=6:mapping=uniform:softdist=trilinear:autoratio=32:feedback=0:prune=hamerly:seed=1:restarts=1:iter=20:miniter=0:polish_iter=0:feedback_slots=1:feedback_interval=1:sample_target=16384,18014,'{img2sixel}' --threads=1 --precision=8bit --quality=full '--loaders=libpng:cms_engine=builtin!' --palette-sampling=full-frame --palette-binning=hard --quantize-model=kmeans:inittype=none:threshold=0.125:binbits=6:mapping=uniform:softdist=trilinear:autoratio=32:feedback=0:prune=hamerly:seed=1:restarts=1:iter=20:miniter=0:polish_iter=0:feedback_slots=1:feedback_interval=1:sample_target=16384 -Xoklab -Wgamma --diffusion=none --gpu-policy=off --lookup-policy=none -F none -a off -p 32 '{input}'
smooth-gradient-large,"smooth gradient, large",gradient,scale,900,675,607500,60cf33515fda4e2d045a432c49bd761ee73ff568,macOS-26.5.1-arm64-arm-64bit-Mach-O,images/measurements/palette-pipeline/smooth-gradient-900x675.png,32,adaptive-grid-hard,adaptive-grid,hard,kmeans:inittype=none:threshold=0.125:binbits=6:mapping=uniform:softdist=trilinear:autoratio=32:feedback=0:prune=hamerly:seed=1:restarts=1:iter=20:miniter=0:polish_iter=0:feedback_slots=1:feedback_interval=1:sample_target=16384,18750,'{img2sixel}' --threads=1 --precision=8bit --quality=full '--loaders=libpng:cms_engine=builtin!' --palette-sampling=adaptive-grid --palette-binning=hard --quantize-model=kmeans:inittype=none:threshold=0.125:binbits=6:mapping=uniform:softdist=trilinear:autoratio=32:feedback=0:prune=hamerly:seed=1:restarts=1:iter=20:miniter=0:polish_iter=0:feedback_slots=1:feedback_interval=1:sample_target=16384 -Xoklab -Wgamma --diffusion=none --gpu-policy=off --lookup-policy=none -F none -a off -p 32 '{input}'
smooth-gradient-large,"smooth gradient, large",gradient,scale,900,675,607500,60cf33515fda4e2d045a432c49bd761ee73ff568,macOS-26.5.1-arm64-arm-64bit-Mach-O,images/measurements/palette-pipeline/smooth-gradient-900x675.png,32,full-frame-none,full-frame,none,kmeans:inittype=none:threshold=0.125:binbits=6:mapping=uniform:softdist=trilinear:autoratio=32:feedback=0:prune=hamerly:seed=1:restarts=1:iter=20:miniter=0:polish_iter=0:feedback_slots=1:feedback_interval=1:sample_target=16384,18865,'{img2sixel}' --threads=1 --precision=8bit --quality=full '--loaders=libpng:cms_engine=builtin!' --palette-sampling=full-frame --palette-binning=none --quantize-model=kmeans:inittype=none:threshold=0.125:binbits=6:mapping=uniform:softdist=trilinear:autoratio=32:feedback=0:prune=hamerly:seed=1:restarts=1:iter=20:miniter=0:polish_iter=0:feedback_slots=1:feedback_interval=1:sample_target=16384 -Xoklab -Wgamma --diffusion=none --gpu-policy=off --lookup-policy=none -F none -a off -p 32 '{input}'
smooth-gradient-large,"smooth gradient, large",gradient,scale,900,675,607500,60cf33515fda4e2d045a432c49bd761ee73ff568,macOS-26.5.1-arm64-arm-64bit-Mach-O,images/measurements/palette-pipeline/smooth-gradient-900x675.png,32,full-frame-exact,full-frame,exact,kmeans:inittype=none:threshold=0.125:binbits=6:mapping=uniform:softdist=trilinear:autoratio=32:feedback=0:prune=hamerly:seed=1:restarts=1:iter=20:miniter=0:polish_iter=0:feedback_slots=1:feedback_interval=1:sample_target=16384,18467,'{img2sixel}' --threads=1 --precision=8bit --quality=full '--loaders=libpng:cms_engine=builtin!' --palette-sampling=full-frame --palette-binning=exact --quantize-model=kmeans:inittype=none:threshold=0.125:binbits=6:mapping=uniform:softdist=trilinear:autoratio=32:feedback=0:prune=hamerly:seed=1:restarts=1:iter=20:miniter=0:polish_iter=0:feedback_slots=1:feedback_interval=1:sample_target=16384 -Xoklab -Wgamma --diffusion=none --gpu-policy=off --lookup-policy=none -F none -a off -p 32 '{input}'
smooth-gradient-large,"smooth gradient, large",gradient,scale,900,675,607500,60cf33515fda4e2d045a432c49bd761ee73ff568,macOS-26.5.1-arm64-arm-64bit-Mach-O,images/measurements/palette-pipeline/smooth-gradient-900x675.png,32,full-frame-soft,full-frame,soft,kmeans:inittype=none:threshold=0.125:binbits=6:mapping=uniform:softdist=trilinear:autoratio=32:feedback=0:prune=hamerly:seed=1:restarts=1:iter=20:miniter=0:polish_iter=0:feedback_slots=1:feedback_interval=1:sample_target=16384,18127,'{img2sixel}' --threads=1 --precision=8bit --quality=full '--loaders=libpng:cms_engine=builtin!' --palette-sampling=full-frame --palette-binning=soft --quantize-model=kmeans:inittype=none:threshold=0.125:binbits=6:mapping=uniform:softdist=trilinear:autoratio=32:feedback=0:prune=hamerly:seed=1:restarts=1:iter=20:miniter=0:polish_iter=0:feedback_slots=1:feedback_interval=1:sample_target=16384 -Xoklab -Wgamma --diffusion=none --gpu-policy=off --lookup-policy=none -F none -a off -p 32 '{input}'
smooth-gradient-large,"smooth gradient, large",gradient,scale,900,675,607500,60cf33515fda4e2d045a432c49bd761ee73ff568,macOS-26.5.1-arm64-arm-64bit-Mach-O,images/measurements/palette-pipeline/smooth-gradient-900x675.png,64,full-frame-hard,full-frame,hard,kmeans:inittype=none:threshold=0.125:binbits=6:mapping=uniform:softdist=trilinear:autoratio=32:feedback=0:prune=hamerly:seed=1:restarts=1:iter=20:miniter=0:polish_iter=0:feedback_slots=1:feedback_interval=1:sample_target=16384,26384,'{img2sixel}' --threads=1 --precision=8bit --quality=full '--loaders=libpng:cms_engine=builtin!' --palette-sampling=full-frame --palette-binning=hard --quantize-model=kmeans:inittype=none:threshold=0.125:binbits=6:mapping=uniform:softdist=trilinear:autoratio=32:feedback=0:prune=hamerly:seed=1:restarts=1:iter=20:miniter=0:polish_iter=0:feedback_slots=1:feedback_interval=1:sample_target=16384 -Xoklab -Wgamma --diffusion=none --gpu-policy=off --lookup-policy=none -F none -a off -p 64 '{input}'
smooth-gradient-large,"smooth gradient, large",gradient,scale,900,675,607500,60cf33515fda4e2d045a432c49bd761ee73ff568,macOS-26.5.1-arm64-arm-64bit-Mach-O,images/measurements/palette-pipeline/smooth-gradient-900x675.png,64,adaptive-grid-hard,adaptive-grid,hard,kmeans:inittype=none:threshold=0.125:binbits=6:mapping=uniform:softdist=trilinear:autoratio=32:feedback=0:prune=hamerly:seed=1:restarts=1:iter=20:miniter=0:polish_iter=0:feedback_slots=1:feedback_interval=1:sample_target=16384,26777,'{img2sixel}' --threads=1 --precision=8bit --quality=full '--loaders=libpng:cms_engine=builtin!' --palette-sampling=adaptive-grid --palette-binning=hard --quantize-model=kmeans:inittype=none:threshold=0.125:binbits=6:mapping=uniform:softdist=trilinear:autoratio=32:feedback=0:prune=hamerly:seed=1:restarts=1:iter=20:miniter=0:polish_iter=0:feedback_slots=1:feedback_interval=1:sample_target=16384 -Xoklab -Wgamma --diffusion=none --gpu-policy=off --lookup-policy=none -F none -a off -p 64 '{input}'
smooth-gradient-large,"smooth gradient, large",gradient,scale,900,675,607500,60cf33515fda4e2d045a432c49bd761ee73ff568,macOS-26.5.1-arm64-arm-64bit-Mach-O,images/measurements/palette-pipeline/smooth-gradient-900x675.png,64,full-frame-none,full-frame,none,kmeans:inittype=none:threshold=0.125:binbits=6:mapping=uniform:softdist=trilinear:autoratio=32:feedback=0:prune=hamerly:seed=1:restarts=1:iter=20:miniter=0:polish_iter=0:feedback_slots=1:feedback_interval=1:sample_target=16384,27503,'{img2sixel}' --threads=1 --precision=8bit --quality=full '--loaders=libpng:cms_engine=builtin!' --palette-sampling=full-frame --palette-binning=none --quantize-model=kmeans:inittype=none:threshold=0.125:binbits=6:mapping=uniform:softdist=trilinear:autoratio=32:feedback=0:prune=hamerly:seed=1:restarts=1:iter=20:miniter=0:polish_iter=0:feedback_slots=1:feedback_interval=1:sample_target=16384 -Xoklab -Wgamma --diffusion=none --gpu-policy=off --lookup-policy=none -F none -a off -p 64 '{input}'
smooth-gradient-large,"smooth gradient, large",gradient,scale,900,675,607500,60cf33515fda4e2d045a432c49bd761ee73ff568,macOS-26.5.1-arm64-arm-64bit-Mach-O,images/measurements/palette-pipeline/smooth-gradient-900x675.png,64,full-frame-exact,full-frame,exact,kmeans:inittype=none:threshold=0.125:binbits=6:mapping=uniform:softdist=trilinear:autoratio=32:feedback=0:prune=hamerly:seed=1:restarts=1:iter=20:miniter=0:polish_iter=0:feedback_slots=1:feedback_interval=1:sample_target=16384,26689,'{img2sixel}' --threads=1 --precision=8bit --quality=full '--loaders=libpng:cms_engine=builtin!' --palette-sampling=full-frame --palette-binning=exact --quantize-model=kmeans:inittype=none:threshold=0.125:binbits=6:mapping=uniform:softdist=trilinear:autoratio=32:feedback=0:prune=hamerly:seed=1:restarts=1:iter=20:miniter=0:polish_iter=0:feedback_slots=1:feedback_interval=1:sample_target=16384 -Xoklab -Wgamma --diffusion=none --gpu-policy=off --lookup-policy=none -F none -a off -p 64 '{input}'
smooth-gradient-large,"smooth gradient, large",gradient,scale,900,675,607500,60cf33515fda4e2d045a432c49bd761ee73ff568,macOS-26.5.1-arm64-arm-64bit-Mach-O,images/measurements/palette-pipeline/smooth-gradient-900x675.png,64,full-frame-soft,full-frame,soft,kmeans:inittype=none:threshold=0.125:binbits=6:mapping=uniform:softdist=trilinear:autoratio=32:feedback=0:prune=hamerly:seed=1:restarts=1:iter=20:miniter=0:polish_iter=0:feedback_slots=1:feedback_interval=1:sample_target=16384,27243,'{img2sixel}' --threads=1 --precision=8bit --quality=full '--loaders=libpng:cms_engine=builtin!' --palette-sampling=full-frame --palette-binning=soft --quantize-model=kmeans:inittype=none:threshold=0.125:binbits=6:mapping=uniform:softdist=trilinear:autoratio=32:feedback=0:prune=hamerly:seed=1:restarts=1:iter=20:miniter=0:polish_iter=0:feedback_slots=1:feedback_interval=1:sample_target=16384 -Xoklab -Wgamma --diffusion=none --gpu-policy=off --lookup-policy=none -F none -a off -p 64 '{input}'
smooth-gradient-large,"smooth gradient, large",gradient,scale,900,675,607500,60cf33515fda4e2d045a432c49bd761ee73ff568,macOS-26.5.1-arm64-arm-64bit-Mach-O,images/measurements/palette-pipeline/smooth-gradient-900x675.png,128,full-frame-hard,full-frame,hard,kmeans:inittype=none:threshold=0.125:binbits=6:mapping=uniform:softdist=trilinear:autoratio=32:feedback=0:prune=hamerly:seed=1:restarts=1:iter=20:miniter=0:polish_iter=0:feedback_slots=1:feedback_interval=1:sample_target=16384,38060,'{img2sixel}' --threads=1 --precision=8bit --quality=full '--loaders=libpng:cms_engine=builtin!' --palette-sampling=full-frame --palette-binning=hard --quantize-model=kmeans:inittype=none:threshold=0.125:binbits=6:mapping=uniform:softdist=trilinear:autoratio=32:feedback=0:prune=hamerly:seed=1:restarts=1:iter=20:miniter=0:polish_iter=0:feedback_slots=1:feedback_interval=1:sample_target=16384 -Xoklab -Wgamma --diffusion=none --gpu-policy=off --lookup-policy=none -F none -a off -p 128 '{input}'
smooth-gradient-large,"smooth gradient, large",gradient,scale,900,675,607500,60cf33515fda4e2d045a432c49bd761ee73ff568,macOS-26.5.1-arm64-arm-64bit-Mach-O,images/measurements/palette-pipeline/smooth-gradient-900x675.png,128,adaptive-grid-hard,adaptive-grid,hard,kmeans:inittype=none:threshold=0.125:binbits=6:mapping=uniform:softdist=trilinear:autoratio=32:feedback=0:prune=hamerly:seed=1:restarts=1:iter=20:miniter=0:polish_iter=0:feedback_slots=1:feedback_interval=1:sample_target=16384,38670,'{img2sixel}' --threads=1 --precision=8bit --quality=full '--loaders=libpng:cms_engine=builtin!' --palette-sampling=adaptive-grid --palette-binning=hard --quantize-model=kmeans:inittype=none:threshold=0.125:binbits=6:mapping=uniform:softdist=trilinear:autoratio=32:feedback=0:prune=hamerly:seed=1:restarts=1:iter=20:miniter=0:polish_iter=0:feedback_slots=1:feedback_interval=1:sample_target=16384 -Xoklab -Wgamma --diffusion=none --gpu-policy=off --lookup-policy=none -F none -a off -p 128 '{input}'
smooth-gradient-large,"smooth gradient, large",gradient,scale,900,675,607500,60cf33515fda4e2d045a432c49bd761ee73ff568,macOS-26.5.1-arm64-arm-64bit-Mach-O,images/measurements/palette-pipeline/smooth-gradient-900x675.png,128,full-frame-none,full-frame,none,kmeans:inittype=none:threshold=0.125:binbits=6:mapping=uniform:softdist=trilinear:autoratio=32:feedback=0:prune=hamerly:seed=1:restarts=1:iter=20:miniter=0:polish_iter=0:feedback_slots=1:feedback_interval=1:sample_target=16384,39586,'{img2sixel}' --threads=1 --precision=8bit --quality=full '--loaders=libpng:cms_engine=builtin!' --palette-sampling=full-frame --palette-binning=none --quantize-model=kmeans:inittype=none:threshold=0.125:binbits=6:mapping=uniform:softdist=trilinear:autoratio=32:feedback=0:prune=hamerly:seed=1:restarts=1:iter=20:miniter=0:polish_iter=0:feedback_slots=1:feedback_interval=1:sample_target=16384 -Xoklab -Wgamma --diffusion=none --gpu-policy=off --lookup-policy=none -F none -a off -p 128 '{input}'
smooth-gradient-large,"smooth gradient, large",gradient,scale,900,675,607500,60cf33515fda4e2d045a432c49bd761ee73ff568,macOS-26.5.1-arm64-arm-64bit-Mach-O,images/measurements/palette-pipeline/smooth-gradient-900x675.png,128,full-frame-exact,full-frame,exact,kmeans:inittype=none:threshold=0.125:binbits=6:mapping=uniform:softdist=trilinear:autoratio=32:feedback=0:prune=hamerly:seed=1:restarts=1:iter=20:miniter=0:polish_iter=0:feedback_slots=1:feedback_interval=1:sample_target=16384,39234,'{img2sixel}' --threads=1 --precision=8bit --quality=full '--loaders=libpng:cms_engine=builtin!' --palette-sampling=full-frame --palette-binning=exact --quantize-model=kmeans:inittype=none:threshold=0.125:binbits=6:mapping=uniform:softdist=trilinear:autoratio=32:feedback=0:prune=hamerly:seed=1:restarts=1:iter=20:miniter=0:polish_iter=0:feedback_slots=1:feedback_interval=1:sample_target=16384 -Xoklab -Wgamma --diffusion=none --gpu-policy=off --lookup-policy=none -F none -a off -p 128 '{input}'
smooth-gradient-large,"smooth gradient, large",gradient,scale,900,675,607500,60cf33515fda4e2d045a432c49bd761ee73ff568,macOS-26.5.1-arm64-arm-64bit-Mach-O,images/measurements/palette-pipeline/smooth-gradient-900x675.png,128,full-frame-soft,full-frame,soft,kmeans:inittype=none:threshold=0.125:binbits=6:mapping=uniform:softdist=trilinear:autoratio=32:feedback=0:prune=hamerly:seed=1:restarts=1:iter=20:miniter=0:polish_iter=0:feedback_slots=1:feedback_interval=1:sample_target=16384,39107,'{img2sixel}' --threads=1 --precision=8bit --quality=full '--loaders=libpng:cms_engine=builtin!' --palette-sampling=full-frame --palette-binning=soft --quantize-model=kmeans:inittype=none:threshold=0.125:binbits=6:mapping=uniform:softdist=trilinear:autoratio=32:feedback=0:prune=hamerly:seed=1:restarts=1:iter=20:miniter=0:polish_iter=0:feedback_slots=1:feedback_interval=1:sample_target=16384 -Xoklab -Wgamma --diffusion=none --gpu-policy=off --lookup-policy=none -F none -a off -p 128 '{input}'
smooth-gradient-large,"smooth gradient, large",gradient,scale,900,675,607500,60cf33515fda4e2d045a432c49bd761ee73ff568,macOS-26.5.1-arm64-arm-64bit-Mach-O,images/measurements/palette-pipeline/smooth-gradient-900x675.png,256,full-frame-hard,full-frame,hard,kmeans:inittype=none:threshold=0.125:binbits=6:mapping=uniform:softdist=trilinear:autoratio=32:feedback=0:prune=hamerly:seed=1:restarts=1:iter=20:miniter=0:polish_iter=0:feedback_slots=1:feedback_interval=1:sample_target=16384,56411,'{img2sixel}' --threads=1 --precision=8bit --quality=full '--loaders=libpng:cms_engine=builtin!' --palette-sampling=full-frame --palette-binning=hard --quantize-model=kmeans:inittype=none:threshold=0.125:binbits=6:mapping=uniform:softdist=trilinear:autoratio=32:feedback=0:prune=hamerly:seed=1:restarts=1:iter=20:miniter=0:polish_iter=0:feedback_slots=1:feedback_interval=1:sample_target=16384 -Xoklab -Wgamma --diffusion=none --gpu-policy=off --lookup-policy=none -F none -a off -p 256 '{input}'
smooth-gradient-large,"smooth gradient, large",gradient,scale,900,675,607500,60cf33515fda4e2d045a432c49bd761ee73ff568,macOS-26.5.1-arm64-arm-64bit-Mach-O,images/measurements/palette-pipeline/smooth-gradient-900x675.png,256,adaptive-grid-hard,adaptive-grid,hard,kmeans:inittype=none:threshold=0.125:binbits=6:mapping=uniform:softdist=trilinear:autoratio=32:feedback=0:prune=hamerly:seed=1:restarts=1:iter=20:miniter=0:polish_iter=0:feedback_slots=1:feedback_interval=1:sample_target=16384,56407,'{img2sixel}' --threads=1 --precision=8bit --quality=full '--loaders=libpng:cms_engine=builtin!' --palette-sampling=adaptive-grid --palette-binning=hard --quantize-model=kmeans:inittype=none:threshold=0.125:binbits=6:mapping=uniform:softdist=trilinear:autoratio=32:feedback=0:prune=hamerly:seed=1:restarts=1:iter=20:miniter=0:polish_iter=0:feedback_slots=1:feedback_interval=1:sample_target=16384 -Xoklab -Wgamma --diffusion=none --gpu-policy=off --lookup-policy=none -F none -a off -p 256 '{input}'
smooth-gradient-large,"smooth gradient, large",gradient,scale,900,675,607500,60cf33515fda4e2d045a432c49bd761ee73ff568,macOS-26.5.1-arm64-arm-64bit-Mach-O,images/measurements/palette-pipeline/smooth-gradient-900x675.png,256,full-frame-none,full-frame,none,kmeans:inittype=none:threshold=0.125:binbits=6:mapping=uniform:softdist=trilinear:autoratio=32:feedback=0:prune=hamerly:seed=1:restarts=1:iter=20:miniter=0:polish_iter=0:feedback_slots=1:feedback_interval=1:sample_target=16384,58039,'{img2sixel}' --threads=1 --precision=8bit --quality=full '--loaders=libpng:cms_engine=builtin!' --palette-sampling=full-frame --palette-binning=none --quantize-model=kmeans:inittype=none:threshold=0.125:binbits=6:mapping=uniform:softdist=trilinear:autoratio=32:feedback=0:prune=hamerly:seed=1:restarts=1:iter=20:miniter=0:polish_iter=0:feedback_slots=1:feedback_interval=1:sample_target=16384 -Xoklab -Wgamma --diffusion=none --gpu-policy=off --lookup-policy=none -F none -a off -p 256 '{input}'
smooth-gradient-large,"smooth gradient, large",gradient,scale,900,675,607500,60cf33515fda4e2d045a432c49bd761ee73ff568,macOS-26.5.1-arm64-arm-64bit-Mach-O,images/measurements/palette-pipeline/smooth-gradient-900x675.png,256,full-frame-exact,full-frame,exact,kmeans:inittype=none:threshold=0.125:binbits=6:mapping=uniform:softdist=trilinear:autoratio=32:feedback=0:prune=hamerly:seed=1:restarts=1:iter=20:miniter=0:polish_iter=0:feedback_slots=1:feedback_interval=1:sample_target=16384,57378,'{img2sixel}' --threads=1 --precision=8bit --quality=full '--loaders=libpng:cms_engine=builtin!' --palette-sampling=full-frame --palette-binning=exact --quantize-model=kmeans:inittype=none:threshold=0.125:binbits=6:mapping=uniform:softdist=trilinear:autoratio=32:feedback=0:prune=hamerly:seed=1:restarts=1:iter=20:miniter=0:polish_iter=0:feedback_slots=1:feedback_interval=1:sample_target=16384 -Xoklab -Wgamma --diffusion=none --gpu-policy=off --lookup-policy=none -F none -a off -p 256 '{input}'
smooth-gradient-large,"smooth gradient, large",gradient,scale,900,675,607500,60cf33515fda4e2d045a432c49bd761ee73ff568,macOS-26.5.1-arm64-arm-64bit-Mach-O,images/measurements/palette-pipeline/smooth-gradient-900x675.png,256,full-frame-soft,full-frame,soft,kmeans:inittype=none:threshold=0.125:binbits=6:mapping=uniform:softdist=trilinear:autoratio=32:feedback=0:prune=hamerly:seed=1:restarts=1:iter=20:miniter=0:polish_iter=0:feedback_slots=1:feedback_interval=1:sample_target=16384,57584,'{img2sixel}' --threads=1 --precision=8bit --quality=full '--loaders=libpng:cms_engine=builtin!' --palette-sampling=full-frame --palette-binning=soft --quantize-model=kmeans:inittype=none:threshold=0.125:binbits=6:mapping=uniform:softdist=trilinear:autoratio=32:feedback=0:prune=hamerly:seed=1:restarts=1:iter=20:miniter=0:polish_iter=0:feedback_slots=1:feedback_interval=1:sample_target=16384 -Xoklab -Wgamma --diffusion=none --gpu-policy=off --lookup-policy=none -F none -a off -p 256 '{input}'
rare-colors,sparse rare colors,rare-color,content,600,450,270000,60cf33515fda4e2d045a432c49bd761ee73ff568,macOS-26.5.1-arm64-arm-64bit-Mach-O,images/measurements/palette-pipeline/rare-colors-600x450.png,8,full-frame-hard,full-frame,hard,kmeans:inittype=none:threshold=0.125:binbits=6:mapping=uniform:softdist=trilinear:autoratio=32:feedback=0:prune=hamerly:seed=1:restarts=1:iter=20:miniter=0:polish_iter=0:feedback_slots=1:feedback_interval=1:sample_target=16384,66828,'{img2sixel}' --threads=1 --precision=8bit --quality=full '--loaders=libpng:cms_engine=builtin!' --palette-sampling=full-frame --palette-binning=hard --quantize-model=kmeans:inittype=none:threshold=0.125:binbits=6:mapping=uniform:softdist=trilinear:autoratio=32:feedback=0:prune=hamerly:seed=1:restarts=1:iter=20:miniter=0:polish_iter=0:feedback_slots=1:feedback_interval=1:sample_target=16384 -Xoklab -Wgamma --diffusion=none --gpu-policy=off --lookup-policy=none -F none -a off -p 8 '{input}'
rare-colors,sparse rare colors,rare-color,content,600,450,270000,60cf33515fda4e2d045a432c49bd761ee73ff568,macOS-26.5.1-arm64-arm-64bit-Mach-O,images/measurements/palette-pipeline/rare-colors-600x450.png,8,adaptive-grid-hard,adaptive-grid,hard,kmeans:inittype=none:threshold=0.125:binbits=6:mapping=uniform:softdist=trilinear:autoratio=32:feedback=0:prune=hamerly:seed=1:restarts=1:iter=20:miniter=0:polish_iter=0:feedback_slots=1:feedback_interval=1:sample_target=16384,65462,'{img2sixel}' --threads=1 --precision=8bit --quality=full '--loaders=libpng:cms_engine=builtin!' --palette-sampling=adaptive-grid --palette-binning=hard --quantize-model=kmeans:inittype=none:threshold=0.125:binbits=6:mapping=uniform:softdist=trilinear:autoratio=32:feedback=0:prune=hamerly:seed=1:restarts=1:iter=20:miniter=0:polish_iter=0:feedback_slots=1:feedback_interval=1:sample_target=16384 -Xoklab -Wgamma --diffusion=none --gpu-policy=off --lookup-policy=none -F none -a off -p 8 '{input}'
rare-colors,sparse rare colors,rare-color,content,600,450,270000,60cf33515fda4e2d045a432c49bd761ee73ff568,macOS-26.5.1-arm64-arm-64bit-Mach-O,images/measurements/palette-pipeline/rare-colors-600x450.png,8,full-frame-none,full-frame,none,kmeans:inittype=none:threshold=0.125:binbits=6:mapping=uniform:softdist=trilinear:autoratio=32:feedback=0:prune=hamerly:seed=1:restarts=1:iter=20:miniter=0:polish_iter=0:feedback_slots=1:feedback_interval=1:sample_target=16384,63886,'{img2sixel}' --threads=1 --precision=8bit --quality=full '--loaders=libpng:cms_engine=builtin!' --palette-sampling=full-frame --palette-binning=none --quantize-model=kmeans:inittype=none:threshold=0.125:binbits=6:mapping=uniform:softdist=trilinear:autoratio=32:feedback=0:prune=hamerly:seed=1:restarts=1:iter=20:miniter=0:polish_iter=0:feedback_slots=1:feedback_interval=1:sample_target=16384 -Xoklab -Wgamma --diffusion=none --gpu-policy=off --lookup-policy=none -F none -a off -p 8 '{input}'
rare-colors,sparse rare colors,rare-color,content,600,450,270000,60cf33515fda4e2d045a432c49bd761ee73ff568,macOS-26.5.1-arm64-arm-64bit-Mach-O,images/measurements/palette-pipeline/rare-colors-600x450.png,8,full-frame-exact,full-frame,exact,kmeans:inittype=none:threshold=0.125:binbits=6:mapping=uniform:softdist=trilinear:autoratio=32:feedback=0:prune=hamerly:seed=1:restarts=1:iter=20:miniter=0:polish_iter=0:feedback_slots=1:feedback_interval=1:sample_target=16384,66793,'{img2sixel}' --threads=1 --precision=8bit --quality=full '--loaders=libpng:cms_engine=builtin!' --palette-sampling=full-frame --palette-binning=exact --quantize-model=kmeans:inittype=none:threshold=0.125:binbits=6:mapping=uniform:softdist=trilinear:autoratio=32:feedback=0:prune=hamerly:seed=1:restarts=1:iter=20:miniter=0:polish_iter=0:feedback_slots=1:feedback_interval=1:sample_target=16384 -Xoklab -Wgamma --diffusion=none --gpu-policy=off --lookup-policy=none -F none -a off -p 8 '{input}'
rare-colors,sparse rare colors,rare-color,content,600,450,270000,60cf33515fda4e2d045a432c49bd761ee73ff568,macOS-26.5.1-arm64-arm-64bit-Mach-O,images/measurements/palette-pipeline/rare-colors-600x450.png,8,full-frame-soft,full-frame,soft,kmeans:inittype=none:threshold=0.125:binbits=6:mapping=uniform:softdist=trilinear:autoratio=32:feedback=0:prune=hamerly:seed=1:restarts=1:iter=20:miniter=0:polish_iter=0:feedback_slots=1:feedback_interval=1:sample_target=16384,65328,'{img2sixel}' --threads=1 --precision=8bit --quality=full '--loaders=libpng:cms_engine=builtin!' --palette-sampling=full-frame --palette-binning=soft --quantize-model=kmeans:inittype=none:threshold=0.125:binbits=6:mapping=uniform:softdist=trilinear:autoratio=32:feedback=0:prune=hamerly:seed=1:restarts=1:iter=20:miniter=0:polish_iter=0:feedback_slots=1:feedback_interval=1:sample_target=16384 -Xoklab -Wgamma --diffusion=none --gpu-policy=off --lookup-policy=none -F none -a off -p 8 '{input}'
rare-colors,sparse rare colors,rare-color,content,600,450,270000,60cf33515fda4e2d045a432c49bd761ee73ff568,macOS-26.5.1-arm64-arm-64bit-Mach-O,images/measurements/palette-pipeline/rare-colors-600x450.png,16,full-frame-hard,full-frame,hard,kmeans:inittype=none:threshold=0.125:binbits=6:mapping=uniform:softdist=trilinear:autoratio=32:feedback=0:prune=hamerly:seed=1:restarts=1:iter=20:miniter=0:polish_iter=0:feedback_slots=1:feedback_interval=1:sample_target=16384,72525,'{img2sixel}' --threads=1 --precision=8bit --quality=full '--loaders=libpng:cms_engine=builtin!' --palette-sampling=full-frame --palette-binning=hard --quantize-model=kmeans:inittype=none:threshold=0.125:binbits=6:mapping=uniform:softdist=trilinear:autoratio=32:feedback=0:prune=hamerly:seed=1:restarts=1:iter=20:miniter=0:polish_iter=0:feedback_slots=1:feedback_interval=1:sample_target=16384 -Xoklab -Wgamma --diffusion=none --gpu-policy=off --lookup-policy=none -F none -a off -p 16 '{input}'
rare-colors,sparse rare colors,rare-color,content,600,450,270000,60cf33515fda4e2d045a432c49bd761ee73ff568,macOS-26.5.1-arm64-arm-64bit-Mach-O,images/measurements/palette-pipeline/rare-colors-600x450.png,16,adaptive-grid-hard,adaptive-grid,hard,kmeans:inittype=none:threshold=0.125:binbits=6:mapping=uniform:softdist=trilinear:autoratio=32:feedback=0:prune=hamerly:seed=1:restarts=1:iter=20:miniter=0:polish_iter=0:feedback_slots=1:feedback_interval=1:sample_target=16384,72072,'{img2sixel}' --threads=1 --precision=8bit --quality=full '--loaders=libpng:cms_engine=builtin!' --palette-sampling=adaptive-grid --palette-binning=hard --quantize-model=kmeans:inittype=none:threshold=0.125:binbits=6:mapping=uniform:softdist=trilinear:autoratio=32:feedback=0:prune=hamerly:seed=1:restarts=1:iter=20:miniter=0:polish_iter=0:feedback_slots=1:feedback_interval=1:sample_target=16384 -Xoklab -Wgamma --diffusion=none --gpu-policy=off --lookup-policy=none -F none -a off -p 16 '{input}'
rare-colors,sparse rare colors,rare-color,content,600,450,270000,60cf33515fda4e2d045a432c49bd761ee73ff568,macOS-26.5.1-arm64-arm-64bit-Mach-O,images/measurements/palette-pipeline/rare-colors-600x450.png,16,full-frame-none,full-frame,none,kmeans:inittype=none:threshold=0.125:binbits=6:mapping=uniform:softdist=trilinear:autoratio=32:feedback=0:prune=hamerly:seed=1:restarts=1:iter=20:miniter=0:polish_iter=0:feedback_slots=1:feedback_interval=1:sample_target=16384,73223,'{img2sixel}' --threads=1 --precision=8bit --quality=full '--loaders=libpng:cms_engine=builtin!' --palette-sampling=full-frame --palette-binning=none --quantize-model=kmeans:inittype=none:threshold=0.125:binbits=6:mapping=uniform:softdist=trilinear:autoratio=32:feedback=0:prune=hamerly:seed=1:restarts=1:iter=20:miniter=0:polish_iter=0:feedback_slots=1:feedback_interval=1:sample_target=16384 -Xoklab -Wgamma --diffusion=none --gpu-policy=off --lookup-policy=none -F none -a off -p 16 '{input}'
rare-colors,sparse rare colors,rare-color,content,600,450,270000,60cf33515fda4e2d045a432c49bd761ee73ff568,macOS-26.5.1-arm64-arm-64bit-Mach-O,images/measurements/palette-pipeline/rare-colors-600x450.png,16,full-frame-exact,full-frame,exact,kmeans:inittype=none:threshold=0.125:binbits=6:mapping=uniform:softdist=trilinear:autoratio=32:feedback=0:prune=hamerly:seed=1:restarts=1:iter=20:miniter=0:polish_iter=0:feedback_slots=1:feedback_interval=1:sample_target=16384,72552,'{img2sixel}' --threads=1 --precision=8bit --quality=full '--loaders=libpng:cms_engine=builtin!' --palette-sampling=full-frame --palette-binning=exact --quantize-model=kmeans:inittype=none:threshold=0.125:binbits=6:mapping=uniform:softdist=trilinear:autoratio=32:feedback=0:prune=hamerly:seed=1:restarts=1:iter=20:miniter=0:polish_iter=0:feedback_slots=1:feedback_interval=1:sample_target=16384 -Xoklab -Wgamma --diffusion=none --gpu-policy=off --lookup-policy=none -F none -a off -p 16 '{input}'
rare-colors,sparse rare colors,rare-color,content,600,450,270000,60cf33515fda4e2d045a432c49bd761ee73ff568,macOS-26.5.1-arm64-arm-64bit-Mach-O,images/measurements/palette-pipeline/rare-colors-600x450.png,16,full-frame-soft,full-frame,soft,kmeans:inittype=none:threshold=0.125:binbits=6:mapping=uniform:softdist=trilinear:autoratio=32:feedback=0:prune=hamerly:seed=1:restarts=1:iter=20:miniter=0:polish_iter=0:feedback_slots=1:feedback_interval=1:sample_target=16384,73627,'{img2sixel}' --threads=1 --precision=8bit --quality=full '--loaders=libpng:cms_engine=builtin!' --palette-sampling=full-frame --palette-binning=soft --quantize-model=kmeans:inittype=none:threshold=0.125:binbits=6:mapping=uniform:softdist=trilinear:autoratio=32:feedback=0:prune=hamerly:seed=1:restarts=1:iter=20:miniter=0:polish_iter=0:feedback_slots=1:feedback_interval=1:sample_target=16384 -Xoklab -Wgamma --diffusion=none --gpu-policy=off --lookup-policy=none -F none -a off -p 16 '{input}'
rare-colors,sparse rare colors,rare-color,content,600,450,270000,60cf33515fda4e2d045a432c49bd761ee73ff568,macOS-26.5.1-arm64-arm-64bit-Mach-O,images/measurements/palette-pipeline/rare-colors-600x450.png,32,full-frame-hard,full-frame,hard,kmeans:inittype=none:threshold=0.125:binbits=6:mapping=uniform:softdist=trilinear:autoratio=32:feedback=0:prune=hamerly:seed=1:restarts=1:iter=20:miniter=0:polish_iter=0:feedback_slots=1:feedback_interval=1:sample_target=16384,77984,'{img2sixel}' --threads=1 --precision=8bit --quality=full '--loaders=libpng:cms_engine=builtin!' --palette-sampling=full-frame --palette-binning=hard --quantize-model=kmeans:inittype=none:threshold=0.125:binbits=6:mapping=uniform:softdist=trilinear:autoratio=32:feedback=0:prune=hamerly:seed=1:restarts=1:iter=20:miniter=0:polish_iter=0:feedback_slots=1:feedback_interval=1:sample_target=16384 -Xoklab -Wgamma --diffusion=none --gpu-policy=off --lookup-policy=none -F none -a off -p 32 '{input}'
rare-colors,sparse rare colors,rare-color,content,600,450,270000,60cf33515fda4e2d045a432c49bd761ee73ff568,macOS-26.5.1-arm64-arm-64bit-Mach-O,images/measurements/palette-pipeline/rare-colors-600x450.png,32,adaptive-grid-hard,adaptive-grid,hard,kmeans:inittype=none:threshold=0.125:binbits=6:mapping=uniform:softdist=trilinear:autoratio=32:feedback=0:prune=hamerly:seed=1:restarts=1:iter=20:miniter=0:polish_iter=0:feedback_slots=1:feedback_interval=1:sample_target=16384,77268,'{img2sixel}' --threads=1 --precision=8bit --quality=full '--loaders=libpng:cms_engine=builtin!' --palette-sampling=adaptive-grid --palette-binning=hard --quantize-model=kmeans:inittype=none:threshold=0.125:binbits=6:mapping=uniform:softdist=trilinear:autoratio=32:feedback=0:prune=hamerly:seed=1:restarts=1:iter=20:miniter=0:polish_iter=0:feedback_slots=1:feedback_interval=1:sample_target=16384 -Xoklab -Wgamma --diffusion=none --gpu-policy=off --lookup-policy=none -F none -a off -p 32 '{input}'
rare-colors,sparse rare colors,rare-color,content,600,450,270000,60cf33515fda4e2d045a432c49bd761ee73ff568,macOS-26.5.1-arm64-arm-64bit-Mach-O,images/measurements/palette-pipeline/rare-colors-600x450.png,32,full-frame-none,full-frame,none,kmeans:inittype=none:threshold=0.125:binbits=6:mapping=uniform:softdist=trilinear:autoratio=32:feedback=0:prune=hamerly:seed=1:restarts=1:iter=20:miniter=0:polish_iter=0:feedback_slots=1:feedback_interval=1:sample_target=16384,78148,'{img2sixel}' --threads=1 --precision=8bit --quality=full '--loaders=libpng:cms_engine=builtin!' --palette-sampling=full-frame --palette-binning=none --quantize-model=kmeans:inittype=none:threshold=0.125:binbits=6:mapping=uniform:softdist=trilinear:autoratio=32:feedback=0:prune=hamerly:seed=1:restarts=1:iter=20:miniter=0:polish_iter=0:feedback_slots=1:feedback_interval=1:sample_target=16384 -Xoklab -Wgamma --diffusion=none --gpu-policy=off --lookup-policy=none -F none -a off -p 32 '{input}'
rare-colors,sparse rare colors,rare-color,content,600,450,270000,60cf33515fda4e2d045a432c49bd761ee73ff568,macOS-26.5.1-arm64-arm-64bit-Mach-O,images/measurements/palette-pipeline/rare-colors-600x450.png,32,full-frame-exact,full-frame,exact,kmeans:inittype=none:threshold=0.125:binbits=6:mapping=uniform:softdist=trilinear:autoratio=32:feedback=0:prune=hamerly:seed=1:restarts=1:iter=20:miniter=0:polish_iter=0:feedback_slots=1:feedback_interval=1:sample_target=16384,77938,'{img2sixel}' --threads=1 --precision=8bit --quality=full '--loaders=libpng:cms_engine=builtin!' --palette-sampling=full-frame --palette-binning=exact --quantize-model=kmeans:inittype=none:threshold=0.125:binbits=6:mapping=uniform:softdist=trilinear:autoratio=32:feedback=0:prune=hamerly:seed=1:restarts=1:iter=20:miniter=0:polish_iter=0:feedback_slots=1:feedback_interval=1:sample_target=16384 -Xoklab -Wgamma --diffusion=none --gpu-policy=off --lookup-policy=none -F none -a off -p 32 '{input}'
rare-colors,sparse rare colors,rare-color,content,600,450,270000,60cf33515fda4e2d045a432c49bd761ee73ff568,macOS-26.5.1-arm64-arm-64bit-Mach-O,images/measurements/palette-pipeline/rare-colors-600x450.png,32,full-frame-soft,full-frame,soft,kmeans:inittype=none:threshold=0.125:binbits=6:mapping=uniform:softdist=trilinear:autoratio=32:feedback=0:prune=hamerly:seed=1:restarts=1:iter=20:miniter=0:polish_iter=0:feedback_slots=1:feedback_interval=1:sample_target=16384,78747,'{img2sixel}' --threads=1 --precision=8bit --quality=full '--loaders=libpng:cms_engine=builtin!' --palette-sampling=full-frame --palette-binning=soft --quantize-model=kmeans:inittype=none:threshold=0.125:binbits=6:mapping=uniform:softdist=trilinear:autoratio=32:feedback=0:prune=hamerly:seed=1:restarts=1:iter=20:miniter=0:polish_iter=0:feedback_slots=1:feedback_interval=1:sample_target=16384 -Xoklab -Wgamma --diffusion=none --gpu-policy=off --lookup-policy=none -F none -a off -p 32 '{input}'
rare-colors,sparse rare colors,rare-color,content,600,450,270000,60cf33515fda4e2d045a432c49bd761ee73ff568,macOS-26.5.1-arm64-arm-64bit-Mach-O,images/measurements/palette-pipeline/rare-colors-600x450.png,64,full-frame-hard,full-frame,hard,kmeans:inittype=none:threshold=0.125:binbits=6:mapping=uniform:softdist=trilinear:autoratio=32:feedback=0:prune=hamerly:seed=1:restarts=1:iter=20:miniter=0:polish_iter=0:feedback_slots=1:feedback_interval=1:sample_target=16384,81797,'{img2sixel}' --threads=1 --precision=8bit --quality=full '--loaders=libpng:cms_engine=builtin!' --palette-sampling=full-frame --palette-binning=hard --quantize-model=kmeans:inittype=none:threshold=0.125:binbits=6:mapping=uniform:softdist=trilinear:autoratio=32:feedback=0:prune=hamerly:seed=1:restarts=1:iter=20:miniter=0:polish_iter=0:feedback_slots=1:feedback_interval=1:sample_target=16384 -Xoklab -Wgamma --diffusion=none --gpu-policy=off --lookup-policy=none -F none -a off -p 64 '{input}'
rare-colors,sparse rare colors,rare-color,content,600,450,270000,60cf33515fda4e2d045a432c49bd761ee73ff568,macOS-26.5.1-arm64-arm-64bit-Mach-O,images/measurements/palette-pipeline/rare-colors-600x450.png,64,adaptive-grid-hard,adaptive-grid,hard,kmeans:inittype=none:threshold=0.125:binbits=6:mapping=uniform:softdist=trilinear:autoratio=32:feedback=0:prune=hamerly:seed=1:restarts=1:iter=20:miniter=0:polish_iter=0:feedback_slots=1:feedback_interval=1:sample_target=16384,81372,'{img2sixel}' --threads=1 --precision=8bit --quality=full '--loaders=libpng:cms_engine=builtin!' --palette-sampling=adaptive-grid --palette-binning=hard --quantize-model=kmeans:inittype=none:threshold=0.125:binbits=6:mapping=uniform:softdist=trilinear:autoratio=32:feedback=0:prune=hamerly:seed=1:restarts=1:iter=20:miniter=0:polish_iter=0:feedback_slots=1:feedback_interval=1:sample_target=16384 -Xoklab -Wgamma --diffusion=none --gpu-policy=off --lookup-policy=none -F none -a off -p 64 '{input}'
rare-colors,sparse rare colors,rare-color,content,600,450,270000,60cf33515fda4e2d045a432c49bd761ee73ff568,macOS-26.5.1-arm64-arm-64bit-Mach-O,images/measurements/palette-pipeline/rare-colors-600x450.png,64,full-frame-none,full-frame,none,kmeans:inittype=none:threshold=0.125:binbits=6:mapping=uniform:softdist=trilinear:autoratio=32:feedback=0:prune=hamerly:seed=1:restarts=1:iter=20:miniter=0:polish_iter=0:feedback_slots=1:feedback_interval=1:sample_target=16384,82731,'{img2sixel}' --threads=1 --precision=8bit --quality=full '--loaders=libpng:cms_engine=builtin!' --palette-sampling=full-frame --palette-binning=none --quantize-model=kmeans:inittype=none:threshold=0.125:binbits=6:mapping=uniform:softdist=trilinear:autoratio=32:feedback=0:prune=hamerly:seed=1:restarts=1:iter=20:miniter=0:polish_iter=0:feedback_slots=1:feedback_interval=1:sample_target=16384 -Xoklab -Wgamma --diffusion=none --gpu-policy=off --lookup-policy=none -F none -a off -p 64 '{input}'
rare-colors,sparse rare colors,rare-color,content,600,450,270000,60cf33515fda4e2d045a432c49bd761ee73ff568,macOS-26.5.1-arm64-arm-64bit-Mach-O,images/measurements/palette-pipeline/rare-colors-600x450.png,64,full-frame-exact,full-frame,exact,kmeans:inittype=none:threshold=0.125:binbits=6:mapping=uniform:softdist=trilinear:autoratio=32:feedback=0:prune=hamerly:seed=1:restarts=1:iter=20:miniter=0:polish_iter=0:feedback_slots=1:feedback_interval=1:sample_target=16384,82357,'{img2sixel}' --threads=1 --precision=8bit --quality=full '--loaders=libpng:cms_engine=builtin!' --palette-sampling=full-frame --palette-binning=exact --quantize-model=kmeans:inittype=none:threshold=0.125:binbits=6:mapping=uniform:softdist=trilinear:autoratio=32:feedback=0:prune=hamerly:seed=1:restarts=1:iter=20:miniter=0:polish_iter=0:feedback_slots=1:feedback_interval=1:sample_target=16384 -Xoklab -Wgamma --diffusion=none --gpu-policy=off --lookup-policy=none -F none -a off -p 64 '{input}'
rare-colors,sparse rare colors,rare-color,content,600,450,270000,60cf33515fda4e2d045a432c49bd761ee73ff568,macOS-26.5.1-arm64-arm-64bit-Mach-O,images/measurements/palette-pipeline/rare-colors-600x450.png,64,full-frame-soft,full-frame,soft,kmeans:inittype=none:threshold=0.125:binbits=6:mapping=uniform:softdist=trilinear:autoratio=32:feedback=0:prune=hamerly:seed=1:restarts=1:iter=20:miniter=0:polish_iter=0:feedback_slots=1:feedback_interval=1:sample_target=16384,82054,'{img2sixel}' --threads=1 --precision=8bit --quality=full '--loaders=libpng:cms_engine=builtin!' --palette-sampling=full-frame --palette-binning=soft --quantize-model=kmeans:inittype=none:threshold=0.125:binbits=6:mapping=uniform:softdist=trilinear:autoratio=32:feedback=0:prune=hamerly:seed=1:restarts=1:iter=20:miniter=0:polish_iter=0:feedback_slots=1:feedback_interval=1:sample_target=16384 -Xoklab -Wgamma --diffusion=none --gpu-policy=off --lookup-policy=none -F none -a off -p 64 '{input}'
rare-colors,sparse rare colors,rare-color,content,600,450,270000,60cf33515fda4e2d045a432c49bd761ee73ff568,macOS-26.5.1-arm64-arm-64bit-Mach-O,images/measurements/palette-pipeline/rare-colors-600x450.png,128,full-frame-hard,full-frame,hard,kmeans:inittype=none:threshold=0.125:binbits=6:mapping=uniform:softdist=trilinear:autoratio=32:feedback=0:prune=hamerly:seed=1:restarts=1:iter=20:miniter=0:polish_iter=0:feedback_slots=1:feedback_interval=1:sample_target=16384,88156,'{img2sixel}' --threads=1 --precision=8bit --quality=full '--loaders=libpng:cms_engine=builtin!' --palette-sampling=full-frame --palette-binning=hard --quantize-model=kmeans:inittype=none:threshold=0.125:binbits=6:mapping=uniform:softdist=trilinear:autoratio=32:feedback=0:prune=hamerly:seed=1:restarts=1:iter=20:miniter=0:polish_iter=0:feedback_slots=1:feedback_interval=1:sample_target=16384 -Xoklab -Wgamma --diffusion=none --gpu-policy=off --lookup-policy=none -F none -a off -p 128 '{input}'
rare-colors,sparse rare colors,rare-color,content,600,450,270000,60cf33515fda4e2d045a432c49bd761ee73ff568,macOS-26.5.1-arm64-arm-64bit-Mach-O,images/measurements/palette-pipeline/rare-colors-600x450.png,128,adaptive-grid-hard,adaptive-grid,hard,kmeans:inittype=none:threshold=0.125:binbits=6:mapping=uniform:softdist=trilinear:autoratio=32:feedback=0:prune=hamerly:seed=1:restarts=1:iter=20:miniter=0:polish_iter=0:feedback_slots=1:feedback_interval=1:sample_target=16384,88896,'{img2sixel}' --threads=1 --precision=8bit --quality=full '--loaders=libpng:cms_engine=builtin!' --palette-sampling=adaptive-grid --palette-binning=hard --quantize-model=kmeans:inittype=none:threshold=0.125:binbits=6:mapping=uniform:softdist=trilinear:autoratio=32:feedback=0:prune=hamerly:seed=1:restarts=1:iter=20:miniter=0:polish_iter=0:feedback_slots=1:feedback_interval=1:sample_target=16384 -Xoklab -Wgamma --diffusion=none --gpu-policy=off --lookup-policy=none -F none -a off -p 128 '{input}'
rare-colors,sparse rare colors,rare-color,content,600,450,270000,60cf33515fda4e2d045a432c49bd761ee73ff568,macOS-26.5.1-arm64-arm-64bit-Mach-O,images/measurements/palette-pipeline/rare-colors-600x450.png,128,full-frame-none,full-frame,none,kmeans:inittype=none:threshold=0.125:binbits=6:mapping=uniform:softdist=trilinear:autoratio=32:feedback=0:prune=hamerly:seed=1:restarts=1:iter=20:miniter=0:polish_iter=0:feedback_slots=1:feedback_interval=1:sample_target=16384,88318,'{img2sixel}' --threads=1 --precision=8bit --quality=full '--loaders=libpng:cms_engine=builtin!' --palette-sampling=full-frame --palette-binning=none --quantize-model=kmeans:inittype=none:threshold=0.125:binbits=6:mapping=uniform:softdist=trilinear:autoratio=32:feedback=0:prune=hamerly:seed=1:restarts=1:iter=20:miniter=0:polish_iter=0:feedback_slots=1:feedback_interval=1:sample_target=16384 -Xoklab -Wgamma --diffusion=none --gpu-policy=off --lookup-policy=none -F none -a off -p 128 '{input}'
rare-colors,sparse rare colors,rare-color,content,600,450,270000,60cf33515fda4e2d045a432c49bd761ee73ff568,macOS-26.5.1-arm64-arm-64bit-Mach-O,images/measurements/palette-pipeline/rare-colors-600x450.png,128,full-frame-exact,full-frame,exact,kmeans:inittype=none:threshold=0.125:binbits=6:mapping=uniform:softdist=trilinear:autoratio=32:feedback=0:prune=hamerly:seed=1:restarts=1:iter=20:miniter=0:polish_iter=0:feedback_slots=1:feedback_interval=1:sample_target=16384,87650,'{img2sixel}' --threads=1 --precision=8bit --quality=full '--loaders=libpng:cms_engine=builtin!' --palette-sampling=full-frame --palette-binning=exact --quantize-model=kmeans:inittype=none:threshold=0.125:binbits=6:mapping=uniform:softdist=trilinear:autoratio=32:feedback=0:prune=hamerly:seed=1:restarts=1:iter=20:miniter=0:polish_iter=0:feedback_slots=1:feedback_interval=1:sample_target=16384 -Xoklab -Wgamma --diffusion=none --gpu-policy=off --lookup-policy=none -F none -a off -p 128 '{input}'
rare-colors,sparse rare colors,rare-color,content,600,450,270000,60cf33515fda4e2d045a432c49bd761ee73ff568,macOS-26.5.1-arm64-arm-64bit-Mach-O,images/measurements/palette-pipeline/rare-colors-600x450.png,128,full-frame-soft,full-frame,soft,kmeans:inittype=none:threshold=0.125:binbits=6:mapping=uniform:softdist=trilinear:autoratio=32:feedback=0:prune=hamerly:seed=1:restarts=1:iter=20:miniter=0:polish_iter=0:feedback_slots=1:feedback_interval=1:sample_target=16384,86443,'{img2sixel}' --threads=1 --precision=8bit --quality=full '--loaders=libpng:cms_engine=builtin!' --palette-sampling=full-frame --palette-binning=soft --quantize-model=kmeans:inittype=none:threshold=0.125:binbits=6:mapping=uniform:softdist=trilinear:autoratio=32:feedback=0:prune=hamerly:seed=1:restarts=1:iter=20:miniter=0:polish_iter=0:feedback_slots=1:feedback_interval=1:sample_target=16384 -Xoklab -Wgamma --diffusion=none --gpu-policy=off --lookup-policy=none -F none -a off -p 128 '{input}'
rare-colors,sparse rare colors,rare-color,content,600,450,270000,60cf33515fda4e2d045a432c49bd761ee73ff568,macOS-26.5.1-arm64-arm-64bit-Mach-O,images/measurements/palette-pipeline/rare-colors-600x450.png,256,full-frame-hard,full-frame,hard,kmeans:inittype=none:threshold=0.125:binbits=6:mapping=uniform:softdist=trilinear:autoratio=32:feedback=0:prune=hamerly:seed=1:restarts=1:iter=20:miniter=0:polish_iter=0:feedback_slots=1:feedback_interval=1:sample_target=16384,93100,'{img2sixel}' --threads=1 --precision=8bit --quality=full '--loaders=libpng:cms_engine=builtin!' --palette-sampling=full-frame --palette-binning=hard --quantize-model=kmeans:inittype=none:threshold=0.125:binbits=6:mapping=uniform:softdist=trilinear:autoratio=32:feedback=0:prune=hamerly:seed=1:restarts=1:iter=20:miniter=0:polish_iter=0:feedback_slots=1:feedback_interval=1:sample_target=16384 -Xoklab -Wgamma --diffusion=none --gpu-policy=off --lookup-policy=none -F none -a off -p 256 '{input}'
rare-colors,sparse rare colors,rare-color,content,600,450,270000,60cf33515fda4e2d045a432c49bd761ee73ff568,macOS-26.5.1-arm64-arm-64bit-Mach-O,images/measurements/palette-pipeline/rare-colors-600x450.png,256,adaptive-grid-hard,adaptive-grid,hard,kmeans:inittype=none:threshold=0.125:binbits=6:mapping=uniform:softdist=trilinear:autoratio=32:feedback=0:prune=hamerly:seed=1:restarts=1:iter=20:miniter=0:polish_iter=0:feedback_slots=1:feedback_interval=1:sample_target=16384,94851,'{img2sixel}' --threads=1 --precision=8bit --quality=full '--loaders=libpng:cms_engine=builtin!' --palette-sampling=adaptive-grid --palette-binning=hard --quantize-model=kmeans:inittype=none:threshold=0.125:binbits=6:mapping=uniform:softdist=trilinear:autoratio=32:feedback=0:prune=hamerly:seed=1:restarts=1:iter=20:miniter=0:polish_iter=0:feedback_slots=1:feedback_interval=1:sample_target=16384 -Xoklab -Wgamma --diffusion=none --gpu-policy=off --lookup-policy=none -F none -a off -p 256 '{input}'
rare-colors,sparse rare colors,rare-color,content,600,450,270000,60cf33515fda4e2d045a432c49bd761ee73ff568,macOS-26.5.1-arm64-arm-64bit-Mach-O,images/measurements/palette-pipeline/rare-colors-600x450.png,256,full-frame-none,full-frame,none,kmeans:inittype=none:threshold=0.125:binbits=6:mapping=uniform:softdist=trilinear:autoratio=32:feedback=0:prune=hamerly:seed=1:restarts=1:iter=20:miniter=0:polish_iter=0:feedback_slots=1:feedback_interval=1:sample_target=16384,96179,'{img2sixel}' --threads=1 --precision=8bit --quality=full '--loaders=libpng:cms_engine=builtin!' --palette-sampling=full-frame --palette-binning=none --quantize-model=kmeans:inittype=none:threshold=0.125:binbits=6:mapping=uniform:softdist=trilinear:autoratio=32:feedback=0:prune=hamerly:seed=1:restarts=1:iter=20:miniter=0:polish_iter=0:feedback_slots=1:feedback_interval=1:sample_target=16384 -Xoklab -Wgamma --diffusion=none --gpu-policy=off --lookup-policy=none -F none -a off -p 256 '{input}'
rare-colors,sparse rare colors,rare-color,content,600,450,270000,60cf33515fda4e2d045a432c49bd761ee73ff568,macOS-26.5.1-arm64-arm-64bit-Mach-O,images/measurements/palette-pipeline/rare-colors-600x450.png,256,full-frame-exact,full-frame,exact,kmeans:inittype=none:threshold=0.125:binbits=6:mapping=uniform:softdist=trilinear:autoratio=32:feedback=0:prune=hamerly:seed=1:restarts=1:iter=20:miniter=0:polish_iter=0:feedback_slots=1:feedback_interval=1:sample_target=16384,92618,'{img2sixel}' --threads=1 --precision=8bit --quality=full '--loaders=libpng:cms_engine=builtin!' --palette-sampling=full-frame --palette-binning=exact --quantize-model=kmeans:inittype=none:threshold=0.125:binbits=6:mapping=uniform:softdist=trilinear:autoratio=32:feedback=0:prune=hamerly:seed=1:restarts=1:iter=20:miniter=0:polish_iter=0:feedback_slots=1:feedback_interval=1:sample_target=16384 -Xoklab -Wgamma --diffusion=none --gpu-policy=off --lookup-policy=none -F none -a off -p 256 '{input}'
rare-colors,sparse rare colors,rare-color,content,600,450,270000,60cf33515fda4e2d045a432c49bd761ee73ff568,macOS-26.5.1-arm64-arm-64bit-Mach-O,images/measurements/palette-pipeline/rare-colors-600x450.png,256,full-frame-soft,full-frame,soft,kmeans:inittype=none:threshold=0.125:binbits=6:mapping=uniform:softdist=trilinear:autoratio=32:feedback=0:prune=hamerly:seed=1:restarts=1:iter=20:miniter=0:polish_iter=0:feedback_slots=1:feedback_interval=1:sample_target=16384,91432,'{img2sixel}' --threads=1 --precision=8bit --quality=full '--loaders=libpng:cms_engine=builtin!' --palette-sampling=full-frame --palette-binning=soft --quantize-model=kmeans:inittype=none:threshold=0.125:binbits=6:mapping=uniform:softdist=trilinear:autoratio=32:feedback=0:prune=hamerly:seed=1:restarts=1:iter=20:miniter=0:polish_iter=0:feedback_slots=1:feedback_interval=1:sample_target=16384 -Xoklab -Wgamma --diffusion=none --gpu-policy=off --lookup-policy=none -F none -a off -p 256 '{input}'
a98-gamut,Adobe RGB gamut ramps,broad-gamut,content,600,450,270000,60cf33515fda4e2d045a432c49bd761ee73ff568,macOS-26.5.1-arm64-arm-64bit-Mach-O,images/measurements/palette-pipeline/a98-gamut-600x450.png,8,full-frame-hard,full-frame,hard,kmeans:inittype=none:threshold=0.125:binbits=6:mapping=uniform:softdist=trilinear:autoratio=32:feedback=0:prune=hamerly:seed=1:restarts=1:iter=20:miniter=0:polish_iter=0:feedback_slots=1:feedback_interval=1:sample_target=16384,4641,'{img2sixel}' --threads=1 --precision=8bit --quality=full '--loaders=libpng:cms_engine=builtin!' --palette-sampling=full-frame --palette-binning=hard --quantize-model=kmeans:inittype=none:threshold=0.125:binbits=6:mapping=uniform:softdist=trilinear:autoratio=32:feedback=0:prune=hamerly:seed=1:restarts=1:iter=20:miniter=0:polish_iter=0:feedback_slots=1:feedback_interval=1:sample_target=16384 -Xoklab -Wgamma --diffusion=none --gpu-policy=off --lookup-policy=none -F none -a off -p 8 '{input}'
a98-gamut,Adobe RGB gamut ramps,broad-gamut,content,600,450,270000,60cf33515fda4e2d045a432c49bd761ee73ff568,macOS-26.5.1-arm64-arm-64bit-Mach-O,images/measurements/palette-pipeline/a98-gamut-600x450.png,8,adaptive-grid-hard,adaptive-grid,hard,kmeans:inittype=none:threshold=0.125:binbits=6:mapping=uniform:softdist=trilinear:autoratio=32:feedback=0:prune=hamerly:seed=1:restarts=1:iter=20:miniter=0:polish_iter=0:feedback_slots=1:feedback_interval=1:sample_target=16384,4887,'{img2sixel}' --threads=1 --precision=8bit --quality=full '--loaders=libpng:cms_engine=builtin!' --palette-sampling=adaptive-grid --palette-binning=hard --quantize-model=kmeans:inittype=none:threshold=0.125:binbits=6:mapping=uniform:softdist=trilinear:autoratio=32:feedback=0:prune=hamerly:seed=1:restarts=1:iter=20:miniter=0:polish_iter=0:feedback_slots=1:feedback_interval=1:sample_target=16384 -Xoklab -Wgamma --diffusion=none --gpu-policy=off --lookup-policy=none -F none -a off -p 8 '{input}'
a98-gamut,Adobe RGB gamut ramps,broad-gamut,content,600,450,270000,60cf33515fda4e2d045a432c49bd761ee73ff568,macOS-26.5.1-arm64-arm-64bit-Mach-O,images/measurements/palette-pipeline/a98-gamut-600x450.png,8,full-frame-none,full-frame,none,kmeans:inittype=none:threshold=0.125:binbits=6:mapping=uniform:softdist=trilinear:autoratio=32:feedback=0:prune=hamerly:seed=1:restarts=1:iter=20:miniter=0:polish_iter=0:feedback_slots=1:feedback_interval=1:sample_target=16384,4987,'{img2sixel}' --threads=1 --precision=8bit --quality=full '--loaders=libpng:cms_engine=builtin!' --palette-sampling=full-frame --palette-binning=none --quantize-model=kmeans:inittype=none:threshold=0.125:binbits=6:mapping=uniform:softdist=trilinear:autoratio=32:feedback=0:prune=hamerly:seed=1:restarts=1:iter=20:miniter=0:polish_iter=0:feedback_slots=1:feedback_interval=1:sample_target=16384 -Xoklab -Wgamma --diffusion=none --gpu-policy=off --lookup-policy=none -F none -a off -p 8 '{input}'
a98-gamut,Adobe RGB gamut ramps,broad-gamut,content,600,450,270000,60cf33515fda4e2d045a432c49bd761ee73ff568,macOS-26.5.1-arm64-arm-64bit-Mach-O,images/measurements/palette-pipeline/a98-gamut-600x450.png,8,full-frame-exact,full-frame,exact,kmeans:inittype=none:threshold=0.125:binbits=6:mapping=uniform:softdist=trilinear:autoratio=32:feedback=0:prune=hamerly:seed=1:restarts=1:iter=20:miniter=0:polish_iter=0:feedback_slots=1:feedback_interval=1:sample_target=16384,4953,'{img2sixel}' --threads=1 --precision=8bit --quality=full '--loaders=libpng:cms_engine=builtin!' --palette-sampling=full-frame --palette-binning=exact --quantize-model=kmeans:inittype=none:threshold=0.125:binbits=6:mapping=uniform:softdist=trilinear:autoratio=32:feedback=0:prune=hamerly:seed=1:restarts=1:iter=20:miniter=0:polish_iter=0:feedback_slots=1:feedback_interval=1:sample_target=16384 -Xoklab -Wgamma --diffusion=none --gpu-policy=off --lookup-policy=none -F none -a off -p 8 '{input}'
a98-gamut,Adobe RGB gamut ramps,broad-gamut,content,600,450,270000,60cf33515fda4e2d045a432c49bd761ee73ff568,macOS-26.5.1-arm64-arm-64bit-Mach-O,images/measurements/palette-pipeline/a98-gamut-600x450.png,8,full-frame-soft,full-frame,soft,kmeans:inittype=none:threshold=0.125:binbits=6:mapping=uniform:softdist=trilinear:autoratio=32:feedback=0:prune=hamerly:seed=1:restarts=1:iter=20:miniter=0:polish_iter=0:feedback_slots=1:feedback_interval=1:sample_target=16384,4886,'{img2sixel}' --threads=1 --precision=8bit --quality=full '--loaders=libpng:cms_engine=builtin!' --palette-sampling=full-frame --palette-binning=soft --quantize-model=kmeans:inittype=none:threshold=0.125:binbits=6:mapping=uniform:softdist=trilinear:autoratio=32:feedback=0:prune=hamerly:seed=1:restarts=1:iter=20:miniter=0:polish_iter=0:feedback_slots=1:feedback_interval=1:sample_target=16384 -Xoklab -Wgamma --diffusion=none --gpu-policy=off --lookup-policy=none -F none -a off -p 8 '{input}'
a98-gamut,Adobe RGB gamut ramps,broad-gamut,content,600,450,270000,60cf33515fda4e2d045a432c49bd761ee73ff568,macOS-26.5.1-arm64-arm-64bit-Mach-O,images/measurements/palette-pipeline/a98-gamut-600x450.png,16,full-frame-hard,full-frame,hard,kmeans:inittype=none:threshold=0.125:binbits=6:mapping=uniform:softdist=trilinear:autoratio=32:feedback=0:prune=hamerly:seed=1:restarts=1:iter=20:miniter=0:polish_iter=0:feedback_slots=1:feedback_interval=1:sample_target=16384,7130,'{img2sixel}' --threads=1 --precision=8bit --quality=full '--loaders=libpng:cms_engine=builtin!' --palette-sampling=full-frame --palette-binning=hard --quantize-model=kmeans:inittype=none:threshold=0.125:binbits=6:mapping=uniform:softdist=trilinear:autoratio=32:feedback=0:prune=hamerly:seed=1:restarts=1:iter=20:miniter=0:polish_iter=0:feedback_slots=1:feedback_interval=1:sample_target=16384 -Xoklab -Wgamma --diffusion=none --gpu-policy=off --lookup-policy=none -F none -a off -p 16 '{input}'
a98-gamut,Adobe RGB gamut ramps,broad-gamut,content,600,450,270000,60cf33515fda4e2d045a432c49bd761ee73ff568,macOS-26.5.1-arm64-arm-64bit-Mach-O,images/measurements/palette-pipeline/a98-gamut-600x450.png,16,adaptive-grid-hard,adaptive-grid,hard,kmeans:inittype=none:threshold=0.125:binbits=6:mapping=uniform:softdist=trilinear:autoratio=32:feedback=0:prune=hamerly:seed=1:restarts=1:iter=20:miniter=0:polish_iter=0:feedback_slots=1:feedback_interval=1:sample_target=16384,6979,'{img2sixel}' --threads=1 --precision=8bit --quality=full '--loaders=libpng:cms_engine=builtin!' --palette-sampling=adaptive-grid --palette-binning=hard --quantize-model=kmeans:inittype=none:threshold=0.125:binbits=6:mapping=uniform:softdist=trilinear:autoratio=32:feedback=0:prune=hamerly:seed=1:restarts=1:iter=20:miniter=0:polish_iter=0:feedback_slots=1:feedback_interval=1:sample_target=16384 -Xoklab -Wgamma --diffusion=none --gpu-policy=off --lookup-policy=none -F none -a off -p 16 '{input}'
a98-gamut,Adobe RGB gamut ramps,broad-gamut,content,600,450,270000,60cf33515fda4e2d045a432c49bd761ee73ff568,macOS-26.5.1-arm64-arm-64bit-Mach-O,images/measurements/palette-pipeline/a98-gamut-600x450.png,16,full-frame-none,full-frame,none,kmeans:inittype=none:threshold=0.125:binbits=6:mapping=uniform:softdist=trilinear:autoratio=32:feedback=0:prune=hamerly:seed=1:restarts=1:iter=20:miniter=0:polish_iter=0:feedback_slots=1:feedback_interval=1:sample_target=16384,6869,'{img2sixel}' --threads=1 --precision=8bit --quality=full '--loaders=libpng:cms_engine=builtin!' --palette-sampling=full-frame --palette-binning=none --quantize-model=kmeans:inittype=none:threshold=0.125:binbits=6:mapping=uniform:softdist=trilinear:autoratio=32:feedback=0:prune=hamerly:seed=1:restarts=1:iter=20:miniter=0:polish_iter=0:feedback_slots=1:feedback_interval=1:sample_target=16384 -Xoklab -Wgamma --diffusion=none --gpu-policy=off --lookup-policy=none -F none -a off -p 16 '{input}'
a98-gamut,Adobe RGB gamut ramps,broad-gamut,content,600,450,270000,60cf33515fda4e2d045a432c49bd761ee73ff568,macOS-26.5.1-arm64-arm-64bit-Mach-O,images/measurements/palette-pipeline/a98-gamut-600x450.png,16,full-frame-exact,full-frame,exact,kmeans:inittype=none:threshold=0.125:binbits=6:mapping=uniform:softdist=trilinear:autoratio=32:feedback=0:prune=hamerly:seed=1:restarts=1:iter=20:miniter=0:polish_iter=0:feedback_slots=1:feedback_interval=1:sample_target=16384,6713,'{img2sixel}' --threads=1 --precision=8bit --quality=full '--loaders=libpng:cms_engine=builtin!' --palette-sampling=full-frame --palette-binning=exact --quantize-model=kmeans:inittype=none:threshold=0.125:binbits=6:mapping=uniform:softdist=trilinear:autoratio=32:feedback=0:prune=hamerly:seed=1:restarts=1:iter=20:miniter=0:polish_iter=0:feedback_slots=1:feedback_interval=1:sample_target=16384 -Xoklab -Wgamma --diffusion=none --gpu-policy=off --lookup-policy=none -F none -a off -p 16 '{input}'
a98-gamut,Adobe RGB gamut ramps,broad-gamut,content,600,450,270000,60cf33515fda4e2d045a432c49bd761ee73ff568,macOS-26.5.1-arm64-arm-64bit-Mach-O,images/measurements/palette-pipeline/a98-gamut-600x450.png,16,full-frame-soft,full-frame,soft,kmeans:inittype=none:threshold=0.125:binbits=6:mapping=uniform:softdist=trilinear:autoratio=32:feedback=0:prune=hamerly:seed=1:restarts=1:iter=20:miniter=0:polish_iter=0:feedback_slots=1:feedback_interval=1:sample_target=16384,6675,'{img2sixel}' --threads=1 --precision=8bit --quality=full '--loaders=libpng:cms_engine=builtin!' --palette-sampling=full-frame --palette-binning=soft --quantize-model=kmeans:inittype=none:threshold=0.125:binbits=6:mapping=uniform:softdist=trilinear:autoratio=32:feedback=0:prune=hamerly:seed=1:restarts=1:iter=20:miniter=0:polish_iter=0:feedback_slots=1:feedback_interval=1:sample_target=16384 -Xoklab -Wgamma --diffusion=none --gpu-policy=off --lookup-policy=none -F none -a off -p 16 '{input}'
a98-gamut,Adobe RGB gamut ramps,broad-gamut,content,600,450,270000,60cf33515fda4e2d045a432c49bd761ee73ff568,macOS-26.5.1-arm64-arm-64bit-Mach-O,images/measurements/palette-pipeline/a98-gamut-600x450.png,32,full-frame-hard,full-frame,hard,kmeans:inittype=none:threshold=0.125:binbits=6:mapping=uniform:softdist=trilinear:autoratio=32:feedback=0:prune=hamerly:seed=1:restarts=1:iter=20:miniter=0:polish_iter=0:feedback_slots=1:feedback_interval=1:sample_target=16384,10692,'{img2sixel}' --threads=1 --precision=8bit --quality=full '--loaders=libpng:cms_engine=builtin!' --palette-sampling=full-frame --palette-binning=hard --quantize-model=kmeans:inittype=none:threshold=0.125:binbits=6:mapping=uniform:softdist=trilinear:autoratio=32:feedback=0:prune=hamerly:seed=1:restarts=1:iter=20:miniter=0:polish_iter=0:feedback_slots=1:feedback_interval=1:sample_target=16384 -Xoklab -Wgamma --diffusion=none --gpu-policy=off --lookup-policy=none -F none -a off -p 32 '{input}'
a98-gamut,Adobe RGB gamut ramps,broad-gamut,content,600,450,270000,60cf33515fda4e2d045a432c49bd761ee73ff568,macOS-26.5.1-arm64-arm-64bit-Mach-O,images/measurements/palette-pipeline/a98-gamut-600x450.png,32,adaptive-grid-hard,adaptive-grid,hard,kmeans:inittype=none:threshold=0.125:binbits=6:mapping=uniform:softdist=trilinear:autoratio=32:feedback=0:prune=hamerly:seed=1:restarts=1:iter=20:miniter=0:polish_iter=0:feedback_slots=1:feedback_interval=1:sample_target=16384,10678,'{img2sixel}' --threads=1 --precision=8bit --quality=full '--loaders=libpng:cms_engine=builtin!' --palette-sampling=adaptive-grid --palette-binning=hard --quantize-model=kmeans:inittype=none:threshold=0.125:binbits=6:mapping=uniform:softdist=trilinear:autoratio=32:feedback=0:prune=hamerly:seed=1:restarts=1:iter=20:miniter=0:polish_iter=0:feedback_slots=1:feedback_interval=1:sample_target=16384 -Xoklab -Wgamma --diffusion=none --gpu-policy=off --lookup-policy=none -F none -a off -p 32 '{input}'
a98-gamut,Adobe RGB gamut ramps,broad-gamut,content,600,450,270000,60cf33515fda4e2d045a432c49bd761ee73ff568,macOS-26.5.1-arm64-arm-64bit-Mach-O,images/measurements/palette-pipeline/a98-gamut-600x450.png,32,full-frame-none,full-frame,none,kmeans:inittype=none:threshold=0.125:binbits=6:mapping=uniform:softdist=trilinear:autoratio=32:feedback=0:prune=hamerly:seed=1:restarts=1:iter=20:miniter=0:polish_iter=0:feedback_slots=1:feedback_interval=1:sample_target=16384,11026,'{img2sixel}' --threads=1 --precision=8bit --quality=full '--loaders=libpng:cms_engine=builtin!' --palette-sampling=full-frame --palette-binning=none --quantize-model=kmeans:inittype=none:threshold=0.125:binbits=6:mapping=uniform:softdist=trilinear:autoratio=32:feedback=0:prune=hamerly:seed=1:restarts=1:iter=20:miniter=0:polish_iter=0:feedback_slots=1:feedback_interval=1:sample_target=16384 -Xoklab -Wgamma --diffusion=none --gpu-policy=off --lookup-policy=none -F none -a off -p 32 '{input}'
a98-gamut,Adobe RGB gamut ramps,broad-gamut,content,600,450,270000,60cf33515fda4e2d045a432c49bd761ee73ff568,macOS-26.5.1-arm64-arm-64bit-Mach-O,images/measurements/palette-pipeline/a98-gamut-600x450.png,32,full-frame-exact,full-frame,exact,kmeans:inittype=none:threshold=0.125:binbits=6:mapping=uniform:softdist=trilinear:autoratio=32:feedback=0:prune=hamerly:seed=1:restarts=1:iter=20:miniter=0:polish_iter=0:feedback_slots=1:feedback_interval=1:sample_target=16384,11260,'{img2sixel}' --threads=1 --precision=8bit --quality=full '--loaders=libpng:cms_engine=builtin!' --palette-sampling=full-frame --palette-binning=exact --quantize-model=kmeans:inittype=none:threshold=0.125:binbits=6:mapping=uniform:softdist=trilinear:autoratio=32:feedback=0:prune=hamerly:seed=1:restarts=1:iter=20:miniter=0:polish_iter=0:feedback_slots=1:feedback_interval=1:sample_target=16384 -Xoklab -Wgamma --diffusion=none --gpu-policy=off --lookup-policy=none -F none -a off -p 32 '{input}'
a98-gamut,Adobe RGB gamut ramps,broad-gamut,content,600,450,270000,60cf33515fda4e2d045a432c49bd761ee73ff568,macOS-26.5.1-arm64-arm-64bit-Mach-O,images/measurements/palette-pipeline/a98-gamut-600x450.png,32,full-frame-soft,full-frame,soft,kmeans:inittype=none:threshold=0.125:binbits=6:mapping=uniform:softdist=trilinear:autoratio=32:feedback=0:prune=hamerly:seed=1:restarts=1:iter=20:miniter=0:polish_iter=0:feedback_slots=1:feedback_interval=1:sample_target=16384,10886,'{img2sixel}' --threads=1 --precision=8bit --quality=full '--loaders=libpng:cms_engine=builtin!' --palette-sampling=full-frame --palette-binning=soft --quantize-model=kmeans:inittype=none:threshold=0.125:binbits=6:mapping=uniform:softdist=trilinear:autoratio=32:feedback=0:prune=hamerly:seed=1:restarts=1:iter=20:miniter=0:polish_iter=0:feedback_slots=1:feedback_interval=1:sample_target=16384 -Xoklab -Wgamma --diffusion=none --gpu-policy=off --lookup-policy=none -F none -a off -p 32 '{input}'
a98-gamut,Adobe RGB gamut ramps,broad-gamut,content,600,450,270000,60cf33515fda4e2d045a432c49bd761ee73ff568,macOS-26.5.1-arm64-arm-64bit-Mach-O,images/measurements/palette-pipeline/a98-gamut-600x450.png,64,full-frame-hard,full-frame,hard,kmeans:inittype=none:threshold=0.125:binbits=6:mapping=uniform:softdist=trilinear:autoratio=32:feedback=0:prune=hamerly:seed=1:restarts=1:iter=20:miniter=0:polish_iter=0:feedback_slots=1:feedback_interval=1:sample_target=16384,16406,'{img2sixel}' --threads=1 --precision=8bit --quality=full '--loaders=libpng:cms_engine=builtin!' --palette-sampling=full-frame --palette-binning=hard --quantize-model=kmeans:inittype=none:threshold=0.125:binbits=6:mapping=uniform:softdist=trilinear:autoratio=32:feedback=0:prune=hamerly:seed=1:restarts=1:iter=20:miniter=0:polish_iter=0:feedback_slots=1:feedback_interval=1:sample_target=16384 -Xoklab -Wgamma --diffusion=none --gpu-policy=off --lookup-policy=none -F none -a off -p 64 '{input}'
a98-gamut,Adobe RGB gamut ramps,broad-gamut,content,600,450,270000,60cf33515fda4e2d045a432c49bd761ee73ff568,macOS-26.5.1-arm64-arm-64bit-Mach-O,images/measurements/palette-pipeline/a98-gamut-600x450.png,64,adaptive-grid-hard,adaptive-grid,hard,kmeans:inittype=none:threshold=0.125:binbits=6:mapping=uniform:softdist=trilinear:autoratio=32:feedback=0:prune=hamerly:seed=1:restarts=1:iter=20:miniter=0:polish_iter=0:feedback_slots=1:feedback_interval=1:sample_target=16384,16731,'{img2sixel}' --threads=1 --precision=8bit --quality=full '--loaders=libpng:cms_engine=builtin!' --palette-sampling=adaptive-grid --palette-binning=hard --quantize-model=kmeans:inittype=none:threshold=0.125:binbits=6:mapping=uniform:softdist=trilinear:autoratio=32:feedback=0:prune=hamerly:seed=1:restarts=1:iter=20:miniter=0:polish_iter=0:feedback_slots=1:feedback_interval=1:sample_target=16384 -Xoklab -Wgamma --diffusion=none --gpu-policy=off --lookup-policy=none -F none -a off -p 64 '{input}'
a98-gamut,Adobe RGB gamut ramps,broad-gamut,content,600,450,270000,60cf33515fda4e2d045a432c49bd761ee73ff568,macOS-26.5.1-arm64-arm-64bit-Mach-O,images/measurements/palette-pipeline/a98-gamut-600x450.png,64,full-frame-none,full-frame,none,kmeans:inittype=none:threshold=0.125:binbits=6:mapping=uniform:softdist=trilinear:autoratio=32:feedback=0:prune=hamerly:seed=1:restarts=1:iter=20:miniter=0:polish_iter=0:feedback_slots=1:feedback_interval=1:sample_target=16384,17542,'{img2sixel}' --threads=1 --precision=8bit --quality=full '--loaders=libpng:cms_engine=builtin!' --palette-sampling=full-frame --palette-binning=none --quantize-model=kmeans:inittype=none:threshold=0.125:binbits=6:mapping=uniform:softdist=trilinear:autoratio=32:feedback=0:prune=hamerly:seed=1:restarts=1:iter=20:miniter=0:polish_iter=0:feedback_slots=1:feedback_interval=1:sample_target=16384 -Xoklab -Wgamma --diffusion=none --gpu-policy=off --lookup-policy=none -F none -a off -p 64 '{input}'
a98-gamut,Adobe RGB gamut ramps,broad-gamut,content,600,450,270000,60cf33515fda4e2d045a432c49bd761ee73ff568,macOS-26.5.1-arm64-arm-64bit-Mach-O,images/measurements/palette-pipeline/a98-gamut-600x450.png,64,full-frame-exact,full-frame,exact,kmeans:inittype=none:threshold=0.125:binbits=6:mapping=uniform:softdist=trilinear:autoratio=32:feedback=0:prune=hamerly:seed=1:restarts=1:iter=20:miniter=0:polish_iter=0:feedback_slots=1:feedback_interval=1:sample_target=16384,17783,'{img2sixel}' --threads=1 --precision=8bit --quality=full '--loaders=libpng:cms_engine=builtin!' --palette-sampling=full-frame --palette-binning=exact --quantize-model=kmeans:inittype=none:threshold=0.125:binbits=6:mapping=uniform:softdist=trilinear:autoratio=32:feedback=0:prune=hamerly:seed=1:restarts=1:iter=20:miniter=0:polish_iter=0:feedback_slots=1:feedback_interval=1:sample_target=16384 -Xoklab -Wgamma --diffusion=none --gpu-policy=off --lookup-policy=none -F none -a off -p 64 '{input}'
a98-gamut,Adobe RGB gamut ramps,broad-gamut,content,600,450,270000,60cf33515fda4e2d045a432c49bd761ee73ff568,macOS-26.5.1-arm64-arm-64bit-Mach-O,images/measurements/palette-pipeline/a98-gamut-600x450.png,64,full-frame-soft,full-frame,soft,kmeans:inittype=none:threshold=0.125:binbits=6:mapping=uniform:softdist=trilinear:autoratio=32:feedback=0:prune=hamerly:seed=1:restarts=1:iter=20:miniter=0:polish_iter=0:feedback_slots=1:feedback_interval=1:sample_target=16384,16876,'{img2sixel}' --threads=1 --precision=8bit --quality=full '--loaders=libpng:cms_engine=builtin!' --palette-sampling=full-frame --palette-binning=soft --quantize-model=kmeans:inittype=none:threshold=0.125:binbits=6:mapping=uniform:softdist=trilinear:autoratio=32:feedback=0:prune=hamerly:seed=1:restarts=1:iter=20:miniter=0:polish_iter=0:feedback_slots=1:feedback_interval=1:sample_target=16384 -Xoklab -Wgamma --diffusion=none --gpu-policy=off --lookup-policy=none -F none -a off -p 64 '{input}'
a98-gamut,Adobe RGB gamut ramps,broad-gamut,content,600,450,270000,60cf33515fda4e2d045a432c49bd761ee73ff568,macOS-26.5.1-arm64-arm-64bit-Mach-O,images/measurements/palette-pipeline/a98-gamut-600x450.png,128,full-frame-hard,full-frame,hard,kmeans:inittype=none:threshold=0.125:binbits=6:mapping=uniform:softdist=trilinear:autoratio=32:feedback=0:prune=hamerly:seed=1:restarts=1:iter=20:miniter=0:polish_iter=0:feedback_slots=1:feedback_interval=1:sample_target=16384,24315,'{img2sixel}' --threads=1 --precision=8bit --quality=full '--loaders=libpng:cms_engine=builtin!' --palette-sampling=full-frame --palette-binning=hard --quantize-model=kmeans:inittype=none:threshold=0.125:binbits=6:mapping=uniform:softdist=trilinear:autoratio=32:feedback=0:prune=hamerly:seed=1:restarts=1:iter=20:miniter=0:polish_iter=0:feedback_slots=1:feedback_interval=1:sample_target=16384 -Xoklab -Wgamma --diffusion=none --gpu-policy=off --lookup-policy=none -F none -a off -p 128 '{input}'
a98-gamut,Adobe RGB gamut ramps,broad-gamut,content,600,450,270000,60cf33515fda4e2d045a432c49bd761ee73ff568,macOS-26.5.1-arm64-arm-64bit-Mach-O,images/measurements/palette-pipeline/a98-gamut-600x450.png,128,adaptive-grid-hard,adaptive-grid,hard,kmeans:inittype=none:threshold=0.125:binbits=6:mapping=uniform:softdist=trilinear:autoratio=32:feedback=0:prune=hamerly:seed=1:restarts=1:iter=20:miniter=0:polish_iter=0:feedback_slots=1:feedback_interval=1:sample_target=16384,24843,'{img2sixel}' --threads=1 --precision=8bit --quality=full '--loaders=libpng:cms_engine=builtin!' --palette-sampling=adaptive-grid --palette-binning=hard --quantize-model=kmeans:inittype=none:threshold=0.125:binbits=6:mapping=uniform:softdist=trilinear:autoratio=32:feedback=0:prune=hamerly:seed=1:restarts=1:iter=20:miniter=0:polish_iter=0:feedback_slots=1:feedback_interval=1:sample_target=16384 -Xoklab -Wgamma --diffusion=none --gpu-policy=off --lookup-policy=none -F none -a off -p 128 '{input}'
a98-gamut,Adobe RGB gamut ramps,broad-gamut,content,600,450,270000,60cf33515fda4e2d045a432c49bd761ee73ff568,macOS-26.5.1-arm64-arm-64bit-Mach-O,images/measurements/palette-pipeline/a98-gamut-600x450.png,128,full-frame-none,full-frame,none,kmeans:inittype=none:threshold=0.125:binbits=6:mapping=uniform:softdist=trilinear:autoratio=32:feedback=0:prune=hamerly:seed=1:restarts=1:iter=20:miniter=0:polish_iter=0:feedback_slots=1:feedback_interval=1:sample_target=16384,24681,'{img2sixel}' --threads=1 --precision=8bit --quality=full '--loaders=libpng:cms_engine=builtin!' --palette-sampling=full-frame --palette-binning=none --quantize-model=kmeans:inittype=none:threshold=0.125:binbits=6:mapping=uniform:softdist=trilinear:autoratio=32:feedback=0:prune=hamerly:seed=1:restarts=1:iter=20:miniter=0:polish_iter=0:feedback_slots=1:feedback_interval=1:sample_target=16384 -Xoklab -Wgamma --diffusion=none --gpu-policy=off --lookup-policy=none -F none -a off -p 128 '{input}'
a98-gamut,Adobe RGB gamut ramps,broad-gamut,content,600,450,270000,60cf33515fda4e2d045a432c49bd761ee73ff568,macOS-26.5.1-arm64-arm-64bit-Mach-O,images/measurements/palette-pipeline/a98-gamut-600x450.png,128,full-frame-exact,full-frame,exact,kmeans:inittype=none:threshold=0.125:binbits=6:mapping=uniform:softdist=trilinear:autoratio=32:feedback=0:prune=hamerly:seed=1:restarts=1:iter=20:miniter=0:polish_iter=0:feedback_slots=1:feedback_interval=1:sample_target=16384,24584,'{img2sixel}' --threads=1 --precision=8bit --quality=full '--loaders=libpng:cms_engine=builtin!' --palette-sampling=full-frame --palette-binning=exact --quantize-model=kmeans:inittype=none:threshold=0.125:binbits=6:mapping=uniform:softdist=trilinear:autoratio=32:feedback=0:prune=hamerly:seed=1:restarts=1:iter=20:miniter=0:polish_iter=0:feedback_slots=1:feedback_interval=1:sample_target=16384 -Xoklab -Wgamma --diffusion=none --gpu-policy=off --lookup-policy=none -F none -a off -p 128 '{input}'
a98-gamut,Adobe RGB gamut ramps,broad-gamut,content,600,450,270000,60cf33515fda4e2d045a432c49bd761ee73ff568,macOS-26.5.1-arm64-arm-64bit-Mach-O,images/measurements/palette-pipeline/a98-gamut-600x450.png,128,full-frame-soft,full-frame,soft,kmeans:inittype=none:threshold=0.125:binbits=6:mapping=uniform:softdist=trilinear:autoratio=32:feedback=0:prune=hamerly:seed=1:restarts=1:iter=20:miniter=0:polish_iter=0:feedback_slots=1:feedback_interval=1:sample_target=16384,25314,'{img2sixel}' --threads=1 --precision=8bit --quality=full '--loaders=libpng:cms_engine=builtin!' --palette-sampling=full-frame --palette-binning=soft --quantize-model=kmeans:inittype=none:threshold=0.125:binbits=6:mapping=uniform:softdist=trilinear:autoratio=32:feedback=0:prune=hamerly:seed=1:restarts=1:iter=20:miniter=0:polish_iter=0:feedback_slots=1:feedback_interval=1:sample_target=16384 -Xoklab -Wgamma --diffusion=none --gpu-policy=off --lookup-policy=none -F none -a off -p 128 '{input}'
a98-gamut,Adobe RGB gamut ramps,broad-gamut,content,600,450,270000,60cf33515fda4e2d045a432c49bd761ee73ff568,macOS-26.5.1-arm64-arm-64bit-Mach-O,images/measurements/palette-pipeline/a98-gamut-600x450.png,256,full-frame-hard,full-frame,hard,kmeans:inittype=none:threshold=0.125:binbits=6:mapping=uniform:softdist=trilinear:autoratio=32:feedback=0:prune=hamerly:seed=1:restarts=1:iter=20:miniter=0:polish_iter=0:feedback_slots=1:feedback_interval=1:sample_target=16384,35800,'{img2sixel}' --threads=1 --precision=8bit --quality=full '--loaders=libpng:cms_engine=builtin!' --palette-sampling=full-frame --palette-binning=hard --quantize-model=kmeans:inittype=none:threshold=0.125:binbits=6:mapping=uniform:softdist=trilinear:autoratio=32:feedback=0:prune=hamerly:seed=1:restarts=1:iter=20:miniter=0:polish_iter=0:feedback_slots=1:feedback_interval=1:sample_target=16384 -Xoklab -Wgamma --diffusion=none --gpu-policy=off --lookup-policy=none -F none -a off -p 256 '{input}'
a98-gamut,Adobe RGB gamut ramps,broad-gamut,content,600,450,270000,60cf33515fda4e2d045a432c49bd761ee73ff568,macOS-26.5.1-arm64-arm-64bit-Mach-O,images/measurements/palette-pipeline/a98-gamut-600x450.png,256,adaptive-grid-hard,adaptive-grid,hard,kmeans:inittype=none:threshold=0.125:binbits=6:mapping=uniform:softdist=trilinear:autoratio=32:feedback=0:prune=hamerly:seed=1:restarts=1:iter=20:miniter=0:polish_iter=0:feedback_slots=1:feedback_interval=1:sample_target=16384,35964,'{img2sixel}' --threads=1 --precision=8bit --quality=full '--loaders=libpng:cms_engine=builtin!' --palette-sampling=adaptive-grid --palette-binning=hard --quantize-model=kmeans:inittype=none:threshold=0.125:binbits=6:mapping=uniform:softdist=trilinear:autoratio=32:feedback=0:prune=hamerly:seed=1:restarts=1:iter=20:miniter=0:polish_iter=0:feedback_slots=1:feedback_interval=1:sample_target=16384 -Xoklab -Wgamma --diffusion=none --gpu-policy=off --lookup-policy=none -F none -a off -p 256 '{input}'
a98-gamut,Adobe RGB gamut ramps,broad-gamut,content,600,450,270000,60cf33515fda4e2d045a432c49bd761ee73ff568,macOS-26.5.1-arm64-arm-64bit-Mach-O,images/measurements/palette-pipeline/a98-gamut-600x450.png,256,full-frame-none,full-frame,none,kmeans:inittype=none:threshold=0.125:binbits=6:mapping=uniform:softdist=trilinear:autoratio=32:feedback=0:prune=hamerly:seed=1:restarts=1:iter=20:miniter=0:polish_iter=0:feedback_slots=1:feedback_interval=1:sample_target=16384,35955,'{img2sixel}' --threads=1 --precision=8bit --quality=full '--loaders=libpng:cms_engine=builtin!' --palette-sampling=full-frame --palette-binning=none --quantize-model=kmeans:inittype=none:threshold=0.125:binbits=6:mapping=uniform:softdist=trilinear:autoratio=32:feedback=0:prune=hamerly:seed=1:restarts=1:iter=20:miniter=0:polish_iter=0:feedback_slots=1:feedback_interval=1:sample_target=16384 -Xoklab -Wgamma --diffusion=none --gpu-policy=off --lookup-policy=none -F none -a off -p 256 '{input}'
a98-gamut,Adobe RGB gamut ramps,broad-gamut,content,600,450,270000,60cf33515fda4e2d045a432c49bd761ee73ff568,macOS-26.5.1-arm64-arm-64bit-Mach-O,images/measurements/palette-pipeline/a98-gamut-600x450.png,256,full-frame-exact,full-frame,exact,kmeans:inittype=none:threshold=0.125:binbits=6:mapping=uniform:softdist=trilinear:autoratio=32:feedback=0:prune=hamerly:seed=1:restarts=1:iter=20:miniter=0:polish_iter=0:feedback_slots=1:feedback_interval=1:sample_target=16384,36054,'{img2sixel}' --threads=1 --precision=8bit --quality=full '--loaders=libpng:cms_engine=builtin!' --palette-sampling=full-frame --palette-binning=exact --quantize-model=kmeans:inittype=none:threshold=0.125:binbits=6:mapping=uniform:softdist=trilinear:autoratio=32:feedback=0:prune=hamerly:seed=1:restarts=1:iter=20:miniter=0:polish_iter=0:feedback_slots=1:feedback_interval=1:sample_target=16384 -Xoklab -Wgamma --diffusion=none --gpu-policy=off --lookup-policy=none -F none -a off -p 256 '{input}'
a98-gamut,Adobe RGB gamut ramps,broad-gamut,content,600,450,270000,60cf33515fda4e2d045a432c49bd761ee73ff568,macOS-26.5.1-arm64-arm-64bit-Mach-O,images/measurements/palette-pipeline/a98-gamut-600x450.png,256,full-frame-soft,full-frame,soft,kmeans:inittype=none:threshold=0.125:binbits=6:mapping=uniform:softdist=trilinear:autoratio=32:feedback=0:prune=hamerly:seed=1:restarts=1:iter=20:miniter=0:polish_iter=0:feedback_slots=1:feedback_interval=1:sample_target=16384,35914,'{img2sixel}' --threads=1 --precision=8bit --quality=full '--loaders=libpng:cms_engine=builtin!' --palette-sampling=full-frame --palette-binning=soft --quantize-model=kmeans:inittype=none:threshold=0.125:binbits=6:mapping=uniform:softdist=trilinear:autoratio=32:feedback=0:prune=hamerly:seed=1:restarts=1:iter=20:miniter=0:polish_iter=0:feedback_slots=1:feedback_interval=1:sample_target=16384 -Xoklab -Wgamma --diffusion=none --gpu-policy=off --lookup-policy=none -F none -a off -p 256 '{input}'
