fixture_id,fixture_label,fixture_class,fixture_roles,width,height,pixels,revision,platform,input,colors,config,sampling_policy,binning_policy,quantize_option,MS-SSIM,Delta E00_mean,command,assessment_command
natural-snake,natural photograph,natural,content,600,450,270000,f2c138d8f6aa0a90c89d019f85eaf9bb3efa5edb,macOS-26.5.1-arm64-arm-64bit-Mach-O,images/snake.png,8,full-frame-hard,full-frame,hard,kmeans:inittype=none:threshold=0.125:binbits=6:mapping=uniform:softdist=trilinear:feedback=0:prune=hamerly:seed=1:restarts=1:iter=20:miniter=0:polish_iter=0:feedback_slots=1:feedback_interval=1:sample_target=16384,0.882756,6.192142,'{img2sixel}' --threads=1 --precision=8bit --quality=full '--loaders=libpng:cms_engine=builtin!' --sampling-policy=full-frame --binning-policy=hard --quantize-model=kmeans:inittype=none:threshold=0.125:binbits=6:mapping=uniform:softdist=trilinear:feedback=0:prune=hamerly:seed=1:restarts=1:iter=20:miniter=0:polish_iter=0:feedback_slots=1:feedback_interval=1:sample_target=16384 -Xoklab -Wgamma --diffusion=none --gpu-policy=off --lookup-policy=none -F none -a off -p 8 '{input}',"'{lsqa}' '--loaders=libpng,builtin!' --env SIXEL_LOADER_LIBPNG_CMS_ENGINE=builtin '{input}' -"
natural-snake,natural photograph,natural,content,600,450,270000,f2c138d8f6aa0a90c89d019f85eaf9bb3efa5edb,macOS-26.5.1-arm64-arm-64bit-Mach-O,images/snake.png,8,adaptive-grid-hard,adaptive-grid,hard,kmeans:inittype=none:threshold=0.125:binbits=6:mapping=uniform:softdist=trilinear:feedback=0:prune=hamerly:seed=1:restarts=1:iter=20:miniter=0:polish_iter=0:feedback_slots=1:feedback_interval=1:sample_target=16384,0.911302,6.348664,'{img2sixel}' --threads=1 --precision=8bit --quality=full '--loaders=libpng:cms_engine=builtin!' --sampling-policy=adaptive-grid --binning-policy=hard --quantize-model=kmeans:inittype=none:threshold=0.125:binbits=6:mapping=uniform:softdist=trilinear:feedback=0:prune=hamerly:seed=1:restarts=1:iter=20:miniter=0:polish_iter=0:feedback_slots=1:feedback_interval=1:sample_target=16384 -Xoklab -Wgamma --diffusion=none --gpu-policy=off --lookup-policy=none -F none -a off -p 8 '{input}',"'{lsqa}' '--loaders=libpng,builtin!' --env SIXEL_LOADER_LIBPNG_CMS_ENGINE=builtin '{input}' -"
natural-snake,natural photograph,natural,content,600,450,270000,f2c138d8f6aa0a90c89d019f85eaf9bb3efa5edb,macOS-26.5.1-arm64-arm-64bit-Mach-O,images/snake.png,8,full-frame-none,full-frame,none,kmeans:inittype=none:threshold=0.125:binbits=6:mapping=uniform:softdist=trilinear:feedback=0:prune=hamerly:seed=1:restarts=1:iter=20:miniter=0:polish_iter=0:feedback_slots=1:feedback_interval=1:sample_target=16384,0.908145,6.012885,'{img2sixel}' --threads=1 --precision=8bit --quality=full '--loaders=libpng:cms_engine=builtin!' --sampling-policy=full-frame --binning-policy=none --quantize-model=kmeans:inittype=none:threshold=0.125:binbits=6:mapping=uniform:softdist=trilinear:feedback=0:prune=hamerly:seed=1:restarts=1:iter=20:miniter=0:polish_iter=0:feedback_slots=1:feedback_interval=1:sample_target=16384 -Xoklab -Wgamma --diffusion=none --gpu-policy=off --lookup-policy=none -F none -a off -p 8 '{input}',"'{lsqa}' '--loaders=libpng,builtin!' --env SIXEL_LOADER_LIBPNG_CMS_ENGINE=builtin '{input}' -"
natural-snake,natural photograph,natural,content,600,450,270000,f2c138d8f6aa0a90c89d019f85eaf9bb3efa5edb,macOS-26.5.1-arm64-arm-64bit-Mach-O,images/snake.png,8,full-frame-exact,full-frame,exact,kmeans:inittype=none:threshold=0.125:binbits=6:mapping=uniform:softdist=trilinear:feedback=0:prune=hamerly:seed=1:restarts=1:iter=20:miniter=0:polish_iter=0:feedback_slots=1:feedback_interval=1:sample_target=16384,0.912854,5.836052,'{img2sixel}' --threads=1 --precision=8bit --quality=full '--loaders=libpng:cms_engine=builtin!' --sampling-policy=full-frame --binning-policy=exact --quantize-model=kmeans:inittype=none:threshold=0.125:binbits=6:mapping=uniform:softdist=trilinear:feedback=0:prune=hamerly:seed=1:restarts=1:iter=20:miniter=0:polish_iter=0:feedback_slots=1:feedback_interval=1:sample_target=16384 -Xoklab -Wgamma --diffusion=none --gpu-policy=off --lookup-policy=none -F none -a off -p 8 '{input}',"'{lsqa}' '--loaders=libpng,builtin!' --env SIXEL_LOADER_LIBPNG_CMS_ENGINE=builtin '{input}' -"
natural-snake,natural photograph,natural,content,600,450,270000,f2c138d8f6aa0a90c89d019f85eaf9bb3efa5edb,macOS-26.5.1-arm64-arm-64bit-Mach-O,images/snake.png,8,full-frame-soft,full-frame,soft,kmeans:inittype=none:threshold=0.125:binbits=6:mapping=uniform:softdist=trilinear:feedback=0:prune=hamerly:seed=1:restarts=1:iter=20:miniter=0:polish_iter=0:feedback_slots=1:feedback_interval=1:sample_target=16384,0.883798,6.255308,'{img2sixel}' --threads=1 --precision=8bit --quality=full '--loaders=libpng:cms_engine=builtin!' --sampling-policy=full-frame --binning-policy=soft --quantize-model=kmeans:inittype=none:threshold=0.125:binbits=6:mapping=uniform:softdist=trilinear:feedback=0:prune=hamerly:seed=1:restarts=1:iter=20:miniter=0:polish_iter=0:feedback_slots=1:feedback_interval=1:sample_target=16384 -Xoklab -Wgamma --diffusion=none --gpu-policy=off --lookup-policy=none -F none -a off -p 8 '{input}',"'{lsqa}' '--loaders=libpng,builtin!' --env SIXEL_LOADER_LIBPNG_CMS_ENGINE=builtin '{input}' -"
natural-snake,natural photograph,natural,content,600,450,270000,f2c138d8f6aa0a90c89d019f85eaf9bb3efa5edb,macOS-26.5.1-arm64-arm-64bit-Mach-O,images/snake.png,16,full-frame-hard,full-frame,hard,kmeans:inittype=none:threshold=0.125:binbits=6:mapping=uniform:softdist=trilinear:feedback=0:prune=hamerly:seed=1:restarts=1:iter=20:miniter=0:polish_iter=0:feedback_slots=1:feedback_interval=1:sample_target=16384,0.938607,4.252778,'{img2sixel}' --threads=1 --precision=8bit --quality=full '--loaders=libpng:cms_engine=builtin!' --sampling-policy=full-frame --binning-policy=hard --quantize-model=kmeans:inittype=none:threshold=0.125:binbits=6:mapping=uniform:softdist=trilinear:feedback=0:prune=hamerly:seed=1:restarts=1:iter=20:miniter=0:polish_iter=0:feedback_slots=1:feedback_interval=1:sample_target=16384 -Xoklab -Wgamma --diffusion=none --gpu-policy=off --lookup-policy=none -F none -a off -p 16 '{input}',"'{lsqa}' '--loaders=libpng,builtin!' --env SIXEL_LOADER_LIBPNG_CMS_ENGINE=builtin '{input}' -"
natural-snake,natural photograph,natural,content,600,450,270000,f2c138d8f6aa0a90c89d019f85eaf9bb3efa5edb,macOS-26.5.1-arm64-arm-64bit-Mach-O,images/snake.png,16,adaptive-grid-hard,adaptive-grid,hard,kmeans:inittype=none:threshold=0.125:binbits=6:mapping=uniform:softdist=trilinear:feedback=0:prune=hamerly:seed=1:restarts=1:iter=20:miniter=0:polish_iter=0:feedback_slots=1:feedback_interval=1:sample_target=16384,0.940205,4.36907,'{img2sixel}' --threads=1 --precision=8bit --quality=full '--loaders=libpng:cms_engine=builtin!' --sampling-policy=adaptive-grid --binning-policy=hard --quantize-model=kmeans:inittype=none:threshold=0.125:binbits=6:mapping=uniform:softdist=trilinear:feedback=0:prune=hamerly:seed=1:restarts=1:iter=20:miniter=0:polish_iter=0:feedback_slots=1:feedback_interval=1:sample_target=16384 -Xoklab -Wgamma --diffusion=none --gpu-policy=off --lookup-policy=none -F none -a off -p 16 '{input}',"'{lsqa}' '--loaders=libpng,builtin!' --env SIXEL_LOADER_LIBPNG_CMS_ENGINE=builtin '{input}' -"
natural-snake,natural photograph,natural,content,600,450,270000,f2c138d8f6aa0a90c89d019f85eaf9bb3efa5edb,macOS-26.5.1-arm64-arm-64bit-Mach-O,images/snake.png,16,full-frame-none,full-frame,none,kmeans:inittype=none:threshold=0.125:binbits=6:mapping=uniform:softdist=trilinear:feedback=0:prune=hamerly:seed=1:restarts=1:iter=20:miniter=0:polish_iter=0:feedback_slots=1:feedback_interval=1:sample_target=16384,0.942086,4.578645,'{img2sixel}' --threads=1 --precision=8bit --quality=full '--loaders=libpng:cms_engine=builtin!' --sampling-policy=full-frame --binning-policy=none --quantize-model=kmeans:inittype=none:threshold=0.125:binbits=6:mapping=uniform:softdist=trilinear:feedback=0:prune=hamerly:seed=1:restarts=1:iter=20:miniter=0:polish_iter=0:feedback_slots=1:feedback_interval=1:sample_target=16384 -Xoklab -Wgamma --diffusion=none --gpu-policy=off --lookup-policy=none -F none -a off -p 16 '{input}',"'{lsqa}' '--loaders=libpng,builtin!' --env SIXEL_LOADER_LIBPNG_CMS_ENGINE=builtin '{input}' -"
natural-snake,natural photograph,natural,content,600,450,270000,f2c138d8f6aa0a90c89d019f85eaf9bb3efa5edb,macOS-26.5.1-arm64-arm-64bit-Mach-O,images/snake.png,16,full-frame-exact,full-frame,exact,kmeans:inittype=none:threshold=0.125:binbits=6:mapping=uniform:softdist=trilinear:feedback=0:prune=hamerly:seed=1:restarts=1:iter=20:miniter=0:polish_iter=0:feedback_slots=1:feedback_interval=1:sample_target=16384,0.936247,4.207541,'{img2sixel}' --threads=1 --precision=8bit --quality=full '--loaders=libpng:cms_engine=builtin!' --sampling-policy=full-frame --binning-policy=exact --quantize-model=kmeans:inittype=none:threshold=0.125:binbits=6:mapping=uniform:softdist=trilinear:feedback=0:prune=hamerly:seed=1:restarts=1:iter=20:miniter=0:polish_iter=0:feedback_slots=1:feedback_interval=1:sample_target=16384 -Xoklab -Wgamma --diffusion=none --gpu-policy=off --lookup-policy=none -F none -a off -p 16 '{input}',"'{lsqa}' '--loaders=libpng,builtin!' --env SIXEL_LOADER_LIBPNG_CMS_ENGINE=builtin '{input}' -"
natural-snake,natural photograph,natural,content,600,450,270000,f2c138d8f6aa0a90c89d019f85eaf9bb3efa5edb,macOS-26.5.1-arm64-arm-64bit-Mach-O,images/snake.png,16,full-frame-soft,full-frame,soft,kmeans:inittype=none:threshold=0.125:binbits=6:mapping=uniform:softdist=trilinear:feedback=0:prune=hamerly:seed=1:restarts=1:iter=20:miniter=0:polish_iter=0:feedback_slots=1:feedback_interval=1:sample_target=16384,0.937764,4.208499,'{img2sixel}' --threads=1 --precision=8bit --quality=full '--loaders=libpng:cms_engine=builtin!' --sampling-policy=full-frame --binning-policy=soft --quantize-model=kmeans:inittype=none:threshold=0.125:binbits=6:mapping=uniform:softdist=trilinear:feedback=0:prune=hamerly:seed=1:restarts=1:iter=20:miniter=0:polish_iter=0:feedback_slots=1:feedback_interval=1:sample_target=16384 -Xoklab -Wgamma --diffusion=none --gpu-policy=off --lookup-policy=none -F none -a off -p 16 '{input}',"'{lsqa}' '--loaders=libpng,builtin!' --env SIXEL_LOADER_LIBPNG_CMS_ENGINE=builtin '{input}' -"
natural-snake,natural photograph,natural,content,600,450,270000,f2c138d8f6aa0a90c89d019f85eaf9bb3efa5edb,macOS-26.5.1-arm64-arm-64bit-Mach-O,images/snake.png,32,full-frame-hard,full-frame,hard,kmeans:inittype=none:threshold=0.125:binbits=6:mapping=uniform:softdist=trilinear:feedback=0:prune=hamerly:seed=1:restarts=1:iter=20:miniter=0:polish_iter=0:feedback_slots=1:feedback_interval=1:sample_target=16384,0.958956,3.538803,'{img2sixel}' --threads=1 --precision=8bit --quality=full '--loaders=libpng:cms_engine=builtin!' --sampling-policy=full-frame --binning-policy=hard --quantize-model=kmeans:inittype=none:threshold=0.125:binbits=6:mapping=uniform:softdist=trilinear:feedback=0:prune=hamerly:seed=1:restarts=1:iter=20:miniter=0:polish_iter=0:feedback_slots=1:feedback_interval=1:sample_target=16384 -Xoklab -Wgamma --diffusion=none --gpu-policy=off --lookup-policy=none -F none -a off -p 32 '{input}',"'{lsqa}' '--loaders=libpng,builtin!' --env SIXEL_LOADER_LIBPNG_CMS_ENGINE=builtin '{input}' -"
natural-snake,natural photograph,natural,content,600,450,270000,f2c138d8f6aa0a90c89d019f85eaf9bb3efa5edb,macOS-26.5.1-arm64-arm-64bit-Mach-O,images/snake.png,32,adaptive-grid-hard,adaptive-grid,hard,kmeans:inittype=none:threshold=0.125:binbits=6:mapping=uniform:softdist=trilinear:feedback=0:prune=hamerly:seed=1:restarts=1:iter=20:miniter=0:polish_iter=0:feedback_slots=1:feedback_interval=1:sample_target=16384,0.966472,3.38975,'{img2sixel}' --threads=1 --precision=8bit --quality=full '--loaders=libpng:cms_engine=builtin!' --sampling-policy=adaptive-grid --binning-policy=hard --quantize-model=kmeans:inittype=none:threshold=0.125:binbits=6:mapping=uniform:softdist=trilinear:feedback=0:prune=hamerly:seed=1:restarts=1:iter=20:miniter=0:polish_iter=0:feedback_slots=1:feedback_interval=1:sample_target=16384 -Xoklab -Wgamma --diffusion=none --gpu-policy=off --lookup-policy=none -F none -a off -p 32 '{input}',"'{lsqa}' '--loaders=libpng,builtin!' --env SIXEL_LOADER_LIBPNG_CMS_ENGINE=builtin '{input}' -"
natural-snake,natural photograph,natural,content,600,450,270000,f2c138d8f6aa0a90c89d019f85eaf9bb3efa5edb,macOS-26.5.1-arm64-arm-64bit-Mach-O,images/snake.png,32,full-frame-none,full-frame,none,kmeans:inittype=none:threshold=0.125:binbits=6:mapping=uniform:softdist=trilinear:feedback=0:prune=hamerly:seed=1:restarts=1:iter=20:miniter=0:polish_iter=0:feedback_slots=1:feedback_interval=1:sample_target=16384,0.969276,3.317144,'{img2sixel}' --threads=1 --precision=8bit --quality=full '--loaders=libpng:cms_engine=builtin!' --sampling-policy=full-frame --binning-policy=none --quantize-model=kmeans:inittype=none:threshold=0.125:binbits=6:mapping=uniform:softdist=trilinear:feedback=0:prune=hamerly:seed=1:restarts=1:iter=20:miniter=0:polish_iter=0:feedback_slots=1:feedback_interval=1:sample_target=16384 -Xoklab -Wgamma --diffusion=none --gpu-policy=off --lookup-policy=none -F none -a off -p 32 '{input}',"'{lsqa}' '--loaders=libpng,builtin!' --env SIXEL_LOADER_LIBPNG_CMS_ENGINE=builtin '{input}' -"
natural-snake,natural photograph,natural,content,600,450,270000,f2c138d8f6aa0a90c89d019f85eaf9bb3efa5edb,macOS-26.5.1-arm64-arm-64bit-Mach-O,images/snake.png,32,full-frame-exact,full-frame,exact,kmeans:inittype=none:threshold=0.125:binbits=6:mapping=uniform:softdist=trilinear:feedback=0:prune=hamerly:seed=1:restarts=1:iter=20:miniter=0:polish_iter=0:feedback_slots=1:feedback_interval=1:sample_target=16384,0.967931,3.295374,'{img2sixel}' --threads=1 --precision=8bit --quality=full '--loaders=libpng:cms_engine=builtin!' --sampling-policy=full-frame --binning-policy=exact --quantize-model=kmeans:inittype=none:threshold=0.125:binbits=6:mapping=uniform:softdist=trilinear:feedback=0:prune=hamerly:seed=1:restarts=1:iter=20:miniter=0:polish_iter=0:feedback_slots=1:feedback_interval=1:sample_target=16384 -Xoklab -Wgamma --diffusion=none --gpu-policy=off --lookup-policy=none -F none -a off -p 32 '{input}',"'{lsqa}' '--loaders=libpng,builtin!' --env SIXEL_LOADER_LIBPNG_CMS_ENGINE=builtin '{input}' -"
natural-snake,natural photograph,natural,content,600,450,270000,f2c138d8f6aa0a90c89d019f85eaf9bb3efa5edb,macOS-26.5.1-arm64-arm-64bit-Mach-O,images/snake.png,32,full-frame-soft,full-frame,soft,kmeans:inittype=none:threshold=0.125:binbits=6:mapping=uniform:softdist=trilinear:feedback=0:prune=hamerly:seed=1:restarts=1:iter=20:miniter=0:polish_iter=0:feedback_slots=1:feedback_interval=1:sample_target=16384,0.966162,3.249586,'{img2sixel}' --threads=1 --precision=8bit --quality=full '--loaders=libpng:cms_engine=builtin!' --sampling-policy=full-frame --binning-policy=soft --quantize-model=kmeans:inittype=none:threshold=0.125:binbits=6:mapping=uniform:softdist=trilinear:feedback=0:prune=hamerly:seed=1:restarts=1:iter=20:miniter=0:polish_iter=0:feedback_slots=1:feedback_interval=1:sample_target=16384 -Xoklab -Wgamma --diffusion=none --gpu-policy=off --lookup-policy=none -F none -a off -p 32 '{input}',"'{lsqa}' '--loaders=libpng,builtin!' --env SIXEL_LOADER_LIBPNG_CMS_ENGINE=builtin '{input}' -"
natural-snake,natural photograph,natural,content,600,450,270000,f2c138d8f6aa0a90c89d019f85eaf9bb3efa5edb,macOS-26.5.1-arm64-arm-64bit-Mach-O,images/snake.png,64,full-frame-hard,full-frame,hard,kmeans:inittype=none:threshold=0.125:binbits=6:mapping=uniform:softdist=trilinear:feedback=0:prune=hamerly:seed=1:restarts=1:iter=20:miniter=0:polish_iter=0:feedback_slots=1:feedback_interval=1:sample_target=16384,0.97757,2.913306,'{img2sixel}' --threads=1 --precision=8bit --quality=full '--loaders=libpng:cms_engine=builtin!' --sampling-policy=full-frame --binning-policy=hard --quantize-model=kmeans:inittype=none:threshold=0.125:binbits=6:mapping=uniform:softdist=trilinear:feedback=0:prune=hamerly:seed=1:restarts=1:iter=20:miniter=0:polish_iter=0:feedback_slots=1:feedback_interval=1:sample_target=16384 -Xoklab -Wgamma --diffusion=none --gpu-policy=off --lookup-policy=none -F none -a off -p 64 '{input}',"'{lsqa}' '--loaders=libpng,builtin!' --env SIXEL_LOADER_LIBPNG_CMS_ENGINE=builtin '{input}' -"
natural-snake,natural photograph,natural,content,600,450,270000,f2c138d8f6aa0a90c89d019f85eaf9bb3efa5edb,macOS-26.5.1-arm64-arm-64bit-Mach-O,images/snake.png,64,adaptive-grid-hard,adaptive-grid,hard,kmeans:inittype=none:threshold=0.125:binbits=6:mapping=uniform:softdist=trilinear:feedback=0:prune=hamerly:seed=1:restarts=1:iter=20:miniter=0:polish_iter=0:feedback_slots=1:feedback_interval=1:sample_target=16384,0.979011,2.852191,'{img2sixel}' --threads=1 --precision=8bit --quality=full '--loaders=libpng:cms_engine=builtin!' --sampling-policy=adaptive-grid --binning-policy=hard --quantize-model=kmeans:inittype=none:threshold=0.125:binbits=6:mapping=uniform:softdist=trilinear:feedback=0:prune=hamerly:seed=1:restarts=1:iter=20:miniter=0:polish_iter=0:feedback_slots=1:feedback_interval=1:sample_target=16384 -Xoklab -Wgamma --diffusion=none --gpu-policy=off --lookup-policy=none -F none -a off -p 64 '{input}',"'{lsqa}' '--loaders=libpng,builtin!' --env SIXEL_LOADER_LIBPNG_CMS_ENGINE=builtin '{input}' -"
natural-snake,natural photograph,natural,content,600,450,270000,f2c138d8f6aa0a90c89d019f85eaf9bb3efa5edb,macOS-26.5.1-arm64-arm-64bit-Mach-O,images/snake.png,64,full-frame-none,full-frame,none,kmeans:inittype=none:threshold=0.125:binbits=6:mapping=uniform:softdist=trilinear:feedback=0:prune=hamerly:seed=1:restarts=1:iter=20:miniter=0:polish_iter=0:feedback_slots=1:feedback_interval=1:sample_target=16384,0.980753,2.633492,'{img2sixel}' --threads=1 --precision=8bit --quality=full '--loaders=libpng:cms_engine=builtin!' --sampling-policy=full-frame --binning-policy=none --quantize-model=kmeans:inittype=none:threshold=0.125:binbits=6:mapping=uniform:softdist=trilinear:feedback=0:prune=hamerly:seed=1:restarts=1:iter=20:miniter=0:polish_iter=0:feedback_slots=1:feedback_interval=1:sample_target=16384 -Xoklab -Wgamma --diffusion=none --gpu-policy=off --lookup-policy=none -F none -a off -p 64 '{input}',"'{lsqa}' '--loaders=libpng,builtin!' --env SIXEL_LOADER_LIBPNG_CMS_ENGINE=builtin '{input}' -"
natural-snake,natural photograph,natural,content,600,450,270000,f2c138d8f6aa0a90c89d019f85eaf9bb3efa5edb,macOS-26.5.1-arm64-arm-64bit-Mach-O,images/snake.png,64,full-frame-exact,full-frame,exact,kmeans:inittype=none:threshold=0.125:binbits=6:mapping=uniform:softdist=trilinear:feedback=0:prune=hamerly:seed=1:restarts=1:iter=20:miniter=0:polish_iter=0:feedback_slots=1:feedback_interval=1:sample_target=16384,0.979498,2.678158,'{img2sixel}' --threads=1 --precision=8bit --quality=full '--loaders=libpng:cms_engine=builtin!' --sampling-policy=full-frame --binning-policy=exact --quantize-model=kmeans:inittype=none:threshold=0.125:binbits=6:mapping=uniform:softdist=trilinear:feedback=0:prune=hamerly:seed=1:restarts=1:iter=20:miniter=0:polish_iter=0:feedback_slots=1:feedback_interval=1:sample_target=16384 -Xoklab -Wgamma --diffusion=none --gpu-policy=off --lookup-policy=none -F none -a off -p 64 '{input}',"'{lsqa}' '--loaders=libpng,builtin!' --env SIXEL_LOADER_LIBPNG_CMS_ENGINE=builtin '{input}' -"
natural-snake,natural photograph,natural,content,600,450,270000,f2c138d8f6aa0a90c89d019f85eaf9bb3efa5edb,macOS-26.5.1-arm64-arm-64bit-Mach-O,images/snake.png,64,full-frame-soft,full-frame,soft,kmeans:inittype=none:threshold=0.125:binbits=6:mapping=uniform:softdist=trilinear:feedback=0:prune=hamerly:seed=1:restarts=1:iter=20:miniter=0:polish_iter=0:feedback_slots=1:feedback_interval=1:sample_target=16384,0.977919,2.684183,'{img2sixel}' --threads=1 --precision=8bit --quality=full '--loaders=libpng:cms_engine=builtin!' --sampling-policy=full-frame --binning-policy=soft --quantize-model=kmeans:inittype=none:threshold=0.125:binbits=6:mapping=uniform:softdist=trilinear:feedback=0:prune=hamerly:seed=1:restarts=1:iter=20:miniter=0:polish_iter=0:feedback_slots=1:feedback_interval=1:sample_target=16384 -Xoklab -Wgamma --diffusion=none --gpu-policy=off --lookup-policy=none -F none -a off -p 64 '{input}',"'{lsqa}' '--loaders=libpng,builtin!' --env SIXEL_LOADER_LIBPNG_CMS_ENGINE=builtin '{input}' -"
natural-snake,natural photograph,natural,content,600,450,270000,f2c138d8f6aa0a90c89d019f85eaf9bb3efa5edb,macOS-26.5.1-arm64-arm-64bit-Mach-O,images/snake.png,128,full-frame-hard,full-frame,hard,kmeans:inittype=none:threshold=0.125:binbits=6:mapping=uniform:softdist=trilinear:feedback=0:prune=hamerly:seed=1:restarts=1:iter=20:miniter=0:polish_iter=0:feedback_slots=1:feedback_interval=1:sample_target=16384,0.984194,2.353695,'{img2sixel}' --threads=1 --precision=8bit --quality=full '--loaders=libpng:cms_engine=builtin!' --sampling-policy=full-frame --binning-policy=hard --quantize-model=kmeans:inittype=none:threshold=0.125:binbits=6:mapping=uniform:softdist=trilinear:feedback=0:prune=hamerly:seed=1:restarts=1:iter=20:miniter=0:polish_iter=0:feedback_slots=1:feedback_interval=1:sample_target=16384 -Xoklab -Wgamma --diffusion=none --gpu-policy=off --lookup-policy=none -F none -a off -p 128 '{input}',"'{lsqa}' '--loaders=libpng,builtin!' --env SIXEL_LOADER_LIBPNG_CMS_ENGINE=builtin '{input}' -"
natural-snake,natural photograph,natural,content,600,450,270000,f2c138d8f6aa0a90c89d019f85eaf9bb3efa5edb,macOS-26.5.1-arm64-arm-64bit-Mach-O,images/snake.png,128,adaptive-grid-hard,adaptive-grid,hard,kmeans:inittype=none:threshold=0.125:binbits=6:mapping=uniform:softdist=trilinear:feedback=0:prune=hamerly:seed=1:restarts=1:iter=20:miniter=0:polish_iter=0:feedback_slots=1:feedback_interval=1:sample_target=16384,0.985404,2.377609,'{img2sixel}' --threads=1 --precision=8bit --quality=full '--loaders=libpng:cms_engine=builtin!' --sampling-policy=adaptive-grid --binning-policy=hard --quantize-model=kmeans:inittype=none:threshold=0.125:binbits=6:mapping=uniform:softdist=trilinear:feedback=0:prune=hamerly:seed=1:restarts=1:iter=20:miniter=0:polish_iter=0:feedback_slots=1:feedback_interval=1:sample_target=16384 -Xoklab -Wgamma --diffusion=none --gpu-policy=off --lookup-policy=none -F none -a off -p 128 '{input}',"'{lsqa}' '--loaders=libpng,builtin!' --env SIXEL_LOADER_LIBPNG_CMS_ENGINE=builtin '{input}' -"
natural-snake,natural photograph,natural,content,600,450,270000,f2c138d8f6aa0a90c89d019f85eaf9bb3efa5edb,macOS-26.5.1-arm64-arm-64bit-Mach-O,images/snake.png,128,full-frame-none,full-frame,none,kmeans:inittype=none:threshold=0.125:binbits=6:mapping=uniform:softdist=trilinear:feedback=0:prune=hamerly:seed=1:restarts=1:iter=20:miniter=0:polish_iter=0:feedback_slots=1:feedback_interval=1:sample_target=16384,0.987447,2.262551,'{img2sixel}' --threads=1 --precision=8bit --quality=full '--loaders=libpng:cms_engine=builtin!' --sampling-policy=full-frame --binning-policy=none --quantize-model=kmeans:inittype=none:threshold=0.125:binbits=6:mapping=uniform:softdist=trilinear:feedback=0:prune=hamerly:seed=1:restarts=1:iter=20:miniter=0:polish_iter=0:feedback_slots=1:feedback_interval=1:sample_target=16384 -Xoklab -Wgamma --diffusion=none --gpu-policy=off --lookup-policy=none -F none -a off -p 128 '{input}',"'{lsqa}' '--loaders=libpng,builtin!' --env SIXEL_LOADER_LIBPNG_CMS_ENGINE=builtin '{input}' -"
natural-snake,natural photograph,natural,content,600,450,270000,f2c138d8f6aa0a90c89d019f85eaf9bb3efa5edb,macOS-26.5.1-arm64-arm-64bit-Mach-O,images/snake.png,128,full-frame-exact,full-frame,exact,kmeans:inittype=none:threshold=0.125:binbits=6:mapping=uniform:softdist=trilinear:feedback=0:prune=hamerly:seed=1:restarts=1:iter=20:miniter=0:polish_iter=0:feedback_slots=1:feedback_interval=1:sample_target=16384,0.986321,2.278297,'{img2sixel}' --threads=1 --precision=8bit --quality=full '--loaders=libpng:cms_engine=builtin!' --sampling-policy=full-frame --binning-policy=exact --quantize-model=kmeans:inittype=none:threshold=0.125:binbits=6:mapping=uniform:softdist=trilinear:feedback=0:prune=hamerly:seed=1:restarts=1:iter=20:miniter=0:polish_iter=0:feedback_slots=1:feedback_interval=1:sample_target=16384 -Xoklab -Wgamma --diffusion=none --gpu-policy=off --lookup-policy=none -F none -a off -p 128 '{input}',"'{lsqa}' '--loaders=libpng,builtin!' --env SIXEL_LOADER_LIBPNG_CMS_ENGINE=builtin '{input}' -"
natural-snake,natural photograph,natural,content,600,450,270000,f2c138d8f6aa0a90c89d019f85eaf9bb3efa5edb,macOS-26.5.1-arm64-arm-64bit-Mach-O,images/snake.png,128,full-frame-soft,full-frame,soft,kmeans:inittype=none:threshold=0.125:binbits=6:mapping=uniform:softdist=trilinear:feedback=0:prune=hamerly:seed=1:restarts=1:iter=20:miniter=0:polish_iter=0:feedback_slots=1:feedback_interval=1:sample_target=16384,0.984634,2.325284,'{img2sixel}' --threads=1 --precision=8bit --quality=full '--loaders=libpng:cms_engine=builtin!' --sampling-policy=full-frame --binning-policy=soft --quantize-model=kmeans:inittype=none:threshold=0.125:binbits=6:mapping=uniform:softdist=trilinear:feedback=0:prune=hamerly:seed=1:restarts=1:iter=20:miniter=0:polish_iter=0:feedback_slots=1:feedback_interval=1:sample_target=16384 -Xoklab -Wgamma --diffusion=none --gpu-policy=off --lookup-policy=none -F none -a off -p 128 '{input}',"'{lsqa}' '--loaders=libpng,builtin!' --env SIXEL_LOADER_LIBPNG_CMS_ENGINE=builtin '{input}' -"
natural-snake,natural photograph,natural,content,600,450,270000,f2c138d8f6aa0a90c89d019f85eaf9bb3efa5edb,macOS-26.5.1-arm64-arm-64bit-Mach-O,images/snake.png,256,full-frame-hard,full-frame,hard,kmeans:inittype=none:threshold=0.125:binbits=6:mapping=uniform:softdist=trilinear:feedback=0:prune=hamerly:seed=1:restarts=1:iter=20:miniter=0:polish_iter=0:feedback_slots=1:feedback_interval=1:sample_target=16384,0.988577,1.985225,'{img2sixel}' --threads=1 --precision=8bit --quality=full '--loaders=libpng:cms_engine=builtin!' --sampling-policy=full-frame --binning-policy=hard --quantize-model=kmeans:inittype=none:threshold=0.125:binbits=6:mapping=uniform:softdist=trilinear:feedback=0:prune=hamerly:seed=1:restarts=1:iter=20:miniter=0:polish_iter=0:feedback_slots=1:feedback_interval=1:sample_target=16384 -Xoklab -Wgamma --diffusion=none --gpu-policy=off --lookup-policy=none -F none -a off -p 256 '{input}',"'{lsqa}' '--loaders=libpng,builtin!' --env SIXEL_LOADER_LIBPNG_CMS_ENGINE=builtin '{input}' -"
natural-snake,natural photograph,natural,content,600,450,270000,f2c138d8f6aa0a90c89d019f85eaf9bb3efa5edb,macOS-26.5.1-arm64-arm-64bit-Mach-O,images/snake.png,256,adaptive-grid-hard,adaptive-grid,hard,kmeans:inittype=none:threshold=0.125:binbits=6:mapping=uniform:softdist=trilinear:feedback=0:prune=hamerly:seed=1:restarts=1:iter=20:miniter=0:polish_iter=0:feedback_slots=1:feedback_interval=1:sample_target=16384,0.988406,2.00279,'{img2sixel}' --threads=1 --precision=8bit --quality=full '--loaders=libpng:cms_engine=builtin!' --sampling-policy=adaptive-grid --binning-policy=hard --quantize-model=kmeans:inittype=none:threshold=0.125:binbits=6:mapping=uniform:softdist=trilinear:feedback=0:prune=hamerly:seed=1:restarts=1:iter=20:miniter=0:polish_iter=0:feedback_slots=1:feedback_interval=1:sample_target=16384 -Xoklab -Wgamma --diffusion=none --gpu-policy=off --lookup-policy=none -F none -a off -p 256 '{input}',"'{lsqa}' '--loaders=libpng,builtin!' --env SIXEL_LOADER_LIBPNG_CMS_ENGINE=builtin '{input}' -"
natural-snake,natural photograph,natural,content,600,450,270000,f2c138d8f6aa0a90c89d019f85eaf9bb3efa5edb,macOS-26.5.1-arm64-arm-64bit-Mach-O,images/snake.png,256,full-frame-none,full-frame,none,kmeans:inittype=none:threshold=0.125:binbits=6:mapping=uniform:softdist=trilinear:feedback=0:prune=hamerly:seed=1:restarts=1:iter=20:miniter=0:polish_iter=0:feedback_slots=1:feedback_interval=1:sample_target=16384,0.991196,1.832315,'{img2sixel}' --threads=1 --precision=8bit --quality=full '--loaders=libpng:cms_engine=builtin!' --sampling-policy=full-frame --binning-policy=none --quantize-model=kmeans:inittype=none:threshold=0.125:binbits=6:mapping=uniform:softdist=trilinear:feedback=0:prune=hamerly:seed=1:restarts=1:iter=20:miniter=0:polish_iter=0:feedback_slots=1:feedback_interval=1:sample_target=16384 -Xoklab -Wgamma --diffusion=none --gpu-policy=off --lookup-policy=none -F none -a off -p 256 '{input}',"'{lsqa}' '--loaders=libpng,builtin!' --env SIXEL_LOADER_LIBPNG_CMS_ENGINE=builtin '{input}' -"
natural-snake,natural photograph,natural,content,600,450,270000,f2c138d8f6aa0a90c89d019f85eaf9bb3efa5edb,macOS-26.5.1-arm64-arm-64bit-Mach-O,images/snake.png,256,full-frame-exact,full-frame,exact,kmeans:inittype=none:threshold=0.125:binbits=6:mapping=uniform:softdist=trilinear:feedback=0:prune=hamerly:seed=1:restarts=1:iter=20:miniter=0:polish_iter=0:feedback_slots=1:feedback_interval=1:sample_target=16384,0.991618,1.889332,'{img2sixel}' --threads=1 --precision=8bit --quality=full '--loaders=libpng:cms_engine=builtin!' --sampling-policy=full-frame --binning-policy=exact --quantize-model=kmeans:inittype=none:threshold=0.125:binbits=6:mapping=uniform:softdist=trilinear:feedback=0:prune=hamerly:seed=1:restarts=1:iter=20:miniter=0:polish_iter=0:feedback_slots=1:feedback_interval=1:sample_target=16384 -Xoklab -Wgamma --diffusion=none --gpu-policy=off --lookup-policy=none -F none -a off -p 256 '{input}',"'{lsqa}' '--loaders=libpng,builtin!' --env SIXEL_LOADER_LIBPNG_CMS_ENGINE=builtin '{input}' -"
natural-snake,natural photograph,natural,content,600,450,270000,f2c138d8f6aa0a90c89d019f85eaf9bb3efa5edb,macOS-26.5.1-arm64-arm-64bit-Mach-O,images/snake.png,256,full-frame-soft,full-frame,soft,kmeans:inittype=none:threshold=0.125:binbits=6:mapping=uniform:softdist=trilinear:feedback=0:prune=hamerly:seed=1:restarts=1:iter=20:miniter=0:polish_iter=0:feedback_slots=1:feedback_interval=1:sample_target=16384,0.988897,1.974879,'{img2sixel}' --threads=1 --precision=8bit --quality=full '--loaders=libpng:cms_engine=builtin!' --sampling-policy=full-frame --binning-policy=soft --quantize-model=kmeans:inittype=none:threshold=0.125:binbits=6:mapping=uniform:softdist=trilinear:feedback=0:prune=hamerly:seed=1:restarts=1:iter=20:miniter=0:polish_iter=0:feedback_slots=1:feedback_interval=1:sample_target=16384 -Xoklab -Wgamma --diffusion=none --gpu-policy=off --lookup-policy=none -F none -a off -p 256 '{input}',"'{lsqa}' '--loaders=libpng,builtin!' --env SIXEL_LOADER_LIBPNG_CMS_ENGINE=builtin '{input}' -"
flat-artwork,flat artwork,flat-artwork,content,582,746,434172,f2c138d8f6aa0a90c89d019f85eaf9bb3efa5edb,macOS-26.5.1-arm64-arm-64bit-Mach-O,images/vimperator3.png,8,full-frame-hard,full-frame,hard,kmeans:inittype=none:threshold=0.125:binbits=6:mapping=uniform:softdist=trilinear:feedback=0:prune=hamerly:seed=1:restarts=1:iter=20:miniter=0:polish_iter=0:feedback_slots=1:feedback_interval=1:sample_target=16384,0.990615,2.447095,'{img2sixel}' --threads=1 --precision=8bit --quality=full '--loaders=libpng:cms_engine=builtin!' --sampling-policy=full-frame --binning-policy=hard --quantize-model=kmeans:inittype=none:threshold=0.125:binbits=6:mapping=uniform:softdist=trilinear:feedback=0:prune=hamerly:seed=1:restarts=1:iter=20:miniter=0:polish_iter=0:feedback_slots=1:feedback_interval=1:sample_target=16384 -Xoklab -Wgamma --diffusion=none --gpu-policy=off --lookup-policy=none -F none -a off -p 8 '{input}',"'{lsqa}' '--loaders=libpng,builtin!' --env SIXEL_LOADER_LIBPNG_CMS_ENGINE=builtin '{input}' -"
flat-artwork,flat artwork,flat-artwork,content,582,746,434172,f2c138d8f6aa0a90c89d019f85eaf9bb3efa5edb,macOS-26.5.1-arm64-arm-64bit-Mach-O,images/vimperator3.png,8,adaptive-grid-hard,adaptive-grid,hard,kmeans:inittype=none:threshold=0.125:binbits=6:mapping=uniform:softdist=trilinear:feedback=0:prune=hamerly:seed=1:restarts=1:iter=20:miniter=0:polish_iter=0:feedback_slots=1:feedback_interval=1:sample_target=16384,0.987377,2.283956,'{img2sixel}' --threads=1 --precision=8bit --quality=full '--loaders=libpng:cms_engine=builtin!' --sampling-policy=adaptive-grid --binning-policy=hard --quantize-model=kmeans:inittype=none:threshold=0.125:binbits=6:mapping=uniform:softdist=trilinear:feedback=0:prune=hamerly:seed=1:restarts=1:iter=20:miniter=0:polish_iter=0:feedback_slots=1:feedback_interval=1:sample_target=16384 -Xoklab -Wgamma --diffusion=none --gpu-policy=off --lookup-policy=none -F none -a off -p 8 '{input}',"'{lsqa}' '--loaders=libpng,builtin!' --env SIXEL_LOADER_LIBPNG_CMS_ENGINE=builtin '{input}' -"
flat-artwork,flat artwork,flat-artwork,content,582,746,434172,f2c138d8f6aa0a90c89d019f85eaf9bb3efa5edb,macOS-26.5.1-arm64-arm-64bit-Mach-O,images/vimperator3.png,8,full-frame-none,full-frame,none,kmeans:inittype=none:threshold=0.125:binbits=6:mapping=uniform:softdist=trilinear:feedback=0:prune=hamerly:seed=1:restarts=1:iter=20:miniter=0:polish_iter=0:feedback_slots=1:feedback_interval=1:sample_target=16384,0.990285,2.462409,'{img2sixel}' --threads=1 --precision=8bit --quality=full '--loaders=libpng:cms_engine=builtin!' --sampling-policy=full-frame --binning-policy=none --quantize-model=kmeans:inittype=none:threshold=0.125:binbits=6:mapping=uniform:softdist=trilinear:feedback=0:prune=hamerly:seed=1:restarts=1:iter=20:miniter=0:polish_iter=0:feedback_slots=1:feedback_interval=1:sample_target=16384 -Xoklab -Wgamma --diffusion=none --gpu-policy=off --lookup-policy=none -F none -a off -p 8 '{input}',"'{lsqa}' '--loaders=libpng,builtin!' --env SIXEL_LOADER_LIBPNG_CMS_ENGINE=builtin '{input}' -"
flat-artwork,flat artwork,flat-artwork,content,582,746,434172,f2c138d8f6aa0a90c89d019f85eaf9bb3efa5edb,macOS-26.5.1-arm64-arm-64bit-Mach-O,images/vimperator3.png,8,full-frame-exact,full-frame,exact,kmeans:inittype=none:threshold=0.125:binbits=6:mapping=uniform:softdist=trilinear:feedback=0:prune=hamerly:seed=1:restarts=1:iter=20:miniter=0:polish_iter=0:feedback_slots=1:feedback_interval=1:sample_target=16384,0.989064,2.275561,'{img2sixel}' --threads=1 --precision=8bit --quality=full '--loaders=libpng:cms_engine=builtin!' --sampling-policy=full-frame --binning-policy=exact --quantize-model=kmeans:inittype=none:threshold=0.125:binbits=6:mapping=uniform:softdist=trilinear:feedback=0:prune=hamerly:seed=1:restarts=1:iter=20:miniter=0:polish_iter=0:feedback_slots=1:feedback_interval=1:sample_target=16384 -Xoklab -Wgamma --diffusion=none --gpu-policy=off --lookup-policy=none -F none -a off -p 8 '{input}',"'{lsqa}' '--loaders=libpng,builtin!' --env SIXEL_LOADER_LIBPNG_CMS_ENGINE=builtin '{input}' -"
flat-artwork,flat artwork,flat-artwork,content,582,746,434172,f2c138d8f6aa0a90c89d019f85eaf9bb3efa5edb,macOS-26.5.1-arm64-arm-64bit-Mach-O,images/vimperator3.png,8,full-frame-soft,full-frame,soft,kmeans:inittype=none:threshold=0.125:binbits=6:mapping=uniform:softdist=trilinear:feedback=0:prune=hamerly:seed=1:restarts=1:iter=20:miniter=0:polish_iter=0:feedback_slots=1:feedback_interval=1:sample_target=16384,0.985754,2.420202,'{img2sixel}' --threads=1 --precision=8bit --quality=full '--loaders=libpng:cms_engine=builtin!' --sampling-policy=full-frame --binning-policy=soft --quantize-model=kmeans:inittype=none:threshold=0.125:binbits=6:mapping=uniform:softdist=trilinear:feedback=0:prune=hamerly:seed=1:restarts=1:iter=20:miniter=0:polish_iter=0:feedback_slots=1:feedback_interval=1:sample_target=16384 -Xoklab -Wgamma --diffusion=none --gpu-policy=off --lookup-policy=none -F none -a off -p 8 '{input}',"'{lsqa}' '--loaders=libpng,builtin!' --env SIXEL_LOADER_LIBPNG_CMS_ENGINE=builtin '{input}' -"
flat-artwork,flat artwork,flat-artwork,content,582,746,434172,f2c138d8f6aa0a90c89d019f85eaf9bb3efa5edb,macOS-26.5.1-arm64-arm-64bit-Mach-O,images/vimperator3.png,16,full-frame-hard,full-frame,hard,kmeans:inittype=none:threshold=0.125:binbits=6:mapping=uniform:softdist=trilinear:feedback=0:prune=hamerly:seed=1:restarts=1:iter=20:miniter=0:polish_iter=0:feedback_slots=1:feedback_interval=1:sample_target=16384,0.994281,1.446925,'{img2sixel}' --threads=1 --precision=8bit --quality=full '--loaders=libpng:cms_engine=builtin!' --sampling-policy=full-frame --binning-policy=hard --quantize-model=kmeans:inittype=none:threshold=0.125:binbits=6:mapping=uniform:softdist=trilinear:feedback=0:prune=hamerly:seed=1:restarts=1:iter=20:miniter=0:polish_iter=0:feedback_slots=1:feedback_interval=1:sample_target=16384 -Xoklab -Wgamma --diffusion=none --gpu-policy=off --lookup-policy=none -F none -a off -p 16 '{input}',"'{lsqa}' '--loaders=libpng,builtin!' --env SIXEL_LOADER_LIBPNG_CMS_ENGINE=builtin '{input}' -"
flat-artwork,flat artwork,flat-artwork,content,582,746,434172,f2c138d8f6aa0a90c89d019f85eaf9bb3efa5edb,macOS-26.5.1-arm64-arm-64bit-Mach-O,images/vimperator3.png,16,adaptive-grid-hard,adaptive-grid,hard,kmeans:inittype=none:threshold=0.125:binbits=6:mapping=uniform:softdist=trilinear:feedback=0:prune=hamerly:seed=1:restarts=1:iter=20:miniter=0:polish_iter=0:feedback_slots=1:feedback_interval=1:sample_target=16384,0.994767,1.53871,'{img2sixel}' --threads=1 --precision=8bit --quality=full '--loaders=libpng:cms_engine=builtin!' --sampling-policy=adaptive-grid --binning-policy=hard --quantize-model=kmeans:inittype=none:threshold=0.125:binbits=6:mapping=uniform:softdist=trilinear:feedback=0:prune=hamerly:seed=1:restarts=1:iter=20:miniter=0:polish_iter=0:feedback_slots=1:feedback_interval=1:sample_target=16384 -Xoklab -Wgamma --diffusion=none --gpu-policy=off --lookup-policy=none -F none -a off -p 16 '{input}',"'{lsqa}' '--loaders=libpng,builtin!' --env SIXEL_LOADER_LIBPNG_CMS_ENGINE=builtin '{input}' -"
flat-artwork,flat artwork,flat-artwork,content,582,746,434172,f2c138d8f6aa0a90c89d019f85eaf9bb3efa5edb,macOS-26.5.1-arm64-arm-64bit-Mach-O,images/vimperator3.png,16,full-frame-none,full-frame,none,kmeans:inittype=none:threshold=0.125:binbits=6:mapping=uniform:softdist=trilinear:feedback=0:prune=hamerly:seed=1:restarts=1:iter=20:miniter=0:polish_iter=0:feedback_slots=1:feedback_interval=1:sample_target=16384,0.993501,1.483905,'{img2sixel}' --threads=1 --precision=8bit --quality=full '--loaders=libpng:cms_engine=builtin!' --sampling-policy=full-frame --binning-policy=none --quantize-model=kmeans:inittype=none:threshold=0.125:binbits=6:mapping=uniform:softdist=trilinear:feedback=0:prune=hamerly:seed=1:restarts=1:iter=20:miniter=0:polish_iter=0:feedback_slots=1:feedback_interval=1:sample_target=16384 -Xoklab -Wgamma --diffusion=none --gpu-policy=off --lookup-policy=none -F none -a off -p 16 '{input}',"'{lsqa}' '--loaders=libpng,builtin!' --env SIXEL_LOADER_LIBPNG_CMS_ENGINE=builtin '{input}' -"
flat-artwork,flat artwork,flat-artwork,content,582,746,434172,f2c138d8f6aa0a90c89d019f85eaf9bb3efa5edb,macOS-26.5.1-arm64-arm-64bit-Mach-O,images/vimperator3.png,16,full-frame-exact,full-frame,exact,kmeans:inittype=none:threshold=0.125:binbits=6:mapping=uniform:softdist=trilinear:feedback=0:prune=hamerly:seed=1:restarts=1:iter=20:miniter=0:polish_iter=0:feedback_slots=1:feedback_interval=1:sample_target=16384,0.994656,1.445245,'{img2sixel}' --threads=1 --precision=8bit --quality=full '--loaders=libpng:cms_engine=builtin!' --sampling-policy=full-frame --binning-policy=exact --quantize-model=kmeans:inittype=none:threshold=0.125:binbits=6:mapping=uniform:softdist=trilinear:feedback=0:prune=hamerly:seed=1:restarts=1:iter=20:miniter=0:polish_iter=0:feedback_slots=1:feedback_interval=1:sample_target=16384 -Xoklab -Wgamma --diffusion=none --gpu-policy=off --lookup-policy=none -F none -a off -p 16 '{input}',"'{lsqa}' '--loaders=libpng,builtin!' --env SIXEL_LOADER_LIBPNG_CMS_ENGINE=builtin '{input}' -"
flat-artwork,flat artwork,flat-artwork,content,582,746,434172,f2c138d8f6aa0a90c89d019f85eaf9bb3efa5edb,macOS-26.5.1-arm64-arm-64bit-Mach-O,images/vimperator3.png,16,full-frame-soft,full-frame,soft,kmeans:inittype=none:threshold=0.125:binbits=6:mapping=uniform:softdist=trilinear:feedback=0:prune=hamerly:seed=1:restarts=1:iter=20:miniter=0:polish_iter=0:feedback_slots=1:feedback_interval=1:sample_target=16384,0.992568,1.94554,'{img2sixel}' --threads=1 --precision=8bit --quality=full '--loaders=libpng:cms_engine=builtin!' --sampling-policy=full-frame --binning-policy=soft --quantize-model=kmeans:inittype=none:threshold=0.125:binbits=6:mapping=uniform:softdist=trilinear:feedback=0:prune=hamerly:seed=1:restarts=1:iter=20:miniter=0:polish_iter=0:feedback_slots=1:feedback_interval=1:sample_target=16384 -Xoklab -Wgamma --diffusion=none --gpu-policy=off --lookup-policy=none -F none -a off -p 16 '{input}',"'{lsqa}' '--loaders=libpng,builtin!' --env SIXEL_LOADER_LIBPNG_CMS_ENGINE=builtin '{input}' -"
flat-artwork,flat artwork,flat-artwork,content,582,746,434172,f2c138d8f6aa0a90c89d019f85eaf9bb3efa5edb,macOS-26.5.1-arm64-arm-64bit-Mach-O,images/vimperator3.png,32,full-frame-hard,full-frame,hard,kmeans:inittype=none:threshold=0.125:binbits=6:mapping=uniform:softdist=trilinear:feedback=0:prune=hamerly:seed=1:restarts=1:iter=20:miniter=0:polish_iter=0:feedback_slots=1:feedback_interval=1:sample_target=16384,0.999255,1.144274,'{img2sixel}' --threads=1 --precision=8bit --quality=full '--loaders=libpng:cms_engine=builtin!' --sampling-policy=full-frame --binning-policy=hard --quantize-model=kmeans:inittype=none:threshold=0.125:binbits=6:mapping=uniform:softdist=trilinear:feedback=0:prune=hamerly:seed=1:restarts=1:iter=20:miniter=0:polish_iter=0:feedback_slots=1:feedback_interval=1:sample_target=16384 -Xoklab -Wgamma --diffusion=none --gpu-policy=off --lookup-policy=none -F none -a off -p 32 '{input}',"'{lsqa}' '--loaders=libpng,builtin!' --env SIXEL_LOADER_LIBPNG_CMS_ENGINE=builtin '{input}' -"
flat-artwork,flat artwork,flat-artwork,content,582,746,434172,f2c138d8f6aa0a90c89d019f85eaf9bb3efa5edb,macOS-26.5.1-arm64-arm-64bit-Mach-O,images/vimperator3.png,32,adaptive-grid-hard,adaptive-grid,hard,kmeans:inittype=none:threshold=0.125:binbits=6:mapping=uniform:softdist=trilinear:feedback=0:prune=hamerly:seed=1:restarts=1:iter=20:miniter=0:polish_iter=0:feedback_slots=1:feedback_interval=1:sample_target=16384,0.999269,1.228034,'{img2sixel}' --threads=1 --precision=8bit --quality=full '--loaders=libpng:cms_engine=builtin!' --sampling-policy=adaptive-grid --binning-policy=hard --quantize-model=kmeans:inittype=none:threshold=0.125:binbits=6:mapping=uniform:softdist=trilinear:feedback=0:prune=hamerly:seed=1:restarts=1:iter=20:miniter=0:polish_iter=0:feedback_slots=1:feedback_interval=1:sample_target=16384 -Xoklab -Wgamma --diffusion=none --gpu-policy=off --lookup-policy=none -F none -a off -p 32 '{input}',"'{lsqa}' '--loaders=libpng,builtin!' --env SIXEL_LOADER_LIBPNG_CMS_ENGINE=builtin '{input}' -"
flat-artwork,flat artwork,flat-artwork,content,582,746,434172,f2c138d8f6aa0a90c89d019f85eaf9bb3efa5edb,macOS-26.5.1-arm64-arm-64bit-Mach-O,images/vimperator3.png,32,full-frame-none,full-frame,none,kmeans:inittype=none:threshold=0.125:binbits=6:mapping=uniform:softdist=trilinear:feedback=0:prune=hamerly:seed=1:restarts=1:iter=20:miniter=0:polish_iter=0:feedback_slots=1:feedback_interval=1:sample_target=16384,0.999229,1.168617,'{img2sixel}' --threads=1 --precision=8bit --quality=full '--loaders=libpng:cms_engine=builtin!' --sampling-policy=full-frame --binning-policy=none --quantize-model=kmeans:inittype=none:threshold=0.125:binbits=6:mapping=uniform:softdist=trilinear:feedback=0:prune=hamerly:seed=1:restarts=1:iter=20:miniter=0:polish_iter=0:feedback_slots=1:feedback_interval=1:sample_target=16384 -Xoklab -Wgamma --diffusion=none --gpu-policy=off --lookup-policy=none -F none -a off -p 32 '{input}',"'{lsqa}' '--loaders=libpng,builtin!' --env SIXEL_LOADER_LIBPNG_CMS_ENGINE=builtin '{input}' -"
flat-artwork,flat artwork,flat-artwork,content,582,746,434172,f2c138d8f6aa0a90c89d019f85eaf9bb3efa5edb,macOS-26.5.1-arm64-arm-64bit-Mach-O,images/vimperator3.png,32,full-frame-exact,full-frame,exact,kmeans:inittype=none:threshold=0.125:binbits=6:mapping=uniform:softdist=trilinear:feedback=0:prune=hamerly:seed=1:restarts=1:iter=20:miniter=0:polish_iter=0:feedback_slots=1:feedback_interval=1:sample_target=16384,0.999077,1.153433,'{img2sixel}' --threads=1 --precision=8bit --quality=full '--loaders=libpng:cms_engine=builtin!' --sampling-policy=full-frame --binning-policy=exact --quantize-model=kmeans:inittype=none:threshold=0.125:binbits=6:mapping=uniform:softdist=trilinear:feedback=0:prune=hamerly:seed=1:restarts=1:iter=20:miniter=0:polish_iter=0:feedback_slots=1:feedback_interval=1:sample_target=16384 -Xoklab -Wgamma --diffusion=none --gpu-policy=off --lookup-policy=none -F none -a off -p 32 '{input}',"'{lsqa}' '--loaders=libpng,builtin!' --env SIXEL_LOADER_LIBPNG_CMS_ENGINE=builtin '{input}' -"
flat-artwork,flat artwork,flat-artwork,content,582,746,434172,f2c138d8f6aa0a90c89d019f85eaf9bb3efa5edb,macOS-26.5.1-arm64-arm-64bit-Mach-O,images/vimperator3.png,32,full-frame-soft,full-frame,soft,kmeans:inittype=none:threshold=0.125:binbits=6:mapping=uniform:softdist=trilinear:feedback=0:prune=hamerly:seed=1:restarts=1:iter=20:miniter=0:polish_iter=0:feedback_slots=1:feedback_interval=1:sample_target=16384,0.995514,1.327764,'{img2sixel}' --threads=1 --precision=8bit --quality=full '--loaders=libpng:cms_engine=builtin!' --sampling-policy=full-frame --binning-policy=soft --quantize-model=kmeans:inittype=none:threshold=0.125:binbits=6:mapping=uniform:softdist=trilinear:feedback=0:prune=hamerly:seed=1:restarts=1:iter=20:miniter=0:polish_iter=0:feedback_slots=1:feedback_interval=1:sample_target=16384 -Xoklab -Wgamma --diffusion=none --gpu-policy=off --lookup-policy=none -F none -a off -p 32 '{input}',"'{lsqa}' '--loaders=libpng,builtin!' --env SIXEL_LOADER_LIBPNG_CMS_ENGINE=builtin '{input}' -"
flat-artwork,flat artwork,flat-artwork,content,582,746,434172,f2c138d8f6aa0a90c89d019f85eaf9bb3efa5edb,macOS-26.5.1-arm64-arm-64bit-Mach-O,images/vimperator3.png,64,full-frame-hard,full-frame,hard,kmeans:inittype=none:threshold=0.125:binbits=6:mapping=uniform:softdist=trilinear:feedback=0:prune=hamerly:seed=1:restarts=1:iter=20:miniter=0:polish_iter=0:feedback_slots=1:feedback_interval=1:sample_target=16384,0.999476,1.056733,'{img2sixel}' --threads=1 --precision=8bit --quality=full '--loaders=libpng:cms_engine=builtin!' --sampling-policy=full-frame --binning-policy=hard --quantize-model=kmeans:inittype=none:threshold=0.125:binbits=6:mapping=uniform:softdist=trilinear:feedback=0:prune=hamerly:seed=1:restarts=1:iter=20:miniter=0:polish_iter=0:feedback_slots=1:feedback_interval=1:sample_target=16384 -Xoklab -Wgamma --diffusion=none --gpu-policy=off --lookup-policy=none -F none -a off -p 64 '{input}',"'{lsqa}' '--loaders=libpng,builtin!' --env SIXEL_LOADER_LIBPNG_CMS_ENGINE=builtin '{input}' -"
flat-artwork,flat artwork,flat-artwork,content,582,746,434172,f2c138d8f6aa0a90c89d019f85eaf9bb3efa5edb,macOS-26.5.1-arm64-arm-64bit-Mach-O,images/vimperator3.png,64,adaptive-grid-hard,adaptive-grid,hard,kmeans:inittype=none:threshold=0.125:binbits=6:mapping=uniform:softdist=trilinear:feedback=0:prune=hamerly:seed=1:restarts=1:iter=20:miniter=0:polish_iter=0:feedback_slots=1:feedback_interval=1:sample_target=16384,0.999456,1.107598,'{img2sixel}' --threads=1 --precision=8bit --quality=full '--loaders=libpng:cms_engine=builtin!' --sampling-policy=adaptive-grid --binning-policy=hard --quantize-model=kmeans:inittype=none:threshold=0.125:binbits=6:mapping=uniform:softdist=trilinear:feedback=0:prune=hamerly:seed=1:restarts=1:iter=20:miniter=0:polish_iter=0:feedback_slots=1:feedback_interval=1:sample_target=16384 -Xoklab -Wgamma --diffusion=none --gpu-policy=off --lookup-policy=none -F none -a off -p 64 '{input}',"'{lsqa}' '--loaders=libpng,builtin!' --env SIXEL_LOADER_LIBPNG_CMS_ENGINE=builtin '{input}' -"
flat-artwork,flat artwork,flat-artwork,content,582,746,434172,f2c138d8f6aa0a90c89d019f85eaf9bb3efa5edb,macOS-26.5.1-arm64-arm-64bit-Mach-O,images/vimperator3.png,64,full-frame-none,full-frame,none,kmeans:inittype=none:threshold=0.125:binbits=6:mapping=uniform:softdist=trilinear:feedback=0:prune=hamerly:seed=1:restarts=1:iter=20:miniter=0:polish_iter=0:feedback_slots=1:feedback_interval=1:sample_target=16384,0.999592,1.085994,'{img2sixel}' --threads=1 --precision=8bit --quality=full '--loaders=libpng:cms_engine=builtin!' --sampling-policy=full-frame --binning-policy=none --quantize-model=kmeans:inittype=none:threshold=0.125:binbits=6:mapping=uniform:softdist=trilinear:feedback=0:prune=hamerly:seed=1:restarts=1:iter=20:miniter=0:polish_iter=0:feedback_slots=1:feedback_interval=1:sample_target=16384 -Xoklab -Wgamma --diffusion=none --gpu-policy=off --lookup-policy=none -F none -a off -p 64 '{input}',"'{lsqa}' '--loaders=libpng,builtin!' --env SIXEL_LOADER_LIBPNG_CMS_ENGINE=builtin '{input}' -"
flat-artwork,flat artwork,flat-artwork,content,582,746,434172,f2c138d8f6aa0a90c89d019f85eaf9bb3efa5edb,macOS-26.5.1-arm64-arm-64bit-Mach-O,images/vimperator3.png,64,full-frame-exact,full-frame,exact,kmeans:inittype=none:threshold=0.125:binbits=6:mapping=uniform:softdist=trilinear:feedback=0:prune=hamerly:seed=1:restarts=1:iter=20:miniter=0:polish_iter=0:feedback_slots=1:feedback_interval=1:sample_target=16384,0.999336,1.103665,'{img2sixel}' --threads=1 --precision=8bit --quality=full '--loaders=libpng:cms_engine=builtin!' --sampling-policy=full-frame --binning-policy=exact --quantize-model=kmeans:inittype=none:threshold=0.125:binbits=6:mapping=uniform:softdist=trilinear:feedback=0:prune=hamerly:seed=1:restarts=1:iter=20:miniter=0:polish_iter=0:feedback_slots=1:feedback_interval=1:sample_target=16384 -Xoklab -Wgamma --diffusion=none --gpu-policy=off --lookup-policy=none -F none -a off -p 64 '{input}',"'{lsqa}' '--loaders=libpng,builtin!' --env SIXEL_LOADER_LIBPNG_CMS_ENGINE=builtin '{input}' -"
flat-artwork,flat artwork,flat-artwork,content,582,746,434172,f2c138d8f6aa0a90c89d019f85eaf9bb3efa5edb,macOS-26.5.1-arm64-arm-64bit-Mach-O,images/vimperator3.png,64,full-frame-soft,full-frame,soft,kmeans:inittype=none:threshold=0.125:binbits=6:mapping=uniform:softdist=trilinear:feedback=0:prune=hamerly:seed=1:restarts=1:iter=20:miniter=0:polish_iter=0:feedback_slots=1:feedback_interval=1:sample_target=16384,0.999283,1.157284,'{img2sixel}' --threads=1 --precision=8bit --quality=full '--loaders=libpng:cms_engine=builtin!' --sampling-policy=full-frame --binning-policy=soft --quantize-model=kmeans:inittype=none:threshold=0.125:binbits=6:mapping=uniform:softdist=trilinear:feedback=0:prune=hamerly:seed=1:restarts=1:iter=20:miniter=0:polish_iter=0:feedback_slots=1:feedback_interval=1:sample_target=16384 -Xoklab -Wgamma --diffusion=none --gpu-policy=off --lookup-policy=none -F none -a off -p 64 '{input}',"'{lsqa}' '--loaders=libpng,builtin!' --env SIXEL_LOADER_LIBPNG_CMS_ENGINE=builtin '{input}' -"
flat-artwork,flat artwork,flat-artwork,content,582,746,434172,f2c138d8f6aa0a90c89d019f85eaf9bb3efa5edb,macOS-26.5.1-arm64-arm-64bit-Mach-O,images/vimperator3.png,128,full-frame-hard,full-frame,hard,kmeans:inittype=none:threshold=0.125:binbits=6:mapping=uniform:softdist=trilinear:feedback=0:prune=hamerly:seed=1:restarts=1:iter=20:miniter=0:polish_iter=0:feedback_slots=1:feedback_interval=1:sample_target=16384,0.999705,1.036563,'{img2sixel}' --threads=1 --precision=8bit --quality=full '--loaders=libpng:cms_engine=builtin!' --sampling-policy=full-frame --binning-policy=hard --quantize-model=kmeans:inittype=none:threshold=0.125:binbits=6:mapping=uniform:softdist=trilinear:feedback=0:prune=hamerly:seed=1:restarts=1:iter=20:miniter=0:polish_iter=0:feedback_slots=1:feedback_interval=1:sample_target=16384 -Xoklab -Wgamma --diffusion=none --gpu-policy=off --lookup-policy=none -F none -a off -p 128 '{input}',"'{lsqa}' '--loaders=libpng,builtin!' --env SIXEL_LOADER_LIBPNG_CMS_ENGINE=builtin '{input}' -"
flat-artwork,flat artwork,flat-artwork,content,582,746,434172,f2c138d8f6aa0a90c89d019f85eaf9bb3efa5edb,macOS-26.5.1-arm64-arm-64bit-Mach-O,images/vimperator3.png,128,adaptive-grid-hard,adaptive-grid,hard,kmeans:inittype=none:threshold=0.125:binbits=6:mapping=uniform:softdist=trilinear:feedback=0:prune=hamerly:seed=1:restarts=1:iter=20:miniter=0:polish_iter=0:feedback_slots=1:feedback_interval=1:sample_target=16384,0.999697,1.056141,'{img2sixel}' --threads=1 --precision=8bit --quality=full '--loaders=libpng:cms_engine=builtin!' --sampling-policy=adaptive-grid --binning-policy=hard --quantize-model=kmeans:inittype=none:threshold=0.125:binbits=6:mapping=uniform:softdist=trilinear:feedback=0:prune=hamerly:seed=1:restarts=1:iter=20:miniter=0:polish_iter=0:feedback_slots=1:feedback_interval=1:sample_target=16384 -Xoklab -Wgamma --diffusion=none --gpu-policy=off --lookup-policy=none -F none -a off -p 128 '{input}',"'{lsqa}' '--loaders=libpng,builtin!' --env SIXEL_LOADER_LIBPNG_CMS_ENGINE=builtin '{input}' -"
flat-artwork,flat artwork,flat-artwork,content,582,746,434172,f2c138d8f6aa0a90c89d019f85eaf9bb3efa5edb,macOS-26.5.1-arm64-arm-64bit-Mach-O,images/vimperator3.png,128,full-frame-none,full-frame,none,kmeans:inittype=none:threshold=0.125:binbits=6:mapping=uniform:softdist=trilinear:feedback=0:prune=hamerly:seed=1:restarts=1:iter=20:miniter=0:polish_iter=0:feedback_slots=1:feedback_interval=1:sample_target=16384,0.999702,1.012549,'{img2sixel}' --threads=1 --precision=8bit --quality=full '--loaders=libpng:cms_engine=builtin!' --sampling-policy=full-frame --binning-policy=none --quantize-model=kmeans:inittype=none:threshold=0.125:binbits=6:mapping=uniform:softdist=trilinear:feedback=0:prune=hamerly:seed=1:restarts=1:iter=20:miniter=0:polish_iter=0:feedback_slots=1:feedback_interval=1:sample_target=16384 -Xoklab -Wgamma --diffusion=none --gpu-policy=off --lookup-policy=none -F none -a off -p 128 '{input}',"'{lsqa}' '--loaders=libpng,builtin!' --env SIXEL_LOADER_LIBPNG_CMS_ENGINE=builtin '{input}' -"
flat-artwork,flat artwork,flat-artwork,content,582,746,434172,f2c138d8f6aa0a90c89d019f85eaf9bb3efa5edb,macOS-26.5.1-arm64-arm-64bit-Mach-O,images/vimperator3.png,128,full-frame-exact,full-frame,exact,kmeans:inittype=none:threshold=0.125:binbits=6:mapping=uniform:softdist=trilinear:feedback=0:prune=hamerly:seed=1:restarts=1:iter=20:miniter=0:polish_iter=0:feedback_slots=1:feedback_interval=1:sample_target=16384,0.999583,1.058092,'{img2sixel}' --threads=1 --precision=8bit --quality=full '--loaders=libpng:cms_engine=builtin!' --sampling-policy=full-frame --binning-policy=exact --quantize-model=kmeans:inittype=none:threshold=0.125:binbits=6:mapping=uniform:softdist=trilinear:feedback=0:prune=hamerly:seed=1:restarts=1:iter=20:miniter=0:polish_iter=0:feedback_slots=1:feedback_interval=1:sample_target=16384 -Xoklab -Wgamma --diffusion=none --gpu-policy=off --lookup-policy=none -F none -a off -p 128 '{input}',"'{lsqa}' '--loaders=libpng,builtin!' --env SIXEL_LOADER_LIBPNG_CMS_ENGINE=builtin '{input}' -"
flat-artwork,flat artwork,flat-artwork,content,582,746,434172,f2c138d8f6aa0a90c89d019f85eaf9bb3efa5edb,macOS-26.5.1-arm64-arm-64bit-Mach-O,images/vimperator3.png,128,full-frame-soft,full-frame,soft,kmeans:inittype=none:threshold=0.125:binbits=6:mapping=uniform:softdist=trilinear:feedback=0:prune=hamerly:seed=1:restarts=1:iter=20:miniter=0:polish_iter=0:feedback_slots=1:feedback_interval=1:sample_target=16384,0.999612,1.048084,'{img2sixel}' --threads=1 --precision=8bit --quality=full '--loaders=libpng:cms_engine=builtin!' --sampling-policy=full-frame --binning-policy=soft --quantize-model=kmeans:inittype=none:threshold=0.125:binbits=6:mapping=uniform:softdist=trilinear:feedback=0:prune=hamerly:seed=1:restarts=1:iter=20:miniter=0:polish_iter=0:feedback_slots=1:feedback_interval=1:sample_target=16384 -Xoklab -Wgamma --diffusion=none --gpu-policy=off --lookup-policy=none -F none -a off -p 128 '{input}',"'{lsqa}' '--loaders=libpng,builtin!' --env SIXEL_LOADER_LIBPNG_CMS_ENGINE=builtin '{input}' -"
flat-artwork,flat artwork,flat-artwork,content,582,746,434172,f2c138d8f6aa0a90c89d019f85eaf9bb3efa5edb,macOS-26.5.1-arm64-arm-64bit-Mach-O,images/vimperator3.png,256,full-frame-hard,full-frame,hard,kmeans:inittype=none:threshold=0.125:binbits=6:mapping=uniform:softdist=trilinear:feedback=0:prune=hamerly:seed=1:restarts=1:iter=20:miniter=0:polish_iter=0:feedback_slots=1:feedback_interval=1:sample_target=16384,0.999686,1.005028,'{img2sixel}' --threads=1 --precision=8bit --quality=full '--loaders=libpng:cms_engine=builtin!' --sampling-policy=full-frame --binning-policy=hard --quantize-model=kmeans:inittype=none:threshold=0.125:binbits=6:mapping=uniform:softdist=trilinear:feedback=0:prune=hamerly:seed=1:restarts=1:iter=20:miniter=0:polish_iter=0:feedback_slots=1:feedback_interval=1:sample_target=16384 -Xoklab -Wgamma --diffusion=none --gpu-policy=off --lookup-policy=none -F none -a off -p 256 '{input}',"'{lsqa}' '--loaders=libpng,builtin!' --env SIXEL_LOADER_LIBPNG_CMS_ENGINE=builtin '{input}' -"
flat-artwork,flat artwork,flat-artwork,content,582,746,434172,f2c138d8f6aa0a90c89d019f85eaf9bb3efa5edb,macOS-26.5.1-arm64-arm-64bit-Mach-O,images/vimperator3.png,256,adaptive-grid-hard,adaptive-grid,hard,kmeans:inittype=none:threshold=0.125:binbits=6:mapping=uniform:softdist=trilinear:feedback=0:prune=hamerly:seed=1:restarts=1:iter=20:miniter=0:polish_iter=0:feedback_slots=1:feedback_interval=1:sample_target=16384,0.999707,0.988927,'{img2sixel}' --threads=1 --precision=8bit --quality=full '--loaders=libpng:cms_engine=builtin!' --sampling-policy=adaptive-grid --binning-policy=hard --quantize-model=kmeans:inittype=none:threshold=0.125:binbits=6:mapping=uniform:softdist=trilinear:feedback=0:prune=hamerly:seed=1:restarts=1:iter=20:miniter=0:polish_iter=0:feedback_slots=1:feedback_interval=1:sample_target=16384 -Xoklab -Wgamma --diffusion=none --gpu-policy=off --lookup-policy=none -F none -a off -p 256 '{input}',"'{lsqa}' '--loaders=libpng,builtin!' --env SIXEL_LOADER_LIBPNG_CMS_ENGINE=builtin '{input}' -"
flat-artwork,flat artwork,flat-artwork,content,582,746,434172,f2c138d8f6aa0a90c89d019f85eaf9bb3efa5edb,macOS-26.5.1-arm64-arm-64bit-Mach-O,images/vimperator3.png,256,full-frame-none,full-frame,none,kmeans:inittype=none:threshold=0.125:binbits=6:mapping=uniform:softdist=trilinear:feedback=0:prune=hamerly:seed=1:restarts=1:iter=20:miniter=0:polish_iter=0:feedback_slots=1:feedback_interval=1:sample_target=16384,0.999751,0.986554,'{img2sixel}' --threads=1 --precision=8bit --quality=full '--loaders=libpng:cms_engine=builtin!' --sampling-policy=full-frame --binning-policy=none --quantize-model=kmeans:inittype=none:threshold=0.125:binbits=6:mapping=uniform:softdist=trilinear:feedback=0:prune=hamerly:seed=1:restarts=1:iter=20:miniter=0:polish_iter=0:feedback_slots=1:feedback_interval=1:sample_target=16384 -Xoklab -Wgamma --diffusion=none --gpu-policy=off --lookup-policy=none -F none -a off -p 256 '{input}',"'{lsqa}' '--loaders=libpng,builtin!' --env SIXEL_LOADER_LIBPNG_CMS_ENGINE=builtin '{input}' -"
flat-artwork,flat artwork,flat-artwork,content,582,746,434172,f2c138d8f6aa0a90c89d019f85eaf9bb3efa5edb,macOS-26.5.1-arm64-arm-64bit-Mach-O,images/vimperator3.png,256,full-frame-exact,full-frame,exact,kmeans:inittype=none:threshold=0.125:binbits=6:mapping=uniform:softdist=trilinear:feedback=0:prune=hamerly:seed=1:restarts=1:iter=20:miniter=0:polish_iter=0:feedback_slots=1:feedback_interval=1:sample_target=16384,0.999727,1.042324,'{img2sixel}' --threads=1 --precision=8bit --quality=full '--loaders=libpng:cms_engine=builtin!' --sampling-policy=full-frame --binning-policy=exact --quantize-model=kmeans:inittype=none:threshold=0.125:binbits=6:mapping=uniform:softdist=trilinear:feedback=0:prune=hamerly:seed=1:restarts=1:iter=20:miniter=0:polish_iter=0:feedback_slots=1:feedback_interval=1:sample_target=16384 -Xoklab -Wgamma --diffusion=none --gpu-policy=off --lookup-policy=none -F none -a off -p 256 '{input}',"'{lsqa}' '--loaders=libpng,builtin!' --env SIXEL_LOADER_LIBPNG_CMS_ENGINE=builtin '{input}' -"
flat-artwork,flat artwork,flat-artwork,content,582,746,434172,f2c138d8f6aa0a90c89d019f85eaf9bb3efa5edb,macOS-26.5.1-arm64-arm-64bit-Mach-O,images/vimperator3.png,256,full-frame-soft,full-frame,soft,kmeans:inittype=none:threshold=0.125:binbits=6:mapping=uniform:softdist=trilinear:feedback=0:prune=hamerly:seed=1:restarts=1:iter=20:miniter=0:polish_iter=0:feedback_slots=1:feedback_interval=1:sample_target=16384,0.999652,0.974813,'{img2sixel}' --threads=1 --precision=8bit --quality=full '--loaders=libpng:cms_engine=builtin!' --sampling-policy=full-frame --binning-policy=soft --quantize-model=kmeans:inittype=none:threshold=0.125:binbits=6:mapping=uniform:softdist=trilinear:feedback=0:prune=hamerly:seed=1:restarts=1:iter=20:miniter=0:polish_iter=0:feedback_slots=1:feedback_interval=1:sample_target=16384 -Xoklab -Wgamma --diffusion=none --gpu-policy=off --lookup-policy=none -F none -a off -p 256 '{input}',"'{lsqa}' '--loaders=libpng,builtin!' --env SIXEL_LOADER_LIBPNG_CMS_ENGINE=builtin '{input}' -"
smooth-gradient-small,"smooth gradient, small",gradient,scale,128,96,12288,f2c138d8f6aa0a90c89d019f85eaf9bb3efa5edb,macOS-26.5.1-arm64-arm-64bit-Mach-O,images/measurements/palette-pipeline/smooth-gradient-128x96.png,8,full-frame-hard,full-frame,hard,kmeans:inittype=none:threshold=0.125:binbits=6:mapping=uniform:softdist=trilinear:feedback=0:prune=hamerly:seed=1:restarts=1:iter=20:miniter=0:polish_iter=0:feedback_slots=1:feedback_interval=1:sample_target=16384,0.630997,10.452472,'{img2sixel}' --threads=1 --precision=8bit --quality=full '--loaders=libpng:cms_engine=builtin!' --sampling-policy=full-frame --binning-policy=hard --quantize-model=kmeans:inittype=none:threshold=0.125:binbits=6:mapping=uniform:softdist=trilinear:feedback=0:prune=hamerly:seed=1:restarts=1:iter=20:miniter=0:polish_iter=0:feedback_slots=1:feedback_interval=1:sample_target=16384 -Xoklab -Wgamma --diffusion=none --gpu-policy=off --lookup-policy=none -F none -a off -p 8 '{input}',"'{lsqa}' '--loaders=libpng,builtin!' --env SIXEL_LOADER_LIBPNG_CMS_ENGINE=builtin '{input}' -"
smooth-gradient-small,"smooth gradient, small",gradient,scale,128,96,12288,f2c138d8f6aa0a90c89d019f85eaf9bb3efa5edb,macOS-26.5.1-arm64-arm-64bit-Mach-O,images/measurements/palette-pipeline/smooth-gradient-128x96.png,8,adaptive-grid-hard,adaptive-grid,hard,kmeans:inittype=none:threshold=0.125:binbits=6:mapping=uniform:softdist=trilinear:feedback=0:prune=hamerly:seed=1:restarts=1:iter=20:miniter=0:polish_iter=0:feedback_slots=1:feedback_interval=1:sample_target=16384,0.631483,10.443889,'{img2sixel}' --threads=1 --precision=8bit --quality=full '--loaders=libpng:cms_engine=builtin!' --sampling-policy=adaptive-grid --binning-policy=hard --quantize-model=kmeans:inittype=none:threshold=0.125:binbits=6:mapping=uniform:softdist=trilinear:feedback=0:prune=hamerly:seed=1:restarts=1:iter=20:miniter=0:polish_iter=0:feedback_slots=1:feedback_interval=1:sample_target=16384 -Xoklab -Wgamma --diffusion=none --gpu-policy=off --lookup-policy=none -F none -a off -p 8 '{input}',"'{lsqa}' '--loaders=libpng,builtin!' --env SIXEL_LOADER_LIBPNG_CMS_ENGINE=builtin '{input}' -"
smooth-gradient-small,"smooth gradient, small",gradient,scale,128,96,12288,f2c138d8f6aa0a90c89d019f85eaf9bb3efa5edb,macOS-26.5.1-arm64-arm-64bit-Mach-O,images/measurements/palette-pipeline/smooth-gradient-128x96.png,8,full-frame-none,full-frame,none,kmeans:inittype=none:threshold=0.125:binbits=6:mapping=uniform:softdist=trilinear:feedback=0:prune=hamerly:seed=1:restarts=1:iter=20:miniter=0:polish_iter=0:feedback_slots=1:feedback_interval=1:sample_target=16384,0.614831,10.849017,'{img2sixel}' --threads=1 --precision=8bit --quality=full '--loaders=libpng:cms_engine=builtin!' --sampling-policy=full-frame --binning-policy=none --quantize-model=kmeans:inittype=none:threshold=0.125:binbits=6:mapping=uniform:softdist=trilinear:feedback=0:prune=hamerly:seed=1:restarts=1:iter=20:miniter=0:polish_iter=0:feedback_slots=1:feedback_interval=1:sample_target=16384 -Xoklab -Wgamma --diffusion=none --gpu-policy=off --lookup-policy=none -F none -a off -p 8 '{input}',"'{lsqa}' '--loaders=libpng,builtin!' --env SIXEL_LOADER_LIBPNG_CMS_ENGINE=builtin '{input}' -"
smooth-gradient-small,"smooth gradient, small",gradient,scale,128,96,12288,f2c138d8f6aa0a90c89d019f85eaf9bb3efa5edb,macOS-26.5.1-arm64-arm-64bit-Mach-O,images/measurements/palette-pipeline/smooth-gradient-128x96.png,8,full-frame-exact,full-frame,exact,kmeans:inittype=none:threshold=0.125:binbits=6:mapping=uniform:softdist=trilinear:feedback=0:prune=hamerly:seed=1:restarts=1:iter=20:miniter=0:polish_iter=0:feedback_slots=1:feedback_interval=1:sample_target=16384,0.630873,10.460453,'{img2sixel}' --threads=1 --precision=8bit --quality=full '--loaders=libpng:cms_engine=builtin!' --sampling-policy=full-frame --binning-policy=exact --quantize-model=kmeans:inittype=none:threshold=0.125:binbits=6:mapping=uniform:softdist=trilinear:feedback=0:prune=hamerly:seed=1:restarts=1:iter=20:miniter=0:polish_iter=0:feedback_slots=1:feedback_interval=1:sample_target=16384 -Xoklab -Wgamma --diffusion=none --gpu-policy=off --lookup-policy=none -F none -a off -p 8 '{input}',"'{lsqa}' '--loaders=libpng,builtin!' --env SIXEL_LOADER_LIBPNG_CMS_ENGINE=builtin '{input}' -"
smooth-gradient-small,"smooth gradient, small",gradient,scale,128,96,12288,f2c138d8f6aa0a90c89d019f85eaf9bb3efa5edb,macOS-26.5.1-arm64-arm-64bit-Mach-O,images/measurements/palette-pipeline/smooth-gradient-128x96.png,8,full-frame-soft,full-frame,soft,kmeans:inittype=none:threshold=0.125:binbits=6:mapping=uniform:softdist=trilinear:feedback=0:prune=hamerly:seed=1:restarts=1:iter=20:miniter=0:polish_iter=0:feedback_slots=1:feedback_interval=1:sample_target=16384,0.631227,10.475889,'{img2sixel}' --threads=1 --precision=8bit --quality=full '--loaders=libpng:cms_engine=builtin!' --sampling-policy=full-frame --binning-policy=soft --quantize-model=kmeans:inittype=none:threshold=0.125:binbits=6:mapping=uniform:softdist=trilinear:feedback=0:prune=hamerly:seed=1:restarts=1:iter=20:miniter=0:polish_iter=0:feedback_slots=1:feedback_interval=1:sample_target=16384 -Xoklab -Wgamma --diffusion=none --gpu-policy=off --lookup-policy=none -F none -a off -p 8 '{input}',"'{lsqa}' '--loaders=libpng,builtin!' --env SIXEL_LOADER_LIBPNG_CMS_ENGINE=builtin '{input}' -"
smooth-gradient-small,"smooth gradient, small",gradient,scale,128,96,12288,f2c138d8f6aa0a90c89d019f85eaf9bb3efa5edb,macOS-26.5.1-arm64-arm-64bit-Mach-O,images/measurements/palette-pipeline/smooth-gradient-128x96.png,16,full-frame-hard,full-frame,hard,kmeans:inittype=none:threshold=0.125:binbits=6:mapping=uniform:softdist=trilinear:feedback=0:prune=hamerly:seed=1:restarts=1:iter=20:miniter=0:polish_iter=0:feedback_slots=1:feedback_interval=1:sample_target=16384,0.713093,7.54189,'{img2sixel}' --threads=1 --precision=8bit --quality=full '--loaders=libpng:cms_engine=builtin!' --sampling-policy=full-frame --binning-policy=hard --quantize-model=kmeans:inittype=none:threshold=0.125:binbits=6:mapping=uniform:softdist=trilinear:feedback=0:prune=hamerly:seed=1:restarts=1:iter=20:miniter=0:polish_iter=0:feedback_slots=1:feedback_interval=1:sample_target=16384 -Xoklab -Wgamma --diffusion=none --gpu-policy=off --lookup-policy=none -F none -a off -p 16 '{input}',"'{lsqa}' '--loaders=libpng,builtin!' --env SIXEL_LOADER_LIBPNG_CMS_ENGINE=builtin '{input}' -"
smooth-gradient-small,"smooth gradient, small",gradient,scale,128,96,12288,f2c138d8f6aa0a90c89d019f85eaf9bb3efa5edb,macOS-26.5.1-arm64-arm-64bit-Mach-O,images/measurements/palette-pipeline/smooth-gradient-128x96.png,16,adaptive-grid-hard,adaptive-grid,hard,kmeans:inittype=none:threshold=0.125:binbits=6:mapping=uniform:softdist=trilinear:feedback=0:prune=hamerly:seed=1:restarts=1:iter=20:miniter=0:polish_iter=0:feedback_slots=1:feedback_interval=1:sample_target=16384,0.716848,7.306479,'{img2sixel}' --threads=1 --precision=8bit --quality=full '--loaders=libpng:cms_engine=builtin!' --sampling-policy=adaptive-grid --binning-policy=hard --quantize-model=kmeans:inittype=none:threshold=0.125:binbits=6:mapping=uniform:softdist=trilinear:feedback=0:prune=hamerly:seed=1:restarts=1:iter=20:miniter=0:polish_iter=0:feedback_slots=1:feedback_interval=1:sample_target=16384 -Xoklab -Wgamma --diffusion=none --gpu-policy=off --lookup-policy=none -F none -a off -p 16 '{input}',"'{lsqa}' '--loaders=libpng,builtin!' --env SIXEL_LOADER_LIBPNG_CMS_ENGINE=builtin '{input}' -"
smooth-gradient-small,"smooth gradient, small",gradient,scale,128,96,12288,f2c138d8f6aa0a90c89d019f85eaf9bb3efa5edb,macOS-26.5.1-arm64-arm-64bit-Mach-O,images/measurements/palette-pipeline/smooth-gradient-128x96.png,16,full-frame-none,full-frame,none,kmeans:inittype=none:threshold=0.125:binbits=6:mapping=uniform:softdist=trilinear:feedback=0:prune=hamerly:seed=1:restarts=1:iter=20:miniter=0:polish_iter=0:feedback_slots=1:feedback_interval=1:sample_target=16384,0.704035,7.229606,'{img2sixel}' --threads=1 --precision=8bit --quality=full '--loaders=libpng:cms_engine=builtin!' --sampling-policy=full-frame --binning-policy=none --quantize-model=kmeans:inittype=none:threshold=0.125:binbits=6:mapping=uniform:softdist=trilinear:feedback=0:prune=hamerly:seed=1:restarts=1:iter=20:miniter=0:polish_iter=0:feedback_slots=1:feedback_interval=1:sample_target=16384 -Xoklab -Wgamma --diffusion=none --gpu-policy=off --lookup-policy=none -F none -a off -p 16 '{input}',"'{lsqa}' '--loaders=libpng,builtin!' --env SIXEL_LOADER_LIBPNG_CMS_ENGINE=builtin '{input}' -"
smooth-gradient-small,"smooth gradient, small",gradient,scale,128,96,12288,f2c138d8f6aa0a90c89d019f85eaf9bb3efa5edb,macOS-26.5.1-arm64-arm-64bit-Mach-O,images/measurements/palette-pipeline/smooth-gradient-128x96.png,16,full-frame-exact,full-frame,exact,kmeans:inittype=none:threshold=0.125:binbits=6:mapping=uniform:softdist=trilinear:feedback=0:prune=hamerly:seed=1:restarts=1:iter=20:miniter=0:polish_iter=0:feedback_slots=1:feedback_interval=1:sample_target=16384,0.717716,7.214461,'{img2sixel}' --threads=1 --precision=8bit --quality=full '--loaders=libpng:cms_engine=builtin!' --sampling-policy=full-frame --binning-policy=exact --quantize-model=kmeans:inittype=none:threshold=0.125:binbits=6:mapping=uniform:softdist=trilinear:feedback=0:prune=hamerly:seed=1:restarts=1:iter=20:miniter=0:polish_iter=0:feedback_slots=1:feedback_interval=1:sample_target=16384 -Xoklab -Wgamma --diffusion=none --gpu-policy=off --lookup-policy=none -F none -a off -p 16 '{input}',"'{lsqa}' '--loaders=libpng,builtin!' --env SIXEL_LOADER_LIBPNG_CMS_ENGINE=builtin '{input}' -"
smooth-gradient-small,"smooth gradient, small",gradient,scale,128,96,12288,f2c138d8f6aa0a90c89d019f85eaf9bb3efa5edb,macOS-26.5.1-arm64-arm-64bit-Mach-O,images/measurements/palette-pipeline/smooth-gradient-128x96.png,16,full-frame-soft,full-frame,soft,kmeans:inittype=none:threshold=0.125:binbits=6:mapping=uniform:softdist=trilinear:feedback=0:prune=hamerly:seed=1:restarts=1:iter=20:miniter=0:polish_iter=0:feedback_slots=1:feedback_interval=1:sample_target=16384,0.701184,7.478467,'{img2sixel}' --threads=1 --precision=8bit --quality=full '--loaders=libpng:cms_engine=builtin!' --sampling-policy=full-frame --binning-policy=soft --quantize-model=kmeans:inittype=none:threshold=0.125:binbits=6:mapping=uniform:softdist=trilinear:feedback=0:prune=hamerly:seed=1:restarts=1:iter=20:miniter=0:polish_iter=0:feedback_slots=1:feedback_interval=1:sample_target=16384 -Xoklab -Wgamma --diffusion=none --gpu-policy=off --lookup-policy=none -F none -a off -p 16 '{input}',"'{lsqa}' '--loaders=libpng,builtin!' --env SIXEL_LOADER_LIBPNG_CMS_ENGINE=builtin '{input}' -"
smooth-gradient-small,"smooth gradient, small",gradient,scale,128,96,12288,f2c138d8f6aa0a90c89d019f85eaf9bb3efa5edb,macOS-26.5.1-arm64-arm-64bit-Mach-O,images/measurements/palette-pipeline/smooth-gradient-128x96.png,32,full-frame-hard,full-frame,hard,kmeans:inittype=none:threshold=0.125:binbits=6:mapping=uniform:softdist=trilinear:feedback=0:prune=hamerly:seed=1:restarts=1:iter=20:miniter=0:polish_iter=0:feedback_slots=1:feedback_interval=1:sample_target=16384,0.790633,5.349013,'{img2sixel}' --threads=1 --precision=8bit --quality=full '--loaders=libpng:cms_engine=builtin!' --sampling-policy=full-frame --binning-policy=hard --quantize-model=kmeans:inittype=none:threshold=0.125:binbits=6:mapping=uniform:softdist=trilinear:feedback=0:prune=hamerly:seed=1:restarts=1:iter=20:miniter=0:polish_iter=0:feedback_slots=1:feedback_interval=1:sample_target=16384 -Xoklab -Wgamma --diffusion=none --gpu-policy=off --lookup-policy=none -F none -a off -p 32 '{input}',"'{lsqa}' '--loaders=libpng,builtin!' --env SIXEL_LOADER_LIBPNG_CMS_ENGINE=builtin '{input}' -"
smooth-gradient-small,"smooth gradient, small",gradient,scale,128,96,12288,f2c138d8f6aa0a90c89d019f85eaf9bb3efa5edb,macOS-26.5.1-arm64-arm-64bit-Mach-O,images/measurements/palette-pipeline/smooth-gradient-128x96.png,32,adaptive-grid-hard,adaptive-grid,hard,kmeans:inittype=none:threshold=0.125:binbits=6:mapping=uniform:softdist=trilinear:feedback=0:prune=hamerly:seed=1:restarts=1:iter=20:miniter=0:polish_iter=0:feedback_slots=1:feedback_interval=1:sample_target=16384,0.80858,5.47647,'{img2sixel}' --threads=1 --precision=8bit --quality=full '--loaders=libpng:cms_engine=builtin!' --sampling-policy=adaptive-grid --binning-policy=hard --quantize-model=kmeans:inittype=none:threshold=0.125:binbits=6:mapping=uniform:softdist=trilinear:feedback=0:prune=hamerly:seed=1:restarts=1:iter=20:miniter=0:polish_iter=0:feedback_slots=1:feedback_interval=1:sample_target=16384 -Xoklab -Wgamma --diffusion=none --gpu-policy=off --lookup-policy=none -F none -a off -p 32 '{input}',"'{lsqa}' '--loaders=libpng,builtin!' --env SIXEL_LOADER_LIBPNG_CMS_ENGINE=builtin '{input}' -"
smooth-gradient-small,"smooth gradient, small",gradient,scale,128,96,12288,f2c138d8f6aa0a90c89d019f85eaf9bb3efa5edb,macOS-26.5.1-arm64-arm-64bit-Mach-O,images/measurements/palette-pipeline/smooth-gradient-128x96.png,32,full-frame-none,full-frame,none,kmeans:inittype=none:threshold=0.125:binbits=6:mapping=uniform:softdist=trilinear:feedback=0:prune=hamerly:seed=1:restarts=1:iter=20:miniter=0:polish_iter=0:feedback_slots=1:feedback_interval=1:sample_target=16384,0.805719,5.460506,'{img2sixel}' --threads=1 --precision=8bit --quality=full '--loaders=libpng:cms_engine=builtin!' --sampling-policy=full-frame --binning-policy=none --quantize-model=kmeans:inittype=none:threshold=0.125:binbits=6:mapping=uniform:softdist=trilinear:feedback=0:prune=hamerly:seed=1:restarts=1:iter=20:miniter=0:polish_iter=0:feedback_slots=1:feedback_interval=1:sample_target=16384 -Xoklab -Wgamma --diffusion=none --gpu-policy=off --lookup-policy=none -F none -a off -p 32 '{input}',"'{lsqa}' '--loaders=libpng,builtin!' --env SIXEL_LOADER_LIBPNG_CMS_ENGINE=builtin '{input}' -"
smooth-gradient-small,"smooth gradient, small",gradient,scale,128,96,12288,f2c138d8f6aa0a90c89d019f85eaf9bb3efa5edb,macOS-26.5.1-arm64-arm-64bit-Mach-O,images/measurements/palette-pipeline/smooth-gradient-128x96.png,32,full-frame-exact,full-frame,exact,kmeans:inittype=none:threshold=0.125:binbits=6:mapping=uniform:softdist=trilinear:feedback=0:prune=hamerly:seed=1:restarts=1:iter=20:miniter=0:polish_iter=0:feedback_slots=1:feedback_interval=1:sample_target=16384,0.792339,5.275431,'{img2sixel}' --threads=1 --precision=8bit --quality=full '--loaders=libpng:cms_engine=builtin!' --sampling-policy=full-frame --binning-policy=exact --quantize-model=kmeans:inittype=none:threshold=0.125:binbits=6:mapping=uniform:softdist=trilinear:feedback=0:prune=hamerly:seed=1:restarts=1:iter=20:miniter=0:polish_iter=0:feedback_slots=1:feedback_interval=1:sample_target=16384 -Xoklab -Wgamma --diffusion=none --gpu-policy=off --lookup-policy=none -F none -a off -p 32 '{input}',"'{lsqa}' '--loaders=libpng,builtin!' --env SIXEL_LOADER_LIBPNG_CMS_ENGINE=builtin '{input}' -"
smooth-gradient-small,"smooth gradient, small",gradient,scale,128,96,12288,f2c138d8f6aa0a90c89d019f85eaf9bb3efa5edb,macOS-26.5.1-arm64-arm-64bit-Mach-O,images/measurements/palette-pipeline/smooth-gradient-128x96.png,32,full-frame-soft,full-frame,soft,kmeans:inittype=none:threshold=0.125:binbits=6:mapping=uniform:softdist=trilinear:feedback=0:prune=hamerly:seed=1:restarts=1:iter=20:miniter=0:polish_iter=0:feedback_slots=1:feedback_interval=1:sample_target=16384,0.804565,5.120868,'{img2sixel}' --threads=1 --precision=8bit --quality=full '--loaders=libpng:cms_engine=builtin!' --sampling-policy=full-frame --binning-policy=soft --quantize-model=kmeans:inittype=none:threshold=0.125:binbits=6:mapping=uniform:softdist=trilinear:feedback=0:prune=hamerly:seed=1:restarts=1:iter=20:miniter=0:polish_iter=0:feedback_slots=1:feedback_interval=1:sample_target=16384 -Xoklab -Wgamma --diffusion=none --gpu-policy=off --lookup-policy=none -F none -a off -p 32 '{input}',"'{lsqa}' '--loaders=libpng,builtin!' --env SIXEL_LOADER_LIBPNG_CMS_ENGINE=builtin '{input}' -"
smooth-gradient-small,"smooth gradient, small",gradient,scale,128,96,12288,f2c138d8f6aa0a90c89d019f85eaf9bb3efa5edb,macOS-26.5.1-arm64-arm-64bit-Mach-O,images/measurements/palette-pipeline/smooth-gradient-128x96.png,64,full-frame-hard,full-frame,hard,kmeans:inittype=none:threshold=0.125:binbits=6:mapping=uniform:softdist=trilinear:feedback=0:prune=hamerly:seed=1:restarts=1:iter=20:miniter=0:polish_iter=0:feedback_slots=1:feedback_interval=1:sample_target=16384,0.864037,3.792352,'{img2sixel}' --threads=1 --precision=8bit --quality=full '--loaders=libpng:cms_engine=builtin!' --sampling-policy=full-frame --binning-policy=hard --quantize-model=kmeans:inittype=none:threshold=0.125:binbits=6:mapping=uniform:softdist=trilinear:feedback=0:prune=hamerly:seed=1:restarts=1:iter=20:miniter=0:polish_iter=0:feedback_slots=1:feedback_interval=1:sample_target=16384 -Xoklab -Wgamma --diffusion=none --gpu-policy=off --lookup-policy=none -F none -a off -p 64 '{input}',"'{lsqa}' '--loaders=libpng,builtin!' --env SIXEL_LOADER_LIBPNG_CMS_ENGINE=builtin '{input}' -"
smooth-gradient-small,"smooth gradient, small",gradient,scale,128,96,12288,f2c138d8f6aa0a90c89d019f85eaf9bb3efa5edb,macOS-26.5.1-arm64-arm-64bit-Mach-O,images/measurements/palette-pipeline/smooth-gradient-128x96.png,64,adaptive-grid-hard,adaptive-grid,hard,kmeans:inittype=none:threshold=0.125:binbits=6:mapping=uniform:softdist=trilinear:feedback=0:prune=hamerly:seed=1:restarts=1:iter=20:miniter=0:polish_iter=0:feedback_slots=1:feedback_interval=1:sample_target=16384,0.869076,3.818211,'{img2sixel}' --threads=1 --precision=8bit --quality=full '--loaders=libpng:cms_engine=builtin!' --sampling-policy=adaptive-grid --binning-policy=hard --quantize-model=kmeans:inittype=none:threshold=0.125:binbits=6:mapping=uniform:softdist=trilinear:feedback=0:prune=hamerly:seed=1:restarts=1:iter=20:miniter=0:polish_iter=0:feedback_slots=1:feedback_interval=1:sample_target=16384 -Xoklab -Wgamma --diffusion=none --gpu-policy=off --lookup-policy=none -F none -a off -p 64 '{input}',"'{lsqa}' '--loaders=libpng,builtin!' --env SIXEL_LOADER_LIBPNG_CMS_ENGINE=builtin '{input}' -"
smooth-gradient-small,"smooth gradient, small",gradient,scale,128,96,12288,f2c138d8f6aa0a90c89d019f85eaf9bb3efa5edb,macOS-26.5.1-arm64-arm-64bit-Mach-O,images/measurements/palette-pipeline/smooth-gradient-128x96.png,64,full-frame-none,full-frame,none,kmeans:inittype=none:threshold=0.125:binbits=6:mapping=uniform:softdist=trilinear:feedback=0:prune=hamerly:seed=1:restarts=1:iter=20:miniter=0:polish_iter=0:feedback_slots=1:feedback_interval=1:sample_target=16384,0.871516,3.772452,'{img2sixel}' --threads=1 --precision=8bit --quality=full '--loaders=libpng:cms_engine=builtin!' --sampling-policy=full-frame --binning-policy=none --quantize-model=kmeans:inittype=none:threshold=0.125:binbits=6:mapping=uniform:softdist=trilinear:feedback=0:prune=hamerly:seed=1:restarts=1:iter=20:miniter=0:polish_iter=0:feedback_slots=1:feedback_interval=1:sample_target=16384 -Xoklab -Wgamma --diffusion=none --gpu-policy=off --lookup-policy=none -F none -a off -p 64 '{input}',"'{lsqa}' '--loaders=libpng,builtin!' --env SIXEL_LOADER_LIBPNG_CMS_ENGINE=builtin '{input}' -"
smooth-gradient-small,"smooth gradient, small",gradient,scale,128,96,12288,f2c138d8f6aa0a90c89d019f85eaf9bb3efa5edb,macOS-26.5.1-arm64-arm-64bit-Mach-O,images/measurements/palette-pipeline/smooth-gradient-128x96.png,64,full-frame-exact,full-frame,exact,kmeans:inittype=none:threshold=0.125:binbits=6:mapping=uniform:softdist=trilinear:feedback=0:prune=hamerly:seed=1:restarts=1:iter=20:miniter=0:polish_iter=0:feedback_slots=1:feedback_interval=1:sample_target=16384,0.870203,3.811911,'{img2sixel}' --threads=1 --precision=8bit --quality=full '--loaders=libpng:cms_engine=builtin!' --sampling-policy=full-frame --binning-policy=exact --quantize-model=kmeans:inittype=none:threshold=0.125:binbits=6:mapping=uniform:softdist=trilinear:feedback=0:prune=hamerly:seed=1:restarts=1:iter=20:miniter=0:polish_iter=0:feedback_slots=1:feedback_interval=1:sample_target=16384 -Xoklab -Wgamma --diffusion=none --gpu-policy=off --lookup-policy=none -F none -a off -p 64 '{input}',"'{lsqa}' '--loaders=libpng,builtin!' --env SIXEL_LOADER_LIBPNG_CMS_ENGINE=builtin '{input}' -"
smooth-gradient-small,"smooth gradient, small",gradient,scale,128,96,12288,f2c138d8f6aa0a90c89d019f85eaf9bb3efa5edb,macOS-26.5.1-arm64-arm-64bit-Mach-O,images/measurements/palette-pipeline/smooth-gradient-128x96.png,64,full-frame-soft,full-frame,soft,kmeans:inittype=none:threshold=0.125:binbits=6:mapping=uniform:softdist=trilinear:feedback=0:prune=hamerly:seed=1:restarts=1:iter=20:miniter=0:polish_iter=0:feedback_slots=1:feedback_interval=1:sample_target=16384,0.871635,3.838181,'{img2sixel}' --threads=1 --precision=8bit --quality=full '--loaders=libpng:cms_engine=builtin!' --sampling-policy=full-frame --binning-policy=soft --quantize-model=kmeans:inittype=none:threshold=0.125:binbits=6:mapping=uniform:softdist=trilinear:feedback=0:prune=hamerly:seed=1:restarts=1:iter=20:miniter=0:polish_iter=0:feedback_slots=1:feedback_interval=1:sample_target=16384 -Xoklab -Wgamma --diffusion=none --gpu-policy=off --lookup-policy=none -F none -a off -p 64 '{input}',"'{lsqa}' '--loaders=libpng,builtin!' --env SIXEL_LOADER_LIBPNG_CMS_ENGINE=builtin '{input}' -"
smooth-gradient-small,"smooth gradient, small",gradient,scale,128,96,12288,f2c138d8f6aa0a90c89d019f85eaf9bb3efa5edb,macOS-26.5.1-arm64-arm-64bit-Mach-O,images/measurements/palette-pipeline/smooth-gradient-128x96.png,128,full-frame-hard,full-frame,hard,kmeans:inittype=none:threshold=0.125:binbits=6:mapping=uniform:softdist=trilinear:feedback=0:prune=hamerly:seed=1:restarts=1:iter=20:miniter=0:polish_iter=0:feedback_slots=1:feedback_interval=1:sample_target=16384,0.917077,2.783712,'{img2sixel}' --threads=1 --precision=8bit --quality=full '--loaders=libpng:cms_engine=builtin!' --sampling-policy=full-frame --binning-policy=hard --quantize-model=kmeans:inittype=none:threshold=0.125:binbits=6:mapping=uniform:softdist=trilinear:feedback=0:prune=hamerly:seed=1:restarts=1:iter=20:miniter=0:polish_iter=0:feedback_slots=1:feedback_interval=1:sample_target=16384 -Xoklab -Wgamma --diffusion=none --gpu-policy=off --lookup-policy=none -F none -a off -p 128 '{input}',"'{lsqa}' '--loaders=libpng,builtin!' --env SIXEL_LOADER_LIBPNG_CMS_ENGINE=builtin '{input}' -"
smooth-gradient-small,"smooth gradient, small",gradient,scale,128,96,12288,f2c138d8f6aa0a90c89d019f85eaf9bb3efa5edb,macOS-26.5.1-arm64-arm-64bit-Mach-O,images/measurements/palette-pipeline/smooth-gradient-128x96.png,128,adaptive-grid-hard,adaptive-grid,hard,kmeans:inittype=none:threshold=0.125:binbits=6:mapping=uniform:softdist=trilinear:feedback=0:prune=hamerly:seed=1:restarts=1:iter=20:miniter=0:polish_iter=0:feedback_slots=1:feedback_interval=1:sample_target=16384,0.926795,2.780113,'{img2sixel}' --threads=1 --precision=8bit --quality=full '--loaders=libpng:cms_engine=builtin!' --sampling-policy=adaptive-grid --binning-policy=hard --quantize-model=kmeans:inittype=none:threshold=0.125:binbits=6:mapping=uniform:softdist=trilinear:feedback=0:prune=hamerly:seed=1:restarts=1:iter=20:miniter=0:polish_iter=0:feedback_slots=1:feedback_interval=1:sample_target=16384 -Xoklab -Wgamma --diffusion=none --gpu-policy=off --lookup-policy=none -F none -a off -p 128 '{input}',"'{lsqa}' '--loaders=libpng,builtin!' --env SIXEL_LOADER_LIBPNG_CMS_ENGINE=builtin '{input}' -"
smooth-gradient-small,"smooth gradient, small",gradient,scale,128,96,12288,f2c138d8f6aa0a90c89d019f85eaf9bb3efa5edb,macOS-26.5.1-arm64-arm-64bit-Mach-O,images/measurements/palette-pipeline/smooth-gradient-128x96.png,128,full-frame-none,full-frame,none,kmeans:inittype=none:threshold=0.125:binbits=6:mapping=uniform:softdist=trilinear:feedback=0:prune=hamerly:seed=1:restarts=1:iter=20:miniter=0:polish_iter=0:feedback_slots=1:feedback_interval=1:sample_target=16384,0.925964,2.649853,'{img2sixel}' --threads=1 --precision=8bit --quality=full '--loaders=libpng:cms_engine=builtin!' --sampling-policy=full-frame --binning-policy=none --quantize-model=kmeans:inittype=none:threshold=0.125:binbits=6:mapping=uniform:softdist=trilinear:feedback=0:prune=hamerly:seed=1:restarts=1:iter=20:miniter=0:polish_iter=0:feedback_slots=1:feedback_interval=1:sample_target=16384 -Xoklab -Wgamma --diffusion=none --gpu-policy=off --lookup-policy=none -F none -a off -p 128 '{input}',"'{lsqa}' '--loaders=libpng,builtin!' --env SIXEL_LOADER_LIBPNG_CMS_ENGINE=builtin '{input}' -"
smooth-gradient-small,"smooth gradient, small",gradient,scale,128,96,12288,f2c138d8f6aa0a90c89d019f85eaf9bb3efa5edb,macOS-26.5.1-arm64-arm-64bit-Mach-O,images/measurements/palette-pipeline/smooth-gradient-128x96.png,128,full-frame-exact,full-frame,exact,kmeans:inittype=none:threshold=0.125:binbits=6:mapping=uniform:softdist=trilinear:feedback=0:prune=hamerly:seed=1:restarts=1:iter=20:miniter=0:polish_iter=0:feedback_slots=1:feedback_interval=1:sample_target=16384,0.921939,2.729556,'{img2sixel}' --threads=1 --precision=8bit --quality=full '--loaders=libpng:cms_engine=builtin!' --sampling-policy=full-frame --binning-policy=exact --quantize-model=kmeans:inittype=none:threshold=0.125:binbits=6:mapping=uniform:softdist=trilinear:feedback=0:prune=hamerly:seed=1:restarts=1:iter=20:miniter=0:polish_iter=0:feedback_slots=1:feedback_interval=1:sample_target=16384 -Xoklab -Wgamma --diffusion=none --gpu-policy=off --lookup-policy=none -F none -a off -p 128 '{input}',"'{lsqa}' '--loaders=libpng,builtin!' --env SIXEL_LOADER_LIBPNG_CMS_ENGINE=builtin '{input}' -"
smooth-gradient-small,"smooth gradient, small",gradient,scale,128,96,12288,f2c138d8f6aa0a90c89d019f85eaf9bb3efa5edb,macOS-26.5.1-arm64-arm-64bit-Mach-O,images/measurements/palette-pipeline/smooth-gradient-128x96.png,128,full-frame-soft,full-frame,soft,kmeans:inittype=none:threshold=0.125:binbits=6:mapping=uniform:softdist=trilinear:feedback=0:prune=hamerly:seed=1:restarts=1:iter=20:miniter=0:polish_iter=0:feedback_slots=1:feedback_interval=1:sample_target=16384,0.91936,2.746838,'{img2sixel}' --threads=1 --precision=8bit --quality=full '--loaders=libpng:cms_engine=builtin!' --sampling-policy=full-frame --binning-policy=soft --quantize-model=kmeans:inittype=none:threshold=0.125:binbits=6:mapping=uniform:softdist=trilinear:feedback=0:prune=hamerly:seed=1:restarts=1:iter=20:miniter=0:polish_iter=0:feedback_slots=1:feedback_interval=1:sample_target=16384 -Xoklab -Wgamma --diffusion=none --gpu-policy=off --lookup-policy=none -F none -a off -p 128 '{input}',"'{lsqa}' '--loaders=libpng,builtin!' --env SIXEL_LOADER_LIBPNG_CMS_ENGINE=builtin '{input}' -"
smooth-gradient-small,"smooth gradient, small",gradient,scale,128,96,12288,f2c138d8f6aa0a90c89d019f85eaf9bb3efa5edb,macOS-26.5.1-arm64-arm-64bit-Mach-O,images/measurements/palette-pipeline/smooth-gradient-128x96.png,256,full-frame-hard,full-frame,hard,kmeans:inittype=none:threshold=0.125:binbits=6:mapping=uniform:softdist=trilinear:feedback=0:prune=hamerly:seed=1:restarts=1:iter=20:miniter=0:polish_iter=0:feedback_slots=1:feedback_interval=1:sample_target=16384,0.958976,2.019071,'{img2sixel}' --threads=1 --precision=8bit --quality=full '--loaders=libpng:cms_engine=builtin!' --sampling-policy=full-frame --binning-policy=hard --quantize-model=kmeans:inittype=none:threshold=0.125:binbits=6:mapping=uniform:softdist=trilinear:feedback=0:prune=hamerly:seed=1:restarts=1:iter=20:miniter=0:polish_iter=0:feedback_slots=1:feedback_interval=1:sample_target=16384 -Xoklab -Wgamma --diffusion=none --gpu-policy=off --lookup-policy=none -F none -a off -p 256 '{input}',"'{lsqa}' '--loaders=libpng,builtin!' --env SIXEL_LOADER_LIBPNG_CMS_ENGINE=builtin '{input}' -"
smooth-gradient-small,"smooth gradient, small",gradient,scale,128,96,12288,f2c138d8f6aa0a90c89d019f85eaf9bb3efa5edb,macOS-26.5.1-arm64-arm-64bit-Mach-O,images/measurements/palette-pipeline/smooth-gradient-128x96.png,256,adaptive-grid-hard,adaptive-grid,hard,kmeans:inittype=none:threshold=0.125:binbits=6:mapping=uniform:softdist=trilinear:feedback=0:prune=hamerly:seed=1:restarts=1:iter=20:miniter=0:polish_iter=0:feedback_slots=1:feedback_interval=1:sample_target=16384,0.95763,2.069323,'{img2sixel}' --threads=1 --precision=8bit --quality=full '--loaders=libpng:cms_engine=builtin!' --sampling-policy=adaptive-grid --binning-policy=hard --quantize-model=kmeans:inittype=none:threshold=0.125:binbits=6:mapping=uniform:softdist=trilinear:feedback=0:prune=hamerly:seed=1:restarts=1:iter=20:miniter=0:polish_iter=0:feedback_slots=1:feedback_interval=1:sample_target=16384 -Xoklab -Wgamma --diffusion=none --gpu-policy=off --lookup-policy=none -F none -a off -p 256 '{input}',"'{lsqa}' '--loaders=libpng,builtin!' --env SIXEL_LOADER_LIBPNG_CMS_ENGINE=builtin '{input}' -"
smooth-gradient-small,"smooth gradient, small",gradient,scale,128,96,12288,f2c138d8f6aa0a90c89d019f85eaf9bb3efa5edb,macOS-26.5.1-arm64-arm-64bit-Mach-O,images/measurements/palette-pipeline/smooth-gradient-128x96.png,256,full-frame-none,full-frame,none,kmeans:inittype=none:threshold=0.125:binbits=6:mapping=uniform:softdist=trilinear:feedback=0:prune=hamerly:seed=1:restarts=1:iter=20:miniter=0:polish_iter=0:feedback_slots=1:feedback_interval=1:sample_target=16384,0.961424,1.945205,'{img2sixel}' --threads=1 --precision=8bit --quality=full '--loaders=libpng:cms_engine=builtin!' --sampling-policy=full-frame --binning-policy=none --quantize-model=kmeans:inittype=none:threshold=0.125:binbits=6:mapping=uniform:softdist=trilinear:feedback=0:prune=hamerly:seed=1:restarts=1:iter=20:miniter=0:polish_iter=0:feedback_slots=1:feedback_interval=1:sample_target=16384 -Xoklab -Wgamma --diffusion=none --gpu-policy=off --lookup-policy=none -F none -a off -p 256 '{input}',"'{lsqa}' '--loaders=libpng,builtin!' --env SIXEL_LOADER_LIBPNG_CMS_ENGINE=builtin '{input}' -"
smooth-gradient-small,"smooth gradient, small",gradient,scale,128,96,12288,f2c138d8f6aa0a90c89d019f85eaf9bb3efa5edb,macOS-26.5.1-arm64-arm-64bit-Mach-O,images/measurements/palette-pipeline/smooth-gradient-128x96.png,256,full-frame-exact,full-frame,exact,kmeans:inittype=none:threshold=0.125:binbits=6:mapping=uniform:softdist=trilinear:feedback=0:prune=hamerly:seed=1:restarts=1:iter=20:miniter=0:polish_iter=0:feedback_slots=1:feedback_interval=1:sample_target=16384,0.958826,1.936895,'{img2sixel}' --threads=1 --precision=8bit --quality=full '--loaders=libpng:cms_engine=builtin!' --sampling-policy=full-frame --binning-policy=exact --quantize-model=kmeans:inittype=none:threshold=0.125:binbits=6:mapping=uniform:softdist=trilinear:feedback=0:prune=hamerly:seed=1:restarts=1:iter=20:miniter=0:polish_iter=0:feedback_slots=1:feedback_interval=1:sample_target=16384 -Xoklab -Wgamma --diffusion=none --gpu-policy=off --lookup-policy=none -F none -a off -p 256 '{input}',"'{lsqa}' '--loaders=libpng,builtin!' --env SIXEL_LOADER_LIBPNG_CMS_ENGINE=builtin '{input}' -"
smooth-gradient-small,"smooth gradient, small",gradient,scale,128,96,12288,f2c138d8f6aa0a90c89d019f85eaf9bb3efa5edb,macOS-26.5.1-arm64-arm-64bit-Mach-O,images/measurements/palette-pipeline/smooth-gradient-128x96.png,256,full-frame-soft,full-frame,soft,kmeans:inittype=none:threshold=0.125:binbits=6:mapping=uniform:softdist=trilinear:feedback=0:prune=hamerly:seed=1:restarts=1:iter=20:miniter=0:polish_iter=0:feedback_slots=1:feedback_interval=1:sample_target=16384,0.957298,1.984095,'{img2sixel}' --threads=1 --precision=8bit --quality=full '--loaders=libpng:cms_engine=builtin!' --sampling-policy=full-frame --binning-policy=soft --quantize-model=kmeans:inittype=none:threshold=0.125:binbits=6:mapping=uniform:softdist=trilinear:feedback=0:prune=hamerly:seed=1:restarts=1:iter=20:miniter=0:polish_iter=0:feedback_slots=1:feedback_interval=1:sample_target=16384 -Xoklab -Wgamma --diffusion=none --gpu-policy=off --lookup-policy=none -F none -a off -p 256 '{input}',"'{lsqa}' '--loaders=libpng,builtin!' --env SIXEL_LOADER_LIBPNG_CMS_ENGINE=builtin '{input}' -"
smooth-gradient-medium,smooth gradient,gradient,content;scale,600,450,270000,f2c138d8f6aa0a90c89d019f85eaf9bb3efa5edb,macOS-26.5.1-arm64-arm-64bit-Mach-O,images/measurements/palette-pipeline/smooth-gradient-600x450.png,8,full-frame-hard,full-frame,hard,kmeans:inittype=none:threshold=0.125:binbits=6:mapping=uniform:softdist=trilinear:feedback=0:prune=hamerly:seed=1:restarts=1:iter=20:miniter=0:polish_iter=0:feedback_slots=1:feedback_interval=1:sample_target=16384,0.745254,10.55841,'{img2sixel}' --threads=1 --precision=8bit --quality=full '--loaders=libpng:cms_engine=builtin!' --sampling-policy=full-frame --binning-policy=hard --quantize-model=kmeans:inittype=none:threshold=0.125:binbits=6:mapping=uniform:softdist=trilinear:feedback=0:prune=hamerly:seed=1:restarts=1:iter=20:miniter=0:polish_iter=0:feedback_slots=1:feedback_interval=1:sample_target=16384 -Xoklab -Wgamma --diffusion=none --gpu-policy=off --lookup-policy=none -F none -a off -p 8 '{input}',"'{lsqa}' '--loaders=libpng,builtin!' --env SIXEL_LOADER_LIBPNG_CMS_ENGINE=builtin '{input}' -"
smooth-gradient-medium,smooth gradient,gradient,content;scale,600,450,270000,f2c138d8f6aa0a90c89d019f85eaf9bb3efa5edb,macOS-26.5.1-arm64-arm-64bit-Mach-O,images/measurements/palette-pipeline/smooth-gradient-600x450.png,8,adaptive-grid-hard,adaptive-grid,hard,kmeans:inittype=none:threshold=0.125:binbits=6:mapping=uniform:softdist=trilinear:feedback=0:prune=hamerly:seed=1:restarts=1:iter=20:miniter=0:polish_iter=0:feedback_slots=1:feedback_interval=1:sample_target=16384,0.741053,10.383145,'{img2sixel}' --threads=1 --precision=8bit --quality=full '--loaders=libpng:cms_engine=builtin!' --sampling-policy=adaptive-grid --binning-policy=hard --quantize-model=kmeans:inittype=none:threshold=0.125:binbits=6:mapping=uniform:softdist=trilinear:feedback=0:prune=hamerly:seed=1:restarts=1:iter=20:miniter=0:polish_iter=0:feedback_slots=1:feedback_interval=1:sample_target=16384 -Xoklab -Wgamma --diffusion=none --gpu-policy=off --lookup-policy=none -F none -a off -p 8 '{input}',"'{lsqa}' '--loaders=libpng,builtin!' --env SIXEL_LOADER_LIBPNG_CMS_ENGINE=builtin '{input}' -"
smooth-gradient-medium,smooth gradient,gradient,content;scale,600,450,270000,f2c138d8f6aa0a90c89d019f85eaf9bb3efa5edb,macOS-26.5.1-arm64-arm-64bit-Mach-O,images/measurements/palette-pipeline/smooth-gradient-600x450.png,8,full-frame-none,full-frame,none,kmeans:inittype=none:threshold=0.125:binbits=6:mapping=uniform:softdist=trilinear:feedback=0:prune=hamerly:seed=1:restarts=1:iter=20:miniter=0:polish_iter=0:feedback_slots=1:feedback_interval=1:sample_target=16384,0.740393,10.741828,'{img2sixel}' --threads=1 --precision=8bit --quality=full '--loaders=libpng:cms_engine=builtin!' --sampling-policy=full-frame --binning-policy=none --quantize-model=kmeans:inittype=none:threshold=0.125:binbits=6:mapping=uniform:softdist=trilinear:feedback=0:prune=hamerly:seed=1:restarts=1:iter=20:miniter=0:polish_iter=0:feedback_slots=1:feedback_interval=1:sample_target=16384 -Xoklab -Wgamma --diffusion=none --gpu-policy=off --lookup-policy=none -F none -a off -p 8 '{input}',"'{lsqa}' '--loaders=libpng,builtin!' --env SIXEL_LOADER_LIBPNG_CMS_ENGINE=builtin '{input}' -"
smooth-gradient-medium,smooth gradient,gradient,content;scale,600,450,270000,f2c138d8f6aa0a90c89d019f85eaf9bb3efa5edb,macOS-26.5.1-arm64-arm-64bit-Mach-O,images/measurements/palette-pipeline/smooth-gradient-600x450.png,8,full-frame-exact,full-frame,exact,kmeans:inittype=none:threshold=0.125:binbits=6:mapping=uniform:softdist=trilinear:feedback=0:prune=hamerly:seed=1:restarts=1:iter=20:miniter=0:polish_iter=0:feedback_slots=1:feedback_interval=1:sample_target=16384,0.740856,10.393926,'{img2sixel}' --threads=1 --precision=8bit --quality=full '--loaders=libpng:cms_engine=builtin!' --sampling-policy=full-frame --binning-policy=exact --quantize-model=kmeans:inittype=none:threshold=0.125:binbits=6:mapping=uniform:softdist=trilinear:feedback=0:prune=hamerly:seed=1:restarts=1:iter=20:miniter=0:polish_iter=0:feedback_slots=1:feedback_interval=1:sample_target=16384 -Xoklab -Wgamma --diffusion=none --gpu-policy=off --lookup-policy=none -F none -a off -p 8 '{input}',"'{lsqa}' '--loaders=libpng,builtin!' --env SIXEL_LOADER_LIBPNG_CMS_ENGINE=builtin '{input}' -"
smooth-gradient-medium,smooth gradient,gradient,content;scale,600,450,270000,f2c138d8f6aa0a90c89d019f85eaf9bb3efa5edb,macOS-26.5.1-arm64-arm-64bit-Mach-O,images/measurements/palette-pipeline/smooth-gradient-600x450.png,8,full-frame-soft,full-frame,soft,kmeans:inittype=none:threshold=0.125:binbits=6:mapping=uniform:softdist=trilinear:feedback=0:prune=hamerly:seed=1:restarts=1:iter=20:miniter=0:polish_iter=0:feedback_slots=1:feedback_interval=1:sample_target=16384,0.733924,10.19062,'{img2sixel}' --threads=1 --precision=8bit --quality=full '--loaders=libpng:cms_engine=builtin!' --sampling-policy=full-frame --binning-policy=soft --quantize-model=kmeans:inittype=none:threshold=0.125:binbits=6:mapping=uniform:softdist=trilinear:feedback=0:prune=hamerly:seed=1:restarts=1:iter=20:miniter=0:polish_iter=0:feedback_slots=1:feedback_interval=1:sample_target=16384 -Xoklab -Wgamma --diffusion=none --gpu-policy=off --lookup-policy=none -F none -a off -p 8 '{input}',"'{lsqa}' '--loaders=libpng,builtin!' --env SIXEL_LOADER_LIBPNG_CMS_ENGINE=builtin '{input}' -"
smooth-gradient-medium,smooth gradient,gradient,content;scale,600,450,270000,f2c138d8f6aa0a90c89d019f85eaf9bb3efa5edb,macOS-26.5.1-arm64-arm-64bit-Mach-O,images/measurements/palette-pipeline/smooth-gradient-600x450.png,16,full-frame-hard,full-frame,hard,kmeans:inittype=none:threshold=0.125:binbits=6:mapping=uniform:softdist=trilinear:feedback=0:prune=hamerly:seed=1:restarts=1:iter=20:miniter=0:polish_iter=0:feedback_slots=1:feedback_interval=1:sample_target=16384,0.76454,7.38761,'{img2sixel}' --threads=1 --precision=8bit --quality=full '--loaders=libpng:cms_engine=builtin!' --sampling-policy=full-frame --binning-policy=hard --quantize-model=kmeans:inittype=none:threshold=0.125:binbits=6:mapping=uniform:softdist=trilinear:feedback=0:prune=hamerly:seed=1:restarts=1:iter=20:miniter=0:polish_iter=0:feedback_slots=1:feedback_interval=1:sample_target=16384 -Xoklab -Wgamma --diffusion=none --gpu-policy=off --lookup-policy=none -F none -a off -p 16 '{input}',"'{lsqa}' '--loaders=libpng,builtin!' --env SIXEL_LOADER_LIBPNG_CMS_ENGINE=builtin '{input}' -"
smooth-gradient-medium,smooth gradient,gradient,content;scale,600,450,270000,f2c138d8f6aa0a90c89d019f85eaf9bb3efa5edb,macOS-26.5.1-arm64-arm-64bit-Mach-O,images/measurements/palette-pipeline/smooth-gradient-600x450.png,16,adaptive-grid-hard,adaptive-grid,hard,kmeans:inittype=none:threshold=0.125:binbits=6:mapping=uniform:softdist=trilinear:feedback=0:prune=hamerly:seed=1:restarts=1:iter=20:miniter=0:polish_iter=0:feedback_slots=1:feedback_interval=1:sample_target=16384,0.767347,7.313863,'{img2sixel}' --threads=1 --precision=8bit --quality=full '--loaders=libpng:cms_engine=builtin!' --sampling-policy=adaptive-grid --binning-policy=hard --quantize-model=kmeans:inittype=none:threshold=0.125:binbits=6:mapping=uniform:softdist=trilinear:feedback=0:prune=hamerly:seed=1:restarts=1:iter=20:miniter=0:polish_iter=0:feedback_slots=1:feedback_interval=1:sample_target=16384 -Xoklab -Wgamma --diffusion=none --gpu-policy=off --lookup-policy=none -F none -a off -p 16 '{input}',"'{lsqa}' '--loaders=libpng,builtin!' --env SIXEL_LOADER_LIBPNG_CMS_ENGINE=builtin '{input}' -"
smooth-gradient-medium,smooth gradient,gradient,content;scale,600,450,270000,f2c138d8f6aa0a90c89d019f85eaf9bb3efa5edb,macOS-26.5.1-arm64-arm-64bit-Mach-O,images/measurements/palette-pipeline/smooth-gradient-600x450.png,16,full-frame-none,full-frame,none,kmeans:inittype=none:threshold=0.125:binbits=6:mapping=uniform:softdist=trilinear:feedback=0:prune=hamerly:seed=1:restarts=1:iter=20:miniter=0:polish_iter=0:feedback_slots=1:feedback_interval=1:sample_target=16384,0.75382,7.203743,'{img2sixel}' --threads=1 --precision=8bit --quality=full '--loaders=libpng:cms_engine=builtin!' --sampling-policy=full-frame --binning-policy=none --quantize-model=kmeans:inittype=none:threshold=0.125:binbits=6:mapping=uniform:softdist=trilinear:feedback=0:prune=hamerly:seed=1:restarts=1:iter=20:miniter=0:polish_iter=0:feedback_slots=1:feedback_interval=1:sample_target=16384 -Xoklab -Wgamma --diffusion=none --gpu-policy=off --lookup-policy=none -F none -a off -p 16 '{input}',"'{lsqa}' '--loaders=libpng,builtin!' --env SIXEL_LOADER_LIBPNG_CMS_ENGINE=builtin '{input}' -"
smooth-gradient-medium,smooth gradient,gradient,content;scale,600,450,270000,f2c138d8f6aa0a90c89d019f85eaf9bb3efa5edb,macOS-26.5.1-arm64-arm-64bit-Mach-O,images/measurements/palette-pipeline/smooth-gradient-600x450.png,16,full-frame-exact,full-frame,exact,kmeans:inittype=none:threshold=0.125:binbits=6:mapping=uniform:softdist=trilinear:feedback=0:prune=hamerly:seed=1:restarts=1:iter=20:miniter=0:polish_iter=0:feedback_slots=1:feedback_interval=1:sample_target=16384,0.752553,7.096416,'{img2sixel}' --threads=1 --precision=8bit --quality=full '--loaders=libpng:cms_engine=builtin!' --sampling-policy=full-frame --binning-policy=exact --quantize-model=kmeans:inittype=none:threshold=0.125:binbits=6:mapping=uniform:softdist=trilinear:feedback=0:prune=hamerly:seed=1:restarts=1:iter=20:miniter=0:polish_iter=0:feedback_slots=1:feedback_interval=1:sample_target=16384 -Xoklab -Wgamma --diffusion=none --gpu-policy=off --lookup-policy=none -F none -a off -p 16 '{input}',"'{lsqa}' '--loaders=libpng,builtin!' --env SIXEL_LOADER_LIBPNG_CMS_ENGINE=builtin '{input}' -"
smooth-gradient-medium,smooth gradient,gradient,content;scale,600,450,270000,f2c138d8f6aa0a90c89d019f85eaf9bb3efa5edb,macOS-26.5.1-arm64-arm-64bit-Mach-O,images/measurements/palette-pipeline/smooth-gradient-600x450.png,16,full-frame-soft,full-frame,soft,kmeans:inittype=none:threshold=0.125:binbits=6:mapping=uniform:softdist=trilinear:feedback=0:prune=hamerly:seed=1:restarts=1:iter=20:miniter=0:polish_iter=0:feedback_slots=1:feedback_interval=1:sample_target=16384,0.757767,7.243669,'{img2sixel}' --threads=1 --precision=8bit --quality=full '--loaders=libpng:cms_engine=builtin!' --sampling-policy=full-frame --binning-policy=soft --quantize-model=kmeans:inittype=none:threshold=0.125:binbits=6:mapping=uniform:softdist=trilinear:feedback=0:prune=hamerly:seed=1:restarts=1:iter=20:miniter=0:polish_iter=0:feedback_slots=1:feedback_interval=1:sample_target=16384 -Xoklab -Wgamma --diffusion=none --gpu-policy=off --lookup-policy=none -F none -a off -p 16 '{input}',"'{lsqa}' '--loaders=libpng,builtin!' --env SIXEL_LOADER_LIBPNG_CMS_ENGINE=builtin '{input}' -"
smooth-gradient-medium,smooth gradient,gradient,content;scale,600,450,270000,f2c138d8f6aa0a90c89d019f85eaf9bb3efa5edb,macOS-26.5.1-arm64-arm-64bit-Mach-O,images/measurements/palette-pipeline/smooth-gradient-600x450.png,32,full-frame-hard,full-frame,hard,kmeans:inittype=none:threshold=0.125:binbits=6:mapping=uniform:softdist=trilinear:feedback=0:prune=hamerly:seed=1:restarts=1:iter=20:miniter=0:polish_iter=0:feedback_slots=1:feedback_interval=1:sample_target=16384,0.787935,5.237303,'{img2sixel}' --threads=1 --precision=8bit --quality=full '--loaders=libpng:cms_engine=builtin!' --sampling-policy=full-frame --binning-policy=hard --quantize-model=kmeans:inittype=none:threshold=0.125:binbits=6:mapping=uniform:softdist=trilinear:feedback=0:prune=hamerly:seed=1:restarts=1:iter=20:miniter=0:polish_iter=0:feedback_slots=1:feedback_interval=1:sample_target=16384 -Xoklab -Wgamma --diffusion=none --gpu-policy=off --lookup-policy=none -F none -a off -p 32 '{input}',"'{lsqa}' '--loaders=libpng,builtin!' --env SIXEL_LOADER_LIBPNG_CMS_ENGINE=builtin '{input}' -"
smooth-gradient-medium,smooth gradient,gradient,content;scale,600,450,270000,f2c138d8f6aa0a90c89d019f85eaf9bb3efa5edb,macOS-26.5.1-arm64-arm-64bit-Mach-O,images/measurements/palette-pipeline/smooth-gradient-600x450.png,32,adaptive-grid-hard,adaptive-grid,hard,kmeans:inittype=none:threshold=0.125:binbits=6:mapping=uniform:softdist=trilinear:feedback=0:prune=hamerly:seed=1:restarts=1:iter=20:miniter=0:polish_iter=0:feedback_slots=1:feedback_interval=1:sample_target=16384,0.78423,5.363973,'{img2sixel}' --threads=1 --precision=8bit --quality=full '--loaders=libpng:cms_engine=builtin!' --sampling-policy=adaptive-grid --binning-policy=hard --quantize-model=kmeans:inittype=none:threshold=0.125:binbits=6:mapping=uniform:softdist=trilinear:feedback=0:prune=hamerly:seed=1:restarts=1:iter=20:miniter=0:polish_iter=0:feedback_slots=1:feedback_interval=1:sample_target=16384 -Xoklab -Wgamma --diffusion=none --gpu-policy=off --lookup-policy=none -F none -a off -p 32 '{input}',"'{lsqa}' '--loaders=libpng,builtin!' --env SIXEL_LOADER_LIBPNG_CMS_ENGINE=builtin '{input}' -"
smooth-gradient-medium,smooth gradient,gradient,content;scale,600,450,270000,f2c138d8f6aa0a90c89d019f85eaf9bb3efa5edb,macOS-26.5.1-arm64-arm-64bit-Mach-O,images/measurements/palette-pipeline/smooth-gradient-600x450.png,32,full-frame-none,full-frame,none,kmeans:inittype=none:threshold=0.125:binbits=6:mapping=uniform:softdist=trilinear:feedback=0:prune=hamerly:seed=1:restarts=1:iter=20:miniter=0:polish_iter=0:feedback_slots=1:feedback_interval=1:sample_target=16384,0.789482,5.254343,'{img2sixel}' --threads=1 --precision=8bit --quality=full '--loaders=libpng:cms_engine=builtin!' --sampling-policy=full-frame --binning-policy=none --quantize-model=kmeans:inittype=none:threshold=0.125:binbits=6:mapping=uniform:softdist=trilinear:feedback=0:prune=hamerly:seed=1:restarts=1:iter=20:miniter=0:polish_iter=0:feedback_slots=1:feedback_interval=1:sample_target=16384 -Xoklab -Wgamma --diffusion=none --gpu-policy=off --lookup-policy=none -F none -a off -p 32 '{input}',"'{lsqa}' '--loaders=libpng,builtin!' --env SIXEL_LOADER_LIBPNG_CMS_ENGINE=builtin '{input}' -"
smooth-gradient-medium,smooth gradient,gradient,content;scale,600,450,270000,f2c138d8f6aa0a90c89d019f85eaf9bb3efa5edb,macOS-26.5.1-arm64-arm-64bit-Mach-O,images/measurements/palette-pipeline/smooth-gradient-600x450.png,32,full-frame-exact,full-frame,exact,kmeans:inittype=none:threshold=0.125:binbits=6:mapping=uniform:softdist=trilinear:feedback=0:prune=hamerly:seed=1:restarts=1:iter=20:miniter=0:polish_iter=0:feedback_slots=1:feedback_interval=1:sample_target=16384,0.786054,5.316409,'{img2sixel}' --threads=1 --precision=8bit --quality=full '--loaders=libpng:cms_engine=builtin!' --sampling-policy=full-frame --binning-policy=exact --quantize-model=kmeans:inittype=none:threshold=0.125:binbits=6:mapping=uniform:softdist=trilinear:feedback=0:prune=hamerly:seed=1:restarts=1:iter=20:miniter=0:polish_iter=0:feedback_slots=1:feedback_interval=1:sample_target=16384 -Xoklab -Wgamma --diffusion=none --gpu-policy=off --lookup-policy=none -F none -a off -p 32 '{input}',"'{lsqa}' '--loaders=libpng,builtin!' --env SIXEL_LOADER_LIBPNG_CMS_ENGINE=builtin '{input}' -"
smooth-gradient-medium,smooth gradient,gradient,content;scale,600,450,270000,f2c138d8f6aa0a90c89d019f85eaf9bb3efa5edb,macOS-26.5.1-arm64-arm-64bit-Mach-O,images/measurements/palette-pipeline/smooth-gradient-600x450.png,32,full-frame-soft,full-frame,soft,kmeans:inittype=none:threshold=0.125:binbits=6:mapping=uniform:softdist=trilinear:feedback=0:prune=hamerly:seed=1:restarts=1:iter=20:miniter=0:polish_iter=0:feedback_slots=1:feedback_interval=1:sample_target=16384,0.789571,5.20468,'{img2sixel}' --threads=1 --precision=8bit --quality=full '--loaders=libpng:cms_engine=builtin!' --sampling-policy=full-frame --binning-policy=soft --quantize-model=kmeans:inittype=none:threshold=0.125:binbits=6:mapping=uniform:softdist=trilinear:feedback=0:prune=hamerly:seed=1:restarts=1:iter=20:miniter=0:polish_iter=0:feedback_slots=1:feedback_interval=1:sample_target=16384 -Xoklab -Wgamma --diffusion=none --gpu-policy=off --lookup-policy=none -F none -a off -p 32 '{input}',"'{lsqa}' '--loaders=libpng,builtin!' --env SIXEL_LOADER_LIBPNG_CMS_ENGINE=builtin '{input}' -"
smooth-gradient-medium,smooth gradient,gradient,content;scale,600,450,270000,f2c138d8f6aa0a90c89d019f85eaf9bb3efa5edb,macOS-26.5.1-arm64-arm-64bit-Mach-O,images/measurements/palette-pipeline/smooth-gradient-600x450.png,64,full-frame-hard,full-frame,hard,kmeans:inittype=none:threshold=0.125:binbits=6:mapping=uniform:softdist=trilinear:feedback=0:prune=hamerly:seed=1:restarts=1:iter=20:miniter=0:polish_iter=0:feedback_slots=1:feedback_interval=1:sample_target=16384,0.832961,3.790585,'{img2sixel}' --threads=1 --precision=8bit --quality=full '--loaders=libpng:cms_engine=builtin!' --sampling-policy=full-frame --binning-policy=hard --quantize-model=kmeans:inittype=none:threshold=0.125:binbits=6:mapping=uniform:softdist=trilinear:feedback=0:prune=hamerly:seed=1:restarts=1:iter=20:miniter=0:polish_iter=0:feedback_slots=1:feedback_interval=1:sample_target=16384 -Xoklab -Wgamma --diffusion=none --gpu-policy=off --lookup-policy=none -F none -a off -p 64 '{input}',"'{lsqa}' '--loaders=libpng,builtin!' --env SIXEL_LOADER_LIBPNG_CMS_ENGINE=builtin '{input}' -"
smooth-gradient-medium,smooth gradient,gradient,content;scale,600,450,270000,f2c138d8f6aa0a90c89d019f85eaf9bb3efa5edb,macOS-26.5.1-arm64-arm-64bit-Mach-O,images/measurements/palette-pipeline/smooth-gradient-600x450.png,64,adaptive-grid-hard,adaptive-grid,hard,kmeans:inittype=none:threshold=0.125:binbits=6:mapping=uniform:softdist=trilinear:feedback=0:prune=hamerly:seed=1:restarts=1:iter=20:miniter=0:polish_iter=0:feedback_slots=1:feedback_interval=1:sample_target=16384,0.826803,3.881697,'{img2sixel}' --threads=1 --precision=8bit --quality=full '--loaders=libpng:cms_engine=builtin!' --sampling-policy=adaptive-grid --binning-policy=hard --quantize-model=kmeans:inittype=none:threshold=0.125:binbits=6:mapping=uniform:softdist=trilinear:feedback=0:prune=hamerly:seed=1:restarts=1:iter=20:miniter=0:polish_iter=0:feedback_slots=1:feedback_interval=1:sample_target=16384 -Xoklab -Wgamma --diffusion=none --gpu-policy=off --lookup-policy=none -F none -a off -p 64 '{input}',"'{lsqa}' '--loaders=libpng,builtin!' --env SIXEL_LOADER_LIBPNG_CMS_ENGINE=builtin '{input}' -"
smooth-gradient-medium,smooth gradient,gradient,content;scale,600,450,270000,f2c138d8f6aa0a90c89d019f85eaf9bb3efa5edb,macOS-26.5.1-arm64-arm-64bit-Mach-O,images/measurements/palette-pipeline/smooth-gradient-600x450.png,64,full-frame-none,full-frame,none,kmeans:inittype=none:threshold=0.125:binbits=6:mapping=uniform:softdist=trilinear:feedback=0:prune=hamerly:seed=1:restarts=1:iter=20:miniter=0:polish_iter=0:feedback_slots=1:feedback_interval=1:sample_target=16384,0.830248,3.847131,'{img2sixel}' --threads=1 --precision=8bit --quality=full '--loaders=libpng:cms_engine=builtin!' --sampling-policy=full-frame --binning-policy=none --quantize-model=kmeans:inittype=none:threshold=0.125:binbits=6:mapping=uniform:softdist=trilinear:feedback=0:prune=hamerly:seed=1:restarts=1:iter=20:miniter=0:polish_iter=0:feedback_slots=1:feedback_interval=1:sample_target=16384 -Xoklab -Wgamma --diffusion=none --gpu-policy=off --lookup-policy=none -F none -a off -p 64 '{input}',"'{lsqa}' '--loaders=libpng,builtin!' --env SIXEL_LOADER_LIBPNG_CMS_ENGINE=builtin '{input}' -"
smooth-gradient-medium,smooth gradient,gradient,content;scale,600,450,270000,f2c138d8f6aa0a90c89d019f85eaf9bb3efa5edb,macOS-26.5.1-arm64-arm-64bit-Mach-O,images/measurements/palette-pipeline/smooth-gradient-600x450.png,64,full-frame-exact,full-frame,exact,kmeans:inittype=none:threshold=0.125:binbits=6:mapping=uniform:softdist=trilinear:feedback=0:prune=hamerly:seed=1:restarts=1:iter=20:miniter=0:polish_iter=0:feedback_slots=1:feedback_interval=1:sample_target=16384,0.831505,3.814249,'{img2sixel}' --threads=1 --precision=8bit --quality=full '--loaders=libpng:cms_engine=builtin!' --sampling-policy=full-frame --binning-policy=exact --quantize-model=kmeans:inittype=none:threshold=0.125:binbits=6:mapping=uniform:softdist=trilinear:feedback=0:prune=hamerly:seed=1:restarts=1:iter=20:miniter=0:polish_iter=0:feedback_slots=1:feedback_interval=1:sample_target=16384 -Xoklab -Wgamma --diffusion=none --gpu-policy=off --lookup-policy=none -F none -a off -p 64 '{input}',"'{lsqa}' '--loaders=libpng,builtin!' --env SIXEL_LOADER_LIBPNG_CMS_ENGINE=builtin '{input}' -"
smooth-gradient-medium,smooth gradient,gradient,content;scale,600,450,270000,f2c138d8f6aa0a90c89d019f85eaf9bb3efa5edb,macOS-26.5.1-arm64-arm-64bit-Mach-O,images/measurements/palette-pipeline/smooth-gradient-600x450.png,64,full-frame-soft,full-frame,soft,kmeans:inittype=none:threshold=0.125:binbits=6:mapping=uniform:softdist=trilinear:feedback=0:prune=hamerly:seed=1:restarts=1:iter=20:miniter=0:polish_iter=0:feedback_slots=1:feedback_interval=1:sample_target=16384,0.828884,3.737002,'{img2sixel}' --threads=1 --precision=8bit --quality=full '--loaders=libpng:cms_engine=builtin!' --sampling-policy=full-frame --binning-policy=soft --quantize-model=kmeans:inittype=none:threshold=0.125:binbits=6:mapping=uniform:softdist=trilinear:feedback=0:prune=hamerly:seed=1:restarts=1:iter=20:miniter=0:polish_iter=0:feedback_slots=1:feedback_interval=1:sample_target=16384 -Xoklab -Wgamma --diffusion=none --gpu-policy=off --lookup-policy=none -F none -a off -p 64 '{input}',"'{lsqa}' '--loaders=libpng,builtin!' --env SIXEL_LOADER_LIBPNG_CMS_ENGINE=builtin '{input}' -"
smooth-gradient-medium,smooth gradient,gradient,content;scale,600,450,270000,f2c138d8f6aa0a90c89d019f85eaf9bb3efa5edb,macOS-26.5.1-arm64-arm-64bit-Mach-O,images/measurements/palette-pipeline/smooth-gradient-600x450.png,128,full-frame-hard,full-frame,hard,kmeans:inittype=none:threshold=0.125:binbits=6:mapping=uniform:softdist=trilinear:feedback=0:prune=hamerly:seed=1:restarts=1:iter=20:miniter=0:polish_iter=0:feedback_slots=1:feedback_interval=1:sample_target=16384,0.870742,2.793421,'{img2sixel}' --threads=1 --precision=8bit --quality=full '--loaders=libpng:cms_engine=builtin!' --sampling-policy=full-frame --binning-policy=hard --quantize-model=kmeans:inittype=none:threshold=0.125:binbits=6:mapping=uniform:softdist=trilinear:feedback=0:prune=hamerly:seed=1:restarts=1:iter=20:miniter=0:polish_iter=0:feedback_slots=1:feedback_interval=1:sample_target=16384 -Xoklab -Wgamma --diffusion=none --gpu-policy=off --lookup-policy=none -F none -a off -p 128 '{input}',"'{lsqa}' '--loaders=libpng,builtin!' --env SIXEL_LOADER_LIBPNG_CMS_ENGINE=builtin '{input}' -"
smooth-gradient-medium,smooth gradient,gradient,content;scale,600,450,270000,f2c138d8f6aa0a90c89d019f85eaf9bb3efa5edb,macOS-26.5.1-arm64-arm-64bit-Mach-O,images/measurements/palette-pipeline/smooth-gradient-600x450.png,128,adaptive-grid-hard,adaptive-grid,hard,kmeans:inittype=none:threshold=0.125:binbits=6:mapping=uniform:softdist=trilinear:feedback=0:prune=hamerly:seed=1:restarts=1:iter=20:miniter=0:polish_iter=0:feedback_slots=1:feedback_interval=1:sample_target=16384,0.871267,2.804289,'{img2sixel}' --threads=1 --precision=8bit --quality=full '--loaders=libpng:cms_engine=builtin!' --sampling-policy=adaptive-grid --binning-policy=hard --quantize-model=kmeans:inittype=none:threshold=0.125:binbits=6:mapping=uniform:softdist=trilinear:feedback=0:prune=hamerly:seed=1:restarts=1:iter=20:miniter=0:polish_iter=0:feedback_slots=1:feedback_interval=1:sample_target=16384 -Xoklab -Wgamma --diffusion=none --gpu-policy=off --lookup-policy=none -F none -a off -p 128 '{input}',"'{lsqa}' '--loaders=libpng,builtin!' --env SIXEL_LOADER_LIBPNG_CMS_ENGINE=builtin '{input}' -"
smooth-gradient-medium,smooth gradient,gradient,content;scale,600,450,270000,f2c138d8f6aa0a90c89d019f85eaf9bb3efa5edb,macOS-26.5.1-arm64-arm-64bit-Mach-O,images/measurements/palette-pipeline/smooth-gradient-600x450.png,128,full-frame-none,full-frame,none,kmeans:inittype=none:threshold=0.125:binbits=6:mapping=uniform:softdist=trilinear:feedback=0:prune=hamerly:seed=1:restarts=1:iter=20:miniter=0:polish_iter=0:feedback_slots=1:feedback_interval=1:sample_target=16384,0.872529,2.673373,'{img2sixel}' --threads=1 --precision=8bit --quality=full '--loaders=libpng:cms_engine=builtin!' --sampling-policy=full-frame --binning-policy=none --quantize-model=kmeans:inittype=none:threshold=0.125:binbits=6:mapping=uniform:softdist=trilinear:feedback=0:prune=hamerly:seed=1:restarts=1:iter=20:miniter=0:polish_iter=0:feedback_slots=1:feedback_interval=1:sample_target=16384 -Xoklab -Wgamma --diffusion=none --gpu-policy=off --lookup-policy=none -F none -a off -p 128 '{input}',"'{lsqa}' '--loaders=libpng,builtin!' --env SIXEL_LOADER_LIBPNG_CMS_ENGINE=builtin '{input}' -"
smooth-gradient-medium,smooth gradient,gradient,content;scale,600,450,270000,f2c138d8f6aa0a90c89d019f85eaf9bb3efa5edb,macOS-26.5.1-arm64-arm-64bit-Mach-O,images/measurements/palette-pipeline/smooth-gradient-600x450.png,128,full-frame-exact,full-frame,exact,kmeans:inittype=none:threshold=0.125:binbits=6:mapping=uniform:softdist=trilinear:feedback=0:prune=hamerly:seed=1:restarts=1:iter=20:miniter=0:polish_iter=0:feedback_slots=1:feedback_interval=1:sample_target=16384,0.875126,2.690297,'{img2sixel}' --threads=1 --precision=8bit --quality=full '--loaders=libpng:cms_engine=builtin!' --sampling-policy=full-frame --binning-policy=exact --quantize-model=kmeans:inittype=none:threshold=0.125:binbits=6:mapping=uniform:softdist=trilinear:feedback=0:prune=hamerly:seed=1:restarts=1:iter=20:miniter=0:polish_iter=0:feedback_slots=1:feedback_interval=1:sample_target=16384 -Xoklab -Wgamma --diffusion=none --gpu-policy=off --lookup-policy=none -F none -a off -p 128 '{input}',"'{lsqa}' '--loaders=libpng,builtin!' --env SIXEL_LOADER_LIBPNG_CMS_ENGINE=builtin '{input}' -"
smooth-gradient-medium,smooth gradient,gradient,content;scale,600,450,270000,f2c138d8f6aa0a90c89d019f85eaf9bb3efa5edb,macOS-26.5.1-arm64-arm-64bit-Mach-O,images/measurements/palette-pipeline/smooth-gradient-600x450.png,128,full-frame-soft,full-frame,soft,kmeans:inittype=none:threshold=0.125:binbits=6:mapping=uniform:softdist=trilinear:feedback=0:prune=hamerly:seed=1:restarts=1:iter=20:miniter=0:polish_iter=0:feedback_slots=1:feedback_interval=1:sample_target=16384,0.872227,2.747379,'{img2sixel}' --threads=1 --precision=8bit --quality=full '--loaders=libpng:cms_engine=builtin!' --sampling-policy=full-frame --binning-policy=soft --quantize-model=kmeans:inittype=none:threshold=0.125:binbits=6:mapping=uniform:softdist=trilinear:feedback=0:prune=hamerly:seed=1:restarts=1:iter=20:miniter=0:polish_iter=0:feedback_slots=1:feedback_interval=1:sample_target=16384 -Xoklab -Wgamma --diffusion=none --gpu-policy=off --lookup-policy=none -F none -a off -p 128 '{input}',"'{lsqa}' '--loaders=libpng,builtin!' --env SIXEL_LOADER_LIBPNG_CMS_ENGINE=builtin '{input}' -"
smooth-gradient-medium,smooth gradient,gradient,content;scale,600,450,270000,f2c138d8f6aa0a90c89d019f85eaf9bb3efa5edb,macOS-26.5.1-arm64-arm-64bit-Mach-O,images/measurements/palette-pipeline/smooth-gradient-600x450.png,256,full-frame-hard,full-frame,hard,kmeans:inittype=none:threshold=0.125:binbits=6:mapping=uniform:softdist=trilinear:feedback=0:prune=hamerly:seed=1:restarts=1:iter=20:miniter=0:polish_iter=0:feedback_slots=1:feedback_interval=1:sample_target=16384,0.91204,1.989398,'{img2sixel}' --threads=1 --precision=8bit --quality=full '--loaders=libpng:cms_engine=builtin!' --sampling-policy=full-frame --binning-policy=hard --quantize-model=kmeans:inittype=none:threshold=0.125:binbits=6:mapping=uniform:softdist=trilinear:feedback=0:prune=hamerly:seed=1:restarts=1:iter=20:miniter=0:polish_iter=0:feedback_slots=1:feedback_interval=1:sample_target=16384 -Xoklab -Wgamma --diffusion=none --gpu-policy=off --lookup-policy=none -F none -a off -p 256 '{input}',"'{lsqa}' '--loaders=libpng,builtin!' --env SIXEL_LOADER_LIBPNG_CMS_ENGINE=builtin '{input}' -"
smooth-gradient-medium,smooth gradient,gradient,content;scale,600,450,270000,f2c138d8f6aa0a90c89d019f85eaf9bb3efa5edb,macOS-26.5.1-arm64-arm-64bit-Mach-O,images/measurements/palette-pipeline/smooth-gradient-600x450.png,256,adaptive-grid-hard,adaptive-grid,hard,kmeans:inittype=none:threshold=0.125:binbits=6:mapping=uniform:softdist=trilinear:feedback=0:prune=hamerly:seed=1:restarts=1:iter=20:miniter=0:polish_iter=0:feedback_slots=1:feedback_interval=1:sample_target=16384,0.908591,2.044976,'{img2sixel}' --threads=1 --precision=8bit --quality=full '--loaders=libpng:cms_engine=builtin!' --sampling-policy=adaptive-grid --binning-policy=hard --quantize-model=kmeans:inittype=none:threshold=0.125:binbits=6:mapping=uniform:softdist=trilinear:feedback=0:prune=hamerly:seed=1:restarts=1:iter=20:miniter=0:polish_iter=0:feedback_slots=1:feedback_interval=1:sample_target=16384 -Xoklab -Wgamma --diffusion=none --gpu-policy=off --lookup-policy=none -F none -a off -p 256 '{input}',"'{lsqa}' '--loaders=libpng,builtin!' --env SIXEL_LOADER_LIBPNG_CMS_ENGINE=builtin '{input}' -"
smooth-gradient-medium,smooth gradient,gradient,content;scale,600,450,270000,f2c138d8f6aa0a90c89d019f85eaf9bb3efa5edb,macOS-26.5.1-arm64-arm-64bit-Mach-O,images/measurements/palette-pipeline/smooth-gradient-600x450.png,256,full-frame-none,full-frame,none,kmeans:inittype=none:threshold=0.125:binbits=6:mapping=uniform:softdist=trilinear:feedback=0:prune=hamerly:seed=1:restarts=1:iter=20:miniter=0:polish_iter=0:feedback_slots=1:feedback_interval=1:sample_target=16384,0.911037,1.925714,'{img2sixel}' --threads=1 --precision=8bit --quality=full '--loaders=libpng:cms_engine=builtin!' --sampling-policy=full-frame --binning-policy=none --quantize-model=kmeans:inittype=none:threshold=0.125:binbits=6:mapping=uniform:softdist=trilinear:feedback=0:prune=hamerly:seed=1:restarts=1:iter=20:miniter=0:polish_iter=0:feedback_slots=1:feedback_interval=1:sample_target=16384 -Xoklab -Wgamma --diffusion=none --gpu-policy=off --lookup-policy=none -F none -a off -p 256 '{input}',"'{lsqa}' '--loaders=libpng,builtin!' --env SIXEL_LOADER_LIBPNG_CMS_ENGINE=builtin '{input}' -"
smooth-gradient-medium,smooth gradient,gradient,content;scale,600,450,270000,f2c138d8f6aa0a90c89d019f85eaf9bb3efa5edb,macOS-26.5.1-arm64-arm-64bit-Mach-O,images/measurements/palette-pipeline/smooth-gradient-600x450.png,256,full-frame-exact,full-frame,exact,kmeans:inittype=none:threshold=0.125:binbits=6:mapping=uniform:softdist=trilinear:feedback=0:prune=hamerly:seed=1:restarts=1:iter=20:miniter=0:polish_iter=0:feedback_slots=1:feedback_interval=1:sample_target=16384,0.915123,1.962065,'{img2sixel}' --threads=1 --precision=8bit --quality=full '--loaders=libpng:cms_engine=builtin!' --sampling-policy=full-frame --binning-policy=exact --quantize-model=kmeans:inittype=none:threshold=0.125:binbits=6:mapping=uniform:softdist=trilinear:feedback=0:prune=hamerly:seed=1:restarts=1:iter=20:miniter=0:polish_iter=0:feedback_slots=1:feedback_interval=1:sample_target=16384 -Xoklab -Wgamma --diffusion=none --gpu-policy=off --lookup-policy=none -F none -a off -p 256 '{input}',"'{lsqa}' '--loaders=libpng,builtin!' --env SIXEL_LOADER_LIBPNG_CMS_ENGINE=builtin '{input}' -"
smooth-gradient-medium,smooth gradient,gradient,content;scale,600,450,270000,f2c138d8f6aa0a90c89d019f85eaf9bb3efa5edb,macOS-26.5.1-arm64-arm-64bit-Mach-O,images/measurements/palette-pipeline/smooth-gradient-600x450.png,256,full-frame-soft,full-frame,soft,kmeans:inittype=none:threshold=0.125:binbits=6:mapping=uniform:softdist=trilinear:feedback=0:prune=hamerly:seed=1:restarts=1:iter=20:miniter=0:polish_iter=0:feedback_slots=1:feedback_interval=1:sample_target=16384,0.910246,1.987437,'{img2sixel}' --threads=1 --precision=8bit --quality=full '--loaders=libpng:cms_engine=builtin!' --sampling-policy=full-frame --binning-policy=soft --quantize-model=kmeans:inittype=none:threshold=0.125:binbits=6:mapping=uniform:softdist=trilinear:feedback=0:prune=hamerly:seed=1:restarts=1:iter=20:miniter=0:polish_iter=0:feedback_slots=1:feedback_interval=1:sample_target=16384 -Xoklab -Wgamma --diffusion=none --gpu-policy=off --lookup-policy=none -F none -a off -p 256 '{input}',"'{lsqa}' '--loaders=libpng,builtin!' --env SIXEL_LOADER_LIBPNG_CMS_ENGINE=builtin '{input}' -"
smooth-gradient-large,"smooth gradient, large",gradient,scale,900,675,607500,f2c138d8f6aa0a90c89d019f85eaf9bb3efa5edb,macOS-26.5.1-arm64-arm-64bit-Mach-O,images/measurements/palette-pipeline/smooth-gradient-900x675.png,8,full-frame-hard,full-frame,hard,kmeans:inittype=none:threshold=0.125:binbits=6:mapping=uniform:softdist=trilinear:feedback=0:prune=hamerly:seed=1:restarts=1:iter=20:miniter=0:polish_iter=0:feedback_slots=1:feedback_interval=1:sample_target=16384,0.80438,10.644568,'{img2sixel}' --threads=1 --precision=8bit --quality=full '--loaders=libpng:cms_engine=builtin!' --sampling-policy=full-frame --binning-policy=hard --quantize-model=kmeans:inittype=none:threshold=0.125:binbits=6:mapping=uniform:softdist=trilinear:feedback=0:prune=hamerly:seed=1:restarts=1:iter=20:miniter=0:polish_iter=0:feedback_slots=1:feedback_interval=1:sample_target=16384 -Xoklab -Wgamma --diffusion=none --gpu-policy=off --lookup-policy=none -F none -a off -p 8 '{input}',"'{lsqa}' '--loaders=libpng,builtin!' --env SIXEL_LOADER_LIBPNG_CMS_ENGINE=builtin '{input}' -"
smooth-gradient-large,"smooth gradient, large",gradient,scale,900,675,607500,f2c138d8f6aa0a90c89d019f85eaf9bb3efa5edb,macOS-26.5.1-arm64-arm-64bit-Mach-O,images/measurements/palette-pipeline/smooth-gradient-900x675.png,8,adaptive-grid-hard,adaptive-grid,hard,kmeans:inittype=none:threshold=0.125:binbits=6:mapping=uniform:softdist=trilinear:feedback=0:prune=hamerly:seed=1:restarts=1:iter=20:miniter=0:polish_iter=0:feedback_slots=1:feedback_interval=1:sample_target=16384,0.800227,10.420096,'{img2sixel}' --threads=1 --precision=8bit --quality=full '--loaders=libpng:cms_engine=builtin!' --sampling-policy=adaptive-grid --binning-policy=hard --quantize-model=kmeans:inittype=none:threshold=0.125:binbits=6:mapping=uniform:softdist=trilinear:feedback=0:prune=hamerly:seed=1:restarts=1:iter=20:miniter=0:polish_iter=0:feedback_slots=1:feedback_interval=1:sample_target=16384 -Xoklab -Wgamma --diffusion=none --gpu-policy=off --lookup-policy=none -F none -a off -p 8 '{input}',"'{lsqa}' '--loaders=libpng,builtin!' --env SIXEL_LOADER_LIBPNG_CMS_ENGINE=builtin '{input}' -"
smooth-gradient-large,"smooth gradient, large",gradient,scale,900,675,607500,f2c138d8f6aa0a90c89d019f85eaf9bb3efa5edb,macOS-26.5.1-arm64-arm-64bit-Mach-O,images/measurements/palette-pipeline/smooth-gradient-900x675.png,8,full-frame-none,full-frame,none,kmeans:inittype=none:threshold=0.125:binbits=6:mapping=uniform:softdist=trilinear:feedback=0:prune=hamerly:seed=1:restarts=1:iter=20:miniter=0:polish_iter=0:feedback_slots=1:feedback_interval=1:sample_target=16384,0.809385,10.863127,'{img2sixel}' --threads=1 --precision=8bit --quality=full '--loaders=libpng:cms_engine=builtin!' --sampling-policy=full-frame --binning-policy=none --quantize-model=kmeans:inittype=none:threshold=0.125:binbits=6:mapping=uniform:softdist=trilinear:feedback=0:prune=hamerly:seed=1:restarts=1:iter=20:miniter=0:polish_iter=0:feedback_slots=1:feedback_interval=1:sample_target=16384 -Xoklab -Wgamma --diffusion=none --gpu-policy=off --lookup-policy=none -F none -a off -p 8 '{input}',"'{lsqa}' '--loaders=libpng,builtin!' --env SIXEL_LOADER_LIBPNG_CMS_ENGINE=builtin '{input}' -"
smooth-gradient-large,"smooth gradient, large",gradient,scale,900,675,607500,f2c138d8f6aa0a90c89d019f85eaf9bb3efa5edb,macOS-26.5.1-arm64-arm-64bit-Mach-O,images/measurements/palette-pipeline/smooth-gradient-900x675.png,8,full-frame-exact,full-frame,exact,kmeans:inittype=none:threshold=0.125:binbits=6:mapping=uniform:softdist=trilinear:feedback=0:prune=hamerly:seed=1:restarts=1:iter=20:miniter=0:polish_iter=0:feedback_slots=1:feedback_interval=1:sample_target=16384,0.80047,10.447741,'{img2sixel}' --threads=1 --precision=8bit --quality=full '--loaders=libpng:cms_engine=builtin!' --sampling-policy=full-frame --binning-policy=exact --quantize-model=kmeans:inittype=none:threshold=0.125:binbits=6:mapping=uniform:softdist=trilinear:feedback=0:prune=hamerly:seed=1:restarts=1:iter=20:miniter=0:polish_iter=0:feedback_slots=1:feedback_interval=1:sample_target=16384 -Xoklab -Wgamma --diffusion=none --gpu-policy=off --lookup-policy=none -F none -a off -p 8 '{input}',"'{lsqa}' '--loaders=libpng,builtin!' --env SIXEL_LOADER_LIBPNG_CMS_ENGINE=builtin '{input}' -"
smooth-gradient-large,"smooth gradient, large",gradient,scale,900,675,607500,f2c138d8f6aa0a90c89d019f85eaf9bb3efa5edb,macOS-26.5.1-arm64-arm-64bit-Mach-O,images/measurements/palette-pipeline/smooth-gradient-900x675.png,8,full-frame-soft,full-frame,soft,kmeans:inittype=none:threshold=0.125:binbits=6:mapping=uniform:softdist=trilinear:feedback=0:prune=hamerly:seed=1:restarts=1:iter=20:miniter=0:polish_iter=0:feedback_slots=1:feedback_interval=1:sample_target=16384,0.80095,10.365415,'{img2sixel}' --threads=1 --precision=8bit --quality=full '--loaders=libpng:cms_engine=builtin!' --sampling-policy=full-frame --binning-policy=soft --quantize-model=kmeans:inittype=none:threshold=0.125:binbits=6:mapping=uniform:softdist=trilinear:feedback=0:prune=hamerly:seed=1:restarts=1:iter=20:miniter=0:polish_iter=0:feedback_slots=1:feedback_interval=1:sample_target=16384 -Xoklab -Wgamma --diffusion=none --gpu-policy=off --lookup-policy=none -F none -a off -p 8 '{input}',"'{lsqa}' '--loaders=libpng,builtin!' --env SIXEL_LOADER_LIBPNG_CMS_ENGINE=builtin '{input}' -"
smooth-gradient-large,"smooth gradient, large",gradient,scale,900,675,607500,f2c138d8f6aa0a90c89d019f85eaf9bb3efa5edb,macOS-26.5.1-arm64-arm-64bit-Mach-O,images/measurements/palette-pipeline/smooth-gradient-900x675.png,16,full-frame-hard,full-frame,hard,kmeans:inittype=none:threshold=0.125:binbits=6:mapping=uniform:softdist=trilinear:feedback=0:prune=hamerly:seed=1:restarts=1:iter=20:miniter=0:polish_iter=0:feedback_slots=1:feedback_interval=1:sample_target=16384,0.813972,7.65848,'{img2sixel}' --threads=1 --precision=8bit --quality=full '--loaders=libpng:cms_engine=builtin!' --sampling-policy=full-frame --binning-policy=hard --quantize-model=kmeans:inittype=none:threshold=0.125:binbits=6:mapping=uniform:softdist=trilinear:feedback=0:prune=hamerly:seed=1:restarts=1:iter=20:miniter=0:polish_iter=0:feedback_slots=1:feedback_interval=1:sample_target=16384 -Xoklab -Wgamma --diffusion=none --gpu-policy=off --lookup-policy=none -F none -a off -p 16 '{input}',"'{lsqa}' '--loaders=libpng,builtin!' --env SIXEL_LOADER_LIBPNG_CMS_ENGINE=builtin '{input}' -"
smooth-gradient-large,"smooth gradient, large",gradient,scale,900,675,607500,f2c138d8f6aa0a90c89d019f85eaf9bb3efa5edb,macOS-26.5.1-arm64-arm-64bit-Mach-O,images/measurements/palette-pipeline/smooth-gradient-900x675.png,16,adaptive-grid-hard,adaptive-grid,hard,kmeans:inittype=none:threshold=0.125:binbits=6:mapping=uniform:softdist=trilinear:feedback=0:prune=hamerly:seed=1:restarts=1:iter=20:miniter=0:polish_iter=0:feedback_slots=1:feedback_interval=1:sample_target=16384,0.807278,7.530529,'{img2sixel}' --threads=1 --precision=8bit --quality=full '--loaders=libpng:cms_engine=builtin!' --sampling-policy=adaptive-grid --binning-policy=hard --quantize-model=kmeans:inittype=none:threshold=0.125:binbits=6:mapping=uniform:softdist=trilinear:feedback=0:prune=hamerly:seed=1:restarts=1:iter=20:miniter=0:polish_iter=0:feedback_slots=1:feedback_interval=1:sample_target=16384 -Xoklab -Wgamma --diffusion=none --gpu-policy=off --lookup-policy=none -F none -a off -p 16 '{input}',"'{lsqa}' '--loaders=libpng,builtin!' --env SIXEL_LOADER_LIBPNG_CMS_ENGINE=builtin '{input}' -"
smooth-gradient-large,"smooth gradient, large",gradient,scale,900,675,607500,f2c138d8f6aa0a90c89d019f85eaf9bb3efa5edb,macOS-26.5.1-arm64-arm-64bit-Mach-O,images/measurements/palette-pipeline/smooth-gradient-900x675.png,16,full-frame-none,full-frame,none,kmeans:inittype=none:threshold=0.125:binbits=6:mapping=uniform:softdist=trilinear:feedback=0:prune=hamerly:seed=1:restarts=1:iter=20:miniter=0:polish_iter=0:feedback_slots=1:feedback_interval=1:sample_target=16384,0.81069,7.378477,'{img2sixel}' --threads=1 --precision=8bit --quality=full '--loaders=libpng:cms_engine=builtin!' --sampling-policy=full-frame --binning-policy=none --quantize-model=kmeans:inittype=none:threshold=0.125:binbits=6:mapping=uniform:softdist=trilinear:feedback=0:prune=hamerly:seed=1:restarts=1:iter=20:miniter=0:polish_iter=0:feedback_slots=1:feedback_interval=1:sample_target=16384 -Xoklab -Wgamma --diffusion=none --gpu-policy=off --lookup-policy=none -F none -a off -p 16 '{input}',"'{lsqa}' '--loaders=libpng,builtin!' --env SIXEL_LOADER_LIBPNG_CMS_ENGINE=builtin '{input}' -"
smooth-gradient-large,"smooth gradient, large",gradient,scale,900,675,607500,f2c138d8f6aa0a90c89d019f85eaf9bb3efa5edb,macOS-26.5.1-arm64-arm-64bit-Mach-O,images/measurements/palette-pipeline/smooth-gradient-900x675.png,16,full-frame-exact,full-frame,exact,kmeans:inittype=none:threshold=0.125:binbits=6:mapping=uniform:softdist=trilinear:feedback=0:prune=hamerly:seed=1:restarts=1:iter=20:miniter=0:polish_iter=0:feedback_slots=1:feedback_interval=1:sample_target=16384,0.807367,7.256056,'{img2sixel}' --threads=1 --precision=8bit --quality=full '--loaders=libpng:cms_engine=builtin!' --sampling-policy=full-frame --binning-policy=exact --quantize-model=kmeans:inittype=none:threshold=0.125:binbits=6:mapping=uniform:softdist=trilinear:feedback=0:prune=hamerly:seed=1:restarts=1:iter=20:miniter=0:polish_iter=0:feedback_slots=1:feedback_interval=1:sample_target=16384 -Xoklab -Wgamma --diffusion=none --gpu-policy=off --lookup-policy=none -F none -a off -p 16 '{input}',"'{lsqa}' '--loaders=libpng,builtin!' --env SIXEL_LOADER_LIBPNG_CMS_ENGINE=builtin '{input}' -"
smooth-gradient-large,"smooth gradient, large",gradient,scale,900,675,607500,f2c138d8f6aa0a90c89d019f85eaf9bb3efa5edb,macOS-26.5.1-arm64-arm-64bit-Mach-O,images/measurements/palette-pipeline/smooth-gradient-900x675.png,16,full-frame-soft,full-frame,soft,kmeans:inittype=none:threshold=0.125:binbits=6:mapping=uniform:softdist=trilinear:feedback=0:prune=hamerly:seed=1:restarts=1:iter=20:miniter=0:polish_iter=0:feedback_slots=1:feedback_interval=1:sample_target=16384,0.813037,7.321092,'{img2sixel}' --threads=1 --precision=8bit --quality=full '--loaders=libpng:cms_engine=builtin!' --sampling-policy=full-frame --binning-policy=soft --quantize-model=kmeans:inittype=none:threshold=0.125:binbits=6:mapping=uniform:softdist=trilinear:feedback=0:prune=hamerly:seed=1:restarts=1:iter=20:miniter=0:polish_iter=0:feedback_slots=1:feedback_interval=1:sample_target=16384 -Xoklab -Wgamma --diffusion=none --gpu-policy=off --lookup-policy=none -F none -a off -p 16 '{input}',"'{lsqa}' '--loaders=libpng,builtin!' --env SIXEL_LOADER_LIBPNG_CMS_ENGINE=builtin '{input}' -"
smooth-gradient-large,"smooth gradient, large",gradient,scale,900,675,607500,f2c138d8f6aa0a90c89d019f85eaf9bb3efa5edb,macOS-26.5.1-arm64-arm-64bit-Mach-O,images/measurements/palette-pipeline/smooth-gradient-900x675.png,32,full-frame-hard,full-frame,hard,kmeans:inittype=none:threshold=0.125:binbits=6:mapping=uniform:softdist=trilinear:feedback=0:prune=hamerly:seed=1:restarts=1:iter=20:miniter=0:polish_iter=0:feedback_slots=1:feedback_interval=1:sample_target=16384,0.823905,5.380736,'{img2sixel}' --threads=1 --precision=8bit --quality=full '--loaders=libpng:cms_engine=builtin!' --sampling-policy=full-frame --binning-policy=hard --quantize-model=kmeans:inittype=none:threshold=0.125:binbits=6:mapping=uniform:softdist=trilinear:feedback=0:prune=hamerly:seed=1:restarts=1:iter=20:miniter=0:polish_iter=0:feedback_slots=1:feedback_interval=1:sample_target=16384 -Xoklab -Wgamma --diffusion=none --gpu-policy=off --lookup-policy=none -F none -a off -p 32 '{input}',"'{lsqa}' '--loaders=libpng,builtin!' --env SIXEL_LOADER_LIBPNG_CMS_ENGINE=builtin '{input}' -"
smooth-gradient-large,"smooth gradient, large",gradient,scale,900,675,607500,f2c138d8f6aa0a90c89d019f85eaf9bb3efa5edb,macOS-26.5.1-arm64-arm-64bit-Mach-O,images/measurements/palette-pipeline/smooth-gradient-900x675.png,32,adaptive-grid-hard,adaptive-grid,hard,kmeans:inittype=none:threshold=0.125:binbits=6:mapping=uniform:softdist=trilinear:feedback=0:prune=hamerly:seed=1:restarts=1:iter=20:miniter=0:polish_iter=0:feedback_slots=1:feedback_interval=1:sample_target=16384,0.825226,5.333628,'{img2sixel}' --threads=1 --precision=8bit --quality=full '--loaders=libpng:cms_engine=builtin!' --sampling-policy=adaptive-grid --binning-policy=hard --quantize-model=kmeans:inittype=none:threshold=0.125:binbits=6:mapping=uniform:softdist=trilinear:feedback=0:prune=hamerly:seed=1:restarts=1:iter=20:miniter=0:polish_iter=0:feedback_slots=1:feedback_interval=1:sample_target=16384 -Xoklab -Wgamma --diffusion=none --gpu-policy=off --lookup-policy=none -F none -a off -p 32 '{input}',"'{lsqa}' '--loaders=libpng,builtin!' --env SIXEL_LOADER_LIBPNG_CMS_ENGINE=builtin '{input}' -"
smooth-gradient-large,"smooth gradient, large",gradient,scale,900,675,607500,f2c138d8f6aa0a90c89d019f85eaf9bb3efa5edb,macOS-26.5.1-arm64-arm-64bit-Mach-O,images/measurements/palette-pipeline/smooth-gradient-900x675.png,32,full-frame-none,full-frame,none,kmeans:inittype=none:threshold=0.125:binbits=6:mapping=uniform:softdist=trilinear:feedback=0:prune=hamerly:seed=1:restarts=1:iter=20:miniter=0:polish_iter=0:feedback_slots=1:feedback_interval=1:sample_target=16384,0.825897,5.264047,'{img2sixel}' --threads=1 --precision=8bit --quality=full '--loaders=libpng:cms_engine=builtin!' --sampling-policy=full-frame --binning-policy=none --quantize-model=kmeans:inittype=none:threshold=0.125:binbits=6:mapping=uniform:softdist=trilinear:feedback=0:prune=hamerly:seed=1:restarts=1:iter=20:miniter=0:polish_iter=0:feedback_slots=1:feedback_interval=1:sample_target=16384 -Xoklab -Wgamma --diffusion=none --gpu-policy=off --lookup-policy=none -F none -a off -p 32 '{input}',"'{lsqa}' '--loaders=libpng,builtin!' --env SIXEL_LOADER_LIBPNG_CMS_ENGINE=builtin '{input}' -"
smooth-gradient-large,"smooth gradient, large",gradient,scale,900,675,607500,f2c138d8f6aa0a90c89d019f85eaf9bb3efa5edb,macOS-26.5.1-arm64-arm-64bit-Mach-O,images/measurements/palette-pipeline/smooth-gradient-900x675.png,32,full-frame-exact,full-frame,exact,kmeans:inittype=none:threshold=0.125:binbits=6:mapping=uniform:softdist=trilinear:feedback=0:prune=hamerly:seed=1:restarts=1:iter=20:miniter=0:polish_iter=0:feedback_slots=1:feedback_interval=1:sample_target=16384,0.823796,5.116192,'{img2sixel}' --threads=1 --precision=8bit --quality=full '--loaders=libpng:cms_engine=builtin!' --sampling-policy=full-frame --binning-policy=exact --quantize-model=kmeans:inittype=none:threshold=0.125:binbits=6:mapping=uniform:softdist=trilinear:feedback=0:prune=hamerly:seed=1:restarts=1:iter=20:miniter=0:polish_iter=0:feedback_slots=1:feedback_interval=1:sample_target=16384 -Xoklab -Wgamma --diffusion=none --gpu-policy=off --lookup-policy=none -F none -a off -p 32 '{input}',"'{lsqa}' '--loaders=libpng,builtin!' --env SIXEL_LOADER_LIBPNG_CMS_ENGINE=builtin '{input}' -"
smooth-gradient-large,"smooth gradient, large",gradient,scale,900,675,607500,f2c138d8f6aa0a90c89d019f85eaf9bb3efa5edb,macOS-26.5.1-arm64-arm-64bit-Mach-O,images/measurements/palette-pipeline/smooth-gradient-900x675.png,32,full-frame-soft,full-frame,soft,kmeans:inittype=none:threshold=0.125:binbits=6:mapping=uniform:softdist=trilinear:feedback=0:prune=hamerly:seed=1:restarts=1:iter=20:miniter=0:polish_iter=0:feedback_slots=1:feedback_interval=1:sample_target=16384,0.81825,5.264781,'{img2sixel}' --threads=1 --precision=8bit --quality=full '--loaders=libpng:cms_engine=builtin!' --sampling-policy=full-frame --binning-policy=soft --quantize-model=kmeans:inittype=none:threshold=0.125:binbits=6:mapping=uniform:softdist=trilinear:feedback=0:prune=hamerly:seed=1:restarts=1:iter=20:miniter=0:polish_iter=0:feedback_slots=1:feedback_interval=1:sample_target=16384 -Xoklab -Wgamma --diffusion=none --gpu-policy=off --lookup-policy=none -F none -a off -p 32 '{input}',"'{lsqa}' '--loaders=libpng,builtin!' --env SIXEL_LOADER_LIBPNG_CMS_ENGINE=builtin '{input}' -"
smooth-gradient-large,"smooth gradient, large",gradient,scale,900,675,607500,f2c138d8f6aa0a90c89d019f85eaf9bb3efa5edb,macOS-26.5.1-arm64-arm-64bit-Mach-O,images/measurements/palette-pipeline/smooth-gradient-900x675.png,64,full-frame-hard,full-frame,hard,kmeans:inittype=none:threshold=0.125:binbits=6:mapping=uniform:softdist=trilinear:feedback=0:prune=hamerly:seed=1:restarts=1:iter=20:miniter=0:polish_iter=0:feedback_slots=1:feedback_interval=1:sample_target=16384,0.846462,3.797226,'{img2sixel}' --threads=1 --precision=8bit --quality=full '--loaders=libpng:cms_engine=builtin!' --sampling-policy=full-frame --binning-policy=hard --quantize-model=kmeans:inittype=none:threshold=0.125:binbits=6:mapping=uniform:softdist=trilinear:feedback=0:prune=hamerly:seed=1:restarts=1:iter=20:miniter=0:polish_iter=0:feedback_slots=1:feedback_interval=1:sample_target=16384 -Xoklab -Wgamma --diffusion=none --gpu-policy=off --lookup-policy=none -F none -a off -p 64 '{input}',"'{lsqa}' '--loaders=libpng,builtin!' --env SIXEL_LOADER_LIBPNG_CMS_ENGINE=builtin '{input}' -"
smooth-gradient-large,"smooth gradient, large",gradient,scale,900,675,607500,f2c138d8f6aa0a90c89d019f85eaf9bb3efa5edb,macOS-26.5.1-arm64-arm-64bit-Mach-O,images/measurements/palette-pipeline/smooth-gradient-900x675.png,64,adaptive-grid-hard,adaptive-grid,hard,kmeans:inittype=none:threshold=0.125:binbits=6:mapping=uniform:softdist=trilinear:feedback=0:prune=hamerly:seed=1:restarts=1:iter=20:miniter=0:polish_iter=0:feedback_slots=1:feedback_interval=1:sample_target=16384,0.848839,3.898561,'{img2sixel}' --threads=1 --precision=8bit --quality=full '--loaders=libpng:cms_engine=builtin!' --sampling-policy=adaptive-grid --binning-policy=hard --quantize-model=kmeans:inittype=none:threshold=0.125:binbits=6:mapping=uniform:softdist=trilinear:feedback=0:prune=hamerly:seed=1:restarts=1:iter=20:miniter=0:polish_iter=0:feedback_slots=1:feedback_interval=1:sample_target=16384 -Xoklab -Wgamma --diffusion=none --gpu-policy=off --lookup-policy=none -F none -a off -p 64 '{input}',"'{lsqa}' '--loaders=libpng,builtin!' --env SIXEL_LOADER_LIBPNG_CMS_ENGINE=builtin '{input}' -"
smooth-gradient-large,"smooth gradient, large",gradient,scale,900,675,607500,f2c138d8f6aa0a90c89d019f85eaf9bb3efa5edb,macOS-26.5.1-arm64-arm-64bit-Mach-O,images/measurements/palette-pipeline/smooth-gradient-900x675.png,64,full-frame-none,full-frame,none,kmeans:inittype=none:threshold=0.125:binbits=6:mapping=uniform:softdist=trilinear:feedback=0:prune=hamerly:seed=1:restarts=1:iter=20:miniter=0:polish_iter=0:feedback_slots=1:feedback_interval=1:sample_target=16384,0.851149,3.815528,'{img2sixel}' --threads=1 --precision=8bit --quality=full '--loaders=libpng:cms_engine=builtin!' --sampling-policy=full-frame --binning-policy=none --quantize-model=kmeans:inittype=none:threshold=0.125:binbits=6:mapping=uniform:softdist=trilinear:feedback=0:prune=hamerly:seed=1:restarts=1:iter=20:miniter=0:polish_iter=0:feedback_slots=1:feedback_interval=1:sample_target=16384 -Xoklab -Wgamma --diffusion=none --gpu-policy=off --lookup-policy=none -F none -a off -p 64 '{input}',"'{lsqa}' '--loaders=libpng,builtin!' --env SIXEL_LOADER_LIBPNG_CMS_ENGINE=builtin '{input}' -"
smooth-gradient-large,"smooth gradient, large",gradient,scale,900,675,607500,f2c138d8f6aa0a90c89d019f85eaf9bb3efa5edb,macOS-26.5.1-arm64-arm-64bit-Mach-O,images/measurements/palette-pipeline/smooth-gradient-900x675.png,64,full-frame-exact,full-frame,exact,kmeans:inittype=none:threshold=0.125:binbits=6:mapping=uniform:softdist=trilinear:feedback=0:prune=hamerly:seed=1:restarts=1:iter=20:miniter=0:polish_iter=0:feedback_slots=1:feedback_interval=1:sample_target=16384,0.846832,3.67178,'{img2sixel}' --threads=1 --precision=8bit --quality=full '--loaders=libpng:cms_engine=builtin!' --sampling-policy=full-frame --binning-policy=exact --quantize-model=kmeans:inittype=none:threshold=0.125:binbits=6:mapping=uniform:softdist=trilinear:feedback=0:prune=hamerly:seed=1:restarts=1:iter=20:miniter=0:polish_iter=0:feedback_slots=1:feedback_interval=1:sample_target=16384 -Xoklab -Wgamma --diffusion=none --gpu-policy=off --lookup-policy=none -F none -a off -p 64 '{input}',"'{lsqa}' '--loaders=libpng,builtin!' --env SIXEL_LOADER_LIBPNG_CMS_ENGINE=builtin '{input}' -"
smooth-gradient-large,"smooth gradient, large",gradient,scale,900,675,607500,f2c138d8f6aa0a90c89d019f85eaf9bb3efa5edb,macOS-26.5.1-arm64-arm-64bit-Mach-O,images/measurements/palette-pipeline/smooth-gradient-900x675.png,64,full-frame-soft,full-frame,soft,kmeans:inittype=none:threshold=0.125:binbits=6:mapping=uniform:softdist=trilinear:feedback=0:prune=hamerly:seed=1:restarts=1:iter=20:miniter=0:polish_iter=0:feedback_slots=1:feedback_interval=1:sample_target=16384,0.847666,3.854962,'{img2sixel}' --threads=1 --precision=8bit --quality=full '--loaders=libpng:cms_engine=builtin!' --sampling-policy=full-frame --binning-policy=soft --quantize-model=kmeans:inittype=none:threshold=0.125:binbits=6:mapping=uniform:softdist=trilinear:feedback=0:prune=hamerly:seed=1:restarts=1:iter=20:miniter=0:polish_iter=0:feedback_slots=1:feedback_interval=1:sample_target=16384 -Xoklab -Wgamma --diffusion=none --gpu-policy=off --lookup-policy=none -F none -a off -p 64 '{input}',"'{lsqa}' '--loaders=libpng,builtin!' --env SIXEL_LOADER_LIBPNG_CMS_ENGINE=builtin '{input}' -"
smooth-gradient-large,"smooth gradient, large",gradient,scale,900,675,607500,f2c138d8f6aa0a90c89d019f85eaf9bb3efa5edb,macOS-26.5.1-arm64-arm-64bit-Mach-O,images/measurements/palette-pipeline/smooth-gradient-900x675.png,128,full-frame-hard,full-frame,hard,kmeans:inittype=none:threshold=0.125:binbits=6:mapping=uniform:softdist=trilinear:feedback=0:prune=hamerly:seed=1:restarts=1:iter=20:miniter=0:polish_iter=0:feedback_slots=1:feedback_interval=1:sample_target=16384,0.879698,2.786366,'{img2sixel}' --threads=1 --precision=8bit --quality=full '--loaders=libpng:cms_engine=builtin!' --sampling-policy=full-frame --binning-policy=hard --quantize-model=kmeans:inittype=none:threshold=0.125:binbits=6:mapping=uniform:softdist=trilinear:feedback=0:prune=hamerly:seed=1:restarts=1:iter=20:miniter=0:polish_iter=0:feedback_slots=1:feedback_interval=1:sample_target=16384 -Xoklab -Wgamma --diffusion=none --gpu-policy=off --lookup-policy=none -F none -a off -p 128 '{input}',"'{lsqa}' '--loaders=libpng,builtin!' --env SIXEL_LOADER_LIBPNG_CMS_ENGINE=builtin '{input}' -"
smooth-gradient-large,"smooth gradient, large",gradient,scale,900,675,607500,f2c138d8f6aa0a90c89d019f85eaf9bb3efa5edb,macOS-26.5.1-arm64-arm-64bit-Mach-O,images/measurements/palette-pipeline/smooth-gradient-900x675.png,128,adaptive-grid-hard,adaptive-grid,hard,kmeans:inittype=none:threshold=0.125:binbits=6:mapping=uniform:softdist=trilinear:feedback=0:prune=hamerly:seed=1:restarts=1:iter=20:miniter=0:polish_iter=0:feedback_slots=1:feedback_interval=1:sample_target=16384,0.878585,2.774184,'{img2sixel}' --threads=1 --precision=8bit --quality=full '--loaders=libpng:cms_engine=builtin!' --sampling-policy=adaptive-grid --binning-policy=hard --quantize-model=kmeans:inittype=none:threshold=0.125:binbits=6:mapping=uniform:softdist=trilinear:feedback=0:prune=hamerly:seed=1:restarts=1:iter=20:miniter=0:polish_iter=0:feedback_slots=1:feedback_interval=1:sample_target=16384 -Xoklab -Wgamma --diffusion=none --gpu-policy=off --lookup-policy=none -F none -a off -p 128 '{input}',"'{lsqa}' '--loaders=libpng,builtin!' --env SIXEL_LOADER_LIBPNG_CMS_ENGINE=builtin '{input}' -"
smooth-gradient-large,"smooth gradient, large",gradient,scale,900,675,607500,f2c138d8f6aa0a90c89d019f85eaf9bb3efa5edb,macOS-26.5.1-arm64-arm-64bit-Mach-O,images/measurements/palette-pipeline/smooth-gradient-900x675.png,128,full-frame-none,full-frame,none,kmeans:inittype=none:threshold=0.125:binbits=6:mapping=uniform:softdist=trilinear:feedback=0:prune=hamerly:seed=1:restarts=1:iter=20:miniter=0:polish_iter=0:feedback_slots=1:feedback_interval=1:sample_target=16384,0.882289,2.672942,'{img2sixel}' --threads=1 --precision=8bit --quality=full '--loaders=libpng:cms_engine=builtin!' --sampling-policy=full-frame --binning-policy=none --quantize-model=kmeans:inittype=none:threshold=0.125:binbits=6:mapping=uniform:softdist=trilinear:feedback=0:prune=hamerly:seed=1:restarts=1:iter=20:miniter=0:polish_iter=0:feedback_slots=1:feedback_interval=1:sample_target=16384 -Xoklab -Wgamma --diffusion=none --gpu-policy=off --lookup-policy=none -F none -a off -p 128 '{input}',"'{lsqa}' '--loaders=libpng,builtin!' --env SIXEL_LOADER_LIBPNG_CMS_ENGINE=builtin '{input}' -"
smooth-gradient-large,"smooth gradient, large",gradient,scale,900,675,607500,f2c138d8f6aa0a90c89d019f85eaf9bb3efa5edb,macOS-26.5.1-arm64-arm-64bit-Mach-O,images/measurements/palette-pipeline/smooth-gradient-900x675.png,128,full-frame-exact,full-frame,exact,kmeans:inittype=none:threshold=0.125:binbits=6:mapping=uniform:softdist=trilinear:feedback=0:prune=hamerly:seed=1:restarts=1:iter=20:miniter=0:polish_iter=0:feedback_slots=1:feedback_interval=1:sample_target=16384,0.882535,2.69401,'{img2sixel}' --threads=1 --precision=8bit --quality=full '--loaders=libpng:cms_engine=builtin!' --sampling-policy=full-frame --binning-policy=exact --quantize-model=kmeans:inittype=none:threshold=0.125:binbits=6:mapping=uniform:softdist=trilinear:feedback=0:prune=hamerly:seed=1:restarts=1:iter=20:miniter=0:polish_iter=0:feedback_slots=1:feedback_interval=1:sample_target=16384 -Xoklab -Wgamma --diffusion=none --gpu-policy=off --lookup-policy=none -F none -a off -p 128 '{input}',"'{lsqa}' '--loaders=libpng,builtin!' --env SIXEL_LOADER_LIBPNG_CMS_ENGINE=builtin '{input}' -"
smooth-gradient-large,"smooth gradient, large",gradient,scale,900,675,607500,f2c138d8f6aa0a90c89d019f85eaf9bb3efa5edb,macOS-26.5.1-arm64-arm-64bit-Mach-O,images/measurements/palette-pipeline/smooth-gradient-900x675.png,128,full-frame-soft,full-frame,soft,kmeans:inittype=none:threshold=0.125:binbits=6:mapping=uniform:softdist=trilinear:feedback=0:prune=hamerly:seed=1:restarts=1:iter=20:miniter=0:polish_iter=0:feedback_slots=1:feedback_interval=1:sample_target=16384,0.881165,2.726229,'{img2sixel}' --threads=1 --precision=8bit --quality=full '--loaders=libpng:cms_engine=builtin!' --sampling-policy=full-frame --binning-policy=soft --quantize-model=kmeans:inittype=none:threshold=0.125:binbits=6:mapping=uniform:softdist=trilinear:feedback=0:prune=hamerly:seed=1:restarts=1:iter=20:miniter=0:polish_iter=0:feedback_slots=1:feedback_interval=1:sample_target=16384 -Xoklab -Wgamma --diffusion=none --gpu-policy=off --lookup-policy=none -F none -a off -p 128 '{input}',"'{lsqa}' '--loaders=libpng,builtin!' --env SIXEL_LOADER_LIBPNG_CMS_ENGINE=builtin '{input}' -"
smooth-gradient-large,"smooth gradient, large",gradient,scale,900,675,607500,f2c138d8f6aa0a90c89d019f85eaf9bb3efa5edb,macOS-26.5.1-arm64-arm-64bit-Mach-O,images/measurements/palette-pipeline/smooth-gradient-900x675.png,256,full-frame-hard,full-frame,hard,kmeans:inittype=none:threshold=0.125:binbits=6:mapping=uniform:softdist=trilinear:feedback=0:prune=hamerly:seed=1:restarts=1:iter=20:miniter=0:polish_iter=0:feedback_slots=1:feedback_interval=1:sample_target=16384,0.914577,1.99462,'{img2sixel}' --threads=1 --precision=8bit --quality=full '--loaders=libpng:cms_engine=builtin!' --sampling-policy=full-frame --binning-policy=hard --quantize-model=kmeans:inittype=none:threshold=0.125:binbits=6:mapping=uniform:softdist=trilinear:feedback=0:prune=hamerly:seed=1:restarts=1:iter=20:miniter=0:polish_iter=0:feedback_slots=1:feedback_interval=1:sample_target=16384 -Xoklab -Wgamma --diffusion=none --gpu-policy=off --lookup-policy=none -F none -a off -p 256 '{input}',"'{lsqa}' '--loaders=libpng,builtin!' --env SIXEL_LOADER_LIBPNG_CMS_ENGINE=builtin '{input}' -"
smooth-gradient-large,"smooth gradient, large",gradient,scale,900,675,607500,f2c138d8f6aa0a90c89d019f85eaf9bb3efa5edb,macOS-26.5.1-arm64-arm-64bit-Mach-O,images/measurements/palette-pipeline/smooth-gradient-900x675.png,256,adaptive-grid-hard,adaptive-grid,hard,kmeans:inittype=none:threshold=0.125:binbits=6:mapping=uniform:softdist=trilinear:feedback=0:prune=hamerly:seed=1:restarts=1:iter=20:miniter=0:polish_iter=0:feedback_slots=1:feedback_interval=1:sample_target=16384,0.912083,2.041836,'{img2sixel}' --threads=1 --precision=8bit --quality=full '--loaders=libpng:cms_engine=builtin!' --sampling-policy=adaptive-grid --binning-policy=hard --quantize-model=kmeans:inittype=none:threshold=0.125:binbits=6:mapping=uniform:softdist=trilinear:feedback=0:prune=hamerly:seed=1:restarts=1:iter=20:miniter=0:polish_iter=0:feedback_slots=1:feedback_interval=1:sample_target=16384 -Xoklab -Wgamma --diffusion=none --gpu-policy=off --lookup-policy=none -F none -a off -p 256 '{input}',"'{lsqa}' '--loaders=libpng,builtin!' --env SIXEL_LOADER_LIBPNG_CMS_ENGINE=builtin '{input}' -"
smooth-gradient-large,"smooth gradient, large",gradient,scale,900,675,607500,f2c138d8f6aa0a90c89d019f85eaf9bb3efa5edb,macOS-26.5.1-arm64-arm-64bit-Mach-O,images/measurements/palette-pipeline/smooth-gradient-900x675.png,256,full-frame-none,full-frame,none,kmeans:inittype=none:threshold=0.125:binbits=6:mapping=uniform:softdist=trilinear:feedback=0:prune=hamerly:seed=1:restarts=1:iter=20:miniter=0:polish_iter=0:feedback_slots=1:feedback_interval=1:sample_target=16384,0.917157,1.9074,'{img2sixel}' --threads=1 --precision=8bit --quality=full '--loaders=libpng:cms_engine=builtin!' --sampling-policy=full-frame --binning-policy=none --quantize-model=kmeans:inittype=none:threshold=0.125:binbits=6:mapping=uniform:softdist=trilinear:feedback=0:prune=hamerly:seed=1:restarts=1:iter=20:miniter=0:polish_iter=0:feedback_slots=1:feedback_interval=1:sample_target=16384 -Xoklab -Wgamma --diffusion=none --gpu-policy=off --lookup-policy=none -F none -a off -p 256 '{input}',"'{lsqa}' '--loaders=libpng,builtin!' --env SIXEL_LOADER_LIBPNG_CMS_ENGINE=builtin '{input}' -"
smooth-gradient-large,"smooth gradient, large",gradient,scale,900,675,607500,f2c138d8f6aa0a90c89d019f85eaf9bb3efa5edb,macOS-26.5.1-arm64-arm-64bit-Mach-O,images/measurements/palette-pipeline/smooth-gradient-900x675.png,256,full-frame-exact,full-frame,exact,kmeans:inittype=none:threshold=0.125:binbits=6:mapping=uniform:softdist=trilinear:feedback=0:prune=hamerly:seed=1:restarts=1:iter=20:miniter=0:polish_iter=0:feedback_slots=1:feedback_interval=1:sample_target=16384,0.917554,1.920158,'{img2sixel}' --threads=1 --precision=8bit --quality=full '--loaders=libpng:cms_engine=builtin!' --sampling-policy=full-frame --binning-policy=exact --quantize-model=kmeans:inittype=none:threshold=0.125:binbits=6:mapping=uniform:softdist=trilinear:feedback=0:prune=hamerly:seed=1:restarts=1:iter=20:miniter=0:polish_iter=0:feedback_slots=1:feedback_interval=1:sample_target=16384 -Xoklab -Wgamma --diffusion=none --gpu-policy=off --lookup-policy=none -F none -a off -p 256 '{input}',"'{lsqa}' '--loaders=libpng,builtin!' --env SIXEL_LOADER_LIBPNG_CMS_ENGINE=builtin '{input}' -"
smooth-gradient-large,"smooth gradient, large",gradient,scale,900,675,607500,f2c138d8f6aa0a90c89d019f85eaf9bb3efa5edb,macOS-26.5.1-arm64-arm-64bit-Mach-O,images/measurements/palette-pipeline/smooth-gradient-900x675.png,256,full-frame-soft,full-frame,soft,kmeans:inittype=none:threshold=0.125:binbits=6:mapping=uniform:softdist=trilinear:feedback=0:prune=hamerly:seed=1:restarts=1:iter=20:miniter=0:polish_iter=0:feedback_slots=1:feedback_interval=1:sample_target=16384,0.914922,1.994134,'{img2sixel}' --threads=1 --precision=8bit --quality=full '--loaders=libpng:cms_engine=builtin!' --sampling-policy=full-frame --binning-policy=soft --quantize-model=kmeans:inittype=none:threshold=0.125:binbits=6:mapping=uniform:softdist=trilinear:feedback=0:prune=hamerly:seed=1:restarts=1:iter=20:miniter=0:polish_iter=0:feedback_slots=1:feedback_interval=1:sample_target=16384 -Xoklab -Wgamma --diffusion=none --gpu-policy=off --lookup-policy=none -F none -a off -p 256 '{input}',"'{lsqa}' '--loaders=libpng,builtin!' --env SIXEL_LOADER_LIBPNG_CMS_ENGINE=builtin '{input}' -"
rare-colors,sparse rare colors,rare-color,content,600,450,270000,f2c138d8f6aa0a90c89d019f85eaf9bb3efa5edb,macOS-26.5.1-arm64-arm-64bit-Mach-O,images/measurements/palette-pipeline/rare-colors-600x450.png,8,full-frame-hard,full-frame,hard,kmeans:inittype=none:threshold=0.125:binbits=6:mapping=uniform:softdist=trilinear:feedback=0:prune=hamerly:seed=1:restarts=1:iter=20:miniter=0:polish_iter=0:feedback_slots=1:feedback_interval=1:sample_target=16384,0.748882,6.0649,'{img2sixel}' --threads=1 --precision=8bit --quality=full '--loaders=libpng:cms_engine=builtin!' --sampling-policy=full-frame --binning-policy=hard --quantize-model=kmeans:inittype=none:threshold=0.125:binbits=6:mapping=uniform:softdist=trilinear:feedback=0:prune=hamerly:seed=1:restarts=1:iter=20:miniter=0:polish_iter=0:feedback_slots=1:feedback_interval=1:sample_target=16384 -Xoklab -Wgamma --diffusion=none --gpu-policy=off --lookup-policy=none -F none -a off -p 8 '{input}',"'{lsqa}' '--loaders=libpng,builtin!' --env SIXEL_LOADER_LIBPNG_CMS_ENGINE=builtin '{input}' -"
rare-colors,sparse rare colors,rare-color,content,600,450,270000,f2c138d8f6aa0a90c89d019f85eaf9bb3efa5edb,macOS-26.5.1-arm64-arm-64bit-Mach-O,images/measurements/palette-pipeline/rare-colors-600x450.png,8,adaptive-grid-hard,adaptive-grid,hard,kmeans:inittype=none:threshold=0.125:binbits=6:mapping=uniform:softdist=trilinear:feedback=0:prune=hamerly:seed=1:restarts=1:iter=20:miniter=0:polish_iter=0:feedback_slots=1:feedback_interval=1:sample_target=16384,0.805897,4.261471,'{img2sixel}' --threads=1 --precision=8bit --quality=full '--loaders=libpng:cms_engine=builtin!' --sampling-policy=adaptive-grid --binning-policy=hard --quantize-model=kmeans:inittype=none:threshold=0.125:binbits=6:mapping=uniform:softdist=trilinear:feedback=0:prune=hamerly:seed=1:restarts=1:iter=20:miniter=0:polish_iter=0:feedback_slots=1:feedback_interval=1:sample_target=16384 -Xoklab -Wgamma --diffusion=none --gpu-policy=off --lookup-policy=none -F none -a off -p 8 '{input}',"'{lsqa}' '--loaders=libpng,builtin!' --env SIXEL_LOADER_LIBPNG_CMS_ENGINE=builtin '{input}' -"
rare-colors,sparse rare colors,rare-color,content,600,450,270000,f2c138d8f6aa0a90c89d019f85eaf9bb3efa5edb,macOS-26.5.1-arm64-arm-64bit-Mach-O,images/measurements/palette-pipeline/rare-colors-600x450.png,8,full-frame-none,full-frame,none,kmeans:inittype=none:threshold=0.125:binbits=6:mapping=uniform:softdist=trilinear:feedback=0:prune=hamerly:seed=1:restarts=1:iter=20:miniter=0:polish_iter=0:feedback_slots=1:feedback_interval=1:sample_target=16384,0.833858,3.975708,'{img2sixel}' --threads=1 --precision=8bit --quality=full '--loaders=libpng:cms_engine=builtin!' --sampling-policy=full-frame --binning-policy=none --quantize-model=kmeans:inittype=none:threshold=0.125:binbits=6:mapping=uniform:softdist=trilinear:feedback=0:prune=hamerly:seed=1:restarts=1:iter=20:miniter=0:polish_iter=0:feedback_slots=1:feedback_interval=1:sample_target=16384 -Xoklab -Wgamma --diffusion=none --gpu-policy=off --lookup-policy=none -F none -a off -p 8 '{input}',"'{lsqa}' '--loaders=libpng,builtin!' --env SIXEL_LOADER_LIBPNG_CMS_ENGINE=builtin '{input}' -"
rare-colors,sparse rare colors,rare-color,content,600,450,270000,f2c138d8f6aa0a90c89d019f85eaf9bb3efa5edb,macOS-26.5.1-arm64-arm-64bit-Mach-O,images/measurements/palette-pipeline/rare-colors-600x450.png,8,full-frame-exact,full-frame,exact,kmeans:inittype=none:threshold=0.125:binbits=6:mapping=uniform:softdist=trilinear:feedback=0:prune=hamerly:seed=1:restarts=1:iter=20:miniter=0:polish_iter=0:feedback_slots=1:feedback_interval=1:sample_target=16384,0.778123,5.250136,'{img2sixel}' --threads=1 --precision=8bit --quality=full '--loaders=libpng:cms_engine=builtin!' --sampling-policy=full-frame --binning-policy=exact --quantize-model=kmeans:inittype=none:threshold=0.125:binbits=6:mapping=uniform:softdist=trilinear:feedback=0:prune=hamerly:seed=1:restarts=1:iter=20:miniter=0:polish_iter=0:feedback_slots=1:feedback_interval=1:sample_target=16384 -Xoklab -Wgamma --diffusion=none --gpu-policy=off --lookup-policy=none -F none -a off -p 8 '{input}',"'{lsqa}' '--loaders=libpng,builtin!' --env SIXEL_LOADER_LIBPNG_CMS_ENGINE=builtin '{input}' -"
rare-colors,sparse rare colors,rare-color,content,600,450,270000,f2c138d8f6aa0a90c89d019f85eaf9bb3efa5edb,macOS-26.5.1-arm64-arm-64bit-Mach-O,images/measurements/palette-pipeline/rare-colors-600x450.png,8,full-frame-soft,full-frame,soft,kmeans:inittype=none:threshold=0.125:binbits=6:mapping=uniform:softdist=trilinear:feedback=0:prune=hamerly:seed=1:restarts=1:iter=20:miniter=0:polish_iter=0:feedback_slots=1:feedback_interval=1:sample_target=16384,0.803989,4.656755,'{img2sixel}' --threads=1 --precision=8bit --quality=full '--loaders=libpng:cms_engine=builtin!' --sampling-policy=full-frame --binning-policy=soft --quantize-model=kmeans:inittype=none:threshold=0.125:binbits=6:mapping=uniform:softdist=trilinear:feedback=0:prune=hamerly:seed=1:restarts=1:iter=20:miniter=0:polish_iter=0:feedback_slots=1:feedback_interval=1:sample_target=16384 -Xoklab -Wgamma --diffusion=none --gpu-policy=off --lookup-policy=none -F none -a off -p 8 '{input}',"'{lsqa}' '--loaders=libpng,builtin!' --env SIXEL_LOADER_LIBPNG_CMS_ENGINE=builtin '{input}' -"
rare-colors,sparse rare colors,rare-color,content,600,450,270000,f2c138d8f6aa0a90c89d019f85eaf9bb3efa5edb,macOS-26.5.1-arm64-arm-64bit-Mach-O,images/measurements/palette-pipeline/rare-colors-600x450.png,16,full-frame-hard,full-frame,hard,kmeans:inittype=none:threshold=0.125:binbits=6:mapping=uniform:softdist=trilinear:feedback=0:prune=hamerly:seed=1:restarts=1:iter=20:miniter=0:polish_iter=0:feedback_slots=1:feedback_interval=1:sample_target=16384,0.851239,3.432187,'{img2sixel}' --threads=1 --precision=8bit --quality=full '--loaders=libpng:cms_engine=builtin!' --sampling-policy=full-frame --binning-policy=hard --quantize-model=kmeans:inittype=none:threshold=0.125:binbits=6:mapping=uniform:softdist=trilinear:feedback=0:prune=hamerly:seed=1:restarts=1:iter=20:miniter=0:polish_iter=0:feedback_slots=1:feedback_interval=1:sample_target=16384 -Xoklab -Wgamma --diffusion=none --gpu-policy=off --lookup-policy=none -F none -a off -p 16 '{input}',"'{lsqa}' '--loaders=libpng,builtin!' --env SIXEL_LOADER_LIBPNG_CMS_ENGINE=builtin '{input}' -"
rare-colors,sparse rare colors,rare-color,content,600,450,270000,f2c138d8f6aa0a90c89d019f85eaf9bb3efa5edb,macOS-26.5.1-arm64-arm-64bit-Mach-O,images/measurements/palette-pipeline/rare-colors-600x450.png,16,adaptive-grid-hard,adaptive-grid,hard,kmeans:inittype=none:threshold=0.125:binbits=6:mapping=uniform:softdist=trilinear:feedback=0:prune=hamerly:seed=1:restarts=1:iter=20:miniter=0:polish_iter=0:feedback_slots=1:feedback_interval=1:sample_target=16384,0.864702,3.467963,'{img2sixel}' --threads=1 --precision=8bit --quality=full '--loaders=libpng:cms_engine=builtin!' --sampling-policy=adaptive-grid --binning-policy=hard --quantize-model=kmeans:inittype=none:threshold=0.125:binbits=6:mapping=uniform:softdist=trilinear:feedback=0:prune=hamerly:seed=1:restarts=1:iter=20:miniter=0:polish_iter=0:feedback_slots=1:feedback_interval=1:sample_target=16384 -Xoklab -Wgamma --diffusion=none --gpu-policy=off --lookup-policy=none -F none -a off -p 16 '{input}',"'{lsqa}' '--loaders=libpng,builtin!' --env SIXEL_LOADER_LIBPNG_CMS_ENGINE=builtin '{input}' -"
rare-colors,sparse rare colors,rare-color,content,600,450,270000,f2c138d8f6aa0a90c89d019f85eaf9bb3efa5edb,macOS-26.5.1-arm64-arm-64bit-Mach-O,images/measurements/palette-pipeline/rare-colors-600x450.png,16,full-frame-none,full-frame,none,kmeans:inittype=none:threshold=0.125:binbits=6:mapping=uniform:softdist=trilinear:feedback=0:prune=hamerly:seed=1:restarts=1:iter=20:miniter=0:polish_iter=0:feedback_slots=1:feedback_interval=1:sample_target=16384,0.910612,2.861201,'{img2sixel}' --threads=1 --precision=8bit --quality=full '--loaders=libpng:cms_engine=builtin!' --sampling-policy=full-frame --binning-policy=none --quantize-model=kmeans:inittype=none:threshold=0.125:binbits=6:mapping=uniform:softdist=trilinear:feedback=0:prune=hamerly:seed=1:restarts=1:iter=20:miniter=0:polish_iter=0:feedback_slots=1:feedback_interval=1:sample_target=16384 -Xoklab -Wgamma --diffusion=none --gpu-policy=off --lookup-policy=none -F none -a off -p 16 '{input}',"'{lsqa}' '--loaders=libpng,builtin!' --env SIXEL_LOADER_LIBPNG_CMS_ENGINE=builtin '{input}' -"
rare-colors,sparse rare colors,rare-color,content,600,450,270000,f2c138d8f6aa0a90c89d019f85eaf9bb3efa5edb,macOS-26.5.1-arm64-arm-64bit-Mach-O,images/measurements/palette-pipeline/rare-colors-600x450.png,16,full-frame-exact,full-frame,exact,kmeans:inittype=none:threshold=0.125:binbits=6:mapping=uniform:softdist=trilinear:feedback=0:prune=hamerly:seed=1:restarts=1:iter=20:miniter=0:polish_iter=0:feedback_slots=1:feedback_interval=1:sample_target=16384,0.874457,3.157997,'{img2sixel}' --threads=1 --precision=8bit --quality=full '--loaders=libpng:cms_engine=builtin!' --sampling-policy=full-frame --binning-policy=exact --quantize-model=kmeans:inittype=none:threshold=0.125:binbits=6:mapping=uniform:softdist=trilinear:feedback=0:prune=hamerly:seed=1:restarts=1:iter=20:miniter=0:polish_iter=0:feedback_slots=1:feedback_interval=1:sample_target=16384 -Xoklab -Wgamma --diffusion=none --gpu-policy=off --lookup-policy=none -F none -a off -p 16 '{input}',"'{lsqa}' '--loaders=libpng,builtin!' --env SIXEL_LOADER_LIBPNG_CMS_ENGINE=builtin '{input}' -"
rare-colors,sparse rare colors,rare-color,content,600,450,270000,f2c138d8f6aa0a90c89d019f85eaf9bb3efa5edb,macOS-26.5.1-arm64-arm-64bit-Mach-O,images/measurements/palette-pipeline/rare-colors-600x450.png,16,full-frame-soft,full-frame,soft,kmeans:inittype=none:threshold=0.125:binbits=6:mapping=uniform:softdist=trilinear:feedback=0:prune=hamerly:seed=1:restarts=1:iter=20:miniter=0:polish_iter=0:feedback_slots=1:feedback_interval=1:sample_target=16384,0.815652,4.184342,'{img2sixel}' --threads=1 --precision=8bit --quality=full '--loaders=libpng:cms_engine=builtin!' --sampling-policy=full-frame --binning-policy=soft --quantize-model=kmeans:inittype=none:threshold=0.125:binbits=6:mapping=uniform:softdist=trilinear:feedback=0:prune=hamerly:seed=1:restarts=1:iter=20:miniter=0:polish_iter=0:feedback_slots=1:feedback_interval=1:sample_target=16384 -Xoklab -Wgamma --diffusion=none --gpu-policy=off --lookup-policy=none -F none -a off -p 16 '{input}',"'{lsqa}' '--loaders=libpng,builtin!' --env SIXEL_LOADER_LIBPNG_CMS_ENGINE=builtin '{input}' -"
rare-colors,sparse rare colors,rare-color,content,600,450,270000,f2c138d8f6aa0a90c89d019f85eaf9bb3efa5edb,macOS-26.5.1-arm64-arm-64bit-Mach-O,images/measurements/palette-pipeline/rare-colors-600x450.png,32,full-frame-hard,full-frame,hard,kmeans:inittype=none:threshold=0.125:binbits=6:mapping=uniform:softdist=trilinear:feedback=0:prune=hamerly:seed=1:restarts=1:iter=20:miniter=0:polish_iter=0:feedback_slots=1:feedback_interval=1:sample_target=16384,0.908896,2.519425,'{img2sixel}' --threads=1 --precision=8bit --quality=full '--loaders=libpng:cms_engine=builtin!' --sampling-policy=full-frame --binning-policy=hard --quantize-model=kmeans:inittype=none:threshold=0.125:binbits=6:mapping=uniform:softdist=trilinear:feedback=0:prune=hamerly:seed=1:restarts=1:iter=20:miniter=0:polish_iter=0:feedback_slots=1:feedback_interval=1:sample_target=16384 -Xoklab -Wgamma --diffusion=none --gpu-policy=off --lookup-policy=none -F none -a off -p 32 '{input}',"'{lsqa}' '--loaders=libpng,builtin!' --env SIXEL_LOADER_LIBPNG_CMS_ENGINE=builtin '{input}' -"
rare-colors,sparse rare colors,rare-color,content,600,450,270000,f2c138d8f6aa0a90c89d019f85eaf9bb3efa5edb,macOS-26.5.1-arm64-arm-64bit-Mach-O,images/measurements/palette-pipeline/rare-colors-600x450.png,32,adaptive-grid-hard,adaptive-grid,hard,kmeans:inittype=none:threshold=0.125:binbits=6:mapping=uniform:softdist=trilinear:feedback=0:prune=hamerly:seed=1:restarts=1:iter=20:miniter=0:polish_iter=0:feedback_slots=1:feedback_interval=1:sample_target=16384,0.894191,2.807814,'{img2sixel}' --threads=1 --precision=8bit --quality=full '--loaders=libpng:cms_engine=builtin!' --sampling-policy=adaptive-grid --binning-policy=hard --quantize-model=kmeans:inittype=none:threshold=0.125:binbits=6:mapping=uniform:softdist=trilinear:feedback=0:prune=hamerly:seed=1:restarts=1:iter=20:miniter=0:polish_iter=0:feedback_slots=1:feedback_interval=1:sample_target=16384 -Xoklab -Wgamma --diffusion=none --gpu-policy=off --lookup-policy=none -F none -a off -p 32 '{input}',"'{lsqa}' '--loaders=libpng,builtin!' --env SIXEL_LOADER_LIBPNG_CMS_ENGINE=builtin '{input}' -"
rare-colors,sparse rare colors,rare-color,content,600,450,270000,f2c138d8f6aa0a90c89d019f85eaf9bb3efa5edb,macOS-26.5.1-arm64-arm-64bit-Mach-O,images/measurements/palette-pipeline/rare-colors-600x450.png,32,full-frame-none,full-frame,none,kmeans:inittype=none:threshold=0.125:binbits=6:mapping=uniform:softdist=trilinear:feedback=0:prune=hamerly:seed=1:restarts=1:iter=20:miniter=0:polish_iter=0:feedback_slots=1:feedback_interval=1:sample_target=16384,0.970217,2.322579,'{img2sixel}' --threads=1 --precision=8bit --quality=full '--loaders=libpng:cms_engine=builtin!' --sampling-policy=full-frame --binning-policy=none --quantize-model=kmeans:inittype=none:threshold=0.125:binbits=6:mapping=uniform:softdist=trilinear:feedback=0:prune=hamerly:seed=1:restarts=1:iter=20:miniter=0:polish_iter=0:feedback_slots=1:feedback_interval=1:sample_target=16384 -Xoklab -Wgamma --diffusion=none --gpu-policy=off --lookup-policy=none -F none -a off -p 32 '{input}',"'{lsqa}' '--loaders=libpng,builtin!' --env SIXEL_LOADER_LIBPNG_CMS_ENGINE=builtin '{input}' -"
rare-colors,sparse rare colors,rare-color,content,600,450,270000,f2c138d8f6aa0a90c89d019f85eaf9bb3efa5edb,macOS-26.5.1-arm64-arm-64bit-Mach-O,images/measurements/palette-pipeline/rare-colors-600x450.png,32,full-frame-exact,full-frame,exact,kmeans:inittype=none:threshold=0.125:binbits=6:mapping=uniform:softdist=trilinear:feedback=0:prune=hamerly:seed=1:restarts=1:iter=20:miniter=0:polish_iter=0:feedback_slots=1:feedback_interval=1:sample_target=16384,0.878662,2.996944,'{img2sixel}' --threads=1 --precision=8bit --quality=full '--loaders=libpng:cms_engine=builtin!' --sampling-policy=full-frame --binning-policy=exact --quantize-model=kmeans:inittype=none:threshold=0.125:binbits=6:mapping=uniform:softdist=trilinear:feedback=0:prune=hamerly:seed=1:restarts=1:iter=20:miniter=0:polish_iter=0:feedback_slots=1:feedback_interval=1:sample_target=16384 -Xoklab -Wgamma --diffusion=none --gpu-policy=off --lookup-policy=none -F none -a off -p 32 '{input}',"'{lsqa}' '--loaders=libpng,builtin!' --env SIXEL_LOADER_LIBPNG_CMS_ENGINE=builtin '{input}' -"
rare-colors,sparse rare colors,rare-color,content,600,450,270000,f2c138d8f6aa0a90c89d019f85eaf9bb3efa5edb,macOS-26.5.1-arm64-arm-64bit-Mach-O,images/measurements/palette-pipeline/rare-colors-600x450.png,32,full-frame-soft,full-frame,soft,kmeans:inittype=none:threshold=0.125:binbits=6:mapping=uniform:softdist=trilinear:feedback=0:prune=hamerly:seed=1:restarts=1:iter=20:miniter=0:polish_iter=0:feedback_slots=1:feedback_interval=1:sample_target=16384,0.878807,3.015029,'{img2sixel}' --threads=1 --precision=8bit --quality=full '--loaders=libpng:cms_engine=builtin!' --sampling-policy=full-frame --binning-policy=soft --quantize-model=kmeans:inittype=none:threshold=0.125:binbits=6:mapping=uniform:softdist=trilinear:feedback=0:prune=hamerly:seed=1:restarts=1:iter=20:miniter=0:polish_iter=0:feedback_slots=1:feedback_interval=1:sample_target=16384 -Xoklab -Wgamma --diffusion=none --gpu-policy=off --lookup-policy=none -F none -a off -p 32 '{input}',"'{lsqa}' '--loaders=libpng,builtin!' --env SIXEL_LOADER_LIBPNG_CMS_ENGINE=builtin '{input}' -"
rare-colors,sparse rare colors,rare-color,content,600,450,270000,f2c138d8f6aa0a90c89d019f85eaf9bb3efa5edb,macOS-26.5.1-arm64-arm-64bit-Mach-O,images/measurements/palette-pipeline/rare-colors-600x450.png,64,full-frame-hard,full-frame,hard,kmeans:inittype=none:threshold=0.125:binbits=6:mapping=uniform:softdist=trilinear:feedback=0:prune=hamerly:seed=1:restarts=1:iter=20:miniter=0:polish_iter=0:feedback_slots=1:feedback_interval=1:sample_target=16384,0.972924,1.628863,'{img2sixel}' --threads=1 --precision=8bit --quality=full '--loaders=libpng:cms_engine=builtin!' --sampling-policy=full-frame --binning-policy=hard --quantize-model=kmeans:inittype=none:threshold=0.125:binbits=6:mapping=uniform:softdist=trilinear:feedback=0:prune=hamerly:seed=1:restarts=1:iter=20:miniter=0:polish_iter=0:feedback_slots=1:feedback_interval=1:sample_target=16384 -Xoklab -Wgamma --diffusion=none --gpu-policy=off --lookup-policy=none -F none -a off -p 64 '{input}',"'{lsqa}' '--loaders=libpng,builtin!' --env SIXEL_LOADER_LIBPNG_CMS_ENGINE=builtin '{input}' -"
rare-colors,sparse rare colors,rare-color,content,600,450,270000,f2c138d8f6aa0a90c89d019f85eaf9bb3efa5edb,macOS-26.5.1-arm64-arm-64bit-Mach-O,images/measurements/palette-pipeline/rare-colors-600x450.png,64,adaptive-grid-hard,adaptive-grid,hard,kmeans:inittype=none:threshold=0.125:binbits=6:mapping=uniform:softdist=trilinear:feedback=0:prune=hamerly:seed=1:restarts=1:iter=20:miniter=0:polish_iter=0:feedback_slots=1:feedback_interval=1:sample_target=16384,0.988102,1.560323,'{img2sixel}' --threads=1 --precision=8bit --quality=full '--loaders=libpng:cms_engine=builtin!' --sampling-policy=adaptive-grid --binning-policy=hard --quantize-model=kmeans:inittype=none:threshold=0.125:binbits=6:mapping=uniform:softdist=trilinear:feedback=0:prune=hamerly:seed=1:restarts=1:iter=20:miniter=0:polish_iter=0:feedback_slots=1:feedback_interval=1:sample_target=16384 -Xoklab -Wgamma --diffusion=none --gpu-policy=off --lookup-policy=none -F none -a off -p 64 '{input}',"'{lsqa}' '--loaders=libpng,builtin!' --env SIXEL_LOADER_LIBPNG_CMS_ENGINE=builtin '{input}' -"
rare-colors,sparse rare colors,rare-color,content,600,450,270000,f2c138d8f6aa0a90c89d019f85eaf9bb3efa5edb,macOS-26.5.1-arm64-arm-64bit-Mach-O,images/measurements/palette-pipeline/rare-colors-600x450.png,64,full-frame-none,full-frame,none,kmeans:inittype=none:threshold=0.125:binbits=6:mapping=uniform:softdist=trilinear:feedback=0:prune=hamerly:seed=1:restarts=1:iter=20:miniter=0:polish_iter=0:feedback_slots=1:feedback_interval=1:sample_target=16384,0.987764,1.806816,'{img2sixel}' --threads=1 --precision=8bit --quality=full '--loaders=libpng:cms_engine=builtin!' --sampling-policy=full-frame --binning-policy=none --quantize-model=kmeans:inittype=none:threshold=0.125:binbits=6:mapping=uniform:softdist=trilinear:feedback=0:prune=hamerly:seed=1:restarts=1:iter=20:miniter=0:polish_iter=0:feedback_slots=1:feedback_interval=1:sample_target=16384 -Xoklab -Wgamma --diffusion=none --gpu-policy=off --lookup-policy=none -F none -a off -p 64 '{input}',"'{lsqa}' '--loaders=libpng,builtin!' --env SIXEL_LOADER_LIBPNG_CMS_ENGINE=builtin '{input}' -"
rare-colors,sparse rare colors,rare-color,content,600,450,270000,f2c138d8f6aa0a90c89d019f85eaf9bb3efa5edb,macOS-26.5.1-arm64-arm-64bit-Mach-O,images/measurements/palette-pipeline/rare-colors-600x450.png,64,full-frame-exact,full-frame,exact,kmeans:inittype=none:threshold=0.125:binbits=6:mapping=uniform:softdist=trilinear:feedback=0:prune=hamerly:seed=1:restarts=1:iter=20:miniter=0:polish_iter=0:feedback_slots=1:feedback_interval=1:sample_target=16384,0.977033,1.806298,'{img2sixel}' --threads=1 --precision=8bit --quality=full '--loaders=libpng:cms_engine=builtin!' --sampling-policy=full-frame --binning-policy=exact --quantize-model=kmeans:inittype=none:threshold=0.125:binbits=6:mapping=uniform:softdist=trilinear:feedback=0:prune=hamerly:seed=1:restarts=1:iter=20:miniter=0:polish_iter=0:feedback_slots=1:feedback_interval=1:sample_target=16384 -Xoklab -Wgamma --diffusion=none --gpu-policy=off --lookup-policy=none -F none -a off -p 64 '{input}',"'{lsqa}' '--loaders=libpng,builtin!' --env SIXEL_LOADER_LIBPNG_CMS_ENGINE=builtin '{input}' -"
rare-colors,sparse rare colors,rare-color,content,600,450,270000,f2c138d8f6aa0a90c89d019f85eaf9bb3efa5edb,macOS-26.5.1-arm64-arm-64bit-Mach-O,images/measurements/palette-pipeline/rare-colors-600x450.png,64,full-frame-soft,full-frame,soft,kmeans:inittype=none:threshold=0.125:binbits=6:mapping=uniform:softdist=trilinear:feedback=0:prune=hamerly:seed=1:restarts=1:iter=20:miniter=0:polish_iter=0:feedback_slots=1:feedback_interval=1:sample_target=16384,0.903589,2.668223,'{img2sixel}' --threads=1 --precision=8bit --quality=full '--loaders=libpng:cms_engine=builtin!' --sampling-policy=full-frame --binning-policy=soft --quantize-model=kmeans:inittype=none:threshold=0.125:binbits=6:mapping=uniform:softdist=trilinear:feedback=0:prune=hamerly:seed=1:restarts=1:iter=20:miniter=0:polish_iter=0:feedback_slots=1:feedback_interval=1:sample_target=16384 -Xoklab -Wgamma --diffusion=none --gpu-policy=off --lookup-policy=none -F none -a off -p 64 '{input}',"'{lsqa}' '--loaders=libpng,builtin!' --env SIXEL_LOADER_LIBPNG_CMS_ENGINE=builtin '{input}' -"
rare-colors,sparse rare colors,rare-color,content,600,450,270000,f2c138d8f6aa0a90c89d019f85eaf9bb3efa5edb,macOS-26.5.1-arm64-arm-64bit-Mach-O,images/measurements/palette-pipeline/rare-colors-600x450.png,128,full-frame-hard,full-frame,hard,kmeans:inittype=none:threshold=0.125:binbits=6:mapping=uniform:softdist=trilinear:feedback=0:prune=hamerly:seed=1:restarts=1:iter=20:miniter=0:polish_iter=0:feedback_slots=1:feedback_interval=1:sample_target=16384,0.994636,1.371099,'{img2sixel}' --threads=1 --precision=8bit --quality=full '--loaders=libpng:cms_engine=builtin!' --sampling-policy=full-frame --binning-policy=hard --quantize-model=kmeans:inittype=none:threshold=0.125:binbits=6:mapping=uniform:softdist=trilinear:feedback=0:prune=hamerly:seed=1:restarts=1:iter=20:miniter=0:polish_iter=0:feedback_slots=1:feedback_interval=1:sample_target=16384 -Xoklab -Wgamma --diffusion=none --gpu-policy=off --lookup-policy=none -F none -a off -p 128 '{input}',"'{lsqa}' '--loaders=libpng,builtin!' --env SIXEL_LOADER_LIBPNG_CMS_ENGINE=builtin '{input}' -"
rare-colors,sparse rare colors,rare-color,content,600,450,270000,f2c138d8f6aa0a90c89d019f85eaf9bb3efa5edb,macOS-26.5.1-arm64-arm-64bit-Mach-O,images/measurements/palette-pipeline/rare-colors-600x450.png,128,adaptive-grid-hard,adaptive-grid,hard,kmeans:inittype=none:threshold=0.125:binbits=6:mapping=uniform:softdist=trilinear:feedback=0:prune=hamerly:seed=1:restarts=1:iter=20:miniter=0:polish_iter=0:feedback_slots=1:feedback_interval=1:sample_target=16384,0.994201,1.398355,'{img2sixel}' --threads=1 --precision=8bit --quality=full '--loaders=libpng:cms_engine=builtin!' --sampling-policy=adaptive-grid --binning-policy=hard --quantize-model=kmeans:inittype=none:threshold=0.125:binbits=6:mapping=uniform:softdist=trilinear:feedback=0:prune=hamerly:seed=1:restarts=1:iter=20:miniter=0:polish_iter=0:feedback_slots=1:feedback_interval=1:sample_target=16384 -Xoklab -Wgamma --diffusion=none --gpu-policy=off --lookup-policy=none -F none -a off -p 128 '{input}',"'{lsqa}' '--loaders=libpng,builtin!' --env SIXEL_LOADER_LIBPNG_CMS_ENGINE=builtin '{input}' -"
rare-colors,sparse rare colors,rare-color,content,600,450,270000,f2c138d8f6aa0a90c89d019f85eaf9bb3efa5edb,macOS-26.5.1-arm64-arm-64bit-Mach-O,images/measurements/palette-pipeline/rare-colors-600x450.png,128,full-frame-none,full-frame,none,kmeans:inittype=none:threshold=0.125:binbits=6:mapping=uniform:softdist=trilinear:feedback=0:prune=hamerly:seed=1:restarts=1:iter=20:miniter=0:polish_iter=0:feedback_slots=1:feedback_interval=1:sample_target=16384,0.993691,1.487006,'{img2sixel}' --threads=1 --precision=8bit --quality=full '--loaders=libpng:cms_engine=builtin!' --sampling-policy=full-frame --binning-policy=none --quantize-model=kmeans:inittype=none:threshold=0.125:binbits=6:mapping=uniform:softdist=trilinear:feedback=0:prune=hamerly:seed=1:restarts=1:iter=20:miniter=0:polish_iter=0:feedback_slots=1:feedback_interval=1:sample_target=16384 -Xoklab -Wgamma --diffusion=none --gpu-policy=off --lookup-policy=none -F none -a off -p 128 '{input}',"'{lsqa}' '--loaders=libpng,builtin!' --env SIXEL_LOADER_LIBPNG_CMS_ENGINE=builtin '{input}' -"
rare-colors,sparse rare colors,rare-color,content,600,450,270000,f2c138d8f6aa0a90c89d019f85eaf9bb3efa5edb,macOS-26.5.1-arm64-arm-64bit-Mach-O,images/measurements/palette-pipeline/rare-colors-600x450.png,128,full-frame-exact,full-frame,exact,kmeans:inittype=none:threshold=0.125:binbits=6:mapping=uniform:softdist=trilinear:feedback=0:prune=hamerly:seed=1:restarts=1:iter=20:miniter=0:polish_iter=0:feedback_slots=1:feedback_interval=1:sample_target=16384,0.99628,1.467809,'{img2sixel}' --threads=1 --precision=8bit --quality=full '--loaders=libpng:cms_engine=builtin!' --sampling-policy=full-frame --binning-policy=exact --quantize-model=kmeans:inittype=none:threshold=0.125:binbits=6:mapping=uniform:softdist=trilinear:feedback=0:prune=hamerly:seed=1:restarts=1:iter=20:miniter=0:polish_iter=0:feedback_slots=1:feedback_interval=1:sample_target=16384 -Xoklab -Wgamma --diffusion=none --gpu-policy=off --lookup-policy=none -F none -a off -p 128 '{input}',"'{lsqa}' '--loaders=libpng,builtin!' --env SIXEL_LOADER_LIBPNG_CMS_ENGINE=builtin '{input}' -"
rare-colors,sparse rare colors,rare-color,content,600,450,270000,f2c138d8f6aa0a90c89d019f85eaf9bb3efa5edb,macOS-26.5.1-arm64-arm-64bit-Mach-O,images/measurements/palette-pipeline/rare-colors-600x450.png,128,full-frame-soft,full-frame,soft,kmeans:inittype=none:threshold=0.125:binbits=6:mapping=uniform:softdist=trilinear:feedback=0:prune=hamerly:seed=1:restarts=1:iter=20:miniter=0:polish_iter=0:feedback_slots=1:feedback_interval=1:sample_target=16384,0.964159,2.003815,'{img2sixel}' --threads=1 --precision=8bit --quality=full '--loaders=libpng:cms_engine=builtin!' --sampling-policy=full-frame --binning-policy=soft --quantize-model=kmeans:inittype=none:threshold=0.125:binbits=6:mapping=uniform:softdist=trilinear:feedback=0:prune=hamerly:seed=1:restarts=1:iter=20:miniter=0:polish_iter=0:feedback_slots=1:feedback_interval=1:sample_target=16384 -Xoklab -Wgamma --diffusion=none --gpu-policy=off --lookup-policy=none -F none -a off -p 128 '{input}',"'{lsqa}' '--loaders=libpng,builtin!' --env SIXEL_LOADER_LIBPNG_CMS_ENGINE=builtin '{input}' -"
rare-colors,sparse rare colors,rare-color,content,600,450,270000,f2c138d8f6aa0a90c89d019f85eaf9bb3efa5edb,macOS-26.5.1-arm64-arm-64bit-Mach-O,images/measurements/palette-pipeline/rare-colors-600x450.png,256,full-frame-hard,full-frame,hard,kmeans:inittype=none:threshold=0.125:binbits=6:mapping=uniform:softdist=trilinear:feedback=0:prune=hamerly:seed=1:restarts=1:iter=20:miniter=0:polish_iter=0:feedback_slots=1:feedback_interval=1:sample_target=16384,0.995544,1.346442,'{img2sixel}' --threads=1 --precision=8bit --quality=full '--loaders=libpng:cms_engine=builtin!' --sampling-policy=full-frame --binning-policy=hard --quantize-model=kmeans:inittype=none:threshold=0.125:binbits=6:mapping=uniform:softdist=trilinear:feedback=0:prune=hamerly:seed=1:restarts=1:iter=20:miniter=0:polish_iter=0:feedback_slots=1:feedback_interval=1:sample_target=16384 -Xoklab -Wgamma --diffusion=none --gpu-policy=off --lookup-policy=none -F none -a off -p 256 '{input}',"'{lsqa}' '--loaders=libpng,builtin!' --env SIXEL_LOADER_LIBPNG_CMS_ENGINE=builtin '{input}' -"
rare-colors,sparse rare colors,rare-color,content,600,450,270000,f2c138d8f6aa0a90c89d019f85eaf9bb3efa5edb,macOS-26.5.1-arm64-arm-64bit-Mach-O,images/measurements/palette-pipeline/rare-colors-600x450.png,256,adaptive-grid-hard,adaptive-grid,hard,kmeans:inittype=none:threshold=0.125:binbits=6:mapping=uniform:softdist=trilinear:feedback=0:prune=hamerly:seed=1:restarts=1:iter=20:miniter=0:polish_iter=0:feedback_slots=1:feedback_interval=1:sample_target=16384,0.995823,1.361202,'{img2sixel}' --threads=1 --precision=8bit --quality=full '--loaders=libpng:cms_engine=builtin!' --sampling-policy=adaptive-grid --binning-policy=hard --quantize-model=kmeans:inittype=none:threshold=0.125:binbits=6:mapping=uniform:softdist=trilinear:feedback=0:prune=hamerly:seed=1:restarts=1:iter=20:miniter=0:polish_iter=0:feedback_slots=1:feedback_interval=1:sample_target=16384 -Xoklab -Wgamma --diffusion=none --gpu-policy=off --lookup-policy=none -F none -a off -p 256 '{input}',"'{lsqa}' '--loaders=libpng,builtin!' --env SIXEL_LOADER_LIBPNG_CMS_ENGINE=builtin '{input}' -"
rare-colors,sparse rare colors,rare-color,content,600,450,270000,f2c138d8f6aa0a90c89d019f85eaf9bb3efa5edb,macOS-26.5.1-arm64-arm-64bit-Mach-O,images/measurements/palette-pipeline/rare-colors-600x450.png,256,full-frame-none,full-frame,none,kmeans:inittype=none:threshold=0.125:binbits=6:mapping=uniform:softdist=trilinear:feedback=0:prune=hamerly:seed=1:restarts=1:iter=20:miniter=0:polish_iter=0:feedback_slots=1:feedback_interval=1:sample_target=16384,0.995424,1.474554,'{img2sixel}' --threads=1 --precision=8bit --quality=full '--loaders=libpng:cms_engine=builtin!' --sampling-policy=full-frame --binning-policy=none --quantize-model=kmeans:inittype=none:threshold=0.125:binbits=6:mapping=uniform:softdist=trilinear:feedback=0:prune=hamerly:seed=1:restarts=1:iter=20:miniter=0:polish_iter=0:feedback_slots=1:feedback_interval=1:sample_target=16384 -Xoklab -Wgamma --diffusion=none --gpu-policy=off --lookup-policy=none -F none -a off -p 256 '{input}',"'{lsqa}' '--loaders=libpng,builtin!' --env SIXEL_LOADER_LIBPNG_CMS_ENGINE=builtin '{input}' -"
rare-colors,sparse rare colors,rare-color,content,600,450,270000,f2c138d8f6aa0a90c89d019f85eaf9bb3efa5edb,macOS-26.5.1-arm64-arm-64bit-Mach-O,images/measurements/palette-pipeline/rare-colors-600x450.png,256,full-frame-exact,full-frame,exact,kmeans:inittype=none:threshold=0.125:binbits=6:mapping=uniform:softdist=trilinear:feedback=0:prune=hamerly:seed=1:restarts=1:iter=20:miniter=0:polish_iter=0:feedback_slots=1:feedback_interval=1:sample_target=16384,0.997116,1.447161,'{img2sixel}' --threads=1 --precision=8bit --quality=full '--loaders=libpng:cms_engine=builtin!' --sampling-policy=full-frame --binning-policy=exact --quantize-model=kmeans:inittype=none:threshold=0.125:binbits=6:mapping=uniform:softdist=trilinear:feedback=0:prune=hamerly:seed=1:restarts=1:iter=20:miniter=0:polish_iter=0:feedback_slots=1:feedback_interval=1:sample_target=16384 -Xoklab -Wgamma --diffusion=none --gpu-policy=off --lookup-policy=none -F none -a off -p 256 '{input}',"'{lsqa}' '--loaders=libpng,builtin!' --env SIXEL_LOADER_LIBPNG_CMS_ENGINE=builtin '{input}' -"
rare-colors,sparse rare colors,rare-color,content,600,450,270000,f2c138d8f6aa0a90c89d019f85eaf9bb3efa5edb,macOS-26.5.1-arm64-arm-64bit-Mach-O,images/measurements/palette-pipeline/rare-colors-600x450.png,256,full-frame-soft,full-frame,soft,kmeans:inittype=none:threshold=0.125:binbits=6:mapping=uniform:softdist=trilinear:feedback=0:prune=hamerly:seed=1:restarts=1:iter=20:miniter=0:polish_iter=0:feedback_slots=1:feedback_interval=1:sample_target=16384,0.994035,1.439222,'{img2sixel}' --threads=1 --precision=8bit --quality=full '--loaders=libpng:cms_engine=builtin!' --sampling-policy=full-frame --binning-policy=soft --quantize-model=kmeans:inittype=none:threshold=0.125:binbits=6:mapping=uniform:softdist=trilinear:feedback=0:prune=hamerly:seed=1:restarts=1:iter=20:miniter=0:polish_iter=0:feedback_slots=1:feedback_interval=1:sample_target=16384 -Xoklab -Wgamma --diffusion=none --gpu-policy=off --lookup-policy=none -F none -a off -p 256 '{input}',"'{lsqa}' '--loaders=libpng,builtin!' --env SIXEL_LOADER_LIBPNG_CMS_ENGINE=builtin '{input}' -"
a98-gamut,Adobe RGB gamut ramps,broad-gamut,content,600,450,270000,f2c138d8f6aa0a90c89d019f85eaf9bb3efa5edb,macOS-26.5.1-arm64-arm-64bit-Mach-O,images/measurements/palette-pipeline/a98-gamut-600x450.png,8,full-frame-hard,full-frame,hard,kmeans:inittype=none:threshold=0.125:binbits=6:mapping=uniform:softdist=trilinear:feedback=0:prune=hamerly:seed=1:restarts=1:iter=20:miniter=0:polish_iter=0:feedback_slots=1:feedback_interval=1:sample_target=16384,0.790974,10.430642,'{img2sixel}' --threads=1 --precision=8bit --quality=full '--loaders=libpng:cms_engine=builtin!' --sampling-policy=full-frame --binning-policy=hard --quantize-model=kmeans:inittype=none:threshold=0.125:binbits=6:mapping=uniform:softdist=trilinear:feedback=0:prune=hamerly:seed=1:restarts=1:iter=20:miniter=0:polish_iter=0:feedback_slots=1:feedback_interval=1:sample_target=16384 -Xoklab -Wgamma --diffusion=none --gpu-policy=off --lookup-policy=none -F none -a off -p 8 '{input}',"'{lsqa}' '--loaders=libpng,builtin!' --env SIXEL_LOADER_LIBPNG_CMS_ENGINE=builtin '{input}' -"
a98-gamut,Adobe RGB gamut ramps,broad-gamut,content,600,450,270000,f2c138d8f6aa0a90c89d019f85eaf9bb3efa5edb,macOS-26.5.1-arm64-arm-64bit-Mach-O,images/measurements/palette-pipeline/a98-gamut-600x450.png,8,adaptive-grid-hard,adaptive-grid,hard,kmeans:inittype=none:threshold=0.125:binbits=6:mapping=uniform:softdist=trilinear:feedback=0:prune=hamerly:seed=1:restarts=1:iter=20:miniter=0:polish_iter=0:feedback_slots=1:feedback_interval=1:sample_target=16384,0.826317,9.060197,'{img2sixel}' --threads=1 --precision=8bit --quality=full '--loaders=libpng:cms_engine=builtin!' --sampling-policy=adaptive-grid --binning-policy=hard --quantize-model=kmeans:inittype=none:threshold=0.125:binbits=6:mapping=uniform:softdist=trilinear:feedback=0:prune=hamerly:seed=1:restarts=1:iter=20:miniter=0:polish_iter=0:feedback_slots=1:feedback_interval=1:sample_target=16384 -Xoklab -Wgamma --diffusion=none --gpu-policy=off --lookup-policy=none -F none -a off -p 8 '{input}',"'{lsqa}' '--loaders=libpng,builtin!' --env SIXEL_LOADER_LIBPNG_CMS_ENGINE=builtin '{input}' -"
a98-gamut,Adobe RGB gamut ramps,broad-gamut,content,600,450,270000,f2c138d8f6aa0a90c89d019f85eaf9bb3efa5edb,macOS-26.5.1-arm64-arm-64bit-Mach-O,images/measurements/palette-pipeline/a98-gamut-600x450.png,8,full-frame-none,full-frame,none,kmeans:inittype=none:threshold=0.125:binbits=6:mapping=uniform:softdist=trilinear:feedback=0:prune=hamerly:seed=1:restarts=1:iter=20:miniter=0:polish_iter=0:feedback_slots=1:feedback_interval=1:sample_target=16384,0.85481,8.624779,'{img2sixel}' --threads=1 --precision=8bit --quality=full '--loaders=libpng:cms_engine=builtin!' --sampling-policy=full-frame --binning-policy=none --quantize-model=kmeans:inittype=none:threshold=0.125:binbits=6:mapping=uniform:softdist=trilinear:feedback=0:prune=hamerly:seed=1:restarts=1:iter=20:miniter=0:polish_iter=0:feedback_slots=1:feedback_interval=1:sample_target=16384 -Xoklab -Wgamma --diffusion=none --gpu-policy=off --lookup-policy=none -F none -a off -p 8 '{input}',"'{lsqa}' '--loaders=libpng,builtin!' --env SIXEL_LOADER_LIBPNG_CMS_ENGINE=builtin '{input}' -"
a98-gamut,Adobe RGB gamut ramps,broad-gamut,content,600,450,270000,f2c138d8f6aa0a90c89d019f85eaf9bb3efa5edb,macOS-26.5.1-arm64-arm-64bit-Mach-O,images/measurements/palette-pipeline/a98-gamut-600x450.png,8,full-frame-exact,full-frame,exact,kmeans:inittype=none:threshold=0.125:binbits=6:mapping=uniform:softdist=trilinear:feedback=0:prune=hamerly:seed=1:restarts=1:iter=20:miniter=0:polish_iter=0:feedback_slots=1:feedback_interval=1:sample_target=16384,0.822522,9.3948,'{img2sixel}' --threads=1 --precision=8bit --quality=full '--loaders=libpng:cms_engine=builtin!' --sampling-policy=full-frame --binning-policy=exact --quantize-model=kmeans:inittype=none:threshold=0.125:binbits=6:mapping=uniform:softdist=trilinear:feedback=0:prune=hamerly:seed=1:restarts=1:iter=20:miniter=0:polish_iter=0:feedback_slots=1:feedback_interval=1:sample_target=16384 -Xoklab -Wgamma --diffusion=none --gpu-policy=off --lookup-policy=none -F none -a off -p 8 '{input}',"'{lsqa}' '--loaders=libpng,builtin!' --env SIXEL_LOADER_LIBPNG_CMS_ENGINE=builtin '{input}' -"
a98-gamut,Adobe RGB gamut ramps,broad-gamut,content,600,450,270000,f2c138d8f6aa0a90c89d019f85eaf9bb3efa5edb,macOS-26.5.1-arm64-arm-64bit-Mach-O,images/measurements/palette-pipeline/a98-gamut-600x450.png,8,full-frame-soft,full-frame,soft,kmeans:inittype=none:threshold=0.125:binbits=6:mapping=uniform:softdist=trilinear:feedback=0:prune=hamerly:seed=1:restarts=1:iter=20:miniter=0:polish_iter=0:feedback_slots=1:feedback_interval=1:sample_target=16384,0.826493,9.125932,'{img2sixel}' --threads=1 --precision=8bit --quality=full '--loaders=libpng:cms_engine=builtin!' --sampling-policy=full-frame --binning-policy=soft --quantize-model=kmeans:inittype=none:threshold=0.125:binbits=6:mapping=uniform:softdist=trilinear:feedback=0:prune=hamerly:seed=1:restarts=1:iter=20:miniter=0:polish_iter=0:feedback_slots=1:feedback_interval=1:sample_target=16384 -Xoklab -Wgamma --diffusion=none --gpu-policy=off --lookup-policy=none -F none -a off -p 8 '{input}',"'{lsqa}' '--loaders=libpng,builtin!' --env SIXEL_LOADER_LIBPNG_CMS_ENGINE=builtin '{input}' -"
a98-gamut,Adobe RGB gamut ramps,broad-gamut,content,600,450,270000,f2c138d8f6aa0a90c89d019f85eaf9bb3efa5edb,macOS-26.5.1-arm64-arm-64bit-Mach-O,images/measurements/palette-pipeline/a98-gamut-600x450.png,16,full-frame-hard,full-frame,hard,kmeans:inittype=none:threshold=0.125:binbits=6:mapping=uniform:softdist=trilinear:feedback=0:prune=hamerly:seed=1:restarts=1:iter=20:miniter=0:polish_iter=0:feedback_slots=1:feedback_interval=1:sample_target=16384,0.859379,5.743552,'{img2sixel}' --threads=1 --precision=8bit --quality=full '--loaders=libpng:cms_engine=builtin!' --sampling-policy=full-frame --binning-policy=hard --quantize-model=kmeans:inittype=none:threshold=0.125:binbits=6:mapping=uniform:softdist=trilinear:feedback=0:prune=hamerly:seed=1:restarts=1:iter=20:miniter=0:polish_iter=0:feedback_slots=1:feedback_interval=1:sample_target=16384 -Xoklab -Wgamma --diffusion=none --gpu-policy=off --lookup-policy=none -F none -a off -p 16 '{input}',"'{lsqa}' '--loaders=libpng,builtin!' --env SIXEL_LOADER_LIBPNG_CMS_ENGINE=builtin '{input}' -"
a98-gamut,Adobe RGB gamut ramps,broad-gamut,content,600,450,270000,f2c138d8f6aa0a90c89d019f85eaf9bb3efa5edb,macOS-26.5.1-arm64-arm-64bit-Mach-O,images/measurements/palette-pipeline/a98-gamut-600x450.png,16,adaptive-grid-hard,adaptive-grid,hard,kmeans:inittype=none:threshold=0.125:binbits=6:mapping=uniform:softdist=trilinear:feedback=0:prune=hamerly:seed=1:restarts=1:iter=20:miniter=0:polish_iter=0:feedback_slots=1:feedback_interval=1:sample_target=16384,0.871168,5.835876,'{img2sixel}' --threads=1 --precision=8bit --quality=full '--loaders=libpng:cms_engine=builtin!' --sampling-policy=adaptive-grid --binning-policy=hard --quantize-model=kmeans:inittype=none:threshold=0.125:binbits=6:mapping=uniform:softdist=trilinear:feedback=0:prune=hamerly:seed=1:restarts=1:iter=20:miniter=0:polish_iter=0:feedback_slots=1:feedback_interval=1:sample_target=16384 -Xoklab -Wgamma --diffusion=none --gpu-policy=off --lookup-policy=none -F none -a off -p 16 '{input}',"'{lsqa}' '--loaders=libpng,builtin!' --env SIXEL_LOADER_LIBPNG_CMS_ENGINE=builtin '{input}' -"
a98-gamut,Adobe RGB gamut ramps,broad-gamut,content,600,450,270000,f2c138d8f6aa0a90c89d019f85eaf9bb3efa5edb,macOS-26.5.1-arm64-arm-64bit-Mach-O,images/measurements/palette-pipeline/a98-gamut-600x450.png,16,full-frame-none,full-frame,none,kmeans:inittype=none:threshold=0.125:binbits=6:mapping=uniform:softdist=trilinear:feedback=0:prune=hamerly:seed=1:restarts=1:iter=20:miniter=0:polish_iter=0:feedback_slots=1:feedback_interval=1:sample_target=16384,0.870395,5.8123,'{img2sixel}' --threads=1 --precision=8bit --quality=full '--loaders=libpng:cms_engine=builtin!' --sampling-policy=full-frame --binning-policy=none --quantize-model=kmeans:inittype=none:threshold=0.125:binbits=6:mapping=uniform:softdist=trilinear:feedback=0:prune=hamerly:seed=1:restarts=1:iter=20:miniter=0:polish_iter=0:feedback_slots=1:feedback_interval=1:sample_target=16384 -Xoklab -Wgamma --diffusion=none --gpu-policy=off --lookup-policy=none -F none -a off -p 16 '{input}',"'{lsqa}' '--loaders=libpng,builtin!' --env SIXEL_LOADER_LIBPNG_CMS_ENGINE=builtin '{input}' -"
a98-gamut,Adobe RGB gamut ramps,broad-gamut,content,600,450,270000,f2c138d8f6aa0a90c89d019f85eaf9bb3efa5edb,macOS-26.5.1-arm64-arm-64bit-Mach-O,images/measurements/palette-pipeline/a98-gamut-600x450.png,16,full-frame-exact,full-frame,exact,kmeans:inittype=none:threshold=0.125:binbits=6:mapping=uniform:softdist=trilinear:feedback=0:prune=hamerly:seed=1:restarts=1:iter=20:miniter=0:polish_iter=0:feedback_slots=1:feedback_interval=1:sample_target=16384,0.871861,5.99829,'{img2sixel}' --threads=1 --precision=8bit --quality=full '--loaders=libpng:cms_engine=builtin!' --sampling-policy=full-frame --binning-policy=exact --quantize-model=kmeans:inittype=none:threshold=0.125:binbits=6:mapping=uniform:softdist=trilinear:feedback=0:prune=hamerly:seed=1:restarts=1:iter=20:miniter=0:polish_iter=0:feedback_slots=1:feedback_interval=1:sample_target=16384 -Xoklab -Wgamma --diffusion=none --gpu-policy=off --lookup-policy=none -F none -a off -p 16 '{input}',"'{lsqa}' '--loaders=libpng,builtin!' --env SIXEL_LOADER_LIBPNG_CMS_ENGINE=builtin '{input}' -"
a98-gamut,Adobe RGB gamut ramps,broad-gamut,content,600,450,270000,f2c138d8f6aa0a90c89d019f85eaf9bb3efa5edb,macOS-26.5.1-arm64-arm-64bit-Mach-O,images/measurements/palette-pipeline/a98-gamut-600x450.png,16,full-frame-soft,full-frame,soft,kmeans:inittype=none:threshold=0.125:binbits=6:mapping=uniform:softdist=trilinear:feedback=0:prune=hamerly:seed=1:restarts=1:iter=20:miniter=0:polish_iter=0:feedback_slots=1:feedback_interval=1:sample_target=16384,0.872802,5.838714,'{img2sixel}' --threads=1 --precision=8bit --quality=full '--loaders=libpng:cms_engine=builtin!' --sampling-policy=full-frame --binning-policy=soft --quantize-model=kmeans:inittype=none:threshold=0.125:binbits=6:mapping=uniform:softdist=trilinear:feedback=0:prune=hamerly:seed=1:restarts=1:iter=20:miniter=0:polish_iter=0:feedback_slots=1:feedback_interval=1:sample_target=16384 -Xoklab -Wgamma --diffusion=none --gpu-policy=off --lookup-policy=none -F none -a off -p 16 '{input}',"'{lsqa}' '--loaders=libpng,builtin!' --env SIXEL_LOADER_LIBPNG_CMS_ENGINE=builtin '{input}' -"
a98-gamut,Adobe RGB gamut ramps,broad-gamut,content,600,450,270000,f2c138d8f6aa0a90c89d019f85eaf9bb3efa5edb,macOS-26.5.1-arm64-arm-64bit-Mach-O,images/measurements/palette-pipeline/a98-gamut-600x450.png,32,full-frame-hard,full-frame,hard,kmeans:inittype=none:threshold=0.125:binbits=6:mapping=uniform:softdist=trilinear:feedback=0:prune=hamerly:seed=1:restarts=1:iter=20:miniter=0:polish_iter=0:feedback_slots=1:feedback_interval=1:sample_target=16384,0.895793,4.527628,'{img2sixel}' --threads=1 --precision=8bit --quality=full '--loaders=libpng:cms_engine=builtin!' --sampling-policy=full-frame --binning-policy=hard --quantize-model=kmeans:inittype=none:threshold=0.125:binbits=6:mapping=uniform:softdist=trilinear:feedback=0:prune=hamerly:seed=1:restarts=1:iter=20:miniter=0:polish_iter=0:feedback_slots=1:feedback_interval=1:sample_target=16384 -Xoklab -Wgamma --diffusion=none --gpu-policy=off --lookup-policy=none -F none -a off -p 32 '{input}',"'{lsqa}' '--loaders=libpng,builtin!' --env SIXEL_LOADER_LIBPNG_CMS_ENGINE=builtin '{input}' -"
a98-gamut,Adobe RGB gamut ramps,broad-gamut,content,600,450,270000,f2c138d8f6aa0a90c89d019f85eaf9bb3efa5edb,macOS-26.5.1-arm64-arm-64bit-Mach-O,images/measurements/palette-pipeline/a98-gamut-600x450.png,32,adaptive-grid-hard,adaptive-grid,hard,kmeans:inittype=none:threshold=0.125:binbits=6:mapping=uniform:softdist=trilinear:feedback=0:prune=hamerly:seed=1:restarts=1:iter=20:miniter=0:polish_iter=0:feedback_slots=1:feedback_interval=1:sample_target=16384,0.893562,4.741506,'{img2sixel}' --threads=1 --precision=8bit --quality=full '--loaders=libpng:cms_engine=builtin!' --sampling-policy=adaptive-grid --binning-policy=hard --quantize-model=kmeans:inittype=none:threshold=0.125:binbits=6:mapping=uniform:softdist=trilinear:feedback=0:prune=hamerly:seed=1:restarts=1:iter=20:miniter=0:polish_iter=0:feedback_slots=1:feedback_interval=1:sample_target=16384 -Xoklab -Wgamma --diffusion=none --gpu-policy=off --lookup-policy=none -F none -a off -p 32 '{input}',"'{lsqa}' '--loaders=libpng,builtin!' --env SIXEL_LOADER_LIBPNG_CMS_ENGINE=builtin '{input}' -"
a98-gamut,Adobe RGB gamut ramps,broad-gamut,content,600,450,270000,f2c138d8f6aa0a90c89d019f85eaf9bb3efa5edb,macOS-26.5.1-arm64-arm-64bit-Mach-O,images/measurements/palette-pipeline/a98-gamut-600x450.png,32,full-frame-none,full-frame,none,kmeans:inittype=none:threshold=0.125:binbits=6:mapping=uniform:softdist=trilinear:feedback=0:prune=hamerly:seed=1:restarts=1:iter=20:miniter=0:polish_iter=0:feedback_slots=1:feedback_interval=1:sample_target=16384,0.899053,4.583654,'{img2sixel}' --threads=1 --precision=8bit --quality=full '--loaders=libpng:cms_engine=builtin!' --sampling-policy=full-frame --binning-policy=none --quantize-model=kmeans:inittype=none:threshold=0.125:binbits=6:mapping=uniform:softdist=trilinear:feedback=0:prune=hamerly:seed=1:restarts=1:iter=20:miniter=0:polish_iter=0:feedback_slots=1:feedback_interval=1:sample_target=16384 -Xoklab -Wgamma --diffusion=none --gpu-policy=off --lookup-policy=none -F none -a off -p 32 '{input}',"'{lsqa}' '--loaders=libpng,builtin!' --env SIXEL_LOADER_LIBPNG_CMS_ENGINE=builtin '{input}' -"
a98-gamut,Adobe RGB gamut ramps,broad-gamut,content,600,450,270000,f2c138d8f6aa0a90c89d019f85eaf9bb3efa5edb,macOS-26.5.1-arm64-arm-64bit-Mach-O,images/measurements/palette-pipeline/a98-gamut-600x450.png,32,full-frame-exact,full-frame,exact,kmeans:inittype=none:threshold=0.125:binbits=6:mapping=uniform:softdist=trilinear:feedback=0:prune=hamerly:seed=1:restarts=1:iter=20:miniter=0:polish_iter=0:feedback_slots=1:feedback_interval=1:sample_target=16384,0.904583,4.568124,'{img2sixel}' --threads=1 --precision=8bit --quality=full '--loaders=libpng:cms_engine=builtin!' --sampling-policy=full-frame --binning-policy=exact --quantize-model=kmeans:inittype=none:threshold=0.125:binbits=6:mapping=uniform:softdist=trilinear:feedback=0:prune=hamerly:seed=1:restarts=1:iter=20:miniter=0:polish_iter=0:feedback_slots=1:feedback_interval=1:sample_target=16384 -Xoklab -Wgamma --diffusion=none --gpu-policy=off --lookup-policy=none -F none -a off -p 32 '{input}',"'{lsqa}' '--loaders=libpng,builtin!' --env SIXEL_LOADER_LIBPNG_CMS_ENGINE=builtin '{input}' -"
a98-gamut,Adobe RGB gamut ramps,broad-gamut,content,600,450,270000,f2c138d8f6aa0a90c89d019f85eaf9bb3efa5edb,macOS-26.5.1-arm64-arm-64bit-Mach-O,images/measurements/palette-pipeline/a98-gamut-600x450.png,32,full-frame-soft,full-frame,soft,kmeans:inittype=none:threshold=0.125:binbits=6:mapping=uniform:softdist=trilinear:feedback=0:prune=hamerly:seed=1:restarts=1:iter=20:miniter=0:polish_iter=0:feedback_slots=1:feedback_interval=1:sample_target=16384,0.911066,4.499284,'{img2sixel}' --threads=1 --precision=8bit --quality=full '--loaders=libpng:cms_engine=builtin!' --sampling-policy=full-frame --binning-policy=soft --quantize-model=kmeans:inittype=none:threshold=0.125:binbits=6:mapping=uniform:softdist=trilinear:feedback=0:prune=hamerly:seed=1:restarts=1:iter=20:miniter=0:polish_iter=0:feedback_slots=1:feedback_interval=1:sample_target=16384 -Xoklab -Wgamma --diffusion=none --gpu-policy=off --lookup-policy=none -F none -a off -p 32 '{input}',"'{lsqa}' '--loaders=libpng,builtin!' --env SIXEL_LOADER_LIBPNG_CMS_ENGINE=builtin '{input}' -"
a98-gamut,Adobe RGB gamut ramps,broad-gamut,content,600,450,270000,f2c138d8f6aa0a90c89d019f85eaf9bb3efa5edb,macOS-26.5.1-arm64-arm-64bit-Mach-O,images/measurements/palette-pipeline/a98-gamut-600x450.png,64,full-frame-hard,full-frame,hard,kmeans:inittype=none:threshold=0.125:binbits=6:mapping=uniform:softdist=trilinear:feedback=0:prune=hamerly:seed=1:restarts=1:iter=20:miniter=0:polish_iter=0:feedback_slots=1:feedback_interval=1:sample_target=16384,0.91163,4.120265,'{img2sixel}' --threads=1 --precision=8bit --quality=full '--loaders=libpng:cms_engine=builtin!' --sampling-policy=full-frame --binning-policy=hard --quantize-model=kmeans:inittype=none:threshold=0.125:binbits=6:mapping=uniform:softdist=trilinear:feedback=0:prune=hamerly:seed=1:restarts=1:iter=20:miniter=0:polish_iter=0:feedback_slots=1:feedback_interval=1:sample_target=16384 -Xoklab -Wgamma --diffusion=none --gpu-policy=off --lookup-policy=none -F none -a off -p 64 '{input}',"'{lsqa}' '--loaders=libpng,builtin!' --env SIXEL_LOADER_LIBPNG_CMS_ENGINE=builtin '{input}' -"
a98-gamut,Adobe RGB gamut ramps,broad-gamut,content,600,450,270000,f2c138d8f6aa0a90c89d019f85eaf9bb3efa5edb,macOS-26.5.1-arm64-arm-64bit-Mach-O,images/measurements/palette-pipeline/a98-gamut-600x450.png,64,adaptive-grid-hard,adaptive-grid,hard,kmeans:inittype=none:threshold=0.125:binbits=6:mapping=uniform:softdist=trilinear:feedback=0:prune=hamerly:seed=1:restarts=1:iter=20:miniter=0:polish_iter=0:feedback_slots=1:feedback_interval=1:sample_target=16384,0.912682,4.109605,'{img2sixel}' --threads=1 --precision=8bit --quality=full '--loaders=libpng:cms_engine=builtin!' --sampling-policy=adaptive-grid --binning-policy=hard --quantize-model=kmeans:inittype=none:threshold=0.125:binbits=6:mapping=uniform:softdist=trilinear:feedback=0:prune=hamerly:seed=1:restarts=1:iter=20:miniter=0:polish_iter=0:feedback_slots=1:feedback_interval=1:sample_target=16384 -Xoklab -Wgamma --diffusion=none --gpu-policy=off --lookup-policy=none -F none -a off -p 64 '{input}',"'{lsqa}' '--loaders=libpng,builtin!' --env SIXEL_LOADER_LIBPNG_CMS_ENGINE=builtin '{input}' -"
a98-gamut,Adobe RGB gamut ramps,broad-gamut,content,600,450,270000,f2c138d8f6aa0a90c89d019f85eaf9bb3efa5edb,macOS-26.5.1-arm64-arm-64bit-Mach-O,images/measurements/palette-pipeline/a98-gamut-600x450.png,64,full-frame-none,full-frame,none,kmeans:inittype=none:threshold=0.125:binbits=6:mapping=uniform:softdist=trilinear:feedback=0:prune=hamerly:seed=1:restarts=1:iter=20:miniter=0:polish_iter=0:feedback_slots=1:feedback_interval=1:sample_target=16384,0.914089,3.903431,'{img2sixel}' --threads=1 --precision=8bit --quality=full '--loaders=libpng:cms_engine=builtin!' --sampling-policy=full-frame --binning-policy=none --quantize-model=kmeans:inittype=none:threshold=0.125:binbits=6:mapping=uniform:softdist=trilinear:feedback=0:prune=hamerly:seed=1:restarts=1:iter=20:miniter=0:polish_iter=0:feedback_slots=1:feedback_interval=1:sample_target=16384 -Xoklab -Wgamma --diffusion=none --gpu-policy=off --lookup-policy=none -F none -a off -p 64 '{input}',"'{lsqa}' '--loaders=libpng,builtin!' --env SIXEL_LOADER_LIBPNG_CMS_ENGINE=builtin '{input}' -"
a98-gamut,Adobe RGB gamut ramps,broad-gamut,content,600,450,270000,f2c138d8f6aa0a90c89d019f85eaf9bb3efa5edb,macOS-26.5.1-arm64-arm-64bit-Mach-O,images/measurements/palette-pipeline/a98-gamut-600x450.png,64,full-frame-exact,full-frame,exact,kmeans:inittype=none:threshold=0.125:binbits=6:mapping=uniform:softdist=trilinear:feedback=0:prune=hamerly:seed=1:restarts=1:iter=20:miniter=0:polish_iter=0:feedback_slots=1:feedback_interval=1:sample_target=16384,0.913745,4.032731,'{img2sixel}' --threads=1 --precision=8bit --quality=full '--loaders=libpng:cms_engine=builtin!' --sampling-policy=full-frame --binning-policy=exact --quantize-model=kmeans:inittype=none:threshold=0.125:binbits=6:mapping=uniform:softdist=trilinear:feedback=0:prune=hamerly:seed=1:restarts=1:iter=20:miniter=0:polish_iter=0:feedback_slots=1:feedback_interval=1:sample_target=16384 -Xoklab -Wgamma --diffusion=none --gpu-policy=off --lookup-policy=none -F none -a off -p 64 '{input}',"'{lsqa}' '--loaders=libpng,builtin!' --env SIXEL_LOADER_LIBPNG_CMS_ENGINE=builtin '{input}' -"
a98-gamut,Adobe RGB gamut ramps,broad-gamut,content,600,450,270000,f2c138d8f6aa0a90c89d019f85eaf9bb3efa5edb,macOS-26.5.1-arm64-arm-64bit-Mach-O,images/measurements/palette-pipeline/a98-gamut-600x450.png,64,full-frame-soft,full-frame,soft,kmeans:inittype=none:threshold=0.125:binbits=6:mapping=uniform:softdist=trilinear:feedback=0:prune=hamerly:seed=1:restarts=1:iter=20:miniter=0:polish_iter=0:feedback_slots=1:feedback_interval=1:sample_target=16384,0.915505,4.116223,'{img2sixel}' --threads=1 --precision=8bit --quality=full '--loaders=libpng:cms_engine=builtin!' --sampling-policy=full-frame --binning-policy=soft --quantize-model=kmeans:inittype=none:threshold=0.125:binbits=6:mapping=uniform:softdist=trilinear:feedback=0:prune=hamerly:seed=1:restarts=1:iter=20:miniter=0:polish_iter=0:feedback_slots=1:feedback_interval=1:sample_target=16384 -Xoklab -Wgamma --diffusion=none --gpu-policy=off --lookup-policy=none -F none -a off -p 64 '{input}',"'{lsqa}' '--loaders=libpng,builtin!' --env SIXEL_LOADER_LIBPNG_CMS_ENGINE=builtin '{input}' -"
a98-gamut,Adobe RGB gamut ramps,broad-gamut,content,600,450,270000,f2c138d8f6aa0a90c89d019f85eaf9bb3efa5edb,macOS-26.5.1-arm64-arm-64bit-Mach-O,images/measurements/palette-pipeline/a98-gamut-600x450.png,128,full-frame-hard,full-frame,hard,kmeans:inittype=none:threshold=0.125:binbits=6:mapping=uniform:softdist=trilinear:feedback=0:prune=hamerly:seed=1:restarts=1:iter=20:miniter=0:polish_iter=0:feedback_slots=1:feedback_interval=1:sample_target=16384,0.927629,3.786551,'{img2sixel}' --threads=1 --precision=8bit --quality=full '--loaders=libpng:cms_engine=builtin!' --sampling-policy=full-frame --binning-policy=hard --quantize-model=kmeans:inittype=none:threshold=0.125:binbits=6:mapping=uniform:softdist=trilinear:feedback=0:prune=hamerly:seed=1:restarts=1:iter=20:miniter=0:polish_iter=0:feedback_slots=1:feedback_interval=1:sample_target=16384 -Xoklab -Wgamma --diffusion=none --gpu-policy=off --lookup-policy=none -F none -a off -p 128 '{input}',"'{lsqa}' '--loaders=libpng,builtin!' --env SIXEL_LOADER_LIBPNG_CMS_ENGINE=builtin '{input}' -"
a98-gamut,Adobe RGB gamut ramps,broad-gamut,content,600,450,270000,f2c138d8f6aa0a90c89d019f85eaf9bb3efa5edb,macOS-26.5.1-arm64-arm-64bit-Mach-O,images/measurements/palette-pipeline/a98-gamut-600x450.png,128,adaptive-grid-hard,adaptive-grid,hard,kmeans:inittype=none:threshold=0.125:binbits=6:mapping=uniform:softdist=trilinear:feedback=0:prune=hamerly:seed=1:restarts=1:iter=20:miniter=0:polish_iter=0:feedback_slots=1:feedback_interval=1:sample_target=16384,0.924543,3.893628,'{img2sixel}' --threads=1 --precision=8bit --quality=full '--loaders=libpng:cms_engine=builtin!' --sampling-policy=adaptive-grid --binning-policy=hard --quantize-model=kmeans:inittype=none:threshold=0.125:binbits=6:mapping=uniform:softdist=trilinear:feedback=0:prune=hamerly:seed=1:restarts=1:iter=20:miniter=0:polish_iter=0:feedback_slots=1:feedback_interval=1:sample_target=16384 -Xoklab -Wgamma --diffusion=none --gpu-policy=off --lookup-policy=none -F none -a off -p 128 '{input}',"'{lsqa}' '--loaders=libpng,builtin!' --env SIXEL_LOADER_LIBPNG_CMS_ENGINE=builtin '{input}' -"
a98-gamut,Adobe RGB gamut ramps,broad-gamut,content,600,450,270000,f2c138d8f6aa0a90c89d019f85eaf9bb3efa5edb,macOS-26.5.1-arm64-arm-64bit-Mach-O,images/measurements/palette-pipeline/a98-gamut-600x450.png,128,full-frame-none,full-frame,none,kmeans:inittype=none:threshold=0.125:binbits=6:mapping=uniform:softdist=trilinear:feedback=0:prune=hamerly:seed=1:restarts=1:iter=20:miniter=0:polish_iter=0:feedback_slots=1:feedback_interval=1:sample_target=16384,0.931475,3.716631,'{img2sixel}' --threads=1 --precision=8bit --quality=full '--loaders=libpng:cms_engine=builtin!' --sampling-policy=full-frame --binning-policy=none --quantize-model=kmeans:inittype=none:threshold=0.125:binbits=6:mapping=uniform:softdist=trilinear:feedback=0:prune=hamerly:seed=1:restarts=1:iter=20:miniter=0:polish_iter=0:feedback_slots=1:feedback_interval=1:sample_target=16384 -Xoklab -Wgamma --diffusion=none --gpu-policy=off --lookup-policy=none -F none -a off -p 128 '{input}',"'{lsqa}' '--loaders=libpng,builtin!' --env SIXEL_LOADER_LIBPNG_CMS_ENGINE=builtin '{input}' -"
a98-gamut,Adobe RGB gamut ramps,broad-gamut,content,600,450,270000,f2c138d8f6aa0a90c89d019f85eaf9bb3efa5edb,macOS-26.5.1-arm64-arm-64bit-Mach-O,images/measurements/palette-pipeline/a98-gamut-600x450.png,128,full-frame-exact,full-frame,exact,kmeans:inittype=none:threshold=0.125:binbits=6:mapping=uniform:softdist=trilinear:feedback=0:prune=hamerly:seed=1:restarts=1:iter=20:miniter=0:polish_iter=0:feedback_slots=1:feedback_interval=1:sample_target=16384,0.931169,3.841152,'{img2sixel}' --threads=1 --precision=8bit --quality=full '--loaders=libpng:cms_engine=builtin!' --sampling-policy=full-frame --binning-policy=exact --quantize-model=kmeans:inittype=none:threshold=0.125:binbits=6:mapping=uniform:softdist=trilinear:feedback=0:prune=hamerly:seed=1:restarts=1:iter=20:miniter=0:polish_iter=0:feedback_slots=1:feedback_interval=1:sample_target=16384 -Xoklab -Wgamma --diffusion=none --gpu-policy=off --lookup-policy=none -F none -a off -p 128 '{input}',"'{lsqa}' '--loaders=libpng,builtin!' --env SIXEL_LOADER_LIBPNG_CMS_ENGINE=builtin '{input}' -"
a98-gamut,Adobe RGB gamut ramps,broad-gamut,content,600,450,270000,f2c138d8f6aa0a90c89d019f85eaf9bb3efa5edb,macOS-26.5.1-arm64-arm-64bit-Mach-O,images/measurements/palette-pipeline/a98-gamut-600x450.png,128,full-frame-soft,full-frame,soft,kmeans:inittype=none:threshold=0.125:binbits=6:mapping=uniform:softdist=trilinear:feedback=0:prune=hamerly:seed=1:restarts=1:iter=20:miniter=0:polish_iter=0:feedback_slots=1:feedback_interval=1:sample_target=16384,0.922633,3.74174,'{img2sixel}' --threads=1 --precision=8bit --quality=full '--loaders=libpng:cms_engine=builtin!' --sampling-policy=full-frame --binning-policy=soft --quantize-model=kmeans:inittype=none:threshold=0.125:binbits=6:mapping=uniform:softdist=trilinear:feedback=0:prune=hamerly:seed=1:restarts=1:iter=20:miniter=0:polish_iter=0:feedback_slots=1:feedback_interval=1:sample_target=16384 -Xoklab -Wgamma --diffusion=none --gpu-policy=off --lookup-policy=none -F none -a off -p 128 '{input}',"'{lsqa}' '--loaders=libpng,builtin!' --env SIXEL_LOADER_LIBPNG_CMS_ENGINE=builtin '{input}' -"
a98-gamut,Adobe RGB gamut ramps,broad-gamut,content,600,450,270000,f2c138d8f6aa0a90c89d019f85eaf9bb3efa5edb,macOS-26.5.1-arm64-arm-64bit-Mach-O,images/measurements/palette-pipeline/a98-gamut-600x450.png,256,full-frame-hard,full-frame,hard,kmeans:inittype=none:threshold=0.125:binbits=6:mapping=uniform:softdist=trilinear:feedback=0:prune=hamerly:seed=1:restarts=1:iter=20:miniter=0:polish_iter=0:feedback_slots=1:feedback_interval=1:sample_target=16384,0.935102,3.661732,'{img2sixel}' --threads=1 --precision=8bit --quality=full '--loaders=libpng:cms_engine=builtin!' --sampling-policy=full-frame --binning-policy=hard --quantize-model=kmeans:inittype=none:threshold=0.125:binbits=6:mapping=uniform:softdist=trilinear:feedback=0:prune=hamerly:seed=1:restarts=1:iter=20:miniter=0:polish_iter=0:feedback_slots=1:feedback_interval=1:sample_target=16384 -Xoklab -Wgamma --diffusion=none --gpu-policy=off --lookup-policy=none -F none -a off -p 256 '{input}',"'{lsqa}' '--loaders=libpng,builtin!' --env SIXEL_LOADER_LIBPNG_CMS_ENGINE=builtin '{input}' -"
a98-gamut,Adobe RGB gamut ramps,broad-gamut,content,600,450,270000,f2c138d8f6aa0a90c89d019f85eaf9bb3efa5edb,macOS-26.5.1-arm64-arm-64bit-Mach-O,images/measurements/palette-pipeline/a98-gamut-600x450.png,256,adaptive-grid-hard,adaptive-grid,hard,kmeans:inittype=none:threshold=0.125:binbits=6:mapping=uniform:softdist=trilinear:feedback=0:prune=hamerly:seed=1:restarts=1:iter=20:miniter=0:polish_iter=0:feedback_slots=1:feedback_interval=1:sample_target=16384,0.93759,3.688447,'{img2sixel}' --threads=1 --precision=8bit --quality=full '--loaders=libpng:cms_engine=builtin!' --sampling-policy=adaptive-grid --binning-policy=hard --quantize-model=kmeans:inittype=none:threshold=0.125:binbits=6:mapping=uniform:softdist=trilinear:feedback=0:prune=hamerly:seed=1:restarts=1:iter=20:miniter=0:polish_iter=0:feedback_slots=1:feedback_interval=1:sample_target=16384 -Xoklab -Wgamma --diffusion=none --gpu-policy=off --lookup-policy=none -F none -a off -p 256 '{input}',"'{lsqa}' '--loaders=libpng,builtin!' --env SIXEL_LOADER_LIBPNG_CMS_ENGINE=builtin '{input}' -"
a98-gamut,Adobe RGB gamut ramps,broad-gamut,content,600,450,270000,f2c138d8f6aa0a90c89d019f85eaf9bb3efa5edb,macOS-26.5.1-arm64-arm-64bit-Mach-O,images/measurements/palette-pipeline/a98-gamut-600x450.png,256,full-frame-none,full-frame,none,kmeans:inittype=none:threshold=0.125:binbits=6:mapping=uniform:softdist=trilinear:feedback=0:prune=hamerly:seed=1:restarts=1:iter=20:miniter=0:polish_iter=0:feedback_slots=1:feedback_interval=1:sample_target=16384,0.950345,3.56668,'{img2sixel}' --threads=1 --precision=8bit --quality=full '--loaders=libpng:cms_engine=builtin!' --sampling-policy=full-frame --binning-policy=none --quantize-model=kmeans:inittype=none:threshold=0.125:binbits=6:mapping=uniform:softdist=trilinear:feedback=0:prune=hamerly:seed=1:restarts=1:iter=20:miniter=0:polish_iter=0:feedback_slots=1:feedback_interval=1:sample_target=16384 -Xoklab -Wgamma --diffusion=none --gpu-policy=off --lookup-policy=none -F none -a off -p 256 '{input}',"'{lsqa}' '--loaders=libpng,builtin!' --env SIXEL_LOADER_LIBPNG_CMS_ENGINE=builtin '{input}' -"
a98-gamut,Adobe RGB gamut ramps,broad-gamut,content,600,450,270000,f2c138d8f6aa0a90c89d019f85eaf9bb3efa5edb,macOS-26.5.1-arm64-arm-64bit-Mach-O,images/measurements/palette-pipeline/a98-gamut-600x450.png,256,full-frame-exact,full-frame,exact,kmeans:inittype=none:threshold=0.125:binbits=6:mapping=uniform:softdist=trilinear:feedback=0:prune=hamerly:seed=1:restarts=1:iter=20:miniter=0:polish_iter=0:feedback_slots=1:feedback_interval=1:sample_target=16384,0.945386,3.605341,'{img2sixel}' --threads=1 --precision=8bit --quality=full '--loaders=libpng:cms_engine=builtin!' --sampling-policy=full-frame --binning-policy=exact --quantize-model=kmeans:inittype=none:threshold=0.125:binbits=6:mapping=uniform:softdist=trilinear:feedback=0:prune=hamerly:seed=1:restarts=1:iter=20:miniter=0:polish_iter=0:feedback_slots=1:feedback_interval=1:sample_target=16384 -Xoklab -Wgamma --diffusion=none --gpu-policy=off --lookup-policy=none -F none -a off -p 256 '{input}',"'{lsqa}' '--loaders=libpng,builtin!' --env SIXEL_LOADER_LIBPNG_CMS_ENGINE=builtin '{input}' -"
a98-gamut,Adobe RGB gamut ramps,broad-gamut,content,600,450,270000,f2c138d8f6aa0a90c89d019f85eaf9bb3efa5edb,macOS-26.5.1-arm64-arm-64bit-Mach-O,images/measurements/palette-pipeline/a98-gamut-600x450.png,256,full-frame-soft,full-frame,soft,kmeans:inittype=none:threshold=0.125:binbits=6:mapping=uniform:softdist=trilinear:feedback=0:prune=hamerly:seed=1:restarts=1:iter=20:miniter=0:polish_iter=0:feedback_slots=1:feedback_interval=1:sample_target=16384,0.942488,3.604589,'{img2sixel}' --threads=1 --precision=8bit --quality=full '--loaders=libpng:cms_engine=builtin!' --sampling-policy=full-frame --binning-policy=soft --quantize-model=kmeans:inittype=none:threshold=0.125:binbits=6:mapping=uniform:softdist=trilinear:feedback=0:prune=hamerly:seed=1:restarts=1:iter=20:miniter=0:polish_iter=0:feedback_slots=1:feedback_interval=1:sample_target=16384 -Xoklab -Wgamma --diffusion=none --gpu-policy=off --lookup-policy=none -F none -a off -p 256 '{input}',"'{lsqa}' '--loaders=libpng,builtin!' --env SIXEL_LOADER_LIBPNG_CMS_ENGINE=builtin '{input}' -"
